case_id,model_type,occluder_size,stride,y0,x0,y_center,x_center,baseline_target_logit,post_occlusion_target_logit,target_logit_drop
ns_elephant_780,resnet50_geirhos_tl,8,4,0,0,4.0,4.0,5.769641876220703,5.696962833404541,0.07267904281616211
ns_elephant_780,resnet50_geirhos_tl,8,4,0,4,4.0,8.0,5.769641876220703,5.7212419509887695,0.048399925231933594
ns_elephant_780,resnet50_geirhos_tl,8,4,0,8,4.0,12.0,5.769641876220703,5.7206621170043945,0.048979759216308594
ns_elephant_780,resnet50_geirhos_tl,8,4,0,12,4.0,16.0,5.769641876220703,5.702911853790283,0.06673002243041992
ns_elephant_780,resnet50_geirhos_tl,8,4,0,16,4.0,20.0,5.769641876220703,5.723269939422607,0.0463719367980957
ns_elephant_780,resnet50_geirhos_tl,8,4,0,20,4.0,24.0,5.769641876220703,5.7352423667907715,0.03439950942993164
ns_elephant_780,resnet50_geirhos_tl,8,4,0,24,4.0,28.0,5.769641876220703,5.776834487915039,-0.0071926116943359375
ns_elephant_780,resnet50_geirhos_tl,8,4,0,28,4.0,32.0,5.769641876220703,5.768181324005127,0.0014605522155761719
ns_elephant_780,resnet50_geirhos_tl,8,4,0,32,4.0,36.0,5.769641876220703,5.839075565338135,-0.06943368911743164
ns_elephant_780,resnet50_geirhos_tl,8,4,0,36,4.0,40.0,5.769641876220703,5.818737030029297,-0.04909515380859375
ns_elephant_780,resnet50_geirhos_tl,8,4,0,40,4.0,44.0,5.769641876220703,5.850088119506836,-0.08044624328613281
ns_elephant_780,resnet50_geirhos_tl,8,4,0,44,4.0,48.0,5.769641876220703,5.784262180328369,-0.014620304107666016
ns_elephant_780,resnet50_geirhos_tl,8,4,0,48,4.0,52.0,5.769641876220703,5.807975769042969,-0.038333892822265625
ns_elephant_780,resnet50_geirhos_tl,8,4,0,52,4.0,56.0,5.769641876220703,5.811286926269531,-0.041645050048828125
ns_elephant_780,resnet50_geirhos_tl,8,4,0,56,4.0,60.0,5.769641876220703,5.837113380432129,-0.06747150421142578
ns_elephant_780,resnet50_geirhos_tl,8,4,0,60,4.0,64.0,5.769641876220703,5.776401519775391,-0.0067596435546875
ns_elephant_780,resnet50_geirhos_tl,8,4,0,64,4.0,68.0,5.769641876220703,5.786606311798096,-0.016964435577392578
ns_elephant_780,resnet50_geirhos_tl,8,4,0,68,4.0,72.0,5.769641876220703,5.765990257263184,0.0036516189575195312
ns_elephant_780,resnet50_geirhos_tl,8,4,0,72,4.0,76.0,5.769641876220703,5.747720718383789,0.021921157836914062
ns_elephant_780,resnet50_geirhos_tl,8,4,0,76,4.0,80.0,5.769641876220703,5.734348297119141,0.0352935791015625
ns_elephant_780,resnet50_geirhos_tl,8,4,0,80,4.0,84.0,5.769641876220703,5.736578941345215,0.03306293487548828
ns_elephant_780,resnet50_geirhos_tl,8,4,0,84,4.0,88.0,5.769641876220703,5.758851528167725,0.010790348052978516
ns_elephant_780,resnet50_geirhos_tl,8,4,0,88,4.0,92.0,5.769641876220703,5.8053483963012695,-0.035706520080566406
ns_elephant_780,resnet50_geirhos_tl,8,4,0,92,4.0,96.0,5.769641876220703,5.830768585205078,-0.061126708984375
ns_elephant_780,resnet50_geirhos_tl,8,4,0,96,4.0,100.0,5.769641876220703,5.832236289978027,-0.06259441375732422
ns_elephant_780,resnet50_geirhos_tl,8,4,0,100,4.0,104.0,5.769641876220703,5.85163688659668,-0.08199501037597656
ns_elephant_780,resnet50_geirhos_tl,8,4,0,104,4.0,108.0,5.769641876220703,5.823672771453857,-0.0540308952331543
ns_elephant_780,resnet50_geirhos_tl,8,4,0,108,4.0,112.0,5.769641876220703,5.812041282653809,-0.04239940643310547
ns_elephant_780,resnet50_geirhos_tl,8,4,0,112,4.0,116.0,5.769641876220703,5.8119683265686035,-0.04232645034790039
ns_elephant_780,resnet50_geirhos_tl,8,4,0,116,4.0,120.0,5.769641876220703,5.860813140869141,-0.0911712646484375
ns_elephant_780,resnet50_geirhos_tl,8,4,0,120,4.0,124.0,5.769641876220703,5.870659351348877,-0.10101747512817383
ns_elephant_780,resnet50_geirhos_tl,8,4,0,124,4.0,128.0,5.769641876220703,5.888175010681152,-0.11853313446044922
ns_elephant_780,resnet50_geirhos_tl,8,4,0,128,4.0,132.0,5.769641876220703,5.898383140563965,-0.12874126434326172
ns_elephant_780,resnet50_geirhos_tl,8,4,0,132,4.0,136.0,5.769641876220703,5.845414161682129,-0.07577228546142578
ns_elephant_780,resnet50_geirhos_tl,8,4,0,136,4.0,140.0,5.769641876220703,5.8406572341918945,-0.0710153579711914
ns_elephant_780,resnet50_geirhos_tl,8,4,0,140,4.0,144.0,5.769641876220703,5.816624164581299,-0.0469822883605957
ns_elephant_780,resnet50_geirhos_tl,8,4,0,144,4.0,148.0,5.769641876220703,5.783718109130859,-0.01407623291015625
ns_elephant_780,resnet50_geirhos_tl,8,4,0,148,4.0,152.0,5.769641876220703,5.77048397064209,-0.0008420944213867188
ns_elephant_780,resnet50_geirhos_tl,8,4,0,152,4.0,156.0,5.769641876220703,5.75648832321167,0.013153553009033203
ns_elephant_780,resnet50_geirhos_tl,8,4,0,156,4.0,160.0,5.769641876220703,5.748050689697266,0.0215911865234375
ns_elephant_780,resnet50_geirhos_tl,8,4,0,160,4.0,164.0,5.769641876220703,5.748539447784424,0.021102428436279297
ns_elephant_780,resnet50_geirhos_tl,8,4,0,164,4.0,168.0,5.769641876220703,5.764116287231445,0.0055255889892578125
ns_elephant_780,resnet50_geirhos_tl,8,4,0,168,4.0,172.0,5.769641876220703,5.749949932098389,0.019691944122314453
ns_elephant_780,resnet50_geirhos_tl,8,4,0,172,4.0,176.0,5.769641876220703,5.731555461883545,0.0380864143371582
ns_elephant_780,resnet50_geirhos_tl,8,4,0,176,4.0,180.0,5.769641876220703,5.708730697631836,0.06091117858886719
ns_elephant_780,resnet50_geirhos_tl,8,4,0,180,4.0,184.0,5.769641876220703,5.707865238189697,0.06177663803100586
ns_elephant_780,resnet50_geirhos_tl,8,4,0,184,4.0,188.0,5.769641876220703,5.747120380401611,0.022521495819091797
ns_elephant_780,resnet50_geirhos_tl,8,4,0,188,4.0,192.0,5.769641876220703,5.758210182189941,0.011431694030761719
ns_elephant_780,resnet50_geirhos_tl,8,4,0,192,4.0,196.0,5.769641876220703,5.772206783294678,-0.0025649070739746094
ns_elephant_780,resnet50_geirhos_tl,8,4,0,196,4.0,200.0,5.769641876220703,5.780290603637695,-0.010648727416992188
ns_elephant_780,resnet50_geirhos_tl,8,4,0,200,4.0,204.0,5.769641876220703,5.765687465667725,0.003954410552978516
ns_elephant_780,resnet50_geirhos_tl,8,4,0,204,4.0,208.0,5.769641876220703,5.776309013366699,-0.006667137145996094
ns_elephant_780,resnet50_geirhos_tl,8,4,0,208,4.0,212.0,5.769641876220703,5.76173210144043,0.007909774780273438
ns_elephant_780,resnet50_geirhos_tl,8,4,0,212,4.0,216.0,5.769641876220703,5.754707336425781,0.014934539794921875
ns_elephant_780,resnet50_geirhos_tl,8,4,0,216,4.0,220.0,5.769641876220703,5.755644798278809,0.013997077941894531
ns_elephant_780,resnet50_geirhos_tl,8,4,4,0,8.0,4.0,5.769641876220703,5.695247650146484,0.07439422607421875
ns_elephant_780,resnet50_geirhos_tl,8,4,4,4,8.0,8.0,5.769641876220703,5.6940531730651855,0.07558870315551758
ns_elephant_780,resnet50_geirhos_tl,8,4,4,8,8.0,12.0,5.769641876220703,5.677608013153076,0.09203386306762695
ns_elephant_780,resnet50_geirhos_tl,8,4,4,12,8.0,16.0,5.769641876220703,5.684614181518555,0.08502769470214844
ns_elephant_780,resnet50_geirhos_tl,8,4,4,16,8.0,20.0,5.769641876220703,5.674716472625732,0.0949254035949707
ns_elephant_780,resnet50_geirhos_tl,8,4,4,20,8.0,24.0,5.769641876220703,5.701131820678711,0.06851005554199219
ns_elephant_780,resnet50_geirhos_tl,8,4,4,24,8.0,28.0,5.769641876220703,5.741816520690918,0.027825355529785156
ns_elephant_780,resnet50_geirhos_tl,8,4,4,28,8.0,32.0,5.769641876220703,5.75911808013916,0.010523796081542969
ns_elephant_780,resnet50_geirhos_tl,8,4,4,32,8.0,36.0,5.769641876220703,5.761807441711426,0.007834434509277344
ns_elephant_780,resnet50_geirhos_tl,8,4,4,36,8.0,40.0,5.769641876220703,5.7804131507873535,-0.01077127456665039
ns_elephant_780,resnet50_geirhos_tl,8,4,4,40,8.0,44.0,5.769641876220703,5.752791881561279,0.016849994659423828
ns_elephant_780,resnet50_geirhos_tl,8,4,4,44,8.0,48.0,5.769641876220703,5.768533706665039,0.0011081695556640625
ns_elephant_780,resnet50_geirhos_tl,8,4,4,48,8.0,52.0,5.769641876220703,5.728420257568359,0.04122161865234375
ns_elephant_780,resnet50_geirhos_tl,8,4,4,52,8.0,56.0,5.769641876220703,5.769989490509033,-0.0003476142883300781
ns_elephant_780,resnet50_geirhos_tl,8,4,4,56,8.0,60.0,5.769641876220703,5.773250579833984,-0.00360870361328125
ns_elephant_780,resnet50_geirhos_tl,8,4,4,60,8.0,64.0,5.769641876220703,5.797890663146973,-0.02824878692626953
ns_elephant_780,resnet50_geirhos_tl,8,4,4,64,8.0,68.0,5.769641876220703,5.729257106781006,0.040384769439697266
ns_elephant_780,resnet50_geirhos_tl,8,4,4,68,8.0,72.0,5.769641876220703,5.707233428955078,0.062408447265625
ns_elephant_780,resnet50_geirhos_tl,8,4,4,72,8.0,76.0,5.769641876220703,5.65944242477417,0.1101994514465332
ns_elephant_780,resnet50_geirhos_tl,8,4,4,76,8.0,80.0,5.769641876220703,5.624402046203613,0.14523983001708984
ns_elephant_780,resnet50_geirhos_tl,8,4,4,80,8.0,84.0,5.769641876220703,5.637595176696777,0.13204669952392578
ns_elephant_780,resnet50_geirhos_tl,8,4,4,84,8.0,88.0,5.769641876220703,5.685582637786865,0.08405923843383789
ns_elephant_780,resnet50_geirhos_tl,8,4,4,88,8.0,92.0,5.769641876220703,5.786378383636475,-0.016736507415771484
ns_elephant_780,resnet50_geirhos_tl,8,4,4,92,8.0,96.0,5.769641876220703,5.8269171714782715,-0.05727529525756836
ns_elephant_780,resnet50_geirhos_tl,8,4,4,96,8.0,100.0,5.769641876220703,5.840880870819092,-0.07123899459838867
ns_elephant_780,resnet50_geirhos_tl,8,4,4,100,8.0,104.0,5.769641876220703,5.847496032714844,-0.07785415649414062
ns_elephant_780,resnet50_geirhos_tl,8,4,4,104,8.0,108.0,5.769641876220703,5.773333549499512,-0.0036916732788085938
ns_elephant_780,resnet50_geirhos_tl,8,4,4,108,8.0,112.0,5.769641876220703,5.820549964904785,-0.05090808868408203
ns_elephant_780,resnet50_geirhos_tl,8,4,4,112,8.0,116.0,5.769641876220703,5.839772701263428,-0.07013082504272461
ns_elephant_780,resnet50_geirhos_tl,8,4,4,116,8.0,120.0,5.769641876220703,5.869696140289307,-0.10005426406860352
ns_elephant_780,resnet50_geirhos_tl,8,4,4,120,8.0,124.0,5.769641876220703,5.8415913581848145,-0.07194948196411133
ns_elephant_780,resnet50_geirhos_tl,8,4,4,124,8.0,128.0,5.769641876220703,5.89631986618042,-0.1266779899597168
ns_elephant_780,resnet50_geirhos_tl,8,4,4,128,8.0,132.0,5.769641876220703,5.901762008666992,-0.13212013244628906
ns_elephant_780,resnet50_geirhos_tl,8,4,4,132,8.0,136.0,5.769641876220703,5.884487152099609,-0.11484527587890625
ns_elephant_780,resnet50_geirhos_tl,8,4,4,136,8.0,140.0,5.769641876220703,5.826087474822998,-0.05644559860229492
ns_elephant_780,resnet50_geirhos_tl,8,4,4,140,8.0,144.0,5.769641876220703,5.82718563079834,-0.05754375457763672
ns_elephant_780,resnet50_geirhos_tl,8,4,4,144,8.0,148.0,5.769641876220703,5.809623718261719,-0.039981842041015625
ns_elephant_780,resnet50_geirhos_tl,8,4,4,148,8.0,152.0,5.769641876220703,5.778401851654053,-0.00875997543334961
ns_elephant_780,resnet50_geirhos_tl,8,4,4,152,8.0,156.0,5.769641876220703,5.754404544830322,0.01523733139038086
ns_elephant_780,resnet50_geirhos_tl,8,4,4,156,8.0,160.0,5.769641876220703,5.723443984985352,0.04619789123535156
ns_elephant_780,resnet50_geirhos_tl,8,4,4,160,8.0,164.0,5.769641876220703,5.716909885406494,0.052731990814208984
ns_elephant_780,resnet50_geirhos_tl,8,4,4,164,8.0,168.0,5.769641876220703,5.723036766052246,0.04660511016845703
ns_elephant_780,resnet50_geirhos_tl,8,4,4,168,8.0,172.0,5.769641876220703,5.723003387451172,0.04663848876953125
ns_elephant_780,resnet50_geirhos_tl,8,4,4,172,8.0,176.0,5.769641876220703,5.701322555541992,0.06831932067871094
ns_elephant_780,resnet50_geirhos_tl,8,4,4,176,8.0,180.0,5.769641876220703,5.71440315246582,0.05523872375488281
ns_elephant_780,resnet50_geirhos_tl,8,4,4,180,8.0,184.0,5.769641876220703,5.696169853210449,0.0734720230102539
ns_elephant_780,resnet50_geirhos_tl,8,4,4,184,8.0,188.0,5.769641876220703,5.742398262023926,0.027243614196777344
ns_elephant_780,resnet50_geirhos_tl,8,4,4,188,8.0,192.0,5.769641876220703,5.7588348388671875,0.010807037353515625
ns_elephant_780,resnet50_geirhos_tl,8,4,4,192,8.0,196.0,5.769641876220703,5.771838665008545,-0.002196788787841797
ns_elephant_780,resnet50_geirhos_tl,8,4,4,196,8.0,200.0,5.769641876220703,5.763742446899414,0.0058994293212890625
ns_elephant_780,resnet50_geirhos_tl,8,4,4,200,8.0,204.0,5.769641876220703,5.763254642486572,0.006387233734130859
ns_elephant_780,resnet50_geirhos_tl,8,4,4,204,8.0,208.0,5.769641876220703,5.745389938354492,0.024251937866210938
ns_elephant_780,resnet50_geirhos_tl,8,4,4,208,8.0,212.0,5.769641876220703,5.7543439865112305,0.015297889709472656
ns_elephant_780,resnet50_geirhos_tl,8,4,4,212,8.0,216.0,5.769641876220703,5.746335983276367,0.023305892944335938
ns_elephant_780,resnet50_geirhos_tl,8,4,4,216,8.0,220.0,5.769641876220703,5.7753729820251465,-0.005731105804443359
ns_elephant_780,resnet50_geirhos_tl,8,4,8,0,12.0,4.0,5.769641876220703,5.6906867027282715,0.07895517349243164
ns_elephant_780,resnet50_geirhos_tl,8,4,8,4,12.0,8.0,5.769641876220703,5.642910957336426,0.12673091888427734
ns_elephant_780,resnet50_geirhos_tl,8,4,8,8,12.0,12.0,5.769641876220703,5.629344940185547,0.14029693603515625
ns_elephant_780,resnet50_geirhos_tl,8,4,8,12,12.0,16.0,5.769641876220703,5.61588716506958,0.15375471115112305
ns_elephant_780,resnet50_geirhos_tl,8,4,8,16,12.0,20.0,5.769641876220703,5.632381439208984,0.13726043701171875
ns_elephant_780,resnet50_geirhos_tl,8,4,8,20,12.0,24.0,5.769641876220703,5.659587860107422,0.11005401611328125
ns_elephant_780,resnet50_geirhos_tl,8,4,8,24,12.0,28.0,5.769641876220703,5.701543807983398,0.06809806823730469
ns_elephant_780,resnet50_geirhos_tl,8,4,8,28,12.0,32.0,5.769641876220703,5.672800540924072,0.09684133529663086
ns_elephant_780,resnet50_geirhos_tl,8,4,8,32,12.0,36.0,5.769641876220703,5.710165023803711,0.05947685241699219
ns_elephant_780,resnet50_geirhos_tl,8,4,8,36,12.0,40.0,5.769641876220703,5.685921669006348,0.08372020721435547
ns_elephant_780,resnet50_geirhos_tl,8,4,8,40,12.0,44.0,5.769641876220703,5.705463409423828,0.064178466796875
ns_elephant_780,resnet50_geirhos_tl,8,4,8,44,12.0,48.0,5.769641876220703,5.716928482055664,0.05271339416503906
ns_elephant_780,resnet50_geirhos_tl,8,4,8,48,12.0,52.0,5.769641876220703,5.742714881896973,0.02692699432373047
ns_elephant_780,resnet50_geirhos_tl,8,4,8,52,12.0,56.0,5.769641876220703,5.76118803024292,0.008453845977783203
ns_elephant_780,resnet50_geirhos_tl,8,4,8,56,12.0,60.0,5.769641876220703,5.7141523361206055,0.055489540100097656
ns_elephant_780,resnet50_geirhos_tl,8,4,8,60,12.0,64.0,5.769641876220703,5.708397388458252,0.06124448776245117
ns_elephant_780,resnet50_geirhos_tl,8,4,8,64,12.0,68.0,5.769641876220703,5.729878902435303,0.03976297378540039
ns_elephant_780,resnet50_geirhos_tl,8,4,8,68,12.0,72.0,5.769641876220703,5.7115912437438965,0.05805063247680664
ns_elephant_780,resnet50_geirhos_tl,8,4,8,72,12.0,76.0,5.769641876220703,5.688122749328613,0.08151912689208984
ns_elephant_780,resnet50_geirhos_tl,8,4,8,76,12.0,80.0,5.769641876220703,5.619784355163574,0.1498575210571289
ns_elephant_780,resnet50_geirhos_tl,8,4,8,80,12.0,84.0,5.769641876220703,5.660545825958252,0.10909605026245117
ns_elephant_780,resnet50_geirhos_tl,8,4,8,84,12.0,88.0,5.769641876220703,5.712664604187012,0.056977272033691406
ns_elephant_780,resnet50_geirhos_tl,8,4,8,88,12.0,92.0,5.769641876220703,5.754702568054199,0.014939308166503906
ns_elephant_780,resnet50_geirhos_tl,8,4,8,92,12.0,96.0,5.769641876220703,5.788316249847412,-0.018674373626708984
ns_elephant_780,resnet50_geirhos_tl,8,4,8,96,12.0,100.0,5.769641876220703,5.828008651733398,-0.05836677551269531
ns_elephant_780,resnet50_geirhos_tl,8,4,8,100,12.0,104.0,5.769641876220703,5.841251850128174,-0.0716099739074707
ns_elephant_780,resnet50_geirhos_tl,8,4,8,104,12.0,108.0,5.769641876220703,5.864019870758057,-0.09437799453735352
ns_elephant_780,resnet50_geirhos_tl,8,4,8,108,12.0,112.0,5.769641876220703,5.88547420501709,-0.11583232879638672
ns_elephant_780,resnet50_geirhos_tl,8,4,8,112,12.0,116.0,5.769641876220703,5.861860752105713,-0.09221887588500977
ns_elephant_780,resnet50_geirhos_tl,8,4,8,116,12.0,120.0,5.769641876220703,5.900909423828125,-0.13126754760742188
ns_elephant_780,resnet50_geirhos_tl,8,4,8,120,12.0,124.0,5.769641876220703,5.868594646453857,-0.0989527702331543
ns_elephant_780,resnet50_geirhos_tl,8,4,8,124,12.0,128.0,5.769641876220703,5.924311637878418,-0.15466976165771484
ns_elephant_780,resnet50_geirhos_tl,8,4,8,128,12.0,132.0,5.769641876220703,5.900328636169434,-0.13068675994873047
ns_elephant_780,resnet50_geirhos_tl,8,4,8,132,12.0,136.0,5.769641876220703,5.898275375366211,-0.1286334991455078
ns_elephant_780,resnet50_geirhos_tl,8,4,8,136,12.0,140.0,5.769641876220703,5.860175609588623,-0.09053373336791992
ns_elephant_780,resnet50_geirhos_tl,8,4,8,140,12.0,144.0,5.769641876220703,5.836710453033447,-0.06706857681274414
ns_elephant_780,resnet50_geirhos_tl,8,4,8,144,12.0,148.0,5.769641876220703,5.793356418609619,-0.023714542388916016
ns_elephant_780,resnet50_geirhos_tl,8,4,8,148,12.0,152.0,5.769641876220703,5.782136917114258,-0.012495040893554688
ns_elephant_780,resnet50_geirhos_tl,8,4,8,152,12.0,156.0,5.769641876220703,5.747580528259277,0.02206134796142578
ns_elephant_780,resnet50_geirhos_tl,8,4,8,156,12.0,160.0,5.769641876220703,5.7220916748046875,0.047550201416015625
ns_elephant_780,resnet50_geirhos_tl,8,4,8,160,12.0,164.0,5.769641876220703,5.681992530822754,0.08764934539794922
ns_elephant_780,resnet50_geirhos_tl,8,4,8,164,12.0,168.0,5.769641876220703,5.686007022857666,0.08363485336303711
ns_elephant_780,resnet50_geirhos_tl,8,4,8,168,12.0,172.0,5.769641876220703,5.709843635559082,0.059798240661621094
ns_elephant_780,resnet50_geirhos_tl,8,4,8,172,12.0,176.0,5.769641876220703,5.699800491333008,0.06984138488769531
ns_elephant_780,resnet50_geirhos_tl,8,4,8,176,12.0,180.0,5.769641876220703,5.673250675201416,0.09639120101928711
ns_elephant_780,resnet50_geirhos_tl,8,4,8,180,12.0,184.0,5.769641876220703,5.668516159057617,0.10112571716308594
ns_elephant_780,resnet50_geirhos_tl,8,4,8,184,12.0,188.0,5.769641876220703,5.68936824798584,0.08027362823486328
ns_elephant_780,resnet50_geirhos_tl,8,4,8,188,12.0,192.0,5.769641876220703,5.725743293762207,0.043898582458496094
ns_elephant_780,resnet50_geirhos_tl,8,4,8,192,12.0,196.0,5.769641876220703,5.736024856567383,0.03361701965332031
ns_elephant_780,resnet50_geirhos_tl,8,4,8,196,12.0,200.0,5.769641876220703,5.747964382171631,0.021677494049072266
ns_elephant_780,resnet50_geirhos_tl,8,4,8,200,12.0,204.0,5.769641876220703,5.756269454956055,0.013372421264648438
ns_elephant_780,resnet50_geirhos_tl,8,4,8,204,12.0,208.0,5.769641876220703,5.7616071701049805,0.008034706115722656
ns_elephant_780,resnet50_geirhos_tl,8,4,8,208,12.0,212.0,5.769641876220703,5.7462158203125,0.023426055908203125
ns_elephant_780,resnet50_geirhos_tl,8,4,8,212,12.0,216.0,5.769641876220703,5.76528787612915,0.004354000091552734
ns_elephant_780,resnet50_geirhos_tl,8,4,8,216,12.0,220.0,5.769641876220703,5.789412021636963,-0.019770145416259766
ns_elephant_780,resnet50_geirhos_tl,8,4,12,0,16.0,4.0,5.769641876220703,5.6825947761535645,0.08704710006713867
ns_elephant_780,resnet50_geirhos_tl,8,4,12,4,16.0,8.0,5.769641876220703,5.602384090423584,0.16725778579711914
ns_elephant_780,resnet50_geirhos_tl,8,4,12,8,16.0,12.0,5.769641876220703,5.585517883300781,0.18412399291992188
ns_elephant_780,resnet50_geirhos_tl,8,4,12,12,16.0,16.0,5.769641876220703,5.571568489074707,0.1980733871459961
ns_elephant_780,resnet50_geirhos_tl,8,4,12,16,16.0,20.0,5.769641876220703,5.602848052978516,0.1667938232421875
ns_elephant_780,resnet50_geirhos_tl,8,4,12,20,16.0,24.0,5.769641876220703,5.616187572479248,0.15345430374145508
ns_elephant_780,resnet50_geirhos_tl,8,4,12,24,16.0,28.0,5.769641876220703,5.645210266113281,0.12443161010742188
ns_elephant_780,resnet50_geirhos_tl,8,4,12,28,16.0,32.0,5.769641876220703,5.611791610717773,0.1578502655029297
ns_elephant_780,resnet50_geirhos_tl,8,4,12,32,16.0,36.0,5.769641876220703,5.640646457672119,0.12899541854858398
ns_elephant_780,resnet50_geirhos_tl,8,4,12,36,16.0,40.0,5.769641876220703,5.631873607635498,0.13776826858520508
ns_elephant_780,resnet50_geirhos_tl,8,4,12,40,16.0,44.0,5.769641876220703,5.6636152267456055,0.10602664947509766
ns_elephant_780,resnet50_geirhos_tl,8,4,12,44,16.0,48.0,5.769641876220703,5.694860935211182,0.07478094100952148
ns_elephant_780,resnet50_geirhos_tl,8,4,12,48,16.0,52.0,5.769641876220703,5.759443283081055,0.010198593139648438
ns_elephant_780,resnet50_geirhos_tl,8,4,12,52,16.0,56.0,5.769641876220703,5.71644926071167,0.0531926155090332
ns_elephant_780,resnet50_geirhos_tl,8,4,12,56,16.0,60.0,5.769641876220703,5.684331893920898,0.08530998229980469
ns_elephant_780,resnet50_geirhos_tl,8,4,12,60,16.0,64.0,5.769641876220703,5.706229209899902,0.06341266632080078
ns_elephant_780,resnet50_geirhos_tl,8,4,12,64,16.0,68.0,5.769641876220703,5.754958629608154,0.014683246612548828
ns_elephant_780,resnet50_geirhos_tl,8,4,12,68,16.0,72.0,5.769641876220703,5.793140411376953,-0.02349853515625
ns_elephant_780,resnet50_geirhos_tl,8,4,12,72,16.0,76.0,5.769641876220703,5.719579696655273,0.05006217956542969
ns_elephant_780,resnet50_geirhos_tl,8,4,12,76,16.0,80.0,5.769641876220703,5.606748580932617,0.16289329528808594
ns_elephant_780,resnet50_geirhos_tl,8,4,12,80,16.0,84.0,5.769641876220703,5.692061901092529,0.07757997512817383
ns_elephant_780,resnet50_geirhos_tl,8,4,12,84,16.0,88.0,5.769641876220703,5.7666096687316895,0.003032207489013672
ns_elephant_780,resnet50_geirhos_tl,8,4,12,88,16.0,92.0,5.769641876220703,5.804945468902588,-0.035303592681884766
ns_elephant_780,resnet50_geirhos_tl,8,4,12,92,16.0,96.0,5.769641876220703,5.827884197235107,-0.0582423210144043
ns_elephant_780,resnet50_geirhos_tl,8,4,12,96,16.0,100.0,5.769641876220703,5.882507801055908,-0.11286592483520508
ns_elephant_780,resnet50_geirhos_tl,8,4,12,100,16.0,104.0,5.769641876220703,5.863775730133057,-0.09413385391235352
ns_elephant_780,resnet50_geirhos_tl,8,4,12,104,16.0,108.0,5.769641876220703,5.875033378601074,-0.1053915023803711
ns_elephant_780,resnet50_geirhos_tl,8,4,12,108,16.0,112.0,5.769641876220703,5.919191360473633,-0.1495494842529297
ns_elephant_780,resnet50_geirhos_tl,8,4,12,112,16.0,116.0,5.769641876220703,5.928892135620117,-0.15925025939941406
ns_elephant_780,resnet50_geirhos_tl,8,4,12,116,16.0,120.0,5.769641876220703,5.934901714324951,-0.16525983810424805
ns_elephant_780,resnet50_geirhos_tl,8,4,12,120,16.0,124.0,5.769641876220703,5.867458343505859,-0.09781646728515625
ns_elephant_780,resnet50_geirhos_tl,8,4,12,124,16.0,128.0,5.769641876220703,5.851436614990234,-0.08179473876953125
ns_elephant_780,resnet50_geirhos_tl,8,4,12,128,16.0,132.0,5.769641876220703,5.853544235229492,-0.08390235900878906
ns_elephant_780,resnet50_geirhos_tl,8,4,12,132,16.0,136.0,5.769641876220703,5.833446979522705,-0.06380510330200195
ns_elephant_780,resnet50_geirhos_tl,8,4,12,136,16.0,140.0,5.769641876220703,5.812287330627441,-0.04264545440673828
ns_elephant_780,resnet50_geirhos_tl,8,4,12,140,16.0,144.0,5.769641876220703,5.8142924308776855,-0.04465055465698242
ns_elephant_780,resnet50_geirhos_tl,8,4,12,144,16.0,148.0,5.769641876220703,5.756762504577637,0.012879371643066406
ns_elephant_780,resnet50_geirhos_tl,8,4,12,148,16.0,152.0,5.769641876220703,5.717956066131592,0.05168581008911133
ns_elephant_780,resnet50_geirhos_tl,8,4,12,152,16.0,156.0,5.769641876220703,5.732546329498291,0.03709554672241211
ns_elephant_780,resnet50_geirhos_tl,8,4,12,156,16.0,160.0,5.769641876220703,5.6981306076049805,0.07151126861572266
ns_elephant_780,resnet50_geirhos_tl,8,4,12,160,16.0,164.0,5.769641876220703,5.663352966308594,0.10628890991210938
ns_elephant_780,resnet50_geirhos_tl,8,4,12,164,16.0,168.0,5.769641876220703,5.660698890686035,0.10894298553466797
ns_elephant_780,resnet50_geirhos_tl,8,4,12,168,16.0,172.0,5.769641876220703,5.689818382263184,0.07982349395751953
ns_elephant_780,resnet50_geirhos_tl,8,4,12,172,16.0,176.0,5.769641876220703,5.675381183624268,0.09426069259643555
ns_elephant_780,resnet50_geirhos_tl,8,4,12,176,16.0,180.0,5.769641876220703,5.66645622253418,0.10318565368652344
ns_elephant_780,resnet50_geirhos_tl,8,4,12,180,16.0,184.0,5.769641876220703,5.667305946350098,0.10233592987060547
ns_elephant_780,resnet50_geirhos_tl,8,4,12,184,16.0,188.0,5.769641876220703,5.7117414474487305,0.057900428771972656
ns_elephant_780,resnet50_geirhos_tl,8,4,12,188,16.0,192.0,5.769641876220703,5.730781555175781,0.038860321044921875
ns_elephant_780,resnet50_geirhos_tl,8,4,12,192,16.0,196.0,5.769641876220703,5.727384567260742,0.04225730895996094
ns_elephant_780,resnet50_geirhos_tl,8,4,12,196,16.0,200.0,5.769641876220703,5.729852676391602,0.03978919982910156
ns_elephant_780,resnet50_geirhos_tl,8,4,12,200,16.0,204.0,5.769641876220703,5.757080078125,0.012561798095703125
ns_elephant_780,resnet50_geirhos_tl,8,4,12,204,16.0,208.0,5.769641876220703,5.759176731109619,0.010465145111083984
ns_elephant_780,resnet50_geirhos_tl,8,4,12,208,16.0,212.0,5.769641876220703,5.754598617553711,0.015043258666992188
ns_elephant_780,resnet50_geirhos_tl,8,4,12,212,16.0,216.0,5.769641876220703,5.759354591369629,0.010287284851074219
ns_elephant_780,resnet50_geirhos_tl,8,4,12,216,16.0,220.0,5.769641876220703,5.783222675323486,-0.013580799102783203
ns_elephant_780,resnet50_geirhos_tl,8,4,16,0,20.0,4.0,5.769641876220703,5.662361145019531,0.10728073120117188
ns_elephant_780,resnet50_geirhos_tl,8,4,16,4,20.0,8.0,5.769641876220703,5.6123223304748535,0.1573195457458496
ns_elephant_780,resnet50_geirhos_tl,8,4,16,8,20.0,12.0,5.769641876220703,5.580482482910156,0.18915939331054688
ns_elephant_780,resnet50_geirhos_tl,8,4,16,12,20.0,16.0,5.769641876220703,5.572681903839111,0.1969599723815918
ns_elephant_780,resnet50_geirhos_tl,8,4,16,16,20.0,20.0,5.769641876220703,5.586055278778076,0.18358659744262695
ns_elephant_780,resnet50_geirhos_tl,8,4,16,20,20.0,24.0,5.769641876220703,5.603926658630371,0.16571521759033203
ns_elephant_780,resnet50_geirhos_tl,8,4,16,24,20.0,28.0,5.769641876220703,5.602668285369873,0.16697359085083008
ns_elephant_780,resnet50_geirhos_tl,8,4,16,28,20.0,32.0,5.769641876220703,5.57673978805542,0.1929020881652832
ns_elephant_780,resnet50_geirhos_tl,8,4,16,32,20.0,36.0,5.769641876220703,5.627756118774414,0.14188575744628906
ns_elephant_780,resnet50_geirhos_tl,8,4,16,36,20.0,40.0,5.769641876220703,5.603543758392334,0.16609811782836914
ns_elephant_780,resnet50_geirhos_tl,8,4,16,40,20.0,44.0,5.769641876220703,5.6144304275512695,0.1552114486694336
ns_elephant_780,resnet50_geirhos_tl,8,4,16,44,20.0,48.0,5.769641876220703,5.623087406158447,0.14655447006225586
ns_elephant_780,resnet50_geirhos_tl,8,4,16,48,20.0,52.0,5.769641876220703,5.66437292098999,0.10526895523071289
ns_elephant_780,resnet50_geirhos_tl,8,4,16,52,20.0,56.0,5.769641876220703,5.680000305175781,0.08964157104492188
ns_elephant_780,resnet50_geirhos_tl,8,4,16,56,20.0,60.0,5.769641876220703,5.681459426879883,0.08818244934082031
ns_elephant_780,resnet50_geirhos_tl,8,4,16,60,20.0,64.0,5.769641876220703,5.786003112792969,-0.016361236572265625
ns_elephant_780,resnet50_geirhos_tl,8,4,16,64,20.0,68.0,5.769641876220703,5.81044864654541,-0.04080677032470703
ns_elephant_780,resnet50_geirhos_tl,8,4,16,68,20.0,72.0,5.769641876220703,5.809551239013672,-0.03990936279296875
ns_elephant_780,resnet50_geirhos_tl,8,4,16,72,20.0,76.0,5.769641876220703,5.7347025871276855,0.03493928909301758
ns_elephant_780,resnet50_geirhos_tl,8,4,16,76,20.0,80.0,5.769641876220703,5.748162746429443,0.021479129791259766
ns_elephant_780,resnet50_geirhos_tl,8,4,16,80,20.0,84.0,5.769641876220703,5.7466559410095215,0.02298593521118164
ns_elephant_780,resnet50_geirhos_tl,8,4,16,84,20.0,88.0,5.769641876220703,5.741556644439697,0.02808523178100586
ns_elephant_780,resnet50_geirhos_tl,8,4,16,88,20.0,92.0,5.769641876220703,5.754172325134277,0.015469551086425781
ns_elephant_780,resnet50_geirhos_tl,8,4,16,92,20.0,96.0,5.769641876220703,5.779622554779053,-0.00998067855834961
ns_elephant_780,resnet50_geirhos_tl,8,4,16,96,20.0,100.0,5.769641876220703,5.80277156829834,-0.03312969207763672
ns_elephant_780,resnet50_geirhos_tl,8,4,16,100,20.0,104.0,5.769641876220703,5.771191596984863,-0.0015497207641601562
ns_elephant_780,resnet50_geirhos_tl,8,4,16,104,20.0,108.0,5.769641876220703,5.820185661315918,-0.050543785095214844
ns_elephant_780,resnet50_geirhos_tl,8,4,16,108,20.0,112.0,5.769641876220703,5.852566242218018,-0.08292436599731445
ns_elephant_780,resnet50_geirhos_tl,8,4,16,112,20.0,116.0,5.769641876220703,5.866775035858154,-0.09713315963745117
ns_elephant_780,resnet50_geirhos_tl,8,4,16,116,20.0,120.0,5.769641876220703,5.855032920837402,-0.08539104461669922
ns_elephant_780,resnet50_geirhos_tl,8,4,16,120,20.0,124.0,5.769641876220703,5.816390514373779,-0.04674863815307617
ns_elephant_780,resnet50_geirhos_tl,8,4,16,124,20.0,128.0,5.769641876220703,5.789595127105713,-0.019953250885009766
ns_elephant_780,resnet50_geirhos_tl,8,4,16,128,20.0,132.0,5.769641876220703,5.841303825378418,-0.07166194915771484
ns_elephant_780,resnet50_geirhos_tl,8,4,16,132,20.0,136.0,5.769641876220703,5.831335067749023,-0.06169319152832031
ns_elephant_780,resnet50_geirhos_tl,8,4,16,136,20.0,140.0,5.769641876220703,5.844265460968018,-0.07462358474731445
ns_elephant_780,resnet50_geirhos_tl,8,4,16,140,20.0,144.0,5.769641876220703,5.830172538757324,-0.060530662536621094
ns_elephant_780,resnet50_geirhos_tl,8,4,16,144,20.0,148.0,5.769641876220703,5.812990665435791,-0.04334878921508789
ns_elephant_780,resnet50_geirhos_tl,8,4,16,148,20.0,152.0,5.769641876220703,5.756930828094482,0.012711048126220703
ns_elephant_780,resnet50_geirhos_tl,8,4,16,152,20.0,156.0,5.769641876220703,5.727309703826904,0.04233217239379883
ns_elephant_780,resnet50_geirhos_tl,8,4,16,156,20.0,160.0,5.769641876220703,5.670398712158203,0.0992431640625
ns_elephant_780,resnet50_geirhos_tl,8,4,16,160,20.0,164.0,5.769641876220703,5.60102653503418,0.16861534118652344
ns_elephant_780,resnet50_geirhos_tl,8,4,16,164,20.0,168.0,5.769641876220703,5.642631530761719,0.12701034545898438
ns_elephant_780,resnet50_geirhos_tl,8,4,16,168,20.0,172.0,5.769641876220703,5.613732814788818,0.15590906143188477
ns_elephant_780,resnet50_geirhos_tl,8,4,16,172,20.0,176.0,5.769641876220703,5.668290615081787,0.10135126113891602
ns_elephant_780,resnet50_geirhos_tl,8,4,16,176,20.0,180.0,5.769641876220703,5.667862415313721,0.10177946090698242
ns_elephant_780,resnet50_geirhos_tl,8,4,16,180,20.0,184.0,5.769641876220703,5.691871166229248,0.07777070999145508
ns_elephant_780,resnet50_geirhos_tl,8,4,16,184,20.0,188.0,5.769641876220703,5.697134971618652,0.07250690460205078
ns_elephant_780,resnet50_geirhos_tl,8,4,16,188,20.0,192.0,5.769641876220703,5.692567825317383,0.07707405090332031
ns_elephant_780,resnet50_geirhos_tl,8,4,16,192,20.0,196.0,5.769641876220703,5.695926189422607,0.0737156867980957
ns_elephant_780,resnet50_geirhos_tl,8,4,16,196,20.0,200.0,5.769641876220703,5.6961750984191895,0.07346677780151367
ns_elephant_780,resnet50_geirhos_tl,8,4,16,200,20.0,204.0,5.769641876220703,5.71766471862793,0.05197715759277344
ns_elephant_780,resnet50_geirhos_tl,8,4,16,204,20.0,208.0,5.769641876220703,5.738018989562988,0.031622886657714844
ns_elephant_780,resnet50_geirhos_tl,8,4,16,208,20.0,212.0,5.769641876220703,5.718953609466553,0.05068826675415039
ns_elephant_780,resnet50_geirhos_tl,8,4,16,212,20.0,216.0,5.769641876220703,5.738183498382568,0.031458377838134766
ns_elephant_780,resnet50_geirhos_tl,8,4,16,216,20.0,220.0,5.769641876220703,5.7529778480529785,0.01666402816772461
ns_elephant_780,resnet50_geirhos_tl,8,4,20,0,24.0,4.0,5.769641876220703,5.698022842407227,0.07161903381347656
ns_elephant_780,resnet50_geirhos_tl,8,4,20,4,24.0,8.0,5.769641876220703,5.63853120803833,0.13111066818237305
ns_elephant_780,resnet50_geirhos_tl,8,4,20,8,24.0,12.0,5.769641876220703,5.633904457092285,0.13573741912841797
ns_elephant_780,resnet50_geirhos_tl,8,4,20,12,24.0,16.0,5.769641876220703,5.588395118713379,0.18124675750732422
ns_elephant_780,resnet50_geirhos_tl,8,4,20,16,24.0,20.0,5.769641876220703,5.659527778625488,0.11011409759521484
ns_elephant_780,resnet50_geirhos_tl,8,4,20,20,24.0,24.0,5.769641876220703,5.703823566436768,0.06581830978393555
ns_elephant_780,resnet50_geirhos_tl,8,4,20,24,24.0,28.0,5.769641876220703,5.740694522857666,0.02894735336303711
ns_elephant_780,resnet50_geirhos_tl,8,4,20,28,24.0,32.0,5.769641876220703,5.728055953979492,0.04158592224121094
ns_elephant_780,resnet50_geirhos_tl,8,4,20,32,24.0,36.0,5.769641876220703,5.694482326507568,0.07515954971313477
ns_elephant_780,resnet50_geirhos_tl,8,4,20,36,24.0,40.0,5.769641876220703,5.631346225738525,0.13829565048217773
ns_elephant_780,resnet50_geirhos_tl,8,4,20,40,24.0,44.0,5.769641876220703,5.599393844604492,0.17024803161621094
ns_elephant_780,resnet50_geirhos_tl,8,4,20,44,24.0,48.0,5.769641876220703,5.577382564544678,0.1922593116760254
ns_elephant_780,resnet50_geirhos_tl,8,4,20,48,24.0,52.0,5.769641876220703,5.678673267364502,0.09096860885620117
ns_elephant_780,resnet50_geirhos_tl,8,4,20,52,24.0,56.0,5.769641876220703,5.727830410003662,0.041811466217041016
ns_elephant_780,resnet50_geirhos_tl,8,4,20,56,24.0,60.0,5.769641876220703,5.687005519866943,0.08263635635375977
ns_elephant_780,resnet50_geirhos_tl,8,4,20,60,24.0,64.0,5.769641876220703,5.7000837326049805,0.06955814361572266
ns_elephant_780,resnet50_geirhos_tl,8,4,20,64,24.0,68.0,5.769641876220703,5.768088340759277,0.0015535354614257812
ns_elephant_780,resnet50_geirhos_tl,8,4,20,68,24.0,72.0,5.769641876220703,5.773440361022949,-0.0037984848022460938
ns_elephant_780,resnet50_geirhos_tl,8,4,20,72,24.0,76.0,5.769641876220703,5.7253522872924805,0.044289588928222656
ns_elephant_780,resnet50_geirhos_tl,8,4,20,76,24.0,80.0,5.769641876220703,5.6684088706970215,0.10123300552368164
ns_elephant_780,resnet50_geirhos_tl,8,4,20,80,24.0,84.0,5.769641876220703,5.660103797912598,0.10953807830810547
ns_elephant_780,resnet50_geirhos_tl,8,4,20,84,24.0,88.0,5.769641876220703,5.719654083251953,0.04998779296875
ns_elephant_780,resnet50_geirhos_tl,8,4,20,88,24.0,92.0,5.769641876220703,5.766639232635498,0.003002643585205078
ns_elephant_780,resnet50_geirhos_tl,8,4,20,92,24.0,96.0,5.769641876220703,5.723718643188477,0.04592323303222656
ns_elephant_780,resnet50_geirhos_tl,8,4,20,96,24.0,100.0,5.769641876220703,5.7544684410095215,0.01517343521118164
ns_elephant_780,resnet50_geirhos_tl,8,4,20,100,24.0,104.0,5.769641876220703,5.845091342926025,-0.07544946670532227
ns_elephant_780,resnet50_geirhos_tl,8,4,20,104,24.0,108.0,5.769641876220703,5.856691360473633,-0.08704948425292969
ns_elephant_780,resnet50_geirhos_tl,8,4,20,108,24.0,112.0,5.769641876220703,5.920403957366943,-0.15076208114624023
ns_elephant_780,resnet50_geirhos_tl,8,4,20,112,24.0,116.0,5.769641876220703,5.928766250610352,-0.15912437438964844
ns_elephant_780,resnet50_geirhos_tl,8,4,20,116,24.0,120.0,5.769641876220703,5.83396577835083,-0.06432390213012695
ns_elephant_780,resnet50_geirhos_tl,8,4,20,120,24.0,124.0,5.769641876220703,5.88528299331665,-0.11564111709594727
ns_elephant_780,resnet50_geirhos_tl,8,4,20,124,24.0,128.0,5.769641876220703,5.908424377441406,-0.13878250122070312
ns_elephant_780,resnet50_geirhos_tl,8,4,20,128,24.0,132.0,5.769641876220703,5.938786506652832,-0.1691446304321289
ns_elephant_780,resnet50_geirhos_tl,8,4,20,132,24.0,136.0,5.769641876220703,5.9172892570495605,-0.14764738082885742
ns_elephant_780,resnet50_geirhos_tl,8,4,20,136,24.0,140.0,5.769641876220703,5.936070919036865,-0.1664290428161621
ns_elephant_780,resnet50_geirhos_tl,8,4,20,140,24.0,144.0,5.769641876220703,5.911779403686523,-0.1421375274658203
ns_elephant_780,resnet50_geirhos_tl,8,4,20,144,24.0,148.0,5.769641876220703,5.845278739929199,-0.0756368637084961
ns_elephant_780,resnet50_geirhos_tl,8,4,20,148,24.0,152.0,5.769641876220703,5.73279333114624,0.03684854507446289
ns_elephant_780,resnet50_geirhos_tl,8,4,20,152,24.0,156.0,5.769641876220703,5.6457839012146,0.12385797500610352
ns_elephant_780,resnet50_geirhos_tl,8,4,20,156,24.0,160.0,5.769641876220703,5.646409034729004,0.12323284149169922
ns_elephant_780,resnet50_geirhos_tl,8,4,20,160,24.0,164.0,5.769641876220703,5.665567874908447,0.10407400131225586
ns_elephant_780,resnet50_geirhos_tl,8,4,20,164,24.0,168.0,5.769641876220703,5.6472859382629395,0.12235593795776367
ns_elephant_780,resnet50_geirhos_tl,8,4,20,168,24.0,172.0,5.769641876220703,5.620999813079834,0.14864206314086914
ns_elephant_780,resnet50_geirhos_tl,8,4,20,172,24.0,176.0,5.769641876220703,5.574200630187988,0.19544124603271484
ns_elephant_780,resnet50_geirhos_tl,8,4,20,176,24.0,180.0,5.769641876220703,5.603294372558594,0.16634750366210938
ns_elephant_780,resnet50_geirhos_tl,8,4,20,180,24.0,184.0,5.769641876220703,5.667018413543701,0.10262346267700195
ns_elephant_780,resnet50_geirhos_tl,8,4,20,184,24.0,188.0,5.769641876220703,5.702601432800293,0.06704044342041016
ns_elephant_780,resnet50_geirhos_tl,8,4,20,188,24.0,192.0,5.769641876220703,5.688013076782227,0.08162879943847656
ns_elephant_780,resnet50_geirhos_tl,8,4,20,192,24.0,196.0,5.769641876220703,5.679599285125732,0.0900425910949707
ns_elephant_780,resnet50_geirhos_tl,8,4,20,196,24.0,200.0,5.769641876220703,5.680241584777832,0.0894002914428711
ns_elephant_780,resnet50_geirhos_tl,8,4,20,200,24.0,204.0,5.769641876220703,5.706170558929443,0.06347131729125977
ns_elephant_780,resnet50_geirhos_tl,8,4,20,204,24.0,208.0,5.769641876220703,5.706209659576416,0.06343221664428711
ns_elephant_780,resnet50_geirhos_tl,8,4,20,208,24.0,212.0,5.769641876220703,5.721673965454102,0.04796791076660156
ns_elephant_780,resnet50_geirhos_tl,8,4,20,212,24.0,216.0,5.769641876220703,5.727388381958008,0.04225349426269531
ns_elephant_780,resnet50_geirhos_tl,8,4,20,216,24.0,220.0,5.769641876220703,5.743739604949951,0.025902271270751953
ns_elephant_780,resnet50_geirhos_tl,8,4,24,0,28.0,4.0,5.769641876220703,5.663215637207031,0.10642623901367188
ns_elephant_780,resnet50_geirhos_tl,8,4,24,4,28.0,8.0,5.769641876220703,5.689201831817627,0.08044004440307617
ns_elephant_780,resnet50_geirhos_tl,8,4,24,8,28.0,12.0,5.769641876220703,5.686204433441162,0.08343744277954102
ns_elephant_780,resnet50_geirhos_tl,8,4,24,12,28.0,16.0,5.769641876220703,5.651803016662598,0.11783885955810547
ns_elephant_780,resnet50_geirhos_tl,8,4,24,16,28.0,20.0,5.769641876220703,5.671263694763184,0.09837818145751953
ns_elephant_780,resnet50_geirhos_tl,8,4,24,20,28.0,24.0,5.769641876220703,5.762167930603027,0.007473945617675781
ns_elephant_780,resnet50_geirhos_tl,8,4,24,24,28.0,28.0,5.769641876220703,5.7343597412109375,0.035282135009765625
ns_elephant_780,resnet50_geirhos_tl,8,4,24,28,28.0,32.0,5.769641876220703,5.686875343322754,0.08276653289794922
ns_elephant_780,resnet50_geirhos_tl,8,4,24,32,28.0,36.0,5.769641876220703,5.70078182220459,0.06886005401611328
ns_elephant_780,resnet50_geirhos_tl,8,4,24,36,28.0,40.0,5.769641876220703,5.767927169799805,0.0017147064208984375
ns_elephant_780,resnet50_geirhos_tl,8,4,24,40,28.0,44.0,5.769641876220703,5.699753761291504,0.06988811492919922
ns_elephant_780,resnet50_geirhos_tl,8,4,24,44,28.0,48.0,5.769641876220703,5.622748851776123,0.14689302444458008
ns_elephant_780,resnet50_geirhos_tl,8,4,24,48,28.0,52.0,5.769641876220703,5.715471267700195,0.05417060852050781
ns_elephant_780,resnet50_geirhos_tl,8,4,24,52,28.0,56.0,5.769641876220703,5.835335731506348,-0.06569385528564453
ns_elephant_780,resnet50_geirhos_tl,8,4,24,56,28.0,60.0,5.769641876220703,5.8094329833984375,-0.039791107177734375
ns_elephant_780,resnet50_geirhos_tl,8,4,24,60,28.0,64.0,5.769641876220703,5.867299556732178,-0.09765768051147461
ns_elephant_780,resnet50_geirhos_tl,8,4,24,64,28.0,68.0,5.769641876220703,5.823054790496826,-0.05341291427612305
ns_elephant_780,resnet50_geirhos_tl,8,4,24,68,28.0,72.0,5.769641876220703,5.737936019897461,0.03170585632324219
ns_elephant_780,resnet50_geirhos_tl,8,4,24,72,28.0,76.0,5.769641876220703,5.635241508483887,0.1344003677368164
ns_elephant_780,resnet50_geirhos_tl,8,4,24,76,28.0,80.0,5.769641876220703,5.469874858856201,0.29976701736450195
ns_elephant_780,resnet50_geirhos_tl,8,4,24,80,28.0,84.0,5.769641876220703,5.483795642852783,0.2858462333679199
ns_elephant_780,resnet50_geirhos_tl,8,4,24,84,28.0,88.0,5.769641876220703,5.526352882385254,0.24328899383544922
ns_elephant_780,resnet50_geirhos_tl,8,4,24,88,28.0,92.0,5.769641876220703,5.615065574645996,0.15457630157470703
ns_elephant_780,resnet50_geirhos_tl,8,4,24,92,28.0,96.0,5.769641876220703,5.555422782897949,0.2142190933227539
ns_elephant_780,resnet50_geirhos_tl,8,4,24,96,28.0,100.0,5.769641876220703,5.545803070068359,0.22383880615234375
ns_elephant_780,resnet50_geirhos_tl,8,4,24,100,28.0,104.0,5.769641876220703,5.595821857452393,0.17382001876831055
ns_elephant_780,resnet50_geirhos_tl,8,4,24,104,28.0,108.0,5.769641876220703,5.6937665939331055,0.07587528228759766
ns_elephant_780,resnet50_geirhos_tl,8,4,24,108,28.0,112.0,5.769641876220703,5.831077575683594,-0.061435699462890625
ns_elephant_780,resnet50_geirhos_tl,8,4,24,112,28.0,116.0,5.769641876220703,5.836408615112305,-0.06676673889160156
ns_elephant_780,resnet50_geirhos_tl,8,4,24,116,28.0,120.0,5.769641876220703,5.788090229034424,-0.018448352813720703
ns_elephant_780,resnet50_geirhos_tl,8,4,24,120,28.0,124.0,5.769641876220703,5.8435163497924805,-0.07387447357177734
ns_elephant_780,resnet50_geirhos_tl,8,4,24,124,28.0,128.0,5.769641876220703,5.883312225341797,-0.11367034912109375
ns_elephant_780,resnet50_geirhos_tl,8,4,24,128,28.0,132.0,5.769641876220703,5.945501327514648,-0.1758594512939453
ns_elephant_780,resnet50_geirhos_tl,8,4,24,132,28.0,136.0,5.769641876220703,5.961821556091309,-0.19217967987060547
ns_elephant_780,resnet50_geirhos_tl,8,4,24,136,28.0,140.0,5.769641876220703,5.916126251220703,-0.146484375
ns_elephant_780,resnet50_geirhos_tl,8,4,24,140,28.0,144.0,5.769641876220703,5.8551530838012695,-0.0855112075805664
ns_elephant_780,resnet50_geirhos_tl,8,4,24,144,28.0,148.0,5.769641876220703,5.759676933288574,0.009964942932128906
ns_elephant_780,resnet50_geirhos_tl,8,4,24,148,28.0,152.0,5.769641876220703,5.683655738830566,0.08598613739013672
ns_elephant_780,resnet50_geirhos_tl,8,4,24,152,28.0,156.0,5.769641876220703,5.606562614440918,0.16307926177978516
ns_elephant_780,resnet50_geirhos_tl,8,4,24,156,28.0,160.0,5.769641876220703,5.611810684204102,0.15783119201660156
ns_elephant_780,resnet50_geirhos_tl,8,4,24,160,28.0,164.0,5.769641876220703,5.684452533721924,0.0851893424987793
ns_elephant_780,resnet50_geirhos_tl,8,4,24,164,28.0,168.0,5.769641876220703,5.655333518981934,0.11430835723876953
ns_elephant_780,resnet50_geirhos_tl,8,4,24,168,28.0,172.0,5.769641876220703,5.616757392883301,0.15288448333740234
ns_elephant_780,resnet50_geirhos_tl,8,4,24,172,28.0,176.0,5.769641876220703,5.589285373687744,0.18035650253295898
ns_elephant_780,resnet50_geirhos_tl,8,4,24,176,28.0,180.0,5.769641876220703,5.568154335021973,0.20148754119873047
ns_elephant_780,resnet50_geirhos_tl,8,4,24,180,28.0,184.0,5.769641876220703,5.615138530731201,0.15450334548950195
ns_elephant_780,resnet50_geirhos_tl,8,4,24,184,28.0,188.0,5.769641876220703,5.673560619354248,0.09608125686645508
ns_elephant_780,resnet50_geirhos_tl,8,4,24,188,28.0,192.0,5.769641876220703,5.665495872497559,0.10414600372314453
ns_elephant_780,resnet50_geirhos_tl,8,4,24,192,28.0,196.0,5.769641876220703,5.643555641174316,0.12608623504638672
ns_elephant_780,resnet50_geirhos_tl,8,4,24,196,28.0,200.0,5.769641876220703,5.640342712402344,0.12929916381835938
ns_elephant_780,resnet50_geirhos_tl,8,4,24,200,28.0,204.0,5.769641876220703,5.653774738311768,0.11586713790893555
ns_elephant_780,resnet50_geirhos_tl,8,4,24,204,28.0,208.0,5.769641876220703,5.656566619873047,0.11307525634765625
ns_elephant_780,resnet50_geirhos_tl,8,4,24,208,28.0,212.0,5.769641876220703,5.6921067237854,0.07753515243530273
ns_elephant_780,resnet50_geirhos_tl,8,4,24,212,28.0,216.0,5.769641876220703,5.689338207244873,0.08030366897583008
ns_elephant_780,resnet50_geirhos_tl,8,4,24,216,28.0,220.0,5.769641876220703,5.733407497406006,0.036234378814697266
ns_elephant_780,resnet50_geirhos_tl,8,4,28,0,32.0,4.0,5.769641876220703,5.73691987991333,0.03272199630737305
ns_elephant_780,resnet50_geirhos_tl,8,4,28,4,32.0,8.0,5.769641876220703,5.751793384552002,0.017848491668701172
ns_elephant_780,resnet50_geirhos_tl,8,4,28,8,32.0,12.0,5.769641876220703,5.7492899894714355,0.020351886749267578
ns_elephant_780,resnet50_geirhos_tl,8,4,28,12,32.0,16.0,5.769641876220703,5.786797523498535,-0.01715564727783203
ns_elephant_780,resnet50_geirhos_tl,8,4,28,16,32.0,20.0,5.769641876220703,5.754420280456543,0.015221595764160156
ns_elephant_780,resnet50_geirhos_tl,8,4,28,20,32.0,24.0,5.769641876220703,5.833995342254639,-0.06435346603393555
ns_elephant_780,resnet50_geirhos_tl,8,4,28,24,32.0,28.0,5.769641876220703,5.766021728515625,0.003620147705078125
ns_elephant_780,resnet50_geirhos_tl,8,4,28,28,32.0,32.0,5.769641876220703,5.698287487030029,0.07135438919067383
ns_elephant_780,resnet50_geirhos_tl,8,4,28,32,32.0,36.0,5.769641876220703,5.696197032928467,0.07344484329223633
ns_elephant_780,resnet50_geirhos_tl,8,4,28,36,32.0,40.0,5.769641876220703,5.7961859703063965,-0.02654409408569336
ns_elephant_780,resnet50_geirhos_tl,8,4,28,40,32.0,44.0,5.769641876220703,5.817775726318359,-0.04813385009765625
ns_elephant_780,resnet50_geirhos_tl,8,4,28,44,32.0,48.0,5.769641876220703,5.979723930358887,-0.2100820541381836
ns_elephant_780,resnet50_geirhos_tl,8,4,28,48,32.0,52.0,5.769641876220703,5.6019673347473145,0.16767454147338867
ns_elephant_780,resnet50_geirhos_tl,8,4,28,52,32.0,56.0,5.769641876220703,5.91740608215332,-0.1477642059326172
ns_elephant_780,resnet50_geirhos_tl,8,4,28,56,32.0,60.0,5.769641876220703,5.811263084411621,-0.04162120819091797
ns_elephant_780,resnet50_geirhos_tl,8,4,28,60,32.0,64.0,5.769641876220703,5.721538066864014,0.04810380935668945
ns_elephant_780,resnet50_geirhos_tl,8,4,28,64,32.0,68.0,5.769641876220703,5.680752754211426,0.08888912200927734
ns_elephant_780,resnet50_geirhos_tl,8,4,28,68,32.0,72.0,5.769641876220703,5.58467435836792,0.1849675178527832
ns_elephant_780,resnet50_geirhos_tl,8,4,28,72,32.0,76.0,5.769641876220703,5.551314353942871,0.21832752227783203
ns_elephant_780,resnet50_geirhos_tl,8,4,28,76,32.0,80.0,5.769641876220703,5.451399326324463,0.31824254989624023
ns_elephant_780,resnet50_geirhos_tl,8,4,28,80,32.0,84.0,5.769641876220703,5.494258403778076,0.27538347244262695
ns_elephant_780,resnet50_geirhos_tl,8,4,28,84,32.0,88.0,5.769641876220703,5.508030891418457,0.2616109848022461
ns_elephant_780,resnet50_geirhos_tl,8,4,28,88,32.0,92.0,5.769641876220703,5.488685131072998,0.2809567451477051
ns_elephant_780,resnet50_geirhos_tl,8,4,28,92,32.0,96.0,5.769641876220703,5.518600940704346,0.2510409355163574
ns_elephant_780,resnet50_geirhos_tl,8,4,28,96,32.0,100.0,5.769641876220703,5.436238765716553,0.3334031105041504
ns_elephant_780,resnet50_geirhos_tl,8,4,28,100,32.0,104.0,5.769641876220703,5.457958221435547,0.31168365478515625
ns_elephant_780,resnet50_geirhos_tl,8,4,28,104,32.0,108.0,5.769641876220703,5.615079879760742,0.15456199645996094
ns_elephant_780,resnet50_geirhos_tl,8,4,28,108,32.0,112.0,5.769641876220703,5.692567825317383,0.07707405090332031
ns_elephant_780,resnet50_geirhos_tl,8,4,28,112,32.0,116.0,5.769641876220703,5.746478080749512,0.023163795471191406
ns_elephant_780,resnet50_geirhos_tl,8,4,28,116,32.0,120.0,5.769641876220703,5.8365678787231445,-0.0669260025024414
ns_elephant_780,resnet50_geirhos_tl,8,4,28,120,32.0,124.0,5.769641876220703,5.869021415710449,-0.0993795394897461
ns_elephant_780,resnet50_geirhos_tl,8,4,28,124,32.0,128.0,5.769641876220703,5.8207855224609375,-0.051143646240234375
ns_elephant_780,resnet50_geirhos_tl,8,4,28,128,32.0,132.0,5.769641876220703,5.942679405212402,-0.17303752899169922
ns_elephant_780,resnet50_geirhos_tl,8,4,28,132,32.0,136.0,5.769641876220703,5.886048316955566,-0.11640644073486328
ns_elephant_780,resnet50_geirhos_tl,8,4,28,136,32.0,140.0,5.769641876220703,5.96864652633667,-0.1990046501159668
ns_elephant_780,resnet50_geirhos_tl,8,4,28,140,32.0,144.0,5.769641876220703,5.827395439147949,-0.057753562927246094
ns_elephant_780,resnet50_geirhos_tl,8,4,28,144,32.0,148.0,5.769641876220703,5.838513374328613,-0.06887149810791016
ns_elephant_780,resnet50_geirhos_tl,8,4,28,148,32.0,152.0,5.769641876220703,5.746251106262207,0.023390769958496094
ns_elephant_780,resnet50_geirhos_tl,8,4,28,152,32.0,156.0,5.769641876220703,5.745190620422363,0.024451255798339844
ns_elephant_780,resnet50_geirhos_tl,8,4,28,156,32.0,160.0,5.769641876220703,5.719178199768066,0.05046367645263672
ns_elephant_780,resnet50_geirhos_tl,8,4,28,160,32.0,164.0,5.769641876220703,5.7696533203125,-1.1444091796875e-05
ns_elephant_780,resnet50_geirhos_tl,8,4,28,164,32.0,168.0,5.769641876220703,5.746799468994141,0.0228424072265625
ns_elephant_780,resnet50_geirhos_tl,8,4,28,168,32.0,172.0,5.769641876220703,5.793315410614014,-0.023673534393310547
ns_elephant_780,resnet50_geirhos_tl,8,4,28,172,32.0,176.0,5.769641876220703,5.693219184875488,0.07642269134521484
ns_elephant_780,resnet50_geirhos_tl,8,4,28,176,32.0,180.0,5.769641876220703,5.6191086769104,0.15053319931030273
ns_elephant_780,resnet50_geirhos_tl,8,4,28,180,32.0,184.0,5.769641876220703,5.684558868408203,0.0850830078125
ns_elephant_780,resnet50_geirhos_tl,8,4,28,184,32.0,188.0,5.769641876220703,5.6798601150512695,0.0897817611694336
ns_elephant_780,resnet50_geirhos_tl,8,4,28,188,32.0,192.0,5.769641876220703,5.635293960571289,0.13434791564941406
ns_elephant_780,resnet50_geirhos_tl,8,4,28,192,32.0,196.0,5.769641876220703,5.634792804718018,0.13484907150268555
ns_elephant_780,resnet50_geirhos_tl,8,4,28,196,32.0,200.0,5.769641876220703,5.633157730102539,0.13648414611816406
ns_elephant_780,resnet50_geirhos_tl,8,4,28,200,32.0,204.0,5.769641876220703,5.652497291564941,0.11714458465576172
ns_elephant_780,resnet50_geirhos_tl,8,4,28,204,32.0,208.0,5.769641876220703,5.657562732696533,0.11207914352416992
ns_elephant_780,resnet50_geirhos_tl,8,4,28,208,32.0,212.0,5.769641876220703,5.677823543548584,0.09181833267211914
ns_elephant_780,resnet50_geirhos_tl,8,4,28,212,32.0,216.0,5.769641876220703,5.692078590393066,0.07756328582763672
ns_elephant_780,resnet50_geirhos_tl,8,4,28,216,32.0,220.0,5.769641876220703,5.762198448181152,0.007443428039550781
ns_elephant_780,resnet50_geirhos_tl,8,4,32,0,36.0,4.0,5.769641876220703,5.7534918785095215,0.01614999771118164
ns_elephant_780,resnet50_geirhos_tl,8,4,32,4,36.0,8.0,5.769641876220703,5.812234401702881,-0.042592525482177734
ns_elephant_780,resnet50_geirhos_tl,8,4,32,8,36.0,12.0,5.769641876220703,5.927262783050537,-0.15762090682983398
ns_elephant_780,resnet50_geirhos_tl,8,4,32,12,36.0,16.0,5.769641876220703,5.867484092712402,-0.09784221649169922
ns_elephant_780,resnet50_geirhos_tl,8,4,32,16,36.0,20.0,5.769641876220703,5.859598636627197,-0.08995676040649414
ns_elephant_780,resnet50_geirhos_tl,8,4,32,20,36.0,24.0,5.769641876220703,5.851815223693848,-0.08217334747314453
ns_elephant_780,resnet50_geirhos_tl,8,4,32,24,36.0,28.0,5.769641876220703,5.799213409423828,-0.029571533203125
ns_elephant_780,resnet50_geirhos_tl,8,4,32,28,36.0,32.0,5.769641876220703,5.7813568115234375,-0.011714935302734375
ns_elephant_780,resnet50_geirhos_tl,8,4,32,32,36.0,36.0,5.769641876220703,5.760298728942871,0.009343147277832031
ns_elephant_780,resnet50_geirhos_tl,8,4,32,36,36.0,40.0,5.769641876220703,5.853689193725586,-0.08404731750488281
ns_elephant_780,resnet50_geirhos_tl,8,4,32,40,36.0,44.0,5.769641876220703,5.895760536193848,-0.12611865997314453
ns_elephant_780,resnet50_geirhos_tl,8,4,32,44,36.0,48.0,5.769641876220703,5.964651107788086,-0.1950092315673828
ns_elephant_780,resnet50_geirhos_tl,8,4,32,48,36.0,52.0,5.769641876220703,5.923891544342041,-0.1542496681213379
ns_elephant_780,resnet50_geirhos_tl,8,4,32,52,36.0,56.0,5.769641876220703,5.962244033813477,-0.19260215759277344
ns_elephant_780,resnet50_geirhos_tl,8,4,32,56,36.0,60.0,5.769641876220703,5.908825397491455,-0.13918352127075195
ns_elephant_780,resnet50_geirhos_tl,8,4,32,60,36.0,64.0,5.769641876220703,5.822784423828125,-0.053142547607421875
ns_elephant_780,resnet50_geirhos_tl,8,4,32,64,36.0,68.0,5.769641876220703,5.64505672454834,0.12458515167236328
ns_elephant_780,resnet50_geirhos_tl,8,4,32,68,36.0,72.0,5.769641876220703,5.62328577041626,0.14635610580444336
ns_elephant_780,resnet50_geirhos_tl,8,4,32,72,36.0,76.0,5.769641876220703,5.528586387634277,0.24105548858642578
ns_elephant_780,resnet50_geirhos_tl,8,4,32,76,36.0,80.0,5.769641876220703,5.527856349945068,0.24178552627563477
ns_elephant_780,resnet50_geirhos_tl,8,4,32,80,36.0,84.0,5.769641876220703,5.55905818939209,0.21058368682861328
ns_elephant_780,resnet50_geirhos_tl,8,4,32,84,36.0,88.0,5.769641876220703,5.544826507568359,0.22481536865234375
ns_elephant_780,resnet50_geirhos_tl,8,4,32,88,36.0,92.0,5.769641876220703,5.450153827667236,0.3194880485534668
ns_elephant_780,resnet50_geirhos_tl,8,4,32,92,36.0,96.0,5.769641876220703,5.511912822723389,0.25772905349731445
ns_elephant_780,resnet50_geirhos_tl,8,4,32,96,36.0,100.0,5.769641876220703,5.433852195739746,0.33578968048095703
ns_elephant_780,resnet50_geirhos_tl,8,4,32,100,36.0,104.0,5.769641876220703,5.484084129333496,0.28555774688720703
ns_elephant_780,resnet50_geirhos_tl,8,4,32,104,36.0,108.0,5.769641876220703,5.590234756469727,0.17940711975097656
ns_elephant_780,resnet50_geirhos_tl,8,4,32,108,36.0,112.0,5.769641876220703,5.676792621612549,0.0928492546081543
ns_elephant_780,resnet50_geirhos_tl,8,4,32,112,36.0,116.0,5.769641876220703,5.744738578796387,0.024903297424316406
ns_elephant_780,resnet50_geirhos_tl,8,4,32,116,36.0,120.0,5.769641876220703,5.8267316818237305,-0.057089805603027344
ns_elephant_780,resnet50_geirhos_tl,8,4,32,120,36.0,124.0,5.769641876220703,5.848006725311279,-0.07836484909057617
ns_elephant_780,resnet50_geirhos_tl,8,4,32,124,36.0,128.0,5.769641876220703,5.849684715270996,-0.08004283905029297
ns_elephant_780,resnet50_geirhos_tl,8,4,32,128,36.0,132.0,5.769641876220703,5.9254913330078125,-0.15584945678710938
ns_elephant_780,resnet50_geirhos_tl,8,4,32,132,36.0,136.0,5.769641876220703,6.028320789337158,-0.2586789131164551
ns_elephant_780,resnet50_geirhos_tl,8,4,32,136,36.0,140.0,5.769641876220703,6.043551445007324,-0.2739095687866211
ns_elephant_780,resnet50_geirhos_tl,8,4,32,140,36.0,144.0,5.769641876220703,5.981719493865967,-0.21207761764526367
ns_elephant_780,resnet50_geirhos_tl,8,4,32,144,36.0,148.0,5.769641876220703,5.884435176849365,-0.11479330062866211
ns_elephant_780,resnet50_geirhos_tl,8,4,32,148,36.0,152.0,5.769641876220703,5.838289260864258,-0.06864738464355469
ns_elephant_780,resnet50_geirhos_tl,8,4,32,152,36.0,156.0,5.769641876220703,5.804654598236084,-0.03501272201538086
ns_elephant_780,resnet50_geirhos_tl,8,4,32,156,36.0,160.0,5.769641876220703,5.840061187744141,-0.0704193115234375
ns_elephant_780,resnet50_geirhos_tl,8,4,32,160,36.0,164.0,5.769641876220703,5.860016822814941,-0.09037494659423828
ns_elephant_780,resnet50_geirhos_tl,8,4,32,164,36.0,168.0,5.769641876220703,5.851635456085205,-0.08199357986450195
ns_elephant_780,resnet50_geirhos_tl,8,4,32,168,36.0,172.0,5.769641876220703,5.86441707611084,-0.09477519989013672
ns_elephant_780,resnet50_geirhos_tl,8,4,32,172,36.0,176.0,5.769641876220703,5.825145244598389,-0.05550336837768555
ns_elephant_780,resnet50_geirhos_tl,8,4,32,176,36.0,180.0,5.769641876220703,5.781786918640137,-0.012145042419433594
ns_elephant_780,resnet50_geirhos_tl,8,4,32,180,36.0,184.0,5.769641876220703,5.723372936248779,0.04626893997192383
ns_elephant_780,resnet50_geirhos_tl,8,4,32,184,36.0,188.0,5.769641876220703,5.7066144943237305,0.06302738189697266
ns_elephant_780,resnet50_geirhos_tl,8,4,32,188,36.0,192.0,5.769641876220703,5.6542534828186035,0.11538839340209961
ns_elephant_780,resnet50_geirhos_tl,8,4,32,192,36.0,196.0,5.769641876220703,5.619612693786621,0.15002918243408203
ns_elephant_780,resnet50_geirhos_tl,8,4,32,196,36.0,200.0,5.769641876220703,5.677416801452637,0.0922250747680664
ns_elephant_780,resnet50_geirhos_tl,8,4,32,200,36.0,204.0,5.769641876220703,5.673924922943115,0.09571695327758789
ns_elephant_780,resnet50_geirhos_tl,8,4,32,204,36.0,208.0,5.769641876220703,5.666385173797607,0.1032567024230957
ns_elephant_780,resnet50_geirhos_tl,8,4,32,208,36.0,212.0,5.769641876220703,5.667909145355225,0.10173273086547852
ns_elephant_780,resnet50_geirhos_tl,8,4,32,212,36.0,216.0,5.769641876220703,5.658530235290527,0.11111164093017578
ns_elephant_780,resnet50_geirhos_tl,8,4,32,216,36.0,220.0,5.769641876220703,5.753790378570557,0.015851497650146484
ns_elephant_780,resnet50_geirhos_tl,8,4,36,0,40.0,4.0,5.769641876220703,5.749613285064697,0.02002859115600586
ns_elephant_780,resnet50_geirhos_tl,8,4,36,4,40.0,8.0,5.769641876220703,5.889125823974609,-0.11948394775390625
ns_elephant_780,resnet50_geirhos_tl,8,4,36,8,40.0,12.0,5.769641876220703,5.886590003967285,-0.11694812774658203
ns_elephant_780,resnet50_geirhos_tl,8,4,36,12,40.0,16.0,5.769641876220703,5.691725730895996,0.07791614532470703
ns_elephant_780,resnet50_geirhos_tl,8,4,36,16,40.0,20.0,5.769641876220703,5.700100898742676,0.06954097747802734
ns_elephant_780,resnet50_geirhos_tl,8,4,36,20,40.0,24.0,5.769641876220703,5.638294219970703,0.13134765625
ns_elephant_780,resnet50_geirhos_tl,8,4,36,24,40.0,28.0,5.769641876220703,5.705179691314697,0.06446218490600586
ns_elephant_780,resnet50_geirhos_tl,8,4,36,28,40.0,32.0,5.769641876220703,5.662003993988037,0.10763788223266602
ns_elephant_780,resnet50_geirhos_tl,8,4,36,32,40.0,36.0,5.769641876220703,5.7126359939575195,0.057005882263183594
ns_elephant_780,resnet50_geirhos_tl,8,4,36,36,40.0,40.0,5.769641876220703,5.7974042892456055,-0.027762413024902344
ns_elephant_780,resnet50_geirhos_tl,8,4,36,40,40.0,44.0,5.769641876220703,5.828110694885254,-0.05846881866455078
ns_elephant_780,resnet50_geirhos_tl,8,4,36,44,40.0,48.0,5.769641876220703,5.90948486328125,-0.13984298706054688
ns_elephant_780,resnet50_geirhos_tl,8,4,36,48,40.0,52.0,5.769641876220703,5.886091232299805,-0.11644935607910156
ns_elephant_780,resnet50_geirhos_tl,8,4,36,52,40.0,56.0,5.769641876220703,5.883975028991699,-0.1143331527709961
ns_elephant_780,resnet50_geirhos_tl,8,4,36,56,40.0,60.0,5.769641876220703,5.7712082862854,-0.0015664100646972656
ns_elephant_780,resnet50_geirhos_tl,8,4,36,60,40.0,64.0,5.769641876220703,5.699239730834961,0.07040214538574219
ns_elephant_780,resnet50_geirhos_tl,8,4,36,64,40.0,68.0,5.769641876220703,5.637013912200928,0.1326279640197754
ns_elephant_780,resnet50_geirhos_tl,8,4,36,68,40.0,72.0,5.769641876220703,5.576076507568359,0.19356536865234375
ns_elephant_780,resnet50_geirhos_tl,8,4,36,72,40.0,76.0,5.769641876220703,5.553243637084961,0.2163982391357422
ns_elephant_780,resnet50_geirhos_tl,8,4,36,76,40.0,80.0,5.769641876220703,5.530132293701172,0.23950958251953125
ns_elephant_780,resnet50_geirhos_tl,8,4,36,80,40.0,84.0,5.769641876220703,5.622896671295166,0.1467452049255371
ns_elephant_780,resnet50_geirhos_tl,8,4,36,84,40.0,88.0,5.769641876220703,5.581547737121582,0.1880941390991211
ns_elephant_780,resnet50_geirhos_tl,8,4,36,88,40.0,92.0,5.769641876220703,5.563937187194824,0.2057046890258789
ns_elephant_780,resnet50_geirhos_tl,8,4,36,92,40.0,96.0,5.769641876220703,5.596586227416992,0.17305564880371094
ns_elephant_780,resnet50_geirhos_tl,8,4,36,96,40.0,100.0,5.769641876220703,5.529421329498291,0.2402205467224121
ns_elephant_780,resnet50_geirhos_tl,8,4,36,100,40.0,104.0,5.769641876220703,5.576751232147217,0.19289064407348633
ns_elephant_780,resnet50_geirhos_tl,8,4,36,104,40.0,108.0,5.769641876220703,5.607710361480713,0.16193151473999023
ns_elephant_780,resnet50_geirhos_tl,8,4,36,108,40.0,112.0,5.769641876220703,5.6504034996032715,0.11923837661743164
ns_elephant_780,resnet50_geirhos_tl,8,4,36,112,40.0,116.0,5.769641876220703,5.7393574714660645,0.030284404754638672
ns_elephant_780,resnet50_geirhos_tl,8,4,36,116,40.0,120.0,5.769641876220703,5.757486343383789,0.012155532836914062
ns_elephant_780,resnet50_geirhos_tl,8,4,36,120,40.0,124.0,5.769641876220703,5.810198783874512,-0.040556907653808594
ns_elephant_780,resnet50_geirhos_tl,8,4,36,124,40.0,128.0,5.769641876220703,5.830475807189941,-0.06083393096923828
ns_elephant_780,resnet50_geirhos_tl,8,4,36,128,40.0,132.0,5.769641876220703,5.876410007476807,-0.10676813125610352
ns_elephant_780,resnet50_geirhos_tl,8,4,36,132,40.0,136.0,5.769641876220703,5.932219982147217,-0.16257810592651367
ns_elephant_780,resnet50_geirhos_tl,8,4,36,136,40.0,140.0,5.769641876220703,5.993801116943359,-0.22415924072265625
ns_elephant_780,resnet50_geirhos_tl,8,4,36,140,40.0,144.0,5.769641876220703,5.944059371948242,-0.17441749572753906
ns_elephant_780,resnet50_geirhos_tl,8,4,36,144,40.0,148.0,5.769641876220703,5.921496391296387,-0.1518545150756836
ns_elephant_780,resnet50_geirhos_tl,8,4,36,148,40.0,152.0,5.769641876220703,5.8669209480285645,-0.09727907180786133
ns_elephant_780,resnet50_geirhos_tl,8,4,36,152,40.0,156.0,5.769641876220703,5.848493576049805,-0.07885169982910156
ns_elephant_780,resnet50_geirhos_tl,8,4,36,156,40.0,160.0,5.769641876220703,5.881044387817383,-0.11140251159667969
ns_elephant_780,resnet50_geirhos_tl,8,4,36,160,40.0,164.0,5.769641876220703,5.880643844604492,-0.11100196838378906
ns_elephant_780,resnet50_geirhos_tl,8,4,36,164,40.0,168.0,5.769641876220703,5.913280010223389,-0.14363813400268555
ns_elephant_780,resnet50_geirhos_tl,8,4,36,168,40.0,172.0,5.769641876220703,5.912527561187744,-0.14288568496704102
ns_elephant_780,resnet50_geirhos_tl,8,4,36,172,40.0,176.0,5.769641876220703,5.899771213531494,-0.13012933731079102
ns_elephant_780,resnet50_geirhos_tl,8,4,36,176,40.0,180.0,5.769641876220703,5.875898361206055,-0.10625648498535156
ns_elephant_780,resnet50_geirhos_tl,8,4,36,180,40.0,184.0,5.769641876220703,5.836496353149414,-0.06685447692871094
ns_elephant_780,resnet50_geirhos_tl,8,4,36,184,40.0,188.0,5.769641876220703,5.727443218231201,0.04219865798950195
ns_elephant_780,resnet50_geirhos_tl,8,4,36,188,40.0,192.0,5.769641876220703,5.6338396072387695,0.1358022689819336
ns_elephant_780,resnet50_geirhos_tl,8,4,36,192,40.0,196.0,5.769641876220703,5.615830421447754,0.15381145477294922
ns_elephant_780,resnet50_geirhos_tl,8,4,36,196,40.0,200.0,5.769641876220703,5.6351447105407715,0.13449716567993164
ns_elephant_780,resnet50_geirhos_tl,8,4,36,200,40.0,204.0,5.769641876220703,5.67134952545166,0.09829235076904297
ns_elephant_780,resnet50_geirhos_tl,8,4,36,204,40.0,208.0,5.769641876220703,5.679004669189453,0.09063720703125
ns_elephant_780,resnet50_geirhos_tl,8,4,36,208,40.0,212.0,5.769641876220703,5.6908040046691895,0.07883787155151367
ns_elephant_780,resnet50_geirhos_tl,8,4,36,212,40.0,216.0,5.769641876220703,5.696669578552246,0.07297229766845703
ns_elephant_780,resnet50_geirhos_tl,8,4,36,216,40.0,220.0,5.769641876220703,5.747620105743408,0.022021770477294922
ns_elephant_780,resnet50_geirhos_tl,8,4,40,0,44.0,4.0,5.769641876220703,5.7826433181762695,-0.013001441955566406
ns_elephant_780,resnet50_geirhos_tl,8,4,40,4,44.0,8.0,5.769641876220703,5.814865589141846,-0.04522371292114258
ns_elephant_780,resnet50_geirhos_tl,8,4,40,8,44.0,12.0,5.769641876220703,5.7791337966918945,-0.009491920471191406
ns_elephant_780,resnet50_geirhos_tl,8,4,40,12,44.0,16.0,5.769641876220703,5.673544883728027,0.09609699249267578
ns_elephant_780,resnet50_geirhos_tl,8,4,40,16,44.0,20.0,5.769641876220703,5.646764755249023,0.12287712097167969
ns_elephant_780,resnet50_geirhos_tl,8,4,40,20,44.0,24.0,5.769641876220703,5.64955997467041,0.12008190155029297
ns_elephant_780,resnet50_geirhos_tl,8,4,40,24,44.0,28.0,5.769641876220703,5.673333644866943,0.09630823135375977
ns_elephant_780,resnet50_geirhos_tl,8,4,40,28,44.0,32.0,5.769641876220703,5.781396389007568,-0.011754512786865234
ns_elephant_780,resnet50_geirhos_tl,8,4,40,32,44.0,36.0,5.769641876220703,5.712568759918213,0.057073116302490234
ns_elephant_780,resnet50_geirhos_tl,8,4,40,36,44.0,40.0,5.769641876220703,5.803241729736328,-0.033599853515625
ns_elephant_780,resnet50_geirhos_tl,8,4,40,40,44.0,44.0,5.769641876220703,5.723944664001465,0.04569721221923828
ns_elephant_780,resnet50_geirhos_tl,8,4,40,44,44.0,48.0,5.769641876220703,5.76180362701416,0.007838249206542969
ns_elephant_780,resnet50_geirhos_tl,8,4,40,48,44.0,52.0,5.769641876220703,5.735771656036377,0.03387022018432617
ns_elephant_780,resnet50_geirhos_tl,8,4,40,52,44.0,56.0,5.769641876220703,5.777462005615234,-0.00782012939453125
ns_elephant_780,resnet50_geirhos_tl,8,4,40,56,44.0,60.0,5.769641876220703,5.692266941070557,0.07737493515014648
ns_elephant_780,resnet50_geirhos_tl,8,4,40,60,44.0,64.0,5.769641876220703,5.697228908538818,0.07241296768188477
ns_elephant_780,resnet50_geirhos_tl,8,4,40,64,44.0,68.0,5.769641876220703,5.63089656829834,0.13874530792236328
ns_elephant_780,resnet50_geirhos_tl,8,4,40,68,44.0,72.0,5.769641876220703,5.6047444343566895,0.16489744186401367
ns_elephant_780,resnet50_geirhos_tl,8,4,40,72,44.0,76.0,5.769641876220703,5.479101181030273,0.2905406951904297
ns_elephant_780,resnet50_geirhos_tl,8,4,40,76,44.0,80.0,5.769641876220703,5.623438358306885,0.14620351791381836
ns_elephant_780,resnet50_geirhos_tl,8,4,40,80,44.0,84.0,5.769641876220703,5.585036754608154,0.18460512161254883
ns_elephant_780,resnet50_geirhos_tl,8,4,40,84,44.0,88.0,5.769641876220703,5.614006042480469,0.15563583374023438
ns_elephant_780,resnet50_geirhos_tl,8,4,40,88,44.0,92.0,5.769641876220703,5.503741264343262,0.2659006118774414
ns_elephant_780,resnet50_geirhos_tl,8,4,40,92,44.0,96.0,5.769641876220703,5.473614692687988,0.29602718353271484
ns_elephant_780,resnet50_geirhos_tl,8,4,40,96,44.0,100.0,5.769641876220703,5.4877119064331055,0.28192996978759766
ns_elephant_780,resnet50_geirhos_tl,8,4,40,100,44.0,104.0,5.769641876220703,5.523636341094971,0.24600553512573242
ns_elephant_780,resnet50_geirhos_tl,8,4,40,104,44.0,108.0,5.769641876220703,5.574876308441162,0.19476556777954102
ns_elephant_780,resnet50_geirhos_tl,8,4,40,108,44.0,112.0,5.769641876220703,5.574990749359131,0.19465112686157227
ns_elephant_780,resnet50_geirhos_tl,8,4,40,112,44.0,116.0,5.769641876220703,5.636137962341309,0.13350391387939453
ns_elephant_780,resnet50_geirhos_tl,8,4,40,116,44.0,120.0,5.769641876220703,5.67662239074707,0.09301948547363281
ns_elephant_780,resnet50_geirhos_tl,8,4,40,120,44.0,124.0,5.769641876220703,5.742839813232422,0.02680206298828125
ns_elephant_780,resnet50_geirhos_tl,8,4,40,124,44.0,128.0,5.769641876220703,5.794994354248047,-0.02535247802734375
ns_elephant_780,resnet50_geirhos_tl,8,4,40,128,44.0,132.0,5.769641876220703,5.847315788269043,-0.07767391204833984
ns_elephant_780,resnet50_geirhos_tl,8,4,40,132,44.0,136.0,5.769641876220703,5.9080891609191895,-0.13844728469848633
ns_elephant_780,resnet50_geirhos_tl,8,4,40,136,44.0,140.0,5.769641876220703,5.987068176269531,-0.21742630004882812
ns_elephant_780,resnet50_geirhos_tl,8,4,40,140,44.0,144.0,5.769641876220703,5.966109752655029,-0.19646787643432617
ns_elephant_780,resnet50_geirhos_tl,8,4,40,144,44.0,148.0,5.769641876220703,5.9617109298706055,-0.19206905364990234
ns_elephant_780,resnet50_geirhos_tl,8,4,40,148,44.0,152.0,5.769641876220703,5.987060546875,-0.21741867065429688
ns_elephant_780,resnet50_geirhos_tl,8,4,40,152,44.0,156.0,5.769641876220703,5.952511310577393,-0.18286943435668945
ns_elephant_780,resnet50_geirhos_tl,8,4,40,156,44.0,160.0,5.769641876220703,5.972064018249512,-0.2024221420288086
ns_elephant_780,resnet50_geirhos_tl,8,4,40,160,44.0,164.0,5.769641876220703,5.946473121643066,-0.17683124542236328
ns_elephant_780,resnet50_geirhos_tl,8,4,40,164,44.0,168.0,5.769641876220703,6.022034168243408,-0.2523922920227051
ns_elephant_780,resnet50_geirhos_tl,8,4,40,168,44.0,172.0,5.769641876220703,5.943600654602051,-0.17395877838134766
ns_elephant_780,resnet50_geirhos_tl,8,4,40,172,44.0,176.0,5.769641876220703,5.9197258949279785,-0.1500840187072754
ns_elephant_780,resnet50_geirhos_tl,8,4,40,176,44.0,180.0,5.769641876220703,5.811102390289307,-0.041460514068603516
ns_elephant_780,resnet50_geirhos_tl,8,4,40,180,44.0,184.0,5.769641876220703,5.852406024932861,-0.0827641487121582
ns_elephant_780,resnet50_geirhos_tl,8,4,40,184,44.0,188.0,5.769641876220703,5.780974864959717,-0.011332988739013672
ns_elephant_780,resnet50_geirhos_tl,8,4,40,188,44.0,192.0,5.769641876220703,5.717991828918457,0.051650047302246094
ns_elephant_780,resnet50_geirhos_tl,8,4,40,192,44.0,196.0,5.769641876220703,5.69773530960083,0.07190656661987305
ns_elephant_780,resnet50_geirhos_tl,8,4,40,196,44.0,200.0,5.769641876220703,5.701426029205322,0.06821584701538086
ns_elephant_780,resnet50_geirhos_tl,8,4,40,200,44.0,204.0,5.769641876220703,5.659821510314941,0.10982036590576172
ns_elephant_780,resnet50_geirhos_tl,8,4,40,204,44.0,208.0,5.769641876220703,5.69529914855957,0.07434272766113281
ns_elephant_780,resnet50_geirhos_tl,8,4,40,208,44.0,212.0,5.769641876220703,5.706369876861572,0.06327199935913086
ns_elephant_780,resnet50_geirhos_tl,8,4,40,212,44.0,216.0,5.769641876220703,5.735454559326172,0.03418731689453125
ns_elephant_780,resnet50_geirhos_tl,8,4,40,216,44.0,220.0,5.769641876220703,5.763355731964111,0.006286144256591797
ns_elephant_780,resnet50_geirhos_tl,8,4,44,0,48.0,4.0,5.769641876220703,5.8322954177856445,-0.0626535415649414
ns_elephant_780,resnet50_geirhos_tl,8,4,44,4,48.0,8.0,5.769641876220703,5.761512756347656,0.008129119873046875
ns_elephant_780,resnet50_geirhos_tl,8,4,44,8,48.0,12.0,5.769641876220703,5.719437122344971,0.05020475387573242
ns_elephant_780,resnet50_geirhos_tl,8,4,44,12,48.0,16.0,5.769641876220703,5.654715538024902,0.11492633819580078
ns_elephant_780,resnet50_geirhos_tl,8,4,44,16,48.0,20.0,5.769641876220703,5.5729546546936035,0.1966872215270996
ns_elephant_780,resnet50_geirhos_tl,8,4,44,20,48.0,24.0,5.769641876220703,5.622566223144531,0.14707565307617188
ns_elephant_780,resnet50_geirhos_tl,8,4,44,24,48.0,28.0,5.769641876220703,5.726724624633789,0.04291725158691406
ns_elephant_780,resnet50_geirhos_tl,8,4,44,28,48.0,32.0,5.769641876220703,5.726557731628418,0.043084144592285156
ns_elephant_780,resnet50_geirhos_tl,8,4,44,32,48.0,36.0,5.769641876220703,5.704113483428955,0.06552839279174805
ns_elephant_780,resnet50_geirhos_tl,8,4,44,36,48.0,40.0,5.769641876220703,5.709700107574463,0.059941768646240234
ns_elephant_780,resnet50_geirhos_tl,8,4,44,40,48.0,44.0,5.769641876220703,5.523283004760742,0.24635887145996094
ns_elephant_780,resnet50_geirhos_tl,8,4,44,44,48.0,48.0,5.769641876220703,5.663578987121582,0.1060628890991211
ns_elephant_780,resnet50_geirhos_tl,8,4,44,48,48.0,52.0,5.769641876220703,5.578932285308838,0.19070959091186523
ns_elephant_780,resnet50_geirhos_tl,8,4,44,52,48.0,56.0,5.769641876220703,5.66787052154541,0.10177135467529297
ns_elephant_780,resnet50_geirhos_tl,8,4,44,56,48.0,60.0,5.769641876220703,5.581064224243164,0.18857765197753906
ns_elephant_780,resnet50_geirhos_tl,8,4,44,60,48.0,64.0,5.769641876220703,5.729330062866211,0.04031181335449219
ns_elephant_780,resnet50_geirhos_tl,8,4,44,64,48.0,68.0,5.769641876220703,5.732895851135254,0.03674602508544922
ns_elephant_780,resnet50_geirhos_tl,8,4,44,68,48.0,72.0,5.769641876220703,5.636672019958496,0.13296985626220703
ns_elephant_780,resnet50_geirhos_tl,8,4,44,72,48.0,76.0,5.769641876220703,5.604824542999268,0.16481733322143555
ns_elephant_780,resnet50_geirhos_tl,8,4,44,76,48.0,80.0,5.769641876220703,5.705804824829102,0.06383705139160156
ns_elephant_780,resnet50_geirhos_tl,8,4,44,80,48.0,84.0,5.769641876220703,5.72294807434082,0.04669380187988281
ns_elephant_780,resnet50_geirhos_tl,8,4,44,84,48.0,88.0,5.769641876220703,5.695220947265625,0.07442092895507812
ns_elephant_780,resnet50_geirhos_tl,8,4,44,88,48.0,92.0,5.769641876220703,5.546905994415283,0.22273588180541992
ns_elephant_780,resnet50_geirhos_tl,8,4,44,92,48.0,96.0,5.769641876220703,5.5495710372924805,0.22007083892822266
ns_elephant_780,resnet50_geirhos_tl,8,4,44,96,48.0,100.0,5.769641876220703,5.523655414581299,0.2459864616394043
ns_elephant_780,resnet50_geirhos_tl,8,4,44,100,48.0,104.0,5.769641876220703,5.593757629394531,0.17588424682617188
ns_elephant_780,resnet50_geirhos_tl,8,4,44,104,48.0,108.0,5.769641876220703,5.565517902374268,0.20412397384643555
ns_elephant_780,resnet50_geirhos_tl,8,4,44,108,48.0,112.0,5.769641876220703,5.598398208618164,0.17124366760253906
ns_elephant_780,resnet50_geirhos_tl,8,4,44,112,48.0,116.0,5.769641876220703,5.6249895095825195,0.1446523666381836
ns_elephant_780,resnet50_geirhos_tl,8,4,44,116,48.0,120.0,5.769641876220703,5.665112495422363,0.10452938079833984
ns_elephant_780,resnet50_geirhos_tl,8,4,44,120,48.0,124.0,5.769641876220703,5.624162197113037,0.14547967910766602
ns_elephant_780,resnet50_geirhos_tl,8,4,44,124,48.0,128.0,5.769641876220703,5.752358436584473,0.01728343963623047
ns_elephant_780,resnet50_geirhos_tl,8,4,44,128,48.0,132.0,5.769641876220703,5.779057502746582,-0.009415626525878906
ns_elephant_780,resnet50_geirhos_tl,8,4,44,132,48.0,136.0,5.769641876220703,5.90674352645874,-0.1371016502380371
ns_elephant_780,resnet50_geirhos_tl,8,4,44,136,48.0,140.0,5.769641876220703,5.902963161468506,-0.13332128524780273
ns_elephant_780,resnet50_geirhos_tl,8,4,44,140,48.0,144.0,5.769641876220703,5.974874973297119,-0.20523309707641602
ns_elephant_780,resnet50_geirhos_tl,8,4,44,144,48.0,148.0,5.769641876220703,5.90721321105957,-0.1375713348388672
ns_elephant_780,resnet50_geirhos_tl,8,4,44,148,48.0,152.0,5.769641876220703,5.985598087310791,-0.2159562110900879
ns_elephant_780,resnet50_geirhos_tl,8,4,44,152,48.0,156.0,5.769641876220703,5.978222846984863,-0.20858097076416016
ns_elephant_780,resnet50_geirhos_tl,8,4,44,156,48.0,160.0,5.769641876220703,5.994045257568359,-0.22440338134765625
ns_elephant_780,resnet50_geirhos_tl,8,4,44,160,48.0,164.0,5.769641876220703,5.954741477966309,-0.18509960174560547
ns_elephant_780,resnet50_geirhos_tl,8,4,44,164,48.0,168.0,5.769641876220703,6.044288158416748,-0.2746462821960449
ns_elephant_780,resnet50_geirhos_tl,8,4,44,168,48.0,172.0,5.769641876220703,5.999730110168457,-0.2300882339477539
ns_elephant_780,resnet50_geirhos_tl,8,4,44,172,48.0,176.0,5.769641876220703,5.954392433166504,-0.18475055694580078
ns_elephant_780,resnet50_geirhos_tl,8,4,44,176,48.0,180.0,5.769641876220703,5.836561679840088,-0.06691980361938477
ns_elephant_780,resnet50_geirhos_tl,8,4,44,180,48.0,184.0,5.769641876220703,5.8471455574035645,-0.07750368118286133
ns_elephant_780,resnet50_geirhos_tl,8,4,44,184,48.0,188.0,5.769641876220703,5.805330276489258,-0.03568840026855469
ns_elephant_780,resnet50_geirhos_tl,8,4,44,188,48.0,192.0,5.769641876220703,5.756843090057373,0.012798786163330078
ns_elephant_780,resnet50_geirhos_tl,8,4,44,192,48.0,196.0,5.769641876220703,5.775695323944092,-0.006053447723388672
ns_elephant_780,resnet50_geirhos_tl,8,4,44,196,48.0,200.0,5.769641876220703,5.679694175720215,0.08994770050048828
ns_elephant_780,resnet50_geirhos_tl,8,4,44,200,48.0,204.0,5.769641876220703,5.660265922546387,0.1093759536743164
ns_elephant_780,resnet50_geirhos_tl,8,4,44,204,48.0,208.0,5.769641876220703,5.682960510253906,0.08668136596679688
ns_elephant_780,resnet50_geirhos_tl,8,4,44,208,48.0,212.0,5.769641876220703,5.710590839385986,0.0590510368347168
ns_elephant_780,resnet50_geirhos_tl,8,4,44,212,48.0,216.0,5.769641876220703,5.71476411819458,0.05487775802612305
ns_elephant_780,resnet50_geirhos_tl,8,4,44,216,48.0,220.0,5.769641876220703,5.768230438232422,0.00141143798828125
ns_elephant_780,resnet50_geirhos_tl,8,4,48,0,52.0,4.0,5.769641876220703,5.809852123260498,-0.04021024703979492
ns_elephant_780,resnet50_geirhos_tl,8,4,48,4,52.0,8.0,5.769641876220703,5.854833126068115,-0.08519124984741211
ns_elephant_780,resnet50_geirhos_tl,8,4,48,8,52.0,12.0,5.769641876220703,5.754225730895996,0.015416145324707031
ns_elephant_780,resnet50_geirhos_tl,8,4,48,12,52.0,16.0,5.769641876220703,5.606579303741455,0.16306257247924805
ns_elephant_780,resnet50_geirhos_tl,8,4,48,16,52.0,20.0,5.769641876220703,5.539414882659912,0.23022699356079102
ns_elephant_780,resnet50_geirhos_tl,8,4,48,20,52.0,24.0,5.769641876220703,5.652411460876465,0.11723041534423828
ns_elephant_780,resnet50_geirhos_tl,8,4,48,24,52.0,28.0,5.769641876220703,5.623955726623535,0.14568614959716797
ns_elephant_780,resnet50_geirhos_tl,8,4,48,28,52.0,32.0,5.769641876220703,5.698388576507568,0.07125329971313477
ns_elephant_780,resnet50_geirhos_tl,8,4,48,32,52.0,36.0,5.769641876220703,5.749325752258301,0.020316123962402344
ns_elephant_780,resnet50_geirhos_tl,8,4,48,36,52.0,40.0,5.769641876220703,5.771081447601318,-0.0014395713806152344
ns_elephant_780,resnet50_geirhos_tl,8,4,48,40,52.0,44.0,5.769641876220703,5.675105571746826,0.09453630447387695
ns_elephant_780,resnet50_geirhos_tl,8,4,48,44,52.0,48.0,5.769641876220703,5.686378002166748,0.08326387405395508
ns_elephant_780,resnet50_geirhos_tl,8,4,48,48,52.0,52.0,5.769641876220703,5.608055591583252,0.16158628463745117
ns_elephant_780,resnet50_geirhos_tl,8,4,48,52,52.0,56.0,5.769641876220703,5.818272590637207,-0.048630714416503906
ns_elephant_780,resnet50_geirhos_tl,8,4,48,56,52.0,60.0,5.769641876220703,5.7397871017456055,0.029854774475097656
ns_elephant_780,resnet50_geirhos_tl,8,4,48,60,52.0,64.0,5.769641876220703,5.821285724639893,-0.05164384841918945
ns_elephant_780,resnet50_geirhos_tl,8,4,48,64,52.0,68.0,5.769641876220703,5.6295485496521,0.14009332656860352
ns_elephant_780,resnet50_geirhos_tl,8,4,48,68,52.0,72.0,5.769641876220703,5.6446709632873535,0.12497091293334961
ns_elephant_780,resnet50_geirhos_tl,8,4,48,72,52.0,76.0,5.769641876220703,5.640719890594482,0.1289219856262207
ns_elephant_780,resnet50_geirhos_tl,8,4,48,76,52.0,80.0,5.769641876220703,5.80247163772583,-0.03282976150512695
ns_elephant_780,resnet50_geirhos_tl,8,4,48,80,52.0,84.0,5.769641876220703,5.7179436683654785,0.05169820785522461
ns_elephant_780,resnet50_geirhos_tl,8,4,48,84,52.0,88.0,5.769641876220703,5.752552032470703,0.01708984375
ns_elephant_780,resnet50_geirhos_tl,8,4,48,88,52.0,92.0,5.769641876220703,5.607335090637207,0.1623067855834961
ns_elephant_780,resnet50_geirhos_tl,8,4,48,92,52.0,96.0,5.769641876220703,5.569159507751465,0.20048236846923828
ns_elephant_780,resnet50_geirhos_tl,8,4,48,96,52.0,100.0,5.769641876220703,5.496960639953613,0.27268123626708984
ns_elephant_780,resnet50_geirhos_tl,8,4,48,100,52.0,104.0,5.769641876220703,5.503681659698486,0.2659602165222168
ns_elephant_780,resnet50_geirhos_tl,8,4,48,104,52.0,108.0,5.769641876220703,5.475648403167725,0.2939934730529785
ns_elephant_780,resnet50_geirhos_tl,8,4,48,108,52.0,112.0,5.769641876220703,5.455775737762451,0.31386613845825195
ns_elephant_780,resnet50_geirhos_tl,8,4,48,112,52.0,116.0,5.769641876220703,5.5429277420043945,0.2267141342163086
ns_elephant_780,resnet50_geirhos_tl,8,4,48,116,52.0,120.0,5.769641876220703,5.542752265930176,0.22688961029052734
ns_elephant_780,resnet50_geirhos_tl,8,4,48,120,52.0,124.0,5.769641876220703,5.561858177185059,0.20778369903564453
ns_elephant_780,resnet50_geirhos_tl,8,4,48,124,52.0,128.0,5.769641876220703,5.612363815307617,0.15727806091308594
ns_elephant_780,resnet50_geirhos_tl,8,4,48,128,52.0,132.0,5.769641876220703,5.662403583526611,0.1072382926940918
ns_elephant_780,resnet50_geirhos_tl,8,4,48,132,52.0,136.0,5.769641876220703,5.722226619720459,0.04741525650024414
ns_elephant_780,resnet50_geirhos_tl,8,4,48,136,52.0,140.0,5.769641876220703,5.82589864730835,-0.056256771087646484
ns_elephant_780,resnet50_geirhos_tl,8,4,48,140,52.0,144.0,5.769641876220703,5.845839023590088,-0.07619714736938477
ns_elephant_780,resnet50_geirhos_tl,8,4,48,144,52.0,148.0,5.769641876220703,5.808184623718262,-0.038542747497558594
ns_elephant_780,resnet50_geirhos_tl,8,4,48,148,52.0,152.0,5.769641876220703,5.852565765380859,-0.08292388916015625
ns_elephant_780,resnet50_geirhos_tl,8,4,48,152,52.0,156.0,5.769641876220703,5.8786468505859375,-0.10900497436523438
ns_elephant_780,resnet50_geirhos_tl,8,4,48,156,52.0,160.0,5.769641876220703,5.855784893035889,-0.08614301681518555
ns_elephant_780,resnet50_geirhos_tl,8,4,48,160,52.0,164.0,5.769641876220703,5.84608793258667,-0.0764460563659668
ns_elephant_780,resnet50_geirhos_tl,8,4,48,164,52.0,168.0,5.769641876220703,6.018320083618164,-0.24867820739746094
ns_elephant_780,resnet50_geirhos_tl,8,4,48,168,52.0,172.0,5.769641876220703,5.97251033782959,-0.20286846160888672
ns_elephant_780,resnet50_geirhos_tl,8,4,48,172,52.0,176.0,5.769641876220703,5.938454627990723,-0.16881275177001953
ns_elephant_780,resnet50_geirhos_tl,8,4,48,176,52.0,180.0,5.769641876220703,5.820448398590088,-0.050806522369384766
ns_elephant_780,resnet50_geirhos_tl,8,4,48,180,52.0,184.0,5.769641876220703,5.843003749847412,-0.07336187362670898
ns_elephant_780,resnet50_geirhos_tl,8,4,48,184,52.0,188.0,5.769641876220703,5.827126502990723,-0.05748462677001953
ns_elephant_780,resnet50_geirhos_tl,8,4,48,188,52.0,192.0,5.769641876220703,5.823774814605713,-0.054132938385009766
ns_elephant_780,resnet50_geirhos_tl,8,4,48,192,52.0,196.0,5.769641876220703,5.776465892791748,-0.006824016571044922
ns_elephant_780,resnet50_geirhos_tl,8,4,48,196,52.0,200.0,5.769641876220703,5.734665393829346,0.03497648239135742
ns_elephant_780,resnet50_geirhos_tl,8,4,48,200,52.0,204.0,5.769641876220703,5.704217910766602,0.06542396545410156
ns_elephant_780,resnet50_geirhos_tl,8,4,48,204,52.0,208.0,5.769641876220703,5.716975212097168,0.052666664123535156
ns_elephant_780,resnet50_geirhos_tl,8,4,48,208,52.0,212.0,5.769641876220703,5.733981609344482,0.0356602668762207
ns_elephant_780,resnet50_geirhos_tl,8,4,48,212,52.0,216.0,5.769641876220703,5.7443437576293945,0.025298118591308594
ns_elephant_780,resnet50_geirhos_tl,8,4,48,216,52.0,220.0,5.769641876220703,5.755404472351074,0.014237403869628906
ns_elephant_780,resnet50_geirhos_tl,8,4,52,0,56.0,4.0,5.769641876220703,5.824554443359375,-0.054912567138671875
ns_elephant_780,resnet50_geirhos_tl,8,4,52,4,56.0,8.0,5.769641876220703,5.935318946838379,-0.16567707061767578
ns_elephant_780,resnet50_geirhos_tl,8,4,52,8,56.0,12.0,5.769641876220703,5.8921942710876465,-0.12255239486694336
ns_elephant_780,resnet50_geirhos_tl,8,4,52,12,56.0,16.0,5.769641876220703,5.654699325561523,0.11494255065917969
ns_elephant_780,resnet50_geirhos_tl,8,4,52,16,56.0,20.0,5.769641876220703,5.557249069213867,0.21239280700683594
ns_elephant_780,resnet50_geirhos_tl,8,4,52,20,56.0,24.0,5.769641876220703,5.631802082061768,0.13783979415893555
ns_elephant_780,resnet50_geirhos_tl,8,4,52,24,56.0,28.0,5.769641876220703,5.634084224700928,0.1355576515197754
ns_elephant_780,resnet50_geirhos_tl,8,4,52,28,56.0,32.0,5.769641876220703,5.713855266571045,0.0557866096496582
ns_elephant_780,resnet50_geirhos_tl,8,4,52,32,56.0,36.0,5.769641876220703,5.770914077758789,-0.0012722015380859375
ns_elephant_780,resnet50_geirhos_tl,8,4,52,36,56.0,40.0,5.769641876220703,5.74107027053833,0.028571605682373047
ns_elephant_780,resnet50_geirhos_tl,8,4,52,40,56.0,44.0,5.769641876220703,5.706316947937012,0.0633249282836914
ns_elephant_780,resnet50_geirhos_tl,8,4,52,44,56.0,48.0,5.769641876220703,5.8336310386657715,-0.06398916244506836
ns_elephant_780,resnet50_geirhos_tl,8,4,52,48,56.0,52.0,5.769641876220703,5.754037857055664,0.015604019165039062
ns_elephant_780,resnet50_geirhos_tl,8,4,52,52,56.0,56.0,5.769641876220703,5.914581298828125,-0.14493942260742188
ns_elephant_780,resnet50_geirhos_tl,8,4,52,56,56.0,60.0,5.769641876220703,5.875032901763916,-0.10539102554321289
ns_elephant_780,resnet50_geirhos_tl,8,4,52,60,56.0,64.0,5.769641876220703,6.069462776184082,-0.2998208999633789
ns_elephant_780,resnet50_geirhos_tl,8,4,52,64,56.0,68.0,5.769641876220703,5.653818130493164,0.11582374572753906
ns_elephant_780,resnet50_geirhos_tl,8,4,52,68,56.0,72.0,5.769641876220703,5.511311054229736,0.2583308219909668
ns_elephant_780,resnet50_geirhos_tl,8,4,52,72,56.0,76.0,5.769641876220703,5.5593719482421875,0.21026992797851562
ns_elephant_780,resnet50_geirhos_tl,8,4,52,76,56.0,80.0,5.769641876220703,5.664119720458984,0.10552215576171875
ns_elephant_780,resnet50_geirhos_tl,8,4,52,80,56.0,84.0,5.769641876220703,5.694342613220215,0.07529926300048828
ns_elephant_780,resnet50_geirhos_tl,8,4,52,84,56.0,88.0,5.769641876220703,5.755665302276611,0.013976573944091797
ns_elephant_780,resnet50_geirhos_tl,8,4,52,88,56.0,92.0,5.769641876220703,5.5979437828063965,0.17169809341430664
ns_elephant_780,resnet50_geirhos_tl,8,4,52,92,56.0,96.0,5.769641876220703,5.623538494110107,0.1461033821105957
ns_elephant_780,resnet50_geirhos_tl,8,4,52,96,56.0,100.0,5.769641876220703,5.532856464385986,0.2367854118347168
ns_elephant_780,resnet50_geirhos_tl,8,4,52,100,56.0,104.0,5.769641876220703,5.558486461639404,0.21115541458129883
ns_elephant_780,resnet50_geirhos_tl,8,4,52,104,56.0,108.0,5.769641876220703,5.439610004425049,0.3300318717956543
ns_elephant_780,resnet50_geirhos_tl,8,4,52,108,56.0,112.0,5.769641876220703,5.46354866027832,0.3060932159423828
ns_elephant_780,resnet50_geirhos_tl,8,4,52,112,56.0,116.0,5.769641876220703,5.436139106750488,0.33350276947021484
ns_elephant_780,resnet50_geirhos_tl,8,4,52,116,56.0,120.0,5.769641876220703,5.533127307891846,0.23651456832885742
ns_elephant_780,resnet50_geirhos_tl,8,4,52,120,56.0,124.0,5.769641876220703,5.464186191558838,0.30545568466186523
ns_elephant_780,resnet50_geirhos_tl,8,4,52,124,56.0,128.0,5.769641876220703,5.606356620788574,0.1632852554321289
ns_elephant_780,resnet50_geirhos_tl,8,4,52,128,56.0,132.0,5.769641876220703,5.574099540710449,0.1955423355102539
ns_elephant_780,resnet50_geirhos_tl,8,4,52,132,56.0,136.0,5.769641876220703,5.763311386108398,0.0063304901123046875
ns_elephant_780,resnet50_geirhos_tl,8,4,52,136,56.0,140.0,5.769641876220703,5.837508201599121,-0.06786632537841797
ns_elephant_780,resnet50_geirhos_tl,8,4,52,140,56.0,144.0,5.769641876220703,5.911829471588135,-0.14218759536743164
ns_elephant_780,resnet50_geirhos_tl,8,4,52,144,56.0,148.0,5.769641876220703,5.826561450958252,-0.05691957473754883
ns_elephant_780,resnet50_geirhos_tl,8,4,52,148,56.0,152.0,5.769641876220703,5.866494178771973,-0.09685230255126953
ns_elephant_780,resnet50_geirhos_tl,8,4,52,152,56.0,156.0,5.769641876220703,5.843410968780518,-0.07376909255981445
ns_elephant_780,resnet50_geirhos_tl,8,4,52,156,56.0,160.0,5.769641876220703,5.810097694396973,-0.04045581817626953
ns_elephant_780,resnet50_geirhos_tl,8,4,52,160,56.0,164.0,5.769641876220703,5.804677963256836,-0.03503608703613281
ns_elephant_780,resnet50_geirhos_tl,8,4,52,164,56.0,168.0,5.769641876220703,5.980131149291992,-0.21048927307128906
ns_elephant_780,resnet50_geirhos_tl,8,4,52,168,56.0,172.0,5.769641876220703,5.971752166748047,-0.20211029052734375
ns_elephant_780,resnet50_geirhos_tl,8,4,52,172,56.0,176.0,5.769641876220703,5.986458778381348,-0.21681690216064453
ns_elephant_780,resnet50_geirhos_tl,8,4,52,176,56.0,180.0,5.769641876220703,5.925410747528076,-0.15576887130737305
ns_elephant_780,resnet50_geirhos_tl,8,4,52,180,56.0,184.0,5.769641876220703,5.9514970779418945,-0.1818552017211914
ns_elephant_780,resnet50_geirhos_tl,8,4,52,184,56.0,188.0,5.769641876220703,5.877288818359375,-0.10764694213867188
ns_elephant_780,resnet50_geirhos_tl,8,4,52,188,56.0,192.0,5.769641876220703,5.891287326812744,-0.12164545059204102
ns_elephant_780,resnet50_geirhos_tl,8,4,52,192,56.0,196.0,5.769641876220703,5.782429218292236,-0.012787342071533203
ns_elephant_780,resnet50_geirhos_tl,8,4,52,196,56.0,200.0,5.769641876220703,5.734930992126465,0.03471088409423828
ns_elephant_780,resnet50_geirhos_tl,8,4,52,200,56.0,204.0,5.769641876220703,5.702524185180664,0.06711769104003906
ns_elephant_780,resnet50_geirhos_tl,8,4,52,204,56.0,208.0,5.769641876220703,5.720037937164307,0.049603939056396484
ns_elephant_780,resnet50_geirhos_tl,8,4,52,208,56.0,212.0,5.769641876220703,5.737086296081543,0.032555580139160156
ns_elephant_780,resnet50_geirhos_tl,8,4,52,212,56.0,216.0,5.769641876220703,5.742920398712158,0.026721477508544922
ns_elephant_780,resnet50_geirhos_tl,8,4,52,216,56.0,220.0,5.769641876220703,5.756135940551758,0.013505935668945312
ns_elephant_780,resnet50_geirhos_tl,8,4,56,0,60.0,4.0,5.769641876220703,5.859613418579102,-0.08997154235839844
ns_elephant_780,resnet50_geirhos_tl,8,4,56,4,60.0,8.0,5.769641876220703,6.005194664001465,-0.23555278778076172
ns_elephant_780,resnet50_geirhos_tl,8,4,56,8,60.0,12.0,5.769641876220703,6.093262195587158,-0.3236203193664551
ns_elephant_780,resnet50_geirhos_tl,8,4,56,12,60.0,16.0,5.769641876220703,5.89712381362915,-0.12748193740844727
ns_elephant_780,resnet50_geirhos_tl,8,4,56,16,60.0,20.0,5.769641876220703,5.737033843994141,0.0326080322265625
ns_elephant_780,resnet50_geirhos_tl,8,4,56,20,60.0,24.0,5.769641876220703,5.811935901641846,-0.04229402542114258
ns_elephant_780,resnet50_geirhos_tl,8,4,56,24,60.0,28.0,5.769641876220703,5.808537006378174,-0.0388951301574707
ns_elephant_780,resnet50_geirhos_tl,8,4,56,28,60.0,32.0,5.769641876220703,5.805669784545898,-0.03602790832519531
ns_elephant_780,resnet50_geirhos_tl,8,4,56,32,60.0,36.0,5.769641876220703,5.864197731018066,-0.09455585479736328
ns_elephant_780,resnet50_geirhos_tl,8,4,56,36,60.0,40.0,5.769641876220703,5.898106575012207,-0.1284646987915039
ns_elephant_780,resnet50_geirhos_tl,8,4,56,40,60.0,44.0,5.769641876220703,5.9078569412231445,-0.1382150650024414
ns_elephant_780,resnet50_geirhos_tl,8,4,56,44,60.0,48.0,5.769641876220703,5.9044060707092285,-0.1347641944885254
ns_elephant_780,resnet50_geirhos_tl,8,4,56,48,60.0,52.0,5.769641876220703,5.925875663757324,-0.1562337875366211
ns_elephant_780,resnet50_geirhos_tl,8,4,56,52,60.0,56.0,5.769641876220703,5.946950435638428,-0.1773085594177246
ns_elephant_780,resnet50_geirhos_tl,8,4,56,56,60.0,60.0,5.769641876220703,5.964305400848389,-0.19466352462768555
ns_elephant_780,resnet50_geirhos_tl,8,4,56,60,60.0,64.0,5.769641876220703,6.053534984588623,-0.2838931083679199
ns_elephant_780,resnet50_geirhos_tl,8,4,56,64,60.0,68.0,5.769641876220703,5.94183349609375,-0.17219161987304688
ns_elephant_780,resnet50_geirhos_tl,8,4,56,68,60.0,72.0,5.769641876220703,5.613532066345215,0.15610980987548828
ns_elephant_780,resnet50_geirhos_tl,8,4,56,72,60.0,76.0,5.769641876220703,5.491687774658203,0.2779541015625
ns_elephant_780,resnet50_geirhos_tl,8,4,56,76,60.0,80.0,5.769641876220703,5.673344612121582,0.0962972640991211
ns_elephant_780,resnet50_geirhos_tl,8,4,56,80,60.0,84.0,5.769641876220703,5.8060407638549805,-0.036398887634277344
ns_elephant_780,resnet50_geirhos_tl,8,4,56,84,60.0,88.0,5.769641876220703,5.848328590393066,-0.07868671417236328
ns_elephant_780,resnet50_geirhos_tl,8,4,56,88,60.0,92.0,5.769641876220703,5.771010875701904,-0.0013689994812011719
ns_elephant_780,resnet50_geirhos_tl,8,4,56,92,60.0,96.0,5.769641876220703,5.786520957946777,-0.01687908172607422
ns_elephant_780,resnet50_geirhos_tl,8,4,56,96,60.0,100.0,5.769641876220703,5.693948745727539,0.07569313049316406
ns_elephant_780,resnet50_geirhos_tl,8,4,56,100,60.0,104.0,5.769641876220703,5.624197959899902,0.14544391632080078
ns_elephant_780,resnet50_geirhos_tl,8,4,56,104,60.0,108.0,5.769641876220703,5.540409088134766,0.2292327880859375
ns_elephant_780,resnet50_geirhos_tl,8,4,56,108,60.0,112.0,5.769641876220703,5.576046466827393,0.19359540939331055
ns_elephant_780,resnet50_geirhos_tl,8,4,56,112,60.0,116.0,5.769641876220703,5.584669589996338,0.18497228622436523
ns_elephant_780,resnet50_geirhos_tl,8,4,56,116,60.0,120.0,5.769641876220703,5.627530097961426,0.14211177825927734
ns_elephant_780,resnet50_geirhos_tl,8,4,56,120,60.0,124.0,5.769641876220703,5.550002098083496,0.21963977813720703
ns_elephant_780,resnet50_geirhos_tl,8,4,56,124,60.0,128.0,5.769641876220703,5.560916900634766,0.2087249755859375
ns_elephant_780,resnet50_geirhos_tl,8,4,56,128,60.0,132.0,5.769641876220703,5.626898765563965,0.14274311065673828
ns_elephant_780,resnet50_geirhos_tl,8,4,56,132,60.0,136.0,5.769641876220703,5.722445487976074,0.047196388244628906
ns_elephant_780,resnet50_geirhos_tl,8,4,56,136,60.0,140.0,5.769641876220703,5.799933433532715,-0.03029155731201172
ns_elephant_780,resnet50_geirhos_tl,8,4,56,140,60.0,144.0,5.769641876220703,5.901335716247559,-0.13169384002685547
ns_elephant_780,resnet50_geirhos_tl,8,4,56,144,60.0,148.0,5.769641876220703,5.860764026641846,-0.09112215042114258
ns_elephant_780,resnet50_geirhos_tl,8,4,56,148,60.0,152.0,5.769641876220703,5.892692565917969,-0.12305068969726562
ns_elephant_780,resnet50_geirhos_tl,8,4,56,152,60.0,156.0,5.769641876220703,5.835362911224365,-0.06572103500366211
ns_elephant_780,resnet50_geirhos_tl,8,4,56,156,60.0,160.0,5.769641876220703,5.845537185668945,-0.07589530944824219
ns_elephant_780,resnet50_geirhos_tl,8,4,56,160,60.0,164.0,5.769641876220703,5.775615215301514,-0.005973339080810547
ns_elephant_780,resnet50_geirhos_tl,8,4,56,164,60.0,168.0,5.769641876220703,5.982613563537598,-0.21297168731689453
ns_elephant_780,resnet50_geirhos_tl,8,4,56,168,60.0,172.0,5.769641876220703,5.998965740203857,-0.2293238639831543
ns_elephant_780,resnet50_geirhos_tl,8,4,56,172,60.0,176.0,5.769641876220703,6.041654109954834,-0.27201223373413086
ns_elephant_780,resnet50_geirhos_tl,8,4,56,176,60.0,180.0,5.769641876220703,5.941244125366211,-0.1716022491455078
ns_elephant_780,resnet50_geirhos_tl,8,4,56,180,60.0,184.0,5.769641876220703,5.960872650146484,-0.19123077392578125
ns_elephant_780,resnet50_geirhos_tl,8,4,56,184,60.0,188.0,5.769641876220703,5.9000020027160645,-0.13036012649536133
ns_elephant_780,resnet50_geirhos_tl,8,4,56,188,60.0,192.0,5.769641876220703,5.878363132476807,-0.10872125625610352
ns_elephant_780,resnet50_geirhos_tl,8,4,56,192,60.0,196.0,5.769641876220703,5.813929080963135,-0.04428720474243164
ns_elephant_780,resnet50_geirhos_tl,8,4,56,196,60.0,200.0,5.769641876220703,5.792503833770752,-0.022861957550048828
ns_elephant_780,resnet50_geirhos_tl,8,4,56,200,60.0,204.0,5.769641876220703,5.717605113983154,0.05203676223754883
ns_elephant_780,resnet50_geirhos_tl,8,4,56,204,60.0,208.0,5.769641876220703,5.753979682922363,0.015662193298339844
ns_elephant_780,resnet50_geirhos_tl,8,4,56,208,60.0,212.0,5.769641876220703,5.749392986297607,0.020248889923095703
ns_elephant_780,resnet50_geirhos_tl,8,4,56,212,60.0,216.0,5.769641876220703,5.7497477531433105,0.019894123077392578
ns_elephant_780,resnet50_geirhos_tl,8,4,56,216,60.0,220.0,5.769641876220703,5.7688307762146,0.0008111000061035156
ns_elephant_780,resnet50_geirhos_tl,8,4,60,0,64.0,4.0,5.769641876220703,5.766737937927246,0.0029039382934570312
ns_elephant_780,resnet50_geirhos_tl,8,4,60,4,64.0,8.0,5.769641876220703,5.857982158660889,-0.08834028244018555
ns_elephant_780,resnet50_geirhos_tl,8,4,60,8,64.0,12.0,5.769641876220703,6.02311372756958,-0.25347185134887695
ns_elephant_780,resnet50_geirhos_tl,8,4,60,12,64.0,16.0,5.769641876220703,6.043527603149414,-0.27388572692871094
ns_elephant_780,resnet50_geirhos_tl,8,4,60,16,64.0,20.0,5.769641876220703,6.004978656768799,-0.2353367805480957
ns_elephant_780,resnet50_geirhos_tl,8,4,60,20,64.0,24.0,5.769641876220703,6.054566383361816,-0.2849245071411133
ns_elephant_780,resnet50_geirhos_tl,8,4,60,24,64.0,28.0,5.769641876220703,6.130658149719238,-0.36101627349853516
ns_elephant_780,resnet50_geirhos_tl,8,4,60,28,64.0,32.0,5.769641876220703,5.989495754241943,-0.21985387802124023
ns_elephant_780,resnet50_geirhos_tl,8,4,60,32,64.0,36.0,5.769641876220703,5.987164497375488,-0.21752262115478516
ns_elephant_780,resnet50_geirhos_tl,8,4,60,36,64.0,40.0,5.769641876220703,6.090753555297852,-0.32111167907714844
ns_elephant_780,resnet50_geirhos_tl,8,4,60,40,64.0,44.0,5.769641876220703,5.865246772766113,-0.09560489654541016
ns_elephant_780,resnet50_geirhos_tl,8,4,60,44,64.0,48.0,5.769641876220703,5.888290882110596,-0.11864900588989258
ns_elephant_780,resnet50_geirhos_tl,8,4,60,48,64.0,52.0,5.769641876220703,5.84154748916626,-0.07190561294555664
ns_elephant_780,resnet50_geirhos_tl,8,4,60,52,64.0,56.0,5.769641876220703,5.8176045417785645,-0.04796266555786133
ns_elephant_780,resnet50_geirhos_tl,8,4,60,56,64.0,60.0,5.769641876220703,5.979985237121582,-0.2103433609008789
ns_elephant_780,resnet50_geirhos_tl,8,4,60,60,64.0,64.0,5.769641876220703,6.06751012802124,-0.2978682518005371
ns_elephant_780,resnet50_geirhos_tl,8,4,60,64,64.0,68.0,5.769641876220703,6.039820671081543,-0.27017879486083984
ns_elephant_780,resnet50_geirhos_tl,8,4,60,68,64.0,72.0,5.769641876220703,5.878317832946777,-0.10867595672607422
ns_elephant_780,resnet50_geirhos_tl,8,4,60,72,64.0,76.0,5.769641876220703,5.67542839050293,0.09421348571777344
ns_elephant_780,resnet50_geirhos_tl,8,4,60,76,64.0,80.0,5.769641876220703,5.708899021148682,0.060742855072021484
ns_elephant_780,resnet50_geirhos_tl,8,4,60,80,64.0,84.0,5.769641876220703,5.806877613067627,-0.03723573684692383
ns_elephant_780,resnet50_geirhos_tl,8,4,60,84,64.0,88.0,5.769641876220703,5.875776290893555,-0.10613441467285156
ns_elephant_780,resnet50_geirhos_tl,8,4,60,88,64.0,92.0,5.769641876220703,5.806303977966309,-0.03666210174560547
ns_elephant_780,resnet50_geirhos_tl,8,4,60,92,64.0,96.0,5.769641876220703,5.841784954071045,-0.0721430778503418
ns_elephant_780,resnet50_geirhos_tl,8,4,60,96,64.0,100.0,5.769641876220703,5.709864139556885,0.05977773666381836
ns_elephant_780,resnet50_geirhos_tl,8,4,60,100,64.0,104.0,5.769641876220703,5.752737045288086,0.016904830932617188
ns_elephant_780,resnet50_geirhos_tl,8,4,60,104,64.0,108.0,5.769641876220703,5.619927406311035,0.14971446990966797
ns_elephant_780,resnet50_geirhos_tl,8,4,60,108,64.0,112.0,5.769641876220703,5.696640968322754,0.07300090789794922
ns_elephant_780,resnet50_geirhos_tl,8,4,60,112,64.0,116.0,5.769641876220703,5.570919036865234,0.19872283935546875
ns_elephant_780,resnet50_geirhos_tl,8,4,60,116,64.0,120.0,5.769641876220703,5.6807942390441895,0.08884763717651367
ns_elephant_780,resnet50_geirhos_tl,8,4,60,120,64.0,124.0,5.769641876220703,5.524262428283691,0.24537944793701172
ns_elephant_780,resnet50_geirhos_tl,8,4,60,124,64.0,128.0,5.769641876220703,5.620347499847412,0.14929437637329102
ns_elephant_780,resnet50_geirhos_tl,8,4,60,128,64.0,132.0,5.769641876220703,5.5637712478637695,0.2058706283569336
ns_elephant_780,resnet50_geirhos_tl,8,4,60,132,64.0,136.0,5.769641876220703,5.805439472198486,-0.0357975959777832
ns_elephant_780,resnet50_geirhos_tl,8,4,60,136,64.0,140.0,5.769641876220703,5.790558815002441,-0.02091693878173828
ns_elephant_780,resnet50_geirhos_tl,8,4,60,140,64.0,144.0,5.769641876220703,5.888805866241455,-0.11916399002075195
ns_elephant_780,resnet50_geirhos_tl,8,4,60,144,64.0,148.0,5.769641876220703,5.773012161254883,-0.0033702850341796875
ns_elephant_780,resnet50_geirhos_tl,8,4,60,148,64.0,152.0,5.769641876220703,5.881752967834473,-0.11211109161376953
ns_elephant_780,resnet50_geirhos_tl,8,4,60,152,64.0,156.0,5.769641876220703,5.840247631072998,-0.07060575485229492
ns_elephant_780,resnet50_geirhos_tl,8,4,60,156,64.0,160.0,5.769641876220703,5.82430362701416,-0.05466175079345703
ns_elephant_780,resnet50_geirhos_tl,8,4,60,160,64.0,164.0,5.769641876220703,5.782461643218994,-0.012819766998291016
ns_elephant_780,resnet50_geirhos_tl,8,4,60,164,64.0,168.0,5.769641876220703,5.996191501617432,-0.22654962539672852
ns_elephant_780,resnet50_geirhos_tl,8,4,60,168,64.0,172.0,5.769641876220703,6.031404495239258,-0.2617626190185547
ns_elephant_780,resnet50_geirhos_tl,8,4,60,172,64.0,176.0,5.769641876220703,6.043244361877441,-0.2736024856567383
ns_elephant_780,resnet50_geirhos_tl,8,4,60,176,64.0,180.0,5.769641876220703,5.994348049163818,-0.22470617294311523
ns_elephant_780,resnet50_geirhos_tl,8,4,60,180,64.0,184.0,5.769641876220703,5.991820812225342,-0.22217893600463867
ns_elephant_780,resnet50_geirhos_tl,8,4,60,184,64.0,188.0,5.769641876220703,5.9222412109375,-0.15259933471679688
ns_elephant_780,resnet50_geirhos_tl,8,4,60,188,64.0,192.0,5.769641876220703,5.914758682250977,-0.14511680603027344
ns_elephant_780,resnet50_geirhos_tl,8,4,60,192,64.0,196.0,5.769641876220703,5.791228294372559,-0.02158641815185547
ns_elephant_780,resnet50_geirhos_tl,8,4,60,196,64.0,200.0,5.769641876220703,5.779935836791992,-0.010293960571289062
ns_elephant_780,resnet50_geirhos_tl,8,4,60,200,64.0,204.0,5.769641876220703,5.723490238189697,0.04615163803100586
ns_elephant_780,resnet50_geirhos_tl,8,4,60,204,64.0,208.0,5.769641876220703,5.745616912841797,0.02402496337890625
ns_elephant_780,resnet50_geirhos_tl,8,4,60,208,64.0,212.0,5.769641876220703,5.789228916168213,-0.019587039947509766
ns_elephant_780,resnet50_geirhos_tl,8,4,60,212,64.0,216.0,5.769641876220703,5.766566753387451,0.003075122833251953
ns_elephant_780,resnet50_geirhos_tl,8,4,60,216,64.0,220.0,5.769641876220703,5.784754276275635,-0.01511240005493164
ns_elephant_780,resnet50_geirhos_tl,8,4,64,0,68.0,4.0,5.769641876220703,5.76328706741333,0.006354808807373047
ns_elephant_780,resnet50_geirhos_tl,8,4,64,4,68.0,8.0,5.769641876220703,5.732540130615234,0.03710174560546875
ns_elephant_780,resnet50_geirhos_tl,8,4,64,8,68.0,12.0,5.769641876220703,5.790107727050781,-0.020465850830078125
ns_elephant_780,resnet50_geirhos_tl,8,4,64,12,68.0,16.0,5.769641876220703,5.999722003936768,-0.23008012771606445
ns_elephant_780,resnet50_geirhos_tl,8,4,64,16,68.0,20.0,5.769641876220703,5.935216903686523,-0.1655750274658203
ns_elephant_780,resnet50_geirhos_tl,8,4,64,20,68.0,24.0,5.769641876220703,5.995059013366699,-0.2254171371459961
ns_elephant_780,resnet50_geirhos_tl,8,4,64,24,68.0,28.0,5.769641876220703,5.9774065017700195,-0.2077646255493164
ns_elephant_780,resnet50_geirhos_tl,8,4,64,28,68.0,32.0,5.769641876220703,5.931285858154297,-0.16164398193359375
ns_elephant_780,resnet50_geirhos_tl,8,4,64,32,68.0,36.0,5.769641876220703,5.899438858032227,-0.12979698181152344
ns_elephant_780,resnet50_geirhos_tl,8,4,64,36,68.0,40.0,5.769641876220703,5.866356372833252,-0.09671449661254883
ns_elephant_780,resnet50_geirhos_tl,8,4,64,40,68.0,44.0,5.769641876220703,5.784413814544678,-0.01477193832397461
ns_elephant_780,resnet50_geirhos_tl,8,4,64,44,68.0,48.0,5.769641876220703,5.681334495544434,0.08830738067626953
ns_elephant_780,resnet50_geirhos_tl,8,4,64,48,68.0,52.0,5.769641876220703,5.603307247161865,0.1663346290588379
ns_elephant_780,resnet50_geirhos_tl,8,4,64,52,68.0,56.0,5.769641876220703,5.670974254608154,0.09866762161254883
ns_elephant_780,resnet50_geirhos_tl,8,4,64,56,68.0,60.0,5.769641876220703,5.929834365844727,-0.16019248962402344
ns_elephant_780,resnet50_geirhos_tl,8,4,64,60,68.0,64.0,5.769641876220703,5.9710164070129395,-0.20137453079223633
ns_elephant_780,resnet50_geirhos_tl,8,4,64,64,68.0,68.0,5.769641876220703,6.114762306213379,-0.3451204299926758
ns_elephant_780,resnet50_geirhos_tl,8,4,64,68,68.0,72.0,5.769641876220703,5.869955062866211,-0.10031318664550781
ns_elephant_780,resnet50_geirhos_tl,8,4,64,72,68.0,76.0,5.769641876220703,5.7387261390686035,0.03091573715209961
ns_elephant_780,resnet50_geirhos_tl,8,4,64,76,68.0,80.0,5.769641876220703,5.788233280181885,-0.01859140396118164
ns_elephant_780,resnet50_geirhos_tl,8,4,64,80,68.0,84.0,5.769641876220703,5.851439952850342,-0.08179807662963867
ns_elephant_780,resnet50_geirhos_tl,8,4,64,84,68.0,88.0,5.769641876220703,5.9367146492004395,-0.16707277297973633
ns_elephant_780,resnet50_geirhos_tl,8,4,64,88,68.0,92.0,5.769641876220703,5.89458703994751,-0.12494516372680664
ns_elephant_780,resnet50_geirhos_tl,8,4,64,92,68.0,96.0,5.769641876220703,5.858297348022461,-0.08865547180175781
ns_elephant_780,resnet50_geirhos_tl,8,4,64,96,68.0,100.0,5.769641876220703,5.83867883682251,-0.06903696060180664
ns_elephant_780,resnet50_geirhos_tl,8,4,64,100,68.0,104.0,5.769641876220703,5.77435827255249,-0.004716396331787109
ns_elephant_780,resnet50_geirhos_tl,8,4,64,104,68.0,108.0,5.769641876220703,5.676115036010742,0.09352684020996094
ns_elephant_780,resnet50_geirhos_tl,8,4,64,108,68.0,112.0,5.769641876220703,5.731182098388672,0.03845977783203125
ns_elephant_780,resnet50_geirhos_tl,8,4,64,112,68.0,116.0,5.769641876220703,5.686240196228027,0.08340167999267578
ns_elephant_780,resnet50_geirhos_tl,8,4,64,116,68.0,120.0,5.769641876220703,5.713710308074951,0.05593156814575195
ns_elephant_780,resnet50_geirhos_tl,8,4,64,120,68.0,124.0,5.769641876220703,5.654776573181152,0.11486530303955078
ns_elephant_780,resnet50_geirhos_tl,8,4,64,124,68.0,128.0,5.769641876220703,5.5996809005737305,0.16996097564697266
ns_elephant_780,resnet50_geirhos_tl,8,4,64,128,68.0,132.0,5.769641876220703,5.625476837158203,0.1441650390625
ns_elephant_780,resnet50_geirhos_tl,8,4,64,132,68.0,136.0,5.769641876220703,5.659096717834473,0.11054515838623047
ns_elephant_780,resnet50_geirhos_tl,8,4,64,136,68.0,140.0,5.769641876220703,5.809061050415039,-0.03941917419433594
ns_elephant_780,resnet50_geirhos_tl,8,4,64,140,68.0,144.0,5.769641876220703,5.758169174194336,0.011472702026367188
ns_elephant_780,resnet50_geirhos_tl,8,4,64,144,68.0,148.0,5.769641876220703,5.722945690155029,0.04669618606567383
ns_elephant_780,resnet50_geirhos_tl,8,4,64,148,68.0,152.0,5.769641876220703,5.738541603088379,0.03110027313232422
ns_elephant_780,resnet50_geirhos_tl,8,4,64,152,68.0,156.0,5.769641876220703,5.722270965576172,0.04737091064453125
ns_elephant_780,resnet50_geirhos_tl,8,4,64,156,68.0,160.0,5.769641876220703,5.775931358337402,-0.006289482116699219
ns_elephant_780,resnet50_geirhos_tl,8,4,64,160,68.0,164.0,5.769641876220703,5.793364524841309,-0.02372264862060547
ns_elephant_780,resnet50_geirhos_tl,8,4,64,164,68.0,168.0,5.769641876220703,5.934178829193115,-0.1645369529724121
ns_elephant_780,resnet50_geirhos_tl,8,4,64,168,68.0,172.0,5.769641876220703,5.9644904136657715,-0.19484853744506836
ns_elephant_780,resnet50_geirhos_tl,8,4,64,172,68.0,176.0,5.769641876220703,5.947300434112549,-0.1776585578918457
ns_elephant_780,resnet50_geirhos_tl,8,4,64,176,68.0,180.0,5.769641876220703,5.909952640533447,-0.14031076431274414
ns_elephant_780,resnet50_geirhos_tl,8,4,64,180,68.0,184.0,5.769641876220703,5.955246925354004,-0.18560504913330078
ns_elephant_780,resnet50_geirhos_tl,8,4,64,184,68.0,188.0,5.769641876220703,5.91169548034668,-0.14205360412597656
ns_elephant_780,resnet50_geirhos_tl,8,4,64,188,68.0,192.0,5.769641876220703,5.881162166595459,-0.11152029037475586
ns_elephant_780,resnet50_geirhos_tl,8,4,64,192,68.0,196.0,5.769641876220703,5.761345863342285,0.008296012878417969
ns_elephant_780,resnet50_geirhos_tl,8,4,64,196,68.0,200.0,5.769641876220703,5.809841156005859,-0.04019927978515625
ns_elephant_780,resnet50_geirhos_tl,8,4,64,200,68.0,204.0,5.769641876220703,5.715764045715332,0.053877830505371094
ns_elephant_780,resnet50_geirhos_tl,8,4,64,204,68.0,208.0,5.769641876220703,5.740904808044434,0.02873706817626953
ns_elephant_780,resnet50_geirhos_tl,8,4,64,208,68.0,212.0,5.769641876220703,5.774670124053955,-0.005028247833251953
ns_elephant_780,resnet50_geirhos_tl,8,4,64,212,68.0,216.0,5.769641876220703,5.75042724609375,0.019214630126953125
ns_elephant_780,resnet50_geirhos_tl,8,4,64,216,68.0,220.0,5.769641876220703,5.795599937438965,-0.02595806121826172
ns_elephant_780,resnet50_geirhos_tl,8,4,68,0,72.0,4.0,5.769641876220703,5.699563503265381,0.07007837295532227
ns_elephant_780,resnet50_geirhos_tl,8,4,68,4,72.0,8.0,5.769641876220703,5.696406841278076,0.07323503494262695
ns_elephant_780,resnet50_geirhos_tl,8,4,68,8,72.0,12.0,5.769641876220703,5.70596981048584,0.06367206573486328
ns_elephant_780,resnet50_geirhos_tl,8,4,68,12,72.0,16.0,5.769641876220703,5.787152290344238,-0.017510414123535156
ns_elephant_780,resnet50_geirhos_tl,8,4,68,16,72.0,20.0,5.769641876220703,5.86091423034668,-0.09127235412597656
ns_elephant_780,resnet50_geirhos_tl,8,4,68,20,72.0,24.0,5.769641876220703,5.882440090179443,-0.11279821395874023
ns_elephant_780,resnet50_geirhos_tl,8,4,68,24,72.0,28.0,5.769641876220703,5.848690986633301,-0.07904911041259766
ns_elephant_780,resnet50_geirhos_tl,8,4,68,28,72.0,32.0,5.769641876220703,5.850990295410156,-0.08134841918945312
ns_elephant_780,resnet50_geirhos_tl,8,4,68,32,72.0,36.0,5.769641876220703,5.889682292938232,-0.1200404167175293
ns_elephant_780,resnet50_geirhos_tl,8,4,68,36,72.0,40.0,5.769641876220703,5.693369388580322,0.07627248764038086
ns_elephant_780,resnet50_geirhos_tl,8,4,68,40,72.0,44.0,5.769641876220703,5.571745872497559,0.19789600372314453
ns_elephant_780,resnet50_geirhos_tl,8,4,68,44,72.0,48.0,5.769641876220703,5.585833549499512,0.1838083267211914
ns_elephant_780,resnet50_geirhos_tl,8,4,68,48,72.0,52.0,5.769641876220703,5.587170600891113,0.18247127532958984
ns_elephant_780,resnet50_geirhos_tl,8,4,68,52,72.0,56.0,5.769641876220703,5.611479759216309,0.15816211700439453
ns_elephant_780,resnet50_geirhos_tl,8,4,68,56,72.0,60.0,5.769641876220703,5.729931831359863,0.039710044860839844
ns_elephant_780,resnet50_geirhos_tl,8,4,68,60,72.0,64.0,5.769641876220703,5.758326530456543,0.011315345764160156
ns_elephant_780,resnet50_geirhos_tl,8,4,68,64,72.0,68.0,5.769641876220703,5.909097194671631,-0.13945531845092773
ns_elephant_780,resnet50_geirhos_tl,8,4,68,68,72.0,72.0,5.769641876220703,5.8531646728515625,-0.08352279663085938
ns_elephant_780,resnet50_geirhos_tl,8,4,68,72,72.0,76.0,5.769641876220703,5.593700885772705,0.17594099044799805
ns_elephant_780,resnet50_geirhos_tl,8,4,68,76,72.0,80.0,5.769641876220703,5.7697954177856445,-0.00015354156494140625
ns_elephant_780,resnet50_geirhos_tl,8,4,68,80,72.0,84.0,5.769641876220703,5.7894110679626465,-0.01976919174194336
ns_elephant_780,resnet50_geirhos_tl,8,4,68,84,72.0,88.0,5.769641876220703,5.906734466552734,-0.13709259033203125
ns_elephant_780,resnet50_geirhos_tl,8,4,68,88,72.0,92.0,5.769641876220703,5.850954532623291,-0.08131265640258789
ns_elephant_780,resnet50_geirhos_tl,8,4,68,92,72.0,96.0,5.769641876220703,5.858213424682617,-0.08857154846191406
ns_elephant_780,resnet50_geirhos_tl,8,4,68,96,72.0,100.0,5.769641876220703,5.805821895599365,-0.03618001937866211
ns_elephant_780,resnet50_geirhos_tl,8,4,68,100,72.0,104.0,5.769641876220703,5.757504940032959,0.01213693618774414
ns_elephant_780,resnet50_geirhos_tl,8,4,68,104,72.0,108.0,5.769641876220703,5.654784202575684,0.11485767364501953
ns_elephant_780,resnet50_geirhos_tl,8,4,68,108,72.0,112.0,5.769641876220703,5.638933181762695,0.1307086944580078
ns_elephant_780,resnet50_geirhos_tl,8,4,68,112,72.0,116.0,5.769641876220703,5.592649936676025,0.17699193954467773
ns_elephant_780,resnet50_geirhos_tl,8,4,68,116,72.0,120.0,5.769641876220703,5.629058837890625,0.14058303833007812
ns_elephant_780,resnet50_geirhos_tl,8,4,68,120,72.0,124.0,5.769641876220703,5.4426069259643555,0.32703495025634766
ns_elephant_780,resnet50_geirhos_tl,8,4,68,124,72.0,128.0,5.769641876220703,5.597137451171875,0.17250442504882812
ns_elephant_780,resnet50_geirhos_tl,8,4,68,128,72.0,132.0,5.769641876220703,5.607936859130859,0.16170501708984375
ns_elephant_780,resnet50_geirhos_tl,8,4,68,132,72.0,136.0,5.769641876220703,5.687201499938965,0.08244037628173828
ns_elephant_780,resnet50_geirhos_tl,8,4,68,136,72.0,140.0,5.769641876220703,5.653275966644287,0.11636590957641602
ns_elephant_780,resnet50_geirhos_tl,8,4,68,140,72.0,144.0,5.769641876220703,5.691216468811035,0.07842540740966797
ns_elephant_780,resnet50_geirhos_tl,8,4,68,144,72.0,148.0,5.769641876220703,5.647137641906738,0.12250423431396484
ns_elephant_780,resnet50_geirhos_tl,8,4,68,148,72.0,152.0,5.769641876220703,5.721451759338379,0.04819011688232422
ns_elephant_780,resnet50_geirhos_tl,8,4,68,152,72.0,156.0,5.769641876220703,5.721073150634766,0.0485687255859375
ns_elephant_780,resnet50_geirhos_tl,8,4,68,156,72.0,160.0,5.769641876220703,5.773369312286377,-0.003727436065673828
ns_elephant_780,resnet50_geirhos_tl,8,4,68,160,72.0,164.0,5.769641876220703,5.801066875457764,-0.03142499923706055
ns_elephant_780,resnet50_geirhos_tl,8,4,68,164,72.0,168.0,5.769641876220703,5.896388053894043,-0.12674617767333984
ns_elephant_780,resnet50_geirhos_tl,8,4,68,168,72.0,172.0,5.769641876220703,5.895756244659424,-0.1261143684387207
ns_elephant_780,resnet50_geirhos_tl,8,4,68,172,72.0,176.0,5.769641876220703,5.931207180023193,-0.16156530380249023
ns_elephant_780,resnet50_geirhos_tl,8,4,68,176,72.0,180.0,5.769641876220703,5.915091514587402,-0.14544963836669922
ns_elephant_780,resnet50_geirhos_tl,8,4,68,180,72.0,184.0,5.769641876220703,5.899241924285889,-0.12960004806518555
ns_elephant_780,resnet50_geirhos_tl,8,4,68,184,72.0,188.0,5.769641876220703,5.833709239959717,-0.06406736373901367
ns_elephant_780,resnet50_geirhos_tl,8,4,68,188,72.0,192.0,5.769641876220703,5.81022310256958,-0.04058122634887695
ns_elephant_780,resnet50_geirhos_tl,8,4,68,192,72.0,196.0,5.769641876220703,5.736929893493652,0.03271198272705078
ns_elephant_780,resnet50_geirhos_tl,8,4,68,196,72.0,200.0,5.769641876220703,5.771078109741211,-0.0014362335205078125
ns_elephant_780,resnet50_geirhos_tl,8,4,68,200,72.0,204.0,5.769641876220703,5.6759419441223145,0.09369993209838867
ns_elephant_780,resnet50_geirhos_tl,8,4,68,204,72.0,208.0,5.769641876220703,5.739221572875977,0.030420303344726562
ns_elephant_780,resnet50_geirhos_tl,8,4,68,208,72.0,212.0,5.769641876220703,5.7222185134887695,0.047423362731933594
ns_elephant_780,resnet50_geirhos_tl,8,4,68,212,72.0,216.0,5.769641876220703,5.746936321258545,0.022705554962158203
ns_elephant_780,resnet50_geirhos_tl,8,4,68,216,72.0,220.0,5.769641876220703,5.815642356872559,-0.04600048065185547
ns_elephant_780,resnet50_geirhos_tl,8,4,72,0,76.0,4.0,5.769641876220703,5.685698986053467,0.08394289016723633
ns_elephant_780,resnet50_geirhos_tl,8,4,72,4,76.0,8.0,5.769641876220703,5.702826976776123,0.06681489944458008
ns_elephant_780,resnet50_geirhos_tl,8,4,72,8,76.0,12.0,5.769641876220703,5.734423637390137,0.035218238830566406
ns_elephant_780,resnet50_geirhos_tl,8,4,72,12,76.0,16.0,5.769641876220703,5.776078224182129,-0.006436347961425781
ns_elephant_780,resnet50_geirhos_tl,8,4,72,16,76.0,20.0,5.769641876220703,5.705666542053223,0.06397533416748047
ns_elephant_780,resnet50_geirhos_tl,8,4,72,20,76.0,24.0,5.769641876220703,5.689672946929932,0.07996892929077148
ns_elephant_780,resnet50_geirhos_tl,8,4,72,24,76.0,28.0,5.769641876220703,5.712357521057129,0.05728435516357422
ns_elephant_780,resnet50_geirhos_tl,8,4,72,28,76.0,32.0,5.769641876220703,5.741025447845459,0.02861642837524414
ns_elephant_780,resnet50_geirhos_tl,8,4,72,32,76.0,36.0,5.769641876220703,5.738602161407471,0.031039714813232422
ns_elephant_780,resnet50_geirhos_tl,8,4,72,36,76.0,40.0,5.769641876220703,5.664815902709961,0.10482597351074219
ns_elephant_780,resnet50_geirhos_tl,8,4,72,40,76.0,44.0,5.769641876220703,5.645562171936035,0.12407970428466797
ns_elephant_780,resnet50_geirhos_tl,8,4,72,44,76.0,48.0,5.769641876220703,5.579429626464844,0.19021224975585938
ns_elephant_780,resnet50_geirhos_tl,8,4,72,48,76.0,52.0,5.769641876220703,5.576349258422852,0.19329261779785156
ns_elephant_780,resnet50_geirhos_tl,8,4,72,52,76.0,56.0,5.769641876220703,5.540672302246094,0.22896957397460938
ns_elephant_780,resnet50_geirhos_tl,8,4,72,56,76.0,60.0,5.769641876220703,5.573431968688965,0.19620990753173828
ns_elephant_780,resnet50_geirhos_tl,8,4,72,60,76.0,64.0,5.769641876220703,5.686155319213867,0.08348655700683594
ns_elephant_780,resnet50_geirhos_tl,8,4,72,64,76.0,68.0,5.769641876220703,5.766178607940674,0.003463268280029297
ns_elephant_780,resnet50_geirhos_tl,8,4,72,68,76.0,72.0,5.769641876220703,5.851459980010986,-0.0818181037902832
ns_elephant_780,resnet50_geirhos_tl,8,4,72,72,76.0,76.0,5.769641876220703,5.824306964874268,-0.05466508865356445
ns_elephant_780,resnet50_geirhos_tl,8,4,72,76,76.0,80.0,5.769641876220703,5.710116863250732,0.0595250129699707
ns_elephant_780,resnet50_geirhos_tl,8,4,72,80,76.0,84.0,5.769641876220703,5.7846574783325195,-0.015015602111816406
ns_elephant_780,resnet50_geirhos_tl,8,4,72,84,76.0,88.0,5.769641876220703,5.887372970581055,-0.11773109436035156
ns_elephant_780,resnet50_geirhos_tl,8,4,72,88,76.0,92.0,5.769641876220703,5.853738307952881,-0.08409643173217773
ns_elephant_780,resnet50_geirhos_tl,8,4,72,92,76.0,96.0,5.769641876220703,5.870375156402588,-0.10073328018188477
ns_elephant_780,resnet50_geirhos_tl,8,4,72,96,76.0,100.0,5.769641876220703,5.796392440795898,-0.026750564575195312
ns_elephant_780,resnet50_geirhos_tl,8,4,72,100,76.0,104.0,5.769641876220703,5.741533279418945,0.028108596801757812
ns_elephant_780,resnet50_geirhos_tl,8,4,72,104,76.0,108.0,5.769641876220703,5.582550048828125,0.18709182739257812
ns_elephant_780,resnet50_geirhos_tl,8,4,72,108,76.0,112.0,5.769641876220703,5.579365253448486,0.1902766227722168
ns_elephant_780,resnet50_geirhos_tl,8,4,72,112,76.0,116.0,5.769641876220703,5.4894328117370605,0.2802090644836426
ns_elephant_780,resnet50_geirhos_tl,8,4,72,116,76.0,120.0,5.769641876220703,5.550268650054932,0.21937322616577148
ns_elephant_780,resnet50_geirhos_tl,8,4,72,120,76.0,124.0,5.769641876220703,5.497285842895508,0.2723560333251953
ns_elephant_780,resnet50_geirhos_tl,8,4,72,124,76.0,128.0,5.769641876220703,5.604034900665283,0.16560697555541992
ns_elephant_780,resnet50_geirhos_tl,8,4,72,128,76.0,132.0,5.769641876220703,5.686828136444092,0.08281373977661133
ns_elephant_780,resnet50_geirhos_tl,8,4,72,132,76.0,136.0,5.769641876220703,5.718007564544678,0.05163431167602539
ns_elephant_780,resnet50_geirhos_tl,8,4,72,136,76.0,140.0,5.769641876220703,5.6636834144592285,0.10595846176147461
ns_elephant_780,resnet50_geirhos_tl,8,4,72,140,76.0,144.0,5.769641876220703,5.763513565063477,0.0061283111572265625
ns_elephant_780,resnet50_geirhos_tl,8,4,72,144,76.0,148.0,5.769641876220703,5.689572811126709,0.08006906509399414
ns_elephant_780,resnet50_geirhos_tl,8,4,72,148,76.0,152.0,5.769641876220703,5.743825435638428,0.02581644058227539
ns_elephant_780,resnet50_geirhos_tl,8,4,72,152,76.0,156.0,5.769641876220703,5.7186126708984375,0.051029205322265625
ns_elephant_780,resnet50_geirhos_tl,8,4,72,156,76.0,160.0,5.769641876220703,5.817190647125244,-0.047548770904541016
ns_elephant_780,resnet50_geirhos_tl,8,4,72,160,76.0,164.0,5.769641876220703,5.817318916320801,-0.047677040100097656
ns_elephant_780,resnet50_geirhos_tl,8,4,72,164,76.0,168.0,5.769641876220703,6.00972318649292,-0.2400813102722168
ns_elephant_780,resnet50_geirhos_tl,8,4,72,168,76.0,172.0,5.769641876220703,5.877438545227051,-0.10779666900634766
ns_elephant_780,resnet50_geirhos_tl,8,4,72,172,76.0,176.0,5.769641876220703,5.915065765380859,-0.14542388916015625
ns_elephant_780,resnet50_geirhos_tl,8,4,72,176,76.0,180.0,5.769641876220703,5.798953056335449,-0.029311180114746094
ns_elephant_780,resnet50_geirhos_tl,8,4,72,180,76.0,184.0,5.769641876220703,5.88205623626709,-0.11241436004638672
ns_elephant_780,resnet50_geirhos_tl,8,4,72,184,76.0,188.0,5.769641876220703,5.790884017944336,-0.021242141723632812
ns_elephant_780,resnet50_geirhos_tl,8,4,72,188,76.0,192.0,5.769641876220703,5.790339469909668,-0.020697593688964844
ns_elephant_780,resnet50_geirhos_tl,8,4,72,192,76.0,196.0,5.769641876220703,5.619645118713379,0.14999675750732422
ns_elephant_780,resnet50_geirhos_tl,8,4,72,196,76.0,200.0,5.769641876220703,5.756278991699219,0.013362884521484375
ns_elephant_780,resnet50_geirhos_tl,8,4,72,200,76.0,204.0,5.769641876220703,5.693418502807617,0.07622337341308594
ns_elephant_780,resnet50_geirhos_tl,8,4,72,204,76.0,208.0,5.769641876220703,5.764738082885742,0.0049037933349609375
ns_elephant_780,resnet50_geirhos_tl,8,4,72,208,76.0,212.0,5.769641876220703,5.745399475097656,0.024242401123046875
ns_elephant_780,resnet50_geirhos_tl,8,4,72,212,76.0,216.0,5.769641876220703,5.717588901519775,0.052052974700927734
ns_elephant_780,resnet50_geirhos_tl,8,4,72,216,76.0,220.0,5.769641876220703,5.805944919586182,-0.036303043365478516
ns_elephant_780,resnet50_geirhos_tl,8,4,76,0,80.0,4.0,5.769641876220703,5.747401714324951,0.022240161895751953
ns_elephant_780,resnet50_geirhos_tl,8,4,76,4,80.0,8.0,5.769641876220703,5.707901954650879,0.06173992156982422
ns_elephant_780,resnet50_geirhos_tl,8,4,76,8,80.0,12.0,5.769641876220703,5.700285911560059,0.06935596466064453
ns_elephant_780,resnet50_geirhos_tl,8,4,76,12,80.0,16.0,5.769641876220703,5.664343357086182,0.10529851913452148
ns_elephant_780,resnet50_geirhos_tl,8,4,76,16,80.0,20.0,5.769641876220703,5.6397857666015625,0.12985610961914062
ns_elephant_780,resnet50_geirhos_tl,8,4,76,20,80.0,24.0,5.769641876220703,5.626296520233154,0.14334535598754883
ns_elephant_780,resnet50_geirhos_tl,8,4,76,24,80.0,28.0,5.769641876220703,5.608364105224609,0.16127777099609375
ns_elephant_780,resnet50_geirhos_tl,8,4,76,28,80.0,32.0,5.769641876220703,5.653799057006836,0.11584281921386719
ns_elephant_780,resnet50_geirhos_tl,8,4,76,32,80.0,36.0,5.769641876220703,5.575953960418701,0.19368791580200195
ns_elephant_780,resnet50_geirhos_tl,8,4,76,36,80.0,40.0,5.769641876220703,5.622105121612549,0.1475367546081543
ns_elephant_780,resnet50_geirhos_tl,8,4,76,40,80.0,44.0,5.769641876220703,5.612075328826904,0.15756654739379883
ns_elephant_780,resnet50_geirhos_tl,8,4,76,44,80.0,48.0,5.769641876220703,5.5633978843688965,0.20624399185180664
ns_elephant_780,resnet50_geirhos_tl,8,4,76,48,80.0,52.0,5.769641876220703,5.498102188110352,0.27153968811035156
ns_elephant_780,resnet50_geirhos_tl,8,4,76,52,80.0,56.0,5.769641876220703,5.463358402252197,0.30628347396850586
ns_elephant_780,resnet50_geirhos_tl,8,4,76,56,80.0,60.0,5.769641876220703,5.444887161254883,0.3247547149658203
ns_elephant_780,resnet50_geirhos_tl,8,4,76,60,80.0,64.0,5.769641876220703,5.492233753204346,0.2774081230163574
ns_elephant_780,resnet50_geirhos_tl,8,4,76,64,80.0,68.0,5.769641876220703,5.648847579956055,0.12079429626464844
ns_elephant_780,resnet50_geirhos_tl,8,4,76,68,80.0,72.0,5.769641876220703,5.905632972717285,-0.13599109649658203
ns_elephant_780,resnet50_geirhos_tl,8,4,76,72,80.0,76.0,5.769641876220703,5.958356857299805,-0.18871498107910156
ns_elephant_780,resnet50_geirhos_tl,8,4,76,76,80.0,80.0,5.769641876220703,5.8155975341796875,-0.045955657958984375
ns_elephant_780,resnet50_geirhos_tl,8,4,76,80,80.0,84.0,5.769641876220703,5.878022193908691,-0.10838031768798828
ns_elephant_780,resnet50_geirhos_tl,8,4,76,84,80.0,88.0,5.769641876220703,5.819800853729248,-0.05015897750854492
ns_elephant_780,resnet50_geirhos_tl,8,4,76,88,80.0,92.0,5.769641876220703,5.820096492767334,-0.05045461654663086
ns_elephant_780,resnet50_geirhos_tl,8,4,76,92,80.0,96.0,5.769641876220703,5.815159797668457,-0.045517921447753906
ns_elephant_780,resnet50_geirhos_tl,8,4,76,96,80.0,100.0,5.769641876220703,5.7708635330200195,-0.0012216567993164062
ns_elephant_780,resnet50_geirhos_tl,8,4,76,100,80.0,104.0,5.769641876220703,5.7619428634643555,0.007699012756347656
ns_elephant_780,resnet50_geirhos_tl,8,4,76,104,80.0,108.0,5.769641876220703,5.698497772216797,0.07114410400390625
ns_elephant_780,resnet50_geirhos_tl,8,4,76,108,80.0,112.0,5.769641876220703,5.59399938583374,0.1756424903869629
ns_elephant_780,resnet50_geirhos_tl,8,4,76,112,80.0,116.0,5.769641876220703,5.5536112785339355,0.21603059768676758
ns_elephant_780,resnet50_geirhos_tl,8,4,76,116,80.0,120.0,5.769641876220703,5.479740142822266,0.2899017333984375
ns_elephant_780,resnet50_geirhos_tl,8,4,76,120,80.0,124.0,5.769641876220703,5.5064287185668945,0.2632131576538086
ns_elephant_780,resnet50_geirhos_tl,8,4,76,124,80.0,128.0,5.769641876220703,5.704347610473633,0.06529426574707031
ns_elephant_780,resnet50_geirhos_tl,8,4,76,128,80.0,132.0,5.769641876220703,5.705284118652344,0.06435775756835938
ns_elephant_780,resnet50_geirhos_tl,8,4,76,132,80.0,136.0,5.769641876220703,5.770941257476807,-0.0012993812561035156
ns_elephant_780,resnet50_geirhos_tl,8,4,76,136,80.0,140.0,5.769641876220703,5.697334289550781,0.07230758666992188
ns_elephant_780,resnet50_geirhos_tl,8,4,76,140,80.0,144.0,5.769641876220703,5.789012432098389,-0.019370555877685547
ns_elephant_780,resnet50_geirhos_tl,8,4,76,144,80.0,148.0,5.769641876220703,5.708600997924805,0.06104087829589844
ns_elephant_780,resnet50_geirhos_tl,8,4,76,148,80.0,152.0,5.769641876220703,5.777659893035889,-0.008018016815185547
ns_elephant_780,resnet50_geirhos_tl,8,4,76,152,80.0,156.0,5.769641876220703,5.714125633239746,0.05551624298095703
ns_elephant_780,resnet50_geirhos_tl,8,4,76,156,80.0,160.0,5.769641876220703,5.758972644805908,0.010669231414794922
ns_elephant_780,resnet50_geirhos_tl,8,4,76,160,80.0,164.0,5.769641876220703,5.74503231048584,0.02460956573486328
ns_elephant_780,resnet50_geirhos_tl,8,4,76,164,80.0,168.0,5.769641876220703,5.889284610748291,-0.11964273452758789
ns_elephant_780,resnet50_geirhos_tl,8,4,76,168,80.0,172.0,5.769641876220703,5.786708831787109,-0.01706695556640625
ns_elephant_780,resnet50_geirhos_tl,8,4,76,172,80.0,176.0,5.769641876220703,5.8379225730896,-0.06828069686889648
ns_elephant_780,resnet50_geirhos_tl,8,4,76,176,80.0,180.0,5.769641876220703,5.7111406326293945,0.058501243591308594
ns_elephant_780,resnet50_geirhos_tl,8,4,76,180,80.0,184.0,5.769641876220703,5.775593280792236,-0.005951404571533203
ns_elephant_780,resnet50_geirhos_tl,8,4,76,184,80.0,188.0,5.769641876220703,5.629611492156982,0.1400303840637207
ns_elephant_780,resnet50_geirhos_tl,8,4,76,188,80.0,192.0,5.769641876220703,5.596982955932617,0.17265892028808594
ns_elephant_780,resnet50_geirhos_tl,8,4,76,192,80.0,196.0,5.769641876220703,5.472836494445801,0.29680538177490234
ns_elephant_780,resnet50_geirhos_tl,8,4,76,196,80.0,200.0,5.769641876220703,5.642536163330078,0.127105712890625
ns_elephant_780,resnet50_geirhos_tl,8,4,76,200,80.0,204.0,5.769641876220703,5.6693830490112305,0.10025882720947266
ns_elephant_780,resnet50_geirhos_tl,8,4,76,204,80.0,208.0,5.769641876220703,5.680220127105713,0.08942174911499023
ns_elephant_780,resnet50_geirhos_tl,8,4,76,208,80.0,212.0,5.769641876220703,5.665840148925781,0.10380172729492188
ns_elephant_780,resnet50_geirhos_tl,8,4,76,212,80.0,216.0,5.769641876220703,5.6638336181640625,0.10580825805664062
ns_elephant_780,resnet50_geirhos_tl,8,4,76,216,80.0,220.0,5.769641876220703,5.768092632293701,0.0015492439270019531
ns_elephant_780,resnet50_geirhos_tl,8,4,80,0,84.0,4.0,5.769641876220703,5.772971153259277,-0.0033292770385742188
ns_elephant_780,resnet50_geirhos_tl,8,4,80,4,84.0,8.0,5.769641876220703,5.789899826049805,-0.020257949829101562
ns_elephant_780,resnet50_geirhos_tl,8,4,80,8,84.0,12.0,5.769641876220703,5.821286201477051,-0.051644325256347656
ns_elephant_780,resnet50_geirhos_tl,8,4,80,12,84.0,16.0,5.769641876220703,5.746003150939941,0.02363872528076172
ns_elephant_780,resnet50_geirhos_tl,8,4,80,16,84.0,20.0,5.769641876220703,5.7544331550598145,0.015208721160888672
ns_elephant_780,resnet50_geirhos_tl,8,4,80,20,84.0,24.0,5.769641876220703,5.698454856872559,0.07118701934814453
ns_elephant_780,resnet50_geirhos_tl,8,4,80,24,84.0,28.0,5.769641876220703,5.705968379974365,0.06367349624633789
ns_elephant_780,resnet50_geirhos_tl,8,4,80,28,84.0,32.0,5.769641876220703,5.703968048095703,0.065673828125
ns_elephant_780,resnet50_geirhos_tl,8,4,80,32,84.0,36.0,5.769641876220703,5.700150489807129,0.06949138641357422
ns_elephant_780,resnet50_geirhos_tl,8,4,80,36,84.0,40.0,5.769641876220703,5.66286563873291,0.10677623748779297
ns_elephant_780,resnet50_geirhos_tl,8,4,80,40,84.0,44.0,5.769641876220703,5.681931972503662,0.08770990371704102
ns_elephant_780,resnet50_geirhos_tl,8,4,80,44,84.0,48.0,5.769641876220703,5.638433933258057,0.13120794296264648
ns_elephant_780,resnet50_geirhos_tl,8,4,80,48,84.0,52.0,5.769641876220703,5.584661960601807,0.18497991561889648
ns_elephant_780,resnet50_geirhos_tl,8,4,80,52,84.0,56.0,5.769641876220703,5.522346019744873,0.24729585647583008
ns_elephant_780,resnet50_geirhos_tl,8,4,80,56,84.0,60.0,5.769641876220703,5.456203460693359,0.31343841552734375
ns_elephant_780,resnet50_geirhos_tl,8,4,80,60,84.0,64.0,5.769641876220703,5.475959300994873,0.2936825752258301
ns_elephant_780,resnet50_geirhos_tl,8,4,80,64,84.0,68.0,5.769641876220703,5.5642619132995605,0.20537996292114258
ns_elephant_780,resnet50_geirhos_tl,8,4,80,68,84.0,72.0,5.769641876220703,5.689705848693848,0.07993602752685547
ns_elephant_780,resnet50_geirhos_tl,8,4,80,72,84.0,76.0,5.769641876220703,5.826133728027344,-0.056491851806640625
ns_elephant_780,resnet50_geirhos_tl,8,4,80,76,84.0,80.0,5.769641876220703,5.764432907104492,0.0052089691162109375
ns_elephant_780,resnet50_geirhos_tl,8,4,80,80,84.0,84.0,5.769641876220703,5.898547172546387,-0.1289052963256836
ns_elephant_780,resnet50_geirhos_tl,8,4,80,84,84.0,88.0,5.769641876220703,5.759599208831787,0.010042667388916016
ns_elephant_780,resnet50_geirhos_tl,8,4,80,88,84.0,92.0,5.769641876220703,5.782290458679199,-0.012648582458496094
ns_elephant_780,resnet50_geirhos_tl,8,4,80,92,84.0,96.0,5.769641876220703,5.79117488861084,-0.02153301239013672
ns_elephant_780,resnet50_geirhos_tl,8,4,80,96,84.0,100.0,5.769641876220703,5.754037857055664,0.015604019165039062
ns_elephant_780,resnet50_geirhos_tl,8,4,80,100,84.0,104.0,5.769641876220703,5.74406099319458,0.025580883026123047
ns_elephant_780,resnet50_geirhos_tl,8,4,80,104,84.0,108.0,5.769641876220703,5.676741123199463,0.09290075302124023
ns_elephant_780,resnet50_geirhos_tl,8,4,80,108,84.0,112.0,5.769641876220703,5.629175662994385,0.14046621322631836
ns_elephant_780,resnet50_geirhos_tl,8,4,80,112,84.0,116.0,5.769641876220703,5.481222629547119,0.288419246673584
ns_elephant_780,resnet50_geirhos_tl,8,4,80,116,84.0,120.0,5.769641876220703,5.483699798583984,0.28594207763671875
ns_elephant_780,resnet50_geirhos_tl,8,4,80,120,84.0,124.0,5.769641876220703,5.4947829246521,0.2748589515686035
ns_elephant_780,resnet50_geirhos_tl,8,4,80,124,84.0,128.0,5.769641876220703,5.62509298324585,0.14454889297485352
ns_elephant_780,resnet50_geirhos_tl,8,4,80,128,84.0,132.0,5.769641876220703,5.688705921173096,0.08093595504760742
ns_elephant_780,resnet50_geirhos_tl,8,4,80,132,84.0,136.0,5.769641876220703,5.7704548835754395,-0.0008130073547363281
ns_elephant_780,resnet50_geirhos_tl,8,4,80,136,84.0,140.0,5.769641876220703,5.748547554016113,0.021094322204589844
ns_elephant_780,resnet50_geirhos_tl,8,4,80,140,84.0,144.0,5.769641876220703,5.821478843688965,-0.05183696746826172
ns_elephant_780,resnet50_geirhos_tl,8,4,80,144,84.0,148.0,5.769641876220703,5.757627487182617,0.012014389038085938
ns_elephant_780,resnet50_geirhos_tl,8,4,80,148,84.0,152.0,5.769641876220703,5.808413505554199,-0.038771629333496094
ns_elephant_780,resnet50_geirhos_tl,8,4,80,152,84.0,156.0,5.769641876220703,5.750609397888184,0.01903247833251953
ns_elephant_780,resnet50_geirhos_tl,8,4,80,156,84.0,160.0,5.769641876220703,5.784687042236328,-0.015045166015625
ns_elephant_780,resnet50_geirhos_tl,8,4,80,160,84.0,164.0,5.769641876220703,5.732811450958252,0.03683042526245117
ns_elephant_780,resnet50_geirhos_tl,8,4,80,164,84.0,168.0,5.769641876220703,5.85809326171875,-0.08845138549804688
ns_elephant_780,resnet50_geirhos_tl,8,4,80,168,84.0,172.0,5.769641876220703,5.761148452758789,0.008493423461914062
ns_elephant_780,resnet50_geirhos_tl,8,4,80,172,84.0,176.0,5.769641876220703,5.775598049163818,-0.005956172943115234
ns_elephant_780,resnet50_geirhos_tl,8,4,80,176,84.0,180.0,5.769641876220703,5.632022857666016,0.1376190185546875
ns_elephant_780,resnet50_geirhos_tl,8,4,80,180,84.0,184.0,5.769641876220703,5.756231307983398,0.013410568237304688
ns_elephant_780,resnet50_geirhos_tl,8,4,80,184,84.0,188.0,5.769641876220703,5.65301513671875,0.11662673950195312
ns_elephant_780,resnet50_geirhos_tl,8,4,80,188,84.0,192.0,5.769641876220703,5.615975379943848,0.15366649627685547
ns_elephant_780,resnet50_geirhos_tl,8,4,80,192,84.0,196.0,5.769641876220703,5.463255882263184,0.30638599395751953
ns_elephant_780,resnet50_geirhos_tl,8,4,80,196,84.0,200.0,5.769641876220703,5.614279747009277,0.15536212921142578
ns_elephant_780,resnet50_geirhos_tl,8,4,80,200,84.0,204.0,5.769641876220703,5.629971504211426,0.13967037200927734
ns_elephant_780,resnet50_geirhos_tl,8,4,80,204,84.0,208.0,5.769641876220703,5.706658363342285,0.06298351287841797
ns_elephant_780,resnet50_geirhos_tl,8,4,80,208,84.0,212.0,5.769641876220703,5.665008544921875,0.10463333129882812
ns_elephant_780,resnet50_geirhos_tl,8,4,80,212,84.0,216.0,5.769641876220703,5.587936878204346,0.18170499801635742
ns_elephant_780,resnet50_geirhos_tl,8,4,80,216,84.0,220.0,5.769641876220703,5.736495494842529,0.03314638137817383
ns_elephant_780,resnet50_geirhos_tl,8,4,84,0,88.0,4.0,5.769641876220703,5.819746494293213,-0.050104618072509766
ns_elephant_780,resnet50_geirhos_tl,8,4,84,4,88.0,8.0,5.769641876220703,5.811106204986572,-0.04146432876586914
ns_elephant_780,resnet50_geirhos_tl,8,4,84,8,88.0,12.0,5.769641876220703,5.852112770080566,-0.08247089385986328
ns_elephant_780,resnet50_geirhos_tl,8,4,84,12,88.0,16.0,5.769641876220703,5.794753551483154,-0.025111675262451172
ns_elephant_780,resnet50_geirhos_tl,8,4,84,16,88.0,20.0,5.769641876220703,5.783693313598633,-0.014051437377929688
ns_elephant_780,resnet50_geirhos_tl,8,4,84,20,88.0,24.0,5.769641876220703,5.713174819946289,0.05646705627441406
ns_elephant_780,resnet50_geirhos_tl,8,4,84,24,88.0,28.0,5.769641876220703,5.6979193687438965,0.07172250747680664
ns_elephant_780,resnet50_geirhos_tl,8,4,84,28,88.0,32.0,5.769641876220703,5.7299957275390625,0.039646148681640625
ns_elephant_780,resnet50_geirhos_tl,8,4,84,32,88.0,36.0,5.769641876220703,5.71630859375,0.053333282470703125
ns_elephant_780,resnet50_geirhos_tl,8,4,84,36,88.0,40.0,5.769641876220703,5.685731887817383,0.08390998840332031
ns_elephant_780,resnet50_geirhos_tl,8,4,84,40,88.0,44.0,5.769641876220703,5.672955513000488,0.09668636322021484
ns_elephant_780,resnet50_geirhos_tl,8,4,84,44,88.0,48.0,5.769641876220703,5.694748878479004,0.07489299774169922
ns_elephant_780,resnet50_geirhos_tl,8,4,84,48,88.0,52.0,5.769641876220703,5.595333576202393,0.17430830001831055
ns_elephant_780,resnet50_geirhos_tl,8,4,84,52,88.0,56.0,5.769641876220703,5.510937690734863,0.25870418548583984
ns_elephant_780,resnet50_geirhos_tl,8,4,84,56,88.0,60.0,5.769641876220703,5.457942008972168,0.31169986724853516
ns_elephant_780,resnet50_geirhos_tl,8,4,84,60,88.0,64.0,5.769641876220703,5.480367183685303,0.2892746925354004
ns_elephant_780,resnet50_geirhos_tl,8,4,84,64,88.0,68.0,5.769641876220703,5.5621843338012695,0.2074575424194336
ns_elephant_780,resnet50_geirhos_tl,8,4,84,68,88.0,72.0,5.769641876220703,5.56866455078125,0.20097732543945312
ns_elephant_780,resnet50_geirhos_tl,8,4,84,72,88.0,76.0,5.769641876220703,5.658023357391357,0.1116185188293457
ns_elephant_780,resnet50_geirhos_tl,8,4,84,76,88.0,80.0,5.769641876220703,5.638949871063232,0.1306920051574707
ns_elephant_780,resnet50_geirhos_tl,8,4,84,80,88.0,84.0,5.769641876220703,5.7207560539245605,0.04888582229614258
ns_elephant_780,resnet50_geirhos_tl,8,4,84,84,88.0,88.0,5.769641876220703,5.750082492828369,0.019559383392333984
ns_elephant_780,resnet50_geirhos_tl,8,4,84,88,88.0,92.0,5.769641876220703,5.740345001220703,0.029296875
ns_elephant_780,resnet50_geirhos_tl,8,4,84,92,88.0,96.0,5.769641876220703,5.742319107055664,0.027322769165039062
ns_elephant_780,resnet50_geirhos_tl,8,4,84,96,88.0,100.0,5.769641876220703,5.780200958251953,-0.01055908203125
ns_elephant_780,resnet50_geirhos_tl,8,4,84,100,88.0,104.0,5.769641876220703,5.866851806640625,-0.09720993041992188
ns_elephant_780,resnet50_geirhos_tl,8,4,84,104,88.0,108.0,5.769641876220703,5.812448978424072,-0.04280710220336914
ns_elephant_780,resnet50_geirhos_tl,8,4,84,108,88.0,112.0,5.769641876220703,5.626941680908203,0.1427001953125
ns_elephant_780,resnet50_geirhos_tl,8,4,84,112,88.0,116.0,5.769641876220703,5.470292091369629,0.2993497848510742
ns_elephant_780,resnet50_geirhos_tl,8,4,84,116,88.0,120.0,5.769641876220703,5.499999046325684,0.26964282989501953
ns_elephant_780,resnet50_geirhos_tl,8,4,84,120,88.0,124.0,5.769641876220703,5.5011491775512695,0.2684926986694336
ns_elephant_780,resnet50_geirhos_tl,8,4,84,124,88.0,128.0,5.769641876220703,5.707611083984375,0.062030792236328125
ns_elephant_780,resnet50_geirhos_tl,8,4,84,128,88.0,132.0,5.769641876220703,5.735108852386475,0.034533023834228516
ns_elephant_780,resnet50_geirhos_tl,8,4,84,132,88.0,136.0,5.769641876220703,5.810987949371338,-0.041346073150634766
ns_elephant_780,resnet50_geirhos_tl,8,4,84,136,88.0,140.0,5.769641876220703,5.792028427124023,-0.022386550903320312
ns_elephant_780,resnet50_geirhos_tl,8,4,84,140,88.0,144.0,5.769641876220703,5.841806411743164,-0.07216453552246094
ns_elephant_780,resnet50_geirhos_tl,8,4,84,144,88.0,148.0,5.769641876220703,5.739133834838867,0.030508041381835938
ns_elephant_780,resnet50_geirhos_tl,8,4,84,148,88.0,152.0,5.769641876220703,5.737954139709473,0.03168773651123047
ns_elephant_780,resnet50_geirhos_tl,8,4,84,152,88.0,156.0,5.769641876220703,5.696016788482666,0.07362508773803711
ns_elephant_780,resnet50_geirhos_tl,8,4,84,156,88.0,160.0,5.769641876220703,5.76113224029541,0.008509635925292969
ns_elephant_780,resnet50_geirhos_tl,8,4,84,160,88.0,164.0,5.769641876220703,5.696308135986328,0.073333740234375
ns_elephant_780,resnet50_geirhos_tl,8,4,84,164,88.0,168.0,5.769641876220703,5.815003395080566,-0.04536151885986328
ns_elephant_780,resnet50_geirhos_tl,8,4,84,168,88.0,172.0,5.769641876220703,5.820042133331299,-0.0504002571105957
ns_elephant_780,resnet50_geirhos_tl,8,4,84,172,88.0,176.0,5.769641876220703,5.782308101654053,-0.01266622543334961
ns_elephant_780,resnet50_geirhos_tl,8,4,84,176,88.0,180.0,5.769641876220703,5.731497764587402,0.03814411163330078
ns_elephant_780,resnet50_geirhos_tl,8,4,84,180,88.0,184.0,5.769641876220703,5.724822998046875,0.044818878173828125
ns_elephant_780,resnet50_geirhos_tl,8,4,84,184,88.0,188.0,5.769641876220703,5.619977951049805,0.14966392517089844
ns_elephant_780,resnet50_geirhos_tl,8,4,84,188,88.0,192.0,5.769641876220703,5.571097373962402,0.19854450225830078
ns_elephant_780,resnet50_geirhos_tl,8,4,84,192,88.0,196.0,5.769641876220703,5.482601165771484,0.28704071044921875
ns_elephant_780,resnet50_geirhos_tl,8,4,84,196,88.0,200.0,5.769641876220703,5.467084884643555,0.30255699157714844
ns_elephant_780,resnet50_geirhos_tl,8,4,84,200,88.0,204.0,5.769641876220703,5.580153465270996,0.18948841094970703
ns_elephant_780,resnet50_geirhos_tl,8,4,84,204,88.0,208.0,5.769641876220703,5.657797813415527,0.11184406280517578
ns_elephant_780,resnet50_geirhos_tl,8,4,84,208,88.0,212.0,5.769641876220703,5.6771240234375,0.09251785278320312
ns_elephant_780,resnet50_geirhos_tl,8,4,84,212,88.0,216.0,5.769641876220703,5.711001396179199,0.058640480041503906
ns_elephant_780,resnet50_geirhos_tl,8,4,84,216,88.0,220.0,5.769641876220703,5.734330654144287,0.035311222076416016
ns_elephant_780,resnet50_geirhos_tl,8,4,88,0,92.0,4.0,5.769641876220703,5.7770466804504395,-0.007404804229736328
ns_elephant_780,resnet50_geirhos_tl,8,4,88,4,92.0,8.0,5.769641876220703,5.816737651824951,-0.04709577560424805
ns_elephant_780,resnet50_geirhos_tl,8,4,88,8,92.0,12.0,5.769641876220703,5.817245960235596,-0.04760408401489258
ns_elephant_780,resnet50_geirhos_tl,8,4,88,12,92.0,16.0,5.769641876220703,5.805778503417969,-0.036136627197265625
ns_elephant_780,resnet50_geirhos_tl,8,4,88,16,92.0,20.0,5.769641876220703,5.785806179046631,-0.016164302825927734
ns_elephant_780,resnet50_geirhos_tl,8,4,88,20,92.0,24.0,5.769641876220703,5.773197174072266,-0.0035552978515625
ns_elephant_780,resnet50_geirhos_tl,8,4,88,24,92.0,28.0,5.769641876220703,5.771821022033691,-0.0021791458129882812
ns_elephant_780,resnet50_geirhos_tl,8,4,88,28,92.0,32.0,5.769641876220703,5.794435024261475,-0.024793148040771484
ns_elephant_780,resnet50_geirhos_tl,8,4,88,32,92.0,36.0,5.769641876220703,5.813260555267334,-0.04361867904663086
ns_elephant_780,resnet50_geirhos_tl,8,4,88,36,92.0,40.0,5.769641876220703,5.791338920593262,-0.021697044372558594
ns_elephant_780,resnet50_geirhos_tl,8,4,88,40,92.0,44.0,5.769641876220703,5.811335563659668,-0.041693687438964844
ns_elephant_780,resnet50_geirhos_tl,8,4,88,44,92.0,48.0,5.769641876220703,5.789236545562744,-0.019594669342041016
ns_elephant_780,resnet50_geirhos_tl,8,4,88,48,92.0,52.0,5.769641876220703,5.709598064422607,0.0600438117980957
ns_elephant_780,resnet50_geirhos_tl,8,4,88,52,92.0,56.0,5.769641876220703,5.635105133056641,0.1345367431640625
ns_elephant_780,resnet50_geirhos_tl,8,4,88,56,92.0,60.0,5.769641876220703,5.629463195800781,0.14017868041992188
ns_elephant_780,resnet50_geirhos_tl,8,4,88,60,92.0,64.0,5.769641876220703,5.621893405914307,0.14774847030639648
ns_elephant_780,resnet50_geirhos_tl,8,4,88,64,92.0,68.0,5.769641876220703,5.549591064453125,0.22005081176757812
ns_elephant_780,resnet50_geirhos_tl,8,4,88,68,92.0,72.0,5.769641876220703,5.597028732299805,0.17261314392089844
ns_elephant_780,resnet50_geirhos_tl,8,4,88,72,92.0,76.0,5.769641876220703,5.499889850616455,0.26975202560424805
ns_elephant_780,resnet50_geirhos_tl,8,4,88,76,92.0,80.0,5.769641876220703,5.503267765045166,0.2663741111755371
ns_elephant_780,resnet50_geirhos_tl,8,4,88,80,92.0,84.0,5.769641876220703,5.474008083343506,0.29563379287719727
ns_elephant_780,resnet50_geirhos_tl,8,4,88,84,92.0,88.0,5.769641876220703,5.4852294921875,0.2844123840332031
ns_elephant_780,resnet50_geirhos_tl,8,4,88,88,92.0,92.0,5.769641876220703,5.535691261291504,0.23395061492919922
ns_elephant_780,resnet50_geirhos_tl,8,4,88,92,92.0,96.0,5.769641876220703,5.6097564697265625,0.15988540649414062
ns_elephant_780,resnet50_geirhos_tl,8,4,88,96,92.0,100.0,5.769641876220703,5.842047691345215,-0.07240581512451172
ns_elephant_780,resnet50_geirhos_tl,8,4,88,100,92.0,104.0,5.769641876220703,5.860865592956543,-0.09122371673583984
ns_elephant_780,resnet50_geirhos_tl,8,4,88,104,92.0,108.0,5.769641876220703,5.80946159362793,-0.03981971740722656
ns_elephant_780,resnet50_geirhos_tl,8,4,88,108,92.0,112.0,5.769641876220703,5.699923515319824,0.0697183609008789
ns_elephant_780,resnet50_geirhos_tl,8,4,88,112,92.0,116.0,5.769641876220703,5.571528434753418,0.19811344146728516
ns_elephant_780,resnet50_geirhos_tl,8,4,88,116,92.0,120.0,5.769641876220703,5.6477952003479,0.12184667587280273
ns_elephant_780,resnet50_geirhos_tl,8,4,88,120,92.0,124.0,5.769641876220703,5.5611724853515625,0.20846939086914062
ns_elephant_780,resnet50_geirhos_tl,8,4,88,124,92.0,128.0,5.769641876220703,5.672186851501465,0.09745502471923828
ns_elephant_780,resnet50_geirhos_tl,8,4,88,128,92.0,132.0,5.769641876220703,5.742569923400879,0.02707195281982422
ns_elephant_780,resnet50_geirhos_tl,8,4,88,132,92.0,136.0,5.769641876220703,5.806547164916992,-0.03690528869628906
ns_elephant_780,resnet50_geirhos_tl,8,4,88,136,92.0,140.0,5.769641876220703,5.811692237854004,-0.04205036163330078
ns_elephant_780,resnet50_geirhos_tl,8,4,88,140,92.0,144.0,5.769641876220703,5.755225658416748,0.014416217803955078
ns_elephant_780,resnet50_geirhos_tl,8,4,88,144,92.0,148.0,5.769641876220703,5.717562198638916,0.05207967758178711
ns_elephant_780,resnet50_geirhos_tl,8,4,88,148,92.0,152.0,5.769641876220703,5.678918361663818,0.09072351455688477
ns_elephant_780,resnet50_geirhos_tl,8,4,88,152,92.0,156.0,5.769641876220703,5.638422012329102,0.13121986389160156
ns_elephant_780,resnet50_geirhos_tl,8,4,88,156,92.0,160.0,5.769641876220703,5.700284481048584,0.06935739517211914
ns_elephant_780,resnet50_geirhos_tl,8,4,88,160,92.0,164.0,5.769641876220703,5.671816825866699,0.0978250503540039
ns_elephant_780,resnet50_geirhos_tl,8,4,88,164,92.0,168.0,5.769641876220703,5.832348823547363,-0.06270694732666016
ns_elephant_780,resnet50_geirhos_tl,8,4,88,168,92.0,172.0,5.769641876220703,5.815204620361328,-0.045562744140625
ns_elephant_780,resnet50_geirhos_tl,8,4,88,172,92.0,176.0,5.769641876220703,5.794859409332275,-0.025217533111572266
ns_elephant_780,resnet50_geirhos_tl,8,4,88,176,92.0,180.0,5.769641876220703,5.66535758972168,0.10428428649902344
ns_elephant_780,resnet50_geirhos_tl,8,4,88,180,92.0,184.0,5.769641876220703,5.698949813842773,0.07069206237792969
ns_elephant_780,resnet50_geirhos_tl,8,4,88,184,92.0,188.0,5.769641876220703,5.548057556152344,0.22158432006835938
ns_elephant_780,resnet50_geirhos_tl,8,4,88,188,92.0,192.0,5.769641876220703,5.525179386138916,0.2444624900817871
ns_elephant_780,resnet50_geirhos_tl,8,4,88,192,92.0,196.0,5.769641876220703,5.4366559982299805,0.33298587799072266
ns_elephant_780,resnet50_geirhos_tl,8,4,88,196,92.0,200.0,5.769641876220703,5.466522693634033,0.3031191825866699
ns_elephant_780,resnet50_geirhos_tl,8,4,88,200,92.0,204.0,5.769641876220703,5.5996503829956055,0.16999149322509766
ns_elephant_780,resnet50_geirhos_tl,8,4,88,204,92.0,208.0,5.769641876220703,5.740461349487305,0.029180526733398438
ns_elephant_780,resnet50_geirhos_tl,8,4,88,208,92.0,212.0,5.769641876220703,5.755876541137695,0.013765335083007812
ns_elephant_780,resnet50_geirhos_tl,8,4,88,212,92.0,216.0,5.769641876220703,5.795689105987549,-0.026047229766845703
ns_elephant_780,resnet50_geirhos_tl,8,4,88,216,92.0,220.0,5.769641876220703,5.7296552658081055,0.039986610412597656
ns_elephant_780,resnet50_geirhos_tl,8,4,92,0,96.0,4.0,5.769641876220703,5.779617786407471,-0.009975910186767578
ns_elephant_780,resnet50_geirhos_tl,8,4,92,4,96.0,8.0,5.769641876220703,5.816840171813965,-0.04719829559326172
ns_elephant_780,resnet50_geirhos_tl,8,4,92,8,96.0,12.0,5.769641876220703,5.84386682510376,-0.07422494888305664
ns_elephant_780,resnet50_geirhos_tl,8,4,92,12,96.0,16.0,5.769641876220703,5.8018412590026855,-0.03219938278198242
ns_elephant_780,resnet50_geirhos_tl,8,4,92,16,96.0,20.0,5.769641876220703,5.763434410095215,0.006207466125488281
ns_elephant_780,resnet50_geirhos_tl,8,4,92,20,96.0,24.0,5.769641876220703,5.771585941314697,-0.0019440650939941406
ns_elephant_780,resnet50_geirhos_tl,8,4,92,24,96.0,28.0,5.769641876220703,5.759421348571777,0.010220527648925781
ns_elephant_780,resnet50_geirhos_tl,8,4,92,28,96.0,32.0,5.769641876220703,5.73740816116333,0.03223371505737305
ns_elephant_780,resnet50_geirhos_tl,8,4,92,32,96.0,36.0,5.769641876220703,5.695501327514648,0.07414054870605469
ns_elephant_780,resnet50_geirhos_tl,8,4,92,36,96.0,40.0,5.769641876220703,5.733595371246338,0.036046504974365234
ns_elephant_780,resnet50_geirhos_tl,8,4,92,40,96.0,44.0,5.769641876220703,5.7642741203308105,0.005367755889892578
ns_elephant_780,resnet50_geirhos_tl,8,4,92,44,96.0,48.0,5.769641876220703,5.752570152282715,0.01707172393798828
ns_elephant_780,resnet50_geirhos_tl,8,4,92,48,96.0,52.0,5.769641876220703,5.711102485656738,0.058539390563964844
ns_elephant_780,resnet50_geirhos_tl,8,4,92,52,96.0,56.0,5.769641876220703,5.710676670074463,0.058965206146240234
ns_elephant_780,resnet50_geirhos_tl,8,4,92,56,96.0,60.0,5.769641876220703,5.670476913452148,0.09916496276855469
ns_elephant_780,resnet50_geirhos_tl,8,4,92,60,96.0,64.0,5.769641876220703,5.600865840911865,0.1687760353088379
ns_elephant_780,resnet50_geirhos_tl,8,4,92,64,96.0,68.0,5.769641876220703,5.509998798370361,0.2596430778503418
ns_elephant_780,resnet50_geirhos_tl,8,4,92,68,96.0,72.0,5.769641876220703,5.546625137329102,0.22301673889160156
ns_elephant_780,resnet50_geirhos_tl,8,4,92,72,96.0,76.0,5.769641876220703,5.50190544128418,0.26773643493652344
ns_elephant_780,resnet50_geirhos_tl,8,4,92,76,96.0,80.0,5.769641876220703,5.456934452056885,0.31270742416381836
ns_elephant_780,resnet50_geirhos_tl,8,4,92,80,96.0,84.0,5.769641876220703,5.42088508605957,0.3487567901611328
ns_elephant_780,resnet50_geirhos_tl,8,4,92,84,96.0,88.0,5.769641876220703,5.370715618133545,0.3989262580871582
ns_elephant_780,resnet50_geirhos_tl,8,4,92,88,96.0,92.0,5.769641876220703,5.394586563110352,0.37505531311035156
ns_elephant_780,resnet50_geirhos_tl,8,4,92,92,96.0,96.0,5.769641876220703,5.403895378112793,0.36574649810791016
ns_elephant_780,resnet50_geirhos_tl,8,4,92,96,96.0,100.0,5.769641876220703,5.628434658050537,0.14120721817016602
ns_elephant_780,resnet50_geirhos_tl,8,4,92,100,96.0,104.0,5.769641876220703,5.739668369293213,0.029973506927490234
ns_elephant_780,resnet50_geirhos_tl,8,4,92,104,96.0,108.0,5.769641876220703,5.7237772941589355,0.04586458206176758
ns_elephant_780,resnet50_geirhos_tl,8,4,92,108,96.0,112.0,5.769641876220703,5.621913909912109,0.14772796630859375
ns_elephant_780,resnet50_geirhos_tl,8,4,92,112,96.0,116.0,5.769641876220703,5.647697925567627,0.12194395065307617
ns_elephant_780,resnet50_geirhos_tl,8,4,92,116,96.0,120.0,5.769641876220703,5.699664115905762,0.0699777603149414
ns_elephant_780,resnet50_geirhos_tl,8,4,92,120,96.0,124.0,5.769641876220703,5.62034273147583,0.14929914474487305
ns_elephant_780,resnet50_geirhos_tl,8,4,92,124,96.0,128.0,5.769641876220703,5.580165863037109,0.18947601318359375
ns_elephant_780,resnet50_geirhos_tl,8,4,92,128,96.0,132.0,5.769641876220703,5.7217183113098145,0.04792356491088867
ns_elephant_780,resnet50_geirhos_tl,8,4,92,132,96.0,136.0,5.769641876220703,5.852921485900879,-0.08327960968017578
ns_elephant_780,resnet50_geirhos_tl,8,4,92,136,96.0,140.0,5.769641876220703,5.755985260009766,0.0136566162109375
ns_elephant_780,resnet50_geirhos_tl,8,4,92,140,96.0,144.0,5.769641876220703,5.734781265258789,0.03486061096191406
ns_elephant_780,resnet50_geirhos_tl,8,4,92,144,96.0,148.0,5.769641876220703,5.619840621948242,0.14980125427246094
ns_elephant_780,resnet50_geirhos_tl,8,4,92,148,96.0,152.0,5.769641876220703,5.66943883895874,0.10020303726196289
ns_elephant_780,resnet50_geirhos_tl,8,4,92,152,96.0,156.0,5.769641876220703,5.59089469909668,0.17874717712402344
ns_elephant_780,resnet50_geirhos_tl,8,4,92,156,96.0,160.0,5.769641876220703,5.5868353843688965,0.18280649185180664
ns_elephant_780,resnet50_geirhos_tl,8,4,92,160,96.0,164.0,5.769641876220703,5.549647331237793,0.21999454498291016
ns_elephant_780,resnet50_geirhos_tl,8,4,92,164,96.0,168.0,5.769641876220703,5.750369548797607,0.019272327423095703
ns_elephant_780,resnet50_geirhos_tl,8,4,92,168,96.0,172.0,5.769641876220703,5.790517807006836,-0.020875930786132812
ns_elephant_780,resnet50_geirhos_tl,8,4,92,172,96.0,176.0,5.769641876220703,5.7704010009765625,-0.000759124755859375
ns_elephant_780,resnet50_geirhos_tl,8,4,92,176,96.0,180.0,5.769641876220703,5.673365116119385,0.09627676010131836
ns_elephant_780,resnet50_geirhos_tl,8,4,92,180,96.0,184.0,5.769641876220703,5.636298656463623,0.13334321975708008
ns_elephant_780,resnet50_geirhos_tl,8,4,92,184,96.0,188.0,5.769641876220703,5.486457824707031,0.2831840515136719
ns_elephant_780,resnet50_geirhos_tl,8,4,92,188,96.0,192.0,5.769641876220703,5.4049577713012695,0.3646841049194336
ns_elephant_780,resnet50_geirhos_tl,8,4,92,192,96.0,196.0,5.769641876220703,5.385639190673828,0.384002685546875
ns_elephant_780,resnet50_geirhos_tl,8,4,92,196,96.0,200.0,5.769641876220703,5.362016677856445,0.4076251983642578
ns_elephant_780,resnet50_geirhos_tl,8,4,92,200,96.0,204.0,5.769641876220703,5.652706146240234,0.11693572998046875
ns_elephant_780,resnet50_geirhos_tl,8,4,92,204,96.0,208.0,5.769641876220703,5.681483745574951,0.08815813064575195
ns_elephant_780,resnet50_geirhos_tl,8,4,92,208,96.0,212.0,5.769641876220703,5.633820056915283,0.13582181930541992
ns_elephant_780,resnet50_geirhos_tl,8,4,92,212,96.0,216.0,5.769641876220703,5.761126518249512,0.008515357971191406
ns_elephant_780,resnet50_geirhos_tl,8,4,92,216,96.0,220.0,5.769641876220703,5.7070417404174805,0.06260013580322266
ns_elephant_780,resnet50_geirhos_tl,8,4,96,0,100.0,4.0,5.769641876220703,5.768969535827637,0.0006723403930664062
ns_elephant_780,resnet50_geirhos_tl,8,4,96,4,100.0,8.0,5.769641876220703,5.836705684661865,-0.06706380844116211
ns_elephant_780,resnet50_geirhos_tl,8,4,96,8,100.0,12.0,5.769641876220703,5.85289192199707,-0.08325004577636719
ns_elephant_780,resnet50_geirhos_tl,8,4,96,12,100.0,16.0,5.769641876220703,5.867252826690674,-0.0976109504699707
ns_elephant_780,resnet50_geirhos_tl,8,4,96,16,100.0,20.0,5.769641876220703,5.818874359130859,-0.04923248291015625
ns_elephant_780,resnet50_geirhos_tl,8,4,96,20,100.0,24.0,5.769641876220703,5.817281246185303,-0.04763936996459961
ns_elephant_780,resnet50_geirhos_tl,8,4,96,24,100.0,28.0,5.769641876220703,5.79957914352417,-0.029937267303466797
ns_elephant_780,resnet50_geirhos_tl,8,4,96,28,100.0,32.0,5.769641876220703,5.809496879577637,-0.039855003356933594
ns_elephant_780,resnet50_geirhos_tl,8,4,96,32,100.0,36.0,5.769641876220703,5.7650909423828125,0.004550933837890625
ns_elephant_780,resnet50_geirhos_tl,8,4,96,36,100.0,40.0,5.769641876220703,5.80718469619751,-0.03754281997680664
ns_elephant_780,resnet50_geirhos_tl,8,4,96,40,100.0,44.0,5.769641876220703,5.801266193389893,-0.03162431716918945
ns_elephant_780,resnet50_geirhos_tl,8,4,96,44,100.0,48.0,5.769641876220703,5.831887722015381,-0.062245845794677734
ns_elephant_780,resnet50_geirhos_tl,8,4,96,48,100.0,52.0,5.769641876220703,5.814314365386963,-0.044672489166259766
ns_elephant_780,resnet50_geirhos_tl,8,4,96,52,100.0,56.0,5.769641876220703,5.831637382507324,-0.061995506286621094
ns_elephant_780,resnet50_geirhos_tl,8,4,96,56,100.0,60.0,5.769641876220703,5.788351058959961,-0.018709182739257812
ns_elephant_780,resnet50_geirhos_tl,8,4,96,60,100.0,64.0,5.769641876220703,5.730067253112793,0.039574623107910156
ns_elephant_780,resnet50_geirhos_tl,8,4,96,64,100.0,68.0,5.769641876220703,5.610167503356934,0.15947437286376953
ns_elephant_780,resnet50_geirhos_tl,8,4,96,68,100.0,72.0,5.769641876220703,5.565262794494629,0.20437908172607422
ns_elephant_780,resnet50_geirhos_tl,8,4,96,72,100.0,76.0,5.769641876220703,5.4974517822265625,0.2721900939941406
ns_elephant_780,resnet50_geirhos_tl,8,4,96,76,100.0,80.0,5.769641876220703,5.492509365081787,0.277132511138916
ns_elephant_780,resnet50_geirhos_tl,8,4,96,80,100.0,84.0,5.769641876220703,5.398688316345215,0.3709535598754883
ns_elephant_780,resnet50_geirhos_tl,8,4,96,84,100.0,88.0,5.769641876220703,5.332657814025879,0.4369840621948242
ns_elephant_780,resnet50_geirhos_tl,8,4,96,88,100.0,92.0,5.769641876220703,5.366581439971924,0.4030604362487793
ns_elephant_780,resnet50_geirhos_tl,8,4,96,92,100.0,96.0,5.769641876220703,5.401254653930664,0.36838722229003906
ns_elephant_780,resnet50_geirhos_tl,8,4,96,96,100.0,100.0,5.769641876220703,5.63885498046875,0.13078689575195312
ns_elephant_780,resnet50_geirhos_tl,8,4,96,100,100.0,104.0,5.769641876220703,5.6681976318359375,0.10144424438476562
ns_elephant_780,resnet50_geirhos_tl,8,4,96,104,100.0,108.0,5.769641876220703,5.622766494750977,0.14687538146972656
ns_elephant_780,resnet50_geirhos_tl,8,4,96,108,100.0,112.0,5.769641876220703,5.545806884765625,0.22383499145507812
ns_elephant_780,resnet50_geirhos_tl,8,4,96,112,100.0,116.0,5.769641876220703,5.528118133544922,0.24152374267578125
ns_elephant_780,resnet50_geirhos_tl,8,4,96,116,100.0,120.0,5.769641876220703,5.656805038452148,0.11283683776855469
ns_elephant_780,resnet50_geirhos_tl,8,4,96,120,100.0,124.0,5.769641876220703,5.675754547119141,0.0938873291015625
ns_elephant_780,resnet50_geirhos_tl,8,4,96,124,100.0,128.0,5.769641876220703,5.744872570037842,0.024769306182861328
ns_elephant_780,resnet50_geirhos_tl,8,4,96,128,100.0,132.0,5.769641876220703,5.776071071624756,-0.006429195404052734
ns_elephant_780,resnet50_geirhos_tl,8,4,96,132,100.0,136.0,5.769641876220703,5.8744354248046875,-0.10479354858398438
ns_elephant_780,resnet50_geirhos_tl,8,4,96,136,100.0,140.0,5.769641876220703,5.768624782562256,0.0010170936584472656
ns_elephant_780,resnet50_geirhos_tl,8,4,96,140,100.0,144.0,5.769641876220703,5.843702793121338,-0.07406091690063477
ns_elephant_780,resnet50_geirhos_tl,8,4,96,144,100.0,148.0,5.769641876220703,5.9003472328186035,-0.1307053565979004
ns_elephant_780,resnet50_geirhos_tl,8,4,96,148,100.0,152.0,5.769641876220703,5.864442825317383,-0.09480094909667969
ns_elephant_780,resnet50_geirhos_tl,8,4,96,152,100.0,156.0,5.769641876220703,5.859245777130127,-0.08960390090942383
ns_elephant_780,resnet50_geirhos_tl,8,4,96,156,100.0,160.0,5.769641876220703,5.749999523162842,0.019642353057861328
ns_elephant_780,resnet50_geirhos_tl,8,4,96,160,100.0,164.0,5.769641876220703,5.803746223449707,-0.034104347229003906
ns_elephant_780,resnet50_geirhos_tl,8,4,96,164,100.0,168.0,5.769641876220703,5.871950626373291,-0.10230875015258789
ns_elephant_780,resnet50_geirhos_tl,8,4,96,168,100.0,172.0,5.769641876220703,5.841602325439453,-0.07196044921875
ns_elephant_780,resnet50_geirhos_tl,8,4,96,172,100.0,176.0,5.769641876220703,5.868247032165527,-0.09860515594482422
ns_elephant_780,resnet50_geirhos_tl,8,4,96,176,100.0,180.0,5.769641876220703,5.693215847015381,0.07642602920532227
ns_elephant_780,resnet50_geirhos_tl,8,4,96,180,100.0,184.0,5.769641876220703,5.641542434692383,0.1280994415283203
ns_elephant_780,resnet50_geirhos_tl,8,4,96,184,100.0,188.0,5.769641876220703,5.504775524139404,0.26486635208129883
ns_elephant_780,resnet50_geirhos_tl,8,4,96,188,100.0,192.0,5.769641876220703,5.464190483093262,0.3054513931274414
ns_elephant_780,resnet50_geirhos_tl,8,4,96,192,100.0,196.0,5.769641876220703,5.402069568634033,0.3675723075866699
ns_elephant_780,resnet50_geirhos_tl,8,4,96,196,100.0,200.0,5.769641876220703,5.451334476470947,0.31830739974975586
ns_elephant_780,resnet50_geirhos_tl,8,4,96,200,100.0,204.0,5.769641876220703,5.623479843139648,0.1461620330810547
ns_elephant_780,resnet50_geirhos_tl,8,4,96,204,100.0,208.0,5.769641876220703,5.647958755493164,0.12168312072753906
ns_elephant_780,resnet50_geirhos_tl,8,4,96,208,100.0,212.0,5.769641876220703,5.6858229637146,0.08381891250610352
ns_elephant_780,resnet50_geirhos_tl,8,4,96,212,100.0,216.0,5.769641876220703,5.746852874755859,0.02278900146484375
ns_elephant_780,resnet50_geirhos_tl,8,4,96,216,100.0,220.0,5.769641876220703,5.7162861824035645,0.05335569381713867
ns_elephant_780,resnet50_geirhos_tl,8,4,100,0,104.0,4.0,5.769641876220703,5.760146617889404,0.009495258331298828
ns_elephant_780,resnet50_geirhos_tl,8,4,100,4,104.0,8.0,5.769641876220703,5.79441499710083,-0.024773120880126953
ns_elephant_780,resnet50_geirhos_tl,8,4,100,8,104.0,12.0,5.769641876220703,5.801336288452148,-0.03169441223144531
ns_elephant_780,resnet50_geirhos_tl,8,4,100,12,104.0,16.0,5.769641876220703,5.791942596435547,-0.02230072021484375
ns_elephant_780,resnet50_geirhos_tl,8,4,100,16,104.0,20.0,5.769641876220703,5.783465385437012,-0.013823509216308594
ns_elephant_780,resnet50_geirhos_tl,8,4,100,20,104.0,24.0,5.769641876220703,5.773282051086426,-0.0036401748657226562
ns_elephant_780,resnet50_geirhos_tl,8,4,100,24,104.0,28.0,5.769641876220703,5.769591808319092,5.0067901611328125e-05
ns_elephant_780,resnet50_geirhos_tl,8,4,100,28,104.0,32.0,5.769641876220703,5.78871488571167,-0.019073009490966797
ns_elephant_780,resnet50_geirhos_tl,8,4,100,32,104.0,36.0,5.769641876220703,5.772871017456055,-0.0032291412353515625
ns_elephant_780,resnet50_geirhos_tl,8,4,100,36,104.0,40.0,5.769641876220703,5.756173133850098,0.013468742370605469
ns_elephant_780,resnet50_geirhos_tl,8,4,100,40,104.0,44.0,5.769641876220703,5.7487311363220215,0.02091073989868164
ns_elephant_780,resnet50_geirhos_tl,8,4,100,44,104.0,48.0,5.769641876220703,5.770364761352539,-0.0007228851318359375
ns_elephant_780,resnet50_geirhos_tl,8,4,100,48,104.0,52.0,5.769641876220703,5.779842853546143,-0.010200977325439453
ns_elephant_780,resnet50_geirhos_tl,8,4,100,52,104.0,56.0,5.769641876220703,5.772780895233154,-0.003139019012451172
ns_elephant_780,resnet50_geirhos_tl,8,4,100,56,104.0,60.0,5.769641876220703,5.767293453216553,0.0023484230041503906
ns_elephant_780,resnet50_geirhos_tl,8,4,100,60,104.0,64.0,5.769641876220703,5.782279014587402,-0.012637138366699219
ns_elephant_780,resnet50_geirhos_tl,8,4,100,64,104.0,68.0,5.769641876220703,5.673264980316162,0.09637689590454102
ns_elephant_780,resnet50_geirhos_tl,8,4,100,68,104.0,72.0,5.769641876220703,5.5564117431640625,0.21323013305664062
ns_elephant_780,resnet50_geirhos_tl,8,4,100,72,104.0,76.0,5.769641876220703,5.473765850067139,0.29587602615356445
ns_elephant_780,resnet50_geirhos_tl,8,4,100,76,104.0,80.0,5.769641876220703,5.455961227416992,0.31368064880371094
ns_elephant_780,resnet50_geirhos_tl,8,4,100,80,104.0,84.0,5.769641876220703,5.402338027954102,0.36730384826660156
ns_elephant_780,resnet50_geirhos_tl,8,4,100,84,104.0,88.0,5.769641876220703,5.347619533538818,0.42202234268188477
ns_elephant_780,resnet50_geirhos_tl,8,4,100,88,104.0,92.0,5.769641876220703,5.325002670288086,0.4446392059326172
ns_elephant_780,resnet50_geirhos_tl,8,4,100,92,104.0,96.0,5.769641876220703,5.3624773025512695,0.4071645736694336
ns_elephant_780,resnet50_geirhos_tl,8,4,100,96,104.0,100.0,5.769641876220703,5.47540807723999,0.2942337989807129
ns_elephant_780,resnet50_geirhos_tl,8,4,100,100,104.0,104.0,5.769641876220703,5.689146518707275,0.08049535751342773
ns_elephant_780,resnet50_geirhos_tl,8,4,100,104,104.0,108.0,5.769641876220703,5.567605018615723,0.20203685760498047
ns_elephant_780,resnet50_geirhos_tl,8,4,100,108,104.0,112.0,5.769641876220703,5.445619583129883,0.3240222930908203
ns_elephant_780,resnet50_geirhos_tl,8,4,100,112,104.0,116.0,5.769641876220703,5.4169921875,0.3526496887207031
ns_elephant_780,resnet50_geirhos_tl,8,4,100,116,104.0,120.0,5.769641876220703,5.5677490234375,0.20189285278320312
ns_elephant_780,resnet50_geirhos_tl,8,4,100,120,104.0,124.0,5.769641876220703,5.683620452880859,0.08602142333984375
ns_elephant_780,resnet50_geirhos_tl,8,4,100,124,104.0,128.0,5.769641876220703,5.738528251647949,0.031113624572753906
ns_elephant_780,resnet50_geirhos_tl,8,4,100,128,104.0,132.0,5.769641876220703,5.7430291175842285,0.02661275863647461
ns_elephant_780,resnet50_geirhos_tl,8,4,100,132,104.0,136.0,5.769641876220703,5.710544586181641,0.0590972900390625
ns_elephant_780,resnet50_geirhos_tl,8,4,100,136,104.0,140.0,5.769641876220703,5.79399299621582,-0.024351119995117188
ns_elephant_780,resnet50_geirhos_tl,8,4,100,140,104.0,144.0,5.769641876220703,5.735564708709717,0.03407716751098633
ns_elephant_780,resnet50_geirhos_tl,8,4,100,144,104.0,148.0,5.769641876220703,5.892934799194336,-0.12329292297363281
ns_elephant_780,resnet50_geirhos_tl,8,4,100,148,104.0,152.0,5.769641876220703,5.9128804206848145,-0.14323854446411133
ns_elephant_780,resnet50_geirhos_tl,8,4,100,152,104.0,156.0,5.769641876220703,5.961012840270996,-0.19137096405029297
ns_elephant_780,resnet50_geirhos_tl,8,4,100,156,104.0,160.0,5.769641876220703,5.896596908569336,-0.1269550323486328
ns_elephant_780,resnet50_geirhos_tl,8,4,100,160,104.0,164.0,5.769641876220703,5.877030849456787,-0.10738897323608398
ns_elephant_780,resnet50_geirhos_tl,8,4,100,164,104.0,168.0,5.769641876220703,5.918158054351807,-0.14851617813110352
ns_elephant_780,resnet50_geirhos_tl,8,4,100,168,104.0,172.0,5.769641876220703,5.9136128425598145,-0.14397096633911133
ns_elephant_780,resnet50_geirhos_tl,8,4,100,172,104.0,176.0,5.769641876220703,5.9657087326049805,-0.19606685638427734
ns_elephant_780,resnet50_geirhos_tl,8,4,100,176,104.0,180.0,5.769641876220703,5.748979568481445,0.020662307739257812
ns_elephant_780,resnet50_geirhos_tl,8,4,100,180,104.0,184.0,5.769641876220703,5.587460994720459,0.18218088150024414
ns_elephant_780,resnet50_geirhos_tl,8,4,100,184,104.0,188.0,5.769641876220703,5.490965366363525,0.27867650985717773
ns_elephant_780,resnet50_geirhos_tl,8,4,100,188,104.0,192.0,5.769641876220703,5.440710544586182,0.3289313316345215
ns_elephant_780,resnet50_geirhos_tl,8,4,100,192,104.0,196.0,5.769641876220703,5.3366923332214355,0.4329495429992676
ns_elephant_780,resnet50_geirhos_tl,8,4,100,196,104.0,200.0,5.769641876220703,5.4336137771606445,0.3360280990600586
ns_elephant_780,resnet50_geirhos_tl,8,4,100,200,104.0,204.0,5.769641876220703,5.62034797668457,0.1492938995361328
ns_elephant_780,resnet50_geirhos_tl,8,4,100,204,104.0,208.0,5.769641876220703,5.579094886779785,0.19054698944091797
ns_elephant_780,resnet50_geirhos_tl,8,4,100,208,104.0,212.0,5.769641876220703,5.686180114746094,0.08346176147460938
ns_elephant_780,resnet50_geirhos_tl,8,4,100,212,104.0,216.0,5.769641876220703,5.724090576171875,0.045551300048828125
ns_elephant_780,resnet50_geirhos_tl,8,4,100,216,104.0,220.0,5.769641876220703,5.713812828063965,0.05582904815673828
ns_elephant_780,resnet50_geirhos_tl,8,4,104,0,108.0,4.0,5.769641876220703,5.75315523147583,0.016486644744873047
ns_elephant_780,resnet50_geirhos_tl,8,4,104,4,108.0,8.0,5.769641876220703,5.819336414337158,-0.04969453811645508
ns_elephant_780,resnet50_geirhos_tl,8,4,104,8,108.0,12.0,5.769641876220703,5.792101860046387,-0.022459983825683594
ns_elephant_780,resnet50_geirhos_tl,8,4,104,12,108.0,16.0,5.769641876220703,5.803911209106445,-0.03426933288574219
ns_elephant_780,resnet50_geirhos_tl,8,4,104,16,108.0,20.0,5.769641876220703,5.801570892333984,-0.03192901611328125
ns_elephant_780,resnet50_geirhos_tl,8,4,104,20,108.0,24.0,5.769641876220703,5.818294048309326,-0.04865217208862305
ns_elephant_780,resnet50_geirhos_tl,8,4,104,24,108.0,28.0,5.769641876220703,5.795989990234375,-0.026348114013671875
ns_elephant_780,resnet50_geirhos_tl,8,4,104,28,108.0,32.0,5.769641876220703,5.835674285888672,-0.06603240966796875
ns_elephant_780,resnet50_geirhos_tl,8,4,104,32,108.0,36.0,5.769641876220703,5.8155717849731445,-0.045929908752441406
ns_elephant_780,resnet50_geirhos_tl,8,4,104,36,108.0,40.0,5.769641876220703,5.797994613647461,-0.028352737426757812
ns_elephant_780,resnet50_geirhos_tl,8,4,104,40,108.0,44.0,5.769641876220703,5.738850116729736,0.030791759490966797
ns_elephant_780,resnet50_geirhos_tl,8,4,104,44,108.0,48.0,5.769641876220703,5.787407875061035,-0.01776599884033203
ns_elephant_780,resnet50_geirhos_tl,8,4,104,48,108.0,52.0,5.769641876220703,5.78582239151001,-0.01618051528930664
ns_elephant_780,resnet50_geirhos_tl,8,4,104,52,108.0,56.0,5.769641876220703,5.790213108062744,-0.020571231842041016
ns_elephant_780,resnet50_geirhos_tl,8,4,104,56,108.0,60.0,5.769641876220703,5.766247749328613,0.0033941268920898438
ns_elephant_780,resnet50_geirhos_tl,8,4,104,60,108.0,64.0,5.769641876220703,5.776851654052734,-0.00720977783203125
ns_elephant_780,resnet50_geirhos_tl,8,4,104,64,108.0,68.0,5.769641876220703,5.697720050811768,0.07192182540893555
ns_elephant_780,resnet50_geirhos_tl,8,4,104,68,108.0,72.0,5.769641876220703,5.632436752319336,0.1372051239013672
ns_elephant_780,resnet50_geirhos_tl,8,4,104,72,108.0,76.0,5.769641876220703,5.549474716186523,0.2201671600341797
ns_elephant_780,resnet50_geirhos_tl,8,4,104,76,108.0,80.0,5.769641876220703,5.527747631072998,0.24189424514770508
ns_elephant_780,resnet50_geirhos_tl,8,4,104,80,108.0,84.0,5.769641876220703,5.428039073944092,0.34160280227661133
ns_elephant_780,resnet50_geirhos_tl,8,4,104,84,108.0,88.0,5.769641876220703,5.364657878875732,0.4049839973449707
ns_elephant_780,resnet50_geirhos_tl,8,4,104,88,108.0,92.0,5.769641876220703,5.324273586273193,0.44536828994750977
ns_elephant_780,resnet50_geirhos_tl,8,4,104,92,108.0,96.0,5.769641876220703,5.401662826538086,0.3679790496826172
ns_elephant_780,resnet50_geirhos_tl,8,4,104,96,108.0,100.0,5.769641876220703,5.504351615905762,0.2652902603149414
ns_elephant_780,resnet50_geirhos_tl,8,4,104,100,108.0,104.0,5.769641876220703,5.527135848999023,0.2425060272216797
ns_elephant_780,resnet50_geirhos_tl,8,4,104,104,108.0,108.0,5.769641876220703,5.426032543182373,0.3436093330383301
ns_elephant_780,resnet50_geirhos_tl,8,4,104,108,108.0,112.0,5.769641876220703,5.41630220413208,0.35333967208862305
ns_elephant_780,resnet50_geirhos_tl,8,4,104,112,108.0,116.0,5.769641876220703,5.340065956115723,0.42957592010498047
ns_elephant_780,resnet50_geirhos_tl,8,4,104,116,108.0,120.0,5.769641876220703,5.51038932800293,0.25925254821777344
ns_elephant_780,resnet50_geirhos_tl,8,4,104,120,108.0,124.0,5.769641876220703,5.706989765167236,0.0626521110534668
ns_elephant_780,resnet50_geirhos_tl,8,4,104,124,108.0,128.0,5.769641876220703,5.810248851776123,-0.04060697555541992
ns_elephant_780,resnet50_geirhos_tl,8,4,104,128,108.0,132.0,5.769641876220703,5.648890018463135,0.12075185775756836
ns_elephant_780,resnet50_geirhos_tl,8,4,104,132,108.0,136.0,5.769641876220703,5.7303009033203125,0.039340972900390625
ns_elephant_780,resnet50_geirhos_tl,8,4,104,136,108.0,140.0,5.769641876220703,5.8320207595825195,-0.062378883361816406
ns_elephant_780,resnet50_geirhos_tl,8,4,104,140,108.0,144.0,5.769641876220703,5.744782447814941,0.02485942840576172
ns_elephant_780,resnet50_geirhos_tl,8,4,104,144,108.0,148.0,5.769641876220703,5.74931001663208,0.020331859588623047
ns_elephant_780,resnet50_geirhos_tl,8,4,104,148,108.0,152.0,5.769641876220703,5.680385589599609,0.08925628662109375
ns_elephant_780,resnet50_geirhos_tl,8,4,104,152,108.0,156.0,5.769641876220703,5.701344013214111,0.0682978630065918
ns_elephant_780,resnet50_geirhos_tl,8,4,104,156,108.0,160.0,5.769641876220703,5.768289566040039,0.0013523101806640625
ns_elephant_780,resnet50_geirhos_tl,8,4,104,160,108.0,164.0,5.769641876220703,5.736558437347412,0.033083438873291016
ns_elephant_780,resnet50_geirhos_tl,8,4,104,164,108.0,168.0,5.769641876220703,5.8108744621276855,-0.04123258590698242
ns_elephant_780,resnet50_geirhos_tl,8,4,104,168,108.0,172.0,5.769641876220703,5.80824613571167,-0.0386042594909668
ns_elephant_780,resnet50_geirhos_tl,8,4,104,172,108.0,176.0,5.769641876220703,5.853385925292969,-0.08374404907226562
ns_elephant_780,resnet50_geirhos_tl,8,4,104,176,108.0,180.0,5.769641876220703,5.7536773681640625,0.015964508056640625
ns_elephant_780,resnet50_geirhos_tl,8,4,104,180,108.0,184.0,5.769641876220703,5.707403182983398,0.06223869323730469
ns_elephant_780,resnet50_geirhos_tl,8,4,104,184,108.0,188.0,5.769641876220703,5.560527801513672,0.20911407470703125
ns_elephant_780,resnet50_geirhos_tl,8,4,104,188,108.0,192.0,5.769641876220703,5.481492042541504,0.2881498336791992
ns_elephant_780,resnet50_geirhos_tl,8,4,104,192,108.0,196.0,5.769641876220703,5.313279628753662,0.456362247467041
ns_elephant_780,resnet50_geirhos_tl,8,4,104,196,108.0,200.0,5.769641876220703,5.487903118133545,0.2817387580871582
ns_elephant_780,resnet50_geirhos_tl,8,4,104,200,108.0,204.0,5.769641876220703,5.627630233764648,0.1420116424560547
ns_elephant_780,resnet50_geirhos_tl,8,4,104,204,108.0,208.0,5.769641876220703,5.620614051818848,0.14902782440185547
ns_elephant_780,resnet50_geirhos_tl,8,4,104,208,108.0,212.0,5.769641876220703,5.6447296142578125,0.12491226196289062
ns_elephant_780,resnet50_geirhos_tl,8,4,104,212,108.0,216.0,5.769641876220703,5.730312347412109,0.03932952880859375
ns_elephant_780,resnet50_geirhos_tl,8,4,104,216,108.0,220.0,5.769641876220703,5.718630313873291,0.05101156234741211
ns_elephant_780,resnet50_geirhos_tl,8,4,108,0,112.0,4.0,5.769641876220703,5.781880855560303,-0.01223897933959961
ns_elephant_780,resnet50_geirhos_tl,8,4,108,4,112.0,8.0,5.769641876220703,5.793978691101074,-0.024336814880371094
ns_elephant_780,resnet50_geirhos_tl,8,4,108,8,112.0,12.0,5.769641876220703,5.770051956176758,-0.0004100799560546875
ns_elephant_780,resnet50_geirhos_tl,8,4,108,12,112.0,16.0,5.769641876220703,5.738021373748779,0.03162050247192383
ns_elephant_780,resnet50_geirhos_tl,8,4,108,16,112.0,20.0,5.769641876220703,5.743499755859375,0.026142120361328125
ns_elephant_780,resnet50_geirhos_tl,8,4,108,20,112.0,24.0,5.769641876220703,5.755145072937012,0.014496803283691406
ns_elephant_780,resnet50_geirhos_tl,8,4,108,24,112.0,28.0,5.769641876220703,5.76193904876709,0.007702827453613281
ns_elephant_780,resnet50_geirhos_tl,8,4,108,28,112.0,32.0,5.769641876220703,5.783535480499268,-0.013893604278564453
ns_elephant_780,resnet50_geirhos_tl,8,4,108,32,112.0,36.0,5.769641876220703,5.774135112762451,-0.004493236541748047
ns_elephant_780,resnet50_geirhos_tl,8,4,108,36,112.0,40.0,5.769641876220703,5.744124889373779,0.025516986846923828
ns_elephant_780,resnet50_geirhos_tl,8,4,108,40,112.0,44.0,5.769641876220703,5.750821113586426,0.018820762634277344
ns_elephant_780,resnet50_geirhos_tl,8,4,108,44,112.0,48.0,5.769641876220703,5.732470989227295,0.0371708869934082
ns_elephant_780,resnet50_geirhos_tl,8,4,108,48,112.0,52.0,5.769641876220703,5.719084739685059,0.05055713653564453
ns_elephant_780,resnet50_geirhos_tl,8,4,108,52,112.0,56.0,5.769641876220703,5.717510223388672,0.05213165283203125
ns_elephant_780,resnet50_geirhos_tl,8,4,108,56,112.0,60.0,5.769641876220703,5.712968826293945,0.05667304992675781
ns_elephant_780,resnet50_geirhos_tl,8,4,108,60,112.0,64.0,5.769641876220703,5.67096471786499,0.09867715835571289
ns_elephant_780,resnet50_geirhos_tl,8,4,108,64,112.0,68.0,5.769641876220703,5.631527900695801,0.13811397552490234
ns_elephant_780,resnet50_geirhos_tl,8,4,108,68,112.0,72.0,5.769641876220703,5.627317905426025,0.14232397079467773
ns_elephant_780,resnet50_geirhos_tl,8,4,108,72,112.0,76.0,5.769641876220703,5.571487903594971,0.19815397262573242
ns_elephant_780,resnet50_geirhos_tl,8,4,108,76,112.0,80.0,5.769641876220703,5.554995536804199,0.2146463394165039
ns_elephant_780,resnet50_geirhos_tl,8,4,108,80,112.0,84.0,5.769641876220703,5.484016418457031,0.2856254577636719
ns_elephant_780,resnet50_geirhos_tl,8,4,108,84,112.0,88.0,5.769641876220703,5.433063983917236,0.3365778923034668
ns_elephant_780,resnet50_geirhos_tl,8,4,108,88,112.0,92.0,5.769641876220703,5.334750175476074,0.4348917007446289
ns_elephant_780,resnet50_geirhos_tl,8,4,108,92,112.0,96.0,5.769641876220703,5.39567756652832,0.3739643096923828
ns_elephant_780,resnet50_geirhos_tl,8,4,108,96,112.0,100.0,5.769641876220703,5.532600402832031,0.23704147338867188
ns_elephant_780,resnet50_geirhos_tl,8,4,108,100,112.0,104.0,5.769641876220703,5.567635536193848,0.20200634002685547
ns_elephant_780,resnet50_geirhos_tl,8,4,108,104,112.0,108.0,5.769641876220703,5.483963966369629,0.2856779098510742
ns_elephant_780,resnet50_geirhos_tl,8,4,108,108,112.0,112.0,5.769641876220703,5.548184871673584,0.22145700454711914
ns_elephant_780,resnet50_geirhos_tl,8,4,108,112,112.0,116.0,5.769641876220703,5.523250102996826,0.24639177322387695
ns_elephant_780,resnet50_geirhos_tl,8,4,108,116,112.0,120.0,5.769641876220703,5.663934707641602,0.10570716857910156
ns_elephant_780,resnet50_geirhos_tl,8,4,108,120,112.0,124.0,5.769641876220703,5.752690315246582,0.016951560974121094
ns_elephant_780,resnet50_geirhos_tl,8,4,108,124,112.0,128.0,5.769641876220703,5.773343563079834,-0.0037016868591308594
ns_elephant_780,resnet50_geirhos_tl,8,4,108,128,112.0,132.0,5.769641876220703,5.6522369384765625,0.11740493774414062
ns_elephant_780,resnet50_geirhos_tl,8,4,108,132,112.0,136.0,5.769641876220703,5.668376922607422,0.10126495361328125
ns_elephant_780,resnet50_geirhos_tl,8,4,108,136,112.0,140.0,5.769641876220703,5.6782402992248535,0.09140157699584961
ns_elephant_780,resnet50_geirhos_tl,8,4,108,140,112.0,144.0,5.769641876220703,5.613619804382324,0.1560220718383789
ns_elephant_780,resnet50_geirhos_tl,8,4,108,144,112.0,148.0,5.769641876220703,5.6354899406433105,0.13415193557739258
ns_elephant_780,resnet50_geirhos_tl,8,4,108,148,112.0,152.0,5.769641876220703,5.628519058227539,0.14112281799316406
ns_elephant_780,resnet50_geirhos_tl,8,4,108,152,112.0,156.0,5.769641876220703,5.813180923461914,-0.04353904724121094
ns_elephant_780,resnet50_geirhos_tl,8,4,108,156,112.0,160.0,5.769641876220703,5.86512565612793,-0.09548377990722656
ns_elephant_780,resnet50_geirhos_tl,8,4,108,160,112.0,164.0,5.769641876220703,5.875840663909912,-0.10619878768920898
ns_elephant_780,resnet50_geirhos_tl,8,4,108,164,112.0,168.0,5.769641876220703,5.871142864227295,-0.1015009880065918
ns_elephant_780,resnet50_geirhos_tl,8,4,108,168,112.0,172.0,5.769641876220703,5.807782173156738,-0.038140296936035156
ns_elephant_780,resnet50_geirhos_tl,8,4,108,172,112.0,176.0,5.769641876220703,5.920568943023682,-0.15092706680297852
ns_elephant_780,resnet50_geirhos_tl,8,4,108,176,112.0,180.0,5.769641876220703,5.90740442276001,-0.13776254653930664
ns_elephant_780,resnet50_geirhos_tl,8,4,108,180,112.0,184.0,5.769641876220703,5.817243576049805,-0.04760169982910156
ns_elephant_780,resnet50_geirhos_tl,8,4,108,184,112.0,188.0,5.769641876220703,5.589388847351074,0.1802530288696289
ns_elephant_780,resnet50_geirhos_tl,8,4,108,188,112.0,192.0,5.769641876220703,5.4988484382629395,0.27079343795776367
ns_elephant_780,resnet50_geirhos_tl,8,4,108,192,112.0,196.0,5.769641876220703,5.463472843170166,0.3061690330505371
ns_elephant_780,resnet50_geirhos_tl,8,4,108,196,112.0,200.0,5.769641876220703,5.521087646484375,0.24855422973632812
ns_elephant_780,resnet50_geirhos_tl,8,4,108,200,112.0,204.0,5.769641876220703,5.672330856323242,0.09731101989746094
ns_elephant_780,resnet50_geirhos_tl,8,4,108,204,112.0,208.0,5.769641876220703,5.6620192527771,0.10762262344360352
ns_elephant_780,resnet50_geirhos_tl,8,4,108,208,112.0,212.0,5.769641876220703,5.643701553344727,0.12594032287597656
ns_elephant_780,resnet50_geirhos_tl,8,4,108,212,112.0,216.0,5.769641876220703,5.710978984832764,0.05866289138793945
ns_elephant_780,resnet50_geirhos_tl,8,4,108,216,112.0,220.0,5.769641876220703,5.695653915405273,0.07398796081542969
ns_elephant_780,resnet50_geirhos_tl,8,4,112,0,116.0,4.0,5.769641876220703,5.752632141113281,0.017009735107421875
ns_elephant_780,resnet50_geirhos_tl,8,4,112,4,116.0,8.0,5.769641876220703,5.780944347381592,-0.011302471160888672
ns_elephant_780,resnet50_geirhos_tl,8,4,112,8,116.0,12.0,5.769641876220703,5.805530548095703,-0.035888671875
ns_elephant_780,resnet50_geirhos_tl,8,4,112,12,116.0,16.0,5.769641876220703,5.79986572265625,-0.030223846435546875
ns_elephant_780,resnet50_geirhos_tl,8,4,112,16,116.0,20.0,5.769641876220703,5.790062427520752,-0.020420551300048828
ns_elephant_780,resnet50_geirhos_tl,8,4,112,20,116.0,24.0,5.769641876220703,5.798423767089844,-0.028781890869140625
ns_elephant_780,resnet50_geirhos_tl,8,4,112,24,116.0,28.0,5.769641876220703,5.764691352844238,0.004950523376464844
ns_elephant_780,resnet50_geirhos_tl,8,4,112,28,116.0,32.0,5.769641876220703,5.767264366149902,0.0023775100708007812
ns_elephant_780,resnet50_geirhos_tl,8,4,112,32,116.0,36.0,5.769641876220703,5.732941627502441,0.03670024871826172
ns_elephant_780,resnet50_geirhos_tl,8,4,112,36,116.0,40.0,5.769641876220703,5.741358757019043,0.028283119201660156
ns_elephant_780,resnet50_geirhos_tl,8,4,112,40,116.0,44.0,5.769641876220703,5.7200727462768555,0.049569129943847656
ns_elephant_780,resnet50_geirhos_tl,8,4,112,44,116.0,48.0,5.769641876220703,5.723422527313232,0.0462193489074707
ns_elephant_780,resnet50_geirhos_tl,8,4,112,48,116.0,52.0,5.769641876220703,5.712965965270996,0.05667591094970703
ns_elephant_780,resnet50_geirhos_tl,8,4,112,52,116.0,56.0,5.769641876220703,5.678009986877441,0.09163188934326172
ns_elephant_780,resnet50_geirhos_tl,8,4,112,56,116.0,60.0,5.769641876220703,5.6903204917907715,0.07932138442993164
ns_elephant_780,resnet50_geirhos_tl,8,4,112,60,116.0,64.0,5.769641876220703,5.683661937713623,0.08597993850708008
ns_elephant_780,resnet50_geirhos_tl,8,4,112,64,116.0,68.0,5.769641876220703,5.673255443572998,0.09638643264770508
ns_elephant_780,resnet50_geirhos_tl,8,4,112,68,116.0,72.0,5.769641876220703,5.660882949829102,0.10875892639160156
ns_elephant_780,resnet50_geirhos_tl,8,4,112,72,116.0,76.0,5.769641876220703,5.6110076904296875,0.15863418579101562
ns_elephant_780,resnet50_geirhos_tl,8,4,112,76,116.0,80.0,5.769641876220703,5.597926139831543,0.17171573638916016
ns_elephant_780,resnet50_geirhos_tl,8,4,112,80,116.0,84.0,5.769641876220703,5.564939022064209,0.20470285415649414
ns_elephant_780,resnet50_geirhos_tl,8,4,112,84,116.0,88.0,5.769641876220703,5.487819194793701,0.28182268142700195
ns_elephant_780,resnet50_geirhos_tl,8,4,112,88,116.0,92.0,5.769641876220703,5.435372829437256,0.33426904678344727
ns_elephant_780,resnet50_geirhos_tl,8,4,112,92,116.0,96.0,5.769641876220703,5.43201208114624,0.3376297950744629
ns_elephant_780,resnet50_geirhos_tl,8,4,112,96,116.0,100.0,5.769641876220703,5.542229175567627,0.22741270065307617
ns_elephant_780,resnet50_geirhos_tl,8,4,112,100,116.0,104.0,5.769641876220703,5.488330364227295,0.2813115119934082
ns_elephant_780,resnet50_geirhos_tl,8,4,112,104,116.0,108.0,5.769641876220703,5.449159622192383,0.3204822540283203
ns_elephant_780,resnet50_geirhos_tl,8,4,112,108,116.0,112.0,5.769641876220703,5.493697166442871,0.27594470977783203
ns_elephant_780,resnet50_geirhos_tl,8,4,112,112,116.0,116.0,5.769641876220703,5.46417236328125,0.3054695129394531
ns_elephant_780,resnet50_geirhos_tl,8,4,112,116,116.0,120.0,5.769641876220703,5.620820045471191,0.14882183074951172
ns_elephant_780,resnet50_geirhos_tl,8,4,112,120,116.0,124.0,5.769641876220703,5.665921211242676,0.10372066497802734
ns_elephant_780,resnet50_geirhos_tl,8,4,112,124,116.0,128.0,5.769641876220703,5.694488048553467,0.07515382766723633
ns_elephant_780,resnet50_geirhos_tl,8,4,112,128,116.0,132.0,5.769641876220703,5.5229268074035645,0.24671506881713867
ns_elephant_780,resnet50_geirhos_tl,8,4,112,132,116.0,136.0,5.769641876220703,5.566014289855957,0.2036275863647461
ns_elephant_780,resnet50_geirhos_tl,8,4,112,136,116.0,140.0,5.769641876220703,5.496058464050293,0.27358341217041016
ns_elephant_780,resnet50_geirhos_tl,8,4,112,140,116.0,144.0,5.769641876220703,5.494287014007568,0.27535486221313477
ns_elephant_780,resnet50_geirhos_tl,8,4,112,144,116.0,148.0,5.769641876220703,5.534471035003662,0.23517084121704102
ns_elephant_780,resnet50_geirhos_tl,8,4,112,148,116.0,152.0,5.769641876220703,5.590536117553711,0.1791057586669922
ns_elephant_780,resnet50_geirhos_tl,8,4,112,152,116.0,156.0,5.769641876220703,5.616024494171143,0.15361738204956055
ns_elephant_780,resnet50_geirhos_tl,8,4,112,156,116.0,160.0,5.769641876220703,5.608644008636475,0.16099786758422852
ns_elephant_780,resnet50_geirhos_tl,8,4,112,160,116.0,164.0,5.769641876220703,5.690241813659668,0.07940006256103516
ns_elephant_780,resnet50_geirhos_tl,8,4,112,164,116.0,168.0,5.769641876220703,5.794730186462402,-0.02508831024169922
ns_elephant_780,resnet50_geirhos_tl,8,4,112,168,116.0,172.0,5.769641876220703,5.7735748291015625,-0.003932952880859375
ns_elephant_780,resnet50_geirhos_tl,8,4,112,172,116.0,176.0,5.769641876220703,5.751291275024414,0.018350601196289062
ns_elephant_780,resnet50_geirhos_tl,8,4,112,176,116.0,180.0,5.769641876220703,5.837569236755371,-0.06792736053466797
ns_elephant_780,resnet50_geirhos_tl,8,4,112,180,116.0,184.0,5.769641876220703,5.781732082366943,-0.012090206146240234
ns_elephant_780,resnet50_geirhos_tl,8,4,112,184,116.0,188.0,5.769641876220703,5.579425811767578,0.190216064453125
ns_elephant_780,resnet50_geirhos_tl,8,4,112,188,116.0,192.0,5.769641876220703,5.50291633605957,0.2667255401611328
ns_elephant_780,resnet50_geirhos_tl,8,4,112,192,116.0,196.0,5.769641876220703,5.444291114807129,0.3253507614135742
ns_elephant_780,resnet50_geirhos_tl,8,4,112,196,116.0,200.0,5.769641876220703,5.543459415435791,0.2261824607849121
ns_elephant_780,resnet50_geirhos_tl,8,4,112,200,116.0,204.0,5.769641876220703,5.707141876220703,0.0625
ns_elephant_780,resnet50_geirhos_tl,8,4,112,204,116.0,208.0,5.769641876220703,5.686272621154785,0.08336925506591797
ns_elephant_780,resnet50_geirhos_tl,8,4,112,208,116.0,212.0,5.769641876220703,5.6660614013671875,0.10358047485351562
ns_elephant_780,resnet50_geirhos_tl,8,4,112,212,116.0,216.0,5.769641876220703,5.689010143280029,0.08063173294067383
ns_elephant_780,resnet50_geirhos_tl,8,4,112,216,116.0,220.0,5.769641876220703,5.727261066436768,0.04238080978393555
ns_elephant_780,resnet50_geirhos_tl,8,4,116,0,120.0,4.0,5.769641876220703,5.766096115112305,0.0035457611083984375
ns_elephant_780,resnet50_geirhos_tl,8,4,116,4,120.0,8.0,5.769641876220703,5.811898708343506,-0.042256832122802734
ns_elephant_780,resnet50_geirhos_tl,8,4,116,8,120.0,12.0,5.769641876220703,5.851917743682861,-0.0822758674621582
ns_elephant_780,resnet50_geirhos_tl,8,4,116,12,120.0,16.0,5.769641876220703,5.836530685424805,-0.06688880920410156
ns_elephant_780,resnet50_geirhos_tl,8,4,116,16,120.0,20.0,5.769641876220703,5.8485002517700195,-0.0788583755493164
ns_elephant_780,resnet50_geirhos_tl,8,4,116,20,120.0,24.0,5.769641876220703,5.819308280944824,-0.049666404724121094
ns_elephant_780,resnet50_geirhos_tl,8,4,116,24,120.0,28.0,5.769641876220703,5.786184787750244,-0.016542911529541016
ns_elephant_780,resnet50_geirhos_tl,8,4,116,28,120.0,32.0,5.769641876220703,5.796003341674805,-0.026361465454101562
ns_elephant_780,resnet50_geirhos_tl,8,4,116,32,120.0,36.0,5.769641876220703,5.773993968963623,-0.004352092742919922
ns_elephant_780,resnet50_geirhos_tl,8,4,116,36,120.0,40.0,5.769641876220703,5.7392802238464355,0.030361652374267578
ns_elephant_780,resnet50_geirhos_tl,8,4,116,40,120.0,44.0,5.769641876220703,5.721431732177734,0.04821014404296875
ns_elephant_780,resnet50_geirhos_tl,8,4,116,44,120.0,48.0,5.769641876220703,5.7148613929748535,0.05478048324584961
ns_elephant_780,resnet50_geirhos_tl,8,4,116,48,120.0,52.0,5.769641876220703,5.73641300201416,0.03322887420654297
ns_elephant_780,resnet50_geirhos_tl,8,4,116,52,120.0,56.0,5.769641876220703,5.6996073722839355,0.07003450393676758
ns_elephant_780,resnet50_geirhos_tl,8,4,116,56,120.0,60.0,5.769641876220703,5.666745185852051,0.10289669036865234
ns_elephant_780,resnet50_geirhos_tl,8,4,116,60,120.0,64.0,5.769641876220703,5.658299922943115,0.11134195327758789
ns_elephant_780,resnet50_geirhos_tl,8,4,116,64,120.0,68.0,5.769641876220703,5.683058261871338,0.08658361434936523
ns_elephant_780,resnet50_geirhos_tl,8,4,116,68,120.0,72.0,5.769641876220703,5.689273834228516,0.0803680419921875
ns_elephant_780,resnet50_geirhos_tl,8,4,116,72,120.0,76.0,5.769641876220703,5.599320888519287,0.17032098770141602
ns_elephant_780,resnet50_geirhos_tl,8,4,116,76,120.0,80.0,5.769641876220703,5.579514503479004,0.19012737274169922
ns_elephant_780,resnet50_geirhos_tl,8,4,116,80,120.0,84.0,5.769641876220703,5.568544864654541,0.2010970115661621
ns_elephant_780,resnet50_geirhos_tl,8,4,116,84,120.0,88.0,5.769641876220703,5.545327186584473,0.22431468963623047
ns_elephant_780,resnet50_geirhos_tl,8,4,116,88,120.0,92.0,5.769641876220703,5.425760746002197,0.34388113021850586
ns_elephant_780,resnet50_geirhos_tl,8,4,116,92,120.0,96.0,5.769641876220703,5.386074066162109,0.38356781005859375
ns_elephant_780,resnet50_geirhos_tl,8,4,116,96,120.0,100.0,5.769641876220703,5.498858451843262,0.2707834243774414
ns_elephant_780,resnet50_geirhos_tl,8,4,116,100,120.0,104.0,5.769641876220703,5.571933746337891,0.1977081298828125
ns_elephant_780,resnet50_geirhos_tl,8,4,116,104,120.0,108.0,5.769641876220703,5.548998832702637,0.2206430435180664
ns_elephant_780,resnet50_geirhos_tl,8,4,116,108,120.0,112.0,5.769641876220703,5.408259391784668,0.36138248443603516
ns_elephant_780,resnet50_geirhos_tl,8,4,116,112,120.0,116.0,5.769641876220703,5.385941028594971,0.3837008476257324
ns_elephant_780,resnet50_geirhos_tl,8,4,116,116,120.0,120.0,5.769641876220703,5.5496625900268555,0.21997928619384766
ns_elephant_780,resnet50_geirhos_tl,8,4,116,120,120.0,124.0,5.769641876220703,5.706876277923584,0.06276559829711914
ns_elephant_780,resnet50_geirhos_tl,8,4,116,124,120.0,128.0,5.769641876220703,5.666749000549316,0.10289287567138672
ns_elephant_780,resnet50_geirhos_tl,8,4,116,128,120.0,132.0,5.769641876220703,5.598208427429199,0.1714334487915039
ns_elephant_780,resnet50_geirhos_tl,8,4,116,132,120.0,136.0,5.769641876220703,5.61571741104126,0.15392446517944336
ns_elephant_780,resnet50_geirhos_tl,8,4,116,136,120.0,140.0,5.769641876220703,5.513359546661377,0.25628232955932617
ns_elephant_780,resnet50_geirhos_tl,8,4,116,140,120.0,144.0,5.769641876220703,5.544247627258301,0.22539424896240234
ns_elephant_780,resnet50_geirhos_tl,8,4,116,144,120.0,148.0,5.769641876220703,5.593080043792725,0.17656183242797852
ns_elephant_780,resnet50_geirhos_tl,8,4,116,148,120.0,152.0,5.769641876220703,5.574229717254639,0.19541215896606445
ns_elephant_780,resnet50_geirhos_tl,8,4,116,152,120.0,156.0,5.769641876220703,5.632049560546875,0.13759231567382812
ns_elephant_780,resnet50_geirhos_tl,8,4,116,156,120.0,160.0,5.769641876220703,5.556036949157715,0.21360492706298828
ns_elephant_780,resnet50_geirhos_tl,8,4,116,160,120.0,164.0,5.769641876220703,5.577184677124023,0.1924571990966797
ns_elephant_780,resnet50_geirhos_tl,8,4,116,164,120.0,168.0,5.769641876220703,5.65532112121582,0.11432075500488281
ns_elephant_780,resnet50_geirhos_tl,8,4,116,168,120.0,172.0,5.769641876220703,5.756942272186279,0.012699604034423828
ns_elephant_780,resnet50_geirhos_tl,8,4,116,172,120.0,176.0,5.769641876220703,5.787211894989014,-0.017570018768310547
ns_elephant_780,resnet50_geirhos_tl,8,4,116,176,120.0,180.0,5.769641876220703,5.821320533752441,-0.05167865753173828
ns_elephant_780,resnet50_geirhos_tl,8,4,116,180,120.0,184.0,5.769641876220703,5.791040420532227,-0.021398544311523438
ns_elephant_780,resnet50_geirhos_tl,8,4,116,184,120.0,188.0,5.769641876220703,5.651024341583252,0.11861753463745117
ns_elephant_780,resnet50_geirhos_tl,8,4,116,188,120.0,192.0,5.769641876220703,5.6119465827941895,0.15769529342651367
ns_elephant_780,resnet50_geirhos_tl,8,4,116,192,120.0,196.0,5.769641876220703,5.5933518409729,0.17629003524780273
ns_elephant_780,resnet50_geirhos_tl,8,4,116,196,120.0,200.0,5.769641876220703,5.63658332824707,0.1330585479736328
ns_elephant_780,resnet50_geirhos_tl,8,4,116,200,120.0,204.0,5.769641876220703,5.774168014526367,-0.0045261383056640625
ns_elephant_780,resnet50_geirhos_tl,8,4,116,204,120.0,208.0,5.769641876220703,5.646476745605469,0.12316513061523438
ns_elephant_780,resnet50_geirhos_tl,8,4,116,208,120.0,212.0,5.769641876220703,5.651485919952393,0.11815595626831055
ns_elephant_780,resnet50_geirhos_tl,8,4,116,212,120.0,216.0,5.769641876220703,5.6867780685424805,0.08286380767822266
ns_elephant_780,resnet50_geirhos_tl,8,4,116,216,120.0,220.0,5.769641876220703,5.731898784637451,0.03774309158325195
ns_elephant_780,resnet50_geirhos_tl,8,4,120,0,124.0,4.0,5.769641876220703,5.801894187927246,-0.03225231170654297
ns_elephant_780,resnet50_geirhos_tl,8,4,120,4,124.0,8.0,5.769641876220703,5.825422763824463,-0.055780887603759766
ns_elephant_780,resnet50_geirhos_tl,8,4,120,8,124.0,12.0,5.769641876220703,5.86394739151001,-0.09430551528930664
ns_elephant_780,resnet50_geirhos_tl,8,4,120,12,124.0,16.0,5.769641876220703,5.858479976654053,-0.08883810043334961
ns_elephant_780,resnet50_geirhos_tl,8,4,120,16,124.0,20.0,5.769641876220703,5.887020587921143,-0.11737871170043945
ns_elephant_780,resnet50_geirhos_tl,8,4,120,20,124.0,24.0,5.769641876220703,5.8734259605407715,-0.10378408432006836
ns_elephant_780,resnet50_geirhos_tl,8,4,120,24,124.0,28.0,5.769641876220703,5.8196492195129395,-0.05000734329223633
ns_elephant_780,resnet50_geirhos_tl,8,4,120,28,124.0,32.0,5.769641876220703,5.826562881469727,-0.05692100524902344
ns_elephant_780,resnet50_geirhos_tl,8,4,120,32,124.0,36.0,5.769641876220703,5.814691543579102,-0.04504966735839844
ns_elephant_780,resnet50_geirhos_tl,8,4,120,36,124.0,40.0,5.769641876220703,5.739675045013428,0.02996683120727539
ns_elephant_780,resnet50_geirhos_tl,8,4,120,40,124.0,44.0,5.769641876220703,5.708350658416748,0.06129121780395508
ns_elephant_780,resnet50_geirhos_tl,8,4,120,44,124.0,48.0,5.769641876220703,5.70109224319458,0.06854963302612305
ns_elephant_780,resnet50_geirhos_tl,8,4,120,48,124.0,52.0,5.769641876220703,5.731353759765625,0.038288116455078125
ns_elephant_780,resnet50_geirhos_tl,8,4,120,52,124.0,56.0,5.769641876220703,5.703237056732178,0.06640481948852539
ns_elephant_780,resnet50_geirhos_tl,8,4,120,56,124.0,60.0,5.769641876220703,5.671584606170654,0.09805727005004883
ns_elephant_780,resnet50_geirhos_tl,8,4,120,60,124.0,64.0,5.769641876220703,5.661551475524902,0.10809040069580078
ns_elephant_780,resnet50_geirhos_tl,8,4,120,64,124.0,68.0,5.769641876220703,5.665563583374023,0.10407829284667969
ns_elephant_780,resnet50_geirhos_tl,8,4,120,68,124.0,72.0,5.769641876220703,5.668440341949463,0.10120153427124023
ns_elephant_780,resnet50_geirhos_tl,8,4,120,72,124.0,76.0,5.769641876220703,5.656033515930176,0.11360836029052734
ns_elephant_780,resnet50_geirhos_tl,8,4,120,76,124.0,80.0,5.769641876220703,5.647562026977539,0.12207984924316406
ns_elephant_780,resnet50_geirhos_tl,8,4,120,80,124.0,84.0,5.769641876220703,5.635983467102051,0.13365840911865234
ns_elephant_780,resnet50_geirhos_tl,8,4,120,84,124.0,88.0,5.769641876220703,5.561692714691162,0.20794916152954102
ns_elephant_780,resnet50_geirhos_tl,8,4,120,88,124.0,92.0,5.769641876220703,5.4631452560424805,0.30649662017822266
ns_elephant_780,resnet50_geirhos_tl,8,4,120,92,124.0,96.0,5.769641876220703,5.430747032165527,0.3388948440551758
ns_elephant_780,resnet50_geirhos_tl,8,4,120,96,124.0,100.0,5.769641876220703,5.626363277435303,0.1432785987854004
ns_elephant_780,resnet50_geirhos_tl,8,4,120,100,124.0,104.0,5.769641876220703,5.706152439117432,0.06348943710327148
ns_elephant_780,resnet50_geirhos_tl,8,4,120,104,124.0,108.0,5.769641876220703,5.572928428649902,0.19671344757080078
ns_elephant_780,resnet50_geirhos_tl,8,4,120,108,124.0,112.0,5.769641876220703,5.431829452514648,0.3378124237060547
ns_elephant_780,resnet50_geirhos_tl,8,4,120,112,124.0,116.0,5.769641876220703,5.375686168670654,0.39395570755004883
ns_elephant_780,resnet50_geirhos_tl,8,4,120,116,124.0,120.0,5.769641876220703,5.498203754425049,0.2714381217956543
ns_elephant_780,resnet50_geirhos_tl,8,4,120,120,124.0,124.0,5.769641876220703,5.703683376312256,0.06595849990844727
ns_elephant_780,resnet50_geirhos_tl,8,4,120,124,124.0,128.0,5.769641876220703,5.709737777709961,0.05990409851074219
ns_elephant_780,resnet50_geirhos_tl,8,4,120,128,124.0,132.0,5.769641876220703,5.691431522369385,0.07821035385131836
ns_elephant_780,resnet50_geirhos_tl,8,4,120,132,124.0,136.0,5.769641876220703,5.576748371124268,0.19289350509643555
ns_elephant_780,resnet50_geirhos_tl,8,4,120,136,124.0,140.0,5.769641876220703,5.579509735107422,0.19013214111328125
ns_elephant_780,resnet50_geirhos_tl,8,4,120,140,124.0,144.0,5.769641876220703,5.609269618988037,0.16037225723266602
ns_elephant_780,resnet50_geirhos_tl,8,4,120,144,124.0,148.0,5.769641876220703,5.594478607177734,0.17516326904296875
ns_elephant_780,resnet50_geirhos_tl,8,4,120,148,124.0,152.0,5.769641876220703,5.621329307556152,0.14831256866455078
ns_elephant_780,resnet50_geirhos_tl,8,4,120,152,124.0,156.0,5.769641876220703,5.644340991973877,0.12530088424682617
ns_elephant_780,resnet50_geirhos_tl,8,4,120,156,124.0,160.0,5.769641876220703,5.617544174194336,0.1520977020263672
ns_elephant_780,resnet50_geirhos_tl,8,4,120,160,124.0,164.0,5.769641876220703,5.617424964904785,0.15221691131591797
ns_elephant_780,resnet50_geirhos_tl,8,4,120,164,124.0,168.0,5.769641876220703,5.664412975311279,0.10522890090942383
ns_elephant_780,resnet50_geirhos_tl,8,4,120,168,124.0,172.0,5.769641876220703,5.674998760223389,0.09464311599731445
ns_elephant_780,resnet50_geirhos_tl,8,4,120,172,124.0,176.0,5.769641876220703,5.731247425079346,0.03839445114135742
ns_elephant_780,resnet50_geirhos_tl,8,4,120,176,124.0,180.0,5.769641876220703,5.718616485595703,0.051025390625
ns_elephant_780,resnet50_geirhos_tl,8,4,120,180,124.0,184.0,5.769641876220703,5.823513984680176,-0.053872108459472656
ns_elephant_780,resnet50_geirhos_tl,8,4,120,184,124.0,188.0,5.769641876220703,5.726939678192139,0.04270219802856445
ns_elephant_780,resnet50_geirhos_tl,8,4,120,188,124.0,192.0,5.769641876220703,5.638991355895996,0.13065052032470703
ns_elephant_780,resnet50_geirhos_tl,8,4,120,192,124.0,196.0,5.769641876220703,5.596574783325195,0.1730670928955078
ns_elephant_780,resnet50_geirhos_tl,8,4,120,196,124.0,200.0,5.769641876220703,5.610048770904541,0.1595931053161621
ns_elephant_780,resnet50_geirhos_tl,8,4,120,200,124.0,204.0,5.769641876220703,5.662864685058594,0.10677719116210938
ns_elephant_780,resnet50_geirhos_tl,8,4,120,204,124.0,208.0,5.769641876220703,5.69018030166626,0.07946157455444336
ns_elephant_780,resnet50_geirhos_tl,8,4,120,208,124.0,212.0,5.769641876220703,5.702157974243164,0.06748390197753906
ns_elephant_780,resnet50_geirhos_tl,8,4,120,212,124.0,216.0,5.769641876220703,5.633064270019531,0.13657760620117188
ns_elephant_780,resnet50_geirhos_tl,8,4,120,216,124.0,220.0,5.769641876220703,5.668040752410889,0.10160112380981445
ns_elephant_780,resnet50_geirhos_tl,8,4,124,0,128.0,4.0,5.769641876220703,5.847682952880859,-0.07804107666015625
ns_elephant_780,resnet50_geirhos_tl,8,4,124,4,128.0,8.0,5.769641876220703,5.831538200378418,-0.061896324157714844
ns_elephant_780,resnet50_geirhos_tl,8,4,124,8,128.0,12.0,5.769641876220703,5.89573860168457,-0.1260967254638672
ns_elephant_780,resnet50_geirhos_tl,8,4,124,12,128.0,16.0,5.769641876220703,5.905431747436523,-0.1357898712158203
ns_elephant_780,resnet50_geirhos_tl,8,4,124,16,128.0,20.0,5.769641876220703,5.938442230224609,-0.16880035400390625
ns_elephant_780,resnet50_geirhos_tl,8,4,124,20,128.0,24.0,5.769641876220703,5.899337291717529,-0.12969541549682617
ns_elephant_780,resnet50_geirhos_tl,8,4,124,24,128.0,28.0,5.769641876220703,5.838339328765869,-0.06869745254516602
ns_elephant_780,resnet50_geirhos_tl,8,4,124,28,128.0,32.0,5.769641876220703,5.811984539031982,-0.0423426628112793
ns_elephant_780,resnet50_geirhos_tl,8,4,124,32,128.0,36.0,5.769641876220703,5.795709133148193,-0.026067256927490234
ns_elephant_780,resnet50_geirhos_tl,8,4,124,36,128.0,40.0,5.769641876220703,5.746587753295898,0.023054122924804688
ns_elephant_780,resnet50_geirhos_tl,8,4,124,40,128.0,44.0,5.769641876220703,5.750973701477051,0.018668174743652344
ns_elephant_780,resnet50_geirhos_tl,8,4,124,44,128.0,48.0,5.769641876220703,5.734222888946533,0.03541898727416992
ns_elephant_780,resnet50_geirhos_tl,8,4,124,48,128.0,52.0,5.769641876220703,5.722121238708496,0.04752063751220703
ns_elephant_780,resnet50_geirhos_tl,8,4,124,52,128.0,56.0,5.769641876220703,5.7157487869262695,0.053893089294433594
ns_elephant_780,resnet50_geirhos_tl,8,4,124,56,128.0,60.0,5.769641876220703,5.678719520568848,0.09092235565185547
ns_elephant_780,resnet50_geirhos_tl,8,4,124,60,128.0,64.0,5.769641876220703,5.662265300750732,0.1073765754699707
ns_elephant_780,resnet50_geirhos_tl,8,4,124,64,128.0,68.0,5.769641876220703,5.676914215087891,0.0927276611328125
ns_elephant_780,resnet50_geirhos_tl,8,4,124,68,128.0,72.0,5.769641876220703,5.672380447387695,0.09726142883300781
ns_elephant_780,resnet50_geirhos_tl,8,4,124,72,128.0,76.0,5.769641876220703,5.669952869415283,0.09968900680541992
ns_elephant_780,resnet50_geirhos_tl,8,4,124,76,128.0,80.0,5.769641876220703,5.658341407775879,0.11130046844482422
ns_elephant_780,resnet50_geirhos_tl,8,4,124,80,128.0,84.0,5.769641876220703,5.6682047843933105,0.10143709182739258
ns_elephant_780,resnet50_geirhos_tl,8,4,124,84,128.0,88.0,5.769641876220703,5.600775241851807,0.16886663436889648
ns_elephant_780,resnet50_geirhos_tl,8,4,124,88,128.0,92.0,5.769641876220703,5.502810478210449,0.2668313980102539
ns_elephant_780,resnet50_geirhos_tl,8,4,124,92,128.0,96.0,5.769641876220703,5.497291564941406,0.2723503112792969
ns_elephant_780,resnet50_geirhos_tl,8,4,124,96,128.0,100.0,5.769641876220703,5.639594554901123,0.13004732131958008
ns_elephant_780,resnet50_geirhos_tl,8,4,124,100,128.0,104.0,5.769641876220703,5.776524066925049,-0.006882190704345703
ns_elephant_780,resnet50_geirhos_tl,8,4,124,104,128.0,108.0,5.769641876220703,5.637183666229248,0.13245820999145508
ns_elephant_780,resnet50_geirhos_tl,8,4,124,108,128.0,112.0,5.769641876220703,5.563385486602783,0.20625638961791992
ns_elephant_780,resnet50_geirhos_tl,8,4,124,112,128.0,116.0,5.769641876220703,5.540164947509766,0.2294769287109375
ns_elephant_780,resnet50_geirhos_tl,8,4,124,116,128.0,120.0,5.769641876220703,5.521485328674316,0.24815654754638672
ns_elephant_780,resnet50_geirhos_tl,8,4,124,120,128.0,124.0,5.769641876220703,5.7740044593811035,-0.004362583160400391
ns_elephant_780,resnet50_geirhos_tl,8,4,124,124,128.0,128.0,5.769641876220703,5.781896591186523,-0.012254714965820312
ns_elephant_780,resnet50_geirhos_tl,8,4,124,128,128.0,132.0,5.769641876220703,5.748064041137695,0.021577835083007812
ns_elephant_780,resnet50_geirhos_tl,8,4,124,132,128.0,136.0,5.769641876220703,5.622016906738281,0.14762496948242188
ns_elephant_780,resnet50_geirhos_tl,8,4,124,136,128.0,140.0,5.769641876220703,5.566006660461426,0.20363521575927734
ns_elephant_780,resnet50_geirhos_tl,8,4,124,140,128.0,144.0,5.769641876220703,5.620246887207031,0.14939498901367188
ns_elephant_780,resnet50_geirhos_tl,8,4,124,144,128.0,148.0,5.769641876220703,5.625055313110352,0.14458656311035156
ns_elephant_780,resnet50_geirhos_tl,8,4,124,148,128.0,152.0,5.769641876220703,5.6191725730896,0.15046930313110352
ns_elephant_780,resnet50_geirhos_tl,8,4,124,152,128.0,156.0,5.769641876220703,5.670622825622559,0.09901905059814453
ns_elephant_780,resnet50_geirhos_tl,8,4,124,156,128.0,160.0,5.769641876220703,5.632368087768555,0.13727378845214844
ns_elephant_780,resnet50_geirhos_tl,8,4,124,160,128.0,164.0,5.769641876220703,5.615197658538818,0.15444421768188477
ns_elephant_780,resnet50_geirhos_tl,8,4,124,164,128.0,168.0,5.769641876220703,5.6522064208984375,0.11743545532226562
ns_elephant_780,resnet50_geirhos_tl,8,4,124,168,128.0,172.0,5.769641876220703,5.646592140197754,0.12304973602294922
ns_elephant_780,resnet50_geirhos_tl,8,4,124,172,128.0,176.0,5.769641876220703,5.699443340301514,0.07019853591918945
ns_elephant_780,resnet50_geirhos_tl,8,4,124,176,128.0,180.0,5.769641876220703,5.742506980895996,0.02713489532470703
ns_elephant_780,resnet50_geirhos_tl,8,4,124,180,128.0,184.0,5.769641876220703,5.7668657302856445,0.0027761459350585938
ns_elephant_780,resnet50_geirhos_tl,8,4,124,184,128.0,188.0,5.769641876220703,5.72376012802124,0.04588174819946289
ns_elephant_780,resnet50_geirhos_tl,8,4,124,188,128.0,192.0,5.769641876220703,5.659140586853027,0.11050128936767578
ns_elephant_780,resnet50_geirhos_tl,8,4,124,192,128.0,196.0,5.769641876220703,5.658061504364014,0.11158037185668945
ns_elephant_780,resnet50_geirhos_tl,8,4,124,196,128.0,200.0,5.769641876220703,5.63997220993042,0.1296696662902832
ns_elephant_780,resnet50_geirhos_tl,8,4,124,200,128.0,204.0,5.769641876220703,5.704922676086426,0.06471920013427734
ns_elephant_780,resnet50_geirhos_tl,8,4,124,204,128.0,208.0,5.769641876220703,5.743814945220947,0.02582693099975586
ns_elephant_780,resnet50_geirhos_tl,8,4,124,208,128.0,212.0,5.769641876220703,5.778959274291992,-0.009317398071289062
ns_elephant_780,resnet50_geirhos_tl,8,4,124,212,128.0,216.0,5.769641876220703,5.657280445098877,0.11236143112182617
ns_elephant_780,resnet50_geirhos_tl,8,4,124,216,128.0,220.0,5.769641876220703,5.695456027984619,0.07418584823608398
ns_elephant_780,resnet50_geirhos_tl,8,4,128,0,132.0,4.0,5.769641876220703,5.814457416534424,-0.0448155403137207
ns_elephant_780,resnet50_geirhos_tl,8,4,128,4,132.0,8.0,5.769641876220703,5.800572872161865,-0.03093099594116211
ns_elephant_780,resnet50_geirhos_tl,8,4,128,8,132.0,12.0,5.769641876220703,5.866140365600586,-0.09649848937988281
ns_elephant_780,resnet50_geirhos_tl,8,4,128,12,132.0,16.0,5.769641876220703,5.8757429122924805,-0.10610103607177734
ns_elephant_780,resnet50_geirhos_tl,8,4,128,16,132.0,20.0,5.769641876220703,5.879051685333252,-0.10940980911254883
ns_elephant_780,resnet50_geirhos_tl,8,4,128,20,132.0,24.0,5.769641876220703,5.850231170654297,-0.08058929443359375
ns_elephant_780,resnet50_geirhos_tl,8,4,128,24,132.0,28.0,5.769641876220703,5.8256707191467285,-0.05602884292602539
ns_elephant_780,resnet50_geirhos_tl,8,4,128,28,132.0,32.0,5.769641876220703,5.78175163269043,-0.012109756469726562
ns_elephant_780,resnet50_geirhos_tl,8,4,128,32,132.0,36.0,5.769641876220703,5.782362461090088,-0.012720584869384766
ns_elephant_780,resnet50_geirhos_tl,8,4,128,36,132.0,40.0,5.769641876220703,5.752862453460693,0.016779422760009766
ns_elephant_780,resnet50_geirhos_tl,8,4,128,40,132.0,44.0,5.769641876220703,5.7462358474731445,0.023406028747558594
ns_elephant_780,resnet50_geirhos_tl,8,4,128,44,132.0,48.0,5.769641876220703,5.7399492263793945,0.029692649841308594
ns_elephant_780,resnet50_geirhos_tl,8,4,128,48,132.0,52.0,5.769641876220703,5.723303318023682,0.046338558197021484
ns_elephant_780,resnet50_geirhos_tl,8,4,128,52,132.0,56.0,5.769641876220703,5.705549240112305,0.06409263610839844
ns_elephant_780,resnet50_geirhos_tl,8,4,128,56,132.0,60.0,5.769641876220703,5.661983489990234,0.10765838623046875
ns_elephant_780,resnet50_geirhos_tl,8,4,128,60,132.0,64.0,5.769641876220703,5.65541934967041,0.11422252655029297
ns_elephant_780,resnet50_geirhos_tl,8,4,128,64,132.0,68.0,5.769641876220703,5.670221328735352,0.09942054748535156
ns_elephant_780,resnet50_geirhos_tl,8,4,128,68,132.0,72.0,5.769641876220703,5.693252086639404,0.07638978958129883
ns_elephant_780,resnet50_geirhos_tl,8,4,128,72,132.0,76.0,5.769641876220703,5.695553779602051,0.07408809661865234
ns_elephant_780,resnet50_geirhos_tl,8,4,128,76,132.0,80.0,5.769641876220703,5.6900787353515625,0.07956314086914062
ns_elephant_780,resnet50_geirhos_tl,8,4,128,80,132.0,84.0,5.769641876220703,5.681178569793701,0.08846330642700195
ns_elephant_780,resnet50_geirhos_tl,8,4,128,84,132.0,88.0,5.769641876220703,5.595705032348633,0.1739368438720703
ns_elephant_780,resnet50_geirhos_tl,8,4,128,88,132.0,92.0,5.769641876220703,5.529914855957031,0.23972702026367188
ns_elephant_780,resnet50_geirhos_tl,8,4,128,92,132.0,96.0,5.769641876220703,5.5001220703125,0.2695198059082031
ns_elephant_780,resnet50_geirhos_tl,8,4,128,96,132.0,100.0,5.769641876220703,5.672219753265381,0.09742212295532227
ns_elephant_780,resnet50_geirhos_tl,8,4,128,100,132.0,104.0,5.769641876220703,5.732782363891602,0.03685951232910156
ns_elephant_780,resnet50_geirhos_tl,8,4,128,104,132.0,108.0,5.769641876220703,5.650304794311523,0.11933708190917969
ns_elephant_780,resnet50_geirhos_tl,8,4,128,108,132.0,112.0,5.769641876220703,5.576564311981201,0.19307756423950195
ns_elephant_780,resnet50_geirhos_tl,8,4,128,112,132.0,116.0,5.769641876220703,5.496300220489502,0.27334165573120117
ns_elephant_780,resnet50_geirhos_tl,8,4,128,116,132.0,120.0,5.769641876220703,5.578710556030273,0.1909313201904297
ns_elephant_780,resnet50_geirhos_tl,8,4,128,120,132.0,124.0,5.769641876220703,5.874485015869141,-0.1048431396484375
ns_elephant_780,resnet50_geirhos_tl,8,4,128,124,132.0,128.0,5.769641876220703,5.726833820343018,0.04280805587768555
ns_elephant_780,resnet50_geirhos_tl,8,4,128,128,132.0,132.0,5.769641876220703,5.679744720458984,0.08989715576171875
ns_elephant_780,resnet50_geirhos_tl,8,4,128,132,132.0,136.0,5.769641876220703,5.587658882141113,0.18198299407958984
ns_elephant_780,resnet50_geirhos_tl,8,4,128,136,132.0,140.0,5.769641876220703,5.567911148071289,0.20173072814941406
ns_elephant_780,resnet50_geirhos_tl,8,4,128,140,132.0,144.0,5.769641876220703,5.602623462677002,0.16701841354370117
ns_elephant_780,resnet50_geirhos_tl,8,4,128,144,132.0,148.0,5.769641876220703,5.580267429351807,0.18937444686889648
ns_elephant_780,resnet50_geirhos_tl,8,4,128,148,132.0,152.0,5.769641876220703,5.621555805206299,0.1480860710144043
ns_elephant_780,resnet50_geirhos_tl,8,4,128,152,132.0,156.0,5.769641876220703,5.61014461517334,0.15949726104736328
ns_elephant_780,resnet50_geirhos_tl,8,4,128,156,132.0,160.0,5.769641876220703,5.549999237060547,0.21964263916015625
ns_elephant_780,resnet50_geirhos_tl,8,4,128,160,132.0,164.0,5.769641876220703,5.601315975189209,0.16832590103149414
ns_elephant_780,resnet50_geirhos_tl,8,4,128,164,132.0,168.0,5.769641876220703,5.6290154457092285,0.1406264305114746
ns_elephant_780,resnet50_geirhos_tl,8,4,128,168,132.0,172.0,5.769641876220703,5.604118824005127,0.16552305221557617
ns_elephant_780,resnet50_geirhos_tl,8,4,128,172,132.0,176.0,5.769641876220703,5.606530666351318,0.16311120986938477
ns_elephant_780,resnet50_geirhos_tl,8,4,128,176,132.0,180.0,5.769641876220703,5.761301517486572,0.00834035873413086
ns_elephant_780,resnet50_geirhos_tl,8,4,128,180,132.0,184.0,5.769641876220703,5.798588275909424,-0.028946399688720703
ns_elephant_780,resnet50_geirhos_tl,8,4,128,184,132.0,188.0,5.769641876220703,5.7603960037231445,0.009245872497558594
ns_elephant_780,resnet50_geirhos_tl,8,4,128,188,132.0,192.0,5.769641876220703,5.604487419128418,0.16515445709228516
ns_elephant_780,resnet50_geirhos_tl,8,4,128,192,132.0,196.0,5.769641876220703,5.587164402008057,0.18247747421264648
ns_elephant_780,resnet50_geirhos_tl,8,4,128,196,132.0,200.0,5.769641876220703,5.618017673492432,0.15162420272827148
ns_elephant_780,resnet50_geirhos_tl,8,4,128,200,132.0,204.0,5.769641876220703,5.66825008392334,0.10139179229736328
ns_elephant_780,resnet50_geirhos_tl,8,4,128,204,132.0,208.0,5.769641876220703,5.682435035705566,0.08720684051513672
ns_elephant_780,resnet50_geirhos_tl,8,4,128,208,132.0,212.0,5.769641876220703,5.822674751281738,-0.053032875061035156
ns_elephant_780,resnet50_geirhos_tl,8,4,128,212,132.0,216.0,5.769641876220703,5.736704349517822,0.03293752670288086
ns_elephant_780,resnet50_geirhos_tl,8,4,128,216,132.0,220.0,5.769641876220703,5.719339370727539,0.05030250549316406
ns_elephant_780,resnet50_geirhos_tl,8,4,132,0,136.0,4.0,5.769641876220703,5.843652725219727,-0.07401084899902344
ns_elephant_780,resnet50_geirhos_tl,8,4,132,4,136.0,8.0,5.769641876220703,5.855462074279785,-0.08582019805908203
ns_elephant_780,resnet50_geirhos_tl,8,4,132,8,136.0,12.0,5.769641876220703,5.856337070465088,-0.08669519424438477
ns_elephant_780,resnet50_geirhos_tl,8,4,132,12,136.0,16.0,5.769641876220703,5.889316558837891,-0.1196746826171875
ns_elephant_780,resnet50_geirhos_tl,8,4,132,16,136.0,20.0,5.769641876220703,5.905779838562012,-0.1361379623413086
ns_elephant_780,resnet50_geirhos_tl,8,4,132,20,136.0,24.0,5.769641876220703,5.888258457183838,-0.11861658096313477
ns_elephant_780,resnet50_geirhos_tl,8,4,132,24,136.0,28.0,5.769641876220703,5.831482410430908,-0.06184053421020508
ns_elephant_780,resnet50_geirhos_tl,8,4,132,28,136.0,32.0,5.769641876220703,5.81722354888916,-0.04758167266845703
ns_elephant_780,resnet50_geirhos_tl,8,4,132,32,136.0,36.0,5.769641876220703,5.802104473114014,-0.03246259689331055
ns_elephant_780,resnet50_geirhos_tl,8,4,132,36,136.0,40.0,5.769641876220703,5.781482696533203,-0.0118408203125
ns_elephant_780,resnet50_geirhos_tl,8,4,132,40,136.0,44.0,5.769641876220703,5.774457931518555,-0.0048160552978515625
ns_elephant_780,resnet50_geirhos_tl,8,4,132,44,136.0,48.0,5.769641876220703,5.773397922515869,-0.0037560462951660156
ns_elephant_780,resnet50_geirhos_tl,8,4,132,48,136.0,52.0,5.769641876220703,5.760870456695557,0.008771419525146484
ns_elephant_780,resnet50_geirhos_tl,8,4,132,52,136.0,56.0,5.769641876220703,5.75423526763916,0.015406608581542969
ns_elephant_780,resnet50_geirhos_tl,8,4,132,56,136.0,60.0,5.769641876220703,5.720114231109619,0.049527645111083984
ns_elephant_780,resnet50_geirhos_tl,8,4,132,60,136.0,64.0,5.769641876220703,5.726228713989258,0.04341316223144531
ns_elephant_780,resnet50_geirhos_tl,8,4,132,64,136.0,68.0,5.769641876220703,5.714365005493164,0.05527687072753906
ns_elephant_780,resnet50_geirhos_tl,8,4,132,68,136.0,72.0,5.769641876220703,5.695687770843506,0.07395410537719727
ns_elephant_780,resnet50_geirhos_tl,8,4,132,72,136.0,76.0,5.769641876220703,5.704806804656982,0.0648350715637207
ns_elephant_780,resnet50_geirhos_tl,8,4,132,76,136.0,80.0,5.769641876220703,5.690375328063965,0.07926654815673828
ns_elephant_780,resnet50_geirhos_tl,8,4,132,80,136.0,84.0,5.769641876220703,5.693074703216553,0.07656717300415039
ns_elephant_780,resnet50_geirhos_tl,8,4,132,84,136.0,88.0,5.769641876220703,5.648370742797852,0.12127113342285156
ns_elephant_780,resnet50_geirhos_tl,8,4,132,88,136.0,92.0,5.769641876220703,5.566991329193115,0.2026505470275879
ns_elephant_780,resnet50_geirhos_tl,8,4,132,92,136.0,96.0,5.769641876220703,5.582964897155762,0.1866769790649414
ns_elephant_780,resnet50_geirhos_tl,8,4,132,96,136.0,100.0,5.769641876220703,5.6625895500183105,0.10705232620239258
ns_elephant_780,resnet50_geirhos_tl,8,4,132,100,136.0,104.0,5.769641876220703,5.820822238922119,-0.051180362701416016
ns_elephant_780,resnet50_geirhos_tl,8,4,132,104,136.0,108.0,5.769641876220703,5.705883502960205,0.06375837326049805
ns_elephant_780,resnet50_geirhos_tl,8,4,132,108,136.0,112.0,5.769641876220703,5.662143707275391,0.1074981689453125
ns_elephant_780,resnet50_geirhos_tl,8,4,132,112,136.0,116.0,5.769641876220703,5.632294654846191,0.13734722137451172
ns_elephant_780,resnet50_geirhos_tl,8,4,132,116,136.0,120.0,5.769641876220703,5.700403690338135,0.06923818588256836
ns_elephant_780,resnet50_geirhos_tl,8,4,132,120,136.0,124.0,5.769641876220703,5.932581901550293,-0.16294002532958984
ns_elephant_780,resnet50_geirhos_tl,8,4,132,124,136.0,128.0,5.769641876220703,5.726137638092041,0.04350423812866211
ns_elephant_780,resnet50_geirhos_tl,8,4,132,128,136.0,132.0,5.769641876220703,5.706082344055176,0.06355953216552734
ns_elephant_780,resnet50_geirhos_tl,8,4,132,132,136.0,136.0,5.769641876220703,5.63211727142334,0.13752460479736328
ns_elephant_780,resnet50_geirhos_tl,8,4,132,136,136.0,140.0,5.769641876220703,5.562358856201172,0.20728302001953125
ns_elephant_780,resnet50_geirhos_tl,8,4,132,140,136.0,144.0,5.769641876220703,5.679605960845947,0.09003591537475586
ns_elephant_780,resnet50_geirhos_tl,8,4,132,144,136.0,148.0,5.769641876220703,5.639327049255371,0.13031482696533203
ns_elephant_780,resnet50_geirhos_tl,8,4,132,148,136.0,152.0,5.769641876220703,5.661860466003418,0.10778141021728516
ns_elephant_780,resnet50_geirhos_tl,8,4,132,152,136.0,156.0,5.769641876220703,5.597883224487305,0.17175865173339844
ns_elephant_780,resnet50_geirhos_tl,8,4,132,156,136.0,160.0,5.769641876220703,5.548780918121338,0.22086095809936523
ns_elephant_780,resnet50_geirhos_tl,8,4,132,160,136.0,164.0,5.769641876220703,5.563048839569092,0.20659303665161133
ns_elephant_780,resnet50_geirhos_tl,8,4,132,164,136.0,168.0,5.769641876220703,5.588884353637695,0.1807575225830078
ns_elephant_780,resnet50_geirhos_tl,8,4,132,168,136.0,172.0,5.769641876220703,5.621486663818359,0.14815521240234375
ns_elephant_780,resnet50_geirhos_tl,8,4,132,172,136.0,176.0,5.769641876220703,5.539062976837158,0.23057889938354492
ns_elephant_780,resnet50_geirhos_tl,8,4,132,176,136.0,180.0,5.769641876220703,5.683314800262451,0.08632707595825195
ns_elephant_780,resnet50_geirhos_tl,8,4,132,180,136.0,184.0,5.769641876220703,5.760568141937256,0.009073734283447266
ns_elephant_780,resnet50_geirhos_tl,8,4,132,184,136.0,188.0,5.769641876220703,5.881394863128662,-0.11175298690795898
ns_elephant_780,resnet50_geirhos_tl,8,4,132,188,136.0,192.0,5.769641876220703,5.677288055419922,0.09235382080078125
ns_elephant_780,resnet50_geirhos_tl,8,4,132,192,136.0,196.0,5.769641876220703,5.622142791748047,0.14749908447265625
ns_elephant_780,resnet50_geirhos_tl,8,4,132,196,136.0,200.0,5.769641876220703,5.637394428253174,0.1322474479675293
ns_elephant_780,resnet50_geirhos_tl,8,4,132,200,136.0,204.0,5.769641876220703,5.725841522216797,0.04380035400390625
ns_elephant_780,resnet50_geirhos_tl,8,4,132,204,136.0,208.0,5.769641876220703,5.74617338180542,0.023468494415283203
ns_elephant_780,resnet50_geirhos_tl,8,4,132,208,136.0,212.0,5.769641876220703,5.857259273529053,-0.08761739730834961
ns_elephant_780,resnet50_geirhos_tl,8,4,132,212,136.0,216.0,5.769641876220703,5.7348456382751465,0.03479623794555664
ns_elephant_780,resnet50_geirhos_tl,8,4,132,216,136.0,220.0,5.769641876220703,5.711162567138672,0.05847930908203125
ns_elephant_780,resnet50_geirhos_tl,8,4,136,0,140.0,4.0,5.769641876220703,5.8640594482421875,-0.09441757202148438
ns_elephant_780,resnet50_geirhos_tl,8,4,136,4,140.0,8.0,5.769641876220703,5.861496925354004,-0.09185504913330078
ns_elephant_780,resnet50_geirhos_tl,8,4,136,8,140.0,12.0,5.769641876220703,5.866299629211426,-0.09665775299072266
ns_elephant_780,resnet50_geirhos_tl,8,4,136,12,140.0,16.0,5.769641876220703,5.905043601989746,-0.13540172576904297
ns_elephant_780,resnet50_geirhos_tl,8,4,136,16,140.0,20.0,5.769641876220703,5.9068403244018555,-0.13719844818115234
ns_elephant_780,resnet50_geirhos_tl,8,4,136,20,140.0,24.0,5.769641876220703,5.890627861022949,-0.1209859848022461
ns_elephant_780,resnet50_geirhos_tl,8,4,136,24,140.0,28.0,5.769641876220703,5.83151912689209,-0.06187725067138672
ns_elephant_780,resnet50_geirhos_tl,8,4,136,28,140.0,32.0,5.769641876220703,5.846879959106445,-0.07723808288574219
ns_elephant_780,resnet50_geirhos_tl,8,4,136,32,140.0,36.0,5.769641876220703,5.845500946044922,-0.07585906982421875
ns_elephant_780,resnet50_geirhos_tl,8,4,136,36,140.0,40.0,5.769641876220703,5.807473659515381,-0.037831783294677734
ns_elephant_780,resnet50_geirhos_tl,8,4,136,40,140.0,44.0,5.769641876220703,5.772164821624756,-0.0025229454040527344
ns_elephant_780,resnet50_geirhos_tl,8,4,136,44,140.0,48.0,5.769641876220703,5.773556709289551,-0.003914833068847656
ns_elephant_780,resnet50_geirhos_tl,8,4,136,48,140.0,52.0,5.769641876220703,5.784677982330322,-0.01503610610961914
ns_elephant_780,resnet50_geirhos_tl,8,4,136,52,140.0,56.0,5.769641876220703,5.754110813140869,0.015531063079833984
ns_elephant_780,resnet50_geirhos_tl,8,4,136,56,140.0,60.0,5.769641876220703,5.737436771392822,0.03220510482788086
ns_elephant_780,resnet50_geirhos_tl,8,4,136,60,140.0,64.0,5.769641876220703,5.766970157623291,0.0026717185974121094
ns_elephant_780,resnet50_geirhos_tl,8,4,136,64,140.0,68.0,5.769641876220703,5.735149383544922,0.03449249267578125
ns_elephant_780,resnet50_geirhos_tl,8,4,136,68,140.0,72.0,5.769641876220703,5.713145732879639,0.05649614334106445
ns_elephant_780,resnet50_geirhos_tl,8,4,136,72,140.0,76.0,5.769641876220703,5.699309825897217,0.07033205032348633
ns_elephant_780,resnet50_geirhos_tl,8,4,136,76,140.0,80.0,5.769641876220703,5.700092792510986,0.0695490837097168
ns_elephant_780,resnet50_geirhos_tl,8,4,136,80,140.0,84.0,5.769641876220703,5.689041614532471,0.08060026168823242
ns_elephant_780,resnet50_geirhos_tl,8,4,136,84,140.0,88.0,5.769641876220703,5.606872081756592,0.16276979446411133
ns_elephant_780,resnet50_geirhos_tl,8,4,136,88,140.0,92.0,5.769641876220703,5.567752838134766,0.2018890380859375
ns_elephant_780,resnet50_geirhos_tl,8,4,136,92,140.0,96.0,5.769641876220703,5.603325366973877,0.16631650924682617
ns_elephant_780,resnet50_geirhos_tl,8,4,136,96,140.0,100.0,5.769641876220703,5.6810102462768555,0.08863162994384766
ns_elephant_780,resnet50_geirhos_tl,8,4,136,100,140.0,104.0,5.769641876220703,5.8655500411987305,-0.09590816497802734
ns_elephant_780,resnet50_geirhos_tl,8,4,136,104,140.0,108.0,5.769641876220703,5.853135585784912,-0.08349370956420898
ns_elephant_780,resnet50_geirhos_tl,8,4,136,108,140.0,112.0,5.769641876220703,5.7044172286987305,0.06522464752197266
ns_elephant_780,resnet50_geirhos_tl,8,4,136,112,140.0,116.0,5.769641876220703,5.638494491577148,0.1311473846435547
ns_elephant_780,resnet50_geirhos_tl,8,4,136,116,140.0,120.0,5.769641876220703,5.6904497146606445,0.0791921615600586
ns_elephant_780,resnet50_geirhos_tl,8,4,136,120,140.0,124.0,5.769641876220703,5.948171615600586,-0.1785297393798828
ns_elephant_780,resnet50_geirhos_tl,8,4,136,124,140.0,128.0,5.769641876220703,5.708810806274414,0.06083106994628906
ns_elephant_780,resnet50_geirhos_tl,8,4,136,128,140.0,132.0,5.769641876220703,5.658448219299316,0.11119365692138672
ns_elephant_780,resnet50_geirhos_tl,8,4,136,132,140.0,136.0,5.769641876220703,5.551279544830322,0.21836233139038086
ns_elephant_780,resnet50_geirhos_tl,8,4,136,136,140.0,140.0,5.769641876220703,5.569706439971924,0.1999354362487793
ns_elephant_780,resnet50_geirhos_tl,8,4,136,140,140.0,144.0,5.769641876220703,5.65845251083374,0.11118936538696289
ns_elephant_780,resnet50_geirhos_tl,8,4,136,144,140.0,148.0,5.769641876220703,5.635870933532715,0.13377094268798828
ns_elephant_780,resnet50_geirhos_tl,8,4,136,148,140.0,152.0,5.769641876220703,5.627320289611816,0.14232158660888672
ns_elephant_780,resnet50_geirhos_tl,8,4,136,152,140.0,156.0,5.769641876220703,5.613663673400879,0.15597820281982422
ns_elephant_780,resnet50_geirhos_tl,8,4,136,156,140.0,160.0,5.769641876220703,5.546677112579346,0.22296476364135742
ns_elephant_780,resnet50_geirhos_tl,8,4,136,160,140.0,164.0,5.769641876220703,5.555007457733154,0.21463441848754883
ns_elephant_780,resnet50_geirhos_tl,8,4,136,164,140.0,168.0,5.769641876220703,5.606868743896484,0.16277313232421875
ns_elephant_780,resnet50_geirhos_tl,8,4,136,168,140.0,172.0,5.769641876220703,5.645445823669434,0.12419605255126953
ns_elephant_780,resnet50_geirhos_tl,8,4,136,172,140.0,176.0,5.769641876220703,5.6110758781433105,0.15856599807739258
ns_elephant_780,resnet50_geirhos_tl,8,4,136,176,140.0,180.0,5.769641876220703,5.785304546356201,-0.015662670135498047
ns_elephant_780,resnet50_geirhos_tl,8,4,136,180,140.0,184.0,5.769641876220703,5.772078514099121,-0.0024366378784179688
ns_elephant_780,resnet50_geirhos_tl,8,4,136,184,140.0,188.0,5.769641876220703,5.9771928787231445,-0.2075510025024414
ns_elephant_780,resnet50_geirhos_tl,8,4,136,188,140.0,192.0,5.769641876220703,5.770942687988281,-0.001300811767578125
ns_elephant_780,resnet50_geirhos_tl,8,4,136,192,140.0,196.0,5.769641876220703,5.65655517578125,0.11308670043945312
ns_elephant_780,resnet50_geirhos_tl,8,4,136,196,140.0,200.0,5.769641876220703,5.6487860679626465,0.12085580825805664
ns_elephant_780,resnet50_geirhos_tl,8,4,136,200,140.0,204.0,5.769641876220703,5.713476181030273,0.05616569519042969
ns_elephant_780,resnet50_geirhos_tl,8,4,136,204,140.0,208.0,5.769641876220703,5.699489593505859,0.07015228271484375
ns_elephant_780,resnet50_geirhos_tl,8,4,136,208,140.0,212.0,5.769641876220703,5.833787441253662,-0.06414556503295898
ns_elephant_780,resnet50_geirhos_tl,8,4,136,212,140.0,216.0,5.769641876220703,5.755945205688477,0.013696670532226562
ns_elephant_780,resnet50_geirhos_tl,8,4,136,216,140.0,220.0,5.769641876220703,5.714777946472168,0.054863929748535156
ns_elephant_780,resnet50_geirhos_tl,8,4,140,0,144.0,4.0,5.769641876220703,5.849111557006836,-0.07946968078613281
ns_elephant_780,resnet50_geirhos_tl,8,4,140,4,144.0,8.0,5.769641876220703,5.87752103805542,-0.1078791618347168
ns_elephant_780,resnet50_geirhos_tl,8,4,140,8,144.0,12.0,5.769641876220703,5.874081134796143,-0.10443925857543945
ns_elephant_780,resnet50_geirhos_tl,8,4,140,12,144.0,16.0,5.769641876220703,5.899262428283691,-0.12962055206298828
ns_elephant_780,resnet50_geirhos_tl,8,4,140,16,144.0,20.0,5.769641876220703,5.922825336456299,-0.1531834602355957
ns_elephant_780,resnet50_geirhos_tl,8,4,140,20,144.0,24.0,5.769641876220703,5.887598037719727,-0.11795616149902344
ns_elephant_780,resnet50_geirhos_tl,8,4,140,24,144.0,28.0,5.769641876220703,5.859408855438232,-0.0897669792175293
ns_elephant_780,resnet50_geirhos_tl,8,4,140,28,144.0,32.0,5.769641876220703,5.8527512550354,-0.08310937881469727
ns_elephant_780,resnet50_geirhos_tl,8,4,140,32,144.0,36.0,5.769641876220703,5.882580280303955,-0.11293840408325195
ns_elephant_780,resnet50_geirhos_tl,8,4,140,36,144.0,40.0,5.769641876220703,5.845955848693848,-0.07631397247314453
ns_elephant_780,resnet50_geirhos_tl,8,4,140,40,144.0,44.0,5.769641876220703,5.857814788818359,-0.08817291259765625
ns_elephant_780,resnet50_geirhos_tl,8,4,140,44,144.0,48.0,5.769641876220703,5.827059268951416,-0.05741739273071289
ns_elephant_780,resnet50_geirhos_tl,8,4,140,48,144.0,52.0,5.769641876220703,5.8371710777282715,-0.06752920150756836
ns_elephant_780,resnet50_geirhos_tl,8,4,140,52,144.0,56.0,5.769641876220703,5.8013129234313965,-0.03167104721069336
ns_elephant_780,resnet50_geirhos_tl,8,4,140,56,144.0,60.0,5.769641876220703,5.7899651527404785,-0.02032327651977539
ns_elephant_780,resnet50_geirhos_tl,8,4,140,60,144.0,64.0,5.769641876220703,5.736391067504883,0.03325080871582031
ns_elephant_780,resnet50_geirhos_tl,8,4,140,64,144.0,68.0,5.769641876220703,5.739920139312744,0.029721736907958984
ns_elephant_780,resnet50_geirhos_tl,8,4,140,68,144.0,72.0,5.769641876220703,5.689639568328857,0.0800023078918457
ns_elephant_780,resnet50_geirhos_tl,8,4,140,72,144.0,76.0,5.769641876220703,5.712484359741211,0.05715751647949219
ns_elephant_780,resnet50_geirhos_tl,8,4,140,76,144.0,80.0,5.769641876220703,5.692974090576172,0.07666778564453125
ns_elephant_780,resnet50_geirhos_tl,8,4,140,80,144.0,84.0,5.769641876220703,5.673748970031738,0.09589290618896484
ns_elephant_780,resnet50_geirhos_tl,8,4,140,84,144.0,88.0,5.769641876220703,5.611443996429443,0.15819787979125977
ns_elephant_780,resnet50_geirhos_tl,8,4,140,88,144.0,92.0,5.769641876220703,5.593985557556152,0.17565631866455078
ns_elephant_780,resnet50_geirhos_tl,8,4,140,92,144.0,96.0,5.769641876220703,5.674044132232666,0.09559774398803711
ns_elephant_780,resnet50_geirhos_tl,8,4,140,96,144.0,100.0,5.769641876220703,5.716227054595947,0.05341482162475586
ns_elephant_780,resnet50_geirhos_tl,8,4,140,100,144.0,104.0,5.769641876220703,5.847160816192627,-0.07751893997192383
ns_elephant_780,resnet50_geirhos_tl,8,4,140,104,144.0,108.0,5.769641876220703,5.8080925941467285,-0.03845071792602539
ns_elephant_780,resnet50_geirhos_tl,8,4,140,108,144.0,112.0,5.769641876220703,5.702189922332764,0.06745195388793945
ns_elephant_780,resnet50_geirhos_tl,8,4,140,112,144.0,116.0,5.769641876220703,5.696984767913818,0.07265710830688477
ns_elephant_780,resnet50_geirhos_tl,8,4,140,116,144.0,120.0,5.769641876220703,5.7296576499938965,0.03998422622680664
ns_elephant_780,resnet50_geirhos_tl,8,4,140,120,144.0,124.0,5.769641876220703,5.8685173988342285,-0.09887552261352539
ns_elephant_780,resnet50_geirhos_tl,8,4,140,124,144.0,128.0,5.769641876220703,5.7448201179504395,0.024821758270263672
ns_elephant_780,resnet50_geirhos_tl,8,4,140,128,144.0,132.0,5.769641876220703,5.648815631866455,0.12082624435424805
ns_elephant_780,resnet50_geirhos_tl,8,4,140,132,144.0,136.0,5.769641876220703,5.557010650634766,0.2126312255859375
ns_elephant_780,resnet50_geirhos_tl,8,4,140,136,144.0,140.0,5.769641876220703,5.549848556518555,0.21979331970214844
ns_elephant_780,resnet50_geirhos_tl,8,4,140,140,144.0,144.0,5.769641876220703,5.641511917114258,0.1281299591064453
ns_elephant_780,resnet50_geirhos_tl,8,4,140,144,144.0,148.0,5.769641876220703,5.684563636779785,0.08507823944091797
ns_elephant_780,resnet50_geirhos_tl,8,4,140,148,144.0,152.0,5.769641876220703,5.6922125816345215,0.07742929458618164
ns_elephant_780,resnet50_geirhos_tl,8,4,140,152,144.0,156.0,5.769641876220703,5.651190757751465,0.11845111846923828
ns_elephant_780,resnet50_geirhos_tl,8,4,140,156,144.0,160.0,5.769641876220703,5.62153434753418,0.14810752868652344
ns_elephant_780,resnet50_geirhos_tl,8,4,140,160,144.0,164.0,5.769641876220703,5.606103420257568,0.16353845596313477
ns_elephant_780,resnet50_geirhos_tl,8,4,140,164,144.0,168.0,5.769641876220703,5.648250102996826,0.12139177322387695
ns_elephant_780,resnet50_geirhos_tl,8,4,140,168,144.0,172.0,5.769641876220703,5.684943675994873,0.08469820022583008
ns_elephant_780,resnet50_geirhos_tl,8,4,140,172,144.0,176.0,5.769641876220703,5.692777633666992,0.07686424255371094
ns_elephant_780,resnet50_geirhos_tl,8,4,140,176,144.0,180.0,5.769641876220703,5.73859977722168,0.031042098999023438
ns_elephant_780,resnet50_geirhos_tl,8,4,140,180,144.0,184.0,5.769641876220703,5.777440071105957,-0.007798194885253906
ns_elephant_780,resnet50_geirhos_tl,8,4,140,184,144.0,188.0,5.769641876220703,5.786623001098633,-0.016981124877929688
ns_elephant_780,resnet50_geirhos_tl,8,4,140,188,144.0,192.0,5.769641876220703,5.742372989654541,0.02726888656616211
ns_elephant_780,resnet50_geirhos_tl,8,4,140,192,144.0,196.0,5.769641876220703,5.728506565093994,0.041135311126708984
ns_elephant_780,resnet50_geirhos_tl,8,4,140,196,144.0,200.0,5.769641876220703,5.699599742889404,0.07004213333129883
ns_elephant_780,resnet50_geirhos_tl,8,4,140,200,144.0,204.0,5.769641876220703,5.74553108215332,0.024110794067382812
ns_elephant_780,resnet50_geirhos_tl,8,4,140,204,144.0,208.0,5.769641876220703,5.7318878173828125,0.037754058837890625
ns_elephant_780,resnet50_geirhos_tl,8,4,140,208,144.0,212.0,5.769641876220703,5.830666542053223,-0.06102466583251953
ns_elephant_780,resnet50_geirhos_tl,8,4,140,212,144.0,216.0,5.769641876220703,5.73292350769043,0.03671836853027344
ns_elephant_780,resnet50_geirhos_tl,8,4,140,216,144.0,220.0,5.769641876220703,5.711465835571289,0.05817604064941406
ns_elephant_780,resnet50_geirhos_tl,8,4,144,0,148.0,4.0,5.769641876220703,5.823741912841797,-0.05410003662109375
ns_elephant_780,resnet50_geirhos_tl,8,4,144,4,148.0,8.0,5.769641876220703,5.831117630004883,-0.06147575378417969
ns_elephant_780,resnet50_geirhos_tl,8,4,144,8,148.0,12.0,5.769641876220703,5.843318939208984,-0.07367706298828125
ns_elephant_780,resnet50_geirhos_tl,8,4,144,12,148.0,16.0,5.769641876220703,5.869851112365723,-0.10020923614501953
ns_elephant_780,resnet50_geirhos_tl,8,4,144,16,148.0,20.0,5.769641876220703,5.884683609008789,-0.11504173278808594
ns_elephant_780,resnet50_geirhos_tl,8,4,144,20,148.0,24.0,5.769641876220703,5.874085426330566,-0.10444355010986328
ns_elephant_780,resnet50_geirhos_tl,8,4,144,24,148.0,28.0,5.769641876220703,5.8449931144714355,-0.07535123825073242
ns_elephant_780,resnet50_geirhos_tl,8,4,144,28,148.0,32.0,5.769641876220703,5.838100433349609,-0.06845855712890625
ns_elephant_780,resnet50_geirhos_tl,8,4,144,32,148.0,36.0,5.769641876220703,5.860142707824707,-0.0905008316040039
ns_elephant_780,resnet50_geirhos_tl,8,4,144,36,148.0,40.0,5.769641876220703,5.864834785461426,-0.09519290924072266
ns_elephant_780,resnet50_geirhos_tl,8,4,144,40,148.0,44.0,5.769641876220703,5.859410285949707,-0.0897684097290039
ns_elephant_780,resnet50_geirhos_tl,8,4,144,44,148.0,48.0,5.769641876220703,5.84470796585083,-0.07506608963012695
ns_elephant_780,resnet50_geirhos_tl,8,4,144,48,148.0,52.0,5.769641876220703,5.854959964752197,-0.08531808853149414
ns_elephant_780,resnet50_geirhos_tl,8,4,144,52,148.0,56.0,5.769641876220703,5.8162736892700195,-0.046631813049316406
ns_elephant_780,resnet50_geirhos_tl,8,4,144,56,148.0,60.0,5.769641876220703,5.804695129394531,-0.035053253173828125
ns_elephant_780,resnet50_geirhos_tl,8,4,144,60,148.0,64.0,5.769641876220703,5.747366428375244,0.022275447845458984
ns_elephant_780,resnet50_geirhos_tl,8,4,144,64,148.0,68.0,5.769641876220703,5.718616008758545,0.0510258674621582
ns_elephant_780,resnet50_geirhos_tl,8,4,144,68,148.0,72.0,5.769641876220703,5.712578296661377,0.05706357955932617
ns_elephant_780,resnet50_geirhos_tl,8,4,144,72,148.0,76.0,5.769641876220703,5.691134452819824,0.0785074234008789
ns_elephant_780,resnet50_geirhos_tl,8,4,144,76,148.0,80.0,5.769641876220703,5.6525187492370605,0.11712312698364258
ns_elephant_780,resnet50_geirhos_tl,8,4,144,80,148.0,84.0,5.769641876220703,5.6718597412109375,0.09778213500976562
ns_elephant_780,resnet50_geirhos_tl,8,4,144,84,148.0,88.0,5.769641876220703,5.62235689163208,0.14728498458862305
ns_elephant_780,resnet50_geirhos_tl,8,4,144,88,148.0,92.0,5.769641876220703,5.627272129058838,0.14236974716186523
ns_elephant_780,resnet50_geirhos_tl,8,4,144,92,148.0,96.0,5.769641876220703,5.653543949127197,0.11609792709350586
ns_elephant_780,resnet50_geirhos_tl,8,4,144,96,148.0,100.0,5.769641876220703,5.737011909484863,0.032629966735839844
ns_elephant_780,resnet50_geirhos_tl,8,4,144,100,148.0,104.0,5.769641876220703,5.764713287353516,0.0049285888671875
ns_elephant_780,resnet50_geirhos_tl,8,4,144,104,148.0,108.0,5.769641876220703,5.758303165435791,0.01133871078491211
ns_elephant_780,resnet50_geirhos_tl,8,4,144,108,148.0,112.0,5.769641876220703,5.718625545501709,0.05101633071899414
ns_elephant_780,resnet50_geirhos_tl,8,4,144,112,148.0,116.0,5.769641876220703,5.761706352233887,0.007935523986816406
ns_elephant_780,resnet50_geirhos_tl,8,4,144,116,148.0,120.0,5.769641876220703,5.728989601135254,0.04065227508544922
ns_elephant_780,resnet50_geirhos_tl,8,4,144,120,148.0,124.0,5.769641876220703,5.768132209777832,0.0015096664428710938
ns_elephant_780,resnet50_geirhos_tl,8,4,144,124,148.0,128.0,5.769641876220703,5.719067096710205,0.05057477951049805
ns_elephant_780,resnet50_geirhos_tl,8,4,144,128,148.0,132.0,5.769641876220703,5.650759696960449,0.1188821792602539
ns_elephant_780,resnet50_geirhos_tl,8,4,144,132,148.0,136.0,5.769641876220703,5.614327430725098,0.15531444549560547
ns_elephant_780,resnet50_geirhos_tl,8,4,144,136,148.0,140.0,5.769641876220703,5.6039719581604,0.16566991806030273
ns_elephant_780,resnet50_geirhos_tl,8,4,144,140,148.0,144.0,5.769641876220703,5.655711650848389,0.11393022537231445
ns_elephant_780,resnet50_geirhos_tl,8,4,144,144,148.0,148.0,5.769641876220703,5.677516460418701,0.09212541580200195
ns_elephant_780,resnet50_geirhos_tl,8,4,144,148,148.0,152.0,5.769641876220703,5.701094150543213,0.06854772567749023
ns_elephant_780,resnet50_geirhos_tl,8,4,144,152,148.0,156.0,5.769641876220703,5.639885902404785,0.12975597381591797
ns_elephant_780,resnet50_geirhos_tl,8,4,144,156,148.0,160.0,5.769641876220703,5.618997573852539,0.15064430236816406
ns_elephant_780,resnet50_geirhos_tl,8,4,144,160,148.0,164.0,5.769641876220703,5.692020893096924,0.0776209831237793
ns_elephant_780,resnet50_geirhos_tl,8,4,144,164,148.0,168.0,5.769641876220703,5.733771324157715,0.03587055206298828
ns_elephant_780,resnet50_geirhos_tl,8,4,144,168,148.0,172.0,5.769641876220703,5.764360427856445,0.0052814483642578125
ns_elephant_780,resnet50_geirhos_tl,8,4,144,172,148.0,176.0,5.769641876220703,5.738982677459717,0.030659198760986328
ns_elephant_780,resnet50_geirhos_tl,8,4,144,176,148.0,180.0,5.769641876220703,5.747371673583984,0.02227020263671875
ns_elephant_780,resnet50_geirhos_tl,8,4,144,180,148.0,184.0,5.769641876220703,5.695947170257568,0.07369470596313477
ns_elephant_780,resnet50_geirhos_tl,8,4,144,184,148.0,188.0,5.769641876220703,5.745862007141113,0.023779869079589844
ns_elephant_780,resnet50_geirhos_tl,8,4,144,188,148.0,192.0,5.769641876220703,5.736863613128662,0.032778263092041016
ns_elephant_780,resnet50_geirhos_tl,8,4,144,192,148.0,196.0,5.769641876220703,5.726170063018799,0.0434718132019043
ns_elephant_780,resnet50_geirhos_tl,8,4,144,196,148.0,200.0,5.769641876220703,5.724291801452637,0.045350074768066406
ns_elephant_780,resnet50_geirhos_tl,8,4,144,200,148.0,204.0,5.769641876220703,5.763101577758789,0.0065402984619140625
ns_elephant_780,resnet50_geirhos_tl,8,4,144,204,148.0,208.0,5.769641876220703,5.698465347290039,0.07117652893066406
ns_elephant_780,resnet50_geirhos_tl,8,4,144,208,148.0,212.0,5.769641876220703,5.766960144042969,0.002681732177734375
ns_elephant_780,resnet50_geirhos_tl,8,4,144,212,148.0,216.0,5.769641876220703,5.7296857833862305,0.039956092834472656
ns_elephant_780,resnet50_geirhos_tl,8,4,144,216,148.0,220.0,5.769641876220703,5.7417707443237305,0.027871131896972656
ns_elephant_780,resnet50_geirhos_tl,8,4,148,0,152.0,4.0,5.769641876220703,5.831623077392578,-0.061981201171875
ns_elephant_780,resnet50_geirhos_tl,8,4,148,4,152.0,8.0,5.769641876220703,5.857423782348633,-0.08778190612792969
ns_elephant_780,resnet50_geirhos_tl,8,4,148,8,152.0,12.0,5.769641876220703,5.825733661651611,-0.0560917854309082
ns_elephant_780,resnet50_geirhos_tl,8,4,148,12,152.0,16.0,5.769641876220703,5.830060958862305,-0.06041908264160156
ns_elephant_780,resnet50_geirhos_tl,8,4,148,16,152.0,20.0,5.769641876220703,5.854110240936279,-0.08446836471557617
ns_elephant_780,resnet50_geirhos_tl,8,4,148,20,152.0,24.0,5.769641876220703,5.853776931762695,-0.08413505554199219
ns_elephant_780,resnet50_geirhos_tl,8,4,148,24,152.0,28.0,5.769641876220703,5.830617427825928,-0.06097555160522461
ns_elephant_780,resnet50_geirhos_tl,8,4,148,28,152.0,32.0,5.769641876220703,5.819690227508545,-0.0500483512878418
ns_elephant_780,resnet50_geirhos_tl,8,4,148,32,152.0,36.0,5.769641876220703,5.807702541351318,-0.038060665130615234
ns_elephant_780,resnet50_geirhos_tl,8,4,148,36,152.0,40.0,5.769641876220703,5.845562934875488,-0.07592105865478516
ns_elephant_780,resnet50_geirhos_tl,8,4,148,40,152.0,44.0,5.769641876220703,5.864568710327148,-0.09492683410644531
ns_elephant_780,resnet50_geirhos_tl,8,4,148,44,152.0,48.0,5.769641876220703,5.849110126495361,-0.0794682502746582
ns_elephant_780,resnet50_geirhos_tl,8,4,148,48,152.0,52.0,5.769641876220703,5.844621658325195,-0.07497978210449219
ns_elephant_780,resnet50_geirhos_tl,8,4,148,52,152.0,56.0,5.769641876220703,5.821838855743408,-0.05219697952270508
ns_elephant_780,resnet50_geirhos_tl,8,4,148,56,152.0,60.0,5.769641876220703,5.80251407623291,-0.03287220001220703
ns_elephant_780,resnet50_geirhos_tl,8,4,148,60,152.0,64.0,5.769641876220703,5.748001575469971,0.021640300750732422
ns_elephant_780,resnet50_geirhos_tl,8,4,148,64,152.0,68.0,5.769641876220703,5.754827499389648,0.014814376831054688
ns_elephant_780,resnet50_geirhos_tl,8,4,148,68,152.0,72.0,5.769641876220703,5.760903358459473,0.008738517761230469
ns_elephant_780,resnet50_geirhos_tl,8,4,148,72,152.0,76.0,5.769641876220703,5.7112135887146,0.058428287506103516
ns_elephant_780,resnet50_geirhos_tl,8,4,148,76,152.0,80.0,5.769641876220703,5.680514335632324,0.0891275405883789
ns_elephant_780,resnet50_geirhos_tl,8,4,148,80,152.0,84.0,5.769641876220703,5.69093132019043,0.07871055603027344
ns_elephant_780,resnet50_geirhos_tl,8,4,148,84,152.0,88.0,5.769641876220703,5.632143497467041,0.1374983787536621
ns_elephant_780,resnet50_geirhos_tl,8,4,148,88,152.0,92.0,5.769641876220703,5.657517910003662,0.11212396621704102
ns_elephant_780,resnet50_geirhos_tl,8,4,148,92,152.0,96.0,5.769641876220703,5.694108009338379,0.07553386688232422
ns_elephant_780,resnet50_geirhos_tl,8,4,148,96,152.0,100.0,5.769641876220703,5.744410514831543,0.025231361389160156
ns_elephant_780,resnet50_geirhos_tl,8,4,148,100,152.0,104.0,5.769641876220703,5.862480163574219,-0.09283828735351562
ns_elephant_780,resnet50_geirhos_tl,8,4,148,104,152.0,108.0,5.769641876220703,5.772366046905518,-0.002724170684814453
ns_elephant_780,resnet50_geirhos_tl,8,4,148,108,152.0,112.0,5.769641876220703,5.746613502502441,0.02302837371826172
ns_elephant_780,resnet50_geirhos_tl,8,4,148,112,152.0,116.0,5.769641876220703,5.775219917297363,-0.005578041076660156
ns_elephant_780,resnet50_geirhos_tl,8,4,148,116,152.0,120.0,5.769641876220703,5.730572700500488,0.039069175720214844
ns_elephant_780,resnet50_geirhos_tl,8,4,148,120,152.0,124.0,5.769641876220703,5.74969482421875,0.019947052001953125
ns_elephant_780,resnet50_geirhos_tl,8,4,148,124,152.0,128.0,5.769641876220703,5.692939281463623,0.07670259475708008
ns_elephant_780,resnet50_geirhos_tl,8,4,148,128,152.0,132.0,5.769641876220703,5.693904876708984,0.07573699951171875
ns_elephant_780,resnet50_geirhos_tl,8,4,148,132,152.0,136.0,5.769641876220703,5.58695650100708,0.18268537521362305
ns_elephant_780,resnet50_geirhos_tl,8,4,148,136,152.0,140.0,5.769641876220703,5.577445030212402,0.19219684600830078
ns_elephant_780,resnet50_geirhos_tl,8,4,148,140,152.0,144.0,5.769641876220703,5.653636455535889,0.11600542068481445
ns_elephant_780,resnet50_geirhos_tl,8,4,148,144,152.0,148.0,5.769641876220703,5.68301248550415,0.08662939071655273
ns_elephant_780,resnet50_geirhos_tl,8,4,148,148,152.0,152.0,5.769641876220703,5.682004928588867,0.08763694763183594
ns_elephant_780,resnet50_geirhos_tl,8,4,148,152,152.0,156.0,5.769641876220703,5.636221408843994,0.13342046737670898
ns_elephant_780,resnet50_geirhos_tl,8,4,148,156,152.0,160.0,5.769641876220703,5.64198112487793,0.12766075134277344
ns_elephant_780,resnet50_geirhos_tl,8,4,148,160,152.0,164.0,5.769641876220703,5.685164928436279,0.08447694778442383
ns_elephant_780,resnet50_geirhos_tl,8,4,148,164,152.0,168.0,5.769641876220703,5.765252113342285,0.004389762878417969
ns_elephant_780,resnet50_geirhos_tl,8,4,148,168,152.0,172.0,5.769641876220703,5.762921333312988,0.006720542907714844
ns_elephant_780,resnet50_geirhos_tl,8,4,148,172,152.0,176.0,5.769641876220703,5.804994583129883,-0.03535270690917969
ns_elephant_780,resnet50_geirhos_tl,8,4,148,176,152.0,180.0,5.769641876220703,5.805883407592773,-0.03624153137207031
ns_elephant_780,resnet50_geirhos_tl,8,4,148,180,152.0,184.0,5.769641876220703,5.7523369789123535,0.01730489730834961
ns_elephant_780,resnet50_geirhos_tl,8,4,148,184,152.0,188.0,5.769641876220703,5.756118297576904,0.013523578643798828
ns_elephant_780,resnet50_geirhos_tl,8,4,148,188,152.0,192.0,5.769641876220703,5.687872886657715,0.08176898956298828
ns_elephant_780,resnet50_geirhos_tl,8,4,148,192,152.0,196.0,5.769641876220703,5.685571670532227,0.08407020568847656
ns_elephant_780,resnet50_geirhos_tl,8,4,148,196,152.0,200.0,5.769641876220703,5.745214462280273,0.024427413940429688
ns_elephant_780,resnet50_geirhos_tl,8,4,148,200,152.0,204.0,5.769641876220703,5.779243469238281,-0.009601593017578125
ns_elephant_780,resnet50_geirhos_tl,8,4,148,204,152.0,208.0,5.769641876220703,5.745195388793945,0.024446487426757812
ns_elephant_780,resnet50_geirhos_tl,8,4,148,208,152.0,212.0,5.769641876220703,5.692431449890137,0.0772104263305664
ns_elephant_780,resnet50_geirhos_tl,8,4,148,212,152.0,216.0,5.769641876220703,5.705270290374756,0.06437158584594727
ns_elephant_780,resnet50_geirhos_tl,8,4,148,216,152.0,220.0,5.769641876220703,5.737508296966553,0.03213357925415039
ns_elephant_780,resnet50_geirhos_tl,8,4,152,0,156.0,4.0,5.769641876220703,5.84743595123291,-0.07779407501220703
ns_elephant_780,resnet50_geirhos_tl,8,4,152,4,156.0,8.0,5.769641876220703,5.8321146965026855,-0.06247282028198242
ns_elephant_780,resnet50_geirhos_tl,8,4,152,8,156.0,12.0,5.769641876220703,5.791066646575928,-0.02142477035522461
ns_elephant_780,resnet50_geirhos_tl,8,4,152,12,156.0,16.0,5.769641876220703,5.817078590393066,-0.04743671417236328
ns_elephant_780,resnet50_geirhos_tl,8,4,152,16,156.0,20.0,5.769641876220703,5.8094048500061035,-0.03976297378540039
ns_elephant_780,resnet50_geirhos_tl,8,4,152,20,156.0,24.0,5.769641876220703,5.820108890533447,-0.05046701431274414
ns_elephant_780,resnet50_geirhos_tl,8,4,152,24,156.0,28.0,5.769641876220703,5.800122261047363,-0.030480384826660156
ns_elephant_780,resnet50_geirhos_tl,8,4,152,28,156.0,32.0,5.769641876220703,5.806053161621094,-0.036411285400390625
ns_elephant_780,resnet50_geirhos_tl,8,4,152,32,156.0,36.0,5.769641876220703,5.8044633865356445,-0.034821510314941406
ns_elephant_780,resnet50_geirhos_tl,8,4,152,36,156.0,40.0,5.769641876220703,5.826528072357178,-0.05688619613647461
ns_elephant_780,resnet50_geirhos_tl,8,4,152,40,156.0,44.0,5.769641876220703,5.863130569458008,-0.09348869323730469
ns_elephant_780,resnet50_geirhos_tl,8,4,152,44,156.0,48.0,5.769641876220703,5.831668376922607,-0.0620265007019043
ns_elephant_780,resnet50_geirhos_tl,8,4,152,48,156.0,52.0,5.769641876220703,5.812285423278809,-0.04264354705810547
ns_elephant_780,resnet50_geirhos_tl,8,4,152,52,156.0,56.0,5.769641876220703,5.799787998199463,-0.030146121978759766
ns_elephant_780,resnet50_geirhos_tl,8,4,152,56,156.0,60.0,5.769641876220703,5.770195484161377,-0.0005536079406738281
ns_elephant_780,resnet50_geirhos_tl,8,4,152,60,156.0,64.0,5.769641876220703,5.752603054046631,0.017038822174072266
ns_elephant_780,resnet50_geirhos_tl,8,4,152,64,156.0,68.0,5.769641876220703,5.7311201095581055,0.038521766662597656
ns_elephant_780,resnet50_geirhos_tl,8,4,152,68,156.0,72.0,5.769641876220703,5.725220680236816,0.04442119598388672
ns_elephant_780,resnet50_geirhos_tl,8,4,152,72,156.0,76.0,5.769641876220703,5.7311882972717285,0.03845357894897461
ns_elephant_780,resnet50_geirhos_tl,8,4,152,76,156.0,80.0,5.769641876220703,5.701538562774658,0.06810331344604492
ns_elephant_780,resnet50_geirhos_tl,8,4,152,80,156.0,84.0,5.769641876220703,5.698068141937256,0.07157373428344727
ns_elephant_780,resnet50_geirhos_tl,8,4,152,84,156.0,88.0,5.769641876220703,5.6203484535217285,0.1492934226989746
ns_elephant_780,resnet50_geirhos_tl,8,4,152,88,156.0,92.0,5.769641876220703,5.657121181488037,0.11252069473266602
ns_elephant_780,resnet50_geirhos_tl,8,4,152,92,156.0,96.0,5.769641876220703,5.714666843414307,0.054975032806396484
ns_elephant_780,resnet50_geirhos_tl,8,4,152,96,156.0,100.0,5.769641876220703,5.734012126922607,0.0356297492980957
ns_elephant_780,resnet50_geirhos_tl,8,4,152,100,156.0,104.0,5.769641876220703,5.744586944580078,0.025054931640625
ns_elephant_780,resnet50_geirhos_tl,8,4,152,104,156.0,108.0,5.769641876220703,5.742880821228027,0.02676105499267578
ns_elephant_780,resnet50_geirhos_tl,8,4,152,108,156.0,112.0,5.769641876220703,5.719123840332031,0.050518035888671875
ns_elephant_780,resnet50_geirhos_tl,8,4,152,112,156.0,116.0,5.769641876220703,5.697806358337402,0.07183551788330078
ns_elephant_780,resnet50_geirhos_tl,8,4,152,116,156.0,120.0,5.769641876220703,5.594514846801758,0.1751270294189453
ns_elephant_780,resnet50_geirhos_tl,8,4,152,120,156.0,124.0,5.769641876220703,5.635783672332764,0.13385820388793945
ns_elephant_780,resnet50_geirhos_tl,8,4,152,124,156.0,128.0,5.769641876220703,5.699888229370117,0.06975364685058594
ns_elephant_780,resnet50_geirhos_tl,8,4,152,128,156.0,132.0,5.769641876220703,5.672083854675293,0.09755802154541016
ns_elephant_780,resnet50_geirhos_tl,8,4,152,132,156.0,136.0,5.769641876220703,5.597640514373779,0.17200136184692383
ns_elephant_780,resnet50_geirhos_tl,8,4,152,136,156.0,140.0,5.769641876220703,5.603769302368164,0.16587257385253906
ns_elephant_780,resnet50_geirhos_tl,8,4,152,140,156.0,144.0,5.769641876220703,5.641962051391602,0.12767982482910156
ns_elephant_780,resnet50_geirhos_tl,8,4,152,144,156.0,148.0,5.769641876220703,5.68227481842041,0.08736705780029297
ns_elephant_780,resnet50_geirhos_tl,8,4,152,148,156.0,152.0,5.769641876220703,5.657321453094482,0.1123204231262207
ns_elephant_780,resnet50_geirhos_tl,8,4,152,152,156.0,156.0,5.769641876220703,5.666345119476318,0.10329675674438477
ns_elephant_780,resnet50_geirhos_tl,8,4,152,156,156.0,160.0,5.769641876220703,5.68521785736084,0.08442401885986328
ns_elephant_780,resnet50_geirhos_tl,8,4,152,160,156.0,164.0,5.769641876220703,5.730684757232666,0.03895711898803711
ns_elephant_780,resnet50_geirhos_tl,8,4,152,164,156.0,168.0,5.769641876220703,5.778319835662842,-0.008677959442138672
ns_elephant_780,resnet50_geirhos_tl,8,4,152,168,156.0,172.0,5.769641876220703,5.813493728637695,-0.04385185241699219
ns_elephant_780,resnet50_geirhos_tl,8,4,152,172,156.0,176.0,5.769641876220703,5.818659782409668,-0.049017906188964844
ns_elephant_780,resnet50_geirhos_tl,8,4,152,176,156.0,180.0,5.769641876220703,5.733011245727539,0.03663063049316406
ns_elephant_780,resnet50_geirhos_tl,8,4,152,180,156.0,184.0,5.769641876220703,5.6680474281311035,0.10159444808959961
ns_elephant_780,resnet50_geirhos_tl,8,4,152,184,156.0,188.0,5.769641876220703,5.735604763031006,0.034037113189697266
ns_elephant_780,resnet50_geirhos_tl,8,4,152,188,156.0,192.0,5.769641876220703,5.735842227935791,0.03379964828491211
ns_elephant_780,resnet50_geirhos_tl,8,4,152,192,156.0,196.0,5.769641876220703,5.710710048675537,0.058931827545166016
ns_elephant_780,resnet50_geirhos_tl,8,4,152,196,156.0,200.0,5.769641876220703,5.787003517150879,-0.01736164093017578
ns_elephant_780,resnet50_geirhos_tl,8,4,152,200,156.0,204.0,5.769641876220703,5.841310501098633,-0.07166862487792969
ns_elephant_780,resnet50_geirhos_tl,8,4,152,204,156.0,208.0,5.769641876220703,5.788608551025391,-0.0189666748046875
ns_elephant_780,resnet50_geirhos_tl,8,4,152,208,156.0,212.0,5.769641876220703,5.724693775177002,0.04494810104370117
ns_elephant_780,resnet50_geirhos_tl,8,4,152,212,156.0,216.0,5.769641876220703,5.709074020385742,0.06056785583496094
ns_elephant_780,resnet50_geirhos_tl,8,4,152,216,156.0,220.0,5.769641876220703,5.766308307647705,0.003333568572998047
ns_elephant_780,resnet50_geirhos_tl,8,4,156,0,160.0,4.0,5.769641876220703,5.8559417724609375,-0.08629989624023438
ns_elephant_780,resnet50_geirhos_tl,8,4,156,4,160.0,8.0,5.769641876220703,5.843716144561768,-0.07407426834106445
ns_elephant_780,resnet50_geirhos_tl,8,4,156,8,160.0,12.0,5.769641876220703,5.805974006652832,-0.036332130432128906
ns_elephant_780,resnet50_geirhos_tl,8,4,156,12,160.0,16.0,5.769641876220703,5.815398216247559,-0.04575634002685547
ns_elephant_780,resnet50_geirhos_tl,8,4,156,16,160.0,20.0,5.769641876220703,5.819406509399414,-0.04976463317871094
ns_elephant_780,resnet50_geirhos_tl,8,4,156,20,160.0,24.0,5.769641876220703,5.8054728507995605,-0.03583097457885742
ns_elephant_780,resnet50_geirhos_tl,8,4,156,24,160.0,28.0,5.769641876220703,5.773659706115723,-0.004017829895019531
ns_elephant_780,resnet50_geirhos_tl,8,4,156,28,160.0,32.0,5.769641876220703,5.786210060119629,-0.01656818389892578
ns_elephant_780,resnet50_geirhos_tl,8,4,156,32,160.0,36.0,5.769641876220703,5.794960021972656,-0.025318145751953125
ns_elephant_780,resnet50_geirhos_tl,8,4,156,36,160.0,40.0,5.769641876220703,5.817015647888184,-0.04737377166748047
ns_elephant_780,resnet50_geirhos_tl,8,4,156,40,160.0,44.0,5.769641876220703,5.8286452293396,-0.059003353118896484
ns_elephant_780,resnet50_geirhos_tl,8,4,156,44,160.0,48.0,5.769641876220703,5.834066390991211,-0.06442451477050781
ns_elephant_780,resnet50_geirhos_tl,8,4,156,48,160.0,52.0,5.769641876220703,5.824405670166016,-0.0547637939453125
ns_elephant_780,resnet50_geirhos_tl,8,4,156,52,160.0,56.0,5.769641876220703,5.787501811981201,-0.017859935760498047
ns_elephant_780,resnet50_geirhos_tl,8,4,156,56,160.0,60.0,5.769641876220703,5.7736921310424805,-0.004050254821777344
ns_elephant_780,resnet50_geirhos_tl,8,4,156,60,160.0,64.0,5.769641876220703,5.759369373321533,0.010272502899169922
ns_elephant_780,resnet50_geirhos_tl,8,4,156,64,160.0,68.0,5.769641876220703,5.76806640625,0.001575469970703125
ns_elephant_780,resnet50_geirhos_tl,8,4,156,68,160.0,72.0,5.769641876220703,5.7671799659729,0.0024619102478027344
ns_elephant_780,resnet50_geirhos_tl,8,4,156,72,160.0,76.0,5.769641876220703,5.747105598449707,0.022536277770996094
ns_elephant_780,resnet50_geirhos_tl,8,4,156,76,160.0,80.0,5.769641876220703,5.702271461486816,0.06737041473388672
ns_elephant_780,resnet50_geirhos_tl,8,4,156,80,160.0,84.0,5.769641876220703,5.733428001403809,0.03621387481689453
ns_elephant_780,resnet50_geirhos_tl,8,4,156,84,160.0,88.0,5.769641876220703,5.671907424926758,0.09773445129394531
ns_elephant_780,resnet50_geirhos_tl,8,4,156,88,160.0,92.0,5.769641876220703,5.6796979904174805,0.08994388580322266
ns_elephant_780,resnet50_geirhos_tl,8,4,156,92,160.0,96.0,5.769641876220703,5.709030628204346,0.06061124801635742
ns_elephant_780,resnet50_geirhos_tl,8,4,156,96,160.0,100.0,5.769641876220703,5.678981781005859,0.09066009521484375
ns_elephant_780,resnet50_geirhos_tl,8,4,156,100,160.0,104.0,5.769641876220703,5.5862016677856445,0.1834402084350586
ns_elephant_780,resnet50_geirhos_tl,8,4,156,104,160.0,108.0,5.769641876220703,5.6867876052856445,0.0828542709350586
ns_elephant_780,resnet50_geirhos_tl,8,4,156,108,160.0,112.0,5.769641876220703,5.71807336807251,0.05156850814819336
ns_elephant_780,resnet50_geirhos_tl,8,4,156,112,160.0,116.0,5.769641876220703,5.776641368865967,-0.006999492645263672
ns_elephant_780,resnet50_geirhos_tl,8,4,156,116,160.0,120.0,5.769641876220703,5.592036247253418,0.17760562896728516
ns_elephant_780,resnet50_geirhos_tl,8,4,156,120,160.0,124.0,5.769641876220703,5.649235248565674,0.1204066276550293
ns_elephant_780,resnet50_geirhos_tl,8,4,156,124,160.0,128.0,5.769641876220703,5.659073829650879,0.11056804656982422
ns_elephant_780,resnet50_geirhos_tl,8,4,156,128,160.0,132.0,5.769641876220703,5.690258979797363,0.07938289642333984
ns_elephant_780,resnet50_geirhos_tl,8,4,156,132,160.0,136.0,5.769641876220703,5.683633804321289,0.08600807189941406
ns_elephant_780,resnet50_geirhos_tl,8,4,156,136,160.0,140.0,5.769641876220703,5.727479457855225,0.042162418365478516
ns_elephant_780,resnet50_geirhos_tl,8,4,156,140,160.0,144.0,5.769641876220703,5.746153354644775,0.023488521575927734
ns_elephant_780,resnet50_geirhos_tl,8,4,156,144,160.0,148.0,5.769641876220703,5.762679100036621,0.006962776184082031
ns_elephant_780,resnet50_geirhos_tl,8,4,156,148,160.0,152.0,5.769641876220703,5.7611308097839355,0.008511066436767578
ns_elephant_780,resnet50_geirhos_tl,8,4,156,152,160.0,156.0,5.769641876220703,5.707860946655273,0.06178092956542969
ns_elephant_780,resnet50_geirhos_tl,8,4,156,156,160.0,160.0,5.769641876220703,5.693044185638428,0.07659769058227539
ns_elephant_780,resnet50_geirhos_tl,8,4,156,160,160.0,164.0,5.769641876220703,5.7553911209106445,0.014250755310058594
ns_elephant_780,resnet50_geirhos_tl,8,4,156,164,160.0,168.0,5.769641876220703,5.832656383514404,-0.06301450729370117
ns_elephant_780,resnet50_geirhos_tl,8,4,156,168,160.0,172.0,5.769641876220703,5.8299784660339355,-0.06033658981323242
ns_elephant_780,resnet50_geirhos_tl,8,4,156,172,160.0,176.0,5.769641876220703,5.839619159698486,-0.0699772834777832
ns_elephant_780,resnet50_geirhos_tl,8,4,156,176,160.0,180.0,5.769641876220703,5.751841068267822,0.01780080795288086
ns_elephant_780,resnet50_geirhos_tl,8,4,156,180,160.0,184.0,5.769641876220703,5.732526779174805,0.03711509704589844
ns_elephant_780,resnet50_geirhos_tl,8,4,156,184,160.0,188.0,5.769641876220703,5.794373035430908,-0.024731159210205078
ns_elephant_780,resnet50_geirhos_tl,8,4,156,188,160.0,192.0,5.769641876220703,5.760109901428223,0.009531974792480469
ns_elephant_780,resnet50_geirhos_tl,8,4,156,192,160.0,196.0,5.769641876220703,5.767149925231934,0.0024919509887695312
ns_elephant_780,resnet50_geirhos_tl,8,4,156,196,160.0,200.0,5.769641876220703,5.847456455230713,-0.07781457901000977
ns_elephant_780,resnet50_geirhos_tl,8,4,156,200,160.0,204.0,5.769641876220703,5.844472408294678,-0.07483053207397461
ns_elephant_780,resnet50_geirhos_tl,8,4,156,204,160.0,208.0,5.769641876220703,5.760729789733887,0.008912086486816406
ns_elephant_780,resnet50_geirhos_tl,8,4,156,208,160.0,212.0,5.769641876220703,5.715359687805176,0.054282188415527344
ns_elephant_780,resnet50_geirhos_tl,8,4,156,212,160.0,216.0,5.769641876220703,5.733789920806885,0.03585195541381836
ns_elephant_780,resnet50_geirhos_tl,8,4,156,216,160.0,220.0,5.769641876220703,5.75926399230957,0.010377883911132812
ns_elephant_780,resnet50_geirhos_tl,8,4,160,0,164.0,4.0,5.769641876220703,5.823826313018799,-0.0541844367980957
ns_elephant_780,resnet50_geirhos_tl,8,4,160,4,164.0,8.0,5.769641876220703,5.813060760498047,-0.04341888427734375
ns_elephant_780,resnet50_geirhos_tl,8,4,160,8,164.0,12.0,5.769641876220703,5.781188011169434,-0.011546134948730469
ns_elephant_780,resnet50_geirhos_tl,8,4,160,12,164.0,16.0,5.769641876220703,5.792900085449219,-0.023258209228515625
ns_elephant_780,resnet50_geirhos_tl,8,4,160,16,164.0,20.0,5.769641876220703,5.792117118835449,-0.022475242614746094
ns_elephant_780,resnet50_geirhos_tl,8,4,160,20,164.0,24.0,5.769641876220703,5.783391952514648,-0.013750076293945312
ns_elephant_780,resnet50_geirhos_tl,8,4,160,24,164.0,28.0,5.769641876220703,5.787089824676514,-0.017447948455810547
ns_elephant_780,resnet50_geirhos_tl,8,4,160,28,164.0,32.0,5.769641876220703,5.800099849700928,-0.03045797348022461
ns_elephant_780,resnet50_geirhos_tl,8,4,160,32,164.0,36.0,5.769641876220703,5.809508800506592,-0.03986692428588867
ns_elephant_780,resnet50_geirhos_tl,8,4,160,36,164.0,40.0,5.769641876220703,5.80687141418457,-0.03722953796386719
ns_elephant_780,resnet50_geirhos_tl,8,4,160,40,164.0,44.0,5.769641876220703,5.8250226974487305,-0.055380821228027344
ns_elephant_780,resnet50_geirhos_tl,8,4,160,44,164.0,48.0,5.769641876220703,5.805792331695557,-0.036150455474853516
ns_elephant_780,resnet50_geirhos_tl,8,4,160,48,164.0,52.0,5.769641876220703,5.798712253570557,-0.029070377349853516
ns_elephant_780,resnet50_geirhos_tl,8,4,160,52,164.0,56.0,5.769641876220703,5.755709171295166,0.01393270492553711
ns_elephant_780,resnet50_geirhos_tl,8,4,160,56,164.0,60.0,5.769641876220703,5.75752067565918,0.012121200561523438
ns_elephant_780,resnet50_geirhos_tl,8,4,160,60,164.0,64.0,5.769641876220703,5.743509292602539,0.026132583618164062
ns_elephant_780,resnet50_geirhos_tl,8,4,160,64,164.0,68.0,5.769641876220703,5.746488571166992,0.023153305053710938
ns_elephant_780,resnet50_geirhos_tl,8,4,160,68,164.0,72.0,5.769641876220703,5.764932155609131,0.004709720611572266
ns_elephant_780,resnet50_geirhos_tl,8,4,160,72,164.0,76.0,5.769641876220703,5.749025344848633,0.020616531372070312
ns_elephant_780,resnet50_geirhos_tl,8,4,160,76,164.0,80.0,5.769641876220703,5.71864652633667,0.0509953498840332
ns_elephant_780,resnet50_geirhos_tl,8,4,160,80,164.0,84.0,5.769641876220703,5.72478723526001,0.04485464096069336
ns_elephant_780,resnet50_geirhos_tl,8,4,160,84,164.0,88.0,5.769641876220703,5.7067766189575195,0.0628652572631836
ns_elephant_780,resnet50_geirhos_tl,8,4,160,88,164.0,92.0,5.769641876220703,5.6427435874938965,0.12689828872680664
ns_elephant_780,resnet50_geirhos_tl,8,4,160,92,164.0,96.0,5.769641876220703,5.658409118652344,0.11123275756835938
ns_elephant_780,resnet50_geirhos_tl,8,4,160,96,164.0,100.0,5.769641876220703,5.652705192565918,0.11693668365478516
ns_elephant_780,resnet50_geirhos_tl,8,4,160,100,164.0,104.0,5.769641876220703,5.602467060089111,0.1671748161315918
ns_elephant_780,resnet50_geirhos_tl,8,4,160,104,164.0,108.0,5.769641876220703,5.685211181640625,0.08443069458007812
ns_elephant_780,resnet50_geirhos_tl,8,4,160,108,164.0,112.0,5.769641876220703,5.660423755645752,0.10921812057495117
ns_elephant_780,resnet50_geirhos_tl,8,4,160,112,164.0,116.0,5.769641876220703,5.752191543579102,0.017450332641601562
ns_elephant_780,resnet50_geirhos_tl,8,4,160,116,164.0,120.0,5.769641876220703,5.666504383087158,0.10313749313354492
ns_elephant_780,resnet50_geirhos_tl,8,4,160,120,164.0,124.0,5.769641876220703,5.654914855957031,0.11472702026367188
ns_elephant_780,resnet50_geirhos_tl,8,4,160,124,164.0,128.0,5.769641876220703,5.674476146697998,0.09516572952270508
ns_elephant_780,resnet50_geirhos_tl,8,4,160,128,164.0,132.0,5.769641876220703,5.62777042388916,0.14187145233154297
ns_elephant_780,resnet50_geirhos_tl,8,4,160,132,164.0,136.0,5.769641876220703,5.6865105628967285,0.08313131332397461
ns_elephant_780,resnet50_geirhos_tl,8,4,160,136,164.0,140.0,5.769641876220703,5.685817241668701,0.08382463455200195
ns_elephant_780,resnet50_geirhos_tl,8,4,160,140,164.0,144.0,5.769641876220703,5.7455949783325195,0.024046897888183594
ns_elephant_780,resnet50_geirhos_tl,8,4,160,144,164.0,148.0,5.769641876220703,5.770301818847656,-0.000659942626953125
ns_elephant_780,resnet50_geirhos_tl,8,4,160,148,164.0,152.0,5.769641876220703,5.760025501251221,0.009616374969482422
ns_elephant_780,resnet50_geirhos_tl,8,4,160,152,164.0,156.0,5.769641876220703,5.727848529815674,0.0417933464050293
ns_elephant_780,resnet50_geirhos_tl,8,4,160,156,164.0,160.0,5.769641876220703,5.702486038208008,0.06715583801269531
ns_elephant_780,resnet50_geirhos_tl,8,4,160,160,164.0,164.0,5.769641876220703,5.757879734039307,0.011762142181396484
ns_elephant_780,resnet50_geirhos_tl,8,4,160,164,164.0,168.0,5.769641876220703,5.819437026977539,-0.04979515075683594
ns_elephant_780,resnet50_geirhos_tl,8,4,160,168,164.0,172.0,5.769641876220703,5.799927234649658,-0.030285358428955078
ns_elephant_780,resnet50_geirhos_tl,8,4,160,172,164.0,176.0,5.769641876220703,5.777401924133301,-0.007760047912597656
ns_elephant_780,resnet50_geirhos_tl,8,4,160,176,164.0,180.0,5.769641876220703,5.763702392578125,0.005939483642578125
ns_elephant_780,resnet50_geirhos_tl,8,4,160,180,164.0,184.0,5.769641876220703,5.78127384185791,-0.011631965637207031
ns_elephant_780,resnet50_geirhos_tl,8,4,160,184,164.0,188.0,5.769641876220703,5.80533504486084,-0.03569316864013672
ns_elephant_780,resnet50_geirhos_tl,8,4,160,188,164.0,192.0,5.769641876220703,5.749889850616455,0.019752025604248047
ns_elephant_780,resnet50_geirhos_tl,8,4,160,192,164.0,196.0,5.769641876220703,5.777377128601074,-0.007735252380371094
ns_elephant_780,resnet50_geirhos_tl,8,4,160,196,164.0,200.0,5.769641876220703,5.789072513580322,-0.01943063735961914
ns_elephant_780,resnet50_geirhos_tl,8,4,160,200,164.0,204.0,5.769641876220703,5.7907280921936035,-0.02108621597290039
ns_elephant_780,resnet50_geirhos_tl,8,4,160,204,164.0,208.0,5.769641876220703,5.751556873321533,0.018085002899169922
ns_elephant_780,resnet50_geirhos_tl,8,4,160,208,164.0,212.0,5.769641876220703,5.718131065368652,0.05151081085205078
ns_elephant_780,resnet50_geirhos_tl,8,4,160,212,164.0,216.0,5.769641876220703,5.723342418670654,0.04629945755004883
ns_elephant_780,resnet50_geirhos_tl,8,4,160,216,164.0,220.0,5.769641876220703,5.761056900024414,0.008584976196289062
ns_elephant_780,resnet50_geirhos_tl,8,4,164,0,168.0,4.0,5.769641876220703,5.8224077224731445,-0.052765846252441406
ns_elephant_780,resnet50_geirhos_tl,8,4,164,4,168.0,8.0,5.769641876220703,5.8038530349731445,-0.034211158752441406
ns_elephant_780,resnet50_geirhos_tl,8,4,164,8,168.0,12.0,5.769641876220703,5.7427978515625,0.026844024658203125
ns_elephant_780,resnet50_geirhos_tl,8,4,164,12,168.0,16.0,5.769641876220703,5.7551493644714355,0.014492511749267578
ns_elephant_780,resnet50_geirhos_tl,8,4,164,16,168.0,20.0,5.769641876220703,5.7627034187316895,0.006938457489013672
ns_elephant_780,resnet50_geirhos_tl,8,4,164,20,168.0,24.0,5.769641876220703,5.756981372833252,0.012660503387451172
ns_elephant_780,resnet50_geirhos_tl,8,4,164,24,168.0,28.0,5.769641876220703,5.758055686950684,0.011586189270019531
ns_elephant_780,resnet50_geirhos_tl,8,4,164,28,168.0,32.0,5.769641876220703,5.773722171783447,-0.004080295562744141
ns_elephant_780,resnet50_geirhos_tl,8,4,164,32,168.0,36.0,5.769641876220703,5.779572486877441,-0.009930610656738281
ns_elephant_780,resnet50_geirhos_tl,8,4,164,36,168.0,40.0,5.769641876220703,5.7861785888671875,-0.016536712646484375
ns_elephant_780,resnet50_geirhos_tl,8,4,164,40,168.0,44.0,5.769641876220703,5.79133415222168,-0.021692276000976562
ns_elephant_780,resnet50_geirhos_tl,8,4,164,44,168.0,48.0,5.769641876220703,5.781682968139648,-0.012041091918945312
ns_elephant_780,resnet50_geirhos_tl,8,4,164,48,168.0,52.0,5.769641876220703,5.7656660079956055,0.003975868225097656
ns_elephant_780,resnet50_geirhos_tl,8,4,164,52,168.0,56.0,5.769641876220703,5.7601189613342285,0.00952291488647461
ns_elephant_780,resnet50_geirhos_tl,8,4,164,56,168.0,60.0,5.769641876220703,5.745707035064697,0.02393484115600586
ns_elephant_780,resnet50_geirhos_tl,8,4,164,60,168.0,64.0,5.769641876220703,5.744040012359619,0.025601863861083984
ns_elephant_780,resnet50_geirhos_tl,8,4,164,64,168.0,68.0,5.769641876220703,5.7659406661987305,0.0037012100219726562
ns_elephant_780,resnet50_geirhos_tl,8,4,164,68,168.0,72.0,5.769641876220703,5.75047492980957,0.019166946411132812
ns_elephant_780,resnet50_geirhos_tl,8,4,164,72,168.0,76.0,5.769641876220703,5.710800647735596,0.05884122848510742
ns_elephant_780,resnet50_geirhos_tl,8,4,164,76,168.0,80.0,5.769641876220703,5.672450542449951,0.09719133377075195
ns_elephant_780,resnet50_geirhos_tl,8,4,164,80,168.0,84.0,5.769641876220703,5.683756351470947,0.08588552474975586
ns_elephant_780,resnet50_geirhos_tl,8,4,164,84,168.0,88.0,5.769641876220703,5.660393238067627,0.10924863815307617
ns_elephant_780,resnet50_geirhos_tl,8,4,164,88,168.0,92.0,5.769641876220703,5.6619553565979,0.10768651962280273
ns_elephant_780,resnet50_geirhos_tl,8,4,164,92,168.0,96.0,5.769641876220703,5.6568922996521,0.11274957656860352
ns_elephant_780,resnet50_geirhos_tl,8,4,164,96,168.0,100.0,5.769641876220703,5.691986560821533,0.07765531539916992
ns_elephant_780,resnet50_geirhos_tl,8,4,164,100,168.0,104.0,5.769641876220703,5.641521453857422,0.12812042236328125
ns_elephant_780,resnet50_geirhos_tl,8,4,164,104,168.0,108.0,5.769641876220703,5.720570087432861,0.0490717887878418
ns_elephant_780,resnet50_geirhos_tl,8,4,164,108,168.0,112.0,5.769641876220703,5.673123836517334,0.09651803970336914
ns_elephant_780,resnet50_geirhos_tl,8,4,164,112,168.0,116.0,5.769641876220703,5.701590061187744,0.06805181503295898
ns_elephant_780,resnet50_geirhos_tl,8,4,164,116,168.0,120.0,5.769641876220703,5.666029930114746,0.10361194610595703
ns_elephant_780,resnet50_geirhos_tl,8,4,164,120,168.0,124.0,5.769641876220703,5.681032657623291,0.08860921859741211
ns_elephant_780,resnet50_geirhos_tl,8,4,164,124,168.0,128.0,5.769641876220703,5.6775994300842285,0.09204244613647461
ns_elephant_780,resnet50_geirhos_tl,8,4,164,128,168.0,132.0,5.769641876220703,5.713930130004883,0.05571174621582031
ns_elephant_780,resnet50_geirhos_tl,8,4,164,132,168.0,136.0,5.769641876220703,5.725722312927246,0.04391956329345703
ns_elephant_780,resnet50_geirhos_tl,8,4,164,136,168.0,140.0,5.769641876220703,5.720213413238525,0.049428462982177734
ns_elephant_780,resnet50_geirhos_tl,8,4,164,140,168.0,144.0,5.769641876220703,5.719192028045654,0.05044984817504883
ns_elephant_780,resnet50_geirhos_tl,8,4,164,144,168.0,148.0,5.769641876220703,5.738921165466309,0.03072071075439453
ns_elephant_780,resnet50_geirhos_tl,8,4,164,148,168.0,152.0,5.769641876220703,5.740398406982422,0.02924346923828125
ns_elephant_780,resnet50_geirhos_tl,8,4,164,152,168.0,156.0,5.769641876220703,5.709656238555908,0.05998563766479492
ns_elephant_780,resnet50_geirhos_tl,8,4,164,156,168.0,160.0,5.769641876220703,5.69088077545166,0.07876110076904297
ns_elephant_780,resnet50_geirhos_tl,8,4,164,160,168.0,164.0,5.769641876220703,5.744678497314453,0.02496337890625
ns_elephant_780,resnet50_geirhos_tl,8,4,164,164,168.0,168.0,5.769641876220703,5.735544681549072,0.03409719467163086
ns_elephant_780,resnet50_geirhos_tl,8,4,164,168,168.0,172.0,5.769641876220703,5.737040996551514,0.03260087966918945
ns_elephant_780,resnet50_geirhos_tl,8,4,164,172,168.0,176.0,5.769641876220703,5.701902389526367,0.06773948669433594
ns_elephant_780,resnet50_geirhos_tl,8,4,164,176,168.0,180.0,5.769641876220703,5.726285934448242,0.04335594177246094
ns_elephant_780,resnet50_geirhos_tl,8,4,164,180,168.0,184.0,5.769641876220703,5.764549732208252,0.005092144012451172
ns_elephant_780,resnet50_geirhos_tl,8,4,164,184,168.0,188.0,5.769641876220703,5.774125099182129,-0.004483222961425781
ns_elephant_780,resnet50_geirhos_tl,8,4,164,188,168.0,192.0,5.769641876220703,5.775671482086182,-0.006029605865478516
ns_elephant_780,resnet50_geirhos_tl,8,4,164,192,168.0,196.0,5.769641876220703,5.796903133392334,-0.02726125717163086
ns_elephant_780,resnet50_geirhos_tl,8,4,164,196,168.0,200.0,5.769641876220703,5.768517971038818,0.0011239051818847656
ns_elephant_780,resnet50_geirhos_tl,8,4,164,200,168.0,204.0,5.769641876220703,5.732769966125488,0.036871910095214844
ns_elephant_780,resnet50_geirhos_tl,8,4,164,204,168.0,208.0,5.769641876220703,5.748784065246582,0.020857810974121094
ns_elephant_780,resnet50_geirhos_tl,8,4,164,208,168.0,212.0,5.769641876220703,5.724655628204346,0.04498624801635742
ns_elephant_780,resnet50_geirhos_tl,8,4,164,212,168.0,216.0,5.769641876220703,5.735553741455078,0.034088134765625
ns_elephant_780,resnet50_geirhos_tl,8,4,164,216,168.0,220.0,5.769641876220703,5.759252071380615,0.01038980484008789
ns_elephant_780,resnet50_geirhos_tl,8,4,168,0,172.0,4.0,5.769641876220703,5.786049842834473,-0.01640796661376953
ns_elephant_780,resnet50_geirhos_tl,8,4,168,4,172.0,8.0,5.769641876220703,5.76888370513916,0.0007581710815429688
ns_elephant_780,resnet50_geirhos_tl,8,4,168,8,172.0,12.0,5.769641876220703,5.738563060760498,0.031078815460205078
ns_elephant_780,resnet50_geirhos_tl,8,4,168,12,172.0,16.0,5.769641876220703,5.77312707901001,-0.0034852027893066406
ns_elephant_780,resnet50_geirhos_tl,8,4,168,16,172.0,20.0,5.769641876220703,5.746963024139404,0.022678852081298828
ns_elephant_780,resnet50_geirhos_tl,8,4,168,20,172.0,24.0,5.769641876220703,5.751243591308594,0.018398284912109375
ns_elephant_780,resnet50_geirhos_tl,8,4,168,24,172.0,28.0,5.769641876220703,5.773009300231934,-0.0033674240112304688
ns_elephant_780,resnet50_geirhos_tl,8,4,168,28,172.0,32.0,5.769641876220703,5.794524669647217,-0.024882793426513672
ns_elephant_780,resnet50_geirhos_tl,8,4,168,32,172.0,36.0,5.769641876220703,5.810126304626465,-0.04048442840576172
ns_elephant_780,resnet50_geirhos_tl,8,4,168,36,172.0,40.0,5.769641876220703,5.801777362823486,-0.0321354866027832
ns_elephant_780,resnet50_geirhos_tl,8,4,168,40,172.0,44.0,5.769641876220703,5.797276496887207,-0.027634620666503906
ns_elephant_780,resnet50_geirhos_tl,8,4,168,44,172.0,48.0,5.769641876220703,5.808880805969238,-0.039238929748535156
ns_elephant_780,resnet50_geirhos_tl,8,4,168,48,172.0,52.0,5.769641876220703,5.777521133422852,-0.007879257202148438
ns_elephant_780,resnet50_geirhos_tl,8,4,168,52,172.0,56.0,5.769641876220703,5.71465539932251,0.05498647689819336
ns_elephant_780,resnet50_geirhos_tl,8,4,168,56,172.0,60.0,5.769641876220703,5.720953464508057,0.048688411712646484
ns_elephant_780,resnet50_geirhos_tl,8,4,168,60,172.0,64.0,5.769641876220703,5.713654518127441,0.05598735809326172
ns_elephant_780,resnet50_geirhos_tl,8,4,168,64,172.0,68.0,5.769641876220703,5.711837291717529,0.05780458450317383
ns_elephant_780,resnet50_geirhos_tl,8,4,168,68,172.0,72.0,5.769641876220703,5.69080114364624,0.07884073257446289
ns_elephant_780,resnet50_geirhos_tl,8,4,168,72,172.0,76.0,5.769641876220703,5.706887245178223,0.06275463104248047
ns_elephant_780,resnet50_geirhos_tl,8,4,168,76,172.0,80.0,5.769641876220703,5.71343994140625,0.056201934814453125
ns_elephant_780,resnet50_geirhos_tl,8,4,168,80,172.0,84.0,5.769641876220703,5.692442893981934,0.07719898223876953
ns_elephant_780,resnet50_geirhos_tl,8,4,168,84,172.0,88.0,5.769641876220703,5.679610252380371,0.09003162384033203
ns_elephant_780,resnet50_geirhos_tl,8,4,168,88,172.0,92.0,5.769641876220703,5.6537065505981445,0.1159353256225586
ns_elephant_780,resnet50_geirhos_tl,8,4,168,92,172.0,96.0,5.769641876220703,5.7354936599731445,0.034148216247558594
ns_elephant_780,resnet50_geirhos_tl,8,4,168,96,172.0,100.0,5.769641876220703,5.726685047149658,0.04295682907104492
ns_elephant_780,resnet50_geirhos_tl,8,4,168,100,172.0,104.0,5.769641876220703,5.677175998687744,0.09246587753295898
ns_elephant_780,resnet50_geirhos_tl,8,4,168,104,172.0,108.0,5.769641876220703,5.663549900054932,0.10609197616577148
ns_elephant_780,resnet50_geirhos_tl,8,4,168,108,172.0,112.0,5.769641876220703,5.709507465362549,0.0601344108581543
ns_elephant_780,resnet50_geirhos_tl,8,4,168,112,172.0,116.0,5.769641876220703,5.693056583404541,0.07658529281616211
ns_elephant_780,resnet50_geirhos_tl,8,4,168,116,172.0,120.0,5.769641876220703,5.679265975952148,0.09037590026855469
ns_elephant_780,resnet50_geirhos_tl,8,4,168,120,172.0,124.0,5.769641876220703,5.661210536956787,0.10843133926391602
ns_elephant_780,resnet50_geirhos_tl,8,4,168,124,172.0,128.0,5.769641876220703,5.742483139038086,0.027158737182617188
ns_elephant_780,resnet50_geirhos_tl,8,4,168,128,172.0,132.0,5.769641876220703,5.730810165405273,0.03883171081542969
ns_elephant_780,resnet50_geirhos_tl,8,4,168,132,172.0,136.0,5.769641876220703,5.704260349273682,0.06538152694702148
ns_elephant_780,resnet50_geirhos_tl,8,4,168,136,172.0,140.0,5.769641876220703,5.668799877166748,0.10084199905395508
ns_elephant_780,resnet50_geirhos_tl,8,4,168,140,172.0,144.0,5.769641876220703,5.702836036682129,0.06680583953857422
ns_elephant_780,resnet50_geirhos_tl,8,4,168,144,172.0,148.0,5.769641876220703,5.6833648681640625,0.08627700805664062
ns_elephant_780,resnet50_geirhos_tl,8,4,168,148,172.0,152.0,5.769641876220703,5.6857008934021,0.08394098281860352
ns_elephant_780,resnet50_geirhos_tl,8,4,168,152,172.0,156.0,5.769641876220703,5.687307357788086,0.08233451843261719
ns_elephant_780,resnet50_geirhos_tl,8,4,168,156,172.0,160.0,5.769641876220703,5.674273490905762,0.0953683853149414
ns_elephant_780,resnet50_geirhos_tl,8,4,168,160,172.0,164.0,5.769641876220703,5.705978870391846,0.06366300582885742
ns_elephant_780,resnet50_geirhos_tl,8,4,168,164,172.0,168.0,5.769641876220703,5.718667507171631,0.050974369049072266
ns_elephant_780,resnet50_geirhos_tl,8,4,168,168,172.0,172.0,5.769641876220703,5.705182075500488,0.06445980072021484
ns_elephant_780,resnet50_geirhos_tl,8,4,168,172,172.0,176.0,5.769641876220703,5.731771945953369,0.037869930267333984
ns_elephant_780,resnet50_geirhos_tl,8,4,168,176,172.0,180.0,5.769641876220703,5.764893054962158,0.004748821258544922
ns_elephant_780,resnet50_geirhos_tl,8,4,168,180,172.0,184.0,5.769641876220703,5.765048503875732,0.004593372344970703
ns_elephant_780,resnet50_geirhos_tl,8,4,168,184,172.0,188.0,5.769641876220703,5.800957679748535,-0.03131580352783203
ns_elephant_780,resnet50_geirhos_tl,8,4,168,188,172.0,192.0,5.769641876220703,5.810609817504883,-0.04096794128417969
ns_elephant_780,resnet50_geirhos_tl,8,4,168,192,172.0,196.0,5.769641876220703,5.80402946472168,-0.03438758850097656
ns_elephant_780,resnet50_geirhos_tl,8,4,168,196,172.0,200.0,5.769641876220703,5.777935981750488,-0.008294105529785156
ns_elephant_780,resnet50_geirhos_tl,8,4,168,200,172.0,204.0,5.769641876220703,5.733438491821289,0.03620338439941406
ns_elephant_780,resnet50_geirhos_tl,8,4,168,204,172.0,208.0,5.769641876220703,5.771744251251221,-0.002102375030517578
ns_elephant_780,resnet50_geirhos_tl,8,4,168,208,172.0,212.0,5.769641876220703,5.74870491027832,0.020936965942382812
ns_elephant_780,resnet50_geirhos_tl,8,4,168,212,172.0,216.0,5.769641876220703,5.751027584075928,0.01861429214477539
ns_elephant_780,resnet50_geirhos_tl,8,4,168,216,172.0,220.0,5.769641876220703,5.759073734283447,0.01056814193725586
ns_elephant_780,resnet50_geirhos_tl,8,4,172,0,176.0,4.0,5.769641876220703,5.773126602172852,-0.0034847259521484375
ns_elephant_780,resnet50_geirhos_tl,8,4,172,4,176.0,8.0,5.769641876220703,5.761752128601074,0.007889747619628906
ns_elephant_780,resnet50_geirhos_tl,8,4,172,8,176.0,12.0,5.769641876220703,5.737252712249756,0.032389163970947266
ns_elephant_780,resnet50_geirhos_tl,8,4,172,12,176.0,16.0,5.769641876220703,5.754909515380859,0.01473236083984375
ns_elephant_780,resnet50_geirhos_tl,8,4,172,16,176.0,20.0,5.769641876220703,5.7611236572265625,0.008518218994140625
ns_elephant_780,resnet50_geirhos_tl,8,4,172,20,176.0,24.0,5.769641876220703,5.740914821624756,0.028727054595947266
ns_elephant_780,resnet50_geirhos_tl,8,4,172,24,176.0,28.0,5.769641876220703,5.74587345123291,0.02376842498779297
ns_elephant_780,resnet50_geirhos_tl,8,4,172,28,176.0,32.0,5.769641876220703,5.761793613433838,0.007848262786865234
ns_elephant_780,resnet50_geirhos_tl,8,4,172,32,176.0,36.0,5.769641876220703,5.791013717651367,-0.021371841430664062
ns_elephant_780,resnet50_geirhos_tl,8,4,172,36,176.0,40.0,5.769641876220703,5.80173397064209,-0.03209209442138672
ns_elephant_780,resnet50_geirhos_tl,8,4,172,40,176.0,44.0,5.769641876220703,5.789613723754883,-0.019971847534179688
ns_elephant_780,resnet50_geirhos_tl,8,4,172,44,176.0,48.0,5.769641876220703,5.810209274291992,-0.04056739807128906
ns_elephant_780,resnet50_geirhos_tl,8,4,172,48,176.0,52.0,5.769641876220703,5.787538051605225,-0.017896175384521484
ns_elephant_780,resnet50_geirhos_tl,8,4,172,52,176.0,56.0,5.769641876220703,5.764348983764648,0.0052928924560546875
ns_elephant_780,resnet50_geirhos_tl,8,4,172,56,176.0,60.0,5.769641876220703,5.756191730499268,0.013450145721435547
ns_elephant_780,resnet50_geirhos_tl,8,4,172,60,176.0,64.0,5.769641876220703,5.733121395111084,0.03652048110961914
ns_elephant_780,resnet50_geirhos_tl,8,4,172,64,176.0,68.0,5.769641876220703,5.763686180114746,0.005955696105957031
ns_elephant_780,resnet50_geirhos_tl,8,4,172,68,176.0,72.0,5.769641876220703,5.73104190826416,0.03859996795654297
ns_elephant_780,resnet50_geirhos_tl,8,4,172,72,176.0,76.0,5.769641876220703,5.726339340209961,0.04330253601074219
ns_elephant_780,resnet50_geirhos_tl,8,4,172,76,176.0,80.0,5.769641876220703,5.703300952911377,0.06634092330932617
ns_elephant_780,resnet50_geirhos_tl,8,4,172,80,176.0,84.0,5.769641876220703,5.740200042724609,0.02944183349609375
ns_elephant_780,resnet50_geirhos_tl,8,4,172,84,176.0,88.0,5.769641876220703,5.696732044219971,0.07290983200073242
ns_elephant_780,resnet50_geirhos_tl,8,4,172,88,176.0,92.0,5.769641876220703,5.731439590454102,0.03820228576660156
ns_elephant_780,resnet50_geirhos_tl,8,4,172,92,176.0,96.0,5.769641876220703,5.722063064575195,0.04757881164550781
ns_elephant_780,resnet50_geirhos_tl,8,4,172,96,176.0,100.0,5.769641876220703,5.738108158111572,0.03153371810913086
ns_elephant_780,resnet50_geirhos_tl,8,4,172,100,176.0,104.0,5.769641876220703,5.690834045410156,0.07880783081054688
ns_elephant_780,resnet50_geirhos_tl,8,4,172,104,176.0,108.0,5.769641876220703,5.717103481292725,0.052538394927978516
ns_elephant_780,resnet50_geirhos_tl,8,4,172,108,176.0,112.0,5.769641876220703,5.725292205810547,0.04434967041015625
ns_elephant_780,resnet50_geirhos_tl,8,4,172,112,176.0,116.0,5.769641876220703,5.757063388824463,0.012578487396240234
ns_elephant_780,resnet50_geirhos_tl,8,4,172,116,176.0,120.0,5.769641876220703,5.743551731109619,0.026090145111083984
ns_elephant_780,resnet50_geirhos_tl,8,4,172,120,176.0,124.0,5.769641876220703,5.737441062927246,0.03220081329345703
ns_elephant_780,resnet50_geirhos_tl,8,4,172,124,176.0,128.0,5.769641876220703,5.7486653327941895,0.020976543426513672
ns_elephant_780,resnet50_geirhos_tl,8,4,172,128,176.0,132.0,5.769641876220703,5.750927925109863,0.018713951110839844
ns_elephant_780,resnet50_geirhos_tl,8,4,172,132,176.0,136.0,5.769641876220703,5.734014987945557,0.035626888275146484
ns_elephant_780,resnet50_geirhos_tl,8,4,172,136,176.0,140.0,5.769641876220703,5.72149133682251,0.04815053939819336
ns_elephant_780,resnet50_geirhos_tl,8,4,172,140,176.0,144.0,5.769641876220703,5.741671562194824,0.027970314025878906
ns_elephant_780,resnet50_geirhos_tl,8,4,172,144,176.0,148.0,5.769641876220703,5.715177059173584,0.05446481704711914
ns_elephant_780,resnet50_geirhos_tl,8,4,172,148,176.0,152.0,5.769641876220703,5.705477714538574,0.0641641616821289
ns_elephant_780,resnet50_geirhos_tl,8,4,172,152,176.0,156.0,5.769641876220703,5.693917751312256,0.07572412490844727
ns_elephant_780,resnet50_geirhos_tl,8,4,172,156,176.0,160.0,5.769641876220703,5.6899895668029785,0.07965230941772461
ns_elephant_780,resnet50_geirhos_tl,8,4,172,160,176.0,164.0,5.769641876220703,5.724311828613281,0.045330047607421875
ns_elephant_780,resnet50_geirhos_tl,8,4,172,164,176.0,168.0,5.769641876220703,5.7090559005737305,0.060585975646972656
ns_elephant_780,resnet50_geirhos_tl,8,4,172,168,176.0,172.0,5.769641876220703,5.738253593444824,0.031388282775878906
ns_elephant_780,resnet50_geirhos_tl,8,4,172,172,176.0,176.0,5.769641876220703,5.726806163787842,0.04283571243286133
ns_elephant_780,resnet50_geirhos_tl,8,4,172,176,176.0,180.0,5.769641876220703,5.773541450500488,-0.0038995742797851562
ns_elephant_780,resnet50_geirhos_tl,8,4,172,180,176.0,184.0,5.769641876220703,5.746787071228027,0.02285480499267578
ns_elephant_780,resnet50_geirhos_tl,8,4,172,184,176.0,188.0,5.769641876220703,5.775841236114502,-0.006199359893798828
ns_elephant_780,resnet50_geirhos_tl,8,4,172,188,176.0,192.0,5.769641876220703,5.79633092880249,-0.02668905258178711
ns_elephant_780,resnet50_geirhos_tl,8,4,172,192,176.0,196.0,5.769641876220703,5.815025329589844,-0.045383453369140625
ns_elephant_780,resnet50_geirhos_tl,8,4,172,196,176.0,200.0,5.769641876220703,5.787818908691406,-0.018177032470703125
ns_elephant_780,resnet50_geirhos_tl,8,4,172,200,176.0,204.0,5.769641876220703,5.762302398681641,0.0073394775390625
ns_elephant_780,resnet50_geirhos_tl,8,4,172,204,176.0,208.0,5.769641876220703,5.777278423309326,-0.007636547088623047
ns_elephant_780,resnet50_geirhos_tl,8,4,172,208,176.0,212.0,5.769641876220703,5.771451950073242,-0.0018100738525390625
ns_elephant_780,resnet50_geirhos_tl,8,4,172,212,176.0,216.0,5.769641876220703,5.7735419273376465,-0.0039000511169433594
ns_elephant_780,resnet50_geirhos_tl,8,4,172,216,176.0,220.0,5.769641876220703,5.769213676452637,0.00042819976806640625
ns_elephant_780,resnet50_geirhos_tl,8,4,176,0,180.0,4.0,5.769641876220703,5.759978294372559,0.009663581848144531
ns_elephant_780,resnet50_geirhos_tl,8,4,176,4,180.0,8.0,5.769641876220703,5.733067512512207,0.036574363708496094
ns_elephant_780,resnet50_geirhos_tl,8,4,176,8,180.0,12.0,5.769641876220703,5.711281776428223,0.05836009979248047
ns_elephant_780,resnet50_geirhos_tl,8,4,176,12,180.0,16.0,5.769641876220703,5.745083808898926,0.024558067321777344
ns_elephant_780,resnet50_geirhos_tl,8,4,176,16,180.0,20.0,5.769641876220703,5.744680881500244,0.024960994720458984
ns_elephant_780,resnet50_geirhos_tl,8,4,176,20,180.0,24.0,5.769641876220703,5.713984489440918,0.055657386779785156
ns_elephant_780,resnet50_geirhos_tl,8,4,176,24,180.0,28.0,5.769641876220703,5.724664688110352,0.04497718811035156
ns_elephant_780,resnet50_geirhos_tl,8,4,176,28,180.0,32.0,5.769641876220703,5.738615989685059,0.03102588653564453
ns_elephant_780,resnet50_geirhos_tl,8,4,176,32,180.0,36.0,5.769641876220703,5.770313262939453,-0.00067138671875
ns_elephant_780,resnet50_geirhos_tl,8,4,176,36,180.0,40.0,5.769641876220703,5.769299030303955,0.0003428459167480469
ns_elephant_780,resnet50_geirhos_tl,8,4,176,40,180.0,44.0,5.769641876220703,5.785454273223877,-0.015812397003173828
ns_elephant_780,resnet50_geirhos_tl,8,4,176,44,180.0,48.0,5.769641876220703,5.810251712799072,-0.04060983657836914
ns_elephant_780,resnet50_geirhos_tl,8,4,176,48,180.0,52.0,5.769641876220703,5.793328285217285,-0.02368640899658203
ns_elephant_780,resnet50_geirhos_tl,8,4,176,52,180.0,56.0,5.769641876220703,5.762112617492676,0.007529258728027344
ns_elephant_780,resnet50_geirhos_tl,8,4,176,56,180.0,60.0,5.769641876220703,5.743185520172119,0.026456356048583984
ns_elephant_780,resnet50_geirhos_tl,8,4,176,60,180.0,64.0,5.769641876220703,5.717114448547363,0.052527427673339844
ns_elephant_780,resnet50_geirhos_tl,8,4,176,64,180.0,68.0,5.769641876220703,5.726438522338867,0.04320335388183594
ns_elephant_780,resnet50_geirhos_tl,8,4,176,68,180.0,72.0,5.769641876220703,5.720666408538818,0.048975467681884766
ns_elephant_780,resnet50_geirhos_tl,8,4,176,72,180.0,76.0,5.769641876220703,5.709709644317627,0.05993223190307617
ns_elephant_780,resnet50_geirhos_tl,8,4,176,76,180.0,80.0,5.769641876220703,5.724084377288818,0.045557498931884766
ns_elephant_780,resnet50_geirhos_tl,8,4,176,80,180.0,84.0,5.769641876220703,5.729010581970215,0.04063129425048828
ns_elephant_780,resnet50_geirhos_tl,8,4,176,84,180.0,88.0,5.769641876220703,5.746830940246582,0.022810935974121094
ns_elephant_780,resnet50_geirhos_tl,8,4,176,88,180.0,92.0,5.769641876220703,5.732594966888428,0.03704690933227539
ns_elephant_780,resnet50_geirhos_tl,8,4,176,92,180.0,96.0,5.769641876220703,5.730190277099609,0.03945159912109375
ns_elephant_780,resnet50_geirhos_tl,8,4,176,96,180.0,100.0,5.769641876220703,5.72528076171875,0.044361114501953125
ns_elephant_780,resnet50_geirhos_tl,8,4,176,100,180.0,104.0,5.769641876220703,5.704360485076904,0.06528139114379883
ns_elephant_780,resnet50_geirhos_tl,8,4,176,104,180.0,108.0,5.769641876220703,5.6737380027771,0.09590387344360352
ns_elephant_780,resnet50_geirhos_tl,8,4,176,108,180.0,112.0,5.769641876220703,5.704324722290039,0.06531715393066406
ns_elephant_780,resnet50_geirhos_tl,8,4,176,112,180.0,116.0,5.769641876220703,5.692906379699707,0.0767354965209961
ns_elephant_780,resnet50_geirhos_tl,8,4,176,116,180.0,120.0,5.769641876220703,5.68812370300293,0.08151817321777344
ns_elephant_780,resnet50_geirhos_tl,8,4,176,120,180.0,124.0,5.769641876220703,5.681124687194824,0.0885171890258789
ns_elephant_780,resnet50_geirhos_tl,8,4,176,124,180.0,128.0,5.769641876220703,5.706874847412109,0.06276702880859375
ns_elephant_780,resnet50_geirhos_tl,8,4,176,128,180.0,132.0,5.769641876220703,5.7148847579956055,0.054757118225097656
ns_elephant_780,resnet50_geirhos_tl,8,4,176,132,180.0,136.0,5.769641876220703,5.733786582946777,0.03585529327392578
ns_elephant_780,resnet50_geirhos_tl,8,4,176,136,180.0,140.0,5.769641876220703,5.711553573608398,0.05808830261230469
ns_elephant_780,resnet50_geirhos_tl,8,4,176,140,180.0,144.0,5.769641876220703,5.7089924812316895,0.06064939498901367
ns_elephant_780,resnet50_geirhos_tl,8,4,176,144,180.0,148.0,5.769641876220703,5.676400184631348,0.09324169158935547
ns_elephant_780,resnet50_geirhos_tl,8,4,176,148,180.0,152.0,5.769641876220703,5.667252063751221,0.10238981246948242
ns_elephant_780,resnet50_geirhos_tl,8,4,176,152,180.0,156.0,5.769641876220703,5.663575172424316,0.10606670379638672
ns_elephant_780,resnet50_geirhos_tl,8,4,176,156,180.0,160.0,5.769641876220703,5.675565719604492,0.09407615661621094
ns_elephant_780,resnet50_geirhos_tl,8,4,176,160,180.0,164.0,5.769641876220703,5.684565544128418,0.08507633209228516
ns_elephant_780,resnet50_geirhos_tl,8,4,176,164,180.0,168.0,5.769641876220703,5.701562881469727,0.06807899475097656
ns_elephant_780,resnet50_geirhos_tl,8,4,176,168,180.0,172.0,5.769641876220703,5.710110664367676,0.059531211853027344
ns_elephant_780,resnet50_geirhos_tl,8,4,176,172,180.0,176.0,5.769641876220703,5.716816425323486,0.0528254508972168
ns_elephant_780,resnet50_geirhos_tl,8,4,176,176,180.0,180.0,5.769641876220703,5.720653533935547,0.04898834228515625
ns_elephant_780,resnet50_geirhos_tl,8,4,176,180,180.0,184.0,5.769641876220703,5.689291954040527,0.08034992218017578
ns_elephant_780,resnet50_geirhos_tl,8,4,176,184,180.0,188.0,5.769641876220703,5.695531845092773,0.07411003112792969
ns_elephant_780,resnet50_geirhos_tl,8,4,176,188,180.0,192.0,5.769641876220703,5.705278396606445,0.06436347961425781
ns_elephant_780,resnet50_geirhos_tl,8,4,176,192,180.0,196.0,5.769641876220703,5.744473457336426,0.025168418884277344
ns_elephant_780,resnet50_geirhos_tl,8,4,176,196,180.0,200.0,5.769641876220703,5.7455830574035645,0.024058818817138672
ns_elephant_780,resnet50_geirhos_tl,8,4,176,200,180.0,204.0,5.769641876220703,5.747899532318115,0.02174234390258789
ns_elephant_780,resnet50_geirhos_tl,8,4,176,204,180.0,208.0,5.769641876220703,5.756820201873779,0.012821674346923828
ns_elephant_780,resnet50_geirhos_tl,8,4,176,208,180.0,212.0,5.769641876220703,5.765373706817627,0.004268169403076172
ns_elephant_780,resnet50_geirhos_tl,8,4,176,212,180.0,216.0,5.769641876220703,5.767484664916992,0.0021572113037109375
ns_elephant_780,resnet50_geirhos_tl,8,4,176,216,180.0,220.0,5.769641876220703,5.76680850982666,0.0028333663940429688
ns_elephant_780,resnet50_geirhos_tl,8,4,180,0,184.0,4.0,5.769641876220703,5.776125431060791,-0.006483554840087891
ns_elephant_780,resnet50_geirhos_tl,8,4,180,4,184.0,8.0,5.769641876220703,5.746622562408447,0.02301931381225586
ns_elephant_780,resnet50_geirhos_tl,8,4,180,8,184.0,12.0,5.769641876220703,5.70065975189209,0.06898212432861328
ns_elephant_780,resnet50_geirhos_tl,8,4,180,12,184.0,16.0,5.769641876220703,5.706725597381592,0.06291627883911133
ns_elephant_780,resnet50_geirhos_tl,8,4,180,16,184.0,20.0,5.769641876220703,5.702998638153076,0.06664323806762695
ns_elephant_780,resnet50_geirhos_tl,8,4,180,20,184.0,24.0,5.769641876220703,5.665274143218994,0.10436773300170898
ns_elephant_780,resnet50_geirhos_tl,8,4,180,24,184.0,28.0,5.769641876220703,5.682819843292236,0.0868220329284668
ns_elephant_780,resnet50_geirhos_tl,8,4,180,28,184.0,32.0,5.769641876220703,5.707194805145264,0.06244707107543945
ns_elephant_780,resnet50_geirhos_tl,8,4,180,32,184.0,36.0,5.769641876220703,5.726926803588867,0.04271507263183594
ns_elephant_780,resnet50_geirhos_tl,8,4,180,36,184.0,40.0,5.769641876220703,5.752603054046631,0.017038822174072266
ns_elephant_780,resnet50_geirhos_tl,8,4,180,40,184.0,44.0,5.769641876220703,5.779494762420654,-0.009852886199951172
ns_elephant_780,resnet50_geirhos_tl,8,4,180,44,184.0,48.0,5.769641876220703,5.778873920440674,-0.009232044219970703
ns_elephant_780,resnet50_geirhos_tl,8,4,180,48,184.0,52.0,5.769641876220703,5.773213863372803,-0.0035719871520996094
ns_elephant_780,resnet50_geirhos_tl,8,4,180,52,184.0,56.0,5.769641876220703,5.760785102844238,0.008856773376464844
ns_elephant_780,resnet50_geirhos_tl,8,4,180,56,184.0,60.0,5.769641876220703,5.723221302032471,0.04642057418823242
ns_elephant_780,resnet50_geirhos_tl,8,4,180,60,184.0,64.0,5.769641876220703,5.720162868499756,0.049479007720947266
ns_elephant_780,resnet50_geirhos_tl,8,4,180,64,184.0,68.0,5.769641876220703,5.7211456298828125,0.048496246337890625
ns_elephant_780,resnet50_geirhos_tl,8,4,180,68,184.0,72.0,5.769641876220703,5.719232559204102,0.05040931701660156
ns_elephant_780,resnet50_geirhos_tl,8,4,180,72,184.0,76.0,5.769641876220703,5.718918800354004,0.05072307586669922
ns_elephant_780,resnet50_geirhos_tl,8,4,180,76,184.0,80.0,5.769641876220703,5.700899124145508,0.06874275207519531
ns_elephant_780,resnet50_geirhos_tl,8,4,180,80,184.0,84.0,5.769641876220703,5.7186431884765625,0.050998687744140625
ns_elephant_780,resnet50_geirhos_tl,8,4,180,84,184.0,88.0,5.769641876220703,5.718920707702637,0.050721168518066406
ns_elephant_780,resnet50_geirhos_tl,8,4,180,88,184.0,92.0,5.769641876220703,5.738427639007568,0.031214237213134766
ns_elephant_780,resnet50_geirhos_tl,8,4,180,92,184.0,96.0,5.769641876220703,5.6862993240356445,0.0833425521850586
ns_elephant_780,resnet50_geirhos_tl,8,4,180,96,184.0,100.0,5.769641876220703,5.686647415161133,0.08299446105957031
ns_elephant_780,resnet50_geirhos_tl,8,4,180,100,184.0,104.0,5.769641876220703,5.662838935852051,0.10680294036865234
ns_elephant_780,resnet50_geirhos_tl,8,4,180,104,184.0,108.0,5.769641876220703,5.649245262145996,0.12039661407470703
ns_elephant_780,resnet50_geirhos_tl,8,4,180,108,184.0,112.0,5.769641876220703,5.637832164764404,0.13180971145629883
ns_elephant_780,resnet50_geirhos_tl,8,4,180,112,184.0,116.0,5.769641876220703,5.631728172302246,0.13791370391845703
ns_elephant_780,resnet50_geirhos_tl,8,4,180,116,184.0,120.0,5.769641876220703,5.650733470916748,0.11890840530395508
ns_elephant_780,resnet50_geirhos_tl,8,4,180,120,184.0,124.0,5.769641876220703,5.643306255340576,0.12633562088012695
ns_elephant_780,resnet50_geirhos_tl,8,4,180,124,184.0,128.0,5.769641876220703,5.654674530029297,0.11496734619140625
ns_elephant_780,resnet50_geirhos_tl,8,4,180,128,184.0,132.0,5.769641876220703,5.662740707397461,0.10690116882324219
ns_elephant_780,resnet50_geirhos_tl,8,4,180,132,184.0,136.0,5.769641876220703,5.691328048706055,0.07831382751464844
ns_elephant_780,resnet50_geirhos_tl,8,4,180,136,184.0,140.0,5.769641876220703,5.676417350769043,0.09322452545166016
ns_elephant_780,resnet50_geirhos_tl,8,4,180,140,184.0,144.0,5.769641876220703,5.651452541351318,0.11818933486938477
ns_elephant_780,resnet50_geirhos_tl,8,4,180,144,184.0,148.0,5.769641876220703,5.639956951141357,0.1296849250793457
ns_elephant_780,resnet50_geirhos_tl,8,4,180,148,184.0,152.0,5.769641876220703,5.648136138916016,0.1215057373046875
ns_elephant_780,resnet50_geirhos_tl,8,4,180,152,184.0,156.0,5.769641876220703,5.6374030113220215,0.13223886489868164
ns_elephant_780,resnet50_geirhos_tl,8,4,180,156,184.0,160.0,5.769641876220703,5.641424655914307,0.12821722030639648
ns_elephant_780,resnet50_geirhos_tl,8,4,180,160,184.0,164.0,5.769641876220703,5.666950702667236,0.1026911735534668
ns_elephant_780,resnet50_geirhos_tl,8,4,180,164,184.0,168.0,5.769641876220703,5.693479537963867,0.07616233825683594
ns_elephant_780,resnet50_geirhos_tl,8,4,180,168,184.0,172.0,5.769641876220703,5.7039289474487305,0.06571292877197266
ns_elephant_780,resnet50_geirhos_tl,8,4,180,172,184.0,176.0,5.769641876220703,5.699610233306885,0.07003164291381836
ns_elephant_780,resnet50_geirhos_tl,8,4,180,176,184.0,180.0,5.769641876220703,5.707273006439209,0.06236886978149414
ns_elephant_780,resnet50_geirhos_tl,8,4,180,180,184.0,184.0,5.769641876220703,5.698601722717285,0.07104015350341797
ns_elephant_780,resnet50_geirhos_tl,8,4,180,184,184.0,188.0,5.769641876220703,5.701976776123047,0.06766510009765625
ns_elephant_780,resnet50_geirhos_tl,8,4,180,188,184.0,192.0,5.769641876220703,5.699249267578125,0.07039260864257812
ns_elephant_780,resnet50_geirhos_tl,8,4,180,192,184.0,196.0,5.769641876220703,5.732490062713623,0.03715181350708008
ns_elephant_780,resnet50_geirhos_tl,8,4,180,196,184.0,200.0,5.769641876220703,5.7421722412109375,0.027469635009765625
ns_elephant_780,resnet50_geirhos_tl,8,4,180,200,184.0,204.0,5.769641876220703,5.739503383636475,0.030138492584228516
ns_elephant_780,resnet50_geirhos_tl,8,4,180,204,184.0,208.0,5.769641876220703,5.7553229331970215,0.01431894302368164
ns_elephant_780,resnet50_geirhos_tl,8,4,180,208,184.0,212.0,5.769641876220703,5.751214504241943,0.018427371978759766
ns_elephant_780,resnet50_geirhos_tl,8,4,180,212,184.0,216.0,5.769641876220703,5.760519027709961,0.009122848510742188
ns_elephant_780,resnet50_geirhos_tl,8,4,180,216,184.0,220.0,5.769641876220703,5.769606113433838,3.5762786865234375e-05
ns_elephant_780,resnet50_geirhos_tl,8,4,184,0,188.0,4.0,5.769641876220703,5.768217086791992,0.0014247894287109375
ns_elephant_780,resnet50_geirhos_tl,8,4,184,4,188.0,8.0,5.769641876220703,5.750771522521973,0.01887035369873047
ns_elephant_780,resnet50_geirhos_tl,8,4,184,8,188.0,12.0,5.769641876220703,5.673086166381836,0.09655570983886719
ns_elephant_780,resnet50_geirhos_tl,8,4,184,12,188.0,16.0,5.769641876220703,5.691311359405518,0.07833051681518555
ns_elephant_780,resnet50_geirhos_tl,8,4,184,16,188.0,20.0,5.769641876220703,5.673730373382568,0.09591150283813477
ns_elephant_780,resnet50_geirhos_tl,8,4,184,20,188.0,24.0,5.769641876220703,5.661752223968506,0.10788965225219727
ns_elephant_780,resnet50_geirhos_tl,8,4,184,24,188.0,28.0,5.769641876220703,5.656956195831299,0.1126856803894043
ns_elephant_780,resnet50_geirhos_tl,8,4,184,28,188.0,32.0,5.769641876220703,5.709339141845703,0.060302734375
ns_elephant_780,resnet50_geirhos_tl,8,4,184,32,188.0,36.0,5.769641876220703,5.71246862411499,0.05717325210571289
ns_elephant_780,resnet50_geirhos_tl,8,4,184,36,188.0,40.0,5.769641876220703,5.7054853439331055,0.06415653228759766
ns_elephant_780,resnet50_geirhos_tl,8,4,184,40,188.0,44.0,5.769641876220703,5.720890998840332,0.048750877380371094
ns_elephant_780,resnet50_geirhos_tl,8,4,184,44,188.0,48.0,5.769641876220703,5.75069522857666,0.01894664764404297
ns_elephant_780,resnet50_geirhos_tl,8,4,184,48,188.0,52.0,5.769641876220703,5.738525390625,0.031116485595703125
ns_elephant_780,resnet50_geirhos_tl,8,4,184,52,188.0,56.0,5.769641876220703,5.703077793121338,0.06656408309936523
ns_elephant_780,resnet50_geirhos_tl,8,4,184,56,188.0,60.0,5.769641876220703,5.6912360191345215,0.07840585708618164
ns_elephant_780,resnet50_geirhos_tl,8,4,184,60,188.0,64.0,5.769641876220703,5.719899654388428,0.04974222183227539
ns_elephant_780,resnet50_geirhos_tl,8,4,184,64,188.0,68.0,5.769641876220703,5.693264007568359,0.07637786865234375
ns_elephant_780,resnet50_geirhos_tl,8,4,184,68,188.0,72.0,5.769641876220703,5.674074172973633,0.09556770324707031
ns_elephant_780,resnet50_geirhos_tl,8,4,184,72,188.0,76.0,5.769641876220703,5.664995193481445,0.10464668273925781
ns_elephant_780,resnet50_geirhos_tl,8,4,184,76,188.0,80.0,5.769641876220703,5.691532135009766,0.0781097412109375
ns_elephant_780,resnet50_geirhos_tl,8,4,184,80,188.0,84.0,5.769641876220703,5.682538986206055,0.08710289001464844
ns_elephant_780,resnet50_geirhos_tl,8,4,184,84,188.0,88.0,5.769641876220703,5.713606357574463,0.056035518646240234
ns_elephant_780,resnet50_geirhos_tl,8,4,184,88,188.0,92.0,5.769641876220703,5.699840068817139,0.06980180740356445
ns_elephant_780,resnet50_geirhos_tl,8,4,184,92,188.0,96.0,5.769641876220703,5.688152313232422,0.08148956298828125
ns_elephant_780,resnet50_geirhos_tl,8,4,184,96,188.0,100.0,5.769641876220703,5.669771671295166,0.09987020492553711
ns_elephant_780,resnet50_geirhos_tl,8,4,184,100,188.0,104.0,5.769641876220703,5.658416271209717,0.11122560501098633
ns_elephant_780,resnet50_geirhos_tl,8,4,184,104,188.0,108.0,5.769641876220703,5.644331932067871,0.12530994415283203
ns_elephant_780,resnet50_geirhos_tl,8,4,184,108,188.0,112.0,5.769641876220703,5.644488334655762,0.1251535415649414
ns_elephant_780,resnet50_geirhos_tl,8,4,184,112,188.0,116.0,5.769641876220703,5.635766506195068,0.13387537002563477
ns_elephant_780,resnet50_geirhos_tl,8,4,184,116,188.0,120.0,5.769641876220703,5.634710311889648,0.1349315643310547
ns_elephant_780,resnet50_geirhos_tl,8,4,184,120,188.0,124.0,5.769641876220703,5.60759973526001,0.16204214096069336
ns_elephant_780,resnet50_geirhos_tl,8,4,184,124,188.0,128.0,5.769641876220703,5.62260627746582,0.1470355987548828
ns_elephant_780,resnet50_geirhos_tl,8,4,184,128,188.0,132.0,5.769641876220703,5.6087541580200195,0.1608877182006836
ns_elephant_780,resnet50_geirhos_tl,8,4,184,132,188.0,136.0,5.769641876220703,5.620693206787109,0.14894866943359375
ns_elephant_780,resnet50_geirhos_tl,8,4,184,136,188.0,140.0,5.769641876220703,5.625435829162598,0.14420604705810547
ns_elephant_780,resnet50_geirhos_tl,8,4,184,140,188.0,144.0,5.769641876220703,5.625795364379883,0.1438465118408203
ns_elephant_780,resnet50_geirhos_tl,8,4,184,144,188.0,148.0,5.769641876220703,5.609371185302734,0.16027069091796875
ns_elephant_780,resnet50_geirhos_tl,8,4,184,148,188.0,152.0,5.769641876220703,5.588047981262207,0.1815938949584961
ns_elephant_780,resnet50_geirhos_tl,8,4,184,152,188.0,156.0,5.769641876220703,5.609369277954102,0.16027259826660156
ns_elephant_780,resnet50_geirhos_tl,8,4,184,156,188.0,160.0,5.769641876220703,5.653768062591553,0.11587381362915039
ns_elephant_780,resnet50_geirhos_tl,8,4,184,160,188.0,164.0,5.769641876220703,5.6540374755859375,0.11560440063476562
ns_elephant_780,resnet50_geirhos_tl,8,4,184,164,188.0,168.0,5.769641876220703,5.693454265594482,0.0761876106262207
ns_elephant_780,resnet50_geirhos_tl,8,4,184,168,188.0,172.0,5.769641876220703,5.708130836486816,0.06151103973388672
ns_elephant_780,resnet50_geirhos_tl,8,4,184,172,188.0,176.0,5.769641876220703,5.718486785888672,0.05115509033203125
ns_elephant_780,resnet50_geirhos_tl,8,4,184,176,188.0,180.0,5.769641876220703,5.724516868591309,0.04512500762939453
ns_elephant_780,resnet50_geirhos_tl,8,4,184,180,188.0,184.0,5.769641876220703,5.709636688232422,0.06000518798828125
ns_elephant_780,resnet50_geirhos_tl,8,4,184,184,188.0,188.0,5.769641876220703,5.699846267700195,0.06979560852050781
ns_elephant_780,resnet50_geirhos_tl,8,4,184,188,188.0,192.0,5.769641876220703,5.723419666290283,0.04622220993041992
ns_elephant_780,resnet50_geirhos_tl,8,4,184,192,188.0,196.0,5.769641876220703,5.737697124481201,0.03194475173950195
ns_elephant_780,resnet50_geirhos_tl,8,4,184,196,188.0,200.0,5.769641876220703,5.742664337158203,0.0269775390625
ns_elephant_780,resnet50_geirhos_tl,8,4,184,200,188.0,204.0,5.769641876220703,5.748027324676514,0.021614551544189453
ns_elephant_780,resnet50_geirhos_tl,8,4,184,204,188.0,208.0,5.769641876220703,5.749879837036133,0.019762039184570312
ns_elephant_780,resnet50_geirhos_tl,8,4,184,208,188.0,212.0,5.769641876220703,5.736242294311523,0.03339958190917969
ns_elephant_780,resnet50_geirhos_tl,8,4,184,212,188.0,216.0,5.769641876220703,5.754140853881836,0.015501022338867188
ns_elephant_780,resnet50_geirhos_tl,8,4,184,216,188.0,220.0,5.769641876220703,5.756551742553711,0.013090133666992188
ns_elephant_780,resnet50_geirhos_tl,8,4,188,0,192.0,4.0,5.769641876220703,5.7714362144470215,-0.0017943382263183594
ns_elephant_780,resnet50_geirhos_tl,8,4,188,4,192.0,8.0,5.769641876220703,5.749238014221191,0.02040386199951172
ns_elephant_780,resnet50_geirhos_tl,8,4,188,8,192.0,12.0,5.769641876220703,5.6990461349487305,0.07059574127197266
ns_elephant_780,resnet50_geirhos_tl,8,4,188,12,192.0,16.0,5.769641876220703,5.684765815734863,0.08487606048583984
ns_elephant_780,resnet50_geirhos_tl,8,4,188,16,192.0,20.0,5.769641876220703,5.6981916427612305,0.07145023345947266
ns_elephant_780,resnet50_geirhos_tl,8,4,188,20,192.0,24.0,5.769641876220703,5.672735691070557,0.09690618515014648
ns_elephant_780,resnet50_geirhos_tl,8,4,188,24,192.0,28.0,5.769641876220703,5.670214653015137,0.0994272232055664
ns_elephant_780,resnet50_geirhos_tl,8,4,188,28,192.0,32.0,5.769641876220703,5.70343017578125,0.06621170043945312
ns_elephant_780,resnet50_geirhos_tl,8,4,188,32,192.0,36.0,5.769641876220703,5.716159820556641,0.0534820556640625
ns_elephant_780,resnet50_geirhos_tl,8,4,188,36,192.0,40.0,5.769641876220703,5.687204837799072,0.08243703842163086
ns_elephant_780,resnet50_geirhos_tl,8,4,188,40,192.0,44.0,5.769641876220703,5.711891174316406,0.057750701904296875
ns_elephant_780,resnet50_geirhos_tl,8,4,188,44,192.0,48.0,5.769641876220703,5.744389057159424,0.025252819061279297
ns_elephant_780,resnet50_geirhos_tl,8,4,188,48,192.0,52.0,5.769641876220703,5.751553535461426,0.018088340759277344
ns_elephant_780,resnet50_geirhos_tl,8,4,188,52,192.0,56.0,5.769641876220703,5.723333358764648,0.04630851745605469
ns_elephant_780,resnet50_geirhos_tl,8,4,188,56,192.0,60.0,5.769641876220703,5.707549571990967,0.06209230422973633
ns_elephant_780,resnet50_geirhos_tl,8,4,188,60,192.0,64.0,5.769641876220703,5.731896877288818,0.037744998931884766
ns_elephant_780,resnet50_geirhos_tl,8,4,188,64,192.0,68.0,5.769641876220703,5.71732234954834,0.05231952667236328
ns_elephant_780,resnet50_geirhos_tl,8,4,188,68,192.0,72.0,5.769641876220703,5.712974548339844,0.056667327880859375
ns_elephant_780,resnet50_geirhos_tl,8,4,188,72,192.0,76.0,5.769641876220703,5.701333522796631,0.06830835342407227
ns_elephant_780,resnet50_geirhos_tl,8,4,188,76,192.0,80.0,5.769641876220703,5.752246379852295,0.017395496368408203
ns_elephant_780,resnet50_geirhos_tl,8,4,188,80,192.0,84.0,5.769641876220703,5.752962589263916,0.01667928695678711
ns_elephant_780,resnet50_geirhos_tl,8,4,188,84,192.0,88.0,5.769641876220703,5.733614921569824,0.036026954650878906
ns_elephant_780,resnet50_geirhos_tl,8,4,188,88,192.0,92.0,5.769641876220703,5.709211349487305,0.06043052673339844
ns_elephant_780,resnet50_geirhos_tl,8,4,188,92,192.0,96.0,5.769641876220703,5.6987810134887695,0.0708608627319336
ns_elephant_780,resnet50_geirhos_tl,8,4,188,96,192.0,100.0,5.769641876220703,5.652556896209717,0.11708498001098633
ns_elephant_780,resnet50_geirhos_tl,8,4,188,100,192.0,104.0,5.769641876220703,5.644261837005615,0.1253800392150879
ns_elephant_780,resnet50_geirhos_tl,8,4,188,104,192.0,108.0,5.769641876220703,5.605007171630859,0.16463470458984375
ns_elephant_780,resnet50_geirhos_tl,8,4,188,108,192.0,112.0,5.769641876220703,5.6110639572143555,0.15857791900634766
ns_elephant_780,resnet50_geirhos_tl,8,4,188,112,192.0,116.0,5.769641876220703,5.598336219787598,0.17130565643310547
ns_elephant_780,resnet50_geirhos_tl,8,4,188,116,192.0,120.0,5.769641876220703,5.591928482055664,0.17771339416503906
ns_elephant_780,resnet50_geirhos_tl,8,4,188,120,192.0,124.0,5.769641876220703,5.589114665985107,0.1805272102355957
ns_elephant_780,resnet50_geirhos_tl,8,4,188,124,192.0,128.0,5.769641876220703,5.622372627258301,0.14726924896240234
ns_elephant_780,resnet50_geirhos_tl,8,4,188,128,192.0,132.0,5.769641876220703,5.610710620880127,0.15893125534057617
ns_elephant_780,resnet50_geirhos_tl,8,4,188,132,192.0,136.0,5.769641876220703,5.6180267333984375,0.15161514282226562
ns_elephant_780,resnet50_geirhos_tl,8,4,188,136,192.0,140.0,5.769641876220703,5.603878021240234,0.16576385498046875
ns_elephant_780,resnet50_geirhos_tl,8,4,188,140,192.0,144.0,5.769641876220703,5.631765842437744,0.13787603378295898
ns_elephant_780,resnet50_geirhos_tl,8,4,188,144,192.0,148.0,5.769641876220703,5.636528015136719,0.13311386108398438
ns_elephant_780,resnet50_geirhos_tl,8,4,188,148,192.0,152.0,5.769641876220703,5.632034778594971,0.13760709762573242
ns_elephant_780,resnet50_geirhos_tl,8,4,188,152,192.0,156.0,5.769641876220703,5.631009101867676,0.13863277435302734
ns_elephant_780,resnet50_geirhos_tl,8,4,188,156,192.0,160.0,5.769641876220703,5.689454078674316,0.08018779754638672
ns_elephant_780,resnet50_geirhos_tl,8,4,188,160,192.0,164.0,5.769641876220703,5.698113441467285,0.07152843475341797
ns_elephant_780,resnet50_geirhos_tl,8,4,188,164,192.0,168.0,5.769641876220703,5.710446357727051,0.059195518493652344
ns_elephant_780,resnet50_geirhos_tl,8,4,188,168,192.0,172.0,5.769641876220703,5.692986488342285,0.07665538787841797
ns_elephant_780,resnet50_geirhos_tl,8,4,188,172,192.0,176.0,5.769641876220703,5.701932430267334,0.06770944595336914
ns_elephant_780,resnet50_geirhos_tl,8,4,188,176,192.0,180.0,5.769641876220703,5.6939263343811035,0.07571554183959961
ns_elephant_780,resnet50_geirhos_tl,8,4,188,180,192.0,184.0,5.769641876220703,5.703985691070557,0.06565618515014648
ns_elephant_780,resnet50_geirhos_tl,8,4,188,184,192.0,188.0,5.769641876220703,5.686712265014648,0.08292961120605469
ns_elephant_780,resnet50_geirhos_tl,8,4,188,188,192.0,192.0,5.769641876220703,5.709414482116699,0.060227394104003906
ns_elephant_780,resnet50_geirhos_tl,8,4,188,192,192.0,196.0,5.769641876220703,5.710681438446045,0.0589604377746582
ns_elephant_780,resnet50_geirhos_tl,8,4,188,196,192.0,200.0,5.769641876220703,5.744942665100098,0.02469921112060547
ns_elephant_780,resnet50_geirhos_tl,8,4,188,200,192.0,204.0,5.769641876220703,5.760803699493408,0.008838176727294922
ns_elephant_780,resnet50_geirhos_tl,8,4,188,204,192.0,208.0,5.769641876220703,5.767831325531006,0.0018105506896972656
ns_elephant_780,resnet50_geirhos_tl,8,4,188,208,192.0,212.0,5.769641876220703,5.74382209777832,0.025819778442382812
ns_elephant_780,resnet50_geirhos_tl,8,4,188,212,192.0,216.0,5.769641876220703,5.759547710418701,0.010094165802001953
ns_elephant_780,resnet50_geirhos_tl,8,4,188,216,192.0,220.0,5.769641876220703,5.744794845581055,0.024847030639648438
ns_elephant_780,resnet50_geirhos_tl,8,4,192,0,196.0,4.0,5.769641876220703,5.763094902038574,0.006546974182128906
ns_elephant_780,resnet50_geirhos_tl,8,4,192,4,196.0,8.0,5.769641876220703,5.763088226318359,0.00655364990234375
ns_elephant_780,resnet50_geirhos_tl,8,4,192,8,196.0,12.0,5.769641876220703,5.709429740905762,0.060212135314941406
ns_elephant_780,resnet50_geirhos_tl,8,4,192,12,196.0,16.0,5.769641876220703,5.717987537384033,0.05165433883666992
ns_elephant_780,resnet50_geirhos_tl,8,4,192,16,196.0,20.0,5.769641876220703,5.722250461578369,0.047391414642333984
ns_elephant_780,resnet50_geirhos_tl,8,4,192,20,196.0,24.0,5.769641876220703,5.7018585205078125,0.06778335571289062
ns_elephant_780,resnet50_geirhos_tl,8,4,192,24,196.0,28.0,5.769641876220703,5.684311389923096,0.08533048629760742
ns_elephant_780,resnet50_geirhos_tl,8,4,192,28,196.0,32.0,5.769641876220703,5.697120666503906,0.07252120971679688
ns_elephant_780,resnet50_geirhos_tl,8,4,192,32,196.0,36.0,5.769641876220703,5.706904411315918,0.06273746490478516
ns_elephant_780,resnet50_geirhos_tl,8,4,192,36,196.0,40.0,5.769641876220703,5.667264461517334,0.10237741470336914
ns_elephant_780,resnet50_geirhos_tl,8,4,192,40,196.0,44.0,5.769641876220703,5.686487674713135,0.08315420150756836
ns_elephant_780,resnet50_geirhos_tl,8,4,192,44,196.0,48.0,5.769641876220703,5.717117786407471,0.05252408981323242
ns_elephant_780,resnet50_geirhos_tl,8,4,192,48,196.0,52.0,5.769641876220703,5.729079723358154,0.04056215286254883
ns_elephant_780,resnet50_geirhos_tl,8,4,192,52,196.0,56.0,5.769641876220703,5.707672119140625,0.061969757080078125
ns_elephant_780,resnet50_geirhos_tl,8,4,192,56,196.0,60.0,5.769641876220703,5.709563255310059,0.06007862091064453
ns_elephant_780,resnet50_geirhos_tl,8,4,192,60,196.0,64.0,5.769641876220703,5.722889423370361,0.0467524528503418
ns_elephant_780,resnet50_geirhos_tl,8,4,192,64,196.0,68.0,5.769641876220703,5.717216968536377,0.05242490768432617
ns_elephant_780,resnet50_geirhos_tl,8,4,192,68,196.0,72.0,5.769641876220703,5.698236465454102,0.07140541076660156
ns_elephant_780,resnet50_geirhos_tl,8,4,192,72,196.0,76.0,5.769641876220703,5.694238185882568,0.07540369033813477
ns_elephant_780,resnet50_geirhos_tl,8,4,192,76,196.0,80.0,5.769641876220703,5.725048542022705,0.04459333419799805
ns_elephant_780,resnet50_geirhos_tl,8,4,192,80,196.0,84.0,5.769641876220703,5.715868949890137,0.053772926330566406
ns_elephant_780,resnet50_geirhos_tl,8,4,192,84,196.0,88.0,5.769641876220703,5.717241287231445,0.05240058898925781
ns_elephant_780,resnet50_geirhos_tl,8,4,192,88,196.0,92.0,5.769641876220703,5.721303939819336,0.04833793640136719
ns_elephant_780,resnet50_geirhos_tl,8,4,192,92,196.0,96.0,5.769641876220703,5.711484432220459,0.05815744400024414
ns_elephant_780,resnet50_geirhos_tl,8,4,192,96,196.0,100.0,5.769641876220703,5.674987316131592,0.09465456008911133
ns_elephant_780,resnet50_geirhos_tl,8,4,192,100,196.0,104.0,5.769641876220703,5.658174514770508,0.11146736145019531
ns_elephant_780,resnet50_geirhos_tl,8,4,192,104,196.0,108.0,5.769641876220703,5.629559516906738,0.14008235931396484
ns_elephant_780,resnet50_geirhos_tl,8,4,192,108,196.0,112.0,5.769641876220703,5.614184379577637,0.1554574966430664
ns_elephant_780,resnet50_geirhos_tl,8,4,192,112,196.0,116.0,5.769641876220703,5.594033718109131,0.17560815811157227
ns_elephant_780,resnet50_geirhos_tl,8,4,192,116,196.0,120.0,5.769641876220703,5.596309185028076,0.17333269119262695
ns_elephant_780,resnet50_geirhos_tl,8,4,192,120,196.0,124.0,5.769641876220703,5.587482452392578,0.182159423828125
ns_elephant_780,resnet50_geirhos_tl,8,4,192,124,196.0,128.0,5.769641876220703,5.60783576965332,0.1618061065673828
ns_elephant_780,resnet50_geirhos_tl,8,4,192,128,196.0,132.0,5.769641876220703,5.587427139282227,0.18221473693847656
ns_elephant_780,resnet50_geirhos_tl,8,4,192,132,196.0,136.0,5.769641876220703,5.599367618560791,0.1702742576599121
ns_elephant_780,resnet50_geirhos_tl,8,4,192,136,196.0,140.0,5.769641876220703,5.5705132484436035,0.1991286277770996
ns_elephant_780,resnet50_geirhos_tl,8,4,192,140,196.0,144.0,5.769641876220703,5.592138767242432,0.17750310897827148
ns_elephant_780,resnet50_geirhos_tl,8,4,192,144,196.0,148.0,5.769641876220703,5.581472396850586,0.1881694793701172
ns_elephant_780,resnet50_geirhos_tl,8,4,192,148,196.0,152.0,5.769641876220703,5.634920597076416,0.1347212791442871
ns_elephant_780,resnet50_geirhos_tl,8,4,192,152,196.0,156.0,5.769641876220703,5.665928840637207,0.1037130355834961
ns_elephant_780,resnet50_geirhos_tl,8,4,192,156,196.0,160.0,5.769641876220703,5.679283142089844,0.09035873413085938
ns_elephant_780,resnet50_geirhos_tl,8,4,192,160,196.0,164.0,5.769641876220703,5.699172019958496,0.07046985626220703
ns_elephant_780,resnet50_geirhos_tl,8,4,192,164,196.0,168.0,5.769641876220703,5.702789783477783,0.06685209274291992
ns_elephant_780,resnet50_geirhos_tl,8,4,192,168,196.0,172.0,5.769641876220703,5.706950664520264,0.06269121170043945
ns_elephant_780,resnet50_geirhos_tl,8,4,192,172,196.0,176.0,5.769641876220703,5.691083908081055,0.07855796813964844
ns_elephant_780,resnet50_geirhos_tl,8,4,192,176,196.0,180.0,5.769641876220703,5.689062118530273,0.08057975769042969
ns_elephant_780,resnet50_geirhos_tl,8,4,192,180,196.0,184.0,5.769641876220703,5.69280481338501,0.07683706283569336
ns_elephant_780,resnet50_geirhos_tl,8,4,192,184,196.0,188.0,5.769641876220703,5.6894025802612305,0.08023929595947266
ns_elephant_780,resnet50_geirhos_tl,8,4,192,188,196.0,192.0,5.769641876220703,5.708247661590576,0.06139421463012695
ns_elephant_780,resnet50_geirhos_tl,8,4,192,192,196.0,196.0,5.769641876220703,5.735801696777344,0.033840179443359375
ns_elephant_780,resnet50_geirhos_tl,8,4,192,196,196.0,200.0,5.769641876220703,5.7490973472595215,0.02054452896118164
ns_elephant_780,resnet50_geirhos_tl,8,4,192,200,196.0,204.0,5.769641876220703,5.776018142700195,-0.0063762664794921875
ns_elephant_780,resnet50_geirhos_tl,8,4,192,204,196.0,208.0,5.769641876220703,5.769716262817383,-7.43865966796875e-05
ns_elephant_780,resnet50_geirhos_tl,8,4,192,208,196.0,212.0,5.769641876220703,5.761216163635254,0.008425712585449219
ns_elephant_780,resnet50_geirhos_tl,8,4,192,212,196.0,216.0,5.769641876220703,5.770880222320557,-0.0012383460998535156
ns_elephant_780,resnet50_geirhos_tl,8,4,192,216,196.0,220.0,5.769641876220703,5.75496768951416,0.014674186706542969
ns_elephant_780,resnet50_geirhos_tl,8,4,196,0,200.0,4.0,5.769641876220703,5.758522987365723,0.011118888854980469
ns_elephant_780,resnet50_geirhos_tl,8,4,196,4,200.0,8.0,5.769641876220703,5.759388446807861,0.010253429412841797
ns_elephant_780,resnet50_geirhos_tl,8,4,196,8,200.0,12.0,5.769641876220703,5.7023491859436035,0.06729269027709961
ns_elephant_780,resnet50_geirhos_tl,8,4,196,12,200.0,16.0,5.769641876220703,5.70219087600708,0.06745100021362305
ns_elephant_780,resnet50_geirhos_tl,8,4,196,16,200.0,20.0,5.769641876220703,5.705211162567139,0.06443071365356445
ns_elephant_780,resnet50_geirhos_tl,8,4,196,20,200.0,24.0,5.769641876220703,5.689241886138916,0.08039999008178711
ns_elephant_780,resnet50_geirhos_tl,8,4,196,24,200.0,28.0,5.769641876220703,5.662940502166748,0.10670137405395508
ns_elephant_780,resnet50_geirhos_tl,8,4,196,28,200.0,32.0,5.769641876220703,5.676699638366699,0.0929422378540039
ns_elephant_780,resnet50_geirhos_tl,8,4,196,32,200.0,36.0,5.769641876220703,5.679903030395508,0.08973884582519531
ns_elephant_780,resnet50_geirhos_tl,8,4,196,36,200.0,40.0,5.769641876220703,5.680696964263916,0.08894491195678711
ns_elephant_780,resnet50_geirhos_tl,8,4,196,40,200.0,44.0,5.769641876220703,5.686422348022461,0.08321952819824219
ns_elephant_780,resnet50_geirhos_tl,8,4,196,44,200.0,48.0,5.769641876220703,5.694514274597168,0.07512760162353516
ns_elephant_780,resnet50_geirhos_tl,8,4,196,48,200.0,52.0,5.769641876220703,5.694065093994141,0.0755767822265625
ns_elephant_780,resnet50_geirhos_tl,8,4,196,52,200.0,56.0,5.769641876220703,5.691918849945068,0.07772302627563477
ns_elephant_780,resnet50_geirhos_tl,8,4,196,56,200.0,60.0,5.769641876220703,5.667879104614258,0.10176277160644531
ns_elephant_780,resnet50_geirhos_tl,8,4,196,60,200.0,64.0,5.769641876220703,5.677620887756348,0.09202098846435547
ns_elephant_780,resnet50_geirhos_tl,8,4,196,64,200.0,68.0,5.769641876220703,5.662633895874023,0.10700798034667969
ns_elephant_780,resnet50_geirhos_tl,8,4,196,68,200.0,72.0,5.769641876220703,5.678277492523193,0.09136438369750977
ns_elephant_780,resnet50_geirhos_tl,8,4,196,72,200.0,76.0,5.769641876220703,5.658476829528809,0.11116504669189453
ns_elephant_780,resnet50_geirhos_tl,8,4,196,76,200.0,80.0,5.769641876220703,5.645753383636475,0.12388849258422852
ns_elephant_780,resnet50_geirhos_tl,8,4,196,80,200.0,84.0,5.769641876220703,5.662506103515625,0.10713577270507812
ns_elephant_780,resnet50_geirhos_tl,8,4,196,84,200.0,88.0,5.769641876220703,5.684043884277344,0.08559799194335938
ns_elephant_780,resnet50_geirhos_tl,8,4,196,88,200.0,92.0,5.769641876220703,5.682532787322998,0.08710908889770508
ns_elephant_780,resnet50_geirhos_tl,8,4,196,92,200.0,96.0,5.769641876220703,5.666821479797363,0.10282039642333984
ns_elephant_780,resnet50_geirhos_tl,8,4,196,96,200.0,100.0,5.769641876220703,5.644213676452637,0.1254281997680664
ns_elephant_780,resnet50_geirhos_tl,8,4,196,100,200.0,104.0,5.769641876220703,5.6253437995910645,0.14429807662963867
ns_elephant_780,resnet50_geirhos_tl,8,4,196,104,200.0,108.0,5.769641876220703,5.5529303550720215,0.21671152114868164
ns_elephant_780,resnet50_geirhos_tl,8,4,196,108,200.0,112.0,5.769641876220703,5.528857707977295,0.2407841682434082
ns_elephant_780,resnet50_geirhos_tl,8,4,196,112,200.0,116.0,5.769641876220703,5.514327049255371,0.25531482696533203
ns_elephant_780,resnet50_geirhos_tl,8,4,196,116,200.0,120.0,5.769641876220703,5.538821697235107,0.2308201789855957
ns_elephant_780,resnet50_geirhos_tl,8,4,196,120,200.0,124.0,5.769641876220703,5.5356364250183105,0.23400545120239258
ns_elephant_780,resnet50_geirhos_tl,8,4,196,124,200.0,128.0,5.769641876220703,5.584213733673096,0.18542814254760742
ns_elephant_780,resnet50_geirhos_tl,8,4,196,128,200.0,132.0,5.769641876220703,5.56475305557251,0.20488882064819336
ns_elephant_780,resnet50_geirhos_tl,8,4,196,132,200.0,136.0,5.769641876220703,5.577245235443115,0.1923966407775879
ns_elephant_780,resnet50_geirhos_tl,8,4,196,136,200.0,140.0,5.769641876220703,5.512025356292725,0.2576165199279785
ns_elephant_780,resnet50_geirhos_tl,8,4,196,140,200.0,144.0,5.769641876220703,5.490442276000977,0.27919960021972656
ns_elephant_780,resnet50_geirhos_tl,8,4,196,144,200.0,148.0,5.769641876220703,5.486035346984863,0.28360652923583984
ns_elephant_780,resnet50_geirhos_tl,8,4,196,148,200.0,152.0,5.769641876220703,5.567997932434082,0.2016439437866211
ns_elephant_780,resnet50_geirhos_tl,8,4,196,152,200.0,156.0,5.769641876220703,5.600654125213623,0.16898775100708008
ns_elephant_780,resnet50_geirhos_tl,8,4,196,156,200.0,160.0,5.769641876220703,5.668663501739502,0.10097837448120117
ns_elephant_780,resnet50_geirhos_tl,8,4,196,160,200.0,164.0,5.769641876220703,5.653792381286621,0.11584949493408203
ns_elephant_780,resnet50_geirhos_tl,8,4,196,164,200.0,168.0,5.769641876220703,5.688022136688232,0.0816197395324707
ns_elephant_780,resnet50_geirhos_tl,8,4,196,168,200.0,172.0,5.769641876220703,5.660403728485107,0.1092381477355957
ns_elephant_780,resnet50_geirhos_tl,8,4,196,172,200.0,176.0,5.769641876220703,5.667695999145508,0.10194587707519531
ns_elephant_780,resnet50_geirhos_tl,8,4,196,176,200.0,180.0,5.769641876220703,5.654418468475342,0.11522340774536133
ns_elephant_780,resnet50_geirhos_tl,8,4,196,180,200.0,184.0,5.769641876220703,5.669068336486816,0.10057353973388672
ns_elephant_780,resnet50_geirhos_tl,8,4,196,184,200.0,188.0,5.769641876220703,5.669559001922607,0.1000828742980957
ns_elephant_780,resnet50_geirhos_tl,8,4,196,188,200.0,192.0,5.769641876220703,5.707554817199707,0.062087059020996094
ns_elephant_780,resnet50_geirhos_tl,8,4,196,192,200.0,196.0,5.769641876220703,5.714165210723877,0.05547666549682617
ns_elephant_780,resnet50_geirhos_tl,8,4,196,196,200.0,200.0,5.769641876220703,5.73523473739624,0.03440713882446289
ns_elephant_780,resnet50_geirhos_tl,8,4,196,200,200.0,204.0,5.769641876220703,5.730213165283203,0.0394287109375
ns_elephant_780,resnet50_geirhos_tl,8,4,196,204,200.0,208.0,5.769641876220703,5.747529029846191,0.02211284637451172
ns_elephant_780,resnet50_geirhos_tl,8,4,196,208,200.0,212.0,5.769641876220703,5.741700649261475,0.027941226959228516
ns_elephant_780,resnet50_geirhos_tl,8,4,196,212,200.0,216.0,5.769641876220703,5.762311935424805,0.0073299407958984375
ns_elephant_780,resnet50_geirhos_tl,8,4,196,216,200.0,220.0,5.769641876220703,5.756221294403076,0.013420581817626953
ns_elephant_780,resnet50_geirhos_tl,8,4,200,0,204.0,4.0,5.769641876220703,5.747032165527344,0.022609710693359375
ns_elephant_780,resnet50_geirhos_tl,8,4,200,4,204.0,8.0,5.769641876220703,5.733556747436523,0.03608512878417969
ns_elephant_780,resnet50_geirhos_tl,8,4,200,8,204.0,12.0,5.769641876220703,5.694857120513916,0.07478475570678711
ns_elephant_780,resnet50_geirhos_tl,8,4,200,12,204.0,16.0,5.769641876220703,5.7044219970703125,0.06521987915039062
ns_elephant_780,resnet50_geirhos_tl,8,4,200,16,204.0,20.0,5.769641876220703,5.684849739074707,0.0847921371459961
ns_elephant_780,resnet50_geirhos_tl,8,4,200,20,204.0,24.0,5.769641876220703,5.673521995544434,0.09611988067626953
ns_elephant_780,resnet50_geirhos_tl,8,4,200,24,204.0,28.0,5.769641876220703,5.654880046844482,0.1147618293762207
ns_elephant_780,resnet50_geirhos_tl,8,4,200,28,204.0,32.0,5.769641876220703,5.680546283721924,0.0890955924987793
ns_elephant_780,resnet50_geirhos_tl,8,4,200,32,204.0,36.0,5.769641876220703,5.655849456787109,0.11379241943359375
ns_elephant_780,resnet50_geirhos_tl,8,4,200,36,204.0,40.0,5.769641876220703,5.6403374671936035,0.1293044090270996
ns_elephant_780,resnet50_geirhos_tl,8,4,200,40,204.0,44.0,5.769641876220703,5.6486005783081055,0.12104129791259766
ns_elephant_780,resnet50_geirhos_tl,8,4,200,44,204.0,48.0,5.769641876220703,5.673387050628662,0.09625482559204102
ns_elephant_780,resnet50_geirhos_tl,8,4,200,48,204.0,52.0,5.769641876220703,5.666459560394287,0.10318231582641602
ns_elephant_780,resnet50_geirhos_tl,8,4,200,52,204.0,56.0,5.769641876220703,5.639778137207031,0.12986373901367188
ns_elephant_780,resnet50_geirhos_tl,8,4,200,56,204.0,60.0,5.769641876220703,5.643722057342529,0.12591981887817383
ns_elephant_780,resnet50_geirhos_tl,8,4,200,60,204.0,64.0,5.769641876220703,5.64489221572876,0.12474966049194336
ns_elephant_780,resnet50_geirhos_tl,8,4,200,64,204.0,68.0,5.769641876220703,5.635810375213623,0.13383150100708008
ns_elephant_780,resnet50_geirhos_tl,8,4,200,68,204.0,72.0,5.769641876220703,5.610294342041016,0.1593475341796875
ns_elephant_780,resnet50_geirhos_tl,8,4,200,72,204.0,76.0,5.769641876220703,5.615880966186523,0.1537609100341797
ns_elephant_780,resnet50_geirhos_tl,8,4,200,76,204.0,80.0,5.769641876220703,5.626885414123535,0.14275646209716797
ns_elephant_780,resnet50_geirhos_tl,8,4,200,80,204.0,84.0,5.769641876220703,5.611820220947266,0.1578216552734375
ns_elephant_780,resnet50_geirhos_tl,8,4,200,84,204.0,88.0,5.769641876220703,5.635908126831055,0.13373374938964844
ns_elephant_780,resnet50_geirhos_tl,8,4,200,88,204.0,92.0,5.769641876220703,5.645602226257324,0.1240396499633789
ns_elephant_780,resnet50_geirhos_tl,8,4,200,92,204.0,96.0,5.769641876220703,5.655669689178467,0.11397218704223633
ns_elephant_780,resnet50_geirhos_tl,8,4,200,96,204.0,100.0,5.769641876220703,5.6113386154174805,0.15830326080322266
ns_elephant_780,resnet50_geirhos_tl,8,4,200,100,204.0,104.0,5.769641876220703,5.574474811553955,0.19516706466674805
ns_elephant_780,resnet50_geirhos_tl,8,4,200,104,204.0,108.0,5.769641876220703,5.486239433288574,0.2834024429321289
ns_elephant_780,resnet50_geirhos_tl,8,4,200,108,204.0,112.0,5.769641876220703,5.5090179443359375,0.2606239318847656
ns_elephant_780,resnet50_geirhos_tl,8,4,200,112,204.0,116.0,5.769641876220703,5.466161727905273,0.3034801483154297
ns_elephant_780,resnet50_geirhos_tl,8,4,200,116,204.0,120.0,5.769641876220703,5.453736782073975,0.3159050941467285
ns_elephant_780,resnet50_geirhos_tl,8,4,200,120,204.0,124.0,5.769641876220703,5.4543375968933105,0.3153042793273926
ns_elephant_780,resnet50_geirhos_tl,8,4,200,124,204.0,128.0,5.769641876220703,5.5633955001831055,0.20624637603759766
ns_elephant_780,resnet50_geirhos_tl,8,4,200,128,204.0,132.0,5.769641876220703,5.541264057159424,0.2283778190612793
ns_elephant_780,resnet50_geirhos_tl,8,4,200,132,204.0,136.0,5.769641876220703,5.486405849456787,0.283236026763916
ns_elephant_780,resnet50_geirhos_tl,8,4,200,136,204.0,140.0,5.769641876220703,5.439262866973877,0.33037900924682617
ns_elephant_780,resnet50_geirhos_tl,8,4,200,140,204.0,144.0,5.769641876220703,5.4437103271484375,0.3259315490722656
ns_elephant_780,resnet50_geirhos_tl,8,4,200,144,204.0,148.0,5.769641876220703,5.4273576736450195,0.3422842025756836
ns_elephant_780,resnet50_geirhos_tl,8,4,200,148,204.0,152.0,5.769641876220703,5.443275451660156,0.3263664245605469
ns_elephant_780,resnet50_geirhos_tl,8,4,200,152,204.0,156.0,5.769641876220703,5.548367023468018,0.22127485275268555
ns_elephant_780,resnet50_geirhos_tl,8,4,200,156,204.0,160.0,5.769641876220703,5.656728744506836,0.11291313171386719
ns_elephant_780,resnet50_geirhos_tl,8,4,200,160,204.0,164.0,5.769641876220703,5.6571879386901855,0.11245393753051758
ns_elephant_780,resnet50_geirhos_tl,8,4,200,164,204.0,168.0,5.769641876220703,5.671871185302734,0.09777069091796875
ns_elephant_780,resnet50_geirhos_tl,8,4,200,168,204.0,172.0,5.769641876220703,5.66160774230957,0.10803413391113281
ns_elephant_780,resnet50_geirhos_tl,8,4,200,172,204.0,176.0,5.769641876220703,5.672085285186768,0.09755659103393555
ns_elephant_780,resnet50_geirhos_tl,8,4,200,176,204.0,180.0,5.769641876220703,5.657734394073486,0.1119074821472168
ns_elephant_780,resnet50_geirhos_tl,8,4,200,180,204.0,184.0,5.769641876220703,5.672577381134033,0.09706449508666992
ns_elephant_780,resnet50_geirhos_tl,8,4,200,184,204.0,188.0,5.769641876220703,5.6880927085876465,0.08154916763305664
ns_elephant_780,resnet50_geirhos_tl,8,4,200,188,204.0,192.0,5.769641876220703,5.725561618804932,0.044080257415771484
ns_elephant_780,resnet50_geirhos_tl,8,4,200,192,204.0,196.0,5.769641876220703,5.736727237701416,0.03291463851928711
ns_elephant_780,resnet50_geirhos_tl,8,4,200,196,204.0,200.0,5.769641876220703,5.734260559082031,0.035381317138671875
ns_elephant_780,resnet50_geirhos_tl,8,4,200,200,204.0,204.0,5.769641876220703,5.729887962341309,0.03975391387939453
ns_elephant_780,resnet50_geirhos_tl,8,4,200,204,204.0,208.0,5.769641876220703,5.750817775726318,0.018824100494384766
ns_elephant_780,resnet50_geirhos_tl,8,4,200,208,204.0,212.0,5.769641876220703,5.73569393157959,0.03394794464111328
ns_elephant_780,resnet50_geirhos_tl,8,4,200,212,204.0,216.0,5.769641876220703,5.766415596008301,0.0032262802124023438
ns_elephant_780,resnet50_geirhos_tl,8,4,200,216,204.0,220.0,5.769641876220703,5.7514543533325195,0.018187522888183594
ns_elephant_780,resnet50_geirhos_tl,8,4,204,0,208.0,4.0,5.769641876220703,5.756460189819336,0.013181686401367188
ns_elephant_780,resnet50_geirhos_tl,8,4,204,4,208.0,8.0,5.769641876220703,5.723822593688965,0.04581928253173828
ns_elephant_780,resnet50_geirhos_tl,8,4,204,8,208.0,12.0,5.769641876220703,5.695644378662109,0.07399749755859375
ns_elephant_780,resnet50_geirhos_tl,8,4,204,12,208.0,16.0,5.769641876220703,5.69880485534668,0.07083702087402344
ns_elephant_780,resnet50_geirhos_tl,8,4,204,16,208.0,20.0,5.769641876220703,5.69575309753418,0.07388877868652344
ns_elephant_780,resnet50_geirhos_tl,8,4,204,20,208.0,24.0,5.769641876220703,5.679136276245117,0.09050559997558594
ns_elephant_780,resnet50_geirhos_tl,8,4,204,24,208.0,28.0,5.769641876220703,5.655705451965332,0.1139364242553711
ns_elephant_780,resnet50_geirhos_tl,8,4,204,28,208.0,32.0,5.769641876220703,5.649263858795166,0.12037801742553711
ns_elephant_780,resnet50_geirhos_tl,8,4,204,32,208.0,36.0,5.769641876220703,5.651540279388428,0.11810159683227539
ns_elephant_780,resnet50_geirhos_tl,8,4,204,36,208.0,40.0,5.769641876220703,5.629368305206299,0.1402735710144043
ns_elephant_780,resnet50_geirhos_tl,8,4,204,40,208.0,44.0,5.769641876220703,5.630387306213379,0.13925457000732422
ns_elephant_780,resnet50_geirhos_tl,8,4,204,44,208.0,48.0,5.769641876220703,5.65206241607666,0.11757946014404297
ns_elephant_780,resnet50_geirhos_tl,8,4,204,48,208.0,52.0,5.769641876220703,5.65303897857666,0.11660289764404297
ns_elephant_780,resnet50_geirhos_tl,8,4,204,52,208.0,56.0,5.769641876220703,5.62451171875,0.14513015747070312
ns_elephant_780,resnet50_geirhos_tl,8,4,204,56,208.0,60.0,5.769641876220703,5.623595237731934,0.14604663848876953
ns_elephant_780,resnet50_geirhos_tl,8,4,204,60,208.0,64.0,5.769641876220703,5.617981433868408,0.15166044235229492
ns_elephant_780,resnet50_geirhos_tl,8,4,204,64,208.0,68.0,5.769641876220703,5.6176276206970215,0.15201425552368164
ns_elephant_780,resnet50_geirhos_tl,8,4,204,68,208.0,72.0,5.769641876220703,5.5950188636779785,0.1746230125427246
ns_elephant_780,resnet50_geirhos_tl,8,4,204,72,208.0,76.0,5.769641876220703,5.58690071105957,0.1827411651611328
ns_elephant_780,resnet50_geirhos_tl,8,4,204,76,208.0,80.0,5.769641876220703,5.598330020904541,0.1713118553161621
ns_elephant_780,resnet50_geirhos_tl,8,4,204,80,208.0,84.0,5.769641876220703,5.5957465171813965,0.17389535903930664
ns_elephant_780,resnet50_geirhos_tl,8,4,204,84,208.0,88.0,5.769641876220703,5.612081527709961,0.1575603485107422
ns_elephant_780,resnet50_geirhos_tl,8,4,204,88,208.0,92.0,5.769641876220703,5.612144470214844,0.15749740600585938
ns_elephant_780,resnet50_geirhos_tl,8,4,204,92,208.0,96.0,5.769641876220703,5.616494655609131,0.15314722061157227
ns_elephant_780,resnet50_geirhos_tl,8,4,204,96,208.0,100.0,5.769641876220703,5.571717739105225,0.19792413711547852
ns_elephant_780,resnet50_geirhos_tl,8,4,204,100,208.0,104.0,5.769641876220703,5.551717758178711,0.2179241180419922
ns_elephant_780,resnet50_geirhos_tl,8,4,204,104,208.0,108.0,5.769641876220703,5.493165969848633,0.2764759063720703
ns_elephant_780,resnet50_geirhos_tl,8,4,204,108,208.0,112.0,5.769641876220703,5.462216377258301,0.30742549896240234
ns_elephant_780,resnet50_geirhos_tl,8,4,204,112,208.0,116.0,5.769641876220703,5.444010257720947,0.32563161849975586
ns_elephant_780,resnet50_geirhos_tl,8,4,204,116,208.0,120.0,5.769641876220703,5.437891960144043,0.33174991607666016
ns_elephant_780,resnet50_geirhos_tl,8,4,204,120,208.0,124.0,5.769641876220703,5.431107997894287,0.338533878326416
ns_elephant_780,resnet50_geirhos_tl,8,4,204,124,208.0,128.0,5.769641876220703,5.509335994720459,0.26030588150024414
ns_elephant_780,resnet50_geirhos_tl,8,4,204,128,208.0,132.0,5.769641876220703,5.511146068572998,0.2584958076477051
ns_elephant_780,resnet50_geirhos_tl,8,4,204,132,208.0,136.0,5.769641876220703,5.455669403076172,0.31397247314453125
ns_elephant_780,resnet50_geirhos_tl,8,4,204,136,208.0,140.0,5.769641876220703,5.405160427093506,0.36448144912719727
ns_elephant_780,resnet50_geirhos_tl,8,4,204,140,208.0,144.0,5.769641876220703,5.424111843109131,0.34553003311157227
ns_elephant_780,resnet50_geirhos_tl,8,4,204,144,208.0,148.0,5.769641876220703,5.424771308898926,0.34487056732177734
ns_elephant_780,resnet50_geirhos_tl,8,4,204,148,208.0,152.0,5.769641876220703,5.4422430992126465,0.32739877700805664
ns_elephant_780,resnet50_geirhos_tl,8,4,204,152,208.0,156.0,5.769641876220703,5.463103771209717,0.30653810501098633
ns_elephant_780,resnet50_geirhos_tl,8,4,204,156,208.0,160.0,5.769641876220703,5.556564807891846,0.21307706832885742
ns_elephant_780,resnet50_geirhos_tl,8,4,204,160,208.0,164.0,5.769641876220703,5.599965572357178,0.1696763038635254
ns_elephant_780,resnet50_geirhos_tl,8,4,204,164,208.0,168.0,5.769641876220703,5.6260600090026855,0.14358186721801758
ns_elephant_780,resnet50_geirhos_tl,8,4,204,168,208.0,172.0,5.769641876220703,5.624839782714844,0.14480209350585938
ns_elephant_780,resnet50_geirhos_tl,8,4,204,172,208.0,176.0,5.769641876220703,5.648939609527588,0.12070226669311523
ns_elephant_780,resnet50_geirhos_tl,8,4,204,176,208.0,180.0,5.769641876220703,5.631284713745117,0.13835716247558594
ns_elephant_780,resnet50_geirhos_tl,8,4,204,180,208.0,184.0,5.769641876220703,5.646265983581543,0.12337589263916016
ns_elephant_780,resnet50_geirhos_tl,8,4,204,184,208.0,188.0,5.769641876220703,5.651077747344971,0.11856412887573242
ns_elephant_780,resnet50_geirhos_tl,8,4,204,188,208.0,192.0,5.769641876220703,5.695427894592285,0.07421398162841797
ns_elephant_780,resnet50_geirhos_tl,8,4,204,192,208.0,196.0,5.769641876220703,5.700995445251465,0.06864643096923828
ns_elephant_780,resnet50_geirhos_tl,8,4,204,196,208.0,200.0,5.769641876220703,5.699906349182129,0.06973552703857422
ns_elephant_780,resnet50_geirhos_tl,8,4,204,200,208.0,204.0,5.769641876220703,5.701300144195557,0.06834173202514648
ns_elephant_780,resnet50_geirhos_tl,8,4,204,204,208.0,208.0,5.769641876220703,5.719643592834473,0.04999828338623047
ns_elephant_780,resnet50_geirhos_tl,8,4,204,208,208.0,212.0,5.769641876220703,5.728048324584961,0.04159355163574219
ns_elephant_780,resnet50_geirhos_tl,8,4,204,212,208.0,216.0,5.769641876220703,5.746458053588867,0.023183822631835938
ns_elephant_780,resnet50_geirhos_tl,8,4,204,216,208.0,220.0,5.769641876220703,5.742842197418213,0.026799678802490234
ns_elephant_780,resnet50_geirhos_tl,8,4,208,0,212.0,4.0,5.769641876220703,5.736581802368164,0.03306007385253906
ns_elephant_780,resnet50_geirhos_tl,8,4,208,4,212.0,8.0,5.769641876220703,5.723282337188721,0.04635953903198242
ns_elephant_780,resnet50_geirhos_tl,8,4,208,8,212.0,12.0,5.769641876220703,5.719712257385254,0.04992961883544922
ns_elephant_780,resnet50_geirhos_tl,8,4,208,12,212.0,16.0,5.769641876220703,5.721150875091553,0.04849100112915039
ns_elephant_780,resnet50_geirhos_tl,8,4,208,16,212.0,20.0,5.769641876220703,5.7169189453125,0.052722930908203125
ns_elephant_780,resnet50_geirhos_tl,8,4,208,20,212.0,24.0,5.769641876220703,5.684136867523193,0.08550500869750977
ns_elephant_780,resnet50_geirhos_tl,8,4,208,24,212.0,28.0,5.769641876220703,5.682229995727539,0.08741188049316406
ns_elephant_780,resnet50_geirhos_tl,8,4,208,28,212.0,32.0,5.769641876220703,5.672303676605225,0.09733819961547852
ns_elephant_780,resnet50_geirhos_tl,8,4,208,32,212.0,36.0,5.769641876220703,5.658277988433838,0.11136388778686523
ns_elephant_780,resnet50_geirhos_tl,8,4,208,36,212.0,40.0,5.769641876220703,5.648902893066406,0.12073898315429688
ns_elephant_780,resnet50_geirhos_tl,8,4,208,40,212.0,44.0,5.769641876220703,5.656258583068848,0.11338329315185547
ns_elephant_780,resnet50_geirhos_tl,8,4,208,44,212.0,48.0,5.769641876220703,5.66364860534668,0.10599327087402344
ns_elephant_780,resnet50_geirhos_tl,8,4,208,48,212.0,52.0,5.769641876220703,5.669519424438477,0.10012245178222656
ns_elephant_780,resnet50_geirhos_tl,8,4,208,52,212.0,56.0,5.769641876220703,5.643312454223633,0.1263294219970703
ns_elephant_780,resnet50_geirhos_tl,8,4,208,56,212.0,60.0,5.769641876220703,5.647112846374512,0.1225290298461914
ns_elephant_780,resnet50_geirhos_tl,8,4,208,60,212.0,64.0,5.769641876220703,5.63071870803833,0.13892316818237305
ns_elephant_780,resnet50_geirhos_tl,8,4,208,64,212.0,68.0,5.769641876220703,5.624670028686523,0.1449718475341797
ns_elephant_780,resnet50_geirhos_tl,8,4,208,68,212.0,72.0,5.769641876220703,5.592057228088379,0.17758464813232422
ns_elephant_780,resnet50_geirhos_tl,8,4,208,72,212.0,76.0,5.769641876220703,5.6044182777404785,0.1652235984802246
ns_elephant_780,resnet50_geirhos_tl,8,4,208,76,212.0,80.0,5.769641876220703,5.603553295135498,0.16608858108520508
ns_elephant_780,resnet50_geirhos_tl,8,4,208,80,212.0,84.0,5.769641876220703,5.62231969833374,0.1473221778869629
ns_elephant_780,resnet50_geirhos_tl,8,4,208,84,212.0,88.0,5.769641876220703,5.6050543785095215,0.16458749771118164
ns_elephant_780,resnet50_geirhos_tl,8,4,208,88,212.0,92.0,5.769641876220703,5.594081878662109,0.17555999755859375
ns_elephant_780,resnet50_geirhos_tl,8,4,208,92,212.0,96.0,5.769641876220703,5.606438159942627,0.16320371627807617
ns_elephant_780,resnet50_geirhos_tl,8,4,208,96,212.0,100.0,5.769641876220703,5.58949613571167,0.1801457405090332
ns_elephant_780,resnet50_geirhos_tl,8,4,208,100,212.0,104.0,5.769641876220703,5.557716369628906,0.21192550659179688
ns_elephant_780,resnet50_geirhos_tl,8,4,208,104,212.0,108.0,5.769641876220703,5.501888751983643,0.26775312423706055
ns_elephant_780,resnet50_geirhos_tl,8,4,208,108,212.0,112.0,5.769641876220703,5.5052490234375,0.2643928527832031
ns_elephant_780,resnet50_geirhos_tl,8,4,208,112,212.0,116.0,5.769641876220703,5.5024638175964355,0.2671780586242676
ns_elephant_780,resnet50_geirhos_tl,8,4,208,116,212.0,120.0,5.769641876220703,5.4807844161987305,0.28885746002197266
ns_elephant_780,resnet50_geirhos_tl,8,4,208,120,212.0,124.0,5.769641876220703,5.487340927124023,0.2823009490966797
ns_elephant_780,resnet50_geirhos_tl,8,4,208,124,212.0,128.0,5.769641876220703,5.51201057434082,0.2576313018798828
ns_elephant_780,resnet50_geirhos_tl,8,4,208,128,212.0,132.0,5.769641876220703,5.525589942932129,0.24405193328857422
ns_elephant_780,resnet50_geirhos_tl,8,4,208,132,212.0,136.0,5.769641876220703,5.465983867645264,0.30365800857543945
ns_elephant_780,resnet50_geirhos_tl,8,4,208,136,212.0,140.0,5.769641876220703,5.443292617797852,0.32634925842285156
ns_elephant_780,resnet50_geirhos_tl,8,4,208,140,212.0,144.0,5.769641876220703,5.460239887237549,0.3094019889831543
ns_elephant_780,resnet50_geirhos_tl,8,4,208,144,212.0,148.0,5.769641876220703,5.469486236572266,0.3001556396484375
ns_elephant_780,resnet50_geirhos_tl,8,4,208,148,212.0,152.0,5.769641876220703,5.4759650230407715,0.29367685317993164
ns_elephant_780,resnet50_geirhos_tl,8,4,208,152,212.0,156.0,5.769641876220703,5.490931987762451,0.27870988845825195
ns_elephant_780,resnet50_geirhos_tl,8,4,208,156,212.0,160.0,5.769641876220703,5.565164566040039,0.20447731018066406
ns_elephant_780,resnet50_geirhos_tl,8,4,208,160,212.0,164.0,5.769641876220703,5.63572359085083,0.13391828536987305
ns_elephant_780,resnet50_geirhos_tl,8,4,208,164,212.0,168.0,5.769641876220703,5.628643035888672,0.14099884033203125
ns_elephant_780,resnet50_geirhos_tl,8,4,208,168,212.0,172.0,5.769641876220703,5.64768123626709,0.12196063995361328
ns_elephant_780,resnet50_geirhos_tl,8,4,208,172,212.0,176.0,5.769641876220703,5.678470134735107,0.0911717414855957
ns_elephant_780,resnet50_geirhos_tl,8,4,208,176,212.0,180.0,5.769641876220703,5.673715591430664,0.09592628479003906
ns_elephant_780,resnet50_geirhos_tl,8,4,208,180,212.0,184.0,5.769641876220703,5.660940170288086,0.10870170593261719
ns_elephant_780,resnet50_geirhos_tl,8,4,208,184,212.0,188.0,5.769641876220703,5.669651985168457,0.0999898910522461
ns_elephant_780,resnet50_geirhos_tl,8,4,208,188,212.0,192.0,5.769641876220703,5.70688533782959,0.06275653839111328
ns_elephant_780,resnet50_geirhos_tl,8,4,208,192,212.0,196.0,5.769641876220703,5.727289199829102,0.04235267639160156
ns_elephant_780,resnet50_geirhos_tl,8,4,208,196,212.0,200.0,5.769641876220703,5.703037738800049,0.0666041374206543
ns_elephant_780,resnet50_geirhos_tl,8,4,208,200,212.0,204.0,5.769641876220703,5.704248428344727,0.06539344787597656
ns_elephant_780,resnet50_geirhos_tl,8,4,208,204,212.0,208.0,5.769641876220703,5.7236151695251465,0.04602670669555664
ns_elephant_780,resnet50_geirhos_tl,8,4,208,208,212.0,212.0,5.769641876220703,5.719480037689209,0.05016183853149414
ns_elephant_780,resnet50_geirhos_tl,8,4,208,212,212.0,216.0,5.769641876220703,5.744045257568359,0.02559661865234375
ns_elephant_780,resnet50_geirhos_tl,8,4,208,216,212.0,220.0,5.769641876220703,5.719539165496826,0.05010271072387695
ns_elephant_780,resnet50_geirhos_tl,8,4,212,0,216.0,4.0,5.769641876220703,5.705761432647705,0.06388044357299805
ns_elephant_780,resnet50_geirhos_tl,8,4,212,4,216.0,8.0,5.769641876220703,5.709843635559082,0.059798240661621094
ns_elephant_780,resnet50_geirhos_tl,8,4,212,8,216.0,12.0,5.769641876220703,5.715538501739502,0.05410337448120117
ns_elephant_780,resnet50_geirhos_tl,8,4,212,12,216.0,16.0,5.769641876220703,5.71405029296875,0.055591583251953125
ns_elephant_780,resnet50_geirhos_tl,8,4,212,16,216.0,20.0,5.769641876220703,5.70583438873291,0.06380748748779297
ns_elephant_780,resnet50_geirhos_tl,8,4,212,20,216.0,24.0,5.769641876220703,5.697908401489258,0.07173347473144531
ns_elephant_780,resnet50_geirhos_tl,8,4,212,24,216.0,28.0,5.769641876220703,5.701667308807373,0.06797456741333008
ns_elephant_780,resnet50_geirhos_tl,8,4,212,28,216.0,32.0,5.769641876220703,5.700020790100098,0.06962108612060547
ns_elephant_780,resnet50_geirhos_tl,8,4,212,32,216.0,36.0,5.769641876220703,5.684450626373291,0.08519124984741211
ns_elephant_780,resnet50_geirhos_tl,8,4,212,36,216.0,40.0,5.769641876220703,5.674386024475098,0.09525585174560547
ns_elephant_780,resnet50_geirhos_tl,8,4,212,40,216.0,44.0,5.769641876220703,5.685468673706055,0.08417320251464844
ns_elephant_780,resnet50_geirhos_tl,8,4,212,44,216.0,48.0,5.769641876220703,5.6842145919799805,0.08542728424072266
ns_elephant_780,resnet50_geirhos_tl,8,4,212,48,216.0,52.0,5.769641876220703,5.674983501434326,0.09465837478637695
ns_elephant_780,resnet50_geirhos_tl,8,4,212,52,216.0,56.0,5.769641876220703,5.653884410858154,0.11575746536254883
ns_elephant_780,resnet50_geirhos_tl,8,4,212,56,216.0,60.0,5.769641876220703,5.653803825378418,0.11583805084228516
ns_elephant_780,resnet50_geirhos_tl,8,4,212,60,216.0,64.0,5.769641876220703,5.647719860076904,0.12192201614379883
ns_elephant_780,resnet50_geirhos_tl,8,4,212,64,216.0,68.0,5.769641876220703,5.641332626342773,0.1283092498779297
ns_elephant_780,resnet50_geirhos_tl,8,4,212,68,216.0,72.0,5.769641876220703,5.642383098602295,0.1272587776184082
ns_elephant_780,resnet50_geirhos_tl,8,4,212,72,216.0,76.0,5.769641876220703,5.633641242980957,0.1360006332397461
ns_elephant_780,resnet50_geirhos_tl,8,4,212,76,216.0,80.0,5.769641876220703,5.636061191558838,0.13358068466186523
ns_elephant_780,resnet50_geirhos_tl,8,4,212,80,216.0,84.0,5.769641876220703,5.626598358154297,0.14304351806640625
ns_elephant_780,resnet50_geirhos_tl,8,4,212,84,216.0,88.0,5.769641876220703,5.620174407958984,0.14946746826171875
ns_elephant_780,resnet50_geirhos_tl,8,4,212,88,216.0,92.0,5.769641876220703,5.601668357849121,0.16797351837158203
ns_elephant_780,resnet50_geirhos_tl,8,4,212,92,216.0,96.0,5.769641876220703,5.610025405883789,0.15961647033691406
ns_elephant_780,resnet50_geirhos_tl,8,4,212,96,216.0,100.0,5.769641876220703,5.5849080085754395,0.18473386764526367
ns_elephant_780,resnet50_geirhos_tl,8,4,212,100,216.0,104.0,5.769641876220703,5.5811285972595215,0.18851327896118164
ns_elephant_780,resnet50_geirhos_tl,8,4,212,104,216.0,108.0,5.769641876220703,5.543867588043213,0.22577428817749023
ns_elephant_780,resnet50_geirhos_tl,8,4,212,108,216.0,112.0,5.769641876220703,5.542552471160889,0.22708940505981445
ns_elephant_780,resnet50_geirhos_tl,8,4,212,112,216.0,116.0,5.769641876220703,5.531511306762695,0.2381305694580078
ns_elephant_780,resnet50_geirhos_tl,8,4,212,116,216.0,120.0,5.769641876220703,5.536834716796875,0.23280715942382812
ns_elephant_780,resnet50_geirhos_tl,8,4,212,120,216.0,124.0,5.769641876220703,5.538821220397949,0.2308206558227539
ns_elephant_780,resnet50_geirhos_tl,8,4,212,124,216.0,128.0,5.769641876220703,5.5640764236450195,0.2055654525756836
ns_elephant_780,resnet50_geirhos_tl,8,4,212,128,216.0,132.0,5.769641876220703,5.546079635620117,0.22356224060058594
ns_elephant_780,resnet50_geirhos_tl,8,4,212,132,216.0,136.0,5.769641876220703,5.535128593444824,0.2345132827758789
ns_elephant_780,resnet50_geirhos_tl,8,4,212,136,216.0,140.0,5.769641876220703,5.526701927185059,0.24293994903564453
ns_elephant_780,resnet50_geirhos_tl,8,4,212,140,216.0,144.0,5.769641876220703,5.5265092849731445,0.2431325912475586
ns_elephant_780,resnet50_geirhos_tl,8,4,212,144,216.0,148.0,5.769641876220703,5.521759510040283,0.24788236618041992
ns_elephant_780,resnet50_geirhos_tl,8,4,212,148,216.0,152.0,5.769641876220703,5.531477928161621,0.23816394805908203
ns_elephant_780,resnet50_geirhos_tl,8,4,212,152,216.0,156.0,5.769641876220703,5.5596418380737305,0.21000003814697266
ns_elephant_780,resnet50_geirhos_tl,8,4,212,156,216.0,160.0,5.769641876220703,5.62040901184082,0.1492328643798828
ns_elephant_780,resnet50_geirhos_tl,8,4,212,160,216.0,164.0,5.769641876220703,5.646951198577881,0.12269067764282227
ns_elephant_780,resnet50_geirhos_tl,8,4,212,164,216.0,168.0,5.769641876220703,5.657403945922852,0.11223793029785156
ns_elephant_780,resnet50_geirhos_tl,8,4,212,168,216.0,172.0,5.769641876220703,5.659145832061768,0.11049604415893555
ns_elephant_780,resnet50_geirhos_tl,8,4,212,172,216.0,176.0,5.769641876220703,5.693007469177246,0.07663440704345703
ns_elephant_780,resnet50_geirhos_tl,8,4,212,176,216.0,180.0,5.769641876220703,5.672981262207031,0.09666061401367188
ns_elephant_780,resnet50_geirhos_tl,8,4,212,180,216.0,184.0,5.769641876220703,5.681183815002441,0.08845806121826172
ns_elephant_780,resnet50_geirhos_tl,8,4,212,184,216.0,188.0,5.769641876220703,5.69711446762085,0.07252740859985352
ns_elephant_780,resnet50_geirhos_tl,8,4,212,188,216.0,192.0,5.769641876220703,5.7363128662109375,0.033329010009765625
ns_elephant_780,resnet50_geirhos_tl,8,4,212,192,216.0,196.0,5.769641876220703,5.724941730499268,0.04470014572143555
ns_elephant_780,resnet50_geirhos_tl,8,4,212,196,216.0,200.0,5.769641876220703,5.71464204788208,0.05499982833862305
ns_elephant_780,resnet50_geirhos_tl,8,4,212,200,216.0,204.0,5.769641876220703,5.699973106384277,0.06966876983642578
ns_elephant_780,resnet50_geirhos_tl,8,4,212,204,216.0,208.0,5.769641876220703,5.706307411193848,0.06333446502685547
ns_elephant_780,resnet50_geirhos_tl,8,4,212,208,216.0,212.0,5.769641876220703,5.715012550354004,0.05462932586669922
ns_elephant_780,resnet50_geirhos_tl,8,4,212,212,216.0,216.0,5.769641876220703,5.726848602294922,0.04279327392578125
ns_elephant_780,resnet50_geirhos_tl,8,4,212,216,216.0,220.0,5.769641876220703,5.71665096282959,0.05299091339111328
ns_elephant_780,resnet50_geirhos_tl,8,4,216,0,220.0,4.0,5.769641876220703,5.698154926300049,0.0714869499206543
ns_elephant_780,resnet50_geirhos_tl,8,4,216,4,220.0,8.0,5.769641876220703,5.725295543670654,0.04434633255004883
ns_elephant_780,resnet50_geirhos_tl,8,4,216,8,220.0,12.0,5.769641876220703,5.705260276794434,0.06438159942626953
ns_elephant_780,resnet50_geirhos_tl,8,4,216,12,220.0,16.0,5.769641876220703,5.699960231781006,0.06968164443969727
ns_elephant_780,resnet50_geirhos_tl,8,4,216,16,220.0,20.0,5.769641876220703,5.697952747344971,0.07168912887573242
ns_elephant_780,resnet50_geirhos_tl,8,4,216,20,220.0,24.0,5.769641876220703,5.7103400230407715,0.05930185317993164
ns_elephant_780,resnet50_geirhos_tl,8,4,216,24,220.0,28.0,5.769641876220703,5.701053619384766,0.0685882568359375
ns_elephant_780,resnet50_geirhos_tl,8,4,216,28,220.0,32.0,5.769641876220703,5.7019453048706055,0.06769657135009766
ns_elephant_780,resnet50_geirhos_tl,8,4,216,32,220.0,36.0,5.769641876220703,5.694406509399414,0.07523536682128906
ns_elephant_780,resnet50_geirhos_tl,8,4,216,36,220.0,40.0,5.769641876220703,5.702118396759033,0.06752347946166992
ns_elephant_780,resnet50_geirhos_tl,8,4,216,40,220.0,44.0,5.769641876220703,5.683382987976074,0.0862588882446289
ns_elephant_780,resnet50_geirhos_tl,8,4,216,44,220.0,48.0,5.769641876220703,5.687745571136475,0.08189630508422852
ns_elephant_780,resnet50_geirhos_tl,8,4,216,48,220.0,52.0,5.769641876220703,5.671645641326904,0.09799623489379883
ns_elephant_780,resnet50_geirhos_tl,8,4,216,52,220.0,56.0,5.769641876220703,5.67798376083374,0.09165811538696289
ns_elephant_780,resnet50_geirhos_tl,8,4,216,56,220.0,60.0,5.769641876220703,5.663650989532471,0.10599088668823242
ns_elephant_780,resnet50_geirhos_tl,8,4,216,60,220.0,64.0,5.769641876220703,5.662088394165039,0.10755348205566406
ns_elephant_780,resnet50_geirhos_tl,8,4,216,64,220.0,68.0,5.769641876220703,5.655458450317383,0.11418342590332031
ns_elephant_780,resnet50_geirhos_tl,8,4,216,68,220.0,72.0,5.769641876220703,5.662708282470703,0.10693359375
ns_elephant_780,resnet50_geirhos_tl,8,4,216,72,220.0,76.0,5.769641876220703,5.666652679443359,0.10298919677734375
ns_elephant_780,resnet50_geirhos_tl,8,4,216,76,220.0,80.0,5.769641876220703,5.671515464782715,0.09812641143798828
ns_elephant_780,resnet50_geirhos_tl,8,4,216,80,220.0,84.0,5.769641876220703,5.660745620727539,0.10889625549316406
ns_elephant_780,resnet50_geirhos_tl,8,4,216,84,220.0,88.0,5.769641876220703,5.661330699920654,0.10831117630004883
ns_elephant_780,resnet50_geirhos_tl,8,4,216,88,220.0,92.0,5.769641876220703,5.656628608703613,0.11301326751708984
ns_elephant_780,resnet50_geirhos_tl,8,4,216,92,220.0,96.0,5.769641876220703,5.662567138671875,0.10707473754882812
ns_elephant_780,resnet50_geirhos_tl,8,4,216,96,220.0,100.0,5.769641876220703,5.621804237365723,0.14783763885498047
ns_elephant_780,resnet50_geirhos_tl,8,4,216,100,220.0,104.0,5.769641876220703,5.623732566833496,0.14590930938720703
ns_elephant_780,resnet50_geirhos_tl,8,4,216,104,220.0,108.0,5.769641876220703,5.599813461303711,0.1698284149169922
ns_elephant_780,resnet50_geirhos_tl,8,4,216,108,220.0,112.0,5.769641876220703,5.617012977600098,0.15262889862060547
ns_elephant_780,resnet50_geirhos_tl,8,4,216,112,220.0,116.0,5.769641876220703,5.580822467803955,0.18881940841674805
ns_elephant_780,resnet50_geirhos_tl,8,4,216,116,220.0,120.0,5.769641876220703,5.596393585205078,0.173248291015625
ns_elephant_780,resnet50_geirhos_tl,8,4,216,120,220.0,124.0,5.769641876220703,5.5788164138793945,0.1908254623413086
ns_elephant_780,resnet50_geirhos_tl,8,4,216,124,220.0,128.0,5.769641876220703,5.611566543579102,0.15807533264160156
ns_elephant_780,resnet50_geirhos_tl,8,4,216,128,220.0,132.0,5.769641876220703,5.599000453948975,0.17064142227172852
ns_elephant_780,resnet50_geirhos_tl,8,4,216,132,220.0,136.0,5.769641876220703,5.610247611999512,0.1593942642211914
ns_elephant_780,resnet50_geirhos_tl,8,4,216,136,220.0,140.0,5.769641876220703,5.584099769592285,0.18554210662841797
ns_elephant_780,resnet50_geirhos_tl,8,4,216,140,220.0,144.0,5.769641876220703,5.587965488433838,0.18167638778686523
ns_elephant_780,resnet50_geirhos_tl,8,4,216,144,220.0,148.0,5.769641876220703,5.568525314331055,0.20111656188964844
ns_elephant_780,resnet50_geirhos_tl,8,4,216,148,220.0,152.0,5.769641876220703,5.587883949279785,0.18175792694091797
ns_elephant_780,resnet50_geirhos_tl,8,4,216,152,220.0,156.0,5.769641876220703,5.607561111450195,0.1620807647705078
ns_elephant_780,resnet50_geirhos_tl,8,4,216,156,220.0,160.0,5.769641876220703,5.656905651092529,0.11273622512817383
ns_elephant_780,resnet50_geirhos_tl,8,4,216,160,220.0,164.0,5.769641876220703,5.665534019470215,0.10410785675048828
ns_elephant_780,resnet50_geirhos_tl,8,4,216,164,220.0,168.0,5.769641876220703,5.6668901443481445,0.1027517318725586
ns_elephant_780,resnet50_geirhos_tl,8,4,216,168,220.0,172.0,5.769641876220703,5.6746673583984375,0.09497451782226562
ns_elephant_780,resnet50_geirhos_tl,8,4,216,172,220.0,176.0,5.769641876220703,5.692499160766602,0.07714271545410156
ns_elephant_780,resnet50_geirhos_tl,8,4,216,176,220.0,180.0,5.769641876220703,5.688321113586426,0.08132076263427734
ns_elephant_780,resnet50_geirhos_tl,8,4,216,180,220.0,184.0,5.769641876220703,5.698646545410156,0.07099533081054688
ns_elephant_780,resnet50_geirhos_tl,8,4,216,184,220.0,188.0,5.769641876220703,5.710309028625488,0.059332847595214844
ns_elephant_780,resnet50_geirhos_tl,8,4,216,188,220.0,192.0,5.769641876220703,5.734511375427246,0.03513050079345703
ns_elephant_780,resnet50_geirhos_tl,8,4,216,192,220.0,196.0,5.769641876220703,5.72385311126709,0.04578876495361328
ns_elephant_780,resnet50_geirhos_tl,8,4,216,196,220.0,200.0,5.769641876220703,5.713557243347168,0.056084632873535156
ns_elephant_780,resnet50_geirhos_tl,8,4,216,200,220.0,204.0,5.769641876220703,5.71956729888916,0.05007457733154297
ns_elephant_780,resnet50_geirhos_tl,8,4,216,204,220.0,208.0,5.769641876220703,5.716902732849121,0.05273914337158203
ns_elephant_780,resnet50_geirhos_tl,8,4,216,208,220.0,212.0,5.769641876220703,5.72178840637207,0.04785346984863281
ns_elephant_780,resnet50_geirhos_tl,8,4,216,212,220.0,216.0,5.769641876220703,5.730083465576172,0.03955841064453125
ns_elephant_780,resnet50_geirhos_tl,8,4,216,216,220.0,220.0,5.769641876220703,5.723997116088867,0.04564476013183594
