case_id,model_type,occluder_size,stride,y0,x0,y_center,x_center,baseline_target_logit,post_occlusion_target_logit,target_logit_drop
ns_dog_69,resnet50_tl_20250829,8,4,0,0,4.0,4.0,140.35813903808594,140.25143432617188,0.1067047119140625
ns_dog_69,resnet50_tl_20250829,8,4,0,4,4.0,8.0,140.35813903808594,140.4414825439453,-0.083343505859375
ns_dog_69,resnet50_tl_20250829,8,4,0,8,4.0,12.0,140.35813903808594,140.45111083984375,-0.0929718017578125
ns_dog_69,resnet50_tl_20250829,8,4,0,12,4.0,16.0,140.35813903808594,140.406494140625,-0.0483551025390625
ns_dog_69,resnet50_tl_20250829,8,4,0,16,4.0,20.0,140.35813903808594,140.39479064941406,-0.036651611328125
ns_dog_69,resnet50_tl_20250829,8,4,0,20,4.0,24.0,140.35813903808594,140.50328063964844,-0.1451416015625
ns_dog_69,resnet50_tl_20250829,8,4,0,24,4.0,28.0,140.35813903808594,140.4046630859375,-0.0465240478515625
ns_dog_69,resnet50_tl_20250829,8,4,0,28,4.0,32.0,140.35813903808594,140.12796020507812,0.2301788330078125
ns_dog_69,resnet50_tl_20250829,8,4,0,32,4.0,36.0,140.35813903808594,140.06495666503906,0.293182373046875
ns_dog_69,resnet50_tl_20250829,8,4,0,36,4.0,40.0,140.35813903808594,140.19708251953125,0.1610565185546875
ns_dog_69,resnet50_tl_20250829,8,4,0,40,4.0,44.0,140.35813903808594,140.22268676757812,0.1354522705078125
ns_dog_69,resnet50_tl_20250829,8,4,0,44,4.0,48.0,140.35813903808594,140.04443359375,0.3137054443359375
ns_dog_69,resnet50_tl_20250829,8,4,0,48,4.0,52.0,140.35813903808594,140.01414489746094,0.343994140625
ns_dog_69,resnet50_tl_20250829,8,4,0,52,4.0,56.0,140.35813903808594,140.24209594726562,0.1160430908203125
ns_dog_69,resnet50_tl_20250829,8,4,0,56,4.0,60.0,140.35813903808594,140.34219360351562,0.0159454345703125
ns_dog_69,resnet50_tl_20250829,8,4,0,60,4.0,64.0,140.35813903808594,140.06544494628906,0.292694091796875
ns_dog_69,resnet50_tl_20250829,8,4,0,64,4.0,68.0,140.35813903808594,140.0607452392578,0.297393798828125
ns_dog_69,resnet50_tl_20250829,8,4,0,68,4.0,72.0,140.35813903808594,140.288818359375,0.0693206787109375
ns_dog_69,resnet50_tl_20250829,8,4,0,72,4.0,76.0,140.35813903808594,140.28012084960938,0.0780181884765625
ns_dog_69,resnet50_tl_20250829,8,4,0,76,4.0,80.0,140.35813903808594,140.21182250976562,0.1463165283203125
ns_dog_69,resnet50_tl_20250829,8,4,0,80,4.0,84.0,140.35813903808594,140.1567840576172,0.20135498046875
ns_dog_69,resnet50_tl_20250829,8,4,0,84,4.0,88.0,140.35813903808594,140.2873077392578,0.070831298828125
ns_dog_69,resnet50_tl_20250829,8,4,0,88,4.0,92.0,140.35813903808594,140.34835815429688,0.0097808837890625
ns_dog_69,resnet50_tl_20250829,8,4,0,92,4.0,96.0,140.35813903808594,140.15823364257812,0.1999053955078125
ns_dog_69,resnet50_tl_20250829,8,4,0,96,4.0,100.0,140.35813903808594,140.1341094970703,0.224029541015625
ns_dog_69,resnet50_tl_20250829,8,4,0,100,4.0,104.0,140.35813903808594,140.27764892578125,0.0804901123046875
ns_dog_69,resnet50_tl_20250829,8,4,0,104,4.0,108.0,140.35813903808594,140.28561401367188,0.0725250244140625
ns_dog_69,resnet50_tl_20250829,8,4,0,108,4.0,112.0,140.35813903808594,140.2671356201172,0.09100341796875
ns_dog_69,resnet50_tl_20250829,8,4,0,112,4.0,116.0,140.35813903808594,140.1994171142578,0.158721923828125
ns_dog_69,resnet50_tl_20250829,8,4,0,116,4.0,120.0,140.35813903808594,140.24737548828125,0.1107635498046875
ns_dog_69,resnet50_tl_20250829,8,4,0,120,4.0,124.0,140.35813903808594,140.32647705078125,0.0316619873046875
ns_dog_69,resnet50_tl_20250829,8,4,0,124,4.0,128.0,140.35813903808594,140.18251037597656,0.175628662109375
ns_dog_69,resnet50_tl_20250829,8,4,0,128,4.0,132.0,140.35813903808594,140.17166137695312,0.1864776611328125
ns_dog_69,resnet50_tl_20250829,8,4,0,132,4.0,136.0,140.35813903808594,140.24301147460938,0.1151275634765625
ns_dog_69,resnet50_tl_20250829,8,4,0,136,4.0,140.0,140.35813903808594,140.25762939453125,0.1005096435546875
ns_dog_69,resnet50_tl_20250829,8,4,0,140,4.0,144.0,140.35813903808594,140.24562072753906,0.112518310546875
ns_dog_69,resnet50_tl_20250829,8,4,0,144,4.0,148.0,140.35813903808594,140.1729736328125,0.1851654052734375
ns_dog_69,resnet50_tl_20250829,8,4,0,148,4.0,152.0,140.35813903808594,140.1827850341797,0.17535400390625
ns_dog_69,resnet50_tl_20250829,8,4,0,152,4.0,156.0,140.35813903808594,140.2993621826172,0.05877685546875
ns_dog_69,resnet50_tl_20250829,8,4,0,156,4.0,160.0,140.35813903808594,140.25868225097656,0.099456787109375
ns_dog_69,resnet50_tl_20250829,8,4,0,160,4.0,164.0,140.35813903808594,140.24298095703125,0.1151580810546875
ns_dog_69,resnet50_tl_20250829,8,4,0,164,4.0,168.0,140.35813903808594,140.2594757080078,0.098663330078125
ns_dog_69,resnet50_tl_20250829,8,4,0,168,4.0,172.0,140.35813903808594,140.2596435546875,0.0984954833984375
ns_dog_69,resnet50_tl_20250829,8,4,0,172,4.0,176.0,140.35813903808594,140.21473693847656,0.143402099609375
ns_dog_69,resnet50_tl_20250829,8,4,0,176,4.0,180.0,140.35813903808594,140.14622497558594,0.2119140625
ns_dog_69,resnet50_tl_20250829,8,4,0,180,4.0,184.0,140.35813903808594,140.16908264160156,0.189056396484375
ns_dog_69,resnet50_tl_20250829,8,4,0,184,4.0,188.0,140.35813903808594,140.2522735595703,0.105865478515625
ns_dog_69,resnet50_tl_20250829,8,4,0,188,4.0,192.0,140.35813903808594,140.17514038085938,0.1829986572265625
ns_dog_69,resnet50_tl_20250829,8,4,0,192,4.0,196.0,140.35813903808594,140.1742706298828,0.183868408203125
ns_dog_69,resnet50_tl_20250829,8,4,0,196,4.0,200.0,140.35813903808594,140.22776794433594,0.13037109375
ns_dog_69,resnet50_tl_20250829,8,4,0,200,4.0,204.0,140.35813903808594,140.2781982421875,0.0799407958984375
ns_dog_69,resnet50_tl_20250829,8,4,0,204,4.0,208.0,140.35813903808594,140.252197265625,0.1059417724609375
ns_dog_69,resnet50_tl_20250829,8,4,0,208,4.0,212.0,140.35813903808594,140.1961669921875,0.1619720458984375
ns_dog_69,resnet50_tl_20250829,8,4,0,212,4.0,216.0,140.35813903808594,140.19921875,0.1589202880859375
ns_dog_69,resnet50_tl_20250829,8,4,0,216,4.0,220.0,140.35813903808594,140.28665161132812,0.0714874267578125
ns_dog_69,resnet50_tl_20250829,8,4,4,0,8.0,4.0,140.35813903808594,140.64686584472656,-0.288726806640625
ns_dog_69,resnet50_tl_20250829,8,4,4,4,8.0,8.0,140.35813903808594,140.50503540039062,-0.1468963623046875
ns_dog_69,resnet50_tl_20250829,8,4,4,8,8.0,12.0,140.35813903808594,140.52413940429688,-0.1660003662109375
ns_dog_69,resnet50_tl_20250829,8,4,4,12,8.0,16.0,140.35813903808594,140.59378051757812,-0.2356414794921875
ns_dog_69,resnet50_tl_20250829,8,4,4,16,8.0,20.0,140.35813903808594,140.5297393798828,-0.171600341796875
ns_dog_69,resnet50_tl_20250829,8,4,4,20,8.0,24.0,140.35813903808594,140.585205078125,-0.2270660400390625
ns_dog_69,resnet50_tl_20250829,8,4,4,24,8.0,28.0,140.35813903808594,140.5026397705078,-0.144500732421875
ns_dog_69,resnet50_tl_20250829,8,4,4,28,8.0,32.0,140.35813903808594,140.4310760498047,-0.07293701171875
ns_dog_69,resnet50_tl_20250829,8,4,4,32,8.0,36.0,140.35813903808594,140.31298828125,0.0451507568359375
ns_dog_69,resnet50_tl_20250829,8,4,4,36,8.0,40.0,140.35813903808594,140.30783081054688,0.0503082275390625
ns_dog_69,resnet50_tl_20250829,8,4,4,40,8.0,44.0,140.35813903808594,140.2827911376953,0.075347900390625
ns_dog_69,resnet50_tl_20250829,8,4,4,44,8.0,48.0,140.35813903808594,140.33990478515625,0.0182342529296875
ns_dog_69,resnet50_tl_20250829,8,4,4,48,8.0,52.0,140.35813903808594,140.24623107910156,0.111907958984375
ns_dog_69,resnet50_tl_20250829,8,4,4,52,8.0,56.0,140.35813903808594,140.34365844726562,0.0144805908203125
ns_dog_69,resnet50_tl_20250829,8,4,4,56,8.0,60.0,140.35813903808594,140.3641357421875,-0.0059967041015625
ns_dog_69,resnet50_tl_20250829,8,4,4,60,8.0,64.0,140.35813903808594,140.4093017578125,-0.0511627197265625
ns_dog_69,resnet50_tl_20250829,8,4,4,64,8.0,68.0,140.35813903808594,140.314697265625,0.0434417724609375
ns_dog_69,resnet50_tl_20250829,8,4,4,68,8.0,72.0,140.35813903808594,140.32705688476562,0.0310821533203125
ns_dog_69,resnet50_tl_20250829,8,4,4,72,8.0,76.0,140.35813903808594,140.2954864501953,0.062652587890625
ns_dog_69,resnet50_tl_20250829,8,4,4,76,8.0,80.0,140.35813903808594,140.34657287597656,0.011566162109375
ns_dog_69,resnet50_tl_20250829,8,4,4,80,8.0,84.0,140.35813903808594,140.25608825683594,0.10205078125
ns_dog_69,resnet50_tl_20250829,8,4,4,84,8.0,88.0,140.35813903808594,140.33636474609375,0.0217742919921875
ns_dog_69,resnet50_tl_20250829,8,4,4,88,8.0,92.0,140.35813903808594,140.35220336914062,0.0059356689453125
ns_dog_69,resnet50_tl_20250829,8,4,4,92,8.0,96.0,140.35813903808594,140.3997039794922,-0.04156494140625
ns_dog_69,resnet50_tl_20250829,8,4,4,96,8.0,100.0,140.35813903808594,140.29908752441406,0.059051513671875
ns_dog_69,resnet50_tl_20250829,8,4,4,100,8.0,104.0,140.35813903808594,140.3500518798828,0.008087158203125
ns_dog_69,resnet50_tl_20250829,8,4,4,104,8.0,108.0,140.35813903808594,140.2977752685547,0.06036376953125
ns_dog_69,resnet50_tl_20250829,8,4,4,108,8.0,112.0,140.35813903808594,140.35447692871094,0.003662109375
ns_dog_69,resnet50_tl_20250829,8,4,4,112,8.0,116.0,140.35813903808594,140.25038146972656,0.107757568359375
ns_dog_69,resnet50_tl_20250829,8,4,4,116,8.0,120.0,140.35813903808594,140.34457397460938,0.0135650634765625
ns_dog_69,resnet50_tl_20250829,8,4,4,120,8.0,124.0,140.35813903808594,140.3520050048828,0.006134033203125
ns_dog_69,resnet50_tl_20250829,8,4,4,124,8.0,128.0,140.35813903808594,140.40074157714844,-0.0426025390625
ns_dog_69,resnet50_tl_20250829,8,4,4,128,8.0,132.0,140.35813903808594,140.30589294433594,0.05224609375
ns_dog_69,resnet50_tl_20250829,8,4,4,132,8.0,136.0,140.35813903808594,140.32400512695312,0.0341339111328125
ns_dog_69,resnet50_tl_20250829,8,4,4,136,8.0,140.0,140.35813903808594,140.3053741455078,0.052764892578125
ns_dog_69,resnet50_tl_20250829,8,4,4,140,8.0,144.0,140.35813903808594,140.35720825195312,0.0009307861328125
ns_dog_69,resnet50_tl_20250829,8,4,4,144,8.0,148.0,140.35813903808594,140.26785278320312,0.0902862548828125
ns_dog_69,resnet50_tl_20250829,8,4,4,148,8.0,152.0,140.35813903808594,140.31419372558594,0.0439453125
ns_dog_69,resnet50_tl_20250829,8,4,4,152,8.0,156.0,140.35813903808594,140.36605834960938,-0.0079193115234375
ns_dog_69,resnet50_tl_20250829,8,4,4,156,8.0,160.0,140.35813903808594,140.44435119628906,-0.086212158203125
ns_dog_69,resnet50_tl_20250829,8,4,4,160,8.0,164.0,140.35813903808594,140.36544799804688,-0.0073089599609375
ns_dog_69,resnet50_tl_20250829,8,4,4,164,8.0,168.0,140.35813903808594,140.372314453125,-0.0141754150390625
ns_dog_69,resnet50_tl_20250829,8,4,4,168,8.0,172.0,140.35813903808594,140.34791564941406,0.010223388671875
ns_dog_69,resnet50_tl_20250829,8,4,4,172,8.0,176.0,140.35813903808594,140.39268493652344,-0.0345458984375
ns_dog_69,resnet50_tl_20250829,8,4,4,176,8.0,180.0,140.35813903808594,140.2871551513672,0.07098388671875
ns_dog_69,resnet50_tl_20250829,8,4,4,180,8.0,184.0,140.35813903808594,140.34442138671875,0.0137176513671875
ns_dog_69,resnet50_tl_20250829,8,4,4,184,8.0,188.0,140.35813903808594,140.35867309570312,-0.0005340576171875
ns_dog_69,resnet50_tl_20250829,8,4,4,188,8.0,192.0,140.35813903808594,140.4261932373047,-0.06805419921875
ns_dog_69,resnet50_tl_20250829,8,4,4,192,8.0,196.0,140.35813903808594,140.36962890625,-0.0114898681640625
ns_dog_69,resnet50_tl_20250829,8,4,4,196,8.0,200.0,140.35813903808594,140.4053192138672,-0.04718017578125
ns_dog_69,resnet50_tl_20250829,8,4,4,200,8.0,204.0,140.35813903808594,140.3636016845703,-0.005462646484375
ns_dog_69,resnet50_tl_20250829,8,4,4,204,8.0,208.0,140.35813903808594,140.37225341796875,-0.0141143798828125
ns_dog_69,resnet50_tl_20250829,8,4,4,208,8.0,212.0,140.35813903808594,140.30325317382812,0.0548858642578125
ns_dog_69,resnet50_tl_20250829,8,4,4,212,8.0,216.0,140.35813903808594,140.26589965820312,0.0922393798828125
ns_dog_69,resnet50_tl_20250829,8,4,4,216,8.0,220.0,140.35813903808594,140.27374267578125,0.0843963623046875
ns_dog_69,resnet50_tl_20250829,8,4,8,0,12.0,4.0,140.35813903808594,140.36471557617188,-0.0065765380859375
ns_dog_69,resnet50_tl_20250829,8,4,8,4,12.0,8.0,140.35813903808594,140.42140197753906,-0.063262939453125
ns_dog_69,resnet50_tl_20250829,8,4,8,8,12.0,12.0,140.35813903808594,140.37159729003906,-0.013458251953125
ns_dog_69,resnet50_tl_20250829,8,4,8,12,12.0,16.0,140.35813903808594,140.29913330078125,0.0590057373046875
ns_dog_69,resnet50_tl_20250829,8,4,8,16,12.0,20.0,140.35813903808594,140.1842041015625,0.1739349365234375
ns_dog_69,resnet50_tl_20250829,8,4,8,20,12.0,24.0,140.35813903808594,140.3182830810547,0.03985595703125
ns_dog_69,resnet50_tl_20250829,8,4,8,24,12.0,28.0,140.35813903808594,140.29022216796875,0.0679168701171875
ns_dog_69,resnet50_tl_20250829,8,4,8,28,12.0,32.0,140.35813903808594,140.17996215820312,0.1781768798828125
ns_dog_69,resnet50_tl_20250829,8,4,8,32,12.0,36.0,140.35813903808594,140.1066131591797,0.25152587890625
ns_dog_69,resnet50_tl_20250829,8,4,8,36,12.0,40.0,140.35813903808594,140.2152099609375,0.1429290771484375
ns_dog_69,resnet50_tl_20250829,8,4,8,40,12.0,44.0,140.35813903808594,140.2030029296875,0.1551361083984375
ns_dog_69,resnet50_tl_20250829,8,4,8,44,12.0,48.0,140.35813903808594,140.07330322265625,0.2848358154296875
ns_dog_69,resnet50_tl_20250829,8,4,8,48,12.0,52.0,140.35813903808594,140.01068115234375,0.3474578857421875
ns_dog_69,resnet50_tl_20250829,8,4,8,52,12.0,56.0,140.35813903808594,140.18336486816406,0.174774169921875
ns_dog_69,resnet50_tl_20250829,8,4,8,56,12.0,60.0,140.35813903808594,140.2206268310547,0.13751220703125
ns_dog_69,resnet50_tl_20250829,8,4,8,60,12.0,64.0,140.35813903808594,140.0984649658203,0.259674072265625
ns_dog_69,resnet50_tl_20250829,8,4,8,64,12.0,68.0,140.35813903808594,140.0250244140625,0.3331146240234375
ns_dog_69,resnet50_tl_20250829,8,4,8,68,12.0,72.0,140.35813903808594,140.19189453125,0.1662445068359375
ns_dog_69,resnet50_tl_20250829,8,4,8,72,12.0,76.0,140.35813903808594,140.1648406982422,0.19329833984375
ns_dog_69,resnet50_tl_20250829,8,4,8,76,12.0,80.0,140.35813903808594,140.02252197265625,0.3356170654296875
ns_dog_69,resnet50_tl_20250829,8,4,8,80,12.0,84.0,140.35813903808594,139.97055053710938,0.3875885009765625
ns_dog_69,resnet50_tl_20250829,8,4,8,84,12.0,88.0,140.35813903808594,140.1577606201172,0.20037841796875
ns_dog_69,resnet50_tl_20250829,8,4,8,88,12.0,92.0,140.35813903808594,140.1793975830078,0.178741455078125
ns_dog_69,resnet50_tl_20250829,8,4,8,92,12.0,96.0,140.35813903808594,140.06607055664062,0.2920684814453125
ns_dog_69,resnet50_tl_20250829,8,4,8,96,12.0,100.0,140.35813903808594,140.01461791992188,0.3435211181640625
ns_dog_69,resnet50_tl_20250829,8,4,8,100,12.0,104.0,140.35813903808594,140.17620849609375,0.1819305419921875
ns_dog_69,resnet50_tl_20250829,8,4,8,104,12.0,108.0,140.35813903808594,140.15237426757812,0.2057647705078125
ns_dog_69,resnet50_tl_20250829,8,4,8,108,12.0,112.0,140.35813903808594,140.0320281982422,0.32611083984375
ns_dog_69,resnet50_tl_20250829,8,4,8,112,12.0,116.0,140.35813903808594,139.9661407470703,0.391998291015625
ns_dog_69,resnet50_tl_20250829,8,4,8,116,12.0,120.0,140.35813903808594,140.16429138183594,0.19384765625
ns_dog_69,resnet50_tl_20250829,8,4,8,120,12.0,124.0,140.35813903808594,140.18380737304688,0.1743316650390625
ns_dog_69,resnet50_tl_20250829,8,4,8,124,12.0,128.0,140.35813903808594,140.08421325683594,0.27392578125
ns_dog_69,resnet50_tl_20250829,8,4,8,128,12.0,132.0,140.35813903808594,140.038330078125,0.3198089599609375
ns_dog_69,resnet50_tl_20250829,8,4,8,132,12.0,136.0,140.35813903808594,140.18760681152344,0.1705322265625
ns_dog_69,resnet50_tl_20250829,8,4,8,136,12.0,140.0,140.35813903808594,140.19296264648438,0.1651763916015625
ns_dog_69,resnet50_tl_20250829,8,4,8,140,12.0,144.0,140.35813903808594,140.06393432617188,0.2942047119140625
ns_dog_69,resnet50_tl_20250829,8,4,8,144,12.0,148.0,140.35813903808594,140.01611328125,0.3420257568359375
ns_dog_69,resnet50_tl_20250829,8,4,8,148,12.0,152.0,140.35813903808594,140.19874572753906,0.159393310546875
ns_dog_69,resnet50_tl_20250829,8,4,8,152,12.0,156.0,140.35813903808594,140.24154663085938,0.1165924072265625
ns_dog_69,resnet50_tl_20250829,8,4,8,156,12.0,160.0,140.35813903808594,140.14378356933594,0.21435546875
ns_dog_69,resnet50_tl_20250829,8,4,8,160,12.0,164.0,140.35813903808594,140.11102294921875,0.2471160888671875
ns_dog_69,resnet50_tl_20250829,8,4,8,164,12.0,168.0,140.35813903808594,140.25596618652344,0.1021728515625
ns_dog_69,resnet50_tl_20250829,8,4,8,168,12.0,172.0,140.35813903808594,140.2528533935547,0.10528564453125
ns_dog_69,resnet50_tl_20250829,8,4,8,172,12.0,176.0,140.35813903808594,140.0979766845703,0.260162353515625
ns_dog_69,resnet50_tl_20250829,8,4,8,176,12.0,180.0,140.35813903808594,140.04888916015625,0.3092498779296875
ns_dog_69,resnet50_tl_20250829,8,4,8,180,12.0,184.0,140.35813903808594,140.21580505371094,0.142333984375
ns_dog_69,resnet50_tl_20250829,8,4,8,184,12.0,188.0,140.35813903808594,140.30023193359375,0.0579071044921875
ns_dog_69,resnet50_tl_20250829,8,4,8,188,12.0,192.0,140.35813903808594,140.2172088623047,0.14093017578125
ns_dog_69,resnet50_tl_20250829,8,4,8,192,12.0,196.0,140.35813903808594,140.17059326171875,0.1875457763671875
ns_dog_69,resnet50_tl_20250829,8,4,8,196,12.0,200.0,140.35813903808594,140.29100036621094,0.067138671875
ns_dog_69,resnet50_tl_20250829,8,4,8,200,12.0,204.0,140.35813903808594,140.3548126220703,0.003326416015625
ns_dog_69,resnet50_tl_20250829,8,4,8,204,12.0,208.0,140.35813903808594,140.30413818359375,0.0540008544921875
ns_dog_69,resnet50_tl_20250829,8,4,8,208,12.0,212.0,140.35813903808594,140.2448272705078,0.113311767578125
ns_dog_69,resnet50_tl_20250829,8,4,8,212,12.0,216.0,140.35813903808594,140.2406768798828,0.117462158203125
ns_dog_69,resnet50_tl_20250829,8,4,8,216,12.0,220.0,140.35813903808594,140.2933349609375,0.0648040771484375
ns_dog_69,resnet50_tl_20250829,8,4,12,0,16.0,4.0,140.35813903808594,139.77113342285156,0.587005615234375
ns_dog_69,resnet50_tl_20250829,8,4,12,4,16.0,8.0,140.35813903808594,140.26312255859375,0.0950164794921875
ns_dog_69,resnet50_tl_20250829,8,4,12,8,16.0,12.0,140.35813903808594,140.32040405273438,0.0377349853515625
ns_dog_69,resnet50_tl_20250829,8,4,12,12,16.0,16.0,140.35813903808594,140.02732849121094,0.330810546875
ns_dog_69,resnet50_tl_20250829,8,4,12,16,16.0,20.0,140.35813903808594,139.8950653076172,0.46307373046875
ns_dog_69,resnet50_tl_20250829,8,4,12,20,16.0,24.0,140.35813903808594,140.18896484375,0.1691741943359375
ns_dog_69,resnet50_tl_20250829,8,4,12,24,16.0,28.0,140.35813903808594,140.22694396972656,0.131195068359375
ns_dog_69,resnet50_tl_20250829,8,4,12,28,16.0,32.0,140.35813903808594,139.90892028808594,0.44921875
ns_dog_69,resnet50_tl_20250829,8,4,12,32,16.0,36.0,140.35813903808594,139.88308715820312,0.4750518798828125
ns_dog_69,resnet50_tl_20250829,8,4,12,36,16.0,40.0,140.35813903808594,140.20700073242188,0.1511383056640625
ns_dog_69,resnet50_tl_20250829,8,4,12,40,16.0,44.0,140.35813903808594,140.22862243652344,0.1295166015625
ns_dog_69,resnet50_tl_20250829,8,4,12,44,16.0,48.0,140.35813903808594,139.8297882080078,0.528350830078125
ns_dog_69,resnet50_tl_20250829,8,4,12,48,16.0,52.0,140.35813903808594,139.75282287597656,0.605316162109375
ns_dog_69,resnet50_tl_20250829,8,4,12,52,16.0,56.0,140.35813903808594,140.1165313720703,0.241607666015625
ns_dog_69,resnet50_tl_20250829,8,4,12,56,16.0,60.0,140.35813903808594,140.19305419921875,0.1650848388671875
ns_dog_69,resnet50_tl_20250829,8,4,12,60,16.0,64.0,140.35813903808594,139.80152893066406,0.556610107421875
ns_dog_69,resnet50_tl_20250829,8,4,12,64,16.0,68.0,140.35813903808594,139.7852783203125,0.5728607177734375
ns_dog_69,resnet50_tl_20250829,8,4,12,68,16.0,72.0,140.35813903808594,140.148193359375,0.2099456787109375
ns_dog_69,resnet50_tl_20250829,8,4,12,72,16.0,76.0,140.35813903808594,140.1879425048828,0.170196533203125
ns_dog_69,resnet50_tl_20250829,8,4,12,76,16.0,80.0,140.35813903808594,139.82412719726562,0.5340118408203125
ns_dog_69,resnet50_tl_20250829,8,4,12,80,16.0,84.0,140.35813903808594,139.74974060058594,0.6083984375
ns_dog_69,resnet50_tl_20250829,8,4,12,84,16.0,88.0,140.35813903808594,140.10780334472656,0.250335693359375
ns_dog_69,resnet50_tl_20250829,8,4,12,88,16.0,92.0,140.35813903808594,140.1711883544922,0.18695068359375
ns_dog_69,resnet50_tl_20250829,8,4,12,92,16.0,96.0,140.35813903808594,139.82183837890625,0.5363006591796875
ns_dog_69,resnet50_tl_20250829,8,4,12,96,16.0,100.0,140.35813903808594,139.8153533935547,0.54278564453125
ns_dog_69,resnet50_tl_20250829,8,4,12,100,16.0,104.0,140.35813903808594,140.15213012695312,0.2060089111328125
ns_dog_69,resnet50_tl_20250829,8,4,12,104,16.0,108.0,140.35813903808594,140.16787719726562,0.1902618408203125
ns_dog_69,resnet50_tl_20250829,8,4,12,108,16.0,112.0,140.35813903808594,139.8651885986328,0.492950439453125
ns_dog_69,resnet50_tl_20250829,8,4,12,112,16.0,116.0,140.35813903808594,139.79689025878906,0.561248779296875
ns_dog_69,resnet50_tl_20250829,8,4,12,116,16.0,120.0,140.35813903808594,140.11900329589844,0.2391357421875
ns_dog_69,resnet50_tl_20250829,8,4,12,120,16.0,124.0,140.35813903808594,140.18740844726562,0.1707305908203125
ns_dog_69,resnet50_tl_20250829,8,4,12,124,16.0,128.0,140.35813903808594,139.83016967773438,0.5279693603515625
ns_dog_69,resnet50_tl_20250829,8,4,12,128,16.0,132.0,140.35813903808594,139.84854125976562,0.5095977783203125
ns_dog_69,resnet50_tl_20250829,8,4,12,132,16.0,136.0,140.35813903808594,140.1869354248047,0.17120361328125
ns_dog_69,resnet50_tl_20250829,8,4,12,136,16.0,140.0,140.35813903808594,140.22308349609375,0.1350555419921875
ns_dog_69,resnet50_tl_20250829,8,4,12,140,16.0,144.0,140.35813903808594,139.7943115234375,0.5638275146484375
ns_dog_69,resnet50_tl_20250829,8,4,12,144,16.0,148.0,140.35813903808594,139.7775421142578,0.580596923828125
ns_dog_69,resnet50_tl_20250829,8,4,12,148,16.0,152.0,140.35813903808594,140.15716552734375,0.2009735107421875
ns_dog_69,resnet50_tl_20250829,8,4,12,152,16.0,156.0,140.35813903808594,140.25465393066406,0.103485107421875
ns_dog_69,resnet50_tl_20250829,8,4,12,156,16.0,160.0,140.35813903808594,139.82012939453125,0.5380096435546875
ns_dog_69,resnet50_tl_20250829,8,4,12,160,16.0,164.0,140.35813903808594,139.86793518066406,0.490203857421875
ns_dog_69,resnet50_tl_20250829,8,4,12,164,16.0,168.0,140.35813903808594,140.2361297607422,0.12200927734375
ns_dog_69,resnet50_tl_20250829,8,4,12,168,16.0,172.0,140.35813903808594,140.29156494140625,0.0665740966796875
ns_dog_69,resnet50_tl_20250829,8,4,12,172,16.0,176.0,140.35813903808594,139.8457794189453,0.512359619140625
ns_dog_69,resnet50_tl_20250829,8,4,12,176,16.0,180.0,140.35813903808594,139.822265625,0.5358734130859375
ns_dog_69,resnet50_tl_20250829,8,4,12,180,16.0,184.0,140.35813903808594,140.16114807128906,0.196990966796875
ns_dog_69,resnet50_tl_20250829,8,4,12,184,16.0,188.0,140.35813903808594,140.3126220703125,0.0455169677734375
ns_dog_69,resnet50_tl_20250829,8,4,12,188,16.0,192.0,140.35813903808594,139.9156036376953,0.442535400390625
ns_dog_69,resnet50_tl_20250829,8,4,12,192,16.0,196.0,140.35813903808594,139.97113037109375,0.3870086669921875
ns_dog_69,resnet50_tl_20250829,8,4,12,196,16.0,200.0,140.35813903808594,140.21058654785156,0.147552490234375
ns_dog_69,resnet50_tl_20250829,8,4,12,200,16.0,204.0,140.35813903808594,140.3566436767578,0.001495361328125
ns_dog_69,resnet50_tl_20250829,8,4,12,204,16.0,208.0,140.35813903808594,140.18667602539062,0.1714630126953125
ns_dog_69,resnet50_tl_20250829,8,4,12,208,16.0,212.0,140.35813903808594,140.15357971191406,0.204559326171875
ns_dog_69,resnet50_tl_20250829,8,4,12,212,16.0,216.0,140.35813903808594,140.22637939453125,0.1317596435546875
ns_dog_69,resnet50_tl_20250829,8,4,12,216,16.0,220.0,140.35813903808594,140.28172302246094,0.076416015625
ns_dog_69,resnet50_tl_20250829,8,4,16,0,20.0,4.0,140.35813903808594,139.8135986328125,0.5445404052734375
ns_dog_69,resnet50_tl_20250829,8,4,16,4,20.0,8.0,140.35813903808594,140.0818328857422,0.27630615234375
ns_dog_69,resnet50_tl_20250829,8,4,16,8,20.0,12.0,140.35813903808594,140.27069091796875,0.0874481201171875
ns_dog_69,resnet50_tl_20250829,8,4,16,12,20.0,16.0,140.35813903808594,139.93800354003906,0.420135498046875
ns_dog_69,resnet50_tl_20250829,8,4,16,16,20.0,20.0,140.35813903808594,139.8933868408203,0.464752197265625
ns_dog_69,resnet50_tl_20250829,8,4,16,20,20.0,24.0,140.35813903808594,139.9993133544922,0.35882568359375
ns_dog_69,resnet50_tl_20250829,8,4,16,24,20.0,28.0,140.35813903808594,140.1829833984375,0.1751556396484375
ns_dog_69,resnet50_tl_20250829,8,4,16,28,20.0,32.0,140.35813903808594,139.85260009765625,0.5055389404296875
ns_dog_69,resnet50_tl_20250829,8,4,16,32,20.0,36.0,140.35813903808594,139.91737365722656,0.440765380859375
ns_dog_69,resnet50_tl_20250829,8,4,16,36,20.0,40.0,140.35813903808594,140.05667114257812,0.3014678955078125
ns_dog_69,resnet50_tl_20250829,8,4,16,40,20.0,44.0,140.35813903808594,140.2180633544922,0.14007568359375
ns_dog_69,resnet50_tl_20250829,8,4,16,44,20.0,48.0,140.35813903808594,139.8275909423828,0.530548095703125
ns_dog_69,resnet50_tl_20250829,8,4,16,48,20.0,52.0,140.35813903808594,139.83236694335938,0.5257720947265625
ns_dog_69,resnet50_tl_20250829,8,4,16,52,20.0,56.0,140.35813903808594,139.98236083984375,0.3757781982421875
ns_dog_69,resnet50_tl_20250829,8,4,16,56,20.0,60.0,140.35813903808594,140.15621948242188,0.2019195556640625
ns_dog_69,resnet50_tl_20250829,8,4,16,60,20.0,64.0,140.35813903808594,139.76840209960938,0.5897369384765625
ns_dog_69,resnet50_tl_20250829,8,4,16,64,20.0,68.0,140.35813903808594,139.84552001953125,0.5126190185546875
ns_dog_69,resnet50_tl_20250829,8,4,16,68,20.0,72.0,140.35813903808594,140.03341674804688,0.3247222900390625
ns_dog_69,resnet50_tl_20250829,8,4,16,72,20.0,76.0,140.35813903808594,140.16676330566406,0.191375732421875
ns_dog_69,resnet50_tl_20250829,8,4,16,76,20.0,80.0,140.35813903808594,139.77928161621094,0.578857421875
ns_dog_69,resnet50_tl_20250829,8,4,16,80,20.0,84.0,140.35813903808594,139.8193359375,0.5388031005859375
ns_dog_69,resnet50_tl_20250829,8,4,16,84,20.0,88.0,140.35813903808594,139.9817352294922,0.37640380859375
ns_dog_69,resnet50_tl_20250829,8,4,16,88,20.0,92.0,140.35813903808594,140.15457153320312,0.2035675048828125
ns_dog_69,resnet50_tl_20250829,8,4,16,92,20.0,96.0,140.35813903808594,139.80299377441406,0.555145263671875
ns_dog_69,resnet50_tl_20250829,8,4,16,96,20.0,100.0,140.35813903808594,139.84832763671875,0.5098114013671875
ns_dog_69,resnet50_tl_20250829,8,4,16,100,20.0,104.0,140.35813903808594,140.0150604248047,0.34307861328125
ns_dog_69,resnet50_tl_20250829,8,4,16,104,20.0,108.0,140.35813903808594,140.1391143798828,0.219024658203125
ns_dog_69,resnet50_tl_20250829,8,4,16,108,20.0,112.0,140.35813903808594,139.81040954589844,0.5477294921875
ns_dog_69,resnet50_tl_20250829,8,4,16,112,20.0,116.0,140.35813903808594,139.8353729248047,0.52276611328125
ns_dog_69,resnet50_tl_20250829,8,4,16,116,20.0,120.0,140.35813903808594,139.9775390625,0.3805999755859375
ns_dog_69,resnet50_tl_20250829,8,4,16,120,20.0,124.0,140.35813903808594,140.16162109375,0.1965179443359375
ns_dog_69,resnet50_tl_20250829,8,4,16,124,20.0,128.0,140.35813903808594,139.83609008789062,0.5220489501953125
ns_dog_69,resnet50_tl_20250829,8,4,16,128,20.0,132.0,140.35813903808594,139.88548278808594,0.47265625
ns_dog_69,resnet50_tl_20250829,8,4,16,132,20.0,136.0,140.35813903808594,140.0510711669922,0.30706787109375
ns_dog_69,resnet50_tl_20250829,8,4,16,136,20.0,140.0,140.35813903808594,140.19508361816406,0.163055419921875
ns_dog_69,resnet50_tl_20250829,8,4,16,140,20.0,144.0,140.35813903808594,139.8177490234375,0.5403900146484375
ns_dog_69,resnet50_tl_20250829,8,4,16,144,20.0,148.0,140.35813903808594,139.84835815429688,0.5097808837890625
ns_dog_69,resnet50_tl_20250829,8,4,16,148,20.0,152.0,140.35813903808594,140.02267456054688,0.3354644775390625
ns_dog_69,resnet50_tl_20250829,8,4,16,152,20.0,156.0,140.35813903808594,140.22117614746094,0.136962890625
ns_dog_69,resnet50_tl_20250829,8,4,16,156,20.0,160.0,140.35813903808594,139.85325622558594,0.5048828125
ns_dog_69,resnet50_tl_20250829,8,4,16,160,20.0,164.0,140.35813903808594,139.9021453857422,0.45599365234375
ns_dog_69,resnet50_tl_20250829,8,4,16,164,20.0,168.0,140.35813903808594,140.09259033203125,0.2655487060546875
ns_dog_69,resnet50_tl_20250829,8,4,16,168,20.0,172.0,140.35813903808594,140.24266052246094,0.115478515625
ns_dog_69,resnet50_tl_20250829,8,4,16,172,20.0,176.0,140.35813903808594,139.85821533203125,0.4999237060546875
ns_dog_69,resnet50_tl_20250829,8,4,16,176,20.0,180.0,140.35813903808594,139.8774871826172,0.48065185546875
ns_dog_69,resnet50_tl_20250829,8,4,16,180,20.0,184.0,140.35813903808594,140.0426788330078,0.315460205078125
ns_dog_69,resnet50_tl_20250829,8,4,16,184,20.0,188.0,140.35813903808594,140.25595092773438,0.1021881103515625
ns_dog_69,resnet50_tl_20250829,8,4,16,188,20.0,192.0,140.35813903808594,139.9525146484375,0.4056243896484375
ns_dog_69,resnet50_tl_20250829,8,4,16,192,20.0,196.0,140.35813903808594,140.00807189941406,0.350067138671875
ns_dog_69,resnet50_tl_20250829,8,4,16,196,20.0,200.0,140.35813903808594,140.13980102539062,0.2183380126953125
ns_dog_69,resnet50_tl_20250829,8,4,16,200,20.0,204.0,140.35813903808594,140.2943572998047,0.06378173828125
ns_dog_69,resnet50_tl_20250829,8,4,16,204,20.0,208.0,140.35813903808594,140.16970825195312,0.1884307861328125
ns_dog_69,resnet50_tl_20250829,8,4,16,208,20.0,212.0,140.35813903808594,140.17514038085938,0.1829986572265625
ns_dog_69,resnet50_tl_20250829,8,4,16,212,20.0,216.0,140.35813903808594,140.1968536376953,0.161285400390625
ns_dog_69,resnet50_tl_20250829,8,4,16,216,20.0,220.0,140.35813903808594,140.26089477539062,0.0972442626953125
ns_dog_69,resnet50_tl_20250829,8,4,20,0,24.0,4.0,140.35813903808594,140.216796875,0.1413421630859375
ns_dog_69,resnet50_tl_20250829,8,4,20,4,24.0,8.0,140.35813903808594,140.21566772460938,0.1424713134765625
ns_dog_69,resnet50_tl_20250829,8,4,20,8,24.0,12.0,140.35813903808594,140.34130859375,0.0168304443359375
ns_dog_69,resnet50_tl_20250829,8,4,20,12,24.0,16.0,140.35813903808594,140.31146240234375,0.0466766357421875
ns_dog_69,resnet50_tl_20250829,8,4,20,16,24.0,20.0,140.35813903808594,140.2552490234375,0.1028900146484375
ns_dog_69,resnet50_tl_20250829,8,4,20,20,24.0,24.0,140.35813903808594,140.24423217773438,0.1139068603515625
ns_dog_69,resnet50_tl_20250829,8,4,20,24,24.0,28.0,140.35813903808594,140.27381896972656,0.084320068359375
ns_dog_69,resnet50_tl_20250829,8,4,20,28,24.0,32.0,140.35813903808594,140.24803161621094,0.110107421875
ns_dog_69,resnet50_tl_20250829,8,4,20,32,24.0,36.0,140.35813903808594,140.29229736328125,0.0658416748046875
ns_dog_69,resnet50_tl_20250829,8,4,20,36,24.0,40.0,140.35813903808594,140.3524169921875,0.0057220458984375
ns_dog_69,resnet50_tl_20250829,8,4,20,40,24.0,44.0,140.35813903808594,140.2707061767578,0.087432861328125
ns_dog_69,resnet50_tl_20250829,8,4,20,44,24.0,48.0,140.35813903808594,140.23675537109375,0.1213836669921875
ns_dog_69,resnet50_tl_20250829,8,4,20,48,24.0,52.0,140.35813903808594,140.27139282226562,0.0867462158203125
ns_dog_69,resnet50_tl_20250829,8,4,20,52,24.0,56.0,140.35813903808594,140.25772094726562,0.1004180908203125
ns_dog_69,resnet50_tl_20250829,8,4,20,56,24.0,60.0,140.35813903808594,140.22238159179688,0.1357574462890625
ns_dog_69,resnet50_tl_20250829,8,4,20,60,24.0,64.0,140.35813903808594,140.20767211914062,0.1504669189453125
ns_dog_69,resnet50_tl_20250829,8,4,20,64,24.0,68.0,140.35813903808594,140.24522399902344,0.1129150390625
ns_dog_69,resnet50_tl_20250829,8,4,20,68,24.0,72.0,140.35813903808594,140.27574157714844,0.0823974609375
ns_dog_69,resnet50_tl_20250829,8,4,20,72,24.0,76.0,140.35813903808594,140.17947387695312,0.1786651611328125
ns_dog_69,resnet50_tl_20250829,8,4,20,76,24.0,80.0,140.35813903808594,140.15127563476562,0.2068634033203125
ns_dog_69,resnet50_tl_20250829,8,4,20,80,24.0,84.0,140.35813903808594,140.15736389160156,0.200775146484375
ns_dog_69,resnet50_tl_20250829,8,4,20,84,24.0,88.0,140.35813903808594,140.1765594482422,0.18157958984375
ns_dog_69,resnet50_tl_20250829,8,4,20,88,24.0,92.0,140.35813903808594,140.1612548828125,0.1968841552734375
ns_dog_69,resnet50_tl_20250829,8,4,20,92,24.0,96.0,140.35813903808594,140.14817810058594,0.2099609375
ns_dog_69,resnet50_tl_20250829,8,4,20,96,24.0,100.0,140.35813903808594,140.14125061035156,0.216888427734375
ns_dog_69,resnet50_tl_20250829,8,4,20,100,24.0,104.0,140.35813903808594,140.1805877685547,0.17755126953125
ns_dog_69,resnet50_tl_20250829,8,4,20,104,24.0,108.0,140.35813903808594,140.12066650390625,0.2374725341796875
ns_dog_69,resnet50_tl_20250829,8,4,20,108,24.0,112.0,140.35813903808594,140.14312744140625,0.2150115966796875
ns_dog_69,resnet50_tl_20250829,8,4,20,112,24.0,116.0,140.35813903808594,140.13392639160156,0.224212646484375
ns_dog_69,resnet50_tl_20250829,8,4,20,116,24.0,120.0,140.35813903808594,140.17518615722656,0.182952880859375
ns_dog_69,resnet50_tl_20250829,8,4,20,120,24.0,124.0,140.35813903808594,140.170166015625,0.1879730224609375
ns_dog_69,resnet50_tl_20250829,8,4,20,124,24.0,128.0,140.35813903808594,140.18411254882812,0.1740264892578125
ns_dog_69,resnet50_tl_20250829,8,4,20,128,24.0,132.0,140.35813903808594,140.20835876464844,0.1497802734375
ns_dog_69,resnet50_tl_20250829,8,4,20,132,24.0,136.0,140.35813903808594,140.23599243164062,0.1221466064453125
ns_dog_69,resnet50_tl_20250829,8,4,20,136,24.0,140.0,140.35813903808594,140.1938018798828,0.164337158203125
ns_dog_69,resnet50_tl_20250829,8,4,20,140,24.0,144.0,140.35813903808594,140.19845581054688,0.1596832275390625
ns_dog_69,resnet50_tl_20250829,8,4,20,144,24.0,148.0,140.35813903808594,140.21536254882812,0.1427764892578125
ns_dog_69,resnet50_tl_20250829,8,4,20,148,24.0,152.0,140.35813903808594,140.2224578857422,0.13568115234375
ns_dog_69,resnet50_tl_20250829,8,4,20,152,24.0,156.0,140.35813903808594,140.23541259765625,0.1227264404296875
ns_dog_69,resnet50_tl_20250829,8,4,20,156,24.0,160.0,140.35813903808594,140.24661254882812,0.1115264892578125
ns_dog_69,resnet50_tl_20250829,8,4,20,160,24.0,164.0,140.35813903808594,140.29469299316406,0.063446044921875
ns_dog_69,resnet50_tl_20250829,8,4,20,164,24.0,168.0,140.35813903808594,140.2843475341797,0.07379150390625
ns_dog_69,resnet50_tl_20250829,8,4,20,168,24.0,172.0,140.35813903808594,140.26583862304688,0.0923004150390625
ns_dog_69,resnet50_tl_20250829,8,4,20,172,24.0,176.0,140.35813903808594,140.2836151123047,0.07452392578125
ns_dog_69,resnet50_tl_20250829,8,4,20,176,24.0,180.0,140.35813903808594,140.30223083496094,0.055908203125
ns_dog_69,resnet50_tl_20250829,8,4,20,180,24.0,184.0,140.35813903808594,140.2506866455078,0.107452392578125
ns_dog_69,resnet50_tl_20250829,8,4,20,184,24.0,188.0,140.35813903808594,140.26730346679688,0.0908355712890625
ns_dog_69,resnet50_tl_20250829,8,4,20,188,24.0,192.0,140.35813903808594,140.26168823242188,0.0964508056640625
ns_dog_69,resnet50_tl_20250829,8,4,20,192,24.0,196.0,140.35813903808594,140.35772705078125,0.0004119873046875
ns_dog_69,resnet50_tl_20250829,8,4,20,196,24.0,200.0,140.35813903808594,140.30023193359375,0.0579071044921875
ns_dog_69,resnet50_tl_20250829,8,4,20,200,24.0,204.0,140.35813903808594,140.3064422607422,0.05169677734375
ns_dog_69,resnet50_tl_20250829,8,4,20,204,24.0,208.0,140.35813903808594,140.34786987304688,0.0102691650390625
ns_dog_69,resnet50_tl_20250829,8,4,20,208,24.0,212.0,140.35813903808594,140.40127563476562,-0.0431365966796875
ns_dog_69,resnet50_tl_20250829,8,4,20,212,24.0,216.0,140.35813903808594,140.3061065673828,0.052032470703125
ns_dog_69,resnet50_tl_20250829,8,4,20,216,24.0,220.0,140.35813903808594,140.24755859375,0.1105804443359375
ns_dog_69,resnet50_tl_20250829,8,4,24,0,28.0,4.0,140.35813903808594,140.0306396484375,0.3274993896484375
ns_dog_69,resnet50_tl_20250829,8,4,24,4,28.0,8.0,140.35813903808594,140.1217498779297,0.23638916015625
ns_dog_69,resnet50_tl_20250829,8,4,24,8,28.0,12.0,140.35813903808594,140.20809936523438,0.1500396728515625
ns_dog_69,resnet50_tl_20250829,8,4,24,12,28.0,16.0,140.35813903808594,139.98843383789062,0.3697052001953125
ns_dog_69,resnet50_tl_20250829,8,4,24,16,28.0,20.0,140.35813903808594,139.98941040039062,0.3687286376953125
ns_dog_69,resnet50_tl_20250829,8,4,24,20,28.0,24.0,140.35813903808594,140.0283660888672,0.32977294921875
ns_dog_69,resnet50_tl_20250829,8,4,24,24,28.0,28.0,140.35813903808594,140.19979858398438,0.1583404541015625
ns_dog_69,resnet50_tl_20250829,8,4,24,28,28.0,32.0,140.35813903808594,139.9282684326172,0.42987060546875
ns_dog_69,resnet50_tl_20250829,8,4,24,32,28.0,36.0,140.35813903808594,139.99681091308594,0.361328125
ns_dog_69,resnet50_tl_20250829,8,4,24,36,28.0,40.0,140.35813903808594,140.13644409179688,0.2216949462890625
ns_dog_69,resnet50_tl_20250829,8,4,24,40,28.0,44.0,140.35813903808594,140.2481231689453,0.110015869140625
ns_dog_69,resnet50_tl_20250829,8,4,24,44,28.0,48.0,140.35813903808594,139.9412078857422,0.41693115234375
ns_dog_69,resnet50_tl_20250829,8,4,24,48,28.0,52.0,140.35813903808594,140.04434204101562,0.3137969970703125
ns_dog_69,resnet50_tl_20250829,8,4,24,52,28.0,56.0,140.35813903808594,140.09117126464844,0.2669677734375
ns_dog_69,resnet50_tl_20250829,8,4,24,56,28.0,60.0,140.35813903808594,140.24539184570312,0.1127471923828125
ns_dog_69,resnet50_tl_20250829,8,4,24,60,28.0,64.0,140.35813903808594,140.01744079589844,0.3406982421875
ns_dog_69,resnet50_tl_20250829,8,4,24,64,28.0,68.0,140.35813903808594,140.0994415283203,0.258697509765625
ns_dog_69,resnet50_tl_20250829,8,4,24,68,28.0,72.0,140.35813903808594,140.07888793945312,0.2792510986328125
ns_dog_69,resnet50_tl_20250829,8,4,24,72,28.0,76.0,140.35813903808594,140.1101837158203,0.247955322265625
ns_dog_69,resnet50_tl_20250829,8,4,24,76,28.0,80.0,140.35813903808594,139.93048095703125,0.4276580810546875
ns_dog_69,resnet50_tl_20250829,8,4,24,80,28.0,84.0,140.35813903808594,139.97164916992188,0.3864898681640625
ns_dog_69,resnet50_tl_20250829,8,4,24,84,28.0,88.0,140.35813903808594,140.00303649902344,0.3551025390625
ns_dog_69,resnet50_tl_20250829,8,4,24,88,28.0,92.0,140.35813903808594,140.07589721679688,0.2822418212890625
ns_dog_69,resnet50_tl_20250829,8,4,24,92,28.0,96.0,140.35813903808594,139.8625946044922,0.49554443359375
ns_dog_69,resnet50_tl_20250829,8,4,24,96,28.0,100.0,140.35813903808594,139.90460205078125,0.4535369873046875
ns_dog_69,resnet50_tl_20250829,8,4,24,100,28.0,104.0,140.35813903808594,139.9644012451172,0.39373779296875
ns_dog_69,resnet50_tl_20250829,8,4,24,104,28.0,108.0,140.35813903808594,140.03614807128906,0.321990966796875
ns_dog_69,resnet50_tl_20250829,8,4,24,108,28.0,112.0,140.35813903808594,139.87518310546875,0.4829559326171875
ns_dog_69,resnet50_tl_20250829,8,4,24,112,28.0,116.0,140.35813903808594,139.90835571289062,0.4497833251953125
ns_dog_69,resnet50_tl_20250829,8,4,24,116,28.0,120.0,140.35813903808594,139.9813690185547,0.37677001953125
ns_dog_69,resnet50_tl_20250829,8,4,24,120,28.0,124.0,140.35813903808594,140.0725555419922,0.28558349609375
ns_dog_69,resnet50_tl_20250829,8,4,24,124,28.0,128.0,140.35813903808594,139.9002227783203,0.457916259765625
ns_dog_69,resnet50_tl_20250829,8,4,24,128,28.0,132.0,140.35813903808594,139.95529174804688,0.4028472900390625
ns_dog_69,resnet50_tl_20250829,8,4,24,132,28.0,136.0,140.35813903808594,140.02450561523438,0.3336334228515625
ns_dog_69,resnet50_tl_20250829,8,4,24,136,28.0,140.0,140.35813903808594,140.11795043945312,0.2401885986328125
ns_dog_69,resnet50_tl_20250829,8,4,24,140,28.0,144.0,140.35813903808594,139.95782470703125,0.4003143310546875
ns_dog_69,resnet50_tl_20250829,8,4,24,144,28.0,148.0,140.35813903808594,140.0059356689453,0.352203369140625
ns_dog_69,resnet50_tl_20250829,8,4,24,148,28.0,152.0,140.35813903808594,140.0555877685547,0.30255126953125
ns_dog_69,resnet50_tl_20250829,8,4,24,152,28.0,156.0,140.35813903808594,140.166015625,0.1921234130859375
ns_dog_69,resnet50_tl_20250829,8,4,24,156,28.0,160.0,140.35813903808594,140.00421142578125,0.3539276123046875
ns_dog_69,resnet50_tl_20250829,8,4,24,160,28.0,164.0,140.35813903808594,140.0758056640625,0.2823333740234375
ns_dog_69,resnet50_tl_20250829,8,4,24,164,28.0,168.0,140.35813903808594,140.10403442382812,0.2541046142578125
ns_dog_69,resnet50_tl_20250829,8,4,24,168,28.0,172.0,140.35813903808594,140.22488403320312,0.1332550048828125
ns_dog_69,resnet50_tl_20250829,8,4,24,172,28.0,176.0,140.35813903808594,140.09642028808594,0.26171875
ns_dog_69,resnet50_tl_20250829,8,4,24,176,28.0,180.0,140.35813903808594,140.15560913085938,0.2025299072265625
ns_dog_69,resnet50_tl_20250829,8,4,24,180,28.0,184.0,140.35813903808594,140.13482666015625,0.2233123779296875
ns_dog_69,resnet50_tl_20250829,8,4,24,184,28.0,188.0,140.35813903808594,140.24986267089844,0.1082763671875
ns_dog_69,resnet50_tl_20250829,8,4,24,188,28.0,192.0,140.35813903808594,140.11474609375,0.2433929443359375
ns_dog_69,resnet50_tl_20250829,8,4,24,192,28.0,196.0,140.35813903808594,140.202392578125,0.1557464599609375
ns_dog_69,resnet50_tl_20250829,8,4,24,196,28.0,200.0,140.35813903808594,140.18081665039062,0.1773223876953125
ns_dog_69,resnet50_tl_20250829,8,4,24,200,28.0,204.0,140.35813903808594,140.28221130371094,0.075927734375
ns_dog_69,resnet50_tl_20250829,8,4,24,204,28.0,208.0,140.35813903808594,140.2942352294922,0.06390380859375
ns_dog_69,resnet50_tl_20250829,8,4,24,208,28.0,212.0,140.35813903808594,140.32542419433594,0.03271484375
ns_dog_69,resnet50_tl_20250829,8,4,24,212,28.0,216.0,140.35813903808594,140.2456512451172,0.11248779296875
ns_dog_69,resnet50_tl_20250829,8,4,24,216,28.0,220.0,140.35813903808594,140.25650024414062,0.1016387939453125
ns_dog_69,resnet50_tl_20250829,8,4,28,0,32.0,4.0,140.35813903808594,139.61099243164062,0.7471466064453125
ns_dog_69,resnet50_tl_20250829,8,4,28,4,32.0,8.0,140.35813903808594,140.18576049804688,0.1723785400390625
ns_dog_69,resnet50_tl_20250829,8,4,28,8,32.0,12.0,140.35813903808594,140.28482055664062,0.0733184814453125
ns_dog_69,resnet50_tl_20250829,8,4,28,12,32.0,16.0,140.35813903808594,139.77938842773438,0.5787506103515625
ns_dog_69,resnet50_tl_20250829,8,4,28,16,32.0,20.0,140.35813903808594,139.75152587890625,0.6066131591796875
ns_dog_69,resnet50_tl_20250829,8,4,28,20,32.0,24.0,140.35813903808594,140.1461944580078,0.211944580078125
ns_dog_69,resnet50_tl_20250829,8,4,28,24,32.0,28.0,140.35813903808594,140.27865600585938,0.0794830322265625
ns_dog_69,resnet50_tl_20250829,8,4,28,28,32.0,32.0,140.35813903808594,139.6205291748047,0.73760986328125
ns_dog_69,resnet50_tl_20250829,8,4,28,32,32.0,36.0,140.35813903808594,139.6887969970703,0.669342041015625
ns_dog_69,resnet50_tl_20250829,8,4,28,36,32.0,40.0,140.35813903808594,140.1922149658203,0.165924072265625
ns_dog_69,resnet50_tl_20250829,8,4,28,40,32.0,44.0,140.35813903808594,140.2248992919922,0.13323974609375
ns_dog_69,resnet50_tl_20250829,8,4,28,44,32.0,48.0,140.35813903808594,139.55711364746094,0.801025390625
ns_dog_69,resnet50_tl_20250829,8,4,28,48,32.0,52.0,140.35813903808594,139.54251098632812,0.8156280517578125
ns_dog_69,resnet50_tl_20250829,8,4,28,52,32.0,56.0,140.35813903808594,140.0848388671875,0.2733001708984375
ns_dog_69,resnet50_tl_20250829,8,4,28,56,32.0,60.0,140.35813903808594,140.23587036132812,0.1222686767578125
ns_dog_69,resnet50_tl_20250829,8,4,28,60,32.0,64.0,140.35813903808594,139.83750915527344,0.5206298828125
ns_dog_69,resnet50_tl_20250829,8,4,28,64,32.0,68.0,140.35813903808594,139.8625946044922,0.49554443359375
ns_dog_69,resnet50_tl_20250829,8,4,28,68,32.0,72.0,140.35813903808594,140.22842407226562,0.1297149658203125
ns_dog_69,resnet50_tl_20250829,8,4,28,72,32.0,76.0,140.35813903808594,140.18881225585938,0.1693267822265625
ns_dog_69,resnet50_tl_20250829,8,4,28,76,32.0,80.0,140.35813903808594,139.8800048828125,0.4781341552734375
ns_dog_69,resnet50_tl_20250829,8,4,28,80,32.0,84.0,140.35813903808594,139.820556640625,0.5375823974609375
ns_dog_69,resnet50_tl_20250829,8,4,28,84,32.0,88.0,140.35813903808594,140.14163208007812,0.2165069580078125
ns_dog_69,resnet50_tl_20250829,8,4,28,88,32.0,92.0,140.35813903808594,140.1767578125,0.1813812255859375
ns_dog_69,resnet50_tl_20250829,8,4,28,92,32.0,96.0,140.35813903808594,139.65977478027344,0.6983642578125
ns_dog_69,resnet50_tl_20250829,8,4,28,96,32.0,100.0,140.35813903808594,139.67318725585938,0.6849517822265625
ns_dog_69,resnet50_tl_20250829,8,4,28,100,32.0,104.0,140.35813903808594,140.08262634277344,0.2755126953125
ns_dog_69,resnet50_tl_20250829,8,4,28,104,32.0,108.0,140.35813903808594,140.1388702392578,0.219268798828125
ns_dog_69,resnet50_tl_20250829,8,4,28,108,32.0,112.0,140.35813903808594,139.79159545898438,0.5665435791015625
ns_dog_69,resnet50_tl_20250829,8,4,28,112,32.0,116.0,140.35813903808594,139.7390899658203,0.619049072265625
ns_dog_69,resnet50_tl_20250829,8,4,28,116,32.0,120.0,140.35813903808594,140.13742065429688,0.2207183837890625
ns_dog_69,resnet50_tl_20250829,8,4,28,120,32.0,124.0,140.35813903808594,140.18995666503906,0.168182373046875
ns_dog_69,resnet50_tl_20250829,8,4,28,124,32.0,128.0,140.35813903808594,139.70150756835938,0.6566314697265625
ns_dog_69,resnet50_tl_20250829,8,4,28,128,32.0,132.0,140.35813903808594,139.7004852294922,0.65765380859375
ns_dog_69,resnet50_tl_20250829,8,4,28,132,32.0,136.0,140.35813903808594,140.1233367919922,0.23480224609375
ns_dog_69,resnet50_tl_20250829,8,4,28,136,32.0,140.0,140.35813903808594,140.2126922607422,0.14544677734375
ns_dog_69,resnet50_tl_20250829,8,4,28,140,32.0,144.0,140.35813903808594,139.83502197265625,0.5231170654296875
ns_dog_69,resnet50_tl_20250829,8,4,28,144,32.0,148.0,140.35813903808594,139.8045196533203,0.553619384765625
ns_dog_69,resnet50_tl_20250829,8,4,28,148,32.0,152.0,140.35813903808594,140.20840454101562,0.1497344970703125
ns_dog_69,resnet50_tl_20250829,8,4,28,152,32.0,156.0,140.35813903808594,140.26971435546875,0.0884246826171875
ns_dog_69,resnet50_tl_20250829,8,4,28,156,32.0,160.0,140.35813903808594,139.78067016601562,0.5774688720703125
ns_dog_69,resnet50_tl_20250829,8,4,28,160,32.0,164.0,140.35813903808594,139.82046508789062,0.5376739501953125
ns_dog_69,resnet50_tl_20250829,8,4,28,164,32.0,168.0,140.35813903808594,140.18373107910156,0.174407958984375
ns_dog_69,resnet50_tl_20250829,8,4,28,168,32.0,172.0,140.35813903808594,140.32046508789062,0.0376739501953125
ns_dog_69,resnet50_tl_20250829,8,4,28,172,32.0,176.0,140.35813903808594,140.0145263671875,0.3436126708984375
ns_dog_69,resnet50_tl_20250829,8,4,28,176,32.0,180.0,140.35813903808594,140.018798828125,0.3393402099609375
ns_dog_69,resnet50_tl_20250829,8,4,28,180,32.0,184.0,140.35813903808594,140.2641143798828,0.094024658203125
ns_dog_69,resnet50_tl_20250829,8,4,28,184,32.0,188.0,140.35813903808594,140.36524963378906,-0.007110595703125
ns_dog_69,resnet50_tl_20250829,8,4,28,188,32.0,192.0,140.35813903808594,139.96241760253906,0.395721435546875
ns_dog_69,resnet50_tl_20250829,8,4,28,192,32.0,196.0,140.35813903808594,140.02383422851562,0.3343048095703125
ns_dog_69,resnet50_tl_20250829,8,4,28,196,32.0,200.0,140.35813903808594,140.20306396484375,0.1550750732421875
ns_dog_69,resnet50_tl_20250829,8,4,28,200,32.0,204.0,140.35813903808594,140.3507843017578,0.007354736328125
ns_dog_69,resnet50_tl_20250829,8,4,28,204,32.0,208.0,140.35813903808594,140.21470642089844,0.1434326171875
ns_dog_69,resnet50_tl_20250829,8,4,28,208,32.0,212.0,140.35813903808594,140.21063232421875,0.1475067138671875
ns_dog_69,resnet50_tl_20250829,8,4,28,212,32.0,216.0,140.35813903808594,140.24229431152344,0.1158447265625
ns_dog_69,resnet50_tl_20250829,8,4,28,216,32.0,220.0,140.35813903808594,140.2676544189453,0.090484619140625
ns_dog_69,resnet50_tl_20250829,8,4,32,0,36.0,4.0,140.35813903808594,139.7499542236328,0.608184814453125
ns_dog_69,resnet50_tl_20250829,8,4,32,4,36.0,8.0,140.35813903808594,140.09300231933594,0.26513671875
ns_dog_69,resnet50_tl_20250829,8,4,32,8,36.0,12.0,140.35813903808594,140.26988220214844,0.0882568359375
ns_dog_69,resnet50_tl_20250829,8,4,32,12,36.0,16.0,140.35813903808594,139.75555419921875,0.6025848388671875
ns_dog_69,resnet50_tl_20250829,8,4,32,16,36.0,20.0,140.35813903808594,139.82322692871094,0.534912109375
ns_dog_69,resnet50_tl_20250829,8,4,32,20,36.0,24.0,140.35813903808594,140.05987548828125,0.2982635498046875
ns_dog_69,resnet50_tl_20250829,8,4,32,24,36.0,28.0,140.35813903808594,140.27645874023438,0.0816802978515625
ns_dog_69,resnet50_tl_20250829,8,4,32,28,36.0,32.0,140.35813903808594,139.68716430664062,0.6709747314453125
ns_dog_69,resnet50_tl_20250829,8,4,32,32,36.0,36.0,140.35813903808594,139.74803161621094,0.610107421875
ns_dog_69,resnet50_tl_20250829,8,4,32,36,36.0,40.0,140.35813903808594,140.08546447753906,0.272674560546875
ns_dog_69,resnet50_tl_20250829,8,4,32,40,36.0,44.0,140.35813903808594,140.1317138671875,0.2264251708984375
ns_dog_69,resnet50_tl_20250829,8,4,32,44,36.0,48.0,140.35813903808594,139.6806182861328,0.677520751953125
ns_dog_69,resnet50_tl_20250829,8,4,32,48,36.0,52.0,140.35813903808594,139.58905029296875,0.7690887451171875
ns_dog_69,resnet50_tl_20250829,8,4,32,52,36.0,56.0,140.35813903808594,139.9949951171875,0.3631439208984375
ns_dog_69,resnet50_tl_20250829,8,4,32,56,36.0,60.0,140.35813903808594,140.2530059814453,0.105133056640625
ns_dog_69,resnet50_tl_20250829,8,4,32,60,36.0,64.0,140.35813903808594,139.85699462890625,0.5011444091796875
ns_dog_69,resnet50_tl_20250829,8,4,32,64,36.0,68.0,140.35813903808594,139.87538146972656,0.482757568359375
ns_dog_69,resnet50_tl_20250829,8,4,32,68,36.0,72.0,140.35813903808594,140.09646606445312,0.2616729736328125
ns_dog_69,resnet50_tl_20250829,8,4,32,72,36.0,76.0,140.35813903808594,140.1884307861328,0.169708251953125
ns_dog_69,resnet50_tl_20250829,8,4,32,76,36.0,80.0,140.35813903808594,139.8703155517578,0.487823486328125
ns_dog_69,resnet50_tl_20250829,8,4,32,80,36.0,84.0,140.35813903808594,139.8846893310547,0.47344970703125
ns_dog_69,resnet50_tl_20250829,8,4,32,84,36.0,88.0,140.35813903808594,139.99673461914062,0.3614044189453125
ns_dog_69,resnet50_tl_20250829,8,4,32,88,36.0,92.0,140.35813903808594,140.1213836669922,0.23675537109375
ns_dog_69,resnet50_tl_20250829,8,4,32,92,36.0,96.0,140.35813903808594,139.6609344482422,0.69720458984375
ns_dog_69,resnet50_tl_20250829,8,4,32,96,36.0,100.0,140.35813903808594,139.7109375,0.6472015380859375
ns_dog_69,resnet50_tl_20250829,8,4,32,100,36.0,104.0,140.35813903808594,139.9400177001953,0.418121337890625
ns_dog_69,resnet50_tl_20250829,8,4,32,104,36.0,108.0,140.35813903808594,140.07528686523438,0.2828521728515625
ns_dog_69,resnet50_tl_20250829,8,4,32,108,36.0,112.0,140.35813903808594,139.71961975097656,0.638519287109375
ns_dog_69,resnet50_tl_20250829,8,4,32,112,36.0,116.0,140.35813903808594,139.74163818359375,0.6165008544921875
ns_dog_69,resnet50_tl_20250829,8,4,32,116,36.0,120.0,140.35813903808594,139.9616241455078,0.396514892578125
ns_dog_69,resnet50_tl_20250829,8,4,32,120,36.0,124.0,140.35813903808594,140.11705017089844,0.2410888671875
ns_dog_69,resnet50_tl_20250829,8,4,32,124,36.0,128.0,140.35813903808594,139.6844940185547,0.67364501953125
ns_dog_69,resnet50_tl_20250829,8,4,32,128,36.0,132.0,140.35813903808594,139.72604370117188,0.6320953369140625
ns_dog_69,resnet50_tl_20250829,8,4,32,132,36.0,136.0,140.35813903808594,139.9796905517578,0.378448486328125
ns_dog_69,resnet50_tl_20250829,8,4,32,136,36.0,140.0,140.35813903808594,140.1392822265625,0.2188568115234375
ns_dog_69,resnet50_tl_20250829,8,4,32,140,36.0,144.0,140.35813903808594,139.78990173339844,0.5682373046875
ns_dog_69,resnet50_tl_20250829,8,4,32,144,36.0,148.0,140.35813903808594,139.82521057128906,0.532928466796875
ns_dog_69,resnet50_tl_20250829,8,4,32,148,36.0,152.0,140.35813903808594,140.05044555664062,0.3076934814453125
ns_dog_69,resnet50_tl_20250829,8,4,32,152,36.0,156.0,140.35813903808594,140.2133026123047,0.14483642578125
ns_dog_69,resnet50_tl_20250829,8,4,32,156,36.0,160.0,140.35813903808594,139.80274963378906,0.555389404296875
ns_dog_69,resnet50_tl_20250829,8,4,32,160,36.0,164.0,140.35813903808594,139.87452697753906,0.483612060546875
ns_dog_69,resnet50_tl_20250829,8,4,32,164,36.0,168.0,140.35813903808594,140.103271484375,0.2548675537109375
ns_dog_69,resnet50_tl_20250829,8,4,32,168,36.0,172.0,140.35813903808594,140.25523376464844,0.1029052734375
ns_dog_69,resnet50_tl_20250829,8,4,32,172,36.0,176.0,140.35813903808594,139.99566650390625,0.3624725341796875
ns_dog_69,resnet50_tl_20250829,8,4,32,176,36.0,180.0,140.35813903808594,140.01193237304688,0.3462066650390625
ns_dog_69,resnet50_tl_20250829,8,4,32,180,36.0,184.0,140.35813903808594,140.1543426513672,0.20379638671875
ns_dog_69,resnet50_tl_20250829,8,4,32,184,36.0,188.0,140.35813903808594,140.2940216064453,0.064117431640625
ns_dog_69,resnet50_tl_20250829,8,4,32,188,36.0,192.0,140.35813903808594,139.97982788085938,0.3783111572265625
ns_dog_69,resnet50_tl_20250829,8,4,32,192,36.0,196.0,140.35813903808594,140.0438995361328,0.314239501953125
ns_dog_69,resnet50_tl_20250829,8,4,32,196,36.0,200.0,140.35813903808594,140.1630401611328,0.195098876953125
ns_dog_69,resnet50_tl_20250829,8,4,32,200,36.0,204.0,140.35813903808594,140.2987823486328,0.059356689453125
ns_dog_69,resnet50_tl_20250829,8,4,32,204,36.0,208.0,140.35813903808594,140.19082641601562,0.1673126220703125
ns_dog_69,resnet50_tl_20250829,8,4,32,208,36.0,212.0,140.35813903808594,140.19943237304688,0.1587066650390625
ns_dog_69,resnet50_tl_20250829,8,4,32,212,36.0,216.0,140.35813903808594,140.20774841308594,0.150390625
ns_dog_69,resnet50_tl_20250829,8,4,32,216,36.0,220.0,140.35813903808594,140.2783203125,0.0798187255859375
ns_dog_69,resnet50_tl_20250829,8,4,36,0,40.0,4.0,140.35813903808594,140.1719970703125,0.1861419677734375
ns_dog_69,resnet50_tl_20250829,8,4,36,4,40.0,8.0,140.35813903808594,140.22152709960938,0.1366119384765625
ns_dog_69,resnet50_tl_20250829,8,4,36,8,40.0,12.0,140.35813903808594,140.2520294189453,0.106109619140625
ns_dog_69,resnet50_tl_20250829,8,4,36,12,40.0,16.0,140.35813903808594,140.19174194335938,0.1663970947265625
ns_dog_69,resnet50_tl_20250829,8,4,36,16,40.0,20.0,140.35813903808594,140.2275390625,0.1305999755859375
ns_dog_69,resnet50_tl_20250829,8,4,36,20,40.0,24.0,140.35813903808594,140.23187255859375,0.1262664794921875
ns_dog_69,resnet50_tl_20250829,8,4,36,24,40.0,28.0,140.35813903808594,140.20904541015625,0.1490936279296875
ns_dog_69,resnet50_tl_20250829,8,4,36,28,40.0,32.0,140.35813903808594,140.10499572753906,0.253143310546875
ns_dog_69,resnet50_tl_20250829,8,4,36,32,40.0,36.0,140.35813903808594,140.1220703125,0.2360687255859375
ns_dog_69,resnet50_tl_20250829,8,4,36,36,40.0,40.0,140.35813903808594,139.97042846679688,0.3877105712890625
ns_dog_69,resnet50_tl_20250829,8,4,36,40,40.0,44.0,140.35813903808594,140.03143310546875,0.3267059326171875
ns_dog_69,resnet50_tl_20250829,8,4,36,44,40.0,48.0,140.35813903808594,139.87852478027344,0.4796142578125
ns_dog_69,resnet50_tl_20250829,8,4,36,48,40.0,52.0,140.35813903808594,139.7432861328125,0.6148529052734375
ns_dog_69,resnet50_tl_20250829,8,4,36,52,40.0,56.0,140.35813903808594,139.9197235107422,0.43841552734375
ns_dog_69,resnet50_tl_20250829,8,4,36,56,40.0,60.0,140.35813903808594,139.94801330566406,0.410125732421875
ns_dog_69,resnet50_tl_20250829,8,4,36,60,40.0,64.0,140.35813903808594,139.97703552246094,0.381103515625
ns_dog_69,resnet50_tl_20250829,8,4,36,64,40.0,68.0,140.35813903808594,139.9793243408203,0.378814697265625
ns_dog_69,resnet50_tl_20250829,8,4,36,68,40.0,72.0,140.35813903808594,140.13636779785156,0.221771240234375
ns_dog_69,resnet50_tl_20250829,8,4,36,72,40.0,76.0,140.35813903808594,140.0438690185547,0.31427001953125
ns_dog_69,resnet50_tl_20250829,8,4,36,76,40.0,80.0,140.35813903808594,140.22097778320312,0.1371612548828125
ns_dog_69,resnet50_tl_20250829,8,4,36,80,40.0,84.0,140.35813903808594,140.22276306152344,0.1353759765625
ns_dog_69,resnet50_tl_20250829,8,4,36,84,40.0,88.0,140.35813903808594,140.21978759765625,0.1383514404296875
ns_dog_69,resnet50_tl_20250829,8,4,36,88,40.0,92.0,140.35813903808594,140.16078186035156,0.197357177734375
ns_dog_69,resnet50_tl_20250829,8,4,36,92,40.0,96.0,140.35813903808594,140.1275177001953,0.230621337890625
ns_dog_69,resnet50_tl_20250829,8,4,36,96,40.0,100.0,140.35813903808594,140.09811401367188,0.2600250244140625
ns_dog_69,resnet50_tl_20250829,8,4,36,100,40.0,104.0,140.35813903808594,140.17431640625,0.1838226318359375
ns_dog_69,resnet50_tl_20250829,8,4,36,104,40.0,108.0,140.35813903808594,140.0937957763672,0.26434326171875
ns_dog_69,resnet50_tl_20250829,8,4,36,108,40.0,112.0,140.35813903808594,140.14454650878906,0.213592529296875
ns_dog_69,resnet50_tl_20250829,8,4,36,112,40.0,116.0,140.35813903808594,140.0988006591797,0.25933837890625
ns_dog_69,resnet50_tl_20250829,8,4,36,116,40.0,120.0,140.35813903808594,140.19436645507812,0.1637725830078125
ns_dog_69,resnet50_tl_20250829,8,4,36,120,40.0,124.0,140.35813903808594,140.13726806640625,0.2208709716796875
ns_dog_69,resnet50_tl_20250829,8,4,36,124,40.0,128.0,140.35813903808594,140.17369079589844,0.1844482421875
ns_dog_69,resnet50_tl_20250829,8,4,36,128,40.0,132.0,140.35813903808594,140.16407775878906,0.194061279296875
ns_dog_69,resnet50_tl_20250829,8,4,36,132,40.0,136.0,140.35813903808594,140.22036743164062,0.1377716064453125
ns_dog_69,resnet50_tl_20250829,8,4,36,136,40.0,140.0,140.35813903808594,140.15664672851562,0.2014923095703125
ns_dog_69,resnet50_tl_20250829,8,4,36,140,40.0,144.0,140.35813903808594,140.23326110839844,0.1248779296875
ns_dog_69,resnet50_tl_20250829,8,4,36,144,40.0,148.0,140.35813903808594,140.215576171875,0.1425628662109375
ns_dog_69,resnet50_tl_20250829,8,4,36,148,40.0,152.0,140.35813903808594,140.30535888671875,0.0527801513671875
ns_dog_69,resnet50_tl_20250829,8,4,36,152,40.0,156.0,140.35813903808594,140.2401580810547,0.11798095703125
ns_dog_69,resnet50_tl_20250829,8,4,36,156,40.0,160.0,140.35813903808594,140.20242309570312,0.1557159423828125
ns_dog_69,resnet50_tl_20250829,8,4,36,160,40.0,164.0,140.35813903808594,140.32521057128906,0.032928466796875
ns_dog_69,resnet50_tl_20250829,8,4,36,164,40.0,168.0,140.35813903808594,140.26193237304688,0.0962066650390625
ns_dog_69,resnet50_tl_20250829,8,4,36,168,40.0,172.0,140.35813903808594,140.2288818359375,0.1292572021484375
ns_dog_69,resnet50_tl_20250829,8,4,36,172,40.0,176.0,140.35813903808594,140.3079833984375,0.0501556396484375
ns_dog_69,resnet50_tl_20250829,8,4,36,176,40.0,180.0,140.35813903808594,140.3679656982422,-0.00982666015625
ns_dog_69,resnet50_tl_20250829,8,4,36,180,40.0,184.0,140.35813903808594,140.39451599121094,-0.036376953125
ns_dog_69,resnet50_tl_20250829,8,4,36,184,40.0,188.0,140.35813903808594,140.35574340820312,0.0023956298828125
ns_dog_69,resnet50_tl_20250829,8,4,36,188,40.0,192.0,140.35813903808594,140.3448486328125,0.0132904052734375
ns_dog_69,resnet50_tl_20250829,8,4,36,192,40.0,196.0,140.35813903808594,140.39599609375,-0.0378570556640625
ns_dog_69,resnet50_tl_20250829,8,4,36,196,40.0,200.0,140.35813903808594,140.33450317382812,0.0236358642578125
ns_dog_69,resnet50_tl_20250829,8,4,36,200,40.0,204.0,140.35813903808594,140.3241424560547,0.03399658203125
ns_dog_69,resnet50_tl_20250829,8,4,36,204,40.0,208.0,140.35813903808594,140.3697052001953,-0.011566162109375
ns_dog_69,resnet50_tl_20250829,8,4,36,208,40.0,212.0,140.35813903808594,140.39816284179688,-0.0400238037109375
ns_dog_69,resnet50_tl_20250829,8,4,36,212,40.0,216.0,140.35813903808594,140.31304931640625,0.0450897216796875
ns_dog_69,resnet50_tl_20250829,8,4,36,216,40.0,220.0,140.35813903808594,140.2591552734375,0.0989837646484375
ns_dog_69,resnet50_tl_20250829,8,4,40,0,44.0,4.0,140.35813903808594,140.23696899414062,0.1211700439453125
ns_dog_69,resnet50_tl_20250829,8,4,40,4,44.0,8.0,140.35813903808594,140.15342712402344,0.2047119140625
ns_dog_69,resnet50_tl_20250829,8,4,40,8,44.0,12.0,140.35813903808594,140.2537078857422,0.10443115234375
ns_dog_69,resnet50_tl_20250829,8,4,40,12,44.0,16.0,140.35813903808594,140.16966247558594,0.1884765625
ns_dog_69,resnet50_tl_20250829,8,4,40,16,44.0,20.0,140.35813903808594,140.11270141601562,0.2454376220703125
ns_dog_69,resnet50_tl_20250829,8,4,40,20,44.0,24.0,140.35813903808594,140.03445434570312,0.3236846923828125
ns_dog_69,resnet50_tl_20250829,8,4,40,24,44.0,28.0,140.35813903808594,140.07386779785156,0.284271240234375
ns_dog_69,resnet50_tl_20250829,8,4,40,28,44.0,32.0,140.35813903808594,140.00802612304688,0.3501129150390625
ns_dog_69,resnet50_tl_20250829,8,4,40,32,44.0,36.0,140.35813903808594,140.02821350097656,0.329925537109375
ns_dog_69,resnet50_tl_20250829,8,4,40,36,44.0,40.0,140.35813903808594,139.98878479003906,0.369354248046875
ns_dog_69,resnet50_tl_20250829,8,4,40,40,44.0,44.0,140.35813903808594,139.89430236816406,0.463836669921875
ns_dog_69,resnet50_tl_20250829,8,4,40,44,44.0,48.0,140.35813903808594,139.770751953125,0.5873870849609375
ns_dog_69,resnet50_tl_20250829,8,4,40,48,44.0,52.0,140.35813903808594,139.6226806640625,0.7354583740234375
ns_dog_69,resnet50_tl_20250829,8,4,40,52,44.0,56.0,140.35813903808594,139.6930694580078,0.665069580078125
ns_dog_69,resnet50_tl_20250829,8,4,40,56,44.0,60.0,140.35813903808594,139.7415771484375,0.6165618896484375
ns_dog_69,resnet50_tl_20250829,8,4,40,60,44.0,64.0,140.35813903808594,139.90597534179688,0.4521636962890625
ns_dog_69,resnet50_tl_20250829,8,4,40,64,44.0,68.0,140.35813903808594,139.79580688476562,0.5623321533203125
ns_dog_69,resnet50_tl_20250829,8,4,40,68,44.0,72.0,140.35813903808594,139.95025634765625,0.4078826904296875
ns_dog_69,resnet50_tl_20250829,8,4,40,72,44.0,76.0,140.35813903808594,139.96417236328125,0.3939666748046875
ns_dog_69,resnet50_tl_20250829,8,4,40,76,44.0,80.0,140.35813903808594,139.9501953125,0.4079437255859375
ns_dog_69,resnet50_tl_20250829,8,4,40,80,44.0,84.0,140.35813903808594,140.0542755126953,0.303863525390625
ns_dog_69,resnet50_tl_20250829,8,4,40,84,44.0,88.0,140.35813903808594,140.0358123779297,0.32232666015625
ns_dog_69,resnet50_tl_20250829,8,4,40,88,44.0,92.0,140.35813903808594,140.01268005371094,0.345458984375
ns_dog_69,resnet50_tl_20250829,8,4,40,92,44.0,96.0,140.35813903808594,139.85789489746094,0.500244140625
ns_dog_69,resnet50_tl_20250829,8,4,40,96,44.0,100.0,140.35813903808594,139.8417510986328,0.516387939453125
ns_dog_69,resnet50_tl_20250829,8,4,40,100,44.0,104.0,140.35813903808594,139.8878173828125,0.4703216552734375
ns_dog_69,resnet50_tl_20250829,8,4,40,104,44.0,108.0,140.35813903808594,139.98724365234375,0.3708953857421875
ns_dog_69,resnet50_tl_20250829,8,4,40,108,44.0,112.0,140.35813903808594,139.8129425048828,0.545196533203125
ns_dog_69,resnet50_tl_20250829,8,4,40,112,44.0,116.0,140.35813903808594,139.84515380859375,0.5129852294921875
ns_dog_69,resnet50_tl_20250829,8,4,40,116,44.0,120.0,140.35813903808594,139.923583984375,0.4345550537109375
ns_dog_69,resnet50_tl_20250829,8,4,40,120,44.0,124.0,140.35813903808594,140.02606201171875,0.3320770263671875
ns_dog_69,resnet50_tl_20250829,8,4,40,124,44.0,128.0,140.35813903808594,139.85040283203125,0.5077362060546875
ns_dog_69,resnet50_tl_20250829,8,4,40,128,44.0,132.0,140.35813903808594,139.89927673339844,0.4588623046875
ns_dog_69,resnet50_tl_20250829,8,4,40,132,44.0,136.0,140.35813903808594,139.94383239746094,0.414306640625
ns_dog_69,resnet50_tl_20250829,8,4,40,136,44.0,140.0,140.35813903808594,140.04757690429688,0.3105621337890625
ns_dog_69,resnet50_tl_20250829,8,4,40,140,44.0,144.0,140.35813903808594,139.90037536621094,0.457763671875
ns_dog_69,resnet50_tl_20250829,8,4,40,144,44.0,148.0,140.35813903808594,139.93353271484375,0.4246063232421875
ns_dog_69,resnet50_tl_20250829,8,4,40,148,44.0,152.0,140.35813903808594,140.03494262695312,0.3231964111328125
ns_dog_69,resnet50_tl_20250829,8,4,40,152,44.0,156.0,140.35813903808594,140.1342010498047,0.22393798828125
ns_dog_69,resnet50_tl_20250829,8,4,40,156,44.0,160.0,140.35813903808594,139.9991455078125,0.3589935302734375
ns_dog_69,resnet50_tl_20250829,8,4,40,160,44.0,164.0,140.35813903808594,140.01702880859375,0.3411102294921875
ns_dog_69,resnet50_tl_20250829,8,4,40,164,44.0,168.0,140.35813903808594,139.99658203125,0.3615570068359375
ns_dog_69,resnet50_tl_20250829,8,4,40,168,44.0,172.0,140.35813903808594,140.0605010986328,0.297637939453125
ns_dog_69,resnet50_tl_20250829,8,4,40,172,44.0,176.0,140.35813903808594,140.04757690429688,0.3105621337890625
ns_dog_69,resnet50_tl_20250829,8,4,40,176,44.0,180.0,140.35813903808594,140.12982177734375,0.2283172607421875
ns_dog_69,resnet50_tl_20250829,8,4,40,180,44.0,184.0,140.35813903808594,140.22056579589844,0.1375732421875
ns_dog_69,resnet50_tl_20250829,8,4,40,184,44.0,188.0,140.35813903808594,140.33531188964844,0.0228271484375
ns_dog_69,resnet50_tl_20250829,8,4,40,188,44.0,192.0,140.35813903808594,140.22230529785156,0.135833740234375
ns_dog_69,resnet50_tl_20250829,8,4,40,192,44.0,196.0,140.35813903808594,140.26609802246094,0.092041015625
ns_dog_69,resnet50_tl_20250829,8,4,40,196,44.0,200.0,140.35813903808594,140.22195434570312,0.1361846923828125
ns_dog_69,resnet50_tl_20250829,8,4,40,200,44.0,204.0,140.35813903808594,140.27908325195312,0.0790557861328125
ns_dog_69,resnet50_tl_20250829,8,4,40,204,44.0,208.0,140.35813903808594,140.2985382080078,0.059600830078125
ns_dog_69,resnet50_tl_20250829,8,4,40,208,44.0,212.0,140.35813903808594,140.29962158203125,0.0585174560546875
ns_dog_69,resnet50_tl_20250829,8,4,40,212,44.0,216.0,140.35813903808594,140.23390197753906,0.124237060546875
ns_dog_69,resnet50_tl_20250829,8,4,40,216,44.0,220.0,140.35813903808594,140.2584991455078,0.099639892578125
ns_dog_69,resnet50_tl_20250829,8,4,44,0,48.0,4.0,140.35813903808594,139.94837951660156,0.409759521484375
ns_dog_69,resnet50_tl_20250829,8,4,44,4,48.0,8.0,140.35813903808594,140.25454711914062,0.1035919189453125
ns_dog_69,resnet50_tl_20250829,8,4,44,8,48.0,12.0,140.35813903808594,140.3007049560547,0.05743408203125
ns_dog_69,resnet50_tl_20250829,8,4,44,12,48.0,16.0,140.35813903808594,140.16282653808594,0.1953125
ns_dog_69,resnet50_tl_20250829,8,4,44,16,48.0,20.0,140.35813903808594,140.0020294189453,0.356109619140625
ns_dog_69,resnet50_tl_20250829,8,4,44,20,48.0,24.0,140.35813903808594,139.9897003173828,0.368438720703125
ns_dog_69,resnet50_tl_20250829,8,4,44,24,48.0,28.0,140.35813903808594,140.29295349121094,0.065185546875
ns_dog_69,resnet50_tl_20250829,8,4,44,28,48.0,32.0,140.35813903808594,140.11224365234375,0.2458953857421875
ns_dog_69,resnet50_tl_20250829,8,4,44,32,48.0,36.0,140.35813903808594,140.19406127929688,0.1640777587890625
ns_dog_69,resnet50_tl_20250829,8,4,44,36,48.0,40.0,140.35813903808594,140.2688751220703,0.089263916015625
ns_dog_69,resnet50_tl_20250829,8,4,44,40,48.0,44.0,140.35813903808594,140.09796142578125,0.2601776123046875
ns_dog_69,resnet50_tl_20250829,8,4,44,44,48.0,48.0,140.35813903808594,140.05056762695312,0.3075714111328125
ns_dog_69,resnet50_tl_20250829,8,4,44,48,48.0,52.0,140.35813903808594,140.02880859375,0.3293304443359375
ns_dog_69,resnet50_tl_20250829,8,4,44,52,48.0,56.0,140.35813903808594,140.06883239746094,0.289306640625
ns_dog_69,resnet50_tl_20250829,8,4,44,56,48.0,60.0,140.35813903808594,140.14218139648438,0.2159576416015625
ns_dog_69,resnet50_tl_20250829,8,4,44,60,48.0,64.0,140.35813903808594,139.94332885742188,0.4148101806640625
ns_dog_69,resnet50_tl_20250829,8,4,44,64,48.0,68.0,140.35813903808594,140.05426025390625,0.3038787841796875
ns_dog_69,resnet50_tl_20250829,8,4,44,68,48.0,72.0,140.35813903808594,140.13238525390625,0.2257537841796875
ns_dog_69,resnet50_tl_20250829,8,4,44,72,48.0,76.0,140.35813903808594,139.94667053222656,0.411468505859375
ns_dog_69,resnet50_tl_20250829,8,4,44,76,48.0,80.0,140.35813903808594,139.8509979248047,0.50714111328125
ns_dog_69,resnet50_tl_20250829,8,4,44,80,48.0,84.0,140.35813903808594,139.82420349121094,0.533935546875
ns_dog_69,resnet50_tl_20250829,8,4,44,84,48.0,88.0,140.35813903808594,140.16824340820312,0.1898956298828125
ns_dog_69,resnet50_tl_20250829,8,4,44,88,48.0,92.0,140.35813903808594,140.1287078857422,0.22943115234375
ns_dog_69,resnet50_tl_20250829,8,4,44,92,48.0,96.0,140.35813903808594,139.7205810546875,0.6375579833984375
ns_dog_69,resnet50_tl_20250829,8,4,44,96,48.0,100.0,140.35813903808594,139.65452575683594,0.70361328125
ns_dog_69,resnet50_tl_20250829,8,4,44,100,48.0,104.0,140.35813903808594,139.93701171875,0.4211273193359375
ns_dog_69,resnet50_tl_20250829,8,4,44,104,48.0,108.0,140.35813903808594,140.05429077148438,0.3038482666015625
ns_dog_69,resnet50_tl_20250829,8,4,44,108,48.0,112.0,140.35813903808594,139.7481689453125,0.6099700927734375
ns_dog_69,resnet50_tl_20250829,8,4,44,112,48.0,116.0,140.35813903808594,139.6628875732422,0.69525146484375
ns_dog_69,resnet50_tl_20250829,8,4,44,116,48.0,120.0,140.35813903808594,140.02178955078125,0.3363494873046875
ns_dog_69,resnet50_tl_20250829,8,4,44,120,48.0,124.0,140.35813903808594,140.09764099121094,0.260498046875
ns_dog_69,resnet50_tl_20250829,8,4,44,124,48.0,128.0,140.35813903808594,139.6547393798828,0.703399658203125
ns_dog_69,resnet50_tl_20250829,8,4,44,128,48.0,132.0,140.35813903808594,139.66580200195312,0.6923370361328125
ns_dog_69,resnet50_tl_20250829,8,4,44,132,48.0,136.0,140.35813903808594,140.0204315185547,0.33770751953125
ns_dog_69,resnet50_tl_20250829,8,4,44,136,48.0,140.0,140.35813903808594,140.10446166992188,0.2536773681640625
ns_dog_69,resnet50_tl_20250829,8,4,44,140,48.0,144.0,140.35813903808594,139.7032012939453,0.654937744140625
ns_dog_69,resnet50_tl_20250829,8,4,44,144,48.0,148.0,140.35813903808594,139.725830078125,0.6323089599609375
ns_dog_69,resnet50_tl_20250829,8,4,44,148,48.0,152.0,140.35813903808594,140.0514373779297,0.30670166015625
ns_dog_69,resnet50_tl_20250829,8,4,44,152,48.0,156.0,140.35813903808594,140.12216186523438,0.2359771728515625
ns_dog_69,resnet50_tl_20250829,8,4,44,156,48.0,160.0,140.35813903808594,139.66036987304688,0.6977691650390625
ns_dog_69,resnet50_tl_20250829,8,4,44,160,48.0,164.0,140.35813903808594,139.66041564941406,0.697723388671875
ns_dog_69,resnet50_tl_20250829,8,4,44,164,48.0,168.0,140.35813903808594,139.9177703857422,0.44036865234375
ns_dog_69,resnet50_tl_20250829,8,4,44,168,48.0,172.0,140.35813903808594,140.0743408203125,0.2837982177734375
ns_dog_69,resnet50_tl_20250829,8,4,44,172,48.0,176.0,140.35813903808594,139.6894989013672,0.66864013671875
ns_dog_69,resnet50_tl_20250829,8,4,44,176,48.0,180.0,140.35813903808594,139.7891387939453,0.569000244140625
ns_dog_69,resnet50_tl_20250829,8,4,44,180,48.0,184.0,140.35813903808594,140.18603515625,0.1721038818359375
ns_dog_69,resnet50_tl_20250829,8,4,44,184,48.0,188.0,140.35813903808594,140.36029052734375,-0.0021514892578125
ns_dog_69,resnet50_tl_20250829,8,4,44,188,48.0,192.0,140.35813903808594,140.05422973632812,0.3039093017578125
ns_dog_69,resnet50_tl_20250829,8,4,44,192,48.0,196.0,140.35813903808594,140.1171112060547,0.24102783203125
ns_dog_69,resnet50_tl_20250829,8,4,44,196,48.0,200.0,140.35813903808594,140.17242431640625,0.1857147216796875
ns_dog_69,resnet50_tl_20250829,8,4,44,200,48.0,204.0,140.35813903808594,140.31639099121094,0.041748046875
ns_dog_69,resnet50_tl_20250829,8,4,44,204,48.0,208.0,140.35813903808594,140.18536376953125,0.1727752685546875
ns_dog_69,resnet50_tl_20250829,8,4,44,208,48.0,212.0,140.35813903808594,140.15463256835938,0.2035064697265625
ns_dog_69,resnet50_tl_20250829,8,4,44,212,48.0,216.0,140.35813903808594,140.20352172851562,0.1546173095703125
ns_dog_69,resnet50_tl_20250829,8,4,44,216,48.0,220.0,140.35813903808594,140.25022888183594,0.10791015625
ns_dog_69,resnet50_tl_20250829,8,4,48,0,52.0,4.0,140.35813903808594,140.09912109375,0.2590179443359375
ns_dog_69,resnet50_tl_20250829,8,4,48,4,52.0,8.0,140.35813903808594,140.2356719970703,0.122467041015625
ns_dog_69,resnet50_tl_20250829,8,4,48,8,52.0,12.0,140.35813903808594,140.21665954589844,0.1414794921875
ns_dog_69,resnet50_tl_20250829,8,4,48,12,52.0,16.0,140.35813903808594,140.12767028808594,0.23046875
ns_dog_69,resnet50_tl_20250829,8,4,48,16,52.0,20.0,140.35813903808594,139.9730682373047,0.38507080078125
ns_dog_69,resnet50_tl_20250829,8,4,48,20,52.0,24.0,140.35813903808594,139.98399353027344,0.3741455078125
ns_dog_69,resnet50_tl_20250829,8,4,48,24,52.0,28.0,140.35813903808594,140.30947875976562,0.0486602783203125
ns_dog_69,resnet50_tl_20250829,8,4,48,28,52.0,32.0,140.35813903808594,140.22900390625,0.1291351318359375
ns_dog_69,resnet50_tl_20250829,8,4,48,32,52.0,36.0,140.35813903808594,140.2378692626953,0.120269775390625
ns_dog_69,resnet50_tl_20250829,8,4,48,36,52.0,40.0,140.35813903808594,140.3480682373047,0.01007080078125
ns_dog_69,resnet50_tl_20250829,8,4,48,40,52.0,44.0,140.35813903808594,140.18234252929688,0.1757965087890625
ns_dog_69,resnet50_tl_20250829,8,4,48,44,52.0,48.0,140.35813903808594,140.10765075683594,0.25048828125
ns_dog_69,resnet50_tl_20250829,8,4,48,48,52.0,52.0,140.35813903808594,140.0216522216797,0.33648681640625
ns_dog_69,resnet50_tl_20250829,8,4,48,52,52.0,56.0,140.35813903808594,140.07730102539062,0.2808380126953125
ns_dog_69,resnet50_tl_20250829,8,4,48,56,52.0,60.0,140.35813903808594,140.16787719726562,0.1902618408203125
ns_dog_69,resnet50_tl_20250829,8,4,48,60,52.0,64.0,140.35813903808594,140.06161499023438,0.2965240478515625
ns_dog_69,resnet50_tl_20250829,8,4,48,64,52.0,68.0,140.35813903808594,140.03219604492188,0.3259429931640625
ns_dog_69,resnet50_tl_20250829,8,4,48,68,52.0,72.0,140.35813903808594,140.13389587402344,0.2242431640625
ns_dog_69,resnet50_tl_20250829,8,4,48,72,52.0,76.0,140.35813903808594,140.03384399414062,0.3242950439453125
ns_dog_69,resnet50_tl_20250829,8,4,48,76,52.0,80.0,140.35813903808594,139.84913635253906,0.509002685546875
ns_dog_69,resnet50_tl_20250829,8,4,48,80,52.0,84.0,140.35813903808594,139.88754272460938,0.4705963134765625
ns_dog_69,resnet50_tl_20250829,8,4,48,84,52.0,88.0,140.35813903808594,140.09165954589844,0.2664794921875
ns_dog_69,resnet50_tl_20250829,8,4,48,88,52.0,92.0,140.35813903808594,140.16290283203125,0.1952362060546875
ns_dog_69,resnet50_tl_20250829,8,4,48,92,52.0,96.0,140.35813903808594,139.70770263671875,0.6504364013671875
ns_dog_69,resnet50_tl_20250829,8,4,48,96,52.0,100.0,140.35813903808594,139.67611694335938,0.6820220947265625
ns_dog_69,resnet50_tl_20250829,8,4,48,100,52.0,104.0,140.35813903808594,139.84912109375,0.5090179443359375
ns_dog_69,resnet50_tl_20250829,8,4,48,104,52.0,108.0,140.35813903808594,139.99215698242188,0.3659820556640625
ns_dog_69,resnet50_tl_20250829,8,4,48,108,52.0,112.0,140.35813903808594,139.65078735351562,0.7073516845703125
ns_dog_69,resnet50_tl_20250829,8,4,48,112,52.0,116.0,140.35813903808594,139.68939208984375,0.6687469482421875
ns_dog_69,resnet50_tl_20250829,8,4,48,116,52.0,120.0,140.35813903808594,139.90464782714844,0.4534912109375
ns_dog_69,resnet50_tl_20250829,8,4,48,120,52.0,124.0,140.35813903808594,140.0325164794922,0.32562255859375
ns_dog_69,resnet50_tl_20250829,8,4,48,124,52.0,128.0,140.35813903808594,139.63600158691406,0.722137451171875
ns_dog_69,resnet50_tl_20250829,8,4,48,128,52.0,132.0,140.35813903808594,139.70179748535156,0.656341552734375
ns_dog_69,resnet50_tl_20250829,8,4,48,132,52.0,136.0,140.35813903808594,139.9142303466797,0.44390869140625
ns_dog_69,resnet50_tl_20250829,8,4,48,136,52.0,140.0,140.35813903808594,140.0516815185547,0.30645751953125
ns_dog_69,resnet50_tl_20250829,8,4,48,140,52.0,144.0,140.35813903808594,139.6579132080078,0.700225830078125
ns_dog_69,resnet50_tl_20250829,8,4,48,144,52.0,148.0,140.35813903808594,139.75209045410156,0.606048583984375
ns_dog_69,resnet50_tl_20250829,8,4,48,148,52.0,152.0,140.35813903808594,139.9761505126953,0.381988525390625
ns_dog_69,resnet50_tl_20250829,8,4,48,152,52.0,156.0,140.35813903808594,140.0581817626953,0.299957275390625
ns_dog_69,resnet50_tl_20250829,8,4,48,156,52.0,160.0,140.35813903808594,139.71937561035156,0.638763427734375
ns_dog_69,resnet50_tl_20250829,8,4,48,160,52.0,164.0,140.35813903808594,139.54180908203125,0.8163299560546875
ns_dog_69,resnet50_tl_20250829,8,4,48,164,52.0,168.0,140.35813903808594,139.8354949951172,0.52264404296875
ns_dog_69,resnet50_tl_20250829,8,4,48,168,52.0,172.0,140.35813903808594,140.10585021972656,0.252288818359375
ns_dog_69,resnet50_tl_20250829,8,4,48,172,52.0,176.0,140.35813903808594,139.6534423828125,0.7046966552734375
ns_dog_69,resnet50_tl_20250829,8,4,48,176,52.0,180.0,140.35813903808594,139.6778564453125,0.6802825927734375
ns_dog_69,resnet50_tl_20250829,8,4,48,180,52.0,184.0,140.35813903808594,140.0596466064453,0.298492431640625
ns_dog_69,resnet50_tl_20250829,8,4,48,184,52.0,188.0,140.35813903808594,140.283935546875,0.0742034912109375
ns_dog_69,resnet50_tl_20250829,8,4,48,188,52.0,192.0,140.35813903808594,140.0653533935547,0.29278564453125
ns_dog_69,resnet50_tl_20250829,8,4,48,192,52.0,196.0,140.35813903808594,140.16067504882812,0.1974639892578125
ns_dog_69,resnet50_tl_20250829,8,4,48,196,52.0,200.0,140.35813903808594,140.21424865722656,0.143890380859375
ns_dog_69,resnet50_tl_20250829,8,4,48,200,52.0,204.0,140.35813903808594,140.30517578125,0.0529632568359375
ns_dog_69,resnet50_tl_20250829,8,4,48,204,52.0,208.0,140.35813903808594,140.18756103515625,0.1705780029296875
ns_dog_69,resnet50_tl_20250829,8,4,48,208,52.0,212.0,140.35813903808594,140.17063903808594,0.1875
ns_dog_69,resnet50_tl_20250829,8,4,48,212,52.0,216.0,140.35813903808594,140.18087768554688,0.1772613525390625
ns_dog_69,resnet50_tl_20250829,8,4,48,216,52.0,220.0,140.35813903808594,140.25929260253906,0.098846435546875
ns_dog_69,resnet50_tl_20250829,8,4,52,0,56.0,4.0,140.35813903808594,140.292724609375,0.0654144287109375
ns_dog_69,resnet50_tl_20250829,8,4,52,4,56.0,8.0,140.35813903808594,140.37464904785156,-0.016510009765625
ns_dog_69,resnet50_tl_20250829,8,4,52,8,56.0,12.0,140.35813903808594,140.25526428222656,0.102874755859375
ns_dog_69,resnet50_tl_20250829,8,4,52,12,56.0,16.0,140.35813903808594,140.31861877441406,0.039520263671875
ns_dog_69,resnet50_tl_20250829,8,4,52,16,56.0,20.0,140.35813903808594,140.32704162597656,0.031097412109375
ns_dog_69,resnet50_tl_20250829,8,4,52,20,56.0,24.0,140.35813903808594,140.1805419921875,0.1775970458984375
ns_dog_69,resnet50_tl_20250829,8,4,52,24,56.0,28.0,140.35813903808594,140.26919555664062,0.0889434814453125
ns_dog_69,resnet50_tl_20250829,8,4,52,28,56.0,32.0,140.35813903808594,140.29515075683594,0.06298828125
ns_dog_69,resnet50_tl_20250829,8,4,52,32,56.0,36.0,140.35813903808594,140.31661987304688,0.0415191650390625
ns_dog_69,resnet50_tl_20250829,8,4,52,36,56.0,40.0,140.35813903808594,140.29385375976562,0.0642852783203125
ns_dog_69,resnet50_tl_20250829,8,4,52,40,56.0,44.0,140.35813903808594,140.08395385742188,0.2741851806640625
ns_dog_69,resnet50_tl_20250829,8,4,52,44,56.0,48.0,140.35813903808594,140.12646484375,0.2316741943359375
ns_dog_69,resnet50_tl_20250829,8,4,52,48,56.0,52.0,140.35813903808594,140.04324340820312,0.3148956298828125
ns_dog_69,resnet50_tl_20250829,8,4,52,52,56.0,56.0,140.35813903808594,139.9610595703125,0.3970794677734375
ns_dog_69,resnet50_tl_20250829,8,4,52,56,56.0,60.0,140.35813903808594,140.12142944335938,0.2367095947265625
ns_dog_69,resnet50_tl_20250829,8,4,52,60,56.0,64.0,140.35813903808594,140.08067321777344,0.2774658203125
ns_dog_69,resnet50_tl_20250829,8,4,52,64,56.0,68.0,140.35813903808594,140.1199951171875,0.2381439208984375
ns_dog_69,resnet50_tl_20250829,8,4,52,68,56.0,72.0,140.35813903808594,140.063720703125,0.2944183349609375
ns_dog_69,resnet50_tl_20250829,8,4,52,72,56.0,76.0,140.35813903808594,140.08241271972656,0.275726318359375
ns_dog_69,resnet50_tl_20250829,8,4,52,76,56.0,80.0,140.35813903808594,140.12744140625,0.2306976318359375
ns_dog_69,resnet50_tl_20250829,8,4,52,80,56.0,84.0,140.35813903808594,140.13182067871094,0.226318359375
ns_dog_69,resnet50_tl_20250829,8,4,52,84,56.0,88.0,140.35813903808594,140.27430725097656,0.083831787109375
ns_dog_69,resnet50_tl_20250829,8,4,52,88,56.0,92.0,140.35813903808594,140.25746154785156,0.100677490234375
ns_dog_69,resnet50_tl_20250829,8,4,52,92,56.0,96.0,140.35813903808594,140.142333984375,0.2158050537109375
ns_dog_69,resnet50_tl_20250829,8,4,52,96,56.0,100.0,140.35813903808594,140.03884887695312,0.3192901611328125
ns_dog_69,resnet50_tl_20250829,8,4,52,100,56.0,104.0,140.35813903808594,140.04501342773438,0.3131256103515625
ns_dog_69,resnet50_tl_20250829,8,4,52,104,56.0,108.0,140.35813903808594,139.9913787841797,0.36676025390625
ns_dog_69,resnet50_tl_20250829,8,4,52,108,56.0,112.0,140.35813903808594,140.0429229736328,0.315216064453125
ns_dog_69,resnet50_tl_20250829,8,4,52,112,56.0,116.0,140.35813903808594,140.044189453125,0.3139495849609375
ns_dog_69,resnet50_tl_20250829,8,4,52,116,56.0,120.0,140.35813903808594,140.0980224609375,0.2601165771484375
ns_dog_69,resnet50_tl_20250829,8,4,52,120,56.0,124.0,140.35813903808594,140.04994201660156,0.308197021484375
ns_dog_69,resnet50_tl_20250829,8,4,52,124,56.0,128.0,140.35813903808594,140.06536865234375,0.2927703857421875
ns_dog_69,resnet50_tl_20250829,8,4,52,128,56.0,132.0,140.35813903808594,140.11221313476562,0.2459259033203125
ns_dog_69,resnet50_tl_20250829,8,4,52,132,56.0,136.0,140.35813903808594,140.1196746826172,0.23846435546875
ns_dog_69,resnet50_tl_20250829,8,4,52,136,56.0,140.0,140.35813903808594,140.08180236816406,0.276336669921875
ns_dog_69,resnet50_tl_20250829,8,4,52,140,56.0,144.0,140.35813903808594,140.12033081054688,0.2378082275390625
ns_dog_69,resnet50_tl_20250829,8,4,52,144,56.0,148.0,140.35813903808594,140.21298217773438,0.1451568603515625
ns_dog_69,resnet50_tl_20250829,8,4,52,148,56.0,152.0,140.35813903808594,140.22349548339844,0.1346435546875
ns_dog_69,resnet50_tl_20250829,8,4,52,152,56.0,156.0,140.35813903808594,140.1888427734375,0.1692962646484375
ns_dog_69,resnet50_tl_20250829,8,4,52,156,56.0,160.0,140.35813903808594,140.1331787109375,0.2249603271484375
ns_dog_69,resnet50_tl_20250829,8,4,52,160,56.0,164.0,140.35813903808594,140.1587677001953,0.199371337890625
ns_dog_69,resnet50_tl_20250829,8,4,52,164,56.0,168.0,140.35813903808594,140.11256408691406,0.245574951171875
ns_dog_69,resnet50_tl_20250829,8,4,52,168,56.0,172.0,140.35813903808594,140.06036376953125,0.2977752685546875
ns_dog_69,resnet50_tl_20250829,8,4,52,172,56.0,176.0,140.35813903808594,140.0692596435547,0.28887939453125
ns_dog_69,resnet50_tl_20250829,8,4,52,176,56.0,180.0,140.35813903808594,140.18795776367188,0.1701812744140625
ns_dog_69,resnet50_tl_20250829,8,4,52,180,56.0,184.0,140.35813903808594,140.0413818359375,0.3167572021484375
ns_dog_69,resnet50_tl_20250829,8,4,52,184,56.0,188.0,140.35813903808594,140.17141723632812,0.1867218017578125
ns_dog_69,resnet50_tl_20250829,8,4,52,188,56.0,192.0,140.35813903808594,140.2675018310547,0.09063720703125
ns_dog_69,resnet50_tl_20250829,8,4,52,192,56.0,196.0,140.35813903808594,140.42916870117188,-0.0710296630859375
ns_dog_69,resnet50_tl_20250829,8,4,52,196,56.0,200.0,140.35813903808594,140.377685546875,-0.0195465087890625
ns_dog_69,resnet50_tl_20250829,8,4,52,200,56.0,204.0,140.35813903808594,140.3382568359375,0.0198822021484375
ns_dog_69,resnet50_tl_20250829,8,4,52,204,56.0,208.0,140.35813903808594,140.35885620117188,-0.0007171630859375
ns_dog_69,resnet50_tl_20250829,8,4,52,208,56.0,212.0,140.35813903808594,140.37677001953125,-0.0186309814453125
ns_dog_69,resnet50_tl_20250829,8,4,52,212,56.0,216.0,140.35813903808594,140.3049774169922,0.05316162109375
ns_dog_69,resnet50_tl_20250829,8,4,52,216,56.0,220.0,140.35813903808594,140.26150512695312,0.0966339111328125
ns_dog_69,resnet50_tl_20250829,8,4,56,0,60.0,4.0,140.35813903808594,140.22708129882812,0.1310577392578125
ns_dog_69,resnet50_tl_20250829,8,4,56,4,60.0,8.0,140.35813903808594,140.2470245361328,0.111114501953125
ns_dog_69,resnet50_tl_20250829,8,4,56,8,60.0,12.0,140.35813903808594,140.32046508789062,0.0376739501953125
ns_dog_69,resnet50_tl_20250829,8,4,56,12,60.0,16.0,140.35813903808594,140.35511779785156,0.003021240234375
ns_dog_69,resnet50_tl_20250829,8,4,56,16,60.0,20.0,140.35813903808594,140.35594177246094,0.002197265625
ns_dog_69,resnet50_tl_20250829,8,4,56,20,60.0,24.0,140.35813903808594,140.2533721923828,0.104766845703125
ns_dog_69,resnet50_tl_20250829,8,4,56,24,60.0,28.0,140.35813903808594,140.21697998046875,0.1411590576171875
ns_dog_69,resnet50_tl_20250829,8,4,56,28,60.0,32.0,140.35813903808594,140.23211669921875,0.1260223388671875
ns_dog_69,resnet50_tl_20250829,8,4,56,32,60.0,36.0,140.35813903808594,140.2124481201172,0.14569091796875
ns_dog_69,resnet50_tl_20250829,8,4,56,36,60.0,40.0,140.35813903808594,140.1861572265625,0.1719818115234375
ns_dog_69,resnet50_tl_20250829,8,4,56,40,60.0,44.0,140.35813903808594,140.1959686279297,0.16217041015625
ns_dog_69,resnet50_tl_20250829,8,4,56,44,60.0,48.0,140.35813903808594,140.24769592285156,0.110443115234375
ns_dog_69,resnet50_tl_20250829,8,4,56,48,60.0,52.0,140.35813903808594,140.24940490722656,0.108734130859375
ns_dog_69,resnet50_tl_20250829,8,4,56,52,60.0,56.0,140.35813903808594,140.2074737548828,0.150665283203125
ns_dog_69,resnet50_tl_20250829,8,4,56,56,60.0,60.0,140.35813903808594,140.2127227783203,0.145416259765625
ns_dog_69,resnet50_tl_20250829,8,4,56,60,60.0,64.0,140.35813903808594,140.21539306640625,0.1427459716796875
ns_dog_69,resnet50_tl_20250829,8,4,56,64,60.0,68.0,140.35813903808594,140.16629028320312,0.1918487548828125
ns_dog_69,resnet50_tl_20250829,8,4,56,68,60.0,72.0,140.35813903808594,140.13882446289062,0.2193145751953125
ns_dog_69,resnet50_tl_20250829,8,4,56,72,60.0,76.0,140.35813903808594,140.24090576171875,0.1172332763671875
ns_dog_69,resnet50_tl_20250829,8,4,56,76,60.0,80.0,140.35813903808594,139.96868896484375,0.3894500732421875
ns_dog_69,resnet50_tl_20250829,8,4,56,80,60.0,84.0,140.35813903808594,140.01223754882812,0.3459014892578125
ns_dog_69,resnet50_tl_20250829,8,4,56,84,60.0,88.0,140.35813903808594,140.1082305908203,0.249908447265625
ns_dog_69,resnet50_tl_20250829,8,4,56,88,60.0,92.0,140.35813903808594,140.10989379882812,0.2482452392578125
ns_dog_69,resnet50_tl_20250829,8,4,56,92,60.0,96.0,140.35813903808594,139.97093200683594,0.38720703125
ns_dog_69,resnet50_tl_20250829,8,4,56,96,60.0,100.0,140.35813903808594,139.87196350097656,0.486175537109375
ns_dog_69,resnet50_tl_20250829,8,4,56,100,60.0,104.0,140.35813903808594,139.83187866210938,0.5262603759765625
ns_dog_69,resnet50_tl_20250829,8,4,56,104,60.0,108.0,140.35813903808594,139.87393188476562,0.4842071533203125
ns_dog_69,resnet50_tl_20250829,8,4,56,108,60.0,112.0,140.35813903808594,139.83465576171875,0.5234832763671875
ns_dog_69,resnet50_tl_20250829,8,4,56,112,60.0,116.0,140.35813903808594,139.8736572265625,0.4844818115234375
ns_dog_69,resnet50_tl_20250829,8,4,56,116,60.0,120.0,140.35813903808594,139.8941650390625,0.4639739990234375
ns_dog_69,resnet50_tl_20250829,8,4,56,120,60.0,124.0,140.35813903808594,139.93997192382812,0.4181671142578125
ns_dog_69,resnet50_tl_20250829,8,4,56,124,60.0,128.0,140.35813903808594,139.86764526367188,0.4904937744140625
ns_dog_69,resnet50_tl_20250829,8,4,56,128,60.0,132.0,140.35813903808594,139.90391540527344,0.4542236328125
ns_dog_69,resnet50_tl_20250829,8,4,56,132,60.0,136.0,140.35813903808594,139.9114532470703,0.446685791015625
ns_dog_69,resnet50_tl_20250829,8,4,56,136,60.0,140.0,140.35813903808594,139.97308349609375,0.3850555419921875
ns_dog_69,resnet50_tl_20250829,8,4,56,140,60.0,144.0,140.35813903808594,139.88816833496094,0.469970703125
ns_dog_69,resnet50_tl_20250829,8,4,56,144,60.0,148.0,140.35813903808594,140.00625610351562,0.3518829345703125
ns_dog_69,resnet50_tl_20250829,8,4,56,148,60.0,152.0,140.35813903808594,140.0274658203125,0.3306732177734375
ns_dog_69,resnet50_tl_20250829,8,4,56,152,60.0,156.0,140.35813903808594,140.0464324951172,0.31170654296875
ns_dog_69,resnet50_tl_20250829,8,4,56,156,60.0,160.0,140.35813903808594,140.020263671875,0.3378753662109375
ns_dog_69,resnet50_tl_20250829,8,4,56,160,60.0,164.0,140.35813903808594,139.96755981445312,0.3905792236328125
ns_dog_69,resnet50_tl_20250829,8,4,56,164,60.0,168.0,140.35813903808594,139.98468017578125,0.3734588623046875
ns_dog_69,resnet50_tl_20250829,8,4,56,168,60.0,172.0,140.35813903808594,140.048583984375,0.3095550537109375
ns_dog_69,resnet50_tl_20250829,8,4,56,172,60.0,176.0,140.35813903808594,140.2050323486328,0.153106689453125
ns_dog_69,resnet50_tl_20250829,8,4,56,176,60.0,180.0,140.35813903808594,140.3427276611328,0.015411376953125
ns_dog_69,resnet50_tl_20250829,8,4,56,180,60.0,184.0,140.35813903808594,140.23690795898438,0.1212310791015625
ns_dog_69,resnet50_tl_20250829,8,4,56,184,60.0,188.0,140.35813903808594,140.1044464111328,0.253692626953125
ns_dog_69,resnet50_tl_20250829,8,4,56,188,60.0,192.0,140.35813903808594,140.09959411621094,0.258544921875
ns_dog_69,resnet50_tl_20250829,8,4,56,192,60.0,196.0,140.35813903808594,140.28665161132812,0.0714874267578125
ns_dog_69,resnet50_tl_20250829,8,4,56,196,60.0,200.0,140.35813903808594,140.26239013671875,0.0957489013671875
ns_dog_69,resnet50_tl_20250829,8,4,56,200,60.0,204.0,140.35813903808594,140.3392333984375,0.0189056396484375
ns_dog_69,resnet50_tl_20250829,8,4,56,204,60.0,208.0,140.35813903808594,140.33343505859375,0.0247039794921875
ns_dog_69,resnet50_tl_20250829,8,4,56,208,60.0,212.0,140.35813903808594,140.3216552734375,0.0364837646484375
ns_dog_69,resnet50_tl_20250829,8,4,56,212,60.0,216.0,140.35813903808594,140.24415588378906,0.113983154296875
ns_dog_69,resnet50_tl_20250829,8,4,56,216,60.0,220.0,140.35813903808594,140.25755310058594,0.1005859375
ns_dog_69,resnet50_tl_20250829,8,4,60,0,64.0,4.0,140.35813903808594,139.9142303466797,0.44390869140625
ns_dog_69,resnet50_tl_20250829,8,4,60,4,64.0,8.0,140.35813903808594,140.11756896972656,0.240570068359375
ns_dog_69,resnet50_tl_20250829,8,4,60,8,64.0,12.0,140.35813903808594,140.37095642089844,-0.0128173828125
ns_dog_69,resnet50_tl_20250829,8,4,60,12,64.0,16.0,140.35813903808594,140.4838409423828,-0.125701904296875
ns_dog_69,resnet50_tl_20250829,8,4,60,16,64.0,20.0,140.35813903808594,140.3748321533203,-0.016693115234375
ns_dog_69,resnet50_tl_20250829,8,4,60,20,64.0,24.0,140.35813903808594,140.318115234375,0.0400238037109375
ns_dog_69,resnet50_tl_20250829,8,4,60,24,64.0,28.0,140.35813903808594,140.25192260742188,0.1062164306640625
ns_dog_69,resnet50_tl_20250829,8,4,60,28,64.0,32.0,140.35813903808594,140.2892303466797,0.06890869140625
ns_dog_69,resnet50_tl_20250829,8,4,60,32,64.0,36.0,140.35813903808594,140.22756958007812,0.1305694580078125
ns_dog_69,resnet50_tl_20250829,8,4,60,36,64.0,40.0,140.35813903808594,140.2015838623047,0.15655517578125
ns_dog_69,resnet50_tl_20250829,8,4,60,40,64.0,44.0,140.35813903808594,140.20994567871094,0.148193359375
ns_dog_69,resnet50_tl_20250829,8,4,60,44,64.0,48.0,140.35813903808594,140.2754364013672,0.08270263671875
ns_dog_69,resnet50_tl_20250829,8,4,60,48,64.0,52.0,140.35813903808594,140.21713256835938,0.1410064697265625
ns_dog_69,resnet50_tl_20250829,8,4,60,52,64.0,56.0,140.35813903808594,140.26490783691406,0.093231201171875
ns_dog_69,resnet50_tl_20250829,8,4,60,56,64.0,60.0,140.35813903808594,140.21084594726562,0.1472930908203125
ns_dog_69,resnet50_tl_20250829,8,4,60,60,64.0,64.0,140.35813903808594,140.1414031982422,0.21673583984375
ns_dog_69,resnet50_tl_20250829,8,4,60,64,64.0,68.0,140.35813903808594,140.14920043945312,0.2089385986328125
ns_dog_69,resnet50_tl_20250829,8,4,60,68,64.0,72.0,140.35813903808594,140.2469940185547,0.11114501953125
ns_dog_69,resnet50_tl_20250829,8,4,60,72,64.0,76.0,140.35813903808594,140.3064422607422,0.05169677734375
ns_dog_69,resnet50_tl_20250829,8,4,60,76,64.0,80.0,140.35813903808594,140.03407287597656,0.324066162109375
ns_dog_69,resnet50_tl_20250829,8,4,60,80,64.0,84.0,140.35813903808594,139.95741271972656,0.400726318359375
ns_dog_69,resnet50_tl_20250829,8,4,60,84,64.0,88.0,140.35813903808594,140.2690887451172,0.08905029296875
ns_dog_69,resnet50_tl_20250829,8,4,60,88,64.0,92.0,140.35813903808594,140.1494140625,0.2087249755859375
ns_dog_69,resnet50_tl_20250829,8,4,60,92,64.0,96.0,140.35813903808594,139.91860961914062,0.4395294189453125
ns_dog_69,resnet50_tl_20250829,8,4,60,96,64.0,100.0,140.35813903808594,139.7808074951172,0.57733154296875
ns_dog_69,resnet50_tl_20250829,8,4,60,100,64.0,104.0,140.35813903808594,139.94070434570312,0.4174346923828125
ns_dog_69,resnet50_tl_20250829,8,4,60,104,64.0,108.0,140.35813903808594,139.97244262695312,0.3856964111328125
ns_dog_69,resnet50_tl_20250829,8,4,60,108,64.0,112.0,140.35813903808594,139.8397979736328,0.518341064453125
ns_dog_69,resnet50_tl_20250829,8,4,60,112,64.0,116.0,140.35813903808594,139.80519104003906,0.552947998046875
ns_dog_69,resnet50_tl_20250829,8,4,60,116,64.0,120.0,140.35813903808594,140.02304077148438,0.3350982666015625
ns_dog_69,resnet50_tl_20250829,8,4,60,120,64.0,124.0,140.35813903808594,140.05348205566406,0.304656982421875
ns_dog_69,resnet50_tl_20250829,8,4,60,124,64.0,128.0,140.35813903808594,139.74069213867188,0.6174468994140625
ns_dog_69,resnet50_tl_20250829,8,4,60,128,64.0,132.0,140.35813903808594,139.75067138671875,0.6074676513671875
ns_dog_69,resnet50_tl_20250829,8,4,60,132,64.0,136.0,140.35813903808594,140.0127716064453,0.345367431640625
ns_dog_69,resnet50_tl_20250829,8,4,60,136,64.0,140.0,140.35813903808594,140.0586700439453,0.299468994140625
ns_dog_69,resnet50_tl_20250829,8,4,60,140,64.0,144.0,140.35813903808594,139.7597198486328,0.598419189453125
ns_dog_69,resnet50_tl_20250829,8,4,60,144,64.0,148.0,140.35813903808594,139.81980895996094,0.538330078125
ns_dog_69,resnet50_tl_20250829,8,4,60,148,64.0,152.0,140.35813903808594,140.12545776367188,0.2326812744140625
ns_dog_69,resnet50_tl_20250829,8,4,60,152,64.0,156.0,140.35813903808594,140.1798858642578,0.178253173828125
ns_dog_69,resnet50_tl_20250829,8,4,60,156,64.0,160.0,140.35813903808594,139.84938049316406,0.508758544921875
ns_dog_69,resnet50_tl_20250829,8,4,60,160,64.0,164.0,140.35813903808594,139.67811584472656,0.680023193359375
ns_dog_69,resnet50_tl_20250829,8,4,60,164,64.0,168.0,140.35813903808594,139.9422149658203,0.415924072265625
ns_dog_69,resnet50_tl_20250829,8,4,60,168,64.0,172.0,140.35813903808594,140.26902770996094,0.089111328125
ns_dog_69,resnet50_tl_20250829,8,4,60,172,64.0,176.0,140.35813903808594,140.19395446777344,0.1641845703125
ns_dog_69,resnet50_tl_20250829,8,4,60,176,64.0,180.0,140.35813903808594,140.41387939453125,-0.0557403564453125
ns_dog_69,resnet50_tl_20250829,8,4,60,180,64.0,184.0,140.35813903808594,140.32237243652344,0.0357666015625
ns_dog_69,resnet50_tl_20250829,8,4,60,184,64.0,188.0,140.35813903808594,140.27377319335938,0.0843658447265625
ns_dog_69,resnet50_tl_20250829,8,4,60,188,64.0,192.0,140.35813903808594,139.8724365234375,0.4857025146484375
ns_dog_69,resnet50_tl_20250829,8,4,60,192,64.0,196.0,140.35813903808594,140.01333618164062,0.3448028564453125
ns_dog_69,resnet50_tl_20250829,8,4,60,196,64.0,200.0,140.35813903808594,140.2526092529297,0.10552978515625
ns_dog_69,resnet50_tl_20250829,8,4,60,200,64.0,204.0,140.35813903808594,140.3999786376953,-0.041839599609375
ns_dog_69,resnet50_tl_20250829,8,4,60,204,64.0,208.0,140.35813903808594,140.2847137451172,0.07342529296875
ns_dog_69,resnet50_tl_20250829,8,4,60,208,64.0,212.0,140.35813903808594,140.22755432128906,0.130584716796875
ns_dog_69,resnet50_tl_20250829,8,4,60,212,64.0,216.0,140.35813903808594,140.24928283691406,0.108856201171875
ns_dog_69,resnet50_tl_20250829,8,4,60,216,64.0,220.0,140.35813903808594,140.26840209960938,0.0897369384765625
ns_dog_69,resnet50_tl_20250829,8,4,64,0,68.0,4.0,140.35813903808594,139.97784423828125,0.3802947998046875
ns_dog_69,resnet50_tl_20250829,8,4,64,4,68.0,8.0,140.35813903808594,140.15188598632812,0.2062530517578125
ns_dog_69,resnet50_tl_20250829,8,4,64,8,68.0,12.0,140.35813903808594,140.38619995117188,-0.0280609130859375
ns_dog_69,resnet50_tl_20250829,8,4,64,12,68.0,16.0,140.35813903808594,140.3859100341797,-0.02777099609375
ns_dog_69,resnet50_tl_20250829,8,4,64,16,68.0,20.0,140.35813903808594,140.32571411132812,0.0324249267578125
ns_dog_69,resnet50_tl_20250829,8,4,64,20,68.0,24.0,140.35813903808594,140.30044555664062,0.0576934814453125
ns_dog_69,resnet50_tl_20250829,8,4,64,24,68.0,28.0,140.35813903808594,140.26712036132812,0.0910186767578125
ns_dog_69,resnet50_tl_20250829,8,4,64,28,68.0,32.0,140.35813903808594,140.29124450683594,0.06689453125
ns_dog_69,resnet50_tl_20250829,8,4,64,32,68.0,36.0,140.35813903808594,140.30311584472656,0.055023193359375
ns_dog_69,resnet50_tl_20250829,8,4,64,36,68.0,40.0,140.35813903808594,140.27197265625,0.0861663818359375
ns_dog_69,resnet50_tl_20250829,8,4,64,40,68.0,44.0,140.35813903808594,140.36444091796875,-0.0063018798828125
ns_dog_69,resnet50_tl_20250829,8,4,64,44,68.0,48.0,140.35813903808594,140.3358154296875,0.0223236083984375
ns_dog_69,resnet50_tl_20250829,8,4,64,48,68.0,52.0,140.35813903808594,140.30868530273438,0.0494537353515625
ns_dog_69,resnet50_tl_20250829,8,4,64,52,68.0,56.0,140.35813903808594,140.29769897460938,0.0604400634765625
ns_dog_69,resnet50_tl_20250829,8,4,64,56,68.0,60.0,140.35813903808594,140.26158142089844,0.0965576171875
ns_dog_69,resnet50_tl_20250829,8,4,64,60,68.0,64.0,140.35813903808594,140.25343322753906,0.104705810546875
ns_dog_69,resnet50_tl_20250829,8,4,64,64,68.0,68.0,140.35813903808594,140.20046997070312,0.1576690673828125
ns_dog_69,resnet50_tl_20250829,8,4,64,68,68.0,72.0,140.35813903808594,140.26853942871094,0.089599609375
ns_dog_69,resnet50_tl_20250829,8,4,64,72,68.0,76.0,140.35813903808594,140.26651000976562,0.0916290283203125
ns_dog_69,resnet50_tl_20250829,8,4,64,76,68.0,80.0,140.35813903808594,140.072509765625,0.2856292724609375
ns_dog_69,resnet50_tl_20250829,8,4,64,80,68.0,84.0,140.35813903808594,140.01605224609375,0.3420867919921875
ns_dog_69,resnet50_tl_20250829,8,4,64,84,68.0,88.0,140.35813903808594,140.1494598388672,0.20867919921875
ns_dog_69,resnet50_tl_20250829,8,4,64,88,68.0,92.0,140.35813903808594,140.1784210205078,0.179718017578125
ns_dog_69,resnet50_tl_20250829,8,4,64,92,68.0,96.0,140.35813903808594,139.87379455566406,0.484344482421875
ns_dog_69,resnet50_tl_20250829,8,4,64,96,68.0,100.0,140.35813903808594,139.84088134765625,0.5172576904296875
ns_dog_69,resnet50_tl_20250829,8,4,64,100,68.0,104.0,140.35813903808594,139.92784118652344,0.4302978515625
ns_dog_69,resnet50_tl_20250829,8,4,64,104,68.0,108.0,140.35813903808594,140.00341796875,0.3547210693359375
ns_dog_69,resnet50_tl_20250829,8,4,64,108,68.0,112.0,140.35813903808594,139.77647399902344,0.5816650390625
ns_dog_69,resnet50_tl_20250829,8,4,64,112,68.0,116.0,140.35813903808594,139.86927795410156,0.488861083984375
ns_dog_69,resnet50_tl_20250829,8,4,64,116,68.0,120.0,140.35813903808594,139.97348022460938,0.3846588134765625
ns_dog_69,resnet50_tl_20250829,8,4,64,120,68.0,124.0,140.35813903808594,140.02857971191406,0.329559326171875
ns_dog_69,resnet50_tl_20250829,8,4,64,124,68.0,128.0,140.35813903808594,139.7185516357422,0.63958740234375
ns_dog_69,resnet50_tl_20250829,8,4,64,128,68.0,132.0,140.35813903808594,139.79087829589844,0.5672607421875
ns_dog_69,resnet50_tl_20250829,8,4,64,132,68.0,136.0,140.35813903808594,139.9267578125,0.4313812255859375
ns_dog_69,resnet50_tl_20250829,8,4,64,136,68.0,140.0,140.35813903808594,140.02806091308594,0.330078125
ns_dog_69,resnet50_tl_20250829,8,4,64,140,68.0,144.0,140.35813903808594,139.73397827148438,0.6241607666015625
ns_dog_69,resnet50_tl_20250829,8,4,64,144,68.0,148.0,140.35813903808594,139.87831115722656,0.479827880859375
ns_dog_69,resnet50_tl_20250829,8,4,64,148,68.0,152.0,140.35813903808594,140.01402282714844,0.3441162109375
ns_dog_69,resnet50_tl_20250829,8,4,64,152,68.0,156.0,140.35813903808594,140.18923950195312,0.1688995361328125
ns_dog_69,resnet50_tl_20250829,8,4,64,156,68.0,160.0,140.35813903808594,139.8992919921875,0.4588470458984375
ns_dog_69,resnet50_tl_20250829,8,4,64,160,68.0,164.0,140.35813903808594,139.92971801757812,0.4284210205078125
ns_dog_69,resnet50_tl_20250829,8,4,64,164,68.0,168.0,140.35813903808594,140.06893920898438,0.2891998291015625
ns_dog_69,resnet50_tl_20250829,8,4,64,168,68.0,172.0,140.35813903808594,139.9434814453125,0.4146575927734375
ns_dog_69,resnet50_tl_20250829,8,4,64,172,68.0,176.0,140.35813903808594,140.16546630859375,0.1926727294921875
ns_dog_69,resnet50_tl_20250829,8,4,64,176,68.0,180.0,140.35813903808594,140.22789001464844,0.1302490234375
ns_dog_69,resnet50_tl_20250829,8,4,64,180,68.0,184.0,140.35813903808594,140.212158203125,0.1459808349609375
ns_dog_69,resnet50_tl_20250829,8,4,64,184,68.0,188.0,140.35813903808594,140.11978149414062,0.2383575439453125
ns_dog_69,resnet50_tl_20250829,8,4,64,188,68.0,192.0,140.35813903808594,139.85939025878906,0.498748779296875
ns_dog_69,resnet50_tl_20250829,8,4,64,192,68.0,196.0,140.35813903808594,140.00588989257812,0.3522491455078125
ns_dog_69,resnet50_tl_20250829,8,4,64,196,68.0,200.0,140.35813903808594,140.2165069580078,0.141632080078125
ns_dog_69,resnet50_tl_20250829,8,4,64,200,68.0,204.0,140.35813903808594,140.3519744873047,0.00616455078125
ns_dog_69,resnet50_tl_20250829,8,4,64,204,68.0,208.0,140.35813903808594,140.27796936035156,0.080169677734375
ns_dog_69,resnet50_tl_20250829,8,4,64,208,68.0,212.0,140.35813903808594,140.22879028320312,0.1293487548828125
ns_dog_69,resnet50_tl_20250829,8,4,64,212,68.0,216.0,140.35813903808594,140.23968505859375,0.1184539794921875
ns_dog_69,resnet50_tl_20250829,8,4,64,216,68.0,220.0,140.35813903808594,140.29095458984375,0.0671844482421875
ns_dog_69,resnet50_tl_20250829,8,4,68,0,72.0,4.0,140.35813903808594,140.35411071777344,0.0040283203125
ns_dog_69,resnet50_tl_20250829,8,4,68,4,72.0,8.0,140.35813903808594,140.34815979003906,0.009979248046875
ns_dog_69,resnet50_tl_20250829,8,4,68,8,72.0,12.0,140.35813903808594,140.3044891357422,0.05364990234375
ns_dog_69,resnet50_tl_20250829,8,4,68,12,72.0,16.0,140.35813903808594,140.2256622314453,0.132476806640625
ns_dog_69,resnet50_tl_20250829,8,4,68,16,72.0,20.0,140.35813903808594,140.2301483154297,0.12799072265625
ns_dog_69,resnet50_tl_20250829,8,4,68,20,72.0,24.0,140.35813903808594,140.33445739746094,0.023681640625
ns_dog_69,resnet50_tl_20250829,8,4,68,24,72.0,28.0,140.35813903808594,140.3026885986328,0.055450439453125
ns_dog_69,resnet50_tl_20250829,8,4,68,28,72.0,32.0,140.35813903808594,140.22354125976562,0.1345977783203125
ns_dog_69,resnet50_tl_20250829,8,4,68,32,72.0,36.0,140.35813903808594,140.21080017089844,0.1473388671875
ns_dog_69,resnet50_tl_20250829,8,4,68,36,72.0,40.0,140.35813903808594,140.3419189453125,0.0162200927734375
ns_dog_69,resnet50_tl_20250829,8,4,68,40,72.0,44.0,140.35813903808594,140.37391662597656,-0.015777587890625
ns_dog_69,resnet50_tl_20250829,8,4,68,44,72.0,48.0,140.35813903808594,140.38449096679688,-0.0263519287109375
ns_dog_69,resnet50_tl_20250829,8,4,68,48,72.0,52.0,140.35813903808594,140.3060760498047,0.05206298828125
ns_dog_69,resnet50_tl_20250829,8,4,68,52,72.0,56.0,140.35813903808594,140.23252868652344,0.1256103515625
ns_dog_69,resnet50_tl_20250829,8,4,68,56,72.0,60.0,140.35813903808594,140.19883728027344,0.1593017578125
ns_dog_69,resnet50_tl_20250829,8,4,68,60,72.0,64.0,140.35813903808594,140.24050903320312,0.1176300048828125
ns_dog_69,resnet50_tl_20250829,8,4,68,64,72.0,68.0,140.35813903808594,140.21556091308594,0.142578125
ns_dog_69,resnet50_tl_20250829,8,4,68,68,72.0,72.0,140.35813903808594,140.17327880859375,0.1848602294921875
ns_dog_69,resnet50_tl_20250829,8,4,68,72,72.0,76.0,140.35813903808594,140.19155883789062,0.1665802001953125
ns_dog_69,resnet50_tl_20250829,8,4,68,76,72.0,80.0,140.35813903808594,140.25738525390625,0.1007537841796875
ns_dog_69,resnet50_tl_20250829,8,4,68,80,72.0,84.0,140.35813903808594,140.1946563720703,0.163482666015625
ns_dog_69,resnet50_tl_20250829,8,4,68,84,72.0,88.0,140.35813903808594,140.15223693847656,0.205902099609375
ns_dog_69,resnet50_tl_20250829,8,4,68,88,72.0,92.0,140.35813903808594,140.1822052001953,0.175933837890625
ns_dog_69,resnet50_tl_20250829,8,4,68,92,72.0,96.0,140.35813903808594,140.1921844482422,0.16595458984375
ns_dog_69,resnet50_tl_20250829,8,4,68,96,72.0,100.0,140.35813903808594,140.12374877929688,0.2343902587890625
ns_dog_69,resnet50_tl_20250829,8,4,68,100,72.0,104.0,140.35813903808594,140.22921752929688,0.1289215087890625
ns_dog_69,resnet50_tl_20250829,8,4,68,104,72.0,108.0,140.35813903808594,140.0930633544922,0.26507568359375
ns_dog_69,resnet50_tl_20250829,8,4,68,108,72.0,112.0,140.35813903808594,140.12730407714844,0.2308349609375
ns_dog_69,resnet50_tl_20250829,8,4,68,112,72.0,116.0,140.35813903808594,140.08798217773438,0.2701568603515625
ns_dog_69,resnet50_tl_20250829,8,4,68,116,72.0,120.0,140.35813903808594,140.2409210205078,0.117218017578125
ns_dog_69,resnet50_tl_20250829,8,4,68,120,72.0,124.0,140.35813903808594,140.1267547607422,0.23138427734375
ns_dog_69,resnet50_tl_20250829,8,4,68,124,72.0,128.0,140.35813903808594,140.13453674316406,0.223602294921875
ns_dog_69,resnet50_tl_20250829,8,4,68,128,72.0,132.0,140.35813903808594,140.09127807617188,0.2668609619140625
ns_dog_69,resnet50_tl_20250829,8,4,68,132,72.0,136.0,140.35813903808594,140.19993591308594,0.158203125
ns_dog_69,resnet50_tl_20250829,8,4,68,136,72.0,140.0,140.35813903808594,140.1196746826172,0.23846435546875
ns_dog_69,resnet50_tl_20250829,8,4,68,140,72.0,144.0,140.35813903808594,140.16668701171875,0.1914520263671875
ns_dog_69,resnet50_tl_20250829,8,4,68,144,72.0,148.0,140.35813903808594,140.22225952148438,0.1358795166015625
ns_dog_69,resnet50_tl_20250829,8,4,68,148,72.0,152.0,140.35813903808594,140.34730529785156,0.010833740234375
ns_dog_69,resnet50_tl_20250829,8,4,68,152,72.0,156.0,140.35813903808594,140.2887725830078,0.069366455078125
ns_dog_69,resnet50_tl_20250829,8,4,68,156,72.0,160.0,140.35813903808594,140.318359375,0.0397796630859375
ns_dog_69,resnet50_tl_20250829,8,4,68,160,72.0,164.0,140.35813903808594,140.34609985351562,0.0120391845703125
ns_dog_69,resnet50_tl_20250829,8,4,68,164,72.0,168.0,140.35813903808594,140.35890197753906,-0.000762939453125
ns_dog_69,resnet50_tl_20250829,8,4,68,168,72.0,172.0,140.35813903808594,139.99600219726562,0.3621368408203125
ns_dog_69,resnet50_tl_20250829,8,4,68,172,72.0,176.0,140.35813903808594,140.0876007080078,0.270538330078125
ns_dog_69,resnet50_tl_20250829,8,4,68,176,72.0,180.0,140.35813903808594,140.2436065673828,0.114532470703125
ns_dog_69,resnet50_tl_20250829,8,4,68,180,72.0,184.0,140.35813903808594,140.2991943359375,0.0589447021484375
ns_dog_69,resnet50_tl_20250829,8,4,68,184,72.0,188.0,140.35813903808594,140.29360961914062,0.0645294189453125
ns_dog_69,resnet50_tl_20250829,8,4,68,188,72.0,192.0,140.35813903808594,140.2667694091797,0.09136962890625
ns_dog_69,resnet50_tl_20250829,8,4,68,192,72.0,196.0,140.35813903808594,140.30613708496094,0.052001953125
ns_dog_69,resnet50_tl_20250829,8,4,68,196,72.0,200.0,140.35813903808594,140.34909057617188,0.0090484619140625
ns_dog_69,resnet50_tl_20250829,8,4,68,200,72.0,204.0,140.35813903808594,140.36602783203125,-0.0078887939453125
ns_dog_69,resnet50_tl_20250829,8,4,68,204,72.0,208.0,140.35813903808594,140.39402770996094,-0.035888671875
ns_dog_69,resnet50_tl_20250829,8,4,68,208,72.0,212.0,140.35813903808594,140.36203002929688,-0.0038909912109375
ns_dog_69,resnet50_tl_20250829,8,4,68,212,72.0,216.0,140.35813903808594,140.31573486328125,0.0424041748046875
ns_dog_69,resnet50_tl_20250829,8,4,68,216,72.0,220.0,140.35813903808594,140.28082275390625,0.0773162841796875
ns_dog_69,resnet50_tl_20250829,8,4,72,0,76.0,4.0,140.35813903808594,140.3369598388672,0.02117919921875
ns_dog_69,resnet50_tl_20250829,8,4,72,4,76.0,8.0,140.35813903808594,140.28646850585938,0.0716705322265625
ns_dog_69,resnet50_tl_20250829,8,4,72,8,76.0,12.0,140.35813903808594,140.25486755371094,0.103271484375
ns_dog_69,resnet50_tl_20250829,8,4,72,12,76.0,16.0,140.35813903808594,140.2327117919922,0.12542724609375
ns_dog_69,resnet50_tl_20250829,8,4,72,16,76.0,20.0,140.35813903808594,140.20034790039062,0.1577911376953125
ns_dog_69,resnet50_tl_20250829,8,4,72,20,76.0,24.0,140.35813903808594,140.29920959472656,0.058929443359375
ns_dog_69,resnet50_tl_20250829,8,4,72,24,76.0,28.0,140.35813903808594,140.28311157226562,0.0750274658203125
ns_dog_69,resnet50_tl_20250829,8,4,72,28,76.0,32.0,140.35813903808594,140.2500762939453,0.108062744140625
ns_dog_69,resnet50_tl_20250829,8,4,72,32,76.0,36.0,140.35813903808594,140.28050231933594,0.07763671875
ns_dog_69,resnet50_tl_20250829,8,4,72,36,76.0,40.0,140.35813903808594,140.41915893554688,-0.0610198974609375
ns_dog_69,resnet50_tl_20250829,8,4,72,40,76.0,44.0,140.35813903808594,140.40560913085938,-0.0474700927734375
ns_dog_69,resnet50_tl_20250829,8,4,72,44,76.0,48.0,140.35813903808594,140.43118286132812,-0.0730438232421875
ns_dog_69,resnet50_tl_20250829,8,4,72,48,76.0,52.0,140.35813903808594,140.3992919921875,-0.0411529541015625
ns_dog_69,resnet50_tl_20250829,8,4,72,52,76.0,56.0,140.35813903808594,140.24742126464844,0.1107177734375
ns_dog_69,resnet50_tl_20250829,8,4,72,56,76.0,60.0,140.35813903808594,140.20724487304688,0.1508941650390625
ns_dog_69,resnet50_tl_20250829,8,4,72,60,76.0,64.0,140.35813903808594,140.2183074951172,0.13983154296875
ns_dog_69,resnet50_tl_20250829,8,4,72,64,76.0,68.0,140.35813903808594,140.15232849121094,0.205810546875
ns_dog_69,resnet50_tl_20250829,8,4,72,68,76.0,72.0,140.35813903808594,140.13970947265625,0.2184295654296875
ns_dog_69,resnet50_tl_20250829,8,4,72,72,76.0,76.0,140.35813903808594,140.2254180908203,0.132720947265625
ns_dog_69,resnet50_tl_20250829,8,4,72,76,76.0,80.0,140.35813903808594,140.20977783203125,0.1483612060546875
ns_dog_69,resnet50_tl_20250829,8,4,72,80,76.0,84.0,140.35813903808594,140.1835479736328,0.174591064453125
ns_dog_69,resnet50_tl_20250829,8,4,72,84,76.0,88.0,140.35813903808594,140.08010864257812,0.2780303955078125
ns_dog_69,resnet50_tl_20250829,8,4,72,88,76.0,92.0,140.35813903808594,139.97421264648438,0.3839263916015625
ns_dog_69,resnet50_tl_20250829,8,4,72,92,76.0,96.0,140.35813903808594,139.83799743652344,0.5201416015625
ns_dog_69,resnet50_tl_20250829,8,4,72,96,76.0,100.0,140.35813903808594,139.91375732421875,0.4443817138671875
ns_dog_69,resnet50_tl_20250829,8,4,72,100,76.0,104.0,140.35813903808594,140.03648376464844,0.3216552734375
ns_dog_69,resnet50_tl_20250829,8,4,72,104,76.0,108.0,140.35813903808594,140.0638427734375,0.2942962646484375
ns_dog_69,resnet50_tl_20250829,8,4,72,108,76.0,112.0,140.35813903808594,139.97689819335938,0.3812408447265625
ns_dog_69,resnet50_tl_20250829,8,4,72,112,76.0,116.0,140.35813903808594,140.04983520507812,0.3083038330078125
ns_dog_69,resnet50_tl_20250829,8,4,72,116,76.0,120.0,140.35813903808594,140.04934692382812,0.3087921142578125
ns_dog_69,resnet50_tl_20250829,8,4,72,120,76.0,124.0,140.35813903808594,140.07069396972656,0.287445068359375
ns_dog_69,resnet50_tl_20250829,8,4,72,124,76.0,128.0,140.35813903808594,139.9170379638672,0.44110107421875
ns_dog_69,resnet50_tl_20250829,8,4,72,128,76.0,132.0,140.35813903808594,140.00657653808594,0.3515625
ns_dog_69,resnet50_tl_20250829,8,4,72,132,76.0,136.0,140.35813903808594,140.0438232421875,0.3143157958984375
ns_dog_69,resnet50_tl_20250829,8,4,72,136,76.0,140.0,140.35813903808594,140.08523559570312,0.2729034423828125
ns_dog_69,resnet50_tl_20250829,8,4,72,140,76.0,144.0,140.35813903808594,140.0303497314453,0.327789306640625
ns_dog_69,resnet50_tl_20250829,8,4,72,144,76.0,148.0,140.35813903808594,140.08346557617188,0.2746734619140625
ns_dog_69,resnet50_tl_20250829,8,4,72,148,76.0,152.0,140.35813903808594,140.0926971435547,0.26544189453125
ns_dog_69,resnet50_tl_20250829,8,4,72,152,76.0,156.0,140.35813903808594,140.2533721923828,0.104766845703125
ns_dog_69,resnet50_tl_20250829,8,4,72,156,76.0,160.0,140.35813903808594,140.1403045654297,0.21783447265625
ns_dog_69,resnet50_tl_20250829,8,4,72,160,76.0,164.0,140.35813903808594,140.20452880859375,0.1536102294921875
ns_dog_69,resnet50_tl_20250829,8,4,72,164,76.0,168.0,140.35813903808594,140.2745819091797,0.08355712890625
ns_dog_69,resnet50_tl_20250829,8,4,72,168,76.0,172.0,140.35813903808594,140.34625244140625,0.0118865966796875
ns_dog_69,resnet50_tl_20250829,8,4,72,172,76.0,176.0,140.35813903808594,140.0930633544922,0.26507568359375
ns_dog_69,resnet50_tl_20250829,8,4,72,176,76.0,180.0,140.35813903808594,140.1223602294922,0.23577880859375
ns_dog_69,resnet50_tl_20250829,8,4,72,180,76.0,184.0,140.35813903808594,140.4756317138672,-0.11749267578125
ns_dog_69,resnet50_tl_20250829,8,4,72,184,76.0,188.0,140.35813903808594,140.35885620117188,-0.0007171630859375
ns_dog_69,resnet50_tl_20250829,8,4,72,188,76.0,192.0,140.35813903808594,140.2911376953125,0.0670013427734375
ns_dog_69,resnet50_tl_20250829,8,4,72,192,76.0,196.0,140.35813903808594,140.29934692382812,0.0587921142578125
ns_dog_69,resnet50_tl_20250829,8,4,72,196,76.0,200.0,140.35813903808594,140.23684692382812,0.1212921142578125
ns_dog_69,resnet50_tl_20250829,8,4,72,200,76.0,204.0,140.35813903808594,140.3665008544922,-0.00836181640625
ns_dog_69,resnet50_tl_20250829,8,4,72,204,76.0,208.0,140.35813903808594,140.35520935058594,0.0029296875
ns_dog_69,resnet50_tl_20250829,8,4,72,208,76.0,212.0,140.35813903808594,140.33349609375,0.0246429443359375
ns_dog_69,resnet50_tl_20250829,8,4,72,212,76.0,216.0,140.35813903808594,140.2678985595703,0.090240478515625
ns_dog_69,resnet50_tl_20250829,8,4,72,216,76.0,220.0,140.35813903808594,140.2852020263672,0.07293701171875
ns_dog_69,resnet50_tl_20250829,8,4,76,0,80.0,4.0,140.35813903808594,140.1548309326172,0.20330810546875
ns_dog_69,resnet50_tl_20250829,8,4,76,4,80.0,8.0,140.35813903808594,140.27810668945312,0.0800323486328125
ns_dog_69,resnet50_tl_20250829,8,4,76,8,80.0,12.0,140.35813903808594,140.2822723388672,0.07586669921875
ns_dog_69,resnet50_tl_20250829,8,4,76,12,80.0,16.0,140.35813903808594,140.18630981445312,0.1718292236328125
ns_dog_69,resnet50_tl_20250829,8,4,76,16,80.0,20.0,140.35813903808594,140.19400024414062,0.1641387939453125
ns_dog_69,resnet50_tl_20250829,8,4,76,20,80.0,24.0,140.35813903808594,140.1886749267578,0.169464111328125
ns_dog_69,resnet50_tl_20250829,8,4,76,24,80.0,28.0,140.35813903808594,140.20228576660156,0.155853271484375
ns_dog_69,resnet50_tl_20250829,8,4,76,28,80.0,32.0,140.35813903808594,140.26234436035156,0.095794677734375
ns_dog_69,resnet50_tl_20250829,8,4,76,32,80.0,36.0,140.35813903808594,140.2532196044922,0.10491943359375
ns_dog_69,resnet50_tl_20250829,8,4,76,36,80.0,40.0,140.35813903808594,140.37925720214844,-0.0211181640625
ns_dog_69,resnet50_tl_20250829,8,4,76,40,80.0,44.0,140.35813903808594,140.5863494873047,-0.22821044921875
ns_dog_69,resnet50_tl_20250829,8,4,76,44,80.0,48.0,140.35813903808594,140.5383758544922,-0.18023681640625
ns_dog_69,resnet50_tl_20250829,8,4,76,48,80.0,52.0,140.35813903808594,140.43698120117188,-0.0788421630859375
ns_dog_69,resnet50_tl_20250829,8,4,76,52,80.0,56.0,140.35813903808594,140.28221130371094,0.075927734375
ns_dog_69,resnet50_tl_20250829,8,4,76,56,80.0,60.0,140.35813903808594,140.23202514648438,0.1261138916015625
ns_dog_69,resnet50_tl_20250829,8,4,76,60,80.0,64.0,140.35813903808594,140.27786254882812,0.0802764892578125
ns_dog_69,resnet50_tl_20250829,8,4,76,64,80.0,68.0,140.35813903808594,140.14859008789062,0.2095489501953125
ns_dog_69,resnet50_tl_20250829,8,4,76,68,80.0,72.0,140.35813903808594,140.07464599609375,0.2834930419921875
ns_dog_69,resnet50_tl_20250829,8,4,76,72,80.0,76.0,140.35813903808594,140.1196746826172,0.23846435546875
ns_dog_69,resnet50_tl_20250829,8,4,76,76,80.0,80.0,140.35813903808594,140.12786865234375,0.2302703857421875
ns_dog_69,resnet50_tl_20250829,8,4,76,80,80.0,84.0,140.35813903808594,140.1507110595703,0.207427978515625
ns_dog_69,resnet50_tl_20250829,8,4,76,84,80.0,88.0,140.35813903808594,140.2783660888672,0.07977294921875
ns_dog_69,resnet50_tl_20250829,8,4,76,88,80.0,92.0,140.35813903808594,140.0802001953125,0.2779388427734375
ns_dog_69,resnet50_tl_20250829,8,4,76,92,80.0,96.0,140.35813903808594,139.58612060546875,0.7720184326171875
ns_dog_69,resnet50_tl_20250829,8,4,76,96,80.0,100.0,140.35813903808594,139.58001708984375,0.7781219482421875
ns_dog_69,resnet50_tl_20250829,8,4,76,100,80.0,104.0,140.35813903808594,139.94638061523438,0.4117584228515625
ns_dog_69,resnet50_tl_20250829,8,4,76,104,80.0,108.0,140.35813903808594,139.99037170410156,0.367767333984375
ns_dog_69,resnet50_tl_20250829,8,4,76,108,80.0,112.0,140.35813903808594,139.7921600341797,0.56597900390625
ns_dog_69,resnet50_tl_20250829,8,4,76,112,80.0,116.0,140.35813903808594,139.83290100097656,0.525238037109375
ns_dog_69,resnet50_tl_20250829,8,4,76,116,80.0,120.0,140.35813903808594,140.08775329589844,0.2703857421875
ns_dog_69,resnet50_tl_20250829,8,4,76,120,80.0,124.0,140.35813903808594,140.06748962402344,0.2906494140625
ns_dog_69,resnet50_tl_20250829,8,4,76,124,80.0,128.0,140.35813903808594,139.56103515625,0.7971038818359375
ns_dog_69,resnet50_tl_20250829,8,4,76,128,80.0,132.0,140.35813903808594,139.6009979248047,0.75714111328125
ns_dog_69,resnet50_tl_20250829,8,4,76,132,80.0,136.0,140.35813903808594,139.95663452148438,0.4015045166015625
ns_dog_69,resnet50_tl_20250829,8,4,76,136,80.0,140.0,140.35813903808594,139.97894287109375,0.3791961669921875
ns_dog_69,resnet50_tl_20250829,8,4,76,140,80.0,144.0,140.35813903808594,139.78895568847656,0.569183349609375
ns_dog_69,resnet50_tl_20250829,8,4,76,144,80.0,148.0,140.35813903808594,139.6846160888672,0.67352294921875
ns_dog_69,resnet50_tl_20250829,8,4,76,148,80.0,152.0,140.35813903808594,139.9996795654297,0.35845947265625
ns_dog_69,resnet50_tl_20250829,8,4,76,152,80.0,156.0,140.35813903808594,140.29881286621094,0.059326171875
ns_dog_69,resnet50_tl_20250829,8,4,76,156,80.0,160.0,140.35813903808594,139.87081909179688,0.4873199462890625
ns_dog_69,resnet50_tl_20250829,8,4,76,160,80.0,164.0,140.35813903808594,139.95489501953125,0.4032440185546875
ns_dog_69,resnet50_tl_20250829,8,4,76,164,80.0,168.0,140.35813903808594,140.14266967773438,0.2154693603515625
ns_dog_69,resnet50_tl_20250829,8,4,76,168,80.0,172.0,140.35813903808594,140.26744079589844,0.0906982421875
ns_dog_69,resnet50_tl_20250829,8,4,76,172,80.0,176.0,140.35813903808594,139.90109252929688,0.4570465087890625
ns_dog_69,resnet50_tl_20250829,8,4,76,176,80.0,180.0,140.35813903808594,140.04994201660156,0.308197021484375
ns_dog_69,resnet50_tl_20250829,8,4,76,180,80.0,184.0,140.35813903808594,140.43817138671875,-0.0800323486328125
ns_dog_69,resnet50_tl_20250829,8,4,76,184,80.0,188.0,140.35813903808594,140.3516387939453,0.006500244140625
ns_dog_69,resnet50_tl_20250829,8,4,76,188,80.0,192.0,140.35813903808594,140.04208374023438,0.3160552978515625
ns_dog_69,resnet50_tl_20250829,8,4,76,192,80.0,196.0,140.35813903808594,140.16241455078125,0.1957244873046875
ns_dog_69,resnet50_tl_20250829,8,4,76,196,80.0,200.0,140.35813903808594,140.2135772705078,0.144561767578125
ns_dog_69,resnet50_tl_20250829,8,4,76,200,80.0,204.0,140.35813903808594,140.37472534179688,-0.0165863037109375
ns_dog_69,resnet50_tl_20250829,8,4,76,204,80.0,208.0,140.35813903808594,140.3456573486328,0.012481689453125
ns_dog_69,resnet50_tl_20250829,8,4,76,208,80.0,212.0,140.35813903808594,140.28790283203125,0.0702362060546875
ns_dog_69,resnet50_tl_20250829,8,4,76,212,80.0,216.0,140.35813903808594,140.25009155273438,0.1080474853515625
ns_dog_69,resnet50_tl_20250829,8,4,76,216,80.0,220.0,140.35813903808594,140.273193359375,0.0849456787109375
ns_dog_69,resnet50_tl_20250829,8,4,80,0,84.0,4.0,140.35813903808594,140.21803283691406,0.140106201171875
ns_dog_69,resnet50_tl_20250829,8,4,80,4,84.0,8.0,140.35813903808594,140.2310028076172,0.12713623046875
ns_dog_69,resnet50_tl_20250829,8,4,80,8,84.0,12.0,140.35813903808594,140.2726287841797,0.08551025390625
ns_dog_69,resnet50_tl_20250829,8,4,80,12,84.0,16.0,140.35813903808594,140.1641082763672,0.19403076171875
ns_dog_69,resnet50_tl_20250829,8,4,80,16,84.0,20.0,140.35813903808594,140.22348022460938,0.1346588134765625
ns_dog_69,resnet50_tl_20250829,8,4,80,20,84.0,24.0,140.35813903808594,140.1581268310547,0.20001220703125
ns_dog_69,resnet50_tl_20250829,8,4,80,24,84.0,28.0,140.35813903808594,140.17283630371094,0.185302734375
ns_dog_69,resnet50_tl_20250829,8,4,80,28,84.0,32.0,140.35813903808594,140.24900817871094,0.109130859375
ns_dog_69,resnet50_tl_20250829,8,4,80,32,84.0,36.0,140.35813903808594,140.17489624023438,0.1832427978515625
ns_dog_69,resnet50_tl_20250829,8,4,80,36,84.0,40.0,140.35813903808594,140.36094665527344,-0.0028076171875
ns_dog_69,resnet50_tl_20250829,8,4,80,40,84.0,44.0,140.35813903808594,140.6117401123047,-0.25360107421875
ns_dog_69,resnet50_tl_20250829,8,4,80,44,84.0,48.0,140.35813903808594,140.36669921875,-0.0085601806640625
ns_dog_69,resnet50_tl_20250829,8,4,80,48,84.0,52.0,140.35813903808594,140.38577270507812,-0.0276336669921875
ns_dog_69,resnet50_tl_20250829,8,4,80,52,84.0,56.0,140.35813903808594,140.2063751220703,0.151763916015625
ns_dog_69,resnet50_tl_20250829,8,4,80,56,84.0,60.0,140.35813903808594,140.18194580078125,0.1761932373046875
ns_dog_69,resnet50_tl_20250829,8,4,80,60,84.0,64.0,140.35813903808594,140.2205810546875,0.1375579833984375
ns_dog_69,resnet50_tl_20250829,8,4,80,64,84.0,68.0,140.35813903808594,140.23373413085938,0.1244049072265625
ns_dog_69,resnet50_tl_20250829,8,4,80,68,84.0,72.0,140.35813903808594,140.12863159179688,0.2295074462890625
ns_dog_69,resnet50_tl_20250829,8,4,80,72,84.0,76.0,140.35813903808594,140.1288604736328,0.229278564453125
ns_dog_69,resnet50_tl_20250829,8,4,80,76,84.0,80.0,140.35813903808594,140.06048583984375,0.2976531982421875
ns_dog_69,resnet50_tl_20250829,8,4,80,80,84.0,84.0,140.35813903808594,140.19998168945312,0.1581573486328125
ns_dog_69,resnet50_tl_20250829,8,4,80,84,84.0,88.0,140.35813903808594,140.20863342285156,0.149505615234375
ns_dog_69,resnet50_tl_20250829,8,4,80,88,84.0,92.0,140.35813903808594,140.19744873046875,0.1606903076171875
ns_dog_69,resnet50_tl_20250829,8,4,80,92,84.0,96.0,140.35813903808594,139.69395446777344,0.6641845703125
ns_dog_69,resnet50_tl_20250829,8,4,80,96,84.0,100.0,140.35813903808594,139.7019805908203,0.656158447265625
ns_dog_69,resnet50_tl_20250829,8,4,80,100,84.0,104.0,140.35813903808594,139.94818115234375,0.4099578857421875
ns_dog_69,resnet50_tl_20250829,8,4,80,104,84.0,108.0,140.35813903808594,140.09732055664062,0.2608184814453125
ns_dog_69,resnet50_tl_20250829,8,4,80,108,84.0,112.0,140.35813903808594,139.8345184326172,0.52362060546875
ns_dog_69,resnet50_tl_20250829,8,4,80,112,84.0,116.0,140.35813903808594,139.97901916503906,0.379119873046875
ns_dog_69,resnet50_tl_20250829,8,4,80,116,84.0,120.0,140.35813903808594,140.0561981201172,0.30194091796875
ns_dog_69,resnet50_tl_20250829,8,4,80,120,84.0,124.0,140.35813903808594,140.12083435058594,0.2373046875
ns_dog_69,resnet50_tl_20250829,8,4,80,124,84.0,128.0,140.35813903808594,139.703125,0.6550140380859375
ns_dog_69,resnet50_tl_20250829,8,4,80,128,84.0,132.0,140.35813903808594,139.7480926513672,0.61004638671875
ns_dog_69,resnet50_tl_20250829,8,4,80,132,84.0,136.0,140.35813903808594,139.96604919433594,0.39208984375
ns_dog_69,resnet50_tl_20250829,8,4,80,136,84.0,140.0,140.35813903808594,139.868408203125,0.4897308349609375
ns_dog_69,resnet50_tl_20250829,8,4,80,140,84.0,144.0,140.35813903808594,139.7331085205078,0.625030517578125
ns_dog_69,resnet50_tl_20250829,8,4,80,144,84.0,148.0,140.35813903808594,139.73895263671875,0.6191864013671875
ns_dog_69,resnet50_tl_20250829,8,4,80,148,84.0,152.0,140.35813903808594,140.07391357421875,0.2842254638671875
ns_dog_69,resnet50_tl_20250829,8,4,80,152,84.0,156.0,140.35813903808594,140.2737579345703,0.084381103515625
ns_dog_69,resnet50_tl_20250829,8,4,80,156,84.0,160.0,140.35813903808594,139.8441925048828,0.513946533203125
ns_dog_69,resnet50_tl_20250829,8,4,80,160,84.0,164.0,140.35813903808594,139.78395080566406,0.574188232421875
ns_dog_69,resnet50_tl_20250829,8,4,80,164,84.0,168.0,140.35813903808594,139.97116088867188,0.3869781494140625
ns_dog_69,resnet50_tl_20250829,8,4,80,168,84.0,172.0,140.35813903808594,140.09893798828125,0.2592010498046875
ns_dog_69,resnet50_tl_20250829,8,4,80,172,84.0,176.0,140.35813903808594,139.9605712890625,0.3975677490234375
ns_dog_69,resnet50_tl_20250829,8,4,80,176,84.0,180.0,140.35813903808594,140.13424682617188,0.2238922119140625
ns_dog_69,resnet50_tl_20250829,8,4,80,180,84.0,184.0,140.35813903808594,140.38699340820312,-0.0288543701171875
ns_dog_69,resnet50_tl_20250829,8,4,80,184,84.0,188.0,140.35813903808594,140.31170654296875,0.0464324951171875
ns_dog_69,resnet50_tl_20250829,8,4,80,188,84.0,192.0,140.35813903808594,140.11843872070312,0.2397003173828125
ns_dog_69,resnet50_tl_20250829,8,4,80,192,84.0,196.0,140.35813903808594,140.19171142578125,0.1664276123046875
ns_dog_69,resnet50_tl_20250829,8,4,80,196,84.0,200.0,140.35813903808594,140.2615509033203,0.096588134765625
ns_dog_69,resnet50_tl_20250829,8,4,80,200,84.0,204.0,140.35813903808594,140.35838317871094,-0.000244140625
ns_dog_69,resnet50_tl_20250829,8,4,80,204,84.0,208.0,140.35813903808594,140.2989959716797,0.05914306640625
ns_dog_69,resnet50_tl_20250829,8,4,80,208,84.0,212.0,140.35813903808594,140.2846221923828,0.073516845703125
ns_dog_69,resnet50_tl_20250829,8,4,80,212,84.0,216.0,140.35813903808594,140.25430297851562,0.1038360595703125
ns_dog_69,resnet50_tl_20250829,8,4,80,216,84.0,220.0,140.35813903808594,140.2978515625,0.0602874755859375
ns_dog_69,resnet50_tl_20250829,8,4,84,0,88.0,4.0,140.35813903808594,140.3514404296875,0.0066986083984375
ns_dog_69,resnet50_tl_20250829,8,4,84,4,88.0,8.0,140.35813903808594,140.28997802734375,0.0681610107421875
ns_dog_69,resnet50_tl_20250829,8,4,84,8,88.0,12.0,140.35813903808594,140.25157165527344,0.1065673828125
ns_dog_69,resnet50_tl_20250829,8,4,84,12,88.0,16.0,140.35813903808594,140.0904998779297,0.26763916015625
ns_dog_69,resnet50_tl_20250829,8,4,84,16,88.0,20.0,140.35813903808594,140.2135772705078,0.144561767578125
ns_dog_69,resnet50_tl_20250829,8,4,84,20,88.0,24.0,140.35813903808594,140.30213928222656,0.055999755859375
ns_dog_69,resnet50_tl_20250829,8,4,84,24,88.0,28.0,140.35813903808594,140.32470703125,0.0334320068359375
ns_dog_69,resnet50_tl_20250829,8,4,84,28,88.0,32.0,140.35813903808594,140.278076171875,0.0800628662109375
ns_dog_69,resnet50_tl_20250829,8,4,84,32,88.0,36.0,140.35813903808594,140.1417694091797,0.21636962890625
ns_dog_69,resnet50_tl_20250829,8,4,84,36,88.0,40.0,140.35813903808594,140.0515899658203,0.306549072265625
ns_dog_69,resnet50_tl_20250829,8,4,84,40,88.0,44.0,140.35813903808594,140.13218688964844,0.2259521484375
ns_dog_69,resnet50_tl_20250829,8,4,84,44,88.0,48.0,140.35813903808594,140.13771057128906,0.220428466796875
ns_dog_69,resnet50_tl_20250829,8,4,84,48,88.0,52.0,140.35813903808594,140.25180053710938,0.1063385009765625
ns_dog_69,resnet50_tl_20250829,8,4,84,52,88.0,56.0,140.35813903808594,140.1780242919922,0.18011474609375
ns_dog_69,resnet50_tl_20250829,8,4,84,56,88.0,60.0,140.35813903808594,140.09486389160156,0.263275146484375
ns_dog_69,resnet50_tl_20250829,8,4,84,60,88.0,64.0,140.35813903808594,140.20083618164062,0.1573028564453125
ns_dog_69,resnet50_tl_20250829,8,4,84,64,88.0,68.0,140.35813903808594,140.18202209472656,0.176116943359375
ns_dog_69,resnet50_tl_20250829,8,4,84,68,88.0,72.0,140.35813903808594,140.07562255859375,0.2825164794921875
ns_dog_69,resnet50_tl_20250829,8,4,84,72,88.0,76.0,140.35813903808594,140.04920959472656,0.308929443359375
ns_dog_69,resnet50_tl_20250829,8,4,84,76,88.0,80.0,140.35813903808594,140.03097534179688,0.3271636962890625
ns_dog_69,resnet50_tl_20250829,8,4,84,80,88.0,84.0,140.35813903808594,140.06634521484375,0.2917938232421875
ns_dog_69,resnet50_tl_20250829,8,4,84,84,88.0,88.0,140.35813903808594,140.1482391357422,0.20989990234375
ns_dog_69,resnet50_tl_20250829,8,4,84,88,88.0,92.0,140.35813903808594,140.22474670410156,0.133392333984375
ns_dog_69,resnet50_tl_20250829,8,4,84,92,88.0,96.0,140.35813903808594,140.13479614257812,0.2233428955078125
ns_dog_69,resnet50_tl_20250829,8,4,84,96,88.0,100.0,140.35813903808594,139.92477416992188,0.4333648681640625
ns_dog_69,resnet50_tl_20250829,8,4,84,100,88.0,104.0,140.35813903808594,139.83688354492188,0.5212554931640625
ns_dog_69,resnet50_tl_20250829,8,4,84,104,88.0,108.0,140.35813903808594,139.7729949951172,0.58514404296875
ns_dog_69,resnet50_tl_20250829,8,4,84,108,88.0,112.0,140.35813903808594,139.616943359375,0.7411956787109375
ns_dog_69,resnet50_tl_20250829,8,4,84,112,88.0,116.0,140.35813903808594,139.56459045410156,0.793548583984375
ns_dog_69,resnet50_tl_20250829,8,4,84,116,88.0,120.0,140.35813903808594,139.6860809326172,0.67205810546875
ns_dog_69,resnet50_tl_20250829,8,4,84,120,88.0,124.0,140.35813903808594,139.6112518310547,0.74688720703125
ns_dog_69,resnet50_tl_20250829,8,4,84,124,88.0,128.0,140.35813903808594,139.4899444580078,0.868194580078125
ns_dog_69,resnet50_tl_20250829,8,4,84,128,88.0,132.0,140.35813903808594,139.49404907226562,0.8640899658203125
ns_dog_69,resnet50_tl_20250829,8,4,84,132,88.0,136.0,140.35813903808594,139.67066955566406,0.687469482421875
ns_dog_69,resnet50_tl_20250829,8,4,84,136,88.0,140.0,140.35813903808594,139.67132568359375,0.6868133544921875
ns_dog_69,resnet50_tl_20250829,8,4,84,140,88.0,144.0,140.35813903808594,139.77059936523438,0.5875396728515625
ns_dog_69,resnet50_tl_20250829,8,4,84,144,88.0,148.0,140.35813903808594,139.69091796875,0.6672210693359375
ns_dog_69,resnet50_tl_20250829,8,4,84,148,88.0,152.0,140.35813903808594,139.72470092773438,0.6334381103515625
ns_dog_69,resnet50_tl_20250829,8,4,84,152,88.0,156.0,140.35813903808594,140.06573486328125,0.2924041748046875
ns_dog_69,resnet50_tl_20250829,8,4,84,156,88.0,160.0,140.35813903808594,139.81211853027344,0.5460205078125
ns_dog_69,resnet50_tl_20250829,8,4,84,160,88.0,164.0,140.35813903808594,139.7669677734375,0.5911712646484375
ns_dog_69,resnet50_tl_20250829,8,4,84,164,88.0,168.0,140.35813903808594,139.66506958007812,0.6930694580078125
ns_dog_69,resnet50_tl_20250829,8,4,84,168,88.0,172.0,140.35813903808594,139.76455688476562,0.5935821533203125
ns_dog_69,resnet50_tl_20250829,8,4,84,172,88.0,176.0,140.35813903808594,140.009765625,0.3483734130859375
ns_dog_69,resnet50_tl_20250829,8,4,84,176,88.0,180.0,140.35813903808594,140.1125030517578,0.245635986328125
ns_dog_69,resnet50_tl_20250829,8,4,84,180,88.0,184.0,140.35813903808594,140.20587158203125,0.1522674560546875
ns_dog_69,resnet50_tl_20250829,8,4,84,184,88.0,188.0,140.35813903808594,140.20620727539062,0.1519317626953125
ns_dog_69,resnet50_tl_20250829,8,4,84,188,88.0,192.0,140.35813903808594,140.24789428710938,0.1102447509765625
ns_dog_69,resnet50_tl_20250829,8,4,84,192,88.0,196.0,140.35813903808594,140.32122802734375,0.0369110107421875
ns_dog_69,resnet50_tl_20250829,8,4,84,196,88.0,200.0,140.35813903808594,140.34536743164062,0.0127716064453125
ns_dog_69,resnet50_tl_20250829,8,4,84,200,88.0,204.0,140.35813903808594,140.3445587158203,0.013580322265625
ns_dog_69,resnet50_tl_20250829,8,4,84,204,88.0,208.0,140.35813903808594,140.36721801757812,-0.0090789794921875
ns_dog_69,resnet50_tl_20250829,8,4,84,208,88.0,212.0,140.35813903808594,140.36724853515625,-0.0091094970703125
ns_dog_69,resnet50_tl_20250829,8,4,84,212,88.0,216.0,140.35813903808594,140.32855224609375,0.0295867919921875
ns_dog_69,resnet50_tl_20250829,8,4,84,216,88.0,220.0,140.35813903808594,140.29583740234375,0.0623016357421875
ns_dog_69,resnet50_tl_20250829,8,4,88,0,92.0,4.0,140.35813903808594,140.31961059570312,0.0385284423828125
ns_dog_69,resnet50_tl_20250829,8,4,88,4,92.0,8.0,140.35813903808594,140.2803192138672,0.07781982421875
ns_dog_69,resnet50_tl_20250829,8,4,88,8,92.0,12.0,140.35813903808594,140.25604248046875,0.1020965576171875
ns_dog_69,resnet50_tl_20250829,8,4,88,12,92.0,16.0,140.35813903808594,140.11602783203125,0.2421112060546875
ns_dog_69,resnet50_tl_20250829,8,4,88,16,92.0,20.0,140.35813903808594,140.1217041015625,0.2364349365234375
ns_dog_69,resnet50_tl_20250829,8,4,88,20,92.0,24.0,140.35813903808594,140.2903594970703,0.067779541015625
ns_dog_69,resnet50_tl_20250829,8,4,88,24,92.0,28.0,140.35813903808594,140.26873779296875,0.0894012451171875
ns_dog_69,resnet50_tl_20250829,8,4,88,28,92.0,32.0,140.35813903808594,140.20135498046875,0.1567840576171875
ns_dog_69,resnet50_tl_20250829,8,4,88,32,92.0,36.0,140.35813903808594,140.1058349609375,0.2523040771484375
ns_dog_69,resnet50_tl_20250829,8,4,88,36,92.0,40.0,140.35813903808594,140.08714294433594,0.27099609375
ns_dog_69,resnet50_tl_20250829,8,4,88,40,92.0,44.0,140.35813903808594,140.2303009033203,0.127838134765625
ns_dog_69,resnet50_tl_20250829,8,4,88,44,92.0,48.0,140.35813903808594,140.26463317871094,0.093505859375
ns_dog_69,resnet50_tl_20250829,8,4,88,48,92.0,52.0,140.35813903808594,140.3445587158203,0.013580322265625
ns_dog_69,resnet50_tl_20250829,8,4,88,52,92.0,56.0,140.35813903808594,140.2215576171875,0.1365814208984375
ns_dog_69,resnet50_tl_20250829,8,4,88,56,92.0,60.0,140.35813903808594,140.13687133789062,0.2212677001953125
ns_dog_69,resnet50_tl_20250829,8,4,88,60,92.0,64.0,140.35813903808594,140.18841552734375,0.1697235107421875
ns_dog_69,resnet50_tl_20250829,8,4,88,64,92.0,68.0,140.35813903808594,140.23265075683594,0.12548828125
ns_dog_69,resnet50_tl_20250829,8,4,88,68,92.0,72.0,140.35813903808594,140.09677124023438,0.2613677978515625
ns_dog_69,resnet50_tl_20250829,8,4,88,72,92.0,76.0,140.35813903808594,140.12353515625,0.2346038818359375
ns_dog_69,resnet50_tl_20250829,8,4,88,76,92.0,80.0,140.35813903808594,140.14759826660156,0.210540771484375
ns_dog_69,resnet50_tl_20250829,8,4,88,80,92.0,84.0,140.35813903808594,140.16722106933594,0.19091796875
ns_dog_69,resnet50_tl_20250829,8,4,88,84,92.0,88.0,140.35813903808594,140.1195068359375,0.2386322021484375
ns_dog_69,resnet50_tl_20250829,8,4,88,88,92.0,92.0,140.35813903808594,140.1687774658203,0.189361572265625
ns_dog_69,resnet50_tl_20250829,8,4,88,92,92.0,96.0,140.35813903808594,140.06442260742188,0.2937164306640625
ns_dog_69,resnet50_tl_20250829,8,4,88,96,92.0,100.0,140.35813903808594,140.0438232421875,0.3143157958984375
ns_dog_69,resnet50_tl_20250829,8,4,88,100,92.0,104.0,140.35813903808594,139.98504638671875,0.3730926513671875
ns_dog_69,resnet50_tl_20250829,8,4,88,104,92.0,108.0,140.35813903808594,139.77867126464844,0.5794677734375
ns_dog_69,resnet50_tl_20250829,8,4,88,108,92.0,112.0,140.35813903808594,139.6204833984375,0.7376556396484375
ns_dog_69,resnet50_tl_20250829,8,4,88,112,92.0,116.0,140.35813903808594,139.57455444335938,0.7835845947265625
ns_dog_69,resnet50_tl_20250829,8,4,88,116,92.0,120.0,140.35813903808594,139.48948669433594,0.86865234375
ns_dog_69,resnet50_tl_20250829,8,4,88,120,92.0,124.0,140.35813903808594,139.43572998046875,0.9224090576171875
ns_dog_69,resnet50_tl_20250829,8,4,88,124,92.0,128.0,140.35813903808594,139.39389038085938,0.9642486572265625
ns_dog_69,resnet50_tl_20250829,8,4,88,128,92.0,132.0,140.35813903808594,139.4663543701172,0.89178466796875
ns_dog_69,resnet50_tl_20250829,8,4,88,132,92.0,136.0,140.35813903808594,139.5295867919922,0.82855224609375
ns_dog_69,resnet50_tl_20250829,8,4,88,136,92.0,140.0,140.35813903808594,139.49880981445312,0.8593292236328125
ns_dog_69,resnet50_tl_20250829,8,4,88,140,92.0,144.0,140.35813903808594,139.7452850341797,0.61285400390625
ns_dog_69,resnet50_tl_20250829,8,4,88,144,92.0,148.0,140.35813903808594,139.9140625,0.4440765380859375
ns_dog_69,resnet50_tl_20250829,8,4,88,148,92.0,152.0,140.35813903808594,139.7958221435547,0.56231689453125
ns_dog_69,resnet50_tl_20250829,8,4,88,152,92.0,156.0,140.35813903808594,140.1967315673828,0.161407470703125
ns_dog_69,resnet50_tl_20250829,8,4,88,156,92.0,160.0,140.35813903808594,139.99526977539062,0.3628692626953125
ns_dog_69,resnet50_tl_20250829,8,4,88,160,92.0,164.0,140.35813903808594,139.91810607910156,0.440032958984375
ns_dog_69,resnet50_tl_20250829,8,4,88,164,92.0,168.0,140.35813903808594,139.7515869140625,0.6065521240234375
ns_dog_69,resnet50_tl_20250829,8,4,88,168,92.0,172.0,140.35813903808594,139.9193115234375,0.4388275146484375
ns_dog_69,resnet50_tl_20250829,8,4,88,172,92.0,176.0,140.35813903808594,140.0406951904297,0.31744384765625
ns_dog_69,resnet50_tl_20250829,8,4,88,176,92.0,180.0,140.35813903808594,140.2062225341797,0.15191650390625
ns_dog_69,resnet50_tl_20250829,8,4,88,180,92.0,184.0,140.35813903808594,140.16258239746094,0.195556640625
ns_dog_69,resnet50_tl_20250829,8,4,88,184,92.0,188.0,140.35813903808594,140.26437377929688,0.0937652587890625
ns_dog_69,resnet50_tl_20250829,8,4,88,188,92.0,192.0,140.35813903808594,140.30984497070312,0.0482940673828125
ns_dog_69,resnet50_tl_20250829,8,4,88,192,92.0,196.0,140.35813903808594,140.32286071777344,0.0352783203125
ns_dog_69,resnet50_tl_20250829,8,4,88,196,92.0,200.0,140.35813903808594,140.296142578125,0.0619964599609375
ns_dog_69,resnet50_tl_20250829,8,4,88,200,92.0,204.0,140.35813903808594,140.33523559570312,0.0229034423828125
ns_dog_69,resnet50_tl_20250829,8,4,88,204,92.0,208.0,140.35813903808594,140.39968872070312,-0.0415496826171875
ns_dog_69,resnet50_tl_20250829,8,4,88,208,92.0,212.0,140.35813903808594,140.42335510253906,-0.065216064453125
ns_dog_69,resnet50_tl_20250829,8,4,88,212,92.0,216.0,140.35813903808594,140.3268280029297,0.03131103515625
ns_dog_69,resnet50_tl_20250829,8,4,88,216,92.0,220.0,140.35813903808594,140.31178283691406,0.046356201171875
ns_dog_69,resnet50_tl_20250829,8,4,92,0,96.0,4.0,140.35813903808594,140.24813842773438,0.1100006103515625
ns_dog_69,resnet50_tl_20250829,8,4,92,4,96.0,8.0,140.35813903808594,140.3118133544922,0.04632568359375
ns_dog_69,resnet50_tl_20250829,8,4,92,8,96.0,12.0,140.35813903808594,140.27989196777344,0.0782470703125
ns_dog_69,resnet50_tl_20250829,8,4,92,12,96.0,16.0,140.35813903808594,140.2962646484375,0.0618743896484375
ns_dog_69,resnet50_tl_20250829,8,4,92,16,96.0,20.0,140.35813903808594,140.16761779785156,0.190521240234375
ns_dog_69,resnet50_tl_20250829,8,4,92,20,96.0,24.0,140.35813903808594,140.2620849609375,0.0960540771484375
ns_dog_69,resnet50_tl_20250829,8,4,92,24,96.0,28.0,140.35813903808594,140.31492614746094,0.043212890625
ns_dog_69,resnet50_tl_20250829,8,4,92,28,96.0,32.0,140.35813903808594,140.1576690673828,0.200469970703125
ns_dog_69,resnet50_tl_20250829,8,4,92,32,96.0,36.0,140.35813903808594,140.09671020507812,0.2614288330078125
ns_dog_69,resnet50_tl_20250829,8,4,92,36,96.0,40.0,140.35813903808594,140.2392120361328,0.118927001953125
ns_dog_69,resnet50_tl_20250829,8,4,92,40,96.0,44.0,140.35813903808594,140.37890625,-0.0207672119140625
ns_dog_69,resnet50_tl_20250829,8,4,92,44,96.0,48.0,140.35813903808594,140.56613159179688,-0.2079925537109375
ns_dog_69,resnet50_tl_20250829,8,4,92,48,96.0,52.0,140.35813903808594,140.59368896484375,-0.2355499267578125
ns_dog_69,resnet50_tl_20250829,8,4,92,52,96.0,56.0,140.35813903808594,140.248046875,0.1100921630859375
ns_dog_69,resnet50_tl_20250829,8,4,92,56,96.0,60.0,140.35813903808594,140.21224975585938,0.1458892822265625
ns_dog_69,resnet50_tl_20250829,8,4,92,60,96.0,64.0,140.35813903808594,140.28787231445312,0.0702667236328125
ns_dog_69,resnet50_tl_20250829,8,4,92,64,96.0,68.0,140.35813903808594,140.309814453125,0.0483245849609375
ns_dog_69,resnet50_tl_20250829,8,4,92,68,96.0,72.0,140.35813903808594,140.17555236816406,0.182586669921875
ns_dog_69,resnet50_tl_20250829,8,4,92,72,96.0,76.0,140.35813903808594,140.1844482421875,0.1736907958984375
ns_dog_69,resnet50_tl_20250829,8,4,92,76,96.0,80.0,140.35813903808594,140.21998596191406,0.138153076171875
ns_dog_69,resnet50_tl_20250829,8,4,92,80,96.0,84.0,140.35813903808594,140.19293212890625,0.1652069091796875
ns_dog_69,resnet50_tl_20250829,8,4,92,84,96.0,88.0,140.35813903808594,140.18716430664062,0.1709747314453125
ns_dog_69,resnet50_tl_20250829,8,4,92,88,96.0,92.0,140.35813903808594,140.14309692382812,0.2150421142578125
ns_dog_69,resnet50_tl_20250829,8,4,92,92,96.0,96.0,140.35813903808594,140.008056640625,0.3500823974609375
ns_dog_69,resnet50_tl_20250829,8,4,92,96,96.0,100.0,140.35813903808594,140.11805725097656,0.240081787109375
ns_dog_69,resnet50_tl_20250829,8,4,92,100,96.0,104.0,140.35813903808594,140.13320922851562,0.2249298095703125
ns_dog_69,resnet50_tl_20250829,8,4,92,104,96.0,108.0,140.35813903808594,140.07302856445312,0.2851104736328125
ns_dog_69,resnet50_tl_20250829,8,4,92,108,96.0,112.0,140.35813903808594,139.99594116210938,0.3621978759765625
ns_dog_69,resnet50_tl_20250829,8,4,92,112,96.0,116.0,140.35813903808594,140.00863647460938,0.3495025634765625
ns_dog_69,resnet50_tl_20250829,8,4,92,116,96.0,120.0,140.35813903808594,140.00669860839844,0.3514404296875
ns_dog_69,resnet50_tl_20250829,8,4,92,120,96.0,124.0,140.35813903808594,139.94627380371094,0.411865234375
ns_dog_69,resnet50_tl_20250829,8,4,92,124,96.0,128.0,140.35813903808594,139.74546813964844,0.6126708984375
ns_dog_69,resnet50_tl_20250829,8,4,92,128,96.0,132.0,140.35813903808594,139.91436767578125,0.4437713623046875
ns_dog_69,resnet50_tl_20250829,8,4,92,132,96.0,136.0,140.35813903808594,139.99075317382812,0.3673858642578125
ns_dog_69,resnet50_tl_20250829,8,4,92,136,96.0,140.0,140.35813903808594,139.9408721923828,0.417266845703125
ns_dog_69,resnet50_tl_20250829,8,4,92,140,96.0,144.0,140.35813903808594,139.94468688964844,0.4134521484375
ns_dog_69,resnet50_tl_20250829,8,4,92,144,96.0,148.0,140.35813903808594,139.9717559814453,0.386383056640625
ns_dog_69,resnet50_tl_20250829,8,4,92,148,96.0,152.0,140.35813903808594,140.045166015625,0.3129730224609375
ns_dog_69,resnet50_tl_20250829,8,4,92,152,96.0,156.0,140.35813903808594,140.17881774902344,0.1793212890625
ns_dog_69,resnet50_tl_20250829,8,4,92,156,96.0,160.0,140.35813903808594,139.9637451171875,0.3943939208984375
ns_dog_69,resnet50_tl_20250829,8,4,92,160,96.0,164.0,140.35813903808594,139.97181701660156,0.386322021484375
ns_dog_69,resnet50_tl_20250829,8,4,92,164,96.0,168.0,140.35813903808594,140.0622100830078,0.295928955078125
ns_dog_69,resnet50_tl_20250829,8,4,92,168,96.0,172.0,140.35813903808594,140.11705017089844,0.2410888671875
ns_dog_69,resnet50_tl_20250829,8,4,92,172,96.0,176.0,140.35813903808594,140.07203674316406,0.286102294921875
ns_dog_69,resnet50_tl_20250829,8,4,92,176,96.0,180.0,140.35813903808594,140.09852600097656,0.259613037109375
ns_dog_69,resnet50_tl_20250829,8,4,92,180,96.0,184.0,140.35813903808594,140.0998992919922,0.25823974609375
ns_dog_69,resnet50_tl_20250829,8,4,92,184,96.0,188.0,140.35813903808594,140.30014038085938,0.0579986572265625
ns_dog_69,resnet50_tl_20250829,8,4,92,188,96.0,192.0,140.35813903808594,140.34866333007812,0.0094757080078125
ns_dog_69,resnet50_tl_20250829,8,4,92,192,96.0,196.0,140.35813903808594,140.32708740234375,0.0310516357421875
ns_dog_69,resnet50_tl_20250829,8,4,92,196,96.0,200.0,140.35813903808594,140.3221435546875,0.0359954833984375
ns_dog_69,resnet50_tl_20250829,8,4,92,200,96.0,204.0,140.35813903808594,140.37550354003906,-0.017364501953125
ns_dog_69,resnet50_tl_20250829,8,4,92,204,96.0,208.0,140.35813903808594,140.50083923339844,-0.1427001953125
ns_dog_69,resnet50_tl_20250829,8,4,92,208,96.0,212.0,140.35813903808594,140.4530029296875,-0.0948638916015625
ns_dog_69,resnet50_tl_20250829,8,4,92,212,96.0,216.0,140.35813903808594,140.3454132080078,0.012725830078125
ns_dog_69,resnet50_tl_20250829,8,4,92,216,96.0,220.0,140.35813903808594,140.3153076171875,0.0428314208984375
ns_dog_69,resnet50_tl_20250829,8,4,96,0,100.0,4.0,140.35813903808594,140.2454071044922,0.11273193359375
ns_dog_69,resnet50_tl_20250829,8,4,96,4,100.0,8.0,140.35813903808594,140.26673889160156,0.091400146484375
ns_dog_69,resnet50_tl_20250829,8,4,96,8,100.0,12.0,140.35813903808594,140.31031799316406,0.047821044921875
ns_dog_69,resnet50_tl_20250829,8,4,96,12,100.0,16.0,140.35813903808594,140.27947998046875,0.0786590576171875
ns_dog_69,resnet50_tl_20250829,8,4,96,16,100.0,20.0,140.35813903808594,140.1978759765625,0.1602630615234375
ns_dog_69,resnet50_tl_20250829,8,4,96,20,100.0,24.0,140.35813903808594,140.20350646972656,0.154632568359375
ns_dog_69,resnet50_tl_20250829,8,4,96,24,100.0,28.0,140.35813903808594,140.24456787109375,0.1135711669921875
ns_dog_69,resnet50_tl_20250829,8,4,96,28,100.0,32.0,140.35813903808594,140.14385986328125,0.2142791748046875
ns_dog_69,resnet50_tl_20250829,8,4,96,32,100.0,36.0,140.35813903808594,140.13880920410156,0.219329833984375
ns_dog_69,resnet50_tl_20250829,8,4,96,36,100.0,40.0,140.35813903808594,140.20938110351562,0.1487579345703125
ns_dog_69,resnet50_tl_20250829,8,4,96,40,100.0,44.0,140.35813903808594,140.33334350585938,0.0247955322265625
ns_dog_69,resnet50_tl_20250829,8,4,96,44,100.0,48.0,140.35813903808594,140.4259796142578,-0.067840576171875
ns_dog_69,resnet50_tl_20250829,8,4,96,48,100.0,52.0,140.35813903808594,140.35340881347656,0.004730224609375
ns_dog_69,resnet50_tl_20250829,8,4,96,52,100.0,56.0,140.35813903808594,140.22882080078125,0.1293182373046875
ns_dog_69,resnet50_tl_20250829,8,4,96,56,100.0,60.0,140.35813903808594,140.23004150390625,0.1280975341796875
ns_dog_69,resnet50_tl_20250829,8,4,96,60,100.0,64.0,140.35813903808594,140.2742919921875,0.0838470458984375
ns_dog_69,resnet50_tl_20250829,8,4,96,64,100.0,68.0,140.35813903808594,140.34654235839844,0.0115966796875
ns_dog_69,resnet50_tl_20250829,8,4,96,68,100.0,72.0,140.35813903808594,140.18617248535156,0.171966552734375
ns_dog_69,resnet50_tl_20250829,8,4,96,72,100.0,76.0,140.35813903808594,140.26954650878906,0.088592529296875
ns_dog_69,resnet50_tl_20250829,8,4,96,76,100.0,80.0,140.35813903808594,140.2300262451172,0.12811279296875
ns_dog_69,resnet50_tl_20250829,8,4,96,80,100.0,84.0,140.35813903808594,140.2076873779297,0.15045166015625
ns_dog_69,resnet50_tl_20250829,8,4,96,84,100.0,88.0,140.35813903808594,140.19000244140625,0.1681365966796875
ns_dog_69,resnet50_tl_20250829,8,4,96,88,100.0,92.0,140.35813903808594,140.13787841796875,0.2202606201171875
ns_dog_69,resnet50_tl_20250829,8,4,96,92,100.0,96.0,140.35813903808594,140.04522705078125,0.3129119873046875
ns_dog_69,resnet50_tl_20250829,8,4,96,96,100.0,100.0,140.35813903808594,140.12110900878906,0.237030029296875
ns_dog_69,resnet50_tl_20250829,8,4,96,100,100.0,104.0,140.35813903808594,140.19049072265625,0.1676483154296875
ns_dog_69,resnet50_tl_20250829,8,4,96,104,100.0,108.0,140.35813903808594,140.2227020263672,0.13543701171875
ns_dog_69,resnet50_tl_20250829,8,4,96,108,100.0,112.0,140.35813903808594,140.14923095703125,0.2089080810546875
ns_dog_69,resnet50_tl_20250829,8,4,96,112,100.0,116.0,140.35813903808594,140.18511962890625,0.1730194091796875
ns_dog_69,resnet50_tl_20250829,8,4,96,116,100.0,120.0,140.35813903808594,140.19129943847656,0.166839599609375
ns_dog_69,resnet50_tl_20250829,8,4,96,120,100.0,124.0,140.35813903808594,140.2382354736328,0.119903564453125
ns_dog_69,resnet50_tl_20250829,8,4,96,124,100.0,128.0,140.35813903808594,140.03892517089844,0.3192138671875
ns_dog_69,resnet50_tl_20250829,8,4,96,128,100.0,132.0,140.35813903808594,140.1806640625,0.1774749755859375
ns_dog_69,resnet50_tl_20250829,8,4,96,132,100.0,136.0,140.35813903808594,140.20433044433594,0.15380859375
ns_dog_69,resnet50_tl_20250829,8,4,96,136,100.0,140.0,140.35813903808594,140.08596801757812,0.2721710205078125
ns_dog_69,resnet50_tl_20250829,8,4,96,140,100.0,144.0,140.35813903808594,139.91062927246094,0.447509765625
ns_dog_69,resnet50_tl_20250829,8,4,96,144,100.0,148.0,140.35813903808594,140.01039123535156,0.347747802734375
ns_dog_69,resnet50_tl_20250829,8,4,96,148,100.0,152.0,140.35813903808594,140.12289428710938,0.2352447509765625
ns_dog_69,resnet50_tl_20250829,8,4,96,152,100.0,156.0,140.35813903808594,140.1686248779297,0.18951416015625
ns_dog_69,resnet50_tl_20250829,8,4,96,156,100.0,160.0,140.35813903808594,139.96946716308594,0.388671875
ns_dog_69,resnet50_tl_20250829,8,4,96,160,100.0,164.0,140.35813903808594,140.0006866455078,0.357452392578125
ns_dog_69,resnet50_tl_20250829,8,4,96,164,100.0,168.0,140.35813903808594,140.09446716308594,0.263671875
ns_dog_69,resnet50_tl_20250829,8,4,96,168,100.0,172.0,140.35813903808594,140.23065185546875,0.1274871826171875
ns_dog_69,resnet50_tl_20250829,8,4,96,172,100.0,176.0,140.35813903808594,140.0442352294922,0.31390380859375
ns_dog_69,resnet50_tl_20250829,8,4,96,176,100.0,180.0,140.35813903808594,140.03741455078125,0.3207244873046875
ns_dog_69,resnet50_tl_20250829,8,4,96,180,100.0,184.0,140.35813903808594,140.1522216796875,0.2059173583984375
ns_dog_69,resnet50_tl_20250829,8,4,96,184,100.0,188.0,140.35813903808594,140.26690673828125,0.0912322998046875
ns_dog_69,resnet50_tl_20250829,8,4,96,188,100.0,192.0,140.35813903808594,140.30911254882812,0.0490264892578125
ns_dog_69,resnet50_tl_20250829,8,4,96,192,100.0,196.0,140.35813903808594,140.28822326660156,0.069915771484375
ns_dog_69,resnet50_tl_20250829,8,4,96,196,100.0,200.0,140.35813903808594,140.29884338378906,0.059295654296875
ns_dog_69,resnet50_tl_20250829,8,4,96,200,100.0,204.0,140.35813903808594,140.3624725341797,-0.00433349609375
ns_dog_69,resnet50_tl_20250829,8,4,96,204,100.0,208.0,140.35813903808594,140.40896606445312,-0.0508270263671875
ns_dog_69,resnet50_tl_20250829,8,4,96,208,100.0,212.0,140.35813903808594,140.45501708984375,-0.0968780517578125
ns_dog_69,resnet50_tl_20250829,8,4,96,212,100.0,216.0,140.35813903808594,140.35836791992188,-0.0002288818359375
ns_dog_69,resnet50_tl_20250829,8,4,96,216,100.0,220.0,140.35813903808594,140.34730529785156,0.010833740234375
ns_dog_69,resnet50_tl_20250829,8,4,100,0,104.0,4.0,140.35813903808594,140.39260864257812,-0.0344696044921875
ns_dog_69,resnet50_tl_20250829,8,4,100,4,104.0,8.0,140.35813903808594,140.39431762695312,-0.0361785888671875
ns_dog_69,resnet50_tl_20250829,8,4,100,8,104.0,12.0,140.35813903808594,140.4195098876953,-0.061370849609375
ns_dog_69,resnet50_tl_20250829,8,4,100,12,104.0,16.0,140.35813903808594,140.40367126464844,-0.0455322265625
ns_dog_69,resnet50_tl_20250829,8,4,100,16,104.0,20.0,140.35813903808594,140.32559204101562,0.0325469970703125
ns_dog_69,resnet50_tl_20250829,8,4,100,20,104.0,24.0,140.35813903808594,140.3423309326172,0.01580810546875
ns_dog_69,resnet50_tl_20250829,8,4,100,24,104.0,28.0,140.35813903808594,140.30006408691406,0.058074951171875
ns_dog_69,resnet50_tl_20250829,8,4,100,28,104.0,32.0,140.35813903808594,140.322021484375,0.0361175537109375
ns_dog_69,resnet50_tl_20250829,8,4,100,32,104.0,36.0,140.35813903808594,140.33497619628906,0.023162841796875
ns_dog_69,resnet50_tl_20250829,8,4,100,36,104.0,40.0,140.35813903808594,140.3546142578125,0.0035247802734375
ns_dog_69,resnet50_tl_20250829,8,4,100,40,104.0,44.0,140.35813903808594,140.35360717773438,0.0045318603515625
ns_dog_69,resnet50_tl_20250829,8,4,100,44,104.0,48.0,140.35813903808594,140.2883758544922,0.06976318359375
ns_dog_69,resnet50_tl_20250829,8,4,100,48,104.0,52.0,140.35813903808594,140.278076171875,0.0800628662109375
ns_dog_69,resnet50_tl_20250829,8,4,100,52,104.0,56.0,140.35813903808594,140.2327423095703,0.125396728515625
ns_dog_69,resnet50_tl_20250829,8,4,100,56,104.0,60.0,140.35813903808594,140.17221069335938,0.1859283447265625
ns_dog_69,resnet50_tl_20250829,8,4,100,60,104.0,64.0,140.35813903808594,140.21920776367188,0.1389312744140625
ns_dog_69,resnet50_tl_20250829,8,4,100,64,104.0,68.0,140.35813903808594,140.23606872558594,0.1220703125
ns_dog_69,resnet50_tl_20250829,8,4,100,68,104.0,72.0,140.35813903808594,140.1685791015625,0.1895599365234375
ns_dog_69,resnet50_tl_20250829,8,4,100,72,104.0,76.0,140.35813903808594,140.2086181640625,0.1495208740234375
ns_dog_69,resnet50_tl_20250829,8,4,100,76,104.0,80.0,140.35813903808594,140.2776641845703,0.080474853515625
ns_dog_69,resnet50_tl_20250829,8,4,100,80,104.0,84.0,140.35813903808594,140.25070190429688,0.1074371337890625
ns_dog_69,resnet50_tl_20250829,8,4,100,84,104.0,88.0,140.35813903808594,140.1902618408203,0.167877197265625
ns_dog_69,resnet50_tl_20250829,8,4,100,88,104.0,92.0,140.35813903808594,140.082763671875,0.2753753662109375
ns_dog_69,resnet50_tl_20250829,8,4,100,92,104.0,96.0,140.35813903808594,140.0791473388672,0.27899169921875
ns_dog_69,resnet50_tl_20250829,8,4,100,96,104.0,100.0,140.35813903808594,140.02891540527344,0.3292236328125
ns_dog_69,resnet50_tl_20250829,8,4,100,100,104.0,104.0,140.35813903808594,140.0006103515625,0.3575286865234375
ns_dog_69,resnet50_tl_20250829,8,4,100,104,104.0,108.0,140.35813903808594,139.98065185546875,0.3774871826171875
ns_dog_69,resnet50_tl_20250829,8,4,100,108,104.0,112.0,140.35813903808594,140.08755493164062,0.2705841064453125
ns_dog_69,resnet50_tl_20250829,8,4,100,112,104.0,116.0,140.35813903808594,140.085205078125,0.2729339599609375
ns_dog_69,resnet50_tl_20250829,8,4,100,116,104.0,120.0,140.35813903808594,140.08721923828125,0.2709197998046875
ns_dog_69,resnet50_tl_20250829,8,4,100,120,104.0,124.0,140.35813903808594,140.05307006835938,0.3050689697265625
ns_dog_69,resnet50_tl_20250829,8,4,100,124,104.0,128.0,140.35813903808594,140.08071899414062,0.2774200439453125
ns_dog_69,resnet50_tl_20250829,8,4,100,128,104.0,132.0,140.35813903808594,140.1266326904297,0.23150634765625
ns_dog_69,resnet50_tl_20250829,8,4,100,132,104.0,136.0,140.35813903808594,140.07095336914062,0.2871856689453125
ns_dog_69,resnet50_tl_20250829,8,4,100,136,104.0,140.0,140.35813903808594,139.99105834960938,0.3670806884765625
ns_dog_69,resnet50_tl_20250829,8,4,100,140,104.0,144.0,140.35813903808594,139.94613647460938,0.4120025634765625
ns_dog_69,resnet50_tl_20250829,8,4,100,144,104.0,148.0,140.35813903808594,139.96383666992188,0.3943023681640625
ns_dog_69,resnet50_tl_20250829,8,4,100,148,104.0,152.0,140.35813903808594,139.95982360839844,0.3983154296875
ns_dog_69,resnet50_tl_20250829,8,4,100,152,104.0,156.0,140.35813903808594,139.98033142089844,0.3778076171875
ns_dog_69,resnet50_tl_20250829,8,4,100,156,104.0,160.0,140.35813903808594,139.98541259765625,0.3727264404296875
ns_dog_69,resnet50_tl_20250829,8,4,100,160,104.0,164.0,140.35813903808594,139.97494506835938,0.3831939697265625
ns_dog_69,resnet50_tl_20250829,8,4,100,164,104.0,168.0,140.35813903808594,140.02383422851562,0.3343048095703125
ns_dog_69,resnet50_tl_20250829,8,4,100,168,104.0,172.0,140.35813903808594,140.13877868652344,0.2193603515625
ns_dog_69,resnet50_tl_20250829,8,4,100,172,104.0,176.0,140.35813903808594,140.16026306152344,0.1978759765625
ns_dog_69,resnet50_tl_20250829,8,4,100,176,104.0,180.0,140.35813903808594,140.07949829101562,0.2786407470703125
ns_dog_69,resnet50_tl_20250829,8,4,100,180,104.0,184.0,140.35813903808594,140.07289123535156,0.285247802734375
ns_dog_69,resnet50_tl_20250829,8,4,100,184,104.0,188.0,140.35813903808594,140.18478393554688,0.1733551025390625
ns_dog_69,resnet50_tl_20250829,8,4,100,188,104.0,192.0,140.35813903808594,140.28704833984375,0.0710906982421875
ns_dog_69,resnet50_tl_20250829,8,4,100,192,104.0,196.0,140.35813903808594,140.27432250976562,0.0838165283203125
ns_dog_69,resnet50_tl_20250829,8,4,100,196,104.0,200.0,140.35813903808594,140.306884765625,0.0512542724609375
ns_dog_69,resnet50_tl_20250829,8,4,100,200,104.0,204.0,140.35813903808594,140.33534240722656,0.022796630859375
ns_dog_69,resnet50_tl_20250829,8,4,100,204,104.0,208.0,140.35813903808594,140.47390747070312,-0.1157684326171875
ns_dog_69,resnet50_tl_20250829,8,4,100,208,104.0,212.0,140.35813903808594,140.4932403564453,-0.135101318359375
ns_dog_69,resnet50_tl_20250829,8,4,100,212,104.0,216.0,140.35813903808594,140.39944458007812,-0.0413055419921875
ns_dog_69,resnet50_tl_20250829,8,4,100,216,104.0,220.0,140.35813903808594,140.33941650390625,0.0187225341796875
ns_dog_69,resnet50_tl_20250829,8,4,104,0,108.0,4.0,140.35813903808594,140.28245544433594,0.07568359375
ns_dog_69,resnet50_tl_20250829,8,4,104,4,108.0,8.0,140.35813903808594,140.280517578125,0.0776214599609375
ns_dog_69,resnet50_tl_20250829,8,4,104,8,108.0,12.0,140.35813903808594,140.39755249023438,-0.0394134521484375
ns_dog_69,resnet50_tl_20250829,8,4,104,12,108.0,16.0,140.35813903808594,140.27951049804688,0.0786285400390625
ns_dog_69,resnet50_tl_20250829,8,4,104,16,108.0,20.0,140.35813903808594,140.25901794433594,0.09912109375
ns_dog_69,resnet50_tl_20250829,8,4,104,20,108.0,24.0,140.35813903808594,140.25238037109375,0.1057586669921875
ns_dog_69,resnet50_tl_20250829,8,4,104,24,108.0,28.0,140.35813903808594,140.28602600097656,0.072113037109375
ns_dog_69,resnet50_tl_20250829,8,4,104,28,108.0,32.0,140.35813903808594,140.12722778320312,0.2309112548828125
ns_dog_69,resnet50_tl_20250829,8,4,104,32,108.0,36.0,140.35813903808594,140.0872344970703,0.270904541015625
ns_dog_69,resnet50_tl_20250829,8,4,104,36,108.0,40.0,140.35813903808594,140.16864013671875,0.1894989013671875
ns_dog_69,resnet50_tl_20250829,8,4,104,40,108.0,44.0,140.35813903808594,140.31300354003906,0.045135498046875
ns_dog_69,resnet50_tl_20250829,8,4,104,44,108.0,48.0,140.35813903808594,140.3365478515625,0.0215911865234375
ns_dog_69,resnet50_tl_20250829,8,4,104,48,108.0,52.0,140.35813903808594,140.2373046875,0.1208343505859375
ns_dog_69,resnet50_tl_20250829,8,4,104,52,108.0,56.0,140.35813903808594,140.22796630859375,0.1301727294921875
ns_dog_69,resnet50_tl_20250829,8,4,104,56,108.0,60.0,140.35813903808594,140.10324096679688,0.2548980712890625
ns_dog_69,resnet50_tl_20250829,8,4,104,60,108.0,64.0,140.35813903808594,140.15423583984375,0.2039031982421875
ns_dog_69,resnet50_tl_20250829,8,4,104,64,108.0,68.0,140.35813903808594,140.2244110107422,0.13372802734375
ns_dog_69,resnet50_tl_20250829,8,4,104,68,108.0,72.0,140.35813903808594,140.15823364257812,0.1999053955078125
ns_dog_69,resnet50_tl_20250829,8,4,104,72,108.0,76.0,140.35813903808594,140.20486450195312,0.1532745361328125
ns_dog_69,resnet50_tl_20250829,8,4,104,76,108.0,80.0,140.35813903808594,140.25088500976562,0.1072540283203125
ns_dog_69,resnet50_tl_20250829,8,4,104,80,108.0,84.0,140.35813903808594,140.28843688964844,0.0697021484375
ns_dog_69,resnet50_tl_20250829,8,4,104,84,108.0,88.0,140.35813903808594,140.20245361328125,0.1556854248046875
ns_dog_69,resnet50_tl_20250829,8,4,104,88,108.0,92.0,140.35813903808594,140.16294860839844,0.1951904296875
ns_dog_69,resnet50_tl_20250829,8,4,104,92,108.0,96.0,140.35813903808594,140.1669158935547,0.19122314453125
ns_dog_69,resnet50_tl_20250829,8,4,104,96,108.0,100.0,140.35813903808594,140.17050170898438,0.1876373291015625
ns_dog_69,resnet50_tl_20250829,8,4,104,100,108.0,104.0,140.35813903808594,140.07464599609375,0.2834930419921875
ns_dog_69,resnet50_tl_20250829,8,4,104,104,108.0,108.0,140.35813903808594,140.08326721191406,0.274871826171875
ns_dog_69,resnet50_tl_20250829,8,4,104,108,108.0,112.0,140.35813903808594,140.1463623046875,0.2117767333984375
ns_dog_69,resnet50_tl_20250829,8,4,104,112,108.0,116.0,140.35813903808594,140.1949920654297,0.16314697265625
ns_dog_69,resnet50_tl_20250829,8,4,104,116,108.0,120.0,140.35813903808594,140.0830841064453,0.275054931640625
ns_dog_69,resnet50_tl_20250829,8,4,104,120,108.0,124.0,140.35813903808594,140.1063232421875,0.2518157958984375
ns_dog_69,resnet50_tl_20250829,8,4,104,124,108.0,128.0,140.35813903808594,140.14398193359375,0.2141571044921875
ns_dog_69,resnet50_tl_20250829,8,4,104,128,108.0,132.0,140.35813903808594,140.19651794433594,0.16162109375
ns_dog_69,resnet50_tl_20250829,8,4,104,132,108.0,136.0,140.35813903808594,140.07321166992188,0.2849273681640625
ns_dog_69,resnet50_tl_20250829,8,4,104,136,108.0,140.0,140.35813903808594,140.12620544433594,0.23193359375
ns_dog_69,resnet50_tl_20250829,8,4,104,140,108.0,144.0,140.35813903808594,140.15992736816406,0.198211669921875
ns_dog_69,resnet50_tl_20250829,8,4,104,144,108.0,148.0,140.35813903808594,140.15643310546875,0.2017059326171875
ns_dog_69,resnet50_tl_20250829,8,4,104,148,108.0,152.0,140.35813903808594,140.04554748535156,0.312591552734375
ns_dog_69,resnet50_tl_20250829,8,4,104,152,108.0,156.0,140.35813903808594,140.06285095214844,0.2952880859375
ns_dog_69,resnet50_tl_20250829,8,4,104,156,108.0,160.0,140.35813903808594,140.1080322265625,0.2501068115234375
ns_dog_69,resnet50_tl_20250829,8,4,104,160,108.0,164.0,140.35813903808594,140.13299560546875,0.2251434326171875
ns_dog_69,resnet50_tl_20250829,8,4,104,164,108.0,168.0,140.35813903808594,140.07708740234375,0.2810516357421875
ns_dog_69,resnet50_tl_20250829,8,4,104,168,108.0,172.0,140.35813903808594,140.16729736328125,0.1908416748046875
ns_dog_69,resnet50_tl_20250829,8,4,104,172,108.0,176.0,140.35813903808594,140.2650909423828,0.093048095703125
ns_dog_69,resnet50_tl_20250829,8,4,104,176,108.0,180.0,140.35813903808594,140.19216918945312,0.1659698486328125
ns_dog_69,resnet50_tl_20250829,8,4,104,180,108.0,184.0,140.35813903808594,140.04605102539062,0.3120880126953125
ns_dog_69,resnet50_tl_20250829,8,4,104,184,108.0,188.0,140.35813903808594,140.1045379638672,0.25360107421875
ns_dog_69,resnet50_tl_20250829,8,4,104,188,108.0,192.0,140.35813903808594,140.3837890625,-0.0256500244140625
ns_dog_69,resnet50_tl_20250829,8,4,104,192,108.0,196.0,140.35813903808594,140.32107543945312,0.0370635986328125
ns_dog_69,resnet50_tl_20250829,8,4,104,196,108.0,200.0,140.35813903808594,140.26528930664062,0.0928497314453125
ns_dog_69,resnet50_tl_20250829,8,4,104,200,108.0,204.0,140.35813903808594,140.3406219482422,0.01751708984375
ns_dog_69,resnet50_tl_20250829,8,4,104,204,108.0,208.0,140.35813903808594,140.3984832763672,-0.04034423828125
ns_dog_69,resnet50_tl_20250829,8,4,104,208,108.0,212.0,140.35813903808594,140.4703826904297,-0.11224365234375
ns_dog_69,resnet50_tl_20250829,8,4,104,212,108.0,216.0,140.35813903808594,140.38006591796875,-0.0219268798828125
ns_dog_69,resnet50_tl_20250829,8,4,104,216,108.0,220.0,140.35813903808594,140.35018920898438,0.0079498291015625
ns_dog_69,resnet50_tl_20250829,8,4,108,0,112.0,4.0,140.35813903808594,140.09576416015625,0.2623748779296875
ns_dog_69,resnet50_tl_20250829,8,4,108,4,112.0,8.0,140.35813903808594,140.28646850585938,0.0716705322265625
ns_dog_69,resnet50_tl_20250829,8,4,108,8,112.0,12.0,140.35813903808594,140.3733367919922,-0.01519775390625
ns_dog_69,resnet50_tl_20250829,8,4,108,12,112.0,16.0,140.35813903808594,140.3317413330078,0.026397705078125
ns_dog_69,resnet50_tl_20250829,8,4,108,16,112.0,20.0,140.35813903808594,140.24789428710938,0.1102447509765625
ns_dog_69,resnet50_tl_20250829,8,4,108,20,112.0,24.0,140.35813903808594,140.36395263671875,-0.0058135986328125
ns_dog_69,resnet50_tl_20250829,8,4,108,24,112.0,28.0,140.35813903808594,140.35641479492188,0.0017242431640625
ns_dog_69,resnet50_tl_20250829,8,4,108,28,112.0,32.0,140.35813903808594,139.96607971191406,0.392059326171875
ns_dog_69,resnet50_tl_20250829,8,4,108,32,112.0,36.0,140.35813903808594,139.94749450683594,0.41064453125
ns_dog_69,resnet50_tl_20250829,8,4,108,36,112.0,40.0,140.35813903808594,140.1051025390625,0.2530364990234375
ns_dog_69,resnet50_tl_20250829,8,4,108,40,112.0,44.0,140.35813903808594,140.29617309570312,0.0619659423828125
ns_dog_69,resnet50_tl_20250829,8,4,108,44,112.0,48.0,140.35813903808594,140.13516235351562,0.2229766845703125
ns_dog_69,resnet50_tl_20250829,8,4,108,48,112.0,52.0,140.35813903808594,140.14979553222656,0.208343505859375
ns_dog_69,resnet50_tl_20250829,8,4,108,52,112.0,56.0,140.35813903808594,140.26321411132812,0.0949249267578125
ns_dog_69,resnet50_tl_20250829,8,4,108,56,112.0,60.0,140.35813903808594,140.12588500976562,0.2322540283203125
ns_dog_69,resnet50_tl_20250829,8,4,108,60,112.0,64.0,140.35813903808594,140.18531799316406,0.172821044921875
ns_dog_69,resnet50_tl_20250829,8,4,108,64,112.0,68.0,140.35813903808594,140.17825317382812,0.1798858642578125
ns_dog_69,resnet50_tl_20250829,8,4,108,68,112.0,72.0,140.35813903808594,140.21884155273438,0.1392974853515625
ns_dog_69,resnet50_tl_20250829,8,4,108,72,112.0,76.0,140.35813903808594,140.2266387939453,0.131500244140625
ns_dog_69,resnet50_tl_20250829,8,4,108,76,112.0,80.0,140.35813903808594,140.3628387451172,-0.00469970703125
ns_dog_69,resnet50_tl_20250829,8,4,108,80,112.0,84.0,140.35813903808594,140.31317138671875,0.0449676513671875
ns_dog_69,resnet50_tl_20250829,8,4,108,84,112.0,88.0,140.35813903808594,140.2592010498047,0.09893798828125
ns_dog_69,resnet50_tl_20250829,8,4,108,88,112.0,92.0,140.35813903808594,140.23342895507812,0.1247100830078125
ns_dog_69,resnet50_tl_20250829,8,4,108,92,112.0,96.0,140.35813903808594,140.3053741455078,0.052764892578125
ns_dog_69,resnet50_tl_20250829,8,4,108,96,112.0,100.0,140.35813903808594,140.21432495117188,0.1438140869140625
ns_dog_69,resnet50_tl_20250829,8,4,108,100,112.0,104.0,140.35813903808594,140.19134521484375,0.1667938232421875
ns_dog_69,resnet50_tl_20250829,8,4,108,104,112.0,108.0,140.35813903808594,140.17852783203125,0.1796112060546875
ns_dog_69,resnet50_tl_20250829,8,4,108,108,112.0,112.0,140.35813903808594,140.28335571289062,0.0747833251953125
ns_dog_69,resnet50_tl_20250829,8,4,108,112,112.0,116.0,140.35813903808594,140.1962890625,0.1618499755859375
ns_dog_69,resnet50_tl_20250829,8,4,108,116,112.0,120.0,140.35813903808594,140.16162109375,0.1965179443359375
ns_dog_69,resnet50_tl_20250829,8,4,108,120,112.0,124.0,140.35813903808594,140.14205932617188,0.2160797119140625
ns_dog_69,resnet50_tl_20250829,8,4,108,124,112.0,128.0,140.35813903808594,140.1925048828125,0.1656341552734375
ns_dog_69,resnet50_tl_20250829,8,4,108,128,112.0,132.0,140.35813903808594,140.14450073242188,0.2136383056640625
ns_dog_69,resnet50_tl_20250829,8,4,108,132,112.0,136.0,140.35813903808594,140.19100952148438,0.1671295166015625
ns_dog_69,resnet50_tl_20250829,8,4,108,136,112.0,140.0,140.35813903808594,140.1899871826172,0.16815185546875
ns_dog_69,resnet50_tl_20250829,8,4,108,140,112.0,144.0,140.35813903808594,140.13909912109375,0.2190399169921875
ns_dog_69,resnet50_tl_20250829,8,4,108,144,112.0,148.0,140.35813903808594,140.09323120117188,0.2649078369140625
ns_dog_69,resnet50_tl_20250829,8,4,108,148,112.0,152.0,140.35813903808594,140.19821166992188,0.1599273681640625
ns_dog_69,resnet50_tl_20250829,8,4,108,152,112.0,156.0,140.35813903808594,140.1035614013672,0.25457763671875
ns_dog_69,resnet50_tl_20250829,8,4,108,156,112.0,160.0,140.35813903808594,140.11598205566406,0.242156982421875
ns_dog_69,resnet50_tl_20250829,8,4,108,160,112.0,164.0,140.35813903808594,140.0535888671875,0.3045501708984375
ns_dog_69,resnet50_tl_20250829,8,4,108,164,112.0,168.0,140.35813903808594,140.21937561035156,0.138763427734375
ns_dog_69,resnet50_tl_20250829,8,4,108,168,112.0,172.0,140.35813903808594,140.18177795410156,0.176361083984375
ns_dog_69,resnet50_tl_20250829,8,4,108,172,112.0,176.0,140.35813903808594,140.22726440429688,0.1308746337890625
ns_dog_69,resnet50_tl_20250829,8,4,108,176,112.0,180.0,140.35813903808594,140.11570739746094,0.242431640625
ns_dog_69,resnet50_tl_20250829,8,4,108,180,112.0,184.0,140.35813903808594,140.07730102539062,0.2808380126953125
ns_dog_69,resnet50_tl_20250829,8,4,108,184,112.0,188.0,140.35813903808594,140.1377410888672,0.22039794921875
ns_dog_69,resnet50_tl_20250829,8,4,108,188,112.0,192.0,140.35813903808594,140.21844482421875,0.1396942138671875
ns_dog_69,resnet50_tl_20250829,8,4,108,192,112.0,196.0,140.35813903808594,140.324951171875,0.0331878662109375
ns_dog_69,resnet50_tl_20250829,8,4,108,196,112.0,200.0,140.35813903808594,140.37452697753906,-0.016387939453125
ns_dog_69,resnet50_tl_20250829,8,4,108,200,112.0,204.0,140.35813903808594,140.28929138183594,0.06884765625
ns_dog_69,resnet50_tl_20250829,8,4,108,204,112.0,208.0,140.35813903808594,140.46408081054688,-0.1059417724609375
ns_dog_69,resnet50_tl_20250829,8,4,108,208,112.0,212.0,140.35813903808594,140.4626007080078,-0.104461669921875
ns_dog_69,resnet50_tl_20250829,8,4,108,212,112.0,216.0,140.35813903808594,140.3831787109375,-0.0250396728515625
ns_dog_69,resnet50_tl_20250829,8,4,108,216,112.0,220.0,140.35813903808594,140.3235321044922,0.03460693359375
ns_dog_69,resnet50_tl_20250829,8,4,112,0,116.0,4.0,140.35813903808594,140.10125732421875,0.2568817138671875
ns_dog_69,resnet50_tl_20250829,8,4,112,4,116.0,8.0,140.35813903808594,140.2036590576172,0.15447998046875
ns_dog_69,resnet50_tl_20250829,8,4,112,8,116.0,12.0,140.35813903808594,140.31552124023438,0.0426177978515625
ns_dog_69,resnet50_tl_20250829,8,4,112,12,116.0,16.0,140.35813903808594,140.20297241210938,0.1551666259765625
ns_dog_69,resnet50_tl_20250829,8,4,112,16,116.0,20.0,140.35813903808594,140.2236328125,0.1345062255859375
ns_dog_69,resnet50_tl_20250829,8,4,112,20,116.0,24.0,140.35813903808594,140.2381591796875,0.1199798583984375
ns_dog_69,resnet50_tl_20250829,8,4,112,24,116.0,28.0,140.35813903808594,140.29373168945312,0.0644073486328125
ns_dog_69,resnet50_tl_20250829,8,4,112,28,116.0,32.0,140.35813903808594,139.9302215576172,0.42791748046875
ns_dog_69,resnet50_tl_20250829,8,4,112,32,116.0,36.0,140.35813903808594,139.9647216796875,0.3934173583984375
ns_dog_69,resnet50_tl_20250829,8,4,112,36,116.0,40.0,140.35813903808594,140.03273010253906,0.325408935546875
ns_dog_69,resnet50_tl_20250829,8,4,112,40,116.0,44.0,140.35813903808594,140.21165466308594,0.146484375
ns_dog_69,resnet50_tl_20250829,8,4,112,44,116.0,48.0,140.35813903808594,140.137939453125,0.2201995849609375
ns_dog_69,resnet50_tl_20250829,8,4,112,48,116.0,52.0,140.35813903808594,140.10374450683594,0.25439453125
ns_dog_69,resnet50_tl_20250829,8,4,112,52,116.0,56.0,140.35813903808594,140.21905517578125,0.1390838623046875
ns_dog_69,resnet50_tl_20250829,8,4,112,56,116.0,60.0,140.35813903808594,140.1644287109375,0.1937103271484375
ns_dog_69,resnet50_tl_20250829,8,4,112,60,116.0,64.0,140.35813903808594,140.19735717773438,0.1607818603515625
ns_dog_69,resnet50_tl_20250829,8,4,112,64,116.0,68.0,140.35813903808594,140.1961669921875,0.1619720458984375
ns_dog_69,resnet50_tl_20250829,8,4,112,68,116.0,72.0,140.35813903808594,140.1914825439453,0.166656494140625
ns_dog_69,resnet50_tl_20250829,8,4,112,72,116.0,76.0,140.35813903808594,140.26856994628906,0.089569091796875
ns_dog_69,resnet50_tl_20250829,8,4,112,76,116.0,80.0,140.35813903808594,140.3419952392578,0.016143798828125
ns_dog_69,resnet50_tl_20250829,8,4,112,80,116.0,84.0,140.35813903808594,140.3521728515625,0.0059661865234375
ns_dog_69,resnet50_tl_20250829,8,4,112,84,116.0,88.0,140.35813903808594,140.26004028320312,0.0980987548828125
ns_dog_69,resnet50_tl_20250829,8,4,112,88,116.0,92.0,140.35813903808594,140.27870178222656,0.079437255859375
ns_dog_69,resnet50_tl_20250829,8,4,112,92,116.0,96.0,140.35813903808594,140.31460571289062,0.0435333251953125
ns_dog_69,resnet50_tl_20250829,8,4,112,96,116.0,100.0,140.35813903808594,140.3201141357422,0.03802490234375
ns_dog_69,resnet50_tl_20250829,8,4,112,100,116.0,104.0,140.35813903808594,140.2090606689453,0.149078369140625
ns_dog_69,resnet50_tl_20250829,8,4,112,104,116.0,108.0,140.35813903808594,140.26438903808594,0.09375
ns_dog_69,resnet50_tl_20250829,8,4,112,108,116.0,112.0,140.35813903808594,140.29885864257812,0.0592803955078125
ns_dog_69,resnet50_tl_20250829,8,4,112,112,116.0,116.0,140.35813903808594,140.32884216308594,0.029296875
ns_dog_69,resnet50_tl_20250829,8,4,112,116,116.0,120.0,140.35813903808594,140.21910095214844,0.1390380859375
ns_dog_69,resnet50_tl_20250829,8,4,112,120,116.0,124.0,140.35813903808594,140.26353454589844,0.0946044921875
ns_dog_69,resnet50_tl_20250829,8,4,112,124,116.0,128.0,140.35813903808594,140.2557830810547,0.10235595703125
ns_dog_69,resnet50_tl_20250829,8,4,112,128,116.0,132.0,140.35813903808594,140.2835693359375,0.0745697021484375
ns_dog_69,resnet50_tl_20250829,8,4,112,132,116.0,136.0,140.35813903808594,140.25765991210938,0.1004791259765625
ns_dog_69,resnet50_tl_20250829,8,4,112,136,116.0,140.0,140.35813903808594,140.27215576171875,0.0859832763671875
ns_dog_69,resnet50_tl_20250829,8,4,112,140,116.0,144.0,140.35813903808594,140.15213012695312,0.2060089111328125
ns_dog_69,resnet50_tl_20250829,8,4,112,144,116.0,148.0,140.35813903808594,140.23033142089844,0.1278076171875
ns_dog_69,resnet50_tl_20250829,8,4,112,148,116.0,152.0,140.35813903808594,140.22862243652344,0.1295166015625
ns_dog_69,resnet50_tl_20250829,8,4,112,152,116.0,156.0,140.35813903808594,140.2471923828125,0.1109466552734375
ns_dog_69,resnet50_tl_20250829,8,4,112,156,116.0,160.0,140.35813903808594,140.12095642089844,0.2371826171875
ns_dog_69,resnet50_tl_20250829,8,4,112,160,116.0,164.0,140.35813903808594,140.1674041748047,0.19073486328125
ns_dog_69,resnet50_tl_20250829,8,4,112,164,116.0,168.0,140.35813903808594,140.19827270507812,0.1598663330078125
ns_dog_69,resnet50_tl_20250829,8,4,112,168,116.0,172.0,140.35813903808594,140.25765991210938,0.1004791259765625
ns_dog_69,resnet50_tl_20250829,8,4,112,172,116.0,176.0,140.35813903808594,140.21047973632812,0.1476593017578125
ns_dog_69,resnet50_tl_20250829,8,4,112,176,116.0,180.0,140.35813903808594,140.20887756347656,0.149261474609375
ns_dog_69,resnet50_tl_20250829,8,4,112,180,116.0,184.0,140.35813903808594,140.16912841796875,0.1890106201171875
ns_dog_69,resnet50_tl_20250829,8,4,112,184,116.0,188.0,140.35813903808594,140.18795776367188,0.1701812744140625
ns_dog_69,resnet50_tl_20250829,8,4,112,188,116.0,192.0,140.35813903808594,140.15634155273438,0.2017974853515625
ns_dog_69,resnet50_tl_20250829,8,4,112,192,116.0,196.0,140.35813903808594,140.26168823242188,0.0964508056640625
ns_dog_69,resnet50_tl_20250829,8,4,112,196,116.0,200.0,140.35813903808594,140.33486938476562,0.0232696533203125
ns_dog_69,resnet50_tl_20250829,8,4,112,200,116.0,204.0,140.35813903808594,140.26815795898438,0.0899810791015625
ns_dog_69,resnet50_tl_20250829,8,4,112,204,116.0,208.0,140.35813903808594,140.35887145996094,-0.000732421875
ns_dog_69,resnet50_tl_20250829,8,4,112,208,116.0,212.0,140.35813903808594,140.43531799316406,-0.077178955078125
ns_dog_69,resnet50_tl_20250829,8,4,112,212,116.0,216.0,140.35813903808594,140.36927795410156,-0.011138916015625
ns_dog_69,resnet50_tl_20250829,8,4,112,216,116.0,220.0,140.35813903808594,140.34019470214844,0.0179443359375
ns_dog_69,resnet50_tl_20250829,8,4,116,0,120.0,4.0,140.35813903808594,140.29364013671875,0.0644989013671875
ns_dog_69,resnet50_tl_20250829,8,4,116,4,120.0,8.0,140.35813903808594,140.27027893066406,0.087860107421875
ns_dog_69,resnet50_tl_20250829,8,4,116,8,120.0,12.0,140.35813903808594,140.33448791503906,0.023651123046875
ns_dog_69,resnet50_tl_20250829,8,4,116,12,120.0,16.0,140.35813903808594,140.35931396484375,-0.0011749267578125
ns_dog_69,resnet50_tl_20250829,8,4,116,16,120.0,20.0,140.35813903808594,140.34307861328125,0.0150604248046875
ns_dog_69,resnet50_tl_20250829,8,4,116,20,120.0,24.0,140.35813903808594,140.3159637451172,0.04217529296875
ns_dog_69,resnet50_tl_20250829,8,4,116,24,120.0,28.0,140.35813903808594,140.32704162597656,0.031097412109375
ns_dog_69,resnet50_tl_20250829,8,4,116,28,120.0,32.0,140.35813903808594,140.285888671875,0.0722503662109375
ns_dog_69,resnet50_tl_20250829,8,4,116,32,120.0,36.0,140.35813903808594,140.36251831054688,-0.0043792724609375
ns_dog_69,resnet50_tl_20250829,8,4,116,36,120.0,40.0,140.35813903808594,140.28933715820312,0.0688018798828125
ns_dog_69,resnet50_tl_20250829,8,4,116,40,120.0,44.0,140.35813903808594,140.2987518310547,0.05938720703125
ns_dog_69,resnet50_tl_20250829,8,4,116,44,120.0,48.0,140.35813903808594,140.29083251953125,0.0673065185546875
ns_dog_69,resnet50_tl_20250829,8,4,116,48,120.0,52.0,140.35813903808594,140.2340545654297,0.12408447265625
ns_dog_69,resnet50_tl_20250829,8,4,116,52,120.0,56.0,140.35813903808594,140.1524658203125,0.2056732177734375
ns_dog_69,resnet50_tl_20250829,8,4,116,56,120.0,60.0,140.35813903808594,140.09866333007812,0.2594757080078125
ns_dog_69,resnet50_tl_20250829,8,4,116,60,120.0,64.0,140.35813903808594,140.1696319580078,0.188507080078125
ns_dog_69,resnet50_tl_20250829,8,4,116,64,120.0,68.0,140.35813903808594,140.12570190429688,0.2324371337890625
ns_dog_69,resnet50_tl_20250829,8,4,116,68,120.0,72.0,140.35813903808594,140.13572692871094,0.222412109375
ns_dog_69,resnet50_tl_20250829,8,4,116,72,120.0,76.0,140.35813903808594,140.18975830078125,0.1683807373046875
ns_dog_69,resnet50_tl_20250829,8,4,116,76,120.0,80.0,140.35813903808594,140.26681518554688,0.0913238525390625
ns_dog_69,resnet50_tl_20250829,8,4,116,80,120.0,84.0,140.35813903808594,140.25357055664062,0.1045684814453125
ns_dog_69,resnet50_tl_20250829,8,4,116,84,120.0,88.0,140.35813903808594,140.2194366455078,0.138702392578125
ns_dog_69,resnet50_tl_20250829,8,4,116,88,120.0,92.0,140.35813903808594,140.21768188476562,0.1404571533203125
ns_dog_69,resnet50_tl_20250829,8,4,116,92,120.0,96.0,140.35813903808594,140.3106231689453,0.047515869140625
ns_dog_69,resnet50_tl_20250829,8,4,116,96,120.0,100.0,140.35813903808594,140.28298950195312,0.0751495361328125
ns_dog_69,resnet50_tl_20250829,8,4,116,100,120.0,104.0,140.35813903808594,140.24041748046875,0.1177215576171875
ns_dog_69,resnet50_tl_20250829,8,4,116,104,120.0,108.0,140.35813903808594,140.21339416503906,0.144744873046875
ns_dog_69,resnet50_tl_20250829,8,4,116,108,120.0,112.0,140.35813903808594,140.3053741455078,0.052764892578125
ns_dog_69,resnet50_tl_20250829,8,4,116,112,120.0,116.0,140.35813903808594,140.2737274169922,0.08441162109375
ns_dog_69,resnet50_tl_20250829,8,4,116,116,120.0,120.0,140.35813903808594,140.26858520507812,0.0895538330078125
ns_dog_69,resnet50_tl_20250829,8,4,116,120,120.0,124.0,140.35813903808594,140.2403106689453,0.117828369140625
ns_dog_69,resnet50_tl_20250829,8,4,116,124,120.0,128.0,140.35813903808594,140.31460571289062,0.0435333251953125
ns_dog_69,resnet50_tl_20250829,8,4,116,128,120.0,132.0,140.35813903808594,140.28033447265625,0.0778045654296875
ns_dog_69,resnet50_tl_20250829,8,4,116,132,120.0,136.0,140.35813903808594,140.2088165283203,0.149322509765625
ns_dog_69,resnet50_tl_20250829,8,4,116,136,120.0,140.0,140.35813903808594,140.19503784179688,0.1631011962890625
ns_dog_69,resnet50_tl_20250829,8,4,116,140,120.0,144.0,140.35813903808594,140.185791015625,0.1723480224609375
ns_dog_69,resnet50_tl_20250829,8,4,116,144,120.0,148.0,140.35813903808594,140.1505584716797,0.20758056640625
ns_dog_69,resnet50_tl_20250829,8,4,116,148,120.0,152.0,140.35813903808594,140.09542846679688,0.2627105712890625
ns_dog_69,resnet50_tl_20250829,8,4,116,152,120.0,156.0,140.35813903808594,140.1108856201172,0.24725341796875
ns_dog_69,resnet50_tl_20250829,8,4,116,156,120.0,160.0,140.35813903808594,140.18304443359375,0.1750946044921875
ns_dog_69,resnet50_tl_20250829,8,4,116,160,120.0,164.0,140.35813903808594,140.13536071777344,0.2227783203125
ns_dog_69,resnet50_tl_20250829,8,4,116,164,120.0,168.0,140.35813903808594,140.1050262451172,0.25311279296875
ns_dog_69,resnet50_tl_20250829,8,4,116,168,120.0,172.0,140.35813903808594,140.17681884765625,0.1813201904296875
ns_dog_69,resnet50_tl_20250829,8,4,116,172,120.0,176.0,140.35813903808594,140.219482421875,0.1386566162109375
ns_dog_69,resnet50_tl_20250829,8,4,116,176,120.0,180.0,140.35813903808594,140.1591033935547,0.19903564453125
ns_dog_69,resnet50_tl_20250829,8,4,116,180,120.0,184.0,140.35813903808594,140.18051147460938,0.1776275634765625
ns_dog_69,resnet50_tl_20250829,8,4,116,184,120.0,188.0,140.35813903808594,140.12840270996094,0.229736328125
ns_dog_69,resnet50_tl_20250829,8,4,116,188,120.0,192.0,140.35813903808594,140.13328552246094,0.224853515625
ns_dog_69,resnet50_tl_20250829,8,4,116,192,120.0,196.0,140.35813903808594,140.19371032714844,0.1644287109375
ns_dog_69,resnet50_tl_20250829,8,4,116,196,120.0,200.0,140.35813903808594,140.2279815673828,0.130157470703125
ns_dog_69,resnet50_tl_20250829,8,4,116,200,120.0,204.0,140.35813903808594,140.29615783691406,0.061981201171875
ns_dog_69,resnet50_tl_20250829,8,4,116,204,120.0,208.0,140.35813903808594,140.41241455078125,-0.0542755126953125
ns_dog_69,resnet50_tl_20250829,8,4,116,208,120.0,212.0,140.35813903808594,140.47279357910156,-0.114654541015625
ns_dog_69,resnet50_tl_20250829,8,4,116,212,120.0,216.0,140.35813903808594,140.4095458984375,-0.0514068603515625
ns_dog_69,resnet50_tl_20250829,8,4,116,216,120.0,220.0,140.35813903808594,140.31253051757812,0.0456085205078125
ns_dog_69,resnet50_tl_20250829,8,4,120,0,124.0,4.0,140.35813903808594,140.16905212402344,0.1890869140625
ns_dog_69,resnet50_tl_20250829,8,4,120,4,124.0,8.0,140.35813903808594,140.19461059570312,0.1635284423828125
ns_dog_69,resnet50_tl_20250829,8,4,120,8,124.0,12.0,140.35813903808594,140.27391052246094,0.084228515625
ns_dog_69,resnet50_tl_20250829,8,4,120,12,124.0,16.0,140.35813903808594,140.19827270507812,0.1598663330078125
ns_dog_69,resnet50_tl_20250829,8,4,120,16,124.0,20.0,140.35813903808594,140.19158935546875,0.1665496826171875
ns_dog_69,resnet50_tl_20250829,8,4,120,20,124.0,24.0,140.35813903808594,140.1667022705078,0.191436767578125
ns_dog_69,resnet50_tl_20250829,8,4,120,24,124.0,28.0,140.35813903808594,140.21807861328125,0.1400604248046875
ns_dog_69,resnet50_tl_20250829,8,4,120,28,124.0,32.0,140.35813903808594,140.05738830566406,0.300750732421875
ns_dog_69,resnet50_tl_20250829,8,4,120,32,124.0,36.0,140.35813903808594,140.1397247314453,0.218414306640625
ns_dog_69,resnet50_tl_20250829,8,4,120,36,124.0,40.0,140.35813903808594,140.1362762451172,0.22186279296875
ns_dog_69,resnet50_tl_20250829,8,4,120,40,124.0,44.0,140.35813903808594,140.16798400878906,0.190155029296875
ns_dog_69,resnet50_tl_20250829,8,4,120,44,124.0,48.0,140.35813903808594,140.16566467285156,0.192474365234375
ns_dog_69,resnet50_tl_20250829,8,4,120,48,124.0,52.0,140.35813903808594,139.97987365722656,0.378265380859375
ns_dog_69,resnet50_tl_20250829,8,4,120,52,124.0,56.0,140.35813903808594,140.06326293945312,0.2948760986328125
ns_dog_69,resnet50_tl_20250829,8,4,120,56,124.0,60.0,140.35813903808594,140.13531494140625,0.2228240966796875
ns_dog_69,resnet50_tl_20250829,8,4,120,60,124.0,64.0,140.35813903808594,140.13800048828125,0.2201385498046875
ns_dog_69,resnet50_tl_20250829,8,4,120,64,124.0,68.0,140.35813903808594,140.09426879882812,0.2638702392578125
ns_dog_69,resnet50_tl_20250829,8,4,120,68,124.0,72.0,140.35813903808594,140.11509704589844,0.2430419921875
ns_dog_69,resnet50_tl_20250829,8,4,120,72,124.0,76.0,140.35813903808594,140.1770782470703,0.181060791015625
ns_dog_69,resnet50_tl_20250829,8,4,120,76,124.0,80.0,140.35813903808594,140.23878479003906,0.119354248046875
ns_dog_69,resnet50_tl_20250829,8,4,120,80,124.0,84.0,140.35813903808594,140.26318359375,0.0949554443359375
ns_dog_69,resnet50_tl_20250829,8,4,120,84,124.0,88.0,140.35813903808594,140.19708251953125,0.1610565185546875
ns_dog_69,resnet50_tl_20250829,8,4,120,88,124.0,92.0,140.35813903808594,140.2191619873047,0.13897705078125
ns_dog_69,resnet50_tl_20250829,8,4,120,92,124.0,96.0,140.35813903808594,140.26934814453125,0.0887908935546875
ns_dog_69,resnet50_tl_20250829,8,4,120,96,124.0,100.0,140.35813903808594,140.28367614746094,0.074462890625
ns_dog_69,resnet50_tl_20250829,8,4,120,100,124.0,104.0,140.35813903808594,140.19212341308594,0.166015625
ns_dog_69,resnet50_tl_20250829,8,4,120,104,124.0,108.0,140.35813903808594,140.2206573486328,0.137481689453125
ns_dog_69,resnet50_tl_20250829,8,4,120,108,124.0,112.0,140.35813903808594,140.28231811523438,0.0758209228515625
ns_dog_69,resnet50_tl_20250829,8,4,120,112,124.0,116.0,140.35813903808594,140.32608032226562,0.0320587158203125
ns_dog_69,resnet50_tl_20250829,8,4,120,116,124.0,120.0,140.35813903808594,140.25357055664062,0.1045684814453125
ns_dog_69,resnet50_tl_20250829,8,4,120,120,124.0,124.0,140.35813903808594,140.25877380371094,0.099365234375
ns_dog_69,resnet50_tl_20250829,8,4,120,124,124.0,128.0,140.35813903808594,140.28831481933594,0.06982421875
ns_dog_69,resnet50_tl_20250829,8,4,120,128,124.0,132.0,140.35813903808594,140.25430297851562,0.1038360595703125
ns_dog_69,resnet50_tl_20250829,8,4,120,132,124.0,136.0,140.35813903808594,140.15745544433594,0.20068359375
ns_dog_69,resnet50_tl_20250829,8,4,120,136,124.0,140.0,140.35813903808594,140.19911193847656,0.159027099609375
ns_dog_69,resnet50_tl_20250829,8,4,120,140,124.0,144.0,140.35813903808594,140.14950561523438,0.2086334228515625
ns_dog_69,resnet50_tl_20250829,8,4,120,144,124.0,148.0,140.35813903808594,140.18605041503906,0.172088623046875
ns_dog_69,resnet50_tl_20250829,8,4,120,148,124.0,152.0,140.35813903808594,140.0890350341797,0.26910400390625
ns_dog_69,resnet50_tl_20250829,8,4,120,152,124.0,156.0,140.35813903808594,140.13284301757812,0.2252960205078125
ns_dog_69,resnet50_tl_20250829,8,4,120,156,124.0,160.0,140.35813903808594,140.1780242919922,0.18011474609375
ns_dog_69,resnet50_tl_20250829,8,4,120,160,124.0,164.0,140.35813903808594,140.197021484375,0.1611175537109375
ns_dog_69,resnet50_tl_20250829,8,4,120,164,124.0,168.0,140.35813903808594,140.10598754882812,0.2521514892578125
ns_dog_69,resnet50_tl_20250829,8,4,120,168,124.0,172.0,140.35813903808594,140.19027709960938,0.1678619384765625
ns_dog_69,resnet50_tl_20250829,8,4,120,172,124.0,176.0,140.35813903808594,140.22335815429688,0.1347808837890625
ns_dog_69,resnet50_tl_20250829,8,4,120,176,124.0,180.0,140.35813903808594,140.2568359375,0.1013031005859375
ns_dog_69,resnet50_tl_20250829,8,4,120,180,124.0,184.0,140.35813903808594,140.18463134765625,0.1735076904296875
ns_dog_69,resnet50_tl_20250829,8,4,120,184,124.0,188.0,140.35813903808594,140.05853271484375,0.2996063232421875
ns_dog_69,resnet50_tl_20250829,8,4,120,188,124.0,192.0,140.35813903808594,140.09153747558594,0.2666015625
ns_dog_69,resnet50_tl_20250829,8,4,120,192,124.0,196.0,140.35813903808594,140.0907440185547,0.26739501953125
ns_dog_69,resnet50_tl_20250829,8,4,120,196,124.0,200.0,140.35813903808594,140.08621215820312,0.2719268798828125
ns_dog_69,resnet50_tl_20250829,8,4,120,200,124.0,204.0,140.35813903808594,140.2785186767578,0.079620361328125
ns_dog_69,resnet50_tl_20250829,8,4,120,204,124.0,208.0,140.35813903808594,140.3258819580078,0.032257080078125
ns_dog_69,resnet50_tl_20250829,8,4,120,208,124.0,212.0,140.35813903808594,140.45147705078125,-0.0933380126953125
ns_dog_69,resnet50_tl_20250829,8,4,120,212,124.0,216.0,140.35813903808594,140.37942504882812,-0.0212860107421875
ns_dog_69,resnet50_tl_20250829,8,4,120,216,124.0,220.0,140.35813903808594,140.33132934570312,0.0268096923828125
ns_dog_69,resnet50_tl_20250829,8,4,124,0,128.0,4.0,140.35813903808594,140.04798889160156,0.310150146484375
ns_dog_69,resnet50_tl_20250829,8,4,124,4,128.0,8.0,140.35813903808594,140.19406127929688,0.1640777587890625
ns_dog_69,resnet50_tl_20250829,8,4,124,8,128.0,12.0,140.35813903808594,140.2909393310547,0.06719970703125
ns_dog_69,resnet50_tl_20250829,8,4,124,12,128.0,16.0,140.35813903808594,140.25228881835938,0.1058502197265625
ns_dog_69,resnet50_tl_20250829,8,4,124,16,128.0,20.0,140.35813903808594,140.18072509765625,0.1774139404296875
ns_dog_69,resnet50_tl_20250829,8,4,124,20,128.0,24.0,140.35813903808594,140.26991271972656,0.088226318359375
ns_dog_69,resnet50_tl_20250829,8,4,124,24,128.0,28.0,140.35813903808594,140.2889862060547,0.06915283203125
ns_dog_69,resnet50_tl_20250829,8,4,124,28,128.0,32.0,140.35813903808594,139.89578247070312,0.4623565673828125
ns_dog_69,resnet50_tl_20250829,8,4,124,32,128.0,36.0,140.35813903808594,139.89468383789062,0.4634552001953125
ns_dog_69,resnet50_tl_20250829,8,4,124,36,128.0,40.0,140.35813903808594,140.13059997558594,0.2275390625
ns_dog_69,resnet50_tl_20250829,8,4,124,40,128.0,44.0,140.35813903808594,140.1476593017578,0.210479736328125
ns_dog_69,resnet50_tl_20250829,8,4,124,44,128.0,48.0,140.35813903808594,140.0943145751953,0.263824462890625
ns_dog_69,resnet50_tl_20250829,8,4,124,48,128.0,52.0,140.35813903808594,139.9332733154297,0.42486572265625
ns_dog_69,resnet50_tl_20250829,8,4,124,52,128.0,56.0,140.35813903808594,139.991943359375,0.3661956787109375
ns_dog_69,resnet50_tl_20250829,8,4,124,56,128.0,60.0,140.35813903808594,140.16310119628906,0.195037841796875
ns_dog_69,resnet50_tl_20250829,8,4,124,60,128.0,64.0,140.35813903808594,140.14109802246094,0.217041015625
ns_dog_69,resnet50_tl_20250829,8,4,124,64,128.0,68.0,140.35813903808594,140.10964965820312,0.2484893798828125
ns_dog_69,resnet50_tl_20250829,8,4,124,68,128.0,72.0,140.35813903808594,140.20298767089844,0.1551513671875
ns_dog_69,resnet50_tl_20250829,8,4,124,72,128.0,76.0,140.35813903808594,140.21835327148438,0.1397857666015625
ns_dog_69,resnet50_tl_20250829,8,4,124,76,128.0,80.0,140.35813903808594,140.35630798339844,0.0018310546875
ns_dog_69,resnet50_tl_20250829,8,4,124,80,128.0,84.0,140.35813903808594,140.31515502929688,0.0429840087890625
ns_dog_69,resnet50_tl_20250829,8,4,124,84,128.0,88.0,140.35813903808594,140.28741455078125,0.0707244873046875
ns_dog_69,resnet50_tl_20250829,8,4,124,88,128.0,92.0,140.35813903808594,140.2787628173828,0.079376220703125
ns_dog_69,resnet50_tl_20250829,8,4,124,92,128.0,96.0,140.35813903808594,140.43795776367188,-0.0798187255859375
ns_dog_69,resnet50_tl_20250829,8,4,124,96,128.0,100.0,140.35813903808594,140.36778259277344,-0.0096435546875
ns_dog_69,resnet50_tl_20250829,8,4,124,100,128.0,104.0,140.35813903808594,140.308349609375,0.0497894287109375
ns_dog_69,resnet50_tl_20250829,8,4,124,104,128.0,108.0,140.35813903808594,140.2759552001953,0.082183837890625
ns_dog_69,resnet50_tl_20250829,8,4,124,108,128.0,112.0,140.35813903808594,140.36061096191406,-0.002471923828125
ns_dog_69,resnet50_tl_20250829,8,4,124,112,128.0,116.0,140.35813903808594,140.33575439453125,0.0223846435546875
ns_dog_69,resnet50_tl_20250829,8,4,124,116,128.0,120.0,140.35813903808594,140.30113220214844,0.0570068359375
ns_dog_69,resnet50_tl_20250829,8,4,124,120,128.0,124.0,140.35813903808594,140.30728149414062,0.0508575439453125
ns_dog_69,resnet50_tl_20250829,8,4,124,124,128.0,128.0,140.35813903808594,140.328369140625,0.0297698974609375
ns_dog_69,resnet50_tl_20250829,8,4,124,128,128.0,132.0,140.35813903808594,140.26858520507812,0.0895538330078125
ns_dog_69,resnet50_tl_20250829,8,4,124,132,128.0,136.0,140.35813903808594,140.20127868652344,0.1568603515625
ns_dog_69,resnet50_tl_20250829,8,4,124,136,128.0,140.0,140.35813903808594,140.18809509277344,0.1700439453125
ns_dog_69,resnet50_tl_20250829,8,4,124,140,128.0,144.0,140.35813903808594,140.24317932128906,0.114959716796875
ns_dog_69,resnet50_tl_20250829,8,4,124,144,128.0,148.0,140.35813903808594,140.13905334472656,0.219085693359375
ns_dog_69,resnet50_tl_20250829,8,4,124,148,128.0,152.0,140.35813903808594,140.16134643554688,0.1967926025390625
ns_dog_69,resnet50_tl_20250829,8,4,124,152,128.0,156.0,140.35813903808594,140.1854248046875,0.1727142333984375
ns_dog_69,resnet50_tl_20250829,8,4,124,156,128.0,160.0,140.35813903808594,140.32968139648438,0.0284576416015625
ns_dog_69,resnet50_tl_20250829,8,4,124,160,128.0,164.0,140.35813903808594,140.2453155517578,0.112823486328125
ns_dog_69,resnet50_tl_20250829,8,4,124,164,128.0,168.0,140.35813903808594,140.28807067871094,0.070068359375
ns_dog_69,resnet50_tl_20250829,8,4,124,168,128.0,172.0,140.35813903808594,140.2245635986328,0.133575439453125
ns_dog_69,resnet50_tl_20250829,8,4,124,172,128.0,176.0,140.35813903808594,140.2455291748047,0.11260986328125
ns_dog_69,resnet50_tl_20250829,8,4,124,176,128.0,180.0,140.35813903808594,140.21945190429688,0.1386871337890625
ns_dog_69,resnet50_tl_20250829,8,4,124,180,128.0,184.0,140.35813903808594,140.206298828125,0.1518402099609375
ns_dog_69,resnet50_tl_20250829,8,4,124,184,128.0,188.0,140.35813903808594,140.1089324951172,0.24920654296875
ns_dog_69,resnet50_tl_20250829,8,4,124,188,128.0,192.0,140.35813903808594,140.0569305419922,0.30120849609375
ns_dog_69,resnet50_tl_20250829,8,4,124,192,128.0,196.0,140.35813903808594,140.0636749267578,0.294464111328125
ns_dog_69,resnet50_tl_20250829,8,4,124,196,128.0,200.0,140.35813903808594,140.07054138183594,0.28759765625
ns_dog_69,resnet50_tl_20250829,8,4,124,200,128.0,204.0,140.35813903808594,140.2581024169922,0.10003662109375
ns_dog_69,resnet50_tl_20250829,8,4,124,204,128.0,208.0,140.35813903808594,140.35362243652344,0.0045166015625
ns_dog_69,resnet50_tl_20250829,8,4,124,208,128.0,212.0,140.35813903808594,140.40817260742188,-0.0500335693359375
ns_dog_69,resnet50_tl_20250829,8,4,124,212,128.0,216.0,140.35813903808594,140.36996459960938,-0.0118255615234375
ns_dog_69,resnet50_tl_20250829,8,4,124,216,128.0,220.0,140.35813903808594,140.32452392578125,0.0336151123046875
ns_dog_69,resnet50_tl_20250829,8,4,128,0,132.0,4.0,140.35813903808594,140.08401489257812,0.2741241455078125
ns_dog_69,resnet50_tl_20250829,8,4,128,4,132.0,8.0,140.35813903808594,140.16937255859375,0.1887664794921875
ns_dog_69,resnet50_tl_20250829,8,4,128,8,132.0,12.0,140.35813903808594,140.26795959472656,0.090179443359375
ns_dog_69,resnet50_tl_20250829,8,4,128,12,132.0,16.0,140.35813903808594,140.14291381835938,0.2152252197265625
ns_dog_69,resnet50_tl_20250829,8,4,128,16,132.0,20.0,140.35813903808594,140.12693786621094,0.231201171875
ns_dog_69,resnet50_tl_20250829,8,4,128,20,132.0,24.0,140.35813903808594,140.14242553710938,0.2157135009765625
ns_dog_69,resnet50_tl_20250829,8,4,128,24,132.0,28.0,140.35813903808594,140.19911193847656,0.159027099609375
ns_dog_69,resnet50_tl_20250829,8,4,128,28,132.0,32.0,140.35813903808594,139.85145568847656,0.506683349609375
ns_dog_69,resnet50_tl_20250829,8,4,128,32,132.0,36.0,140.35813903808594,139.8689422607422,0.48919677734375
ns_dog_69,resnet50_tl_20250829,8,4,128,36,132.0,40.0,140.35813903808594,140.02938842773438,0.3287506103515625
ns_dog_69,resnet50_tl_20250829,8,4,128,40,132.0,44.0,140.35813903808594,140.10574340820312,0.2523956298828125
ns_dog_69,resnet50_tl_20250829,8,4,128,44,132.0,48.0,140.35813903808594,140.0709991455078,0.287139892578125
ns_dog_69,resnet50_tl_20250829,8,4,128,48,132.0,52.0,140.35813903808594,139.87144470214844,0.4866943359375
ns_dog_69,resnet50_tl_20250829,8,4,128,52,132.0,56.0,140.35813903808594,139.9344940185547,0.42364501953125
ns_dog_69,resnet50_tl_20250829,8,4,128,56,132.0,60.0,140.35813903808594,140.1645965576172,0.19354248046875
ns_dog_69,resnet50_tl_20250829,8,4,128,60,132.0,64.0,140.35813903808594,140.10287475585938,0.2552642822265625
ns_dog_69,resnet50_tl_20250829,8,4,128,64,132.0,68.0,140.35813903808594,140.08538818359375,0.2727508544921875
ns_dog_69,resnet50_tl_20250829,8,4,128,68,132.0,72.0,140.35813903808594,140.18539428710938,0.1727447509765625
ns_dog_69,resnet50_tl_20250829,8,4,128,72,132.0,76.0,140.35813903808594,140.2556915283203,0.102447509765625
ns_dog_69,resnet50_tl_20250829,8,4,128,76,132.0,80.0,140.35813903808594,140.32406616210938,0.0340728759765625
ns_dog_69,resnet50_tl_20250829,8,4,128,80,132.0,84.0,140.35813903808594,140.3303680419922,0.02777099609375
ns_dog_69,resnet50_tl_20250829,8,4,128,84,132.0,88.0,140.35813903808594,140.2745819091797,0.08355712890625
ns_dog_69,resnet50_tl_20250829,8,4,128,88,132.0,92.0,140.35813903808594,140.31822204589844,0.0399169921875
ns_dog_69,resnet50_tl_20250829,8,4,128,92,132.0,96.0,140.35813903808594,140.42666625976562,-0.0685272216796875
ns_dog_69,resnet50_tl_20250829,8,4,128,96,132.0,100.0,140.35813903808594,140.43402099609375,-0.0758819580078125
ns_dog_69,resnet50_tl_20250829,8,4,128,100,132.0,104.0,140.35813903808594,140.34326171875,0.0148773193359375
ns_dog_69,resnet50_tl_20250829,8,4,128,104,132.0,108.0,140.35813903808594,140.3616180419922,-0.00347900390625
ns_dog_69,resnet50_tl_20250829,8,4,128,108,132.0,112.0,140.35813903808594,140.3843994140625,-0.0262603759765625
ns_dog_69,resnet50_tl_20250829,8,4,128,112,132.0,116.0,140.35813903808594,140.37982177734375,-0.0216827392578125
ns_dog_69,resnet50_tl_20250829,8,4,128,116,132.0,120.0,140.35813903808594,140.3368682861328,0.021270751953125
ns_dog_69,resnet50_tl_20250829,8,4,128,120,132.0,124.0,140.35813903808594,140.36517333984375,-0.0070343017578125
ns_dog_69,resnet50_tl_20250829,8,4,128,124,132.0,128.0,140.35813903808594,140.38401794433594,-0.02587890625
ns_dog_69,resnet50_tl_20250829,8,4,128,128,132.0,132.0,140.35813903808594,140.3398895263672,0.01824951171875
ns_dog_69,resnet50_tl_20250829,8,4,128,132,132.0,136.0,140.35813903808594,140.24899291992188,0.1091461181640625
ns_dog_69,resnet50_tl_20250829,8,4,128,136,132.0,140.0,140.35813903808594,140.27999877929688,0.0781402587890625
ns_dog_69,resnet50_tl_20250829,8,4,128,140,132.0,144.0,140.35813903808594,140.28677368164062,0.0713653564453125
ns_dog_69,resnet50_tl_20250829,8,4,128,144,132.0,148.0,140.35813903808594,140.1940460205078,0.164093017578125
ns_dog_69,resnet50_tl_20250829,8,4,128,148,132.0,152.0,140.35813903808594,140.15017700195312,0.2079620361328125
ns_dog_69,resnet50_tl_20250829,8,4,128,152,132.0,156.0,140.35813903808594,140.22225952148438,0.1358795166015625
ns_dog_69,resnet50_tl_20250829,8,4,128,156,132.0,160.0,140.35813903808594,140.3311309814453,0.027008056640625
ns_dog_69,resnet50_tl_20250829,8,4,128,160,132.0,164.0,140.35813903808594,140.2554168701172,0.10272216796875
ns_dog_69,resnet50_tl_20250829,8,4,128,164,132.0,168.0,140.35813903808594,140.22900390625,0.1291351318359375
ns_dog_69,resnet50_tl_20250829,8,4,128,168,132.0,172.0,140.35813903808594,140.2845001220703,0.073638916015625
ns_dog_69,resnet50_tl_20250829,8,4,128,172,132.0,176.0,140.35813903808594,140.2301025390625,0.1280364990234375
ns_dog_69,resnet50_tl_20250829,8,4,128,176,132.0,180.0,140.35813903808594,140.27781677246094,0.080322265625
ns_dog_69,resnet50_tl_20250829,8,4,128,180,132.0,184.0,140.35813903808594,140.1995086669922,0.15863037109375
ns_dog_69,resnet50_tl_20250829,8,4,128,184,132.0,188.0,140.35813903808594,140.1341094970703,0.224029541015625
ns_dog_69,resnet50_tl_20250829,8,4,128,188,132.0,192.0,140.35813903808594,140.08416748046875,0.2739715576171875
ns_dog_69,resnet50_tl_20250829,8,4,128,192,132.0,196.0,140.35813903808594,140.06781005859375,0.2903289794921875
ns_dog_69,resnet50_tl_20250829,8,4,128,196,132.0,200.0,140.35813903808594,140.07516479492188,0.2829742431640625
ns_dog_69,resnet50_tl_20250829,8,4,128,200,132.0,204.0,140.35813903808594,140.19923400878906,0.158905029296875
ns_dog_69,resnet50_tl_20250829,8,4,128,204,132.0,208.0,140.35813903808594,140.2621612548828,0.095977783203125
ns_dog_69,resnet50_tl_20250829,8,4,128,208,132.0,212.0,140.35813903808594,140.36325073242188,-0.0051116943359375
ns_dog_69,resnet50_tl_20250829,8,4,128,212,132.0,216.0,140.35813903808594,140.3430633544922,0.01507568359375
ns_dog_69,resnet50_tl_20250829,8,4,128,216,132.0,220.0,140.35813903808594,140.341064453125,0.0170745849609375
ns_dog_69,resnet50_tl_20250829,8,4,132,0,136.0,4.0,140.35813903808594,140.3265838623047,0.03155517578125
ns_dog_69,resnet50_tl_20250829,8,4,132,4,136.0,8.0,140.35813903808594,140.29751586914062,0.0606231689453125
ns_dog_69,resnet50_tl_20250829,8,4,132,8,136.0,12.0,140.35813903808594,140.34024047851562,0.0178985595703125
ns_dog_69,resnet50_tl_20250829,8,4,132,12,136.0,16.0,140.35813903808594,140.3621063232422,-0.00396728515625
ns_dog_69,resnet50_tl_20250829,8,4,132,16,136.0,20.0,140.35813903808594,140.27450561523438,0.0836334228515625
ns_dog_69,resnet50_tl_20250829,8,4,132,20,136.0,24.0,140.35813903808594,140.28639221191406,0.071746826171875
ns_dog_69,resnet50_tl_20250829,8,4,132,24,136.0,28.0,140.35813903808594,140.2336883544922,0.12445068359375
ns_dog_69,resnet50_tl_20250829,8,4,132,28,136.0,32.0,140.35813903808594,140.2630615234375,0.0950775146484375
ns_dog_69,resnet50_tl_20250829,8,4,132,32,136.0,36.0,140.35813903808594,140.2492218017578,0.108917236328125
ns_dog_69,resnet50_tl_20250829,8,4,132,36,136.0,40.0,140.35813903808594,140.3475341796875,0.0106048583984375
ns_dog_69,resnet50_tl_20250829,8,4,132,40,136.0,44.0,140.35813903808594,140.2599334716797,0.09820556640625
ns_dog_69,resnet50_tl_20250829,8,4,132,44,136.0,48.0,140.35813903808594,140.34335327148438,0.0147857666015625
ns_dog_69,resnet50_tl_20250829,8,4,132,48,136.0,52.0,140.35813903808594,140.01715087890625,0.3409881591796875
ns_dog_69,resnet50_tl_20250829,8,4,132,52,136.0,56.0,140.35813903808594,140.04641723632812,0.3117218017578125
ns_dog_69,resnet50_tl_20250829,8,4,132,56,136.0,60.0,140.35813903808594,140.1611785888672,0.19696044921875
ns_dog_69,resnet50_tl_20250829,8,4,132,60,136.0,64.0,140.35813903808594,140.1078643798828,0.250274658203125
ns_dog_69,resnet50_tl_20250829,8,4,132,64,136.0,68.0,140.35813903808594,140.04637145996094,0.311767578125
ns_dog_69,resnet50_tl_20250829,8,4,132,68,136.0,72.0,140.35813903808594,140.1295166015625,0.2286224365234375
ns_dog_69,resnet50_tl_20250829,8,4,132,72,136.0,76.0,140.35813903808594,140.21377563476562,0.1443634033203125
ns_dog_69,resnet50_tl_20250829,8,4,132,76,136.0,80.0,140.35813903808594,140.24081420898438,0.1173248291015625
ns_dog_69,resnet50_tl_20250829,8,4,132,80,136.0,84.0,140.35813903808594,140.20828247070312,0.1498565673828125
ns_dog_69,resnet50_tl_20250829,8,4,132,84,136.0,88.0,140.35813903808594,140.14305114746094,0.215087890625
ns_dog_69,resnet50_tl_20250829,8,4,132,88,136.0,92.0,140.35813903808594,140.19085693359375,0.1672821044921875
ns_dog_69,resnet50_tl_20250829,8,4,132,92,136.0,96.0,140.35813903808594,140.28627014160156,0.071868896484375
ns_dog_69,resnet50_tl_20250829,8,4,132,96,136.0,100.0,140.35813903808594,140.2646026611328,0.093536376953125
ns_dog_69,resnet50_tl_20250829,8,4,132,100,136.0,104.0,140.35813903808594,140.2494659423828,0.108673095703125
ns_dog_69,resnet50_tl_20250829,8,4,132,104,136.0,108.0,140.35813903808594,140.23895263671875,0.1191864013671875
ns_dog_69,resnet50_tl_20250829,8,4,132,108,136.0,112.0,140.35813903808594,140.2666473388672,0.09149169921875
ns_dog_69,resnet50_tl_20250829,8,4,132,112,136.0,116.0,140.35813903808594,140.2081756591797,0.14996337890625
ns_dog_69,resnet50_tl_20250829,8,4,132,116,136.0,120.0,140.35813903808594,140.2254638671875,0.1326751708984375
ns_dog_69,resnet50_tl_20250829,8,4,132,120,136.0,124.0,140.35813903808594,140.24343872070312,0.1147003173828125
ns_dog_69,resnet50_tl_20250829,8,4,132,124,136.0,128.0,140.35813903808594,140.32638549804688,0.0317535400390625
ns_dog_69,resnet50_tl_20250829,8,4,132,128,136.0,132.0,140.35813903808594,140.25308227539062,0.1050567626953125
ns_dog_69,resnet50_tl_20250829,8,4,132,132,136.0,136.0,140.35813903808594,140.26881408691406,0.089324951171875
ns_dog_69,resnet50_tl_20250829,8,4,132,136,136.0,140.0,140.35813903808594,140.30368041992188,0.0544586181640625
ns_dog_69,resnet50_tl_20250829,8,4,132,140,136.0,144.0,140.35813903808594,140.2227783203125,0.1353607177734375
ns_dog_69,resnet50_tl_20250829,8,4,132,144,136.0,148.0,140.35813903808594,140.17063903808594,0.1875
ns_dog_69,resnet50_tl_20250829,8,4,132,148,136.0,152.0,140.35813903808594,140.22625732421875,0.1318817138671875
ns_dog_69,resnet50_tl_20250829,8,4,132,152,136.0,156.0,140.35813903808594,140.0919952392578,0.266143798828125
ns_dog_69,resnet50_tl_20250829,8,4,132,156,136.0,160.0,140.35813903808594,140.30392456054688,0.0542144775390625
ns_dog_69,resnet50_tl_20250829,8,4,132,160,136.0,164.0,140.35813903808594,140.17660522460938,0.1815338134765625
ns_dog_69,resnet50_tl_20250829,8,4,132,164,136.0,168.0,140.35813903808594,140.14926147460938,0.2088775634765625
ns_dog_69,resnet50_tl_20250829,8,4,132,168,136.0,172.0,140.35813903808594,140.23321533203125,0.1249237060546875
ns_dog_69,resnet50_tl_20250829,8,4,132,172,136.0,176.0,140.35813903808594,140.27987670898438,0.0782623291015625
ns_dog_69,resnet50_tl_20250829,8,4,132,176,136.0,180.0,140.35813903808594,140.25685119628906,0.101287841796875
ns_dog_69,resnet50_tl_20250829,8,4,132,180,136.0,184.0,140.35813903808594,140.14622497558594,0.2119140625
ns_dog_69,resnet50_tl_20250829,8,4,132,184,136.0,188.0,140.35813903808594,140.09776306152344,0.2603759765625
ns_dog_69,resnet50_tl_20250829,8,4,132,188,136.0,192.0,140.35813903808594,140.1068878173828,0.251251220703125
ns_dog_69,resnet50_tl_20250829,8,4,132,192,136.0,196.0,140.35813903808594,140.10980224609375,0.2483367919921875
ns_dog_69,resnet50_tl_20250829,8,4,132,196,136.0,200.0,140.35813903808594,140.10951232910156,0.248626708984375
ns_dog_69,resnet50_tl_20250829,8,4,132,200,136.0,204.0,140.35813903808594,140.1892547607422,0.16888427734375
ns_dog_69,resnet50_tl_20250829,8,4,132,204,136.0,208.0,140.35813903808594,140.380859375,-0.0227203369140625
ns_dog_69,resnet50_tl_20250829,8,4,132,208,136.0,212.0,140.35813903808594,140.45245361328125,-0.0943145751953125
ns_dog_69,resnet50_tl_20250829,8,4,132,212,136.0,216.0,140.35813903808594,140.3799285888672,-0.02178955078125
ns_dog_69,resnet50_tl_20250829,8,4,132,216,136.0,220.0,140.35813903808594,140.30740356445312,0.0507354736328125
ns_dog_69,resnet50_tl_20250829,8,4,136,0,140.0,4.0,140.35813903808594,140.1713104248047,0.18682861328125
ns_dog_69,resnet50_tl_20250829,8,4,136,4,140.0,8.0,140.35813903808594,140.1825714111328,0.175567626953125
ns_dog_69,resnet50_tl_20250829,8,4,136,8,140.0,12.0,140.35813903808594,140.28945922851562,0.0686798095703125
ns_dog_69,resnet50_tl_20250829,8,4,136,12,140.0,16.0,140.35813903808594,140.16763305664062,0.1905059814453125
ns_dog_69,resnet50_tl_20250829,8,4,136,16,140.0,20.0,140.35813903808594,140.14097595214844,0.2171630859375
ns_dog_69,resnet50_tl_20250829,8,4,136,20,140.0,24.0,140.35813903808594,140.12335205078125,0.2347869873046875
ns_dog_69,resnet50_tl_20250829,8,4,136,24,140.0,28.0,140.35813903808594,140.12966918945312,0.2284698486328125
ns_dog_69,resnet50_tl_20250829,8,4,136,28,140.0,32.0,140.35813903808594,139.9561309814453,0.402008056640625
ns_dog_69,resnet50_tl_20250829,8,4,136,32,140.0,36.0,140.35813903808594,139.98179626464844,0.3763427734375
ns_dog_69,resnet50_tl_20250829,8,4,136,36,140.0,40.0,140.35813903808594,140.1112060546875,0.2469329833984375
ns_dog_69,resnet50_tl_20250829,8,4,136,40,140.0,44.0,140.35813903808594,140.16708374023438,0.1910552978515625
ns_dog_69,resnet50_tl_20250829,8,4,136,44,140.0,48.0,140.35813903808594,140.17819213867188,0.1799468994140625
ns_dog_69,resnet50_tl_20250829,8,4,136,48,140.0,52.0,140.35813903808594,139.78395080566406,0.574188232421875
ns_dog_69,resnet50_tl_20250829,8,4,136,52,140.0,56.0,140.35813903808594,140.0567626953125,0.3013763427734375
ns_dog_69,resnet50_tl_20250829,8,4,136,56,140.0,60.0,140.35813903808594,140.05279541015625,0.3053436279296875
ns_dog_69,resnet50_tl_20250829,8,4,136,60,140.0,64.0,140.35813903808594,140.06527709960938,0.2928619384765625
ns_dog_69,resnet50_tl_20250829,8,4,136,64,140.0,68.0,140.35813903808594,139.9872589111328,0.370880126953125
ns_dog_69,resnet50_tl_20250829,8,4,136,68,140.0,72.0,140.35813903808594,140.0181121826172,0.34002685546875
ns_dog_69,resnet50_tl_20250829,8,4,136,72,140.0,76.0,140.35813903808594,140.14288330078125,0.2152557373046875
ns_dog_69,resnet50_tl_20250829,8,4,136,76,140.0,80.0,140.35813903808594,140.160888671875,0.1972503662109375
ns_dog_69,resnet50_tl_20250829,8,4,136,80,140.0,84.0,140.35813903808594,140.17730712890625,0.1808319091796875
ns_dog_69,resnet50_tl_20250829,8,4,136,84,140.0,88.0,140.35813903808594,140.07640075683594,0.28173828125
ns_dog_69,resnet50_tl_20250829,8,4,136,88,140.0,92.0,140.35813903808594,140.1068115234375,0.2513275146484375
ns_dog_69,resnet50_tl_20250829,8,4,136,92,140.0,96.0,140.35813903808594,140.19564819335938,0.1624908447265625
ns_dog_69,resnet50_tl_20250829,8,4,136,96,140.0,100.0,140.35813903808594,140.17274475097656,0.185394287109375
ns_dog_69,resnet50_tl_20250829,8,4,136,100,140.0,104.0,140.35813903808594,140.20175170898438,0.1563873291015625
ns_dog_69,resnet50_tl_20250829,8,4,136,104,140.0,108.0,140.35813903808594,140.2052764892578,0.152862548828125
ns_dog_69,resnet50_tl_20250829,8,4,136,108,140.0,112.0,140.35813903808594,140.17124938964844,0.1868896484375
ns_dog_69,resnet50_tl_20250829,8,4,136,112,140.0,116.0,140.35813903808594,140.19786071777344,0.1602783203125
ns_dog_69,resnet50_tl_20250829,8,4,136,116,140.0,120.0,140.35813903808594,140.19252014160156,0.165618896484375
ns_dog_69,resnet50_tl_20250829,8,4,136,120,140.0,124.0,140.35813903808594,140.29421997070312,0.0639190673828125
ns_dog_69,resnet50_tl_20250829,8,4,136,124,140.0,128.0,140.35813903808594,140.3798370361328,-0.021697998046875
ns_dog_69,resnet50_tl_20250829,8,4,136,128,140.0,132.0,140.35813903808594,140.31253051757812,0.0456085205078125
ns_dog_69,resnet50_tl_20250829,8,4,136,132,140.0,136.0,140.35813903808594,140.4059295654297,-0.04779052734375
ns_dog_69,resnet50_tl_20250829,8,4,136,136,140.0,140.0,140.35813903808594,140.22120666503906,0.136932373046875
ns_dog_69,resnet50_tl_20250829,8,4,136,140,140.0,144.0,140.35813903808594,140.08250427246094,0.275634765625
ns_dog_69,resnet50_tl_20250829,8,4,136,144,140.0,148.0,140.35813903808594,139.91207885742188,0.4460601806640625
ns_dog_69,resnet50_tl_20250829,8,4,136,148,140.0,152.0,140.35813903808594,140.1829071044922,0.17523193359375
ns_dog_69,resnet50_tl_20250829,8,4,136,152,140.0,156.0,140.35813903808594,140.06228637695312,0.2958526611328125
ns_dog_69,resnet50_tl_20250829,8,4,136,156,140.0,160.0,140.35813903808594,140.10072326660156,0.257415771484375
ns_dog_69,resnet50_tl_20250829,8,4,136,160,140.0,164.0,140.35813903808594,140.01071166992188,0.3474273681640625
ns_dog_69,resnet50_tl_20250829,8,4,136,164,140.0,168.0,140.35813903808594,140.10150146484375,0.2566375732421875
ns_dog_69,resnet50_tl_20250829,8,4,136,168,140.0,172.0,140.35813903808594,140.16282653808594,0.1953125
ns_dog_69,resnet50_tl_20250829,8,4,136,172,140.0,176.0,140.35813903808594,140.2005615234375,0.1575775146484375
ns_dog_69,resnet50_tl_20250829,8,4,136,176,140.0,180.0,140.35813903808594,140.26776123046875,0.0903778076171875
ns_dog_69,resnet50_tl_20250829,8,4,136,180,140.0,184.0,140.35813903808594,140.16302490234375,0.1951141357421875
ns_dog_69,resnet50_tl_20250829,8,4,136,184,140.0,188.0,140.35813903808594,140.09222412109375,0.2659149169921875
ns_dog_69,resnet50_tl_20250829,8,4,136,188,140.0,192.0,140.35813903808594,140.1293487548828,0.228790283203125
ns_dog_69,resnet50_tl_20250829,8,4,136,192,140.0,196.0,140.35813903808594,140.0706787109375,0.2874603271484375
ns_dog_69,resnet50_tl_20250829,8,4,136,196,140.0,200.0,140.35813903808594,140.11412048339844,0.2440185546875
ns_dog_69,resnet50_tl_20250829,8,4,136,200,140.0,204.0,140.35813903808594,140.07977294921875,0.2783660888671875
ns_dog_69,resnet50_tl_20250829,8,4,136,204,140.0,208.0,140.35813903808594,140.19224548339844,0.1658935546875
ns_dog_69,resnet50_tl_20250829,8,4,136,208,140.0,212.0,140.35813903808594,140.3409881591797,0.01715087890625
ns_dog_69,resnet50_tl_20250829,8,4,136,212,140.0,216.0,140.35813903808594,140.35806274414062,7.62939453125e-05
ns_dog_69,resnet50_tl_20250829,8,4,136,216,140.0,220.0,140.35813903808594,140.33309936523438,0.0250396728515625
ns_dog_69,resnet50_tl_20250829,8,4,140,0,144.0,4.0,140.35813903808594,139.9498291015625,0.4083099365234375
ns_dog_69,resnet50_tl_20250829,8,4,140,4,144.0,8.0,140.35813903808594,140.21034240722656,0.147796630859375
ns_dog_69,resnet50_tl_20250829,8,4,140,8,144.0,12.0,140.35813903808594,140.32029724121094,0.037841796875
ns_dog_69,resnet50_tl_20250829,8,4,140,12,144.0,16.0,140.35813903808594,140.16551208496094,0.192626953125
ns_dog_69,resnet50_tl_20250829,8,4,140,16,144.0,20.0,140.35813903808594,140.06797790527344,0.2901611328125
ns_dog_69,resnet50_tl_20250829,8,4,140,20,144.0,24.0,140.35813903808594,140.24188232421875,0.1162567138671875
ns_dog_69,resnet50_tl_20250829,8,4,140,24,144.0,28.0,140.35813903808594,140.22076416015625,0.1373748779296875
ns_dog_69,resnet50_tl_20250829,8,4,140,28,144.0,32.0,140.35813903808594,139.7932586669922,0.56488037109375
ns_dog_69,resnet50_tl_20250829,8,4,140,32,144.0,36.0,140.35813903808594,139.79751586914062,0.5606231689453125
ns_dog_69,resnet50_tl_20250829,8,4,140,36,144.0,40.0,140.35813903808594,140.19805908203125,0.1600799560546875
ns_dog_69,resnet50_tl_20250829,8,4,140,40,144.0,44.0,140.35813903808594,140.2720184326172,0.08612060546875
ns_dog_69,resnet50_tl_20250829,8,4,140,44,144.0,48.0,140.35813903808594,140.02777099609375,0.3303680419921875
ns_dog_69,resnet50_tl_20250829,8,4,140,48,144.0,52.0,140.35813903808594,139.7303924560547,0.62774658203125
ns_dog_69,resnet50_tl_20250829,8,4,140,52,144.0,56.0,140.35813903808594,140.09793090820312,0.2602081298828125
ns_dog_69,resnet50_tl_20250829,8,4,140,56,144.0,60.0,140.35813903808594,140.06185913085938,0.2962799072265625
ns_dog_69,resnet50_tl_20250829,8,4,140,60,144.0,64.0,140.35813903808594,140.0530242919922,0.30511474609375
ns_dog_69,resnet50_tl_20250829,8,4,140,64,144.0,68.0,140.35813903808594,139.96144104003906,0.396697998046875
ns_dog_69,resnet50_tl_20250829,8,4,140,68,144.0,72.0,140.35813903808594,140.06857299804688,0.2895660400390625
ns_dog_69,resnet50_tl_20250829,8,4,140,72,144.0,76.0,140.35813903808594,140.1453094482422,0.21282958984375
ns_dog_69,resnet50_tl_20250829,8,4,140,76,144.0,80.0,140.35813903808594,140.15081787109375,0.2073211669921875
ns_dog_69,resnet50_tl_20250829,8,4,140,80,144.0,84.0,140.35813903808594,140.13571166992188,0.2224273681640625
ns_dog_69,resnet50_tl_20250829,8,4,140,84,144.0,88.0,140.35813903808594,140.08889770507812,0.2692413330078125
ns_dog_69,resnet50_tl_20250829,8,4,140,88,144.0,92.0,140.35813903808594,140.059326171875,0.2988128662109375
ns_dog_69,resnet50_tl_20250829,8,4,140,92,144.0,96.0,140.35813903808594,140.18994140625,0.1681976318359375
ns_dog_69,resnet50_tl_20250829,8,4,140,96,144.0,100.0,140.35813903808594,140.13221740722656,0.225921630859375
ns_dog_69,resnet50_tl_20250829,8,4,140,100,144.0,104.0,140.35813903808594,140.02352905273438,0.3346099853515625
ns_dog_69,resnet50_tl_20250829,8,4,140,104,144.0,108.0,140.35813903808594,140.085205078125,0.2729339599609375
ns_dog_69,resnet50_tl_20250829,8,4,140,108,144.0,112.0,140.35813903808594,140.0335693359375,0.3245697021484375
ns_dog_69,resnet50_tl_20250829,8,4,140,112,144.0,116.0,140.35813903808594,139.9662322998047,0.39190673828125
ns_dog_69,resnet50_tl_20250829,8,4,140,116,144.0,120.0,140.35813903808594,140.23175048828125,0.1263885498046875
ns_dog_69,resnet50_tl_20250829,8,4,140,120,144.0,124.0,140.35813903808594,140.45590209960938,-0.0977630615234375
ns_dog_69,resnet50_tl_20250829,8,4,140,124,144.0,128.0,140.35813903808594,140.41722106933594,-0.05908203125
ns_dog_69,resnet50_tl_20250829,8,4,140,128,144.0,132.0,140.35813903808594,140.3821563720703,-0.024017333984375
ns_dog_69,resnet50_tl_20250829,8,4,140,132,144.0,136.0,140.35813903808594,140.35751342773438,0.0006256103515625
ns_dog_69,resnet50_tl_20250829,8,4,140,136,144.0,140.0,140.35813903808594,140.0182342529297,0.33990478515625
ns_dog_69,resnet50_tl_20250829,8,4,140,140,144.0,144.0,140.35813903808594,139.9085235595703,0.449615478515625
ns_dog_69,resnet50_tl_20250829,8,4,140,144,144.0,148.0,140.35813903808594,139.81076049804688,0.5473785400390625
ns_dog_69,resnet50_tl_20250829,8,4,140,148,144.0,152.0,140.35813903808594,140.0426483154297,0.31549072265625
ns_dog_69,resnet50_tl_20250829,8,4,140,152,144.0,156.0,140.35813903808594,140.10035705566406,0.257781982421875
ns_dog_69,resnet50_tl_20250829,8,4,140,156,144.0,160.0,140.35813903808594,140.1113739013672,0.24676513671875
ns_dog_69,resnet50_tl_20250829,8,4,140,160,144.0,164.0,140.35813903808594,140.06454467773438,0.2935943603515625
ns_dog_69,resnet50_tl_20250829,8,4,140,164,144.0,168.0,140.35813903808594,140.15614318847656,0.201995849609375
ns_dog_69,resnet50_tl_20250829,8,4,140,168,144.0,172.0,140.35813903808594,140.1493377685547,0.20880126953125
ns_dog_69,resnet50_tl_20250829,8,4,140,172,144.0,176.0,140.35813903808594,140.2406005859375,0.1175384521484375
ns_dog_69,resnet50_tl_20250829,8,4,140,176,144.0,180.0,140.35813903808594,140.22357177734375,0.1345672607421875
ns_dog_69,resnet50_tl_20250829,8,4,140,180,144.0,184.0,140.35813903808594,140.24598693847656,0.112152099609375
ns_dog_69,resnet50_tl_20250829,8,4,140,184,144.0,188.0,140.35813903808594,140.13067626953125,0.2274627685546875
ns_dog_69,resnet50_tl_20250829,8,4,140,188,144.0,192.0,140.35813903808594,140.1384735107422,0.21966552734375
ns_dog_69,resnet50_tl_20250829,8,4,140,192,144.0,196.0,140.35813903808594,140.0525665283203,0.305572509765625
ns_dog_69,resnet50_tl_20250829,8,4,140,196,144.0,200.0,140.35813903808594,140.17466735839844,0.1834716796875
ns_dog_69,resnet50_tl_20250829,8,4,140,200,144.0,204.0,140.35813903808594,140.25155639648438,0.1065826416015625
ns_dog_69,resnet50_tl_20250829,8,4,140,204,144.0,208.0,140.35813903808594,140.1796112060547,0.17852783203125
ns_dog_69,resnet50_tl_20250829,8,4,140,208,144.0,212.0,140.35813903808594,140.2410125732422,0.11712646484375
ns_dog_69,resnet50_tl_20250829,8,4,140,212,144.0,216.0,140.35813903808594,140.36846923828125,-0.0103302001953125
ns_dog_69,resnet50_tl_20250829,8,4,140,216,144.0,220.0,140.35813903808594,140.34422302246094,0.013916015625
ns_dog_69,resnet50_tl_20250829,8,4,144,0,148.0,4.0,140.35813903808594,139.980712890625,0.3774261474609375
ns_dog_69,resnet50_tl_20250829,8,4,144,4,148.0,8.0,140.35813903808594,140.11154174804688,0.2465972900390625
ns_dog_69,resnet50_tl_20250829,8,4,144,8,148.0,12.0,140.35813903808594,140.31565856933594,0.04248046875
ns_dog_69,resnet50_tl_20250829,8,4,144,12,148.0,16.0,140.35813903808594,140.07521057128906,0.282928466796875
ns_dog_69,resnet50_tl_20250829,8,4,144,16,148.0,20.0,140.35813903808594,140.0738067626953,0.284332275390625
ns_dog_69,resnet50_tl_20250829,8,4,144,20,148.0,24.0,140.35813903808594,140.09823608398438,0.2599029541015625
ns_dog_69,resnet50_tl_20250829,8,4,144,24,148.0,28.0,140.35813903808594,140.1756591796875,0.1824798583984375
ns_dog_69,resnet50_tl_20250829,8,4,144,28,148.0,32.0,140.35813903808594,139.7925567626953,0.565582275390625
ns_dog_69,resnet50_tl_20250829,8,4,144,32,148.0,36.0,140.35813903808594,139.84405517578125,0.5140838623046875
ns_dog_69,resnet50_tl_20250829,8,4,144,36,148.0,40.0,140.35813903808594,140.02557373046875,0.3325653076171875
ns_dog_69,resnet50_tl_20250829,8,4,144,40,148.0,44.0,140.35813903808594,140.22647094726562,0.1316680908203125
ns_dog_69,resnet50_tl_20250829,8,4,144,44,148.0,48.0,140.35813903808594,139.92422485351562,0.4339141845703125
ns_dog_69,resnet50_tl_20250829,8,4,144,48,148.0,52.0,140.35813903808594,139.88909912109375,0.4690399169921875
ns_dog_69,resnet50_tl_20250829,8,4,144,52,148.0,56.0,140.35813903808594,139.95086669921875,0.4072723388671875
ns_dog_69,resnet50_tl_20250829,8,4,144,56,148.0,60.0,140.35813903808594,140.0570526123047,0.30108642578125
ns_dog_69,resnet50_tl_20250829,8,4,144,60,148.0,64.0,140.35813903808594,140.09963989257812,0.2584991455078125
ns_dog_69,resnet50_tl_20250829,8,4,144,64,148.0,68.0,140.35813903808594,139.9597625732422,0.39837646484375
ns_dog_69,resnet50_tl_20250829,8,4,144,68,148.0,72.0,140.35813903808594,140.0213623046875,0.3367767333984375
ns_dog_69,resnet50_tl_20250829,8,4,144,72,148.0,76.0,140.35813903808594,140.19427490234375,0.1638641357421875
ns_dog_69,resnet50_tl_20250829,8,4,144,76,148.0,80.0,140.35813903808594,140.15184020996094,0.206298828125
ns_dog_69,resnet50_tl_20250829,8,4,144,80,148.0,84.0,140.35813903808594,140.15493774414062,0.2032012939453125
ns_dog_69,resnet50_tl_20250829,8,4,144,84,148.0,88.0,140.35813903808594,140.1103973388672,0.24774169921875
ns_dog_69,resnet50_tl_20250829,8,4,144,88,148.0,92.0,140.35813903808594,140.06124877929688,0.2968902587890625
ns_dog_69,resnet50_tl_20250829,8,4,144,92,148.0,96.0,140.35813903808594,140.15328979492188,0.2048492431640625
ns_dog_69,resnet50_tl_20250829,8,4,144,96,148.0,100.0,140.35813903808594,140.18392944335938,0.1742095947265625
ns_dog_69,resnet50_tl_20250829,8,4,144,100,148.0,104.0,140.35813903808594,140.08090209960938,0.2772369384765625
ns_dog_69,resnet50_tl_20250829,8,4,144,104,148.0,108.0,140.35813903808594,140.12295532226562,0.2351837158203125
ns_dog_69,resnet50_tl_20250829,8,4,144,108,148.0,112.0,140.35813903808594,139.99102783203125,0.3671112060546875
ns_dog_69,resnet50_tl_20250829,8,4,144,112,148.0,116.0,140.35813903808594,140.03329467773438,0.3248443603515625
ns_dog_69,resnet50_tl_20250829,8,4,144,116,148.0,120.0,140.35813903808594,140.32847595214844,0.0296630859375
ns_dog_69,resnet50_tl_20250829,8,4,144,120,148.0,124.0,140.35813903808594,140.42189025878906,-0.063751220703125
ns_dog_69,resnet50_tl_20250829,8,4,144,124,148.0,128.0,140.35813903808594,140.35140991210938,0.0067291259765625
ns_dog_69,resnet50_tl_20250829,8,4,144,128,148.0,132.0,140.35813903808594,140.11666870117188,0.2414703369140625
ns_dog_69,resnet50_tl_20250829,8,4,144,132,148.0,136.0,140.35813903808594,140.2518768310547,0.10626220703125
ns_dog_69,resnet50_tl_20250829,8,4,144,136,148.0,140.0,140.35813903808594,140.01226806640625,0.3458709716796875
ns_dog_69,resnet50_tl_20250829,8,4,144,140,148.0,144.0,140.35813903808594,139.99789428710938,0.3602447509765625
ns_dog_69,resnet50_tl_20250829,8,4,144,144,148.0,148.0,140.35813903808594,139.74136352539062,0.6167755126953125
ns_dog_69,resnet50_tl_20250829,8,4,144,148,148.0,152.0,140.35813903808594,139.9429473876953,0.415191650390625
ns_dog_69,resnet50_tl_20250829,8,4,144,152,148.0,156.0,140.35813903808594,140.0667266845703,0.291412353515625
ns_dog_69,resnet50_tl_20250829,8,4,144,156,148.0,160.0,140.35813903808594,140.05052185058594,0.3076171875
ns_dog_69,resnet50_tl_20250829,8,4,144,160,148.0,164.0,140.35813903808594,139.9111328125,0.4470062255859375
ns_dog_69,resnet50_tl_20250829,8,4,144,164,148.0,168.0,140.35813903808594,140.0612030029297,0.29693603515625
ns_dog_69,resnet50_tl_20250829,8,4,144,168,148.0,172.0,140.35813903808594,140.1492462158203,0.208892822265625
ns_dog_69,resnet50_tl_20250829,8,4,144,172,148.0,176.0,140.35813903808594,140.17239379882812,0.1857452392578125
ns_dog_69,resnet50_tl_20250829,8,4,144,176,148.0,180.0,140.35813903808594,140.22203063964844,0.1361083984375
ns_dog_69,resnet50_tl_20250829,8,4,144,180,148.0,184.0,140.35813903808594,140.22178649902344,0.1363525390625
ns_dog_69,resnet50_tl_20250829,8,4,144,184,148.0,188.0,140.35813903808594,140.17587280273438,0.1822662353515625
ns_dog_69,resnet50_tl_20250829,8,4,144,188,148.0,192.0,140.35813903808594,140.13162231445312,0.2265167236328125
ns_dog_69,resnet50_tl_20250829,8,4,144,192,148.0,196.0,140.35813903808594,140.0687255859375,0.2894134521484375
ns_dog_69,resnet50_tl_20250829,8,4,144,196,148.0,200.0,140.35813903808594,140.17758178710938,0.1805572509765625
ns_dog_69,resnet50_tl_20250829,8,4,144,200,148.0,204.0,140.35813903808594,140.18405151367188,0.1740875244140625
ns_dog_69,resnet50_tl_20250829,8,4,144,204,148.0,208.0,140.35813903808594,140.1411895751953,0.216949462890625
ns_dog_69,resnet50_tl_20250829,8,4,144,208,148.0,212.0,140.35813903808594,140.2163543701172,0.14178466796875
ns_dog_69,resnet50_tl_20250829,8,4,144,212,148.0,216.0,140.35813903808594,140.3246307373047,0.03350830078125
ns_dog_69,resnet50_tl_20250829,8,4,144,216,148.0,220.0,140.35813903808594,140.3551483154297,0.00299072265625
ns_dog_69,resnet50_tl_20250829,8,4,148,0,152.0,4.0,140.35813903808594,140.25389099121094,0.104248046875
ns_dog_69,resnet50_tl_20250829,8,4,148,4,152.0,8.0,140.35813903808594,140.25547790527344,0.1026611328125
ns_dog_69,resnet50_tl_20250829,8,4,148,8,152.0,12.0,140.35813903808594,140.3662109375,-0.0080718994140625
ns_dog_69,resnet50_tl_20250829,8,4,148,12,152.0,16.0,140.35813903808594,140.3443145751953,0.013824462890625
ns_dog_69,resnet50_tl_20250829,8,4,148,16,152.0,20.0,140.35813903808594,140.29507446289062,0.0630645751953125
ns_dog_69,resnet50_tl_20250829,8,4,148,20,152.0,24.0,140.35813903808594,140.26707458496094,0.091064453125
ns_dog_69,resnet50_tl_20250829,8,4,148,24,152.0,28.0,140.35813903808594,140.2546844482422,0.10345458984375
ns_dog_69,resnet50_tl_20250829,8,4,148,28,152.0,32.0,140.35813903808594,140.2344512939453,0.123687744140625
ns_dog_69,resnet50_tl_20250829,8,4,148,32,152.0,36.0,140.35813903808594,140.2765350341797,0.08160400390625
ns_dog_69,resnet50_tl_20250829,8,4,148,36,152.0,40.0,140.35813903808594,140.345458984375,0.0126800537109375
ns_dog_69,resnet50_tl_20250829,8,4,148,40,152.0,44.0,140.35813903808594,140.32437133789062,0.0337677001953125
ns_dog_69,resnet50_tl_20250829,8,4,148,44,152.0,48.0,140.35813903808594,140.36131286621094,-0.003173828125
ns_dog_69,resnet50_tl_20250829,8,4,148,48,152.0,52.0,140.35813903808594,140.40707397460938,-0.0489349365234375
ns_dog_69,resnet50_tl_20250829,8,4,148,52,152.0,56.0,140.35813903808594,140.1956024169922,0.16253662109375
ns_dog_69,resnet50_tl_20250829,8,4,148,56,152.0,60.0,140.35813903808594,139.917724609375,0.4404144287109375
ns_dog_69,resnet50_tl_20250829,8,4,148,60,152.0,64.0,140.35813903808594,140.07723999023438,0.2808990478515625
ns_dog_69,resnet50_tl_20250829,8,4,148,64,152.0,68.0,140.35813903808594,139.93218994140625,0.4259490966796875
ns_dog_69,resnet50_tl_20250829,8,4,148,68,152.0,72.0,140.35813903808594,139.973388671875,0.3847503662109375
ns_dog_69,resnet50_tl_20250829,8,4,148,72,152.0,76.0,140.35813903808594,140.15013122558594,0.2080078125
ns_dog_69,resnet50_tl_20250829,8,4,148,76,152.0,80.0,140.35813903808594,140.2016143798828,0.156524658203125
ns_dog_69,resnet50_tl_20250829,8,4,148,80,152.0,84.0,140.35813903808594,140.12474060058594,0.2333984375
ns_dog_69,resnet50_tl_20250829,8,4,148,84,152.0,88.0,140.35813903808594,139.9683837890625,0.3897552490234375
ns_dog_69,resnet50_tl_20250829,8,4,148,88,152.0,92.0,140.35813903808594,139.97471618652344,0.3834228515625
ns_dog_69,resnet50_tl_20250829,8,4,148,92,152.0,96.0,140.35813903808594,140.11788940429688,0.2402496337890625
ns_dog_69,resnet50_tl_20250829,8,4,148,96,152.0,100.0,140.35813903808594,140.15057373046875,0.2075653076171875
ns_dog_69,resnet50_tl_20250829,8,4,148,100,152.0,104.0,140.35813903808594,140.12371826171875,0.2344207763671875
ns_dog_69,resnet50_tl_20250829,8,4,148,104,152.0,108.0,140.35813903808594,140.15992736816406,0.198211669921875
ns_dog_69,resnet50_tl_20250829,8,4,148,108,152.0,112.0,140.35813903808594,140.3007049560547,0.05743408203125
ns_dog_69,resnet50_tl_20250829,8,4,148,112,152.0,116.0,140.35813903808594,140.32269287109375,0.0354461669921875
ns_dog_69,resnet50_tl_20250829,8,4,148,116,152.0,120.0,140.35813903808594,140.31954956054688,0.0385894775390625
ns_dog_69,resnet50_tl_20250829,8,4,148,120,152.0,124.0,140.35813903808594,140.33865356445312,0.0194854736328125
ns_dog_69,resnet50_tl_20250829,8,4,148,124,152.0,128.0,140.35813903808594,140.21591186523438,0.1422271728515625
ns_dog_69,resnet50_tl_20250829,8,4,148,128,152.0,132.0,140.35813903808594,140.08799743652344,0.2701416015625
ns_dog_69,resnet50_tl_20250829,8,4,148,132,152.0,136.0,140.35813903808594,140.40480041503906,-0.046661376953125
ns_dog_69,resnet50_tl_20250829,8,4,148,136,152.0,140.0,140.35813903808594,140.2755126953125,0.0826263427734375
ns_dog_69,resnet50_tl_20250829,8,4,148,140,152.0,144.0,140.35813903808594,140.37399291992188,-0.0158538818359375
ns_dog_69,resnet50_tl_20250829,8,4,148,144,152.0,148.0,140.35813903808594,140.087890625,0.2702484130859375
ns_dog_69,resnet50_tl_20250829,8,4,148,148,152.0,152.0,140.35813903808594,140.03956604003906,0.318572998046875
ns_dog_69,resnet50_tl_20250829,8,4,148,152,152.0,156.0,140.35813903808594,140.09811401367188,0.2600250244140625
ns_dog_69,resnet50_tl_20250829,8,4,148,156,152.0,160.0,140.35813903808594,139.9253692626953,0.432769775390625
ns_dog_69,resnet50_tl_20250829,8,4,148,160,152.0,164.0,140.35813903808594,139.82655334472656,0.531585693359375
ns_dog_69,resnet50_tl_20250829,8,4,148,164,152.0,168.0,140.35813903808594,139.940673828125,0.4174652099609375
ns_dog_69,resnet50_tl_20250829,8,4,148,168,152.0,172.0,140.35813903808594,139.9958953857422,0.36224365234375
ns_dog_69,resnet50_tl_20250829,8,4,148,172,152.0,176.0,140.35813903808594,140.11538696289062,0.2427520751953125
ns_dog_69,resnet50_tl_20250829,8,4,148,176,152.0,180.0,140.35813903808594,140.10824584960938,0.2498931884765625
ns_dog_69,resnet50_tl_20250829,8,4,148,180,152.0,184.0,140.35813903808594,140.07745361328125,0.2806854248046875
ns_dog_69,resnet50_tl_20250829,8,4,148,184,152.0,188.0,140.35813903808594,140.1317901611328,0.226348876953125
ns_dog_69,resnet50_tl_20250829,8,4,148,188,152.0,192.0,140.35813903808594,140.19174194335938,0.1663970947265625
ns_dog_69,resnet50_tl_20250829,8,4,148,192,152.0,196.0,140.35813903808594,140.12998962402344,0.2281494140625
ns_dog_69,resnet50_tl_20250829,8,4,148,196,152.0,200.0,140.35813903808594,140.08688354492188,0.2712554931640625
ns_dog_69,resnet50_tl_20250829,8,4,148,200,152.0,204.0,140.35813903808594,140.23263549804688,0.1255035400390625
ns_dog_69,resnet50_tl_20250829,8,4,148,204,152.0,208.0,140.35813903808594,140.3273468017578,0.030792236328125
ns_dog_69,resnet50_tl_20250829,8,4,148,208,152.0,212.0,140.35813903808594,140.29074096679688,0.0673980712890625
ns_dog_69,resnet50_tl_20250829,8,4,148,212,152.0,216.0,140.35813903808594,140.30841064453125,0.0497283935546875
ns_dog_69,resnet50_tl_20250829,8,4,148,216,152.0,220.0,140.35813903808594,140.30564880371094,0.052490234375
ns_dog_69,resnet50_tl_20250829,8,4,152,0,156.0,4.0,140.35813903808594,140.10061645507812,0.2575225830078125
ns_dog_69,resnet50_tl_20250829,8,4,152,4,156.0,8.0,140.35813903808594,140.12216186523438,0.2359771728515625
ns_dog_69,resnet50_tl_20250829,8,4,152,8,156.0,12.0,140.35813903808594,140.26490783691406,0.093231201171875
ns_dog_69,resnet50_tl_20250829,8,4,152,12,156.0,16.0,140.35813903808594,140.11038208007812,0.2477569580078125
ns_dog_69,resnet50_tl_20250829,8,4,152,16,156.0,20.0,140.35813903808594,140.1007080078125,0.2574310302734375
ns_dog_69,resnet50_tl_20250829,8,4,152,20,156.0,24.0,140.35813903808594,140.0786590576172,0.27947998046875
ns_dog_69,resnet50_tl_20250829,8,4,152,24,156.0,28.0,140.35813903808594,140.10116577148438,0.2569732666015625
ns_dog_69,resnet50_tl_20250829,8,4,152,28,156.0,32.0,140.35813903808594,139.8879852294922,0.47015380859375
ns_dog_69,resnet50_tl_20250829,8,4,152,32,156.0,36.0,140.35813903808594,139.9576873779297,0.40045166015625
ns_dog_69,resnet50_tl_20250829,8,4,152,36,156.0,40.0,140.35813903808594,140.06105041503906,0.297088623046875
ns_dog_69,resnet50_tl_20250829,8,4,152,40,156.0,44.0,140.35813903808594,140.2199249267578,0.138214111328125
ns_dog_69,resnet50_tl_20250829,8,4,152,44,156.0,48.0,140.35813903808594,140.06053161621094,0.297607421875
ns_dog_69,resnet50_tl_20250829,8,4,152,48,156.0,52.0,140.35813903808594,140.14686584472656,0.211273193359375
ns_dog_69,resnet50_tl_20250829,8,4,152,52,156.0,56.0,140.35813903808594,140.1122589111328,0.245880126953125
ns_dog_69,resnet50_tl_20250829,8,4,152,56,156.0,60.0,140.35813903808594,139.97447204589844,0.3836669921875
ns_dog_69,resnet50_tl_20250829,8,4,152,60,156.0,64.0,140.35813903808594,140.099853515625,0.2582855224609375
ns_dog_69,resnet50_tl_20250829,8,4,152,64,156.0,68.0,140.35813903808594,140.00018310546875,0.3579559326171875
ns_dog_69,resnet50_tl_20250829,8,4,152,68,156.0,72.0,140.35813903808594,140.05784606933594,0.30029296875
ns_dog_69,resnet50_tl_20250829,8,4,152,72,156.0,76.0,140.35813903808594,140.1405029296875,0.2176361083984375
ns_dog_69,resnet50_tl_20250829,8,4,152,76,156.0,80.0,140.35813903808594,140.1733856201172,0.18475341796875
ns_dog_69,resnet50_tl_20250829,8,4,152,80,156.0,84.0,140.35813903808594,140.10484313964844,0.2532958984375
ns_dog_69,resnet50_tl_20250829,8,4,152,84,156.0,88.0,140.35813903808594,139.91233825683594,0.44580078125
ns_dog_69,resnet50_tl_20250829,8,4,152,88,156.0,92.0,140.35813903808594,140.0013885498047,0.35675048828125
ns_dog_69,resnet50_tl_20250829,8,4,152,92,156.0,96.0,140.35813903808594,139.96690368652344,0.3912353515625
ns_dog_69,resnet50_tl_20250829,8,4,152,96,156.0,100.0,140.35813903808594,139.93077087402344,0.4273681640625
ns_dog_69,resnet50_tl_20250829,8,4,152,100,156.0,104.0,140.35813903808594,140.14291381835938,0.2152252197265625
ns_dog_69,resnet50_tl_20250829,8,4,152,104,156.0,108.0,140.35813903808594,140.09165954589844,0.2664794921875
ns_dog_69,resnet50_tl_20250829,8,4,152,108,156.0,112.0,140.35813903808594,140.0675506591797,0.29058837890625
ns_dog_69,resnet50_tl_20250829,8,4,152,112,156.0,116.0,140.35813903808594,139.85244750976562,0.5056915283203125
ns_dog_69,resnet50_tl_20250829,8,4,152,116,156.0,120.0,140.35813903808594,140.24745178222656,0.110687255859375
ns_dog_69,resnet50_tl_20250829,8,4,152,120,156.0,124.0,140.35813903808594,140.12692260742188,0.2312164306640625
ns_dog_69,resnet50_tl_20250829,8,4,152,124,156.0,128.0,140.35813903808594,139.9502716064453,0.407867431640625
ns_dog_69,resnet50_tl_20250829,8,4,152,128,156.0,132.0,140.35813903808594,139.85079956054688,0.5073394775390625
ns_dog_69,resnet50_tl_20250829,8,4,152,132,156.0,136.0,140.35813903808594,139.9765167236328,0.381622314453125
ns_dog_69,resnet50_tl_20250829,8,4,152,136,156.0,140.0,140.35813903808594,140.18260192871094,0.175537109375
ns_dog_69,resnet50_tl_20250829,8,4,152,140,156.0,144.0,140.35813903808594,140.13075256347656,0.227386474609375
ns_dog_69,resnet50_tl_20250829,8,4,152,144,156.0,148.0,140.35813903808594,139.9720916748047,0.38604736328125
ns_dog_69,resnet50_tl_20250829,8,4,152,148,156.0,152.0,140.35813903808594,139.89288330078125,0.4652557373046875
ns_dog_69,resnet50_tl_20250829,8,4,152,152,156.0,156.0,140.35813903808594,140.08438110351562,0.2737579345703125
ns_dog_69,resnet50_tl_20250829,8,4,152,156,156.0,160.0,140.35813903808594,140.00592041015625,0.3522186279296875
ns_dog_69,resnet50_tl_20250829,8,4,152,160,156.0,164.0,140.35813903808594,139.8944549560547,0.46368408203125
ns_dog_69,resnet50_tl_20250829,8,4,152,164,156.0,168.0,140.35813903808594,139.98284912109375,0.3752899169921875
ns_dog_69,resnet50_tl_20250829,8,4,152,168,156.0,172.0,140.35813903808594,139.98692321777344,0.3712158203125
ns_dog_69,resnet50_tl_20250829,8,4,152,172,156.0,176.0,140.35813903808594,140.0998992919922,0.25823974609375
ns_dog_69,resnet50_tl_20250829,8,4,152,176,156.0,180.0,140.35813903808594,140.15867614746094,0.199462890625
ns_dog_69,resnet50_tl_20250829,8,4,152,180,156.0,184.0,140.35813903808594,140.0744171142578,0.283721923828125
ns_dog_69,resnet50_tl_20250829,8,4,152,184,156.0,188.0,140.35813903808594,140.1600341796875,0.1981048583984375
ns_dog_69,resnet50_tl_20250829,8,4,152,188,156.0,192.0,140.35813903808594,140.1887664794922,0.16937255859375
ns_dog_69,resnet50_tl_20250829,8,4,152,192,156.0,196.0,140.35813903808594,140.15780639648438,0.2003326416015625
ns_dog_69,resnet50_tl_20250829,8,4,152,196,156.0,200.0,140.35813903808594,140.10263061523438,0.2555084228515625
ns_dog_69,resnet50_tl_20250829,8,4,152,200,156.0,204.0,140.35813903808594,140.28086853027344,0.0772705078125
ns_dog_69,resnet50_tl_20250829,8,4,152,204,156.0,208.0,140.35813903808594,140.37295532226562,-0.0148162841796875
ns_dog_69,resnet50_tl_20250829,8,4,152,208,156.0,212.0,140.35813903808594,140.37496948242188,-0.0168304443359375
ns_dog_69,resnet50_tl_20250829,8,4,152,212,156.0,216.0,140.35813903808594,140.30055236816406,0.057586669921875
ns_dog_69,resnet50_tl_20250829,8,4,152,216,156.0,220.0,140.35813903808594,140.31951904296875,0.0386199951171875
ns_dog_69,resnet50_tl_20250829,8,4,156,0,160.0,4.0,140.35813903808594,139.87881469726562,0.4793243408203125
ns_dog_69,resnet50_tl_20250829,8,4,156,4,160.0,8.0,140.35813903808594,140.1304931640625,0.2276458740234375
ns_dog_69,resnet50_tl_20250829,8,4,156,8,160.0,12.0,140.35813903808594,140.30908203125,0.0490570068359375
ns_dog_69,resnet50_tl_20250829,8,4,156,12,160.0,16.0,140.35813903808594,140.09213256835938,0.2660064697265625
ns_dog_69,resnet50_tl_20250829,8,4,156,16,160.0,20.0,140.35813903808594,140.05435180664062,0.3037872314453125
ns_dog_69,resnet50_tl_20250829,8,4,156,20,160.0,24.0,140.35813903808594,140.21270751953125,0.1454315185546875
ns_dog_69,resnet50_tl_20250829,8,4,156,24,160.0,28.0,140.35813903808594,140.21783447265625,0.1403045654296875
ns_dog_69,resnet50_tl_20250829,8,4,156,28,160.0,32.0,140.35813903808594,139.67654418945312,0.6815948486328125
ns_dog_69,resnet50_tl_20250829,8,4,156,32,160.0,36.0,140.35813903808594,139.72003173828125,0.6381072998046875
ns_dog_69,resnet50_tl_20250829,8,4,156,36,160.0,40.0,140.35813903808594,140.06729125976562,0.2908477783203125
ns_dog_69,resnet50_tl_20250829,8,4,156,40,160.0,44.0,140.35813903808594,140.2921600341797,0.06597900390625
ns_dog_69,resnet50_tl_20250829,8,4,156,44,160.0,48.0,140.35813903808594,139.92327880859375,0.4348602294921875
ns_dog_69,resnet50_tl_20250829,8,4,156,48,160.0,52.0,140.35813903808594,139.8397979736328,0.518341064453125
ns_dog_69,resnet50_tl_20250829,8,4,156,52,160.0,56.0,140.35813903808594,140.03457641601562,0.3235626220703125
ns_dog_69,resnet50_tl_20250829,8,4,156,56,160.0,60.0,140.35813903808594,140.00003051757812,0.3581085205078125
ns_dog_69,resnet50_tl_20250829,8,4,156,60,160.0,64.0,140.35813903808594,140.22373962402344,0.1343994140625
ns_dog_69,resnet50_tl_20250829,8,4,156,64,160.0,68.0,140.35813903808594,140.13119506835938,0.2269439697265625
ns_dog_69,resnet50_tl_20250829,8,4,156,68,160.0,72.0,140.35813903808594,140.1538543701172,0.20428466796875
ns_dog_69,resnet50_tl_20250829,8,4,156,72,160.0,76.0,140.35813903808594,140.17169189453125,0.1864471435546875
ns_dog_69,resnet50_tl_20250829,8,4,156,76,160.0,80.0,140.35813903808594,140.16482543945312,0.1933135986328125
ns_dog_69,resnet50_tl_20250829,8,4,156,80,160.0,84.0,140.35813903808594,140.11981201171875,0.2383270263671875
ns_dog_69,resnet50_tl_20250829,8,4,156,84,160.0,88.0,140.35813903808594,139.99314880371094,0.364990234375
ns_dog_69,resnet50_tl_20250829,8,4,156,88,160.0,92.0,140.35813903808594,140.2106475830078,0.147491455078125
ns_dog_69,resnet50_tl_20250829,8,4,156,92,160.0,96.0,140.35813903808594,139.6217041015625,0.7364349365234375
ns_dog_69,resnet50_tl_20250829,8,4,156,96,160.0,100.0,140.35813903808594,139.58319091796875,0.7749481201171875
ns_dog_69,resnet50_tl_20250829,8,4,156,100,160.0,104.0,140.35813903808594,140.1333770751953,0.224761962890625
ns_dog_69,resnet50_tl_20250829,8,4,156,104,160.0,108.0,140.35813903808594,140.1351318359375,0.2230072021484375
ns_dog_69,resnet50_tl_20250829,8,4,156,108,160.0,112.0,140.35813903808594,139.7342529296875,0.6238861083984375
ns_dog_69,resnet50_tl_20250829,8,4,156,112,160.0,116.0,140.35813903808594,139.65992736816406,0.698211669921875
ns_dog_69,resnet50_tl_20250829,8,4,156,116,160.0,120.0,140.35813903808594,140.31321716308594,0.044921875
ns_dog_69,resnet50_tl_20250829,8,4,156,120,160.0,124.0,140.35813903808594,140.19021606445312,0.1679229736328125
ns_dog_69,resnet50_tl_20250829,8,4,156,124,160.0,128.0,140.35813903808594,139.77548217773438,0.5826568603515625
ns_dog_69,resnet50_tl_20250829,8,4,156,128,160.0,132.0,140.35813903808594,139.6629638671875,0.6951751708984375
ns_dog_69,resnet50_tl_20250829,8,4,156,132,160.0,136.0,140.35813903808594,140.15597534179688,0.2021636962890625
ns_dog_69,resnet50_tl_20250829,8,4,156,136,160.0,140.0,140.35813903808594,140.24691772460938,0.1112213134765625
ns_dog_69,resnet50_tl_20250829,8,4,156,140,160.0,144.0,140.35813903808594,140.12437438964844,0.2337646484375
ns_dog_69,resnet50_tl_20250829,8,4,156,144,160.0,148.0,140.35813903808594,139.8213348388672,0.53680419921875
ns_dog_69,resnet50_tl_20250829,8,4,156,148,160.0,152.0,140.35813903808594,139.9297332763672,0.42840576171875
ns_dog_69,resnet50_tl_20250829,8,4,156,152,160.0,156.0,140.35813903808594,140.10215759277344,0.2559814453125
ns_dog_69,resnet50_tl_20250829,8,4,156,156,160.0,160.0,140.35813903808594,140.31436157226562,0.0437774658203125
ns_dog_69,resnet50_tl_20250829,8,4,156,160,160.0,164.0,140.35813903808594,140.18214416503906,0.175994873046875
ns_dog_69,resnet50_tl_20250829,8,4,156,164,160.0,168.0,140.35813903808594,140.1800994873047,0.17803955078125
ns_dog_69,resnet50_tl_20250829,8,4,156,168,160.0,172.0,140.35813903808594,140.03025817871094,0.327880859375
ns_dog_69,resnet50_tl_20250829,8,4,156,172,160.0,176.0,140.35813903808594,140.0891876220703,0.268951416015625
ns_dog_69,resnet50_tl_20250829,8,4,156,176,160.0,180.0,140.35813903808594,140.0734100341797,0.28472900390625
ns_dog_69,resnet50_tl_20250829,8,4,156,180,160.0,184.0,140.35813903808594,140.1708221435547,0.18731689453125
ns_dog_69,resnet50_tl_20250829,8,4,156,184,160.0,188.0,140.35813903808594,140.16563415527344,0.1925048828125
ns_dog_69,resnet50_tl_20250829,8,4,156,188,160.0,192.0,140.35813903808594,140.1621856689453,0.195953369140625
ns_dog_69,resnet50_tl_20250829,8,4,156,192,160.0,196.0,140.35813903808594,140.112548828125,0.2455902099609375
ns_dog_69,resnet50_tl_20250829,8,4,156,196,160.0,200.0,140.35813903808594,140.1624755859375,0.1956634521484375
ns_dog_69,resnet50_tl_20250829,8,4,156,200,160.0,204.0,140.35813903808594,140.24258422851562,0.1155548095703125
ns_dog_69,resnet50_tl_20250829,8,4,156,204,160.0,208.0,140.35813903808594,140.318359375,0.0397796630859375
ns_dog_69,resnet50_tl_20250829,8,4,156,208,160.0,212.0,140.35813903808594,140.35281372070312,0.0053253173828125
ns_dog_69,resnet50_tl_20250829,8,4,156,212,160.0,216.0,140.35813903808594,140.34658813476562,0.0115509033203125
ns_dog_69,resnet50_tl_20250829,8,4,156,216,160.0,220.0,140.35813903808594,140.32664489746094,0.031494140625
ns_dog_69,resnet50_tl_20250829,8,4,160,0,164.0,4.0,140.35813903808594,139.93829345703125,0.4198455810546875
ns_dog_69,resnet50_tl_20250829,8,4,160,4,164.0,8.0,140.35813903808594,140.07582092285156,0.282318115234375
ns_dog_69,resnet50_tl_20250829,8,4,160,8,164.0,12.0,140.35813903808594,140.29095458984375,0.0671844482421875
ns_dog_69,resnet50_tl_20250829,8,4,160,12,164.0,16.0,140.35813903808594,140.0178680419922,0.34027099609375
ns_dog_69,resnet50_tl_20250829,8,4,160,16,164.0,20.0,140.35813903808594,140.05007934570312,0.3080596923828125
ns_dog_69,resnet50_tl_20250829,8,4,160,20,164.0,24.0,140.35813903808594,140.07603454589844,0.2821044921875
ns_dog_69,resnet50_tl_20250829,8,4,160,24,164.0,28.0,140.35813903808594,140.14788818359375,0.2102508544921875
ns_dog_69,resnet50_tl_20250829,8,4,160,28,164.0,32.0,140.35813903808594,139.6923065185547,0.66583251953125
ns_dog_69,resnet50_tl_20250829,8,4,160,32,164.0,36.0,140.35813903808594,139.78207397460938,0.5760650634765625
ns_dog_69,resnet50_tl_20250829,8,4,160,36,164.0,40.0,140.35813903808594,139.97494506835938,0.3831939697265625
ns_dog_69,resnet50_tl_20250829,8,4,160,40,164.0,44.0,140.35813903808594,140.20208740234375,0.1560516357421875
ns_dog_69,resnet50_tl_20250829,8,4,160,44,164.0,48.0,140.35813903808594,139.81748962402344,0.5406494140625
ns_dog_69,resnet50_tl_20250829,8,4,160,48,164.0,52.0,140.35813903808594,139.83541870117188,0.5227203369140625
ns_dog_69,resnet50_tl_20250829,8,4,160,52,164.0,56.0,140.35813903808594,139.91201782226562,0.4461212158203125
ns_dog_69,resnet50_tl_20250829,8,4,160,56,164.0,60.0,140.35813903808594,139.89434814453125,0.4637908935546875
ns_dog_69,resnet50_tl_20250829,8,4,160,60,164.0,64.0,140.35813903808594,140.20339965820312,0.1547393798828125
ns_dog_69,resnet50_tl_20250829,8,4,160,64,164.0,68.0,140.35813903808594,140.1564483642578,0.201690673828125
ns_dog_69,resnet50_tl_20250829,8,4,160,68,164.0,72.0,140.35813903808594,140.17758178710938,0.1805572509765625
ns_dog_69,resnet50_tl_20250829,8,4,160,72,164.0,76.0,140.35813903808594,140.21951293945312,0.1386260986328125
ns_dog_69,resnet50_tl_20250829,8,4,160,76,164.0,80.0,140.35813903808594,140.17320251464844,0.1849365234375
ns_dog_69,resnet50_tl_20250829,8,4,160,80,164.0,84.0,140.35813903808594,140.15940856933594,0.19873046875
ns_dog_69,resnet50_tl_20250829,8,4,160,84,164.0,88.0,140.35813903808594,140.0637969970703,0.294342041015625
ns_dog_69,resnet50_tl_20250829,8,4,160,88,164.0,92.0,140.35813903808594,140.2303924560547,0.12774658203125
ns_dog_69,resnet50_tl_20250829,8,4,160,92,164.0,96.0,140.35813903808594,139.52308654785156,0.835052490234375
ns_dog_69,resnet50_tl_20250829,8,4,160,96,164.0,100.0,140.35813903808594,139.65182495117188,0.7063140869140625
ns_dog_69,resnet50_tl_20250829,8,4,160,100,164.0,104.0,140.35813903808594,140.27503967285156,0.083099365234375
ns_dog_69,resnet50_tl_20250829,8,4,160,104,164.0,108.0,140.35813903808594,140.22706604003906,0.131072998046875
ns_dog_69,resnet50_tl_20250829,8,4,160,108,164.0,112.0,140.35813903808594,139.8387908935547,0.51934814453125
ns_dog_69,resnet50_tl_20250829,8,4,160,112,164.0,116.0,140.35813903808594,139.78871154785156,0.569427490234375
ns_dog_69,resnet50_tl_20250829,8,4,160,116,164.0,120.0,140.35813903808594,139.9534149169922,0.40472412109375
ns_dog_69,resnet50_tl_20250829,8,4,160,120,164.0,124.0,140.35813903808594,140.0701904296875,0.2879486083984375
ns_dog_69,resnet50_tl_20250829,8,4,160,124,164.0,128.0,140.35813903808594,139.62887573242188,0.7292633056640625
ns_dog_69,resnet50_tl_20250829,8,4,160,128,164.0,132.0,140.35813903808594,139.64666748046875,0.7114715576171875
ns_dog_69,resnet50_tl_20250829,8,4,160,132,164.0,136.0,140.35813903808594,139.90016174316406,0.457977294921875
ns_dog_69,resnet50_tl_20250829,8,4,160,136,164.0,140.0,140.35813903808594,140.10421752929688,0.2539215087890625
ns_dog_69,resnet50_tl_20250829,8,4,160,140,164.0,144.0,140.35813903808594,139.8159942626953,0.542144775390625
ns_dog_69,resnet50_tl_20250829,8,4,160,144,164.0,148.0,140.35813903808594,139.8511962890625,0.5069427490234375
ns_dog_69,resnet50_tl_20250829,8,4,160,148,164.0,152.0,140.35813903808594,139.99168395996094,0.366455078125
ns_dog_69,resnet50_tl_20250829,8,4,160,152,164.0,156.0,140.35813903808594,140.08956909179688,0.2685699462890625
ns_dog_69,resnet50_tl_20250829,8,4,160,156,164.0,160.0,140.35813903808594,140.3875732421875,-0.0294342041015625
ns_dog_69,resnet50_tl_20250829,8,4,160,160,164.0,164.0,140.35813903808594,140.2588653564453,0.099273681640625
ns_dog_69,resnet50_tl_20250829,8,4,160,164,164.0,168.0,140.35813903808594,140.26809692382812,0.0900421142578125
ns_dog_69,resnet50_tl_20250829,8,4,160,168,164.0,172.0,140.35813903808594,140.15249633789062,0.2056427001953125
ns_dog_69,resnet50_tl_20250829,8,4,160,172,164.0,176.0,140.35813903808594,140.07861328125,0.2795257568359375
ns_dog_69,resnet50_tl_20250829,8,4,160,176,164.0,180.0,140.35813903808594,140.0879669189453,0.270172119140625
ns_dog_69,resnet50_tl_20250829,8,4,160,180,164.0,184.0,140.35813903808594,140.1553955078125,0.2027435302734375
ns_dog_69,resnet50_tl_20250829,8,4,160,184,164.0,188.0,140.35813903808594,140.2283935546875,0.1297454833984375
ns_dog_69,resnet50_tl_20250829,8,4,160,188,164.0,192.0,140.35813903808594,140.16622924804688,0.1919097900390625
ns_dog_69,resnet50_tl_20250829,8,4,160,192,164.0,196.0,140.35813903808594,140.15919494628906,0.198944091796875
ns_dog_69,resnet50_tl_20250829,8,4,160,196,164.0,200.0,140.35813903808594,140.17332458496094,0.184814453125
ns_dog_69,resnet50_tl_20250829,8,4,160,200,164.0,204.0,140.35813903808594,140.21295166015625,0.1451873779296875
ns_dog_69,resnet50_tl_20250829,8,4,160,204,164.0,208.0,140.35813903808594,140.3109893798828,0.047149658203125
ns_dog_69,resnet50_tl_20250829,8,4,160,208,164.0,212.0,140.35813903808594,140.28759765625,0.0705413818359375
ns_dog_69,resnet50_tl_20250829,8,4,160,212,164.0,216.0,140.35813903808594,140.3262939453125,0.0318450927734375
ns_dog_69,resnet50_tl_20250829,8,4,160,216,164.0,220.0,140.35813903808594,140.326904296875,0.0312347412109375
ns_dog_69,resnet50_tl_20250829,8,4,164,0,168.0,4.0,140.35813903808594,140.21066284179688,0.1474761962890625
ns_dog_69,resnet50_tl_20250829,8,4,164,4,168.0,8.0,140.35813903808594,140.21388244628906,0.144256591796875
ns_dog_69,resnet50_tl_20250829,8,4,164,8,168.0,12.0,140.35813903808594,140.34927368164062,0.0088653564453125
ns_dog_69,resnet50_tl_20250829,8,4,164,12,168.0,16.0,140.35813903808594,140.3189697265625,0.0391693115234375
ns_dog_69,resnet50_tl_20250829,8,4,164,16,168.0,20.0,140.35813903808594,140.2885284423828,0.069610595703125
ns_dog_69,resnet50_tl_20250829,8,4,164,20,168.0,24.0,140.35813903808594,140.24307250976562,0.1150665283203125
ns_dog_69,resnet50_tl_20250829,8,4,164,24,168.0,28.0,140.35813903808594,140.2064666748047,0.15167236328125
ns_dog_69,resnet50_tl_20250829,8,4,164,28,168.0,32.0,140.35813903808594,140.14768981933594,0.21044921875
ns_dog_69,resnet50_tl_20250829,8,4,164,32,168.0,36.0,140.35813903808594,140.22560119628906,0.132537841796875
ns_dog_69,resnet50_tl_20250829,8,4,164,36,168.0,40.0,140.35813903808594,140.24447631835938,0.1136627197265625
ns_dog_69,resnet50_tl_20250829,8,4,164,40,168.0,44.0,140.35813903808594,140.2343292236328,0.123809814453125
ns_dog_69,resnet50_tl_20250829,8,4,164,44,168.0,48.0,140.35813903808594,140.19912719726562,0.1590118408203125
ns_dog_69,resnet50_tl_20250829,8,4,164,48,168.0,52.0,140.35813903808594,140.27175903320312,0.0863800048828125
ns_dog_69,resnet50_tl_20250829,8,4,164,52,168.0,56.0,140.35813903808594,140.07980346679688,0.2783355712890625
ns_dog_69,resnet50_tl_20250829,8,4,164,56,168.0,60.0,140.35813903808594,140.0395965576172,0.31854248046875
ns_dog_69,resnet50_tl_20250829,8,4,164,60,168.0,64.0,140.35813903808594,140.25698852539062,0.1011505126953125
ns_dog_69,resnet50_tl_20250829,8,4,164,64,168.0,68.0,140.35813903808594,140.11654663085938,0.2415924072265625
ns_dog_69,resnet50_tl_20250829,8,4,164,68,168.0,72.0,140.35813903808594,140.0572052001953,0.300933837890625
ns_dog_69,resnet50_tl_20250829,8,4,164,72,168.0,76.0,140.35813903808594,140.1497802734375,0.2083587646484375
ns_dog_69,resnet50_tl_20250829,8,4,164,76,168.0,80.0,140.35813903808594,140.08897399902344,0.2691650390625
ns_dog_69,resnet50_tl_20250829,8,4,164,80,168.0,84.0,140.35813903808594,139.89662170410156,0.461517333984375
ns_dog_69,resnet50_tl_20250829,8,4,164,84,168.0,88.0,140.35813903808594,139.84686279296875,0.5112762451171875
ns_dog_69,resnet50_tl_20250829,8,4,164,88,168.0,92.0,140.35813903808594,140.05902099609375,0.2991180419921875
ns_dog_69,resnet50_tl_20250829,8,4,164,92,168.0,96.0,140.35813903808594,139.8990020751953,0.459136962890625
ns_dog_69,resnet50_tl_20250829,8,4,164,96,168.0,100.0,140.35813903808594,140.1904296875,0.1677093505859375
ns_dog_69,resnet50_tl_20250829,8,4,164,100,168.0,104.0,140.35813903808594,140.38526916503906,-0.027130126953125
ns_dog_69,resnet50_tl_20250829,8,4,164,104,168.0,108.0,140.35813903808594,140.1973419189453,0.160797119140625
ns_dog_69,resnet50_tl_20250829,8,4,164,108,168.0,112.0,140.35813903808594,140.37603759765625,-0.0178985595703125
ns_dog_69,resnet50_tl_20250829,8,4,164,112,168.0,116.0,140.35813903808594,140.10635375976562,0.2517852783203125
ns_dog_69,resnet50_tl_20250829,8,4,164,116,168.0,120.0,140.35813903808594,140.20948791503906,0.148651123046875
ns_dog_69,resnet50_tl_20250829,8,4,164,120,168.0,124.0,140.35813903808594,140.07177734375,0.2863616943359375
ns_dog_69,resnet50_tl_20250829,8,4,164,124,168.0,128.0,140.35813903808594,140.11585998535156,0.242279052734375
ns_dog_69,resnet50_tl_20250829,8,4,164,128,168.0,132.0,140.35813903808594,140.11892700195312,0.2392120361328125
ns_dog_69,resnet50_tl_20250829,8,4,164,132,168.0,136.0,140.35813903808594,140.22525024414062,0.1328887939453125
ns_dog_69,resnet50_tl_20250829,8,4,164,136,168.0,140.0,140.35813903808594,140.2299041748047,0.12823486328125
ns_dog_69,resnet50_tl_20250829,8,4,164,140,168.0,144.0,140.35813903808594,140.3184051513672,0.03973388671875
ns_dog_69,resnet50_tl_20250829,8,4,164,144,168.0,148.0,140.35813903808594,140.27407836914062,0.0840606689453125
ns_dog_69,resnet50_tl_20250829,8,4,164,148,168.0,152.0,140.35813903808594,140.29246520996094,0.065673828125
ns_dog_69,resnet50_tl_20250829,8,4,164,152,168.0,156.0,140.35813903808594,140.14793395996094,0.210205078125
ns_dog_69,resnet50_tl_20250829,8,4,164,156,168.0,160.0,140.35813903808594,140.284912109375,0.0732269287109375
ns_dog_69,resnet50_tl_20250829,8,4,164,160,168.0,164.0,140.35813903808594,140.41567993164062,-0.0575408935546875
ns_dog_69,resnet50_tl_20250829,8,4,164,164,168.0,168.0,140.35813903808594,140.3047637939453,0.053375244140625
ns_dog_69,resnet50_tl_20250829,8,4,164,168,168.0,172.0,140.35813903808594,140.0366973876953,0.321441650390625
ns_dog_69,resnet50_tl_20250829,8,4,164,172,168.0,176.0,140.35813903808594,140.04995727539062,0.3081817626953125
ns_dog_69,resnet50_tl_20250829,8,4,164,176,168.0,180.0,140.35813903808594,140.02072143554688,0.3374176025390625
ns_dog_69,resnet50_tl_20250829,8,4,164,180,168.0,184.0,140.35813903808594,139.98501586914062,0.3731231689453125
ns_dog_69,resnet50_tl_20250829,8,4,164,184,168.0,188.0,140.35813903808594,140.14247131347656,0.215667724609375
ns_dog_69,resnet50_tl_20250829,8,4,164,188,168.0,192.0,140.35813903808594,140.20118713378906,0.156951904296875
ns_dog_69,resnet50_tl_20250829,8,4,164,192,168.0,196.0,140.35813903808594,140.18777465820312,0.1703643798828125
ns_dog_69,resnet50_tl_20250829,8,4,164,196,168.0,200.0,140.35813903808594,140.14964294433594,0.20849609375
ns_dog_69,resnet50_tl_20250829,8,4,164,200,168.0,204.0,140.35813903808594,140.1937713623047,0.16436767578125
ns_dog_69,resnet50_tl_20250829,8,4,164,204,168.0,208.0,140.35813903808594,140.32827758789062,0.0298614501953125
ns_dog_69,resnet50_tl_20250829,8,4,164,208,168.0,212.0,140.35813903808594,140.28469848632812,0.0734405517578125
ns_dog_69,resnet50_tl_20250829,8,4,164,212,168.0,216.0,140.35813903808594,140.3268280029297,0.03131103515625
ns_dog_69,resnet50_tl_20250829,8,4,164,216,168.0,220.0,140.35813903808594,140.3302001953125,0.0279388427734375
ns_dog_69,resnet50_tl_20250829,8,4,168,0,172.0,4.0,140.35813903808594,140.18136596679688,0.1767730712890625
ns_dog_69,resnet50_tl_20250829,8,4,168,4,172.0,8.0,140.35813903808594,140.17208862304688,0.1860504150390625
ns_dog_69,resnet50_tl_20250829,8,4,168,8,172.0,12.0,140.35813903808594,140.30686950683594,0.05126953125
ns_dog_69,resnet50_tl_20250829,8,4,168,12,172.0,16.0,140.35813903808594,140.15213012695312,0.2060089111328125
ns_dog_69,resnet50_tl_20250829,8,4,168,16,172.0,20.0,140.35813903808594,140.16470336914062,0.1934356689453125
ns_dog_69,resnet50_tl_20250829,8,4,168,20,172.0,24.0,140.35813903808594,140.10121154785156,0.256927490234375
ns_dog_69,resnet50_tl_20250829,8,4,168,24,172.0,28.0,140.35813903808594,140.12319946289062,0.2349395751953125
ns_dog_69,resnet50_tl_20250829,8,4,168,28,172.0,32.0,140.35813903808594,139.93177795410156,0.426361083984375
ns_dog_69,resnet50_tl_20250829,8,4,168,32,172.0,36.0,140.35813903808594,140.01734924316406,0.340789794921875
ns_dog_69,resnet50_tl_20250829,8,4,168,36,172.0,40.0,140.35813903808594,140.05633544921875,0.3018035888671875
ns_dog_69,resnet50_tl_20250829,8,4,168,40,172.0,44.0,140.35813903808594,140.224365234375,0.1337738037109375
ns_dog_69,resnet50_tl_20250829,8,4,168,44,172.0,48.0,140.35813903808594,140.06944274902344,0.2886962890625
ns_dog_69,resnet50_tl_20250829,8,4,168,48,172.0,52.0,140.35813903808594,140.0423583984375,0.3157806396484375
ns_dog_69,resnet50_tl_20250829,8,4,168,52,172.0,56.0,140.35813903808594,139.86807250976562,0.4900665283203125
ns_dog_69,resnet50_tl_20250829,8,4,168,56,172.0,60.0,140.35813903808594,139.86630249023438,0.4918365478515625
ns_dog_69,resnet50_tl_20250829,8,4,168,60,172.0,64.0,140.35813903808594,140.07919311523438,0.2789459228515625
ns_dog_69,resnet50_tl_20250829,8,4,168,64,172.0,68.0,140.35813903808594,140.00001525878906,0.358123779296875
ns_dog_69,resnet50_tl_20250829,8,4,168,68,172.0,72.0,140.35813903808594,140.02359008789062,0.3345489501953125
ns_dog_69,resnet50_tl_20250829,8,4,168,72,172.0,76.0,140.35813903808594,140.1625518798828,0.195587158203125
ns_dog_69,resnet50_tl_20250829,8,4,168,76,172.0,80.0,140.35813903808594,140.07957458496094,0.278564453125
ns_dog_69,resnet50_tl_20250829,8,4,168,80,172.0,84.0,140.35813903808594,139.90811157226562,0.4500274658203125
ns_dog_69,resnet50_tl_20250829,8,4,168,84,172.0,88.0,140.35813903808594,139.7837371826172,0.57440185546875
ns_dog_69,resnet50_tl_20250829,8,4,168,88,172.0,92.0,140.35813903808594,140.0628662109375,0.2952728271484375
ns_dog_69,resnet50_tl_20250829,8,4,168,92,172.0,96.0,140.35813903808594,139.86062622070312,0.4975128173828125
ns_dog_69,resnet50_tl_20250829,8,4,168,96,172.0,100.0,140.35813903808594,140.240234375,0.1179046630859375
ns_dog_69,resnet50_tl_20250829,8,4,168,100,172.0,104.0,140.35813903808594,140.06625366210938,0.2918853759765625
ns_dog_69,resnet50_tl_20250829,8,4,168,104,172.0,108.0,140.35813903808594,140.0949249267578,0.263214111328125
ns_dog_69,resnet50_tl_20250829,8,4,168,108,172.0,112.0,140.35813903808594,139.98886108398438,0.3692779541015625
ns_dog_69,resnet50_tl_20250829,8,4,168,112,172.0,116.0,140.35813903808594,139.88426208496094,0.473876953125
ns_dog_69,resnet50_tl_20250829,8,4,168,116,172.0,120.0,140.35813903808594,139.92819213867188,0.4299468994140625
ns_dog_69,resnet50_tl_20250829,8,4,168,120,172.0,124.0,140.35813903808594,140.03091430664062,0.3272247314453125
ns_dog_69,resnet50_tl_20250829,8,4,168,124,172.0,128.0,140.35813903808594,139.81541442871094,0.542724609375
ns_dog_69,resnet50_tl_20250829,8,4,168,128,172.0,132.0,140.35813903808594,139.89649963378906,0.461639404296875
ns_dog_69,resnet50_tl_20250829,8,4,168,132,172.0,136.0,140.35813903808594,139.90798950195312,0.4501495361328125
ns_dog_69,resnet50_tl_20250829,8,4,168,136,172.0,140.0,140.35813903808594,140.0769500732422,0.28118896484375
ns_dog_69,resnet50_tl_20250829,8,4,168,140,172.0,144.0,140.35813903808594,140.0210418701172,0.33709716796875
ns_dog_69,resnet50_tl_20250829,8,4,168,144,172.0,148.0,140.35813903808594,140.12033081054688,0.2378082275390625
ns_dog_69,resnet50_tl_20250829,8,4,168,148,172.0,152.0,140.35813903808594,140.2021484375,0.1559906005859375
ns_dog_69,resnet50_tl_20250829,8,4,168,152,172.0,156.0,140.35813903808594,140.17193603515625,0.1862030029296875
ns_dog_69,resnet50_tl_20250829,8,4,168,156,172.0,160.0,140.35813903808594,140.1644287109375,0.1937103271484375
ns_dog_69,resnet50_tl_20250829,8,4,168,160,172.0,164.0,140.35813903808594,140.10299682617188,0.2551422119140625
ns_dog_69,resnet50_tl_20250829,8,4,168,164,172.0,168.0,140.35813903808594,140.2812042236328,0.076934814453125
ns_dog_69,resnet50_tl_20250829,8,4,168,168,172.0,172.0,140.35813903808594,140.03497314453125,0.3231658935546875
ns_dog_69,resnet50_tl_20250829,8,4,168,172,172.0,176.0,140.35813903808594,140.07135009765625,0.2867889404296875
ns_dog_69,resnet50_tl_20250829,8,4,168,176,172.0,180.0,140.35813903808594,139.97219848632812,0.3859405517578125
ns_dog_69,resnet50_tl_20250829,8,4,168,180,172.0,184.0,140.35813903808594,139.92027282714844,0.4378662109375
ns_dog_69,resnet50_tl_20250829,8,4,168,184,172.0,188.0,140.35813903808594,140.11892700195312,0.2392120361328125
ns_dog_69,resnet50_tl_20250829,8,4,168,188,172.0,192.0,140.35813903808594,140.19921875,0.1589202880859375
ns_dog_69,resnet50_tl_20250829,8,4,168,192,172.0,196.0,140.35813903808594,140.24273681640625,0.1154022216796875
ns_dog_69,resnet50_tl_20250829,8,4,168,196,172.0,200.0,140.35813903808594,140.13084411621094,0.227294921875
ns_dog_69,resnet50_tl_20250829,8,4,168,200,172.0,204.0,140.35813903808594,140.1422882080078,0.215850830078125
ns_dog_69,resnet50_tl_20250829,8,4,168,204,172.0,208.0,140.35813903808594,140.2436981201172,0.11444091796875
ns_dog_69,resnet50_tl_20250829,8,4,168,208,172.0,212.0,140.35813903808594,140.2376708984375,0.1204681396484375
ns_dog_69,resnet50_tl_20250829,8,4,168,212,172.0,216.0,140.35813903808594,140.25685119628906,0.101287841796875
ns_dog_69,resnet50_tl_20250829,8,4,168,216,172.0,220.0,140.35813903808594,140.35365295410156,0.004486083984375
ns_dog_69,resnet50_tl_20250829,8,4,172,0,176.0,4.0,140.35813903808594,139.97409057617188,0.3840484619140625
ns_dog_69,resnet50_tl_20250829,8,4,172,4,176.0,8.0,140.35813903808594,140.18600463867188,0.1721343994140625
ns_dog_69,resnet50_tl_20250829,8,4,172,8,176.0,12.0,140.35813903808594,140.31240844726562,0.0457305908203125
ns_dog_69,resnet50_tl_20250829,8,4,172,12,176.0,16.0,140.35813903808594,140.06689453125,0.2912445068359375
ns_dog_69,resnet50_tl_20250829,8,4,172,16,176.0,20.0,140.35813903808594,140.0375518798828,0.320587158203125
ns_dog_69,resnet50_tl_20250829,8,4,172,20,176.0,24.0,140.35813903808594,140.1593475341797,0.19879150390625
ns_dog_69,resnet50_tl_20250829,8,4,172,24,176.0,28.0,140.35813903808594,140.18731689453125,0.1708221435546875
ns_dog_69,resnet50_tl_20250829,8,4,172,28,176.0,32.0,140.35813903808594,139.65704345703125,0.7010955810546875
ns_dog_69,resnet50_tl_20250829,8,4,172,32,176.0,36.0,140.35813903808594,139.74807739257812,0.6100616455078125
ns_dog_69,resnet50_tl_20250829,8,4,172,36,176.0,40.0,140.35813903808594,140.0154571533203,0.342681884765625
ns_dog_69,resnet50_tl_20250829,8,4,172,40,176.0,44.0,140.35813903808594,140.28939819335938,0.0687408447265625
ns_dog_69,resnet50_tl_20250829,8,4,172,44,176.0,48.0,140.35813903808594,139.9904327392578,0.367706298828125
ns_dog_69,resnet50_tl_20250829,8,4,172,48,176.0,52.0,140.35813903808594,139.89834594726562,0.4597930908203125
ns_dog_69,resnet50_tl_20250829,8,4,172,52,176.0,56.0,140.35813903808594,139.77200317382812,0.5861358642578125
ns_dog_69,resnet50_tl_20250829,8,4,172,56,176.0,60.0,140.35813903808594,139.7977294921875,0.5604095458984375
ns_dog_69,resnet50_tl_20250829,8,4,172,60,176.0,64.0,140.35813903808594,140.09828186035156,0.259857177734375
ns_dog_69,resnet50_tl_20250829,8,4,172,64,176.0,68.0,140.35813903808594,140.05812072753906,0.300018310546875
ns_dog_69,resnet50_tl_20250829,8,4,172,68,176.0,72.0,140.35813903808594,140.12098693847656,0.237152099609375
ns_dog_69,resnet50_tl_20250829,8,4,172,72,176.0,76.0,140.35813903808594,140.171142578125,0.1869964599609375
ns_dog_69,resnet50_tl_20250829,8,4,172,76,176.0,80.0,140.35813903808594,140.07723999023438,0.2808990478515625
ns_dog_69,resnet50_tl_20250829,8,4,172,80,176.0,84.0,140.35813903808594,139.79783630371094,0.560302734375
ns_dog_69,resnet50_tl_20250829,8,4,172,84,176.0,88.0,140.35813903808594,139.77035522460938,0.5877838134765625
ns_dog_69,resnet50_tl_20250829,8,4,172,88,176.0,92.0,140.35813903808594,140.06271362304688,0.2954254150390625
ns_dog_69,resnet50_tl_20250829,8,4,172,92,176.0,96.0,140.35813903808594,139.46902465820312,0.8891143798828125
ns_dog_69,resnet50_tl_20250829,8,4,172,96,176.0,100.0,140.35813903808594,139.5546875,0.8034515380859375
ns_dog_69,resnet50_tl_20250829,8,4,172,100,176.0,104.0,140.35813903808594,139.99562072753906,0.362518310546875
ns_dog_69,resnet50_tl_20250829,8,4,172,104,176.0,108.0,140.35813903808594,139.94851684570312,0.4096221923828125
ns_dog_69,resnet50_tl_20250829,8,4,172,108,176.0,112.0,140.35813903808594,139.73484802246094,0.623291015625
ns_dog_69,resnet50_tl_20250829,8,4,172,112,176.0,116.0,140.35813903808594,139.633056640625,0.7250823974609375
ns_dog_69,resnet50_tl_20250829,8,4,172,116,176.0,120.0,140.35813903808594,139.92120361328125,0.4369354248046875
ns_dog_69,resnet50_tl_20250829,8,4,172,120,176.0,124.0,140.35813903808594,140.10797119140625,0.2501678466796875
ns_dog_69,resnet50_tl_20250829,8,4,172,124,176.0,128.0,140.35813903808594,139.74363708496094,0.614501953125
ns_dog_69,resnet50_tl_20250829,8,4,172,128,176.0,132.0,140.35813903808594,139.76927185058594,0.5888671875
ns_dog_69,resnet50_tl_20250829,8,4,172,132,176.0,136.0,140.35813903808594,140.01434326171875,0.3437957763671875
ns_dog_69,resnet50_tl_20250829,8,4,172,136,176.0,140.0,140.35813903808594,140.1807403564453,0.177398681640625
ns_dog_69,resnet50_tl_20250829,8,4,172,140,176.0,144.0,140.35813903808594,139.96226501464844,0.3958740234375
ns_dog_69,resnet50_tl_20250829,8,4,172,144,176.0,148.0,140.35813903808594,139.9923095703125,0.3658294677734375
ns_dog_69,resnet50_tl_20250829,8,4,172,148,176.0,152.0,140.35813903808594,140.17889404296875,0.1792449951171875
ns_dog_69,resnet50_tl_20250829,8,4,172,152,176.0,156.0,140.35813903808594,140.19798278808594,0.16015625
ns_dog_69,resnet50_tl_20250829,8,4,172,156,176.0,160.0,140.35813903808594,140.09963989257812,0.2584991455078125
ns_dog_69,resnet50_tl_20250829,8,4,172,160,176.0,164.0,140.35813903808594,139.91429138183594,0.44384765625
ns_dog_69,resnet50_tl_20250829,8,4,172,164,176.0,168.0,140.35813903808594,140.27426147460938,0.0838775634765625
ns_dog_69,resnet50_tl_20250829,8,4,172,168,176.0,172.0,140.35813903808594,140.28897094726562,0.0691680908203125
ns_dog_69,resnet50_tl_20250829,8,4,172,172,176.0,176.0,140.35813903808594,140.11607360839844,0.2420654296875
ns_dog_69,resnet50_tl_20250829,8,4,172,176,176.0,180.0,140.35813903808594,139.9958038330078,0.362335205078125
ns_dog_69,resnet50_tl_20250829,8,4,172,180,176.0,184.0,140.35813903808594,140.035400390625,0.3227386474609375
ns_dog_69,resnet50_tl_20250829,8,4,172,184,176.0,188.0,140.35813903808594,140.0753631591797,0.28277587890625
ns_dog_69,resnet50_tl_20250829,8,4,172,188,176.0,192.0,140.35813903808594,140.11558532714844,0.2425537109375
ns_dog_69,resnet50_tl_20250829,8,4,172,192,176.0,196.0,140.35813903808594,140.1109619140625,0.2471771240234375
ns_dog_69,resnet50_tl_20250829,8,4,172,196,176.0,200.0,140.35813903808594,140.18724060058594,0.1708984375
ns_dog_69,resnet50_tl_20250829,8,4,172,200,176.0,204.0,140.35813903808594,140.1936492919922,0.16448974609375
ns_dog_69,resnet50_tl_20250829,8,4,172,204,176.0,208.0,140.35813903808594,140.1895294189453,0.168609619140625
ns_dog_69,resnet50_tl_20250829,8,4,172,208,176.0,212.0,140.35813903808594,140.21546936035156,0.142669677734375
ns_dog_69,resnet50_tl_20250829,8,4,172,212,176.0,216.0,140.35813903808594,140.3243408203125,0.0337982177734375
ns_dog_69,resnet50_tl_20250829,8,4,172,216,176.0,220.0,140.35813903808594,140.3734588623047,-0.01531982421875
ns_dog_69,resnet50_tl_20250829,8,4,176,0,180.0,4.0,140.35813903808594,140.0091552734375,0.3489837646484375
ns_dog_69,resnet50_tl_20250829,8,4,176,4,180.0,8.0,140.35813903808594,140.1263885498047,0.23175048828125
ns_dog_69,resnet50_tl_20250829,8,4,176,8,180.0,12.0,140.35813903808594,140.31468200683594,0.04345703125
ns_dog_69,resnet50_tl_20250829,8,4,176,12,180.0,16.0,140.35813903808594,140.05816650390625,0.2999725341796875
ns_dog_69,resnet50_tl_20250829,8,4,176,16,180.0,20.0,140.35813903808594,140.09010314941406,0.268035888671875
ns_dog_69,resnet50_tl_20250829,8,4,176,20,180.0,24.0,140.35813903808594,140.12034606933594,0.23779296875
ns_dog_69,resnet50_tl_20250829,8,4,176,24,180.0,28.0,140.35813903808594,140.18148803710938,0.1766510009765625
ns_dog_69,resnet50_tl_20250829,8,4,176,28,180.0,32.0,140.35813903808594,139.75894165039062,0.5991973876953125
ns_dog_69,resnet50_tl_20250829,8,4,176,32,180.0,36.0,140.35813903808594,139.84234619140625,0.5157928466796875
ns_dog_69,resnet50_tl_20250829,8,4,176,36,180.0,40.0,140.35813903808594,140.0192108154297,0.33892822265625
ns_dog_69,resnet50_tl_20250829,8,4,176,40,180.0,44.0,140.35813903808594,140.22296142578125,0.1351776123046875
ns_dog_69,resnet50_tl_20250829,8,4,176,44,180.0,48.0,140.35813903808594,139.9246063232422,0.43353271484375
ns_dog_69,resnet50_tl_20250829,8,4,176,48,180.0,52.0,140.35813903808594,139.8518829345703,0.506256103515625
ns_dog_69,resnet50_tl_20250829,8,4,176,52,180.0,56.0,140.35813903808594,139.75033569335938,0.6078033447265625
ns_dog_69,resnet50_tl_20250829,8,4,176,56,180.0,60.0,140.35813903808594,139.82701110839844,0.5311279296875
ns_dog_69,resnet50_tl_20250829,8,4,176,60,180.0,64.0,140.35813903808594,140.09584045410156,0.262298583984375
ns_dog_69,resnet50_tl_20250829,8,4,176,64,180.0,68.0,140.35813903808594,140.02383422851562,0.3343048095703125
ns_dog_69,resnet50_tl_20250829,8,4,176,68,180.0,72.0,140.35813903808594,140.1153564453125,0.2427825927734375
ns_dog_69,resnet50_tl_20250829,8,4,176,72,180.0,76.0,140.35813903808594,140.19125366210938,0.1668853759765625
ns_dog_69,resnet50_tl_20250829,8,4,176,76,180.0,80.0,140.35813903808594,140.09078979492188,0.2673492431640625
ns_dog_69,resnet50_tl_20250829,8,4,176,80,180.0,84.0,140.35813903808594,139.94273376464844,0.4154052734375
ns_dog_69,resnet50_tl_20250829,8,4,176,84,180.0,88.0,140.35813903808594,139.8642120361328,0.493927001953125
ns_dog_69,resnet50_tl_20250829,8,4,176,88,180.0,92.0,140.35813903808594,139.84002685546875,0.5181121826171875
ns_dog_69,resnet50_tl_20250829,8,4,176,92,180.0,96.0,140.35813903808594,139.562744140625,0.7953948974609375
ns_dog_69,resnet50_tl_20250829,8,4,176,96,180.0,100.0,140.35813903808594,139.5369415283203,0.821197509765625
ns_dog_69,resnet50_tl_20250829,8,4,176,100,180.0,104.0,140.35813903808594,139.85980224609375,0.4983367919921875
ns_dog_69,resnet50_tl_20250829,8,4,176,104,180.0,108.0,140.35813903808594,139.90489196777344,0.4532470703125
ns_dog_69,resnet50_tl_20250829,8,4,176,108,180.0,112.0,140.35813903808594,139.66294860839844,0.6951904296875
ns_dog_69,resnet50_tl_20250829,8,4,176,112,180.0,116.0,140.35813903808594,139.62110900878906,0.737030029296875
ns_dog_69,resnet50_tl_20250829,8,4,176,116,180.0,120.0,140.35813903808594,139.78939819335938,0.5687408447265625
ns_dog_69,resnet50_tl_20250829,8,4,176,120,180.0,124.0,140.35813903808594,140.00010681152344,0.3580322265625
ns_dog_69,resnet50_tl_20250829,8,4,176,124,180.0,128.0,140.35813903808594,139.65443420410156,0.703704833984375
ns_dog_69,resnet50_tl_20250829,8,4,176,128,180.0,132.0,140.35813903808594,139.78811645507812,0.5700225830078125
ns_dog_69,resnet50_tl_20250829,8,4,176,132,180.0,136.0,140.35813903808594,139.9473114013672,0.41082763671875
ns_dog_69,resnet50_tl_20250829,8,4,176,136,180.0,140.0,140.35813903808594,140.0973358154297,0.26080322265625
ns_dog_69,resnet50_tl_20250829,8,4,176,140,180.0,144.0,140.35813903808594,139.87313842773438,0.4850006103515625
ns_dog_69,resnet50_tl_20250829,8,4,176,144,180.0,148.0,140.35813903808594,139.96937561035156,0.388763427734375
ns_dog_69,resnet50_tl_20250829,8,4,176,148,180.0,152.0,140.35813903808594,140.07777404785156,0.280364990234375
ns_dog_69,resnet50_tl_20250829,8,4,176,152,180.0,156.0,140.35813903808594,140.1653594970703,0.192779541015625
ns_dog_69,resnet50_tl_20250829,8,4,176,156,180.0,160.0,140.35813903808594,140.07846069335938,0.2796783447265625
ns_dog_69,resnet50_tl_20250829,8,4,176,160,180.0,164.0,140.35813903808594,140.08946228027344,0.2686767578125
ns_dog_69,resnet50_tl_20250829,8,4,176,164,180.0,168.0,140.35813903808594,140.09950256347656,0.258636474609375
ns_dog_69,resnet50_tl_20250829,8,4,176,168,180.0,172.0,140.35813903808594,140.21331787109375,0.1448211669921875
ns_dog_69,resnet50_tl_20250829,8,4,176,172,180.0,176.0,140.35813903808594,140.01824951171875,0.3398895263671875
ns_dog_69,resnet50_tl_20250829,8,4,176,176,180.0,180.0,140.35813903808594,139.94476318359375,0.4133758544921875
ns_dog_69,resnet50_tl_20250829,8,4,176,180,180.0,184.0,140.35813903808594,139.95791625976562,0.4002227783203125
ns_dog_69,resnet50_tl_20250829,8,4,176,184,180.0,188.0,140.35813903808594,140.08375549316406,0.274383544921875
ns_dog_69,resnet50_tl_20250829,8,4,176,188,180.0,192.0,140.35813903808594,140.0814666748047,0.27667236328125
ns_dog_69,resnet50_tl_20250829,8,4,176,192,180.0,196.0,140.35813903808594,140.16351318359375,0.1946258544921875
ns_dog_69,resnet50_tl_20250829,8,4,176,196,180.0,200.0,140.35813903808594,140.1902618408203,0.167877197265625
ns_dog_69,resnet50_tl_20250829,8,4,176,200,180.0,204.0,140.35813903808594,140.21250915527344,0.1456298828125
ns_dog_69,resnet50_tl_20250829,8,4,176,204,180.0,208.0,140.35813903808594,140.210205078125,0.1479339599609375
ns_dog_69,resnet50_tl_20250829,8,4,176,208,180.0,212.0,140.35813903808594,140.23959350585938,0.1185455322265625
ns_dog_69,resnet50_tl_20250829,8,4,176,212,180.0,216.0,140.35813903808594,140.342529296875,0.0156097412109375
ns_dog_69,resnet50_tl_20250829,8,4,176,216,180.0,220.0,140.35813903808594,140.3806915283203,-0.022552490234375
ns_dog_69,resnet50_tl_20250829,8,4,180,0,184.0,4.0,140.35813903808594,140.19076538085938,0.1673736572265625
ns_dog_69,resnet50_tl_20250829,8,4,180,4,184.0,8.0,140.35813903808594,140.21109008789062,0.1470489501953125
ns_dog_69,resnet50_tl_20250829,8,4,180,8,184.0,12.0,140.35813903808594,140.34393310546875,0.0142059326171875
ns_dog_69,resnet50_tl_20250829,8,4,180,12,184.0,16.0,140.35813903808594,140.302734375,0.0554046630859375
ns_dog_69,resnet50_tl_20250829,8,4,180,16,184.0,20.0,140.35813903808594,140.33270263671875,0.0254364013671875
ns_dog_69,resnet50_tl_20250829,8,4,180,20,184.0,24.0,140.35813903808594,140.23033142089844,0.1278076171875
ns_dog_69,resnet50_tl_20250829,8,4,180,24,184.0,28.0,140.35813903808594,140.2349090576172,0.12322998046875
ns_dog_69,resnet50_tl_20250829,8,4,180,28,184.0,32.0,140.35813903808594,140.15113830566406,0.207000732421875
ns_dog_69,resnet50_tl_20250829,8,4,180,32,184.0,36.0,140.35813903808594,140.24868774414062,0.1094512939453125
ns_dog_69,resnet50_tl_20250829,8,4,180,36,184.0,40.0,140.35813903808594,140.21530151367188,0.1428375244140625
ns_dog_69,resnet50_tl_20250829,8,4,180,40,184.0,44.0,140.35813903808594,140.25010681152344,0.1080322265625
ns_dog_69,resnet50_tl_20250829,8,4,180,44,184.0,48.0,140.35813903808594,140.1578826904297,0.20025634765625
ns_dog_69,resnet50_tl_20250829,8,4,180,48,184.0,52.0,140.35813903808594,140.16539001464844,0.1927490234375
ns_dog_69,resnet50_tl_20250829,8,4,180,52,184.0,56.0,140.35813903808594,139.83056640625,0.5275726318359375
ns_dog_69,resnet50_tl_20250829,8,4,180,56,184.0,60.0,140.35813903808594,139.8905487060547,0.46759033203125
ns_dog_69,resnet50_tl_20250829,8,4,180,60,184.0,64.0,140.35813903808594,140.0323028564453,0.325836181640625
ns_dog_69,resnet50_tl_20250829,8,4,180,64,184.0,68.0,140.35813903808594,140.00022888183594,0.35791015625
ns_dog_69,resnet50_tl_20250829,8,4,180,68,184.0,72.0,140.35813903808594,140.0859832763672,0.27215576171875
ns_dog_69,resnet50_tl_20250829,8,4,180,72,184.0,76.0,140.35813903808594,140.11172485351562,0.2464141845703125
ns_dog_69,resnet50_tl_20250829,8,4,180,76,184.0,80.0,140.35813903808594,139.99354553222656,0.364593505859375
ns_dog_69,resnet50_tl_20250829,8,4,180,80,184.0,84.0,140.35813903808594,139.8046875,0.5534515380859375
ns_dog_69,resnet50_tl_20250829,8,4,180,84,184.0,88.0,140.35813903808594,139.84828186035156,0.509857177734375
ns_dog_69,resnet50_tl_20250829,8,4,180,88,184.0,92.0,140.35813903808594,139.9342498779297,0.42388916015625
ns_dog_69,resnet50_tl_20250829,8,4,180,92,184.0,96.0,140.35813903808594,139.98666381835938,0.3714752197265625
ns_dog_69,resnet50_tl_20250829,8,4,180,96,184.0,100.0,140.35813903808594,139.92274475097656,0.435394287109375
ns_dog_69,resnet50_tl_20250829,8,4,180,100,184.0,104.0,140.35813903808594,140.05828857421875,0.2998504638671875
ns_dog_69,resnet50_tl_20250829,8,4,180,104,184.0,108.0,140.35813903808594,140.0076446533203,0.350494384765625
ns_dog_69,resnet50_tl_20250829,8,4,180,108,184.0,112.0,140.35813903808594,140.1118927001953,0.246246337890625
ns_dog_69,resnet50_tl_20250829,8,4,180,112,184.0,116.0,140.35813903808594,140.05902099609375,0.2991180419921875
ns_dog_69,resnet50_tl_20250829,8,4,180,116,184.0,120.0,140.35813903808594,140.05975341796875,0.2983856201171875
ns_dog_69,resnet50_tl_20250829,8,4,180,120,184.0,124.0,140.35813903808594,140.0848846435547,0.27325439453125
ns_dog_69,resnet50_tl_20250829,8,4,180,124,184.0,128.0,140.35813903808594,140.10943603515625,0.2487030029296875
ns_dog_69,resnet50_tl_20250829,8,4,180,128,184.0,132.0,140.35813903808594,140.20033264160156,0.157806396484375
ns_dog_69,resnet50_tl_20250829,8,4,180,132,184.0,136.0,140.35813903808594,140.19931030273438,0.1588287353515625
ns_dog_69,resnet50_tl_20250829,8,4,180,136,184.0,140.0,140.35813903808594,140.17930603027344,0.1788330078125
ns_dog_69,resnet50_tl_20250829,8,4,180,140,184.0,144.0,140.35813903808594,140.1940460205078,0.164093017578125
ns_dog_69,resnet50_tl_20250829,8,4,180,144,184.0,148.0,140.35813903808594,140.30870056152344,0.0494384765625
ns_dog_69,resnet50_tl_20250829,8,4,180,148,184.0,152.0,140.35813903808594,140.3369140625,0.0212249755859375
ns_dog_69,resnet50_tl_20250829,8,4,180,152,184.0,156.0,140.35813903808594,140.3135223388672,0.04461669921875
ns_dog_69,resnet50_tl_20250829,8,4,180,156,184.0,160.0,140.35813903808594,140.2714080810547,0.08673095703125
ns_dog_69,resnet50_tl_20250829,8,4,180,160,184.0,164.0,140.35813903808594,140.32679748535156,0.031341552734375
ns_dog_69,resnet50_tl_20250829,8,4,180,164,184.0,168.0,140.35813903808594,140.2830810546875,0.0750579833984375
ns_dog_69,resnet50_tl_20250829,8,4,180,168,184.0,172.0,140.35813903808594,140.09950256347656,0.258636474609375
ns_dog_69,resnet50_tl_20250829,8,4,180,172,184.0,176.0,140.35813903808594,140.15284729003906,0.205291748046875
ns_dog_69,resnet50_tl_20250829,8,4,180,176,184.0,180.0,140.35813903808594,140.0026397705078,0.355499267578125
ns_dog_69,resnet50_tl_20250829,8,4,180,180,184.0,184.0,140.35813903808594,139.98435974121094,0.373779296875
ns_dog_69,resnet50_tl_20250829,8,4,180,184,184.0,188.0,140.35813903808594,140.0264129638672,0.33172607421875
ns_dog_69,resnet50_tl_20250829,8,4,180,188,184.0,192.0,140.35813903808594,140.17916870117188,0.1789703369140625
ns_dog_69,resnet50_tl_20250829,8,4,180,192,184.0,196.0,140.35813903808594,140.17953491210938,0.1786041259765625
ns_dog_69,resnet50_tl_20250829,8,4,180,196,184.0,200.0,140.35813903808594,140.15304565429688,0.2050933837890625
ns_dog_69,resnet50_tl_20250829,8,4,180,200,184.0,204.0,140.35813903808594,140.16134643554688,0.1967926025390625
ns_dog_69,resnet50_tl_20250829,8,4,180,204,184.0,208.0,140.35813903808594,140.23013305664062,0.1280059814453125
ns_dog_69,resnet50_tl_20250829,8,4,180,208,184.0,212.0,140.35813903808594,140.22314453125,0.1349945068359375
ns_dog_69,resnet50_tl_20250829,8,4,180,212,184.0,216.0,140.35813903808594,140.32760620117188,0.0305328369140625
ns_dog_69,resnet50_tl_20250829,8,4,180,216,184.0,220.0,140.35813903808594,140.33724975585938,0.0208892822265625
ns_dog_69,resnet50_tl_20250829,8,4,184,0,188.0,4.0,140.35813903808594,140.17547607421875,0.1826629638671875
ns_dog_69,resnet50_tl_20250829,8,4,184,4,188.0,8.0,140.35813903808594,140.18759155273438,0.1705474853515625
ns_dog_69,resnet50_tl_20250829,8,4,184,8,188.0,12.0,140.35813903808594,140.3238983154297,0.03424072265625
ns_dog_69,resnet50_tl_20250829,8,4,184,12,188.0,16.0,140.35813903808594,140.24179077148438,0.1163482666015625
ns_dog_69,resnet50_tl_20250829,8,4,184,16,188.0,20.0,140.35813903808594,140.2805938720703,0.077545166015625
ns_dog_69,resnet50_tl_20250829,8,4,184,20,188.0,24.0,140.35813903808594,140.17393493652344,0.1842041015625
ns_dog_69,resnet50_tl_20250829,8,4,184,24,188.0,28.0,140.35813903808594,140.1943817138672,0.16375732421875
ns_dog_69,resnet50_tl_20250829,8,4,184,28,188.0,32.0,140.35813903808594,140.09913635253906,0.259002685546875
ns_dog_69,resnet50_tl_20250829,8,4,184,32,188.0,36.0,140.35813903808594,140.22401428222656,0.134124755859375
ns_dog_69,resnet50_tl_20250829,8,4,184,36,188.0,40.0,140.35813903808594,140.14389038085938,0.2142486572265625
ns_dog_69,resnet50_tl_20250829,8,4,184,40,188.0,44.0,140.35813903808594,140.22854614257812,0.1295928955078125
ns_dog_69,resnet50_tl_20250829,8,4,184,44,188.0,48.0,140.35813903808594,140.21728515625,0.1408538818359375
ns_dog_69,resnet50_tl_20250829,8,4,184,48,188.0,52.0,140.35813903808594,140.02783203125,0.3303070068359375
ns_dog_69,resnet50_tl_20250829,8,4,184,52,188.0,56.0,140.35813903808594,139.78895568847656,0.569183349609375
ns_dog_69,resnet50_tl_20250829,8,4,184,56,188.0,60.0,140.35813903808594,139.90206909179688,0.4560699462890625
ns_dog_69,resnet50_tl_20250829,8,4,184,60,188.0,64.0,140.35813903808594,140.06410217285156,0.294036865234375
ns_dog_69,resnet50_tl_20250829,8,4,184,64,188.0,68.0,140.35813903808594,140.0392303466797,0.31890869140625
ns_dog_69,resnet50_tl_20250829,8,4,184,68,188.0,72.0,140.35813903808594,140.0828857421875,0.2752532958984375
ns_dog_69,resnet50_tl_20250829,8,4,184,72,188.0,76.0,140.35813903808594,140.1316680908203,0.226470947265625
ns_dog_69,resnet50_tl_20250829,8,4,184,76,188.0,80.0,140.35813903808594,140.03701782226562,0.3211212158203125
ns_dog_69,resnet50_tl_20250829,8,4,184,80,188.0,84.0,140.35813903808594,139.97579956054688,0.3823394775390625
ns_dog_69,resnet50_tl_20250829,8,4,184,84,188.0,88.0,140.35813903808594,139.91998291015625,0.4381561279296875
ns_dog_69,resnet50_tl_20250829,8,4,184,88,188.0,92.0,140.35813903808594,140.013427734375,0.3447113037109375
ns_dog_69,resnet50_tl_20250829,8,4,184,92,188.0,96.0,140.35813903808594,139.90269470214844,0.4554443359375
ns_dog_69,resnet50_tl_20250829,8,4,184,96,188.0,100.0,140.35813903808594,139.85289001464844,0.5052490234375
ns_dog_69,resnet50_tl_20250829,8,4,184,100,188.0,104.0,140.35813903808594,139.86740112304688,0.4907379150390625
ns_dog_69,resnet50_tl_20250829,8,4,184,104,188.0,108.0,140.35813903808594,139.93954467773438,0.4185943603515625
ns_dog_69,resnet50_tl_20250829,8,4,184,108,188.0,112.0,140.35813903808594,139.9206085205078,0.437530517578125
ns_dog_69,resnet50_tl_20250829,8,4,184,112,188.0,116.0,140.35813903808594,139.9065704345703,0.451568603515625
ns_dog_69,resnet50_tl_20250829,8,4,184,116,188.0,120.0,140.35813903808594,139.93260192871094,0.425537109375
ns_dog_69,resnet50_tl_20250829,8,4,184,120,188.0,124.0,140.35813903808594,140.018310546875,0.3398284912109375
ns_dog_69,resnet50_tl_20250829,8,4,184,124,188.0,128.0,140.35813903808594,139.92115783691406,0.436981201171875
ns_dog_69,resnet50_tl_20250829,8,4,184,128,188.0,132.0,140.35813903808594,140.0257110595703,0.332427978515625
ns_dog_69,resnet50_tl_20250829,8,4,184,132,188.0,136.0,140.35813903808594,140.0172576904297,0.34088134765625
ns_dog_69,resnet50_tl_20250829,8,4,184,136,188.0,140.0,140.35813903808594,140.1355438232422,0.22259521484375
ns_dog_69,resnet50_tl_20250829,8,4,184,140,188.0,144.0,140.35813903808594,140.01475524902344,0.3433837890625
ns_dog_69,resnet50_tl_20250829,8,4,184,144,188.0,148.0,140.35813903808594,140.1114959716797,0.24664306640625
ns_dog_69,resnet50_tl_20250829,8,4,184,148,188.0,152.0,140.35813903808594,140.11453247070312,0.2436065673828125
ns_dog_69,resnet50_tl_20250829,8,4,184,152,188.0,156.0,140.35813903808594,140.3027801513672,0.05535888671875
ns_dog_69,resnet50_tl_20250829,8,4,184,156,188.0,160.0,140.35813903808594,140.24525451660156,0.112884521484375
ns_dog_69,resnet50_tl_20250829,8,4,184,160,188.0,164.0,140.35813903808594,140.3084259033203,0.049713134765625
ns_dog_69,resnet50_tl_20250829,8,4,184,164,188.0,168.0,140.35813903808594,140.19102478027344,0.1671142578125
ns_dog_69,resnet50_tl_20250829,8,4,184,168,188.0,172.0,140.35813903808594,140.25596618652344,0.1021728515625
ns_dog_69,resnet50_tl_20250829,8,4,184,172,188.0,176.0,140.35813903808594,140.21463012695312,0.1435089111328125
ns_dog_69,resnet50_tl_20250829,8,4,184,176,188.0,180.0,140.35813903808594,140.2440643310547,0.11407470703125
ns_dog_69,resnet50_tl_20250829,8,4,184,180,188.0,184.0,140.35813903808594,140.16427612304688,0.1938629150390625
ns_dog_69,resnet50_tl_20250829,8,4,184,184,188.0,188.0,140.35813903808594,140.10464477539062,0.2534942626953125
ns_dog_69,resnet50_tl_20250829,8,4,184,188,188.0,192.0,140.35813903808594,140.179443359375,0.1786956787109375
ns_dog_69,resnet50_tl_20250829,8,4,184,192,188.0,196.0,140.35813903808594,140.2091522216797,0.14898681640625
ns_dog_69,resnet50_tl_20250829,8,4,184,196,188.0,200.0,140.35813903808594,140.16128540039062,0.1968536376953125
ns_dog_69,resnet50_tl_20250829,8,4,184,200,188.0,204.0,140.35813903808594,140.1868438720703,0.171295166015625
ns_dog_69,resnet50_tl_20250829,8,4,184,204,188.0,208.0,140.35813903808594,140.2281951904297,0.12994384765625
ns_dog_69,resnet50_tl_20250829,8,4,184,208,188.0,212.0,140.35813903808594,140.2564239501953,0.101715087890625
ns_dog_69,resnet50_tl_20250829,8,4,184,212,188.0,216.0,140.35813903808594,140.30825805664062,0.0498809814453125
ns_dog_69,resnet50_tl_20250829,8,4,184,216,188.0,220.0,140.35813903808594,140.31243896484375,0.0457000732421875
ns_dog_69,resnet50_tl_20250829,8,4,188,0,192.0,4.0,140.35813903808594,140.0418243408203,0.316314697265625
ns_dog_69,resnet50_tl_20250829,8,4,188,4,192.0,8.0,140.35813903808594,140.20095825195312,0.1571807861328125
ns_dog_69,resnet50_tl_20250829,8,4,188,8,192.0,12.0,140.35813903808594,140.3220672607422,0.03607177734375
ns_dog_69,resnet50_tl_20250829,8,4,188,12,192.0,16.0,140.35813903808594,140.1209259033203,0.237213134765625
ns_dog_69,resnet50_tl_20250829,8,4,188,16,192.0,20.0,140.35813903808594,140.1492156982422,0.20892333984375
ns_dog_69,resnet50_tl_20250829,8,4,188,20,192.0,24.0,140.35813903808594,140.17611694335938,0.1820220947265625
ns_dog_69,resnet50_tl_20250829,8,4,188,24,192.0,28.0,140.35813903808594,140.25535583496094,0.102783203125
ns_dog_69,resnet50_tl_20250829,8,4,188,28,192.0,32.0,140.35813903808594,139.8914031982422,0.46673583984375
ns_dog_69,resnet50_tl_20250829,8,4,188,32,192.0,36.0,140.35813903808594,140.02281188964844,0.3353271484375
ns_dog_69,resnet50_tl_20250829,8,4,188,36,192.0,40.0,140.35813903808594,140.15110778808594,0.20703125
ns_dog_69,resnet50_tl_20250829,8,4,188,40,192.0,44.0,140.35813903808594,140.25576782226562,0.1023712158203125
ns_dog_69,resnet50_tl_20250829,8,4,188,44,192.0,48.0,140.35813903808594,140.17135620117188,0.1867828369140625
ns_dog_69,resnet50_tl_20250829,8,4,188,48,192.0,52.0,140.35813903808594,140.02232360839844,0.3358154296875
ns_dog_69,resnet50_tl_20250829,8,4,188,52,192.0,56.0,140.35813903808594,139.80364990234375,0.5544891357421875
ns_dog_69,resnet50_tl_20250829,8,4,188,56,192.0,60.0,140.35813903808594,140.00775146484375,0.3503875732421875
ns_dog_69,resnet50_tl_20250829,8,4,188,60,192.0,64.0,140.35813903808594,140.0808563232422,0.27728271484375
ns_dog_69,resnet50_tl_20250829,8,4,188,64,192.0,68.0,140.35813903808594,140.06124877929688,0.2968902587890625
ns_dog_69,resnet50_tl_20250829,8,4,188,68,192.0,72.0,140.35813903808594,140.20828247070312,0.1498565673828125
ns_dog_69,resnet50_tl_20250829,8,4,188,72,192.0,76.0,140.35813903808594,140.1142120361328,0.243927001953125
ns_dog_69,resnet50_tl_20250829,8,4,188,76,192.0,80.0,140.35813903808594,139.8746337890625,0.4835052490234375
ns_dog_69,resnet50_tl_20250829,8,4,188,80,192.0,84.0,140.35813903808594,139.84059143066406,0.517547607421875
ns_dog_69,resnet50_tl_20250829,8,4,188,84,192.0,88.0,140.35813903808594,139.9684295654297,0.38970947265625
ns_dog_69,resnet50_tl_20250829,8,4,188,88,192.0,92.0,140.35813903808594,140.0159912109375,0.3421478271484375
ns_dog_69,resnet50_tl_20250829,8,4,188,92,192.0,96.0,140.35813903808594,139.9415283203125,0.4166107177734375
ns_dog_69,resnet50_tl_20250829,8,4,188,96,192.0,100.0,140.35813903808594,139.83169555664062,0.5264434814453125
ns_dog_69,resnet50_tl_20250829,8,4,188,100,192.0,104.0,140.35813903808594,139.98574829101562,0.3723907470703125
ns_dog_69,resnet50_tl_20250829,8,4,188,104,192.0,108.0,140.35813903808594,139.9638671875,0.3942718505859375
ns_dog_69,resnet50_tl_20250829,8,4,188,108,192.0,112.0,140.35813903808594,139.6768798828125,0.6812591552734375
ns_dog_69,resnet50_tl_20250829,8,4,188,112,192.0,116.0,140.35813903808594,139.73153686523438,0.6266021728515625
ns_dog_69,resnet50_tl_20250829,8,4,188,116,192.0,120.0,140.35813903808594,139.96226501464844,0.3958740234375
ns_dog_69,resnet50_tl_20250829,8,4,188,120,192.0,124.0,140.35813903808594,140.13194274902344,0.2261962890625
ns_dog_69,resnet50_tl_20250829,8,4,188,124,192.0,128.0,140.35813903808594,139.6740264892578,0.684112548828125
ns_dog_69,resnet50_tl_20250829,8,4,188,128,192.0,132.0,140.35813903808594,139.7898712158203,0.568267822265625
ns_dog_69,resnet50_tl_20250829,8,4,188,132,192.0,136.0,140.35813903808594,140.04647827148438,0.3116607666015625
ns_dog_69,resnet50_tl_20250829,8,4,188,136,192.0,140.0,140.35813903808594,140.2089385986328,0.149200439453125
ns_dog_69,resnet50_tl_20250829,8,4,188,140,192.0,144.0,140.35813903808594,139.81813049316406,0.540008544921875
ns_dog_69,resnet50_tl_20250829,8,4,188,144,192.0,148.0,140.35813903808594,139.9127655029297,0.44537353515625
ns_dog_69,resnet50_tl_20250829,8,4,188,148,192.0,152.0,140.35813903808594,140.101806640625,0.2563323974609375
ns_dog_69,resnet50_tl_20250829,8,4,188,152,192.0,156.0,140.35813903808594,140.3250274658203,0.033111572265625
ns_dog_69,resnet50_tl_20250829,8,4,188,156,192.0,160.0,140.35813903808594,140.12684631347656,0.231292724609375
ns_dog_69,resnet50_tl_20250829,8,4,188,160,192.0,164.0,140.35813903808594,140.1833038330078,0.174835205078125
ns_dog_69,resnet50_tl_20250829,8,4,188,164,192.0,168.0,140.35813903808594,140.23809814453125,0.1200408935546875
ns_dog_69,resnet50_tl_20250829,8,4,188,168,192.0,172.0,140.35813903808594,140.33810424804688,0.0200347900390625
ns_dog_69,resnet50_tl_20250829,8,4,188,172,192.0,176.0,140.35813903808594,140.27554321289062,0.0825958251953125
ns_dog_69,resnet50_tl_20250829,8,4,188,176,192.0,180.0,140.35813903808594,140.2559051513672,0.10223388671875
ns_dog_69,resnet50_tl_20250829,8,4,188,180,192.0,184.0,140.35813903808594,140.23214721679688,0.1259918212890625
ns_dog_69,resnet50_tl_20250829,8,4,188,184,192.0,188.0,140.35813903808594,140.13858032226562,0.2195587158203125
ns_dog_69,resnet50_tl_20250829,8,4,188,188,192.0,192.0,140.35813903808594,140.0988006591797,0.25933837890625
ns_dog_69,resnet50_tl_20250829,8,4,188,192,192.0,196.0,140.35813903808594,140.12254333496094,0.235595703125
ns_dog_69,resnet50_tl_20250829,8,4,188,196,192.0,200.0,140.35813903808594,140.18519592285156,0.172943115234375
ns_dog_69,resnet50_tl_20250829,8,4,188,200,192.0,204.0,140.35813903808594,140.1933135986328,0.164825439453125
ns_dog_69,resnet50_tl_20250829,8,4,188,204,192.0,208.0,140.35813903808594,140.19334411621094,0.164794921875
ns_dog_69,resnet50_tl_20250829,8,4,188,208,192.0,212.0,140.35813903808594,140.19644165039062,0.1616973876953125
ns_dog_69,resnet50_tl_20250829,8,4,188,212,192.0,216.0,140.35813903808594,140.29542541503906,0.062713623046875
ns_dog_69,resnet50_tl_20250829,8,4,188,216,192.0,220.0,140.35813903808594,140.2997589111328,0.058380126953125
ns_dog_69,resnet50_tl_20250829,8,4,192,0,196.0,4.0,140.35813903808594,140.130615234375,0.2275238037109375
ns_dog_69,resnet50_tl_20250829,8,4,192,4,196.0,8.0,140.35813903808594,140.21661376953125,0.1415252685546875
ns_dog_69,resnet50_tl_20250829,8,4,192,8,196.0,12.0,140.35813903808594,140.32171630859375,0.0364227294921875
ns_dog_69,resnet50_tl_20250829,8,4,192,12,196.0,16.0,140.35813903808594,140.15586853027344,0.2022705078125
ns_dog_69,resnet50_tl_20250829,8,4,192,16,196.0,20.0,140.35813903808594,140.2105712890625,0.1475677490234375
ns_dog_69,resnet50_tl_20250829,8,4,192,20,196.0,24.0,140.35813903808594,140.20875549316406,0.149383544921875
ns_dog_69,resnet50_tl_20250829,8,4,192,24,196.0,28.0,140.35813903808594,140.2807159423828,0.077423095703125
ns_dog_69,resnet50_tl_20250829,8,4,192,28,196.0,32.0,140.35813903808594,140.01405334472656,0.344085693359375
ns_dog_69,resnet50_tl_20250829,8,4,192,32,196.0,36.0,140.35813903808594,140.08053588867188,0.2776031494140625
ns_dog_69,resnet50_tl_20250829,8,4,192,36,196.0,40.0,140.35813903808594,140.20419311523438,0.1539459228515625
ns_dog_69,resnet50_tl_20250829,8,4,192,40,196.0,44.0,140.35813903808594,140.30789184570312,0.0502471923828125
ns_dog_69,resnet50_tl_20250829,8,4,192,44,196.0,48.0,140.35813903808594,140.1793212890625,0.1788177490234375
ns_dog_69,resnet50_tl_20250829,8,4,192,48,196.0,52.0,140.35813903808594,140.00485229492188,0.3532867431640625
ns_dog_69,resnet50_tl_20250829,8,4,192,52,196.0,56.0,140.35813903808594,139.86424255371094,0.493896484375
ns_dog_69,resnet50_tl_20250829,8,4,192,56,196.0,60.0,140.35813903808594,140.072509765625,0.2856292724609375
ns_dog_69,resnet50_tl_20250829,8,4,192,60,196.0,64.0,140.35813903808594,140.16038513183594,0.19775390625
ns_dog_69,resnet50_tl_20250829,8,4,192,64,196.0,68.0,140.35813903808594,140.1121826171875,0.2459564208984375
ns_dog_69,resnet50_tl_20250829,8,4,192,68,196.0,72.0,140.35813903808594,140.21031188964844,0.1478271484375
ns_dog_69,resnet50_tl_20250829,8,4,192,72,196.0,76.0,140.35813903808594,140.19302368164062,0.1651153564453125
ns_dog_69,resnet50_tl_20250829,8,4,192,76,196.0,80.0,140.35813903808594,139.92971801757812,0.4284210205078125
ns_dog_69,resnet50_tl_20250829,8,4,192,80,196.0,84.0,140.35813903808594,139.88316345214844,0.4749755859375
ns_dog_69,resnet50_tl_20250829,8,4,192,84,196.0,88.0,140.35813903808594,140.02146911621094,0.336669921875
ns_dog_69,resnet50_tl_20250829,8,4,192,88,196.0,92.0,140.35813903808594,140.1036834716797,0.25445556640625
ns_dog_69,resnet50_tl_20250829,8,4,192,92,196.0,96.0,140.35813903808594,139.99191284179688,0.3662261962890625
ns_dog_69,resnet50_tl_20250829,8,4,192,96,196.0,100.0,140.35813903808594,139.9317626953125,0.4263763427734375
ns_dog_69,resnet50_tl_20250829,8,4,192,100,196.0,104.0,140.35813903808594,140.0577850341797,0.30035400390625
ns_dog_69,resnet50_tl_20250829,8,4,192,104,196.0,108.0,140.35813903808594,140.0496063232422,0.30853271484375
ns_dog_69,resnet50_tl_20250829,8,4,192,108,196.0,112.0,140.35813903808594,139.7928924560547,0.56524658203125
ns_dog_69,resnet50_tl_20250829,8,4,192,112,196.0,116.0,140.35813903808594,139.86505126953125,0.4930877685546875
ns_dog_69,resnet50_tl_20250829,8,4,192,116,196.0,120.0,140.35813903808594,140.01759338378906,0.340545654296875
ns_dog_69,resnet50_tl_20250829,8,4,192,120,196.0,124.0,140.35813903808594,140.1700439453125,0.1880950927734375
ns_dog_69,resnet50_tl_20250829,8,4,192,124,196.0,128.0,140.35813903808594,139.7842559814453,0.573883056640625
ns_dog_69,resnet50_tl_20250829,8,4,192,128,196.0,132.0,140.35813903808594,139.9203338623047,0.43780517578125
ns_dog_69,resnet50_tl_20250829,8,4,192,132,196.0,136.0,140.35813903808594,140.11203002929688,0.2461090087890625
ns_dog_69,resnet50_tl_20250829,8,4,192,136,196.0,140.0,140.35813903808594,140.22918701171875,0.1289520263671875
ns_dog_69,resnet50_tl_20250829,8,4,192,140,196.0,144.0,140.35813903808594,139.9110565185547,0.44708251953125
ns_dog_69,resnet50_tl_20250829,8,4,192,144,196.0,148.0,140.35813903808594,140.0001678466797,0.35797119140625
ns_dog_69,resnet50_tl_20250829,8,4,192,148,196.0,152.0,140.35813903808594,140.13343811035156,0.224700927734375
ns_dog_69,resnet50_tl_20250829,8,4,192,152,196.0,156.0,140.35813903808594,140.30059814453125,0.0575408935546875
ns_dog_69,resnet50_tl_20250829,8,4,192,156,196.0,160.0,140.35813903808594,140.17529296875,0.1828460693359375
ns_dog_69,resnet50_tl_20250829,8,4,192,160,196.0,164.0,140.35813903808594,140.23013305664062,0.1280059814453125
ns_dog_69,resnet50_tl_20250829,8,4,192,164,196.0,168.0,140.35813903808594,140.30233764648438,0.0558013916015625
ns_dog_69,resnet50_tl_20250829,8,4,192,168,196.0,172.0,140.35813903808594,140.30198669433594,0.05615234375
ns_dog_69,resnet50_tl_20250829,8,4,192,172,196.0,176.0,140.35813903808594,140.31529235839844,0.0428466796875
ns_dog_69,resnet50_tl_20250829,8,4,192,176,196.0,180.0,140.35813903808594,140.2740936279297,0.08404541015625
ns_dog_69,resnet50_tl_20250829,8,4,192,180,196.0,184.0,140.35813903808594,140.2070770263672,0.15106201171875
ns_dog_69,resnet50_tl_20250829,8,4,192,184,196.0,188.0,140.35813903808594,140.11085510253906,0.247283935546875
ns_dog_69,resnet50_tl_20250829,8,4,192,188,196.0,192.0,140.35813903808594,140.0768280029297,0.28131103515625
ns_dog_69,resnet50_tl_20250829,8,4,192,192,196.0,196.0,140.35813903808594,140.13674926757812,0.2213897705078125
ns_dog_69,resnet50_tl_20250829,8,4,192,196,196.0,200.0,140.35813903808594,140.21044921875,0.1476898193359375
ns_dog_69,resnet50_tl_20250829,8,4,192,200,196.0,204.0,140.35813903808594,140.24351501464844,0.1146240234375
ns_dog_69,resnet50_tl_20250829,8,4,192,204,196.0,208.0,140.35813903808594,140.2012481689453,0.156890869140625
ns_dog_69,resnet50_tl_20250829,8,4,192,208,196.0,212.0,140.35813903808594,140.2270050048828,0.131134033203125
ns_dog_69,resnet50_tl_20250829,8,4,192,212,196.0,216.0,140.35813903808594,140.29959106445312,0.0585479736328125
ns_dog_69,resnet50_tl_20250829,8,4,192,216,196.0,220.0,140.35813903808594,140.29603576660156,0.062103271484375
ns_dog_69,resnet50_tl_20250829,8,4,196,0,200.0,4.0,140.35813903808594,140.26695251464844,0.0911865234375
ns_dog_69,resnet50_tl_20250829,8,4,196,4,200.0,8.0,140.35813903808594,140.2903289794922,0.06781005859375
ns_dog_69,resnet50_tl_20250829,8,4,196,8,200.0,12.0,140.35813903808594,140.36825561523438,-0.0101165771484375
ns_dog_69,resnet50_tl_20250829,8,4,196,12,200.0,16.0,140.35813903808594,140.33616638183594,0.02197265625
ns_dog_69,resnet50_tl_20250829,8,4,196,16,200.0,20.0,140.35813903808594,140.35264587402344,0.0054931640625
ns_dog_69,resnet50_tl_20250829,8,4,196,20,200.0,24.0,140.35813903808594,140.31773376464844,0.0404052734375
ns_dog_69,resnet50_tl_20250829,8,4,196,24,200.0,28.0,140.35813903808594,140.31887817382812,0.0392608642578125
ns_dog_69,resnet50_tl_20250829,8,4,196,28,200.0,32.0,140.35813903808594,140.18748474121094,0.170654296875
ns_dog_69,resnet50_tl_20250829,8,4,196,32,200.0,36.0,140.35813903808594,140.25454711914062,0.1035919189453125
ns_dog_69,resnet50_tl_20250829,8,4,196,36,200.0,40.0,140.35813903808594,140.33926391601562,0.0188751220703125
ns_dog_69,resnet50_tl_20250829,8,4,196,40,200.0,44.0,140.35813903808594,140.33822631835938,0.0199127197265625
ns_dog_69,resnet50_tl_20250829,8,4,196,44,200.0,48.0,140.35813903808594,140.2641143798828,0.094024658203125
ns_dog_69,resnet50_tl_20250829,8,4,196,48,200.0,52.0,140.35813903808594,140.30592346191406,0.052215576171875
ns_dog_69,resnet50_tl_20250829,8,4,196,52,200.0,56.0,140.35813903808594,140.1737060546875,0.1844329833984375
ns_dog_69,resnet50_tl_20250829,8,4,196,56,200.0,60.0,140.35813903808594,140.18203735351562,0.1761016845703125
ns_dog_69,resnet50_tl_20250829,8,4,196,60,200.0,64.0,140.35813903808594,140.18716430664062,0.1709747314453125
ns_dog_69,resnet50_tl_20250829,8,4,196,64,200.0,68.0,140.35813903808594,140.05203247070312,0.3061065673828125
ns_dog_69,resnet50_tl_20250829,8,4,196,68,200.0,72.0,140.35813903808594,140.1793670654297,0.17877197265625
ns_dog_69,resnet50_tl_20250829,8,4,196,72,200.0,76.0,140.35813903808594,140.15675354003906,0.201385498046875
ns_dog_69,resnet50_tl_20250829,8,4,196,76,200.0,80.0,140.35813903808594,140.02268981933594,0.33544921875
ns_dog_69,resnet50_tl_20250829,8,4,196,80,200.0,84.0,140.35813903808594,139.92066955566406,0.437469482421875
ns_dog_69,resnet50_tl_20250829,8,4,196,84,200.0,88.0,140.35813903808594,140.15939331054688,0.1987457275390625
ns_dog_69,resnet50_tl_20250829,8,4,196,88,200.0,92.0,140.35813903808594,140.25193786621094,0.106201171875
ns_dog_69,resnet50_tl_20250829,8,4,196,92,200.0,96.0,140.35813903808594,140.2753448486328,0.082794189453125
ns_dog_69,resnet50_tl_20250829,8,4,196,96,200.0,100.0,140.35813903808594,140.1754608154297,0.18267822265625
ns_dog_69,resnet50_tl_20250829,8,4,196,100,200.0,104.0,140.35813903808594,140.19955444335938,0.1585845947265625
ns_dog_69,resnet50_tl_20250829,8,4,196,104,200.0,108.0,140.35813903808594,140.17185974121094,0.186279296875
ns_dog_69,resnet50_tl_20250829,8,4,196,108,200.0,112.0,140.35813903808594,140.15090942382812,0.2072296142578125
ns_dog_69,resnet50_tl_20250829,8,4,196,112,200.0,116.0,140.35813903808594,140.18569946289062,0.1724395751953125
ns_dog_69,resnet50_tl_20250829,8,4,196,116,200.0,120.0,140.35813903808594,140.22427368164062,0.1338653564453125
ns_dog_69,resnet50_tl_20250829,8,4,196,120,200.0,124.0,140.35813903808594,140.2456512451172,0.11248779296875
ns_dog_69,resnet50_tl_20250829,8,4,196,124,200.0,128.0,140.35813903808594,140.1913299560547,0.16680908203125
ns_dog_69,resnet50_tl_20250829,8,4,196,128,200.0,132.0,140.35813903808594,140.2638702392578,0.094268798828125
ns_dog_69,resnet50_tl_20250829,8,4,196,132,200.0,136.0,140.35813903808594,140.30955505371094,0.048583984375
ns_dog_69,resnet50_tl_20250829,8,4,196,136,200.0,140.0,140.35813903808594,140.3113250732422,0.04681396484375
ns_dog_69,resnet50_tl_20250829,8,4,196,140,200.0,144.0,140.35813903808594,140.23345947265625,0.1246795654296875
ns_dog_69,resnet50_tl_20250829,8,4,196,144,200.0,148.0,140.35813903808594,140.30905151367188,0.0490875244140625
ns_dog_69,resnet50_tl_20250829,8,4,196,148,200.0,152.0,140.35813903808594,140.32028198242188,0.0378570556640625
ns_dog_69,resnet50_tl_20250829,8,4,196,152,200.0,156.0,140.35813903808594,140.32078552246094,0.037353515625
ns_dog_69,resnet50_tl_20250829,8,4,196,156,200.0,160.0,140.35813903808594,140.2733154296875,0.0848236083984375
ns_dog_69,resnet50_tl_20250829,8,4,196,160,200.0,164.0,140.35813903808594,140.3765411376953,-0.018402099609375
ns_dog_69,resnet50_tl_20250829,8,4,196,164,200.0,168.0,140.35813903808594,140.3979949951172,-0.03985595703125
ns_dog_69,resnet50_tl_20250829,8,4,196,168,200.0,172.0,140.35813903808594,140.3448028564453,0.013336181640625
ns_dog_69,resnet50_tl_20250829,8,4,196,172,200.0,176.0,140.35813903808594,140.24070739746094,0.117431640625
ns_dog_69,resnet50_tl_20250829,8,4,196,176,200.0,180.0,140.35813903808594,140.23577880859375,0.1223602294921875
ns_dog_69,resnet50_tl_20250829,8,4,196,180,200.0,184.0,140.35813903808594,140.14907836914062,0.2090606689453125
ns_dog_69,resnet50_tl_20250829,8,4,196,184,200.0,188.0,140.35813903808594,140.07337951660156,0.284759521484375
ns_dog_69,resnet50_tl_20250829,8,4,196,188,200.0,192.0,140.35813903808594,140.10684204101562,0.2512969970703125
ns_dog_69,resnet50_tl_20250829,8,4,196,192,200.0,196.0,140.35813903808594,140.1676025390625,0.1905364990234375
ns_dog_69,resnet50_tl_20250829,8,4,196,196,200.0,200.0,140.35813903808594,140.17929077148438,0.1788482666015625
ns_dog_69,resnet50_tl_20250829,8,4,196,200,200.0,204.0,140.35813903808594,140.2097625732422,0.14837646484375
ns_dog_69,resnet50_tl_20250829,8,4,196,204,200.0,208.0,140.35813903808594,140.2275390625,0.1305999755859375
ns_dog_69,resnet50_tl_20250829,8,4,196,208,200.0,212.0,140.35813903808594,140.23513793945312,0.1230010986328125
ns_dog_69,resnet50_tl_20250829,8,4,196,212,200.0,216.0,140.35813903808594,140.2872772216797,0.07086181640625
ns_dog_69,resnet50_tl_20250829,8,4,196,216,200.0,220.0,140.35813903808594,140.28314208984375,0.0749969482421875
ns_dog_69,resnet50_tl_20250829,8,4,200,0,204.0,4.0,140.35813903808594,140.2462921142578,0.111846923828125
ns_dog_69,resnet50_tl_20250829,8,4,200,4,204.0,8.0,140.35813903808594,140.2973175048828,0.060821533203125
ns_dog_69,resnet50_tl_20250829,8,4,200,8,204.0,12.0,140.35813903808594,140.366943359375,-0.0088043212890625
ns_dog_69,resnet50_tl_20250829,8,4,200,12,204.0,16.0,140.35813903808594,140.29434204101562,0.0637969970703125
ns_dog_69,resnet50_tl_20250829,8,4,200,16,204.0,20.0,140.35813903808594,140.29840087890625,0.0597381591796875
ns_dog_69,resnet50_tl_20250829,8,4,200,20,204.0,24.0,140.35813903808594,140.29046630859375,0.0676727294921875
ns_dog_69,resnet50_tl_20250829,8,4,200,24,204.0,28.0,140.35813903808594,140.31991577148438,0.0382232666015625
ns_dog_69,resnet50_tl_20250829,8,4,200,28,204.0,32.0,140.35813903808594,140.15025329589844,0.2078857421875
ns_dog_69,resnet50_tl_20250829,8,4,200,32,204.0,36.0,140.35813903808594,140.21446228027344,0.1436767578125
ns_dog_69,resnet50_tl_20250829,8,4,200,36,204.0,40.0,140.35813903808594,140.30044555664062,0.0576934814453125
ns_dog_69,resnet50_tl_20250829,8,4,200,40,204.0,44.0,140.35813903808594,140.30767822265625,0.0504608154296875
ns_dog_69,resnet50_tl_20250829,8,4,200,44,204.0,48.0,140.35813903808594,140.1932830810547,0.16485595703125
ns_dog_69,resnet50_tl_20250829,8,4,200,48,204.0,52.0,140.35813903808594,140.2843475341797,0.07379150390625
ns_dog_69,resnet50_tl_20250829,8,4,200,52,204.0,56.0,140.35813903808594,140.19056701660156,0.167572021484375
ns_dog_69,resnet50_tl_20250829,8,4,200,56,204.0,60.0,140.35813903808594,140.03176879882812,0.3263702392578125
ns_dog_69,resnet50_tl_20250829,8,4,200,60,204.0,64.0,140.35813903808594,140.07913208007812,0.2790069580078125
ns_dog_69,resnet50_tl_20250829,8,4,200,64,204.0,68.0,140.35813903808594,140.0981903076172,0.25994873046875
ns_dog_69,resnet50_tl_20250829,8,4,200,68,204.0,72.0,140.35813903808594,140.14471435546875,0.2134246826171875
ns_dog_69,resnet50_tl_20250829,8,4,200,72,204.0,76.0,140.35813903808594,140.09918212890625,0.2589569091796875
ns_dog_69,resnet50_tl_20250829,8,4,200,76,204.0,80.0,140.35813903808594,140.07171630859375,0.2864227294921875
ns_dog_69,resnet50_tl_20250829,8,4,200,80,204.0,84.0,140.35813903808594,140.08258056640625,0.2755584716796875
ns_dog_69,resnet50_tl_20250829,8,4,200,84,204.0,88.0,140.35813903808594,140.23831176757812,0.1198272705078125
ns_dog_69,resnet50_tl_20250829,8,4,200,88,204.0,92.0,140.35813903808594,140.39266967773438,-0.0345306396484375
ns_dog_69,resnet50_tl_20250829,8,4,200,92,204.0,96.0,140.35813903808594,140.17881774902344,0.1793212890625
ns_dog_69,resnet50_tl_20250829,8,4,200,96,204.0,100.0,140.35813903808594,140.1434783935547,0.21466064453125
ns_dog_69,resnet50_tl_20250829,8,4,200,100,204.0,104.0,140.35813903808594,140.1243438720703,0.233795166015625
ns_dog_69,resnet50_tl_20250829,8,4,200,104,204.0,108.0,140.35813903808594,140.18516540527344,0.1729736328125
ns_dog_69,resnet50_tl_20250829,8,4,200,108,204.0,112.0,140.35813903808594,140.0800018310547,0.27813720703125
ns_dog_69,resnet50_tl_20250829,8,4,200,112,204.0,116.0,140.35813903808594,140.14324951171875,0.2148895263671875
ns_dog_69,resnet50_tl_20250829,8,4,200,116,204.0,120.0,140.35813903808594,140.1748809814453,0.183258056640625
ns_dog_69,resnet50_tl_20250829,8,4,200,120,204.0,124.0,140.35813903808594,140.26699829101562,0.0911407470703125
ns_dog_69,resnet50_tl_20250829,8,4,200,124,204.0,128.0,140.35813903808594,140.11219787597656,0.245941162109375
ns_dog_69,resnet50_tl_20250829,8,4,200,128,204.0,132.0,140.35813903808594,140.18067932128906,0.177459716796875
ns_dog_69,resnet50_tl_20250829,8,4,200,132,204.0,136.0,140.35813903808594,140.20651245117188,0.1516265869140625
ns_dog_69,resnet50_tl_20250829,8,4,200,136,204.0,140.0,140.35813903808594,140.31866455078125,0.0394744873046875
ns_dog_69,resnet50_tl_20250829,8,4,200,140,204.0,144.0,140.35813903808594,140.17819213867188,0.1799468994140625
ns_dog_69,resnet50_tl_20250829,8,4,200,144,204.0,148.0,140.35813903808594,140.2529296875,0.1052093505859375
ns_dog_69,resnet50_tl_20250829,8,4,200,148,204.0,152.0,140.35813903808594,140.2710418701172,0.08709716796875
ns_dog_69,resnet50_tl_20250829,8,4,200,152,204.0,156.0,140.35813903808594,140.36691284179688,-0.0087738037109375
ns_dog_69,resnet50_tl_20250829,8,4,200,156,204.0,160.0,140.35813903808594,140.23626708984375,0.1218719482421875
ns_dog_69,resnet50_tl_20250829,8,4,200,160,204.0,164.0,140.35813903808594,140.32412719726562,0.0340118408203125
ns_dog_69,resnet50_tl_20250829,8,4,200,164,204.0,168.0,140.35813903808594,140.35096740722656,0.007171630859375
ns_dog_69,resnet50_tl_20250829,8,4,200,168,204.0,172.0,140.35813903808594,140.28912353515625,0.0690155029296875
ns_dog_69,resnet50_tl_20250829,8,4,200,172,204.0,176.0,140.35813903808594,140.2159881591797,0.14215087890625
ns_dog_69,resnet50_tl_20250829,8,4,200,176,204.0,180.0,140.35813903808594,140.1638946533203,0.194244384765625
ns_dog_69,resnet50_tl_20250829,8,4,200,180,204.0,184.0,140.35813903808594,140.10394287109375,0.2541961669921875
ns_dog_69,resnet50_tl_20250829,8,4,200,184,204.0,188.0,140.35813903808594,140.104248046875,0.2538909912109375
ns_dog_69,resnet50_tl_20250829,8,4,200,188,204.0,192.0,140.35813903808594,140.18138122558594,0.1767578125
ns_dog_69,resnet50_tl_20250829,8,4,200,192,204.0,196.0,140.35813903808594,140.1796112060547,0.17852783203125
ns_dog_69,resnet50_tl_20250829,8,4,200,196,204.0,200.0,140.35813903808594,140.17213439941406,0.186004638671875
ns_dog_69,resnet50_tl_20250829,8,4,200,200,204.0,204.0,140.35813903808594,140.2582550048828,0.099884033203125
ns_dog_69,resnet50_tl_20250829,8,4,200,204,204.0,208.0,140.35813903808594,140.2607421875,0.0973968505859375
ns_dog_69,resnet50_tl_20250829,8,4,200,208,204.0,212.0,140.35813903808594,140.2637939453125,0.0943450927734375
ns_dog_69,resnet50_tl_20250829,8,4,200,212,204.0,216.0,140.35813903808594,140.24990844726562,0.1082305908203125
ns_dog_69,resnet50_tl_20250829,8,4,200,216,204.0,220.0,140.35813903808594,140.28158569335938,0.0765533447265625
ns_dog_69,resnet50_tl_20250829,8,4,204,0,208.0,4.0,140.35813903808594,140.10861206054688,0.2495269775390625
ns_dog_69,resnet50_tl_20250829,8,4,204,4,208.0,8.0,140.35813903808594,140.32278442382812,0.0353546142578125
ns_dog_69,resnet50_tl_20250829,8,4,204,8,208.0,12.0,140.35813903808594,140.3970184326172,-0.03887939453125
ns_dog_69,resnet50_tl_20250829,8,4,204,12,208.0,16.0,140.35813903808594,140.19232177734375,0.1658172607421875
ns_dog_69,resnet50_tl_20250829,8,4,204,16,208.0,20.0,140.35813903808594,140.20945739746094,0.148681640625
ns_dog_69,resnet50_tl_20250829,8,4,204,20,208.0,24.0,140.35813903808594,140.32920837402344,0.0289306640625
ns_dog_69,resnet50_tl_20250829,8,4,204,24,208.0,28.0,140.35813903808594,140.37388610839844,-0.0157470703125
ns_dog_69,resnet50_tl_20250829,8,4,204,28,208.0,32.0,140.35813903808594,140.0222930908203,0.335845947265625
ns_dog_69,resnet50_tl_20250829,8,4,204,32,208.0,36.0,140.35813903808594,140.05279541015625,0.3053436279296875
ns_dog_69,resnet50_tl_20250829,8,4,204,36,208.0,40.0,140.35813903808594,140.2935333251953,0.064605712890625
ns_dog_69,resnet50_tl_20250829,8,4,204,40,208.0,44.0,140.35813903808594,140.302734375,0.0554046630859375
ns_dog_69,resnet50_tl_20250829,8,4,204,44,208.0,48.0,140.35813903808594,140.11343383789062,0.2447052001953125
ns_dog_69,resnet50_tl_20250829,8,4,204,48,208.0,52.0,140.35813903808594,140.15713500976562,0.2010040283203125
ns_dog_69,resnet50_tl_20250829,8,4,204,52,208.0,56.0,140.35813903808594,140.20787048339844,0.1502685546875
ns_dog_69,resnet50_tl_20250829,8,4,204,56,208.0,60.0,140.35813903808594,140.09033203125,0.2678070068359375
ns_dog_69,resnet50_tl_20250829,8,4,204,60,208.0,64.0,140.35813903808594,140.0642852783203,0.293853759765625
ns_dog_69,resnet50_tl_20250829,8,4,204,64,208.0,68.0,140.35813903808594,140.03713989257812,0.3209991455078125
ns_dog_69,resnet50_tl_20250829,8,4,204,68,208.0,72.0,140.35813903808594,140.0609130859375,0.2972259521484375
ns_dog_69,resnet50_tl_20250829,8,4,204,72,208.0,76.0,140.35813903808594,140.02513122558594,0.3330078125
ns_dog_69,resnet50_tl_20250829,8,4,204,76,208.0,80.0,140.35813903808594,139.97430419921875,0.3838348388671875
ns_dog_69,resnet50_tl_20250829,8,4,204,80,208.0,84.0,140.35813903808594,139.95864868164062,0.3994903564453125
ns_dog_69,resnet50_tl_20250829,8,4,204,84,208.0,88.0,140.35813903808594,140.2674560546875,0.0906829833984375
ns_dog_69,resnet50_tl_20250829,8,4,204,88,208.0,92.0,140.35813903808594,140.40869140625,-0.0505523681640625
ns_dog_69,resnet50_tl_20250829,8,4,204,92,208.0,96.0,140.35813903808594,140.1577911376953,0.200347900390625
ns_dog_69,resnet50_tl_20250829,8,4,204,96,208.0,100.0,140.35813903808594,140.07943725585938,0.2787017822265625
ns_dog_69,resnet50_tl_20250829,8,4,204,100,208.0,104.0,140.35813903808594,140.26707458496094,0.091064453125
ns_dog_69,resnet50_tl_20250829,8,4,204,104,208.0,108.0,140.35813903808594,140.36302185058594,-0.0048828125
ns_dog_69,resnet50_tl_20250829,8,4,204,108,208.0,112.0,140.35813903808594,139.97657775878906,0.381561279296875
ns_dog_69,resnet50_tl_20250829,8,4,204,112,208.0,116.0,140.35813903808594,140.0370635986328,0.321075439453125
ns_dog_69,resnet50_tl_20250829,8,4,204,116,208.0,120.0,140.35813903808594,140.2827911376953,0.075347900390625
ns_dog_69,resnet50_tl_20250829,8,4,204,120,208.0,124.0,140.35813903808594,140.39939880371094,-0.041259765625
ns_dog_69,resnet50_tl_20250829,8,4,204,124,208.0,128.0,140.35813903808594,139.9568328857422,0.40130615234375
ns_dog_69,resnet50_tl_20250829,8,4,204,128,208.0,132.0,140.35813903808594,140.0160369873047,0.34210205078125
ns_dog_69,resnet50_tl_20250829,8,4,204,132,208.0,136.0,140.35813903808594,140.25787353515625,0.1002655029296875
ns_dog_69,resnet50_tl_20250829,8,4,204,136,208.0,140.0,140.35813903808594,140.3969268798828,-0.038787841796875
ns_dog_69,resnet50_tl_20250829,8,4,204,140,208.0,144.0,140.35813903808594,140.04095458984375,0.3171844482421875
ns_dog_69,resnet50_tl_20250829,8,4,204,144,208.0,148.0,140.35813903808594,140.09503173828125,0.2631072998046875
ns_dog_69,resnet50_tl_20250829,8,4,204,148,208.0,152.0,140.35813903808594,140.28050231933594,0.07763671875
ns_dog_69,resnet50_tl_20250829,8,4,204,152,208.0,156.0,140.35813903808594,140.42788696289062,-0.0697479248046875
ns_dog_69,resnet50_tl_20250829,8,4,204,156,208.0,160.0,140.35813903808594,140.1226806640625,0.2354583740234375
ns_dog_69,resnet50_tl_20250829,8,4,204,160,208.0,164.0,140.35813903808594,140.15696716308594,0.201171875
ns_dog_69,resnet50_tl_20250829,8,4,204,164,208.0,168.0,140.35813903808594,140.3206787109375,0.0374603271484375
ns_dog_69,resnet50_tl_20250829,8,4,204,168,208.0,172.0,140.35813903808594,140.3343048095703,0.023834228515625
ns_dog_69,resnet50_tl_20250829,8,4,204,172,208.0,176.0,140.35813903808594,140.07327270507812,0.2848663330078125
ns_dog_69,resnet50_tl_20250829,8,4,204,176,208.0,180.0,140.35813903808594,140.0804901123047,0.27764892578125
ns_dog_69,resnet50_tl_20250829,8,4,204,180,208.0,184.0,140.35813903808594,140.0936737060547,0.26446533203125
ns_dog_69,resnet50_tl_20250829,8,4,204,184,208.0,188.0,140.35813903808594,140.1813507080078,0.176788330078125
ns_dog_69,resnet50_tl_20250829,8,4,204,188,208.0,192.0,140.35813903808594,140.0458984375,0.3122406005859375
ns_dog_69,resnet50_tl_20250829,8,4,204,192,208.0,196.0,140.35813903808594,140.06883239746094,0.289306640625
ns_dog_69,resnet50_tl_20250829,8,4,204,196,208.0,200.0,140.35813903808594,140.20648193359375,0.1516571044921875
ns_dog_69,resnet50_tl_20250829,8,4,204,200,208.0,204.0,140.35813903808594,140.28564453125,0.0724945068359375
ns_dog_69,resnet50_tl_20250829,8,4,204,204,208.0,208.0,140.35813903808594,140.27554321289062,0.0825958251953125
ns_dog_69,resnet50_tl_20250829,8,4,204,208,208.0,212.0,140.35813903808594,140.25929260253906,0.098846435546875
ns_dog_69,resnet50_tl_20250829,8,4,204,212,208.0,216.0,140.35813903808594,140.30555725097656,0.052581787109375
ns_dog_69,resnet50_tl_20250829,8,4,204,216,208.0,220.0,140.35813903808594,140.34255981445312,0.0155792236328125
ns_dog_69,resnet50_tl_20250829,8,4,208,0,212.0,4.0,140.35813903808594,140.16920471191406,0.188934326171875
ns_dog_69,resnet50_tl_20250829,8,4,208,4,212.0,8.0,140.35813903808594,140.31362915039062,0.0445098876953125
ns_dog_69,resnet50_tl_20250829,8,4,208,8,212.0,12.0,140.35813903808594,140.41868591308594,-0.060546875
ns_dog_69,resnet50_tl_20250829,8,4,208,12,212.0,16.0,140.35813903808594,140.24716186523438,0.1109771728515625
ns_dog_69,resnet50_tl_20250829,8,4,208,16,212.0,20.0,140.35813903808594,140.27488708496094,0.083251953125
ns_dog_69,resnet50_tl_20250829,8,4,208,20,212.0,24.0,140.35813903808594,140.35276794433594,0.00537109375
ns_dog_69,resnet50_tl_20250829,8,4,208,24,212.0,28.0,140.35813903808594,140.41171264648438,-0.0535736083984375
ns_dog_69,resnet50_tl_20250829,8,4,208,28,212.0,32.0,140.35813903808594,140.15089416503906,0.207244873046875
ns_dog_69,resnet50_tl_20250829,8,4,208,32,212.0,36.0,140.35813903808594,140.1498260498047,0.20831298828125
ns_dog_69,resnet50_tl_20250829,8,4,208,36,212.0,40.0,140.35813903808594,140.3163604736328,0.041778564453125
ns_dog_69,resnet50_tl_20250829,8,4,208,40,212.0,44.0,140.35813903808594,140.33447265625,0.0236663818359375
ns_dog_69,resnet50_tl_20250829,8,4,208,44,212.0,48.0,140.35813903808594,140.17881774902344,0.1793212890625
ns_dog_69,resnet50_tl_20250829,8,4,208,48,212.0,52.0,140.35813903808594,140.13311767578125,0.2250213623046875
ns_dog_69,resnet50_tl_20250829,8,4,208,52,212.0,56.0,140.35813903808594,140.2361602783203,0.121978759765625
ns_dog_69,resnet50_tl_20250829,8,4,208,56,212.0,60.0,140.35813903808594,140.0410614013672,0.31707763671875
ns_dog_69,resnet50_tl_20250829,8,4,208,60,212.0,64.0,140.35813903808594,140.00660705566406,0.351531982421875
ns_dog_69,resnet50_tl_20250829,8,4,208,64,212.0,68.0,140.35813903808594,139.99488830566406,0.363250732421875
ns_dog_69,resnet50_tl_20250829,8,4,208,68,212.0,72.0,140.35813903808594,139.9893035888672,0.36883544921875
ns_dog_69,resnet50_tl_20250829,8,4,208,72,212.0,76.0,140.35813903808594,140.04762268066406,0.310516357421875
ns_dog_69,resnet50_tl_20250829,8,4,208,76,212.0,80.0,140.35813903808594,139.93275451660156,0.425384521484375
ns_dog_69,resnet50_tl_20250829,8,4,208,80,212.0,84.0,140.35813903808594,139.9525604248047,0.40557861328125
ns_dog_69,resnet50_tl_20250829,8,4,208,84,212.0,88.0,140.35813903808594,140.10107421875,0.2570648193359375
ns_dog_69,resnet50_tl_20250829,8,4,208,88,212.0,92.0,140.35813903808594,140.2896270751953,0.068511962890625
ns_dog_69,resnet50_tl_20250829,8,4,208,92,212.0,96.0,140.35813903808594,140.22483825683594,0.13330078125
ns_dog_69,resnet50_tl_20250829,8,4,208,96,212.0,100.0,140.35813903808594,140.201171875,0.1569671630859375
ns_dog_69,resnet50_tl_20250829,8,4,208,100,212.0,104.0,140.35813903808594,140.2684326171875,0.0897064208984375
ns_dog_69,resnet50_tl_20250829,8,4,208,104,212.0,108.0,140.35813903808594,140.41006469726562,-0.0519256591796875
ns_dog_69,resnet50_tl_20250829,8,4,208,108,212.0,112.0,140.35813903808594,140.06568908691406,0.292449951171875
ns_dog_69,resnet50_tl_20250829,8,4,208,112,212.0,116.0,140.35813903808594,140.135498046875,0.2226409912109375
ns_dog_69,resnet50_tl_20250829,8,4,208,116,212.0,120.0,140.35813903808594,140.30487060546875,0.0532684326171875
ns_dog_69,resnet50_tl_20250829,8,4,208,120,212.0,124.0,140.35813903808594,140.4423828125,-0.0842437744140625
ns_dog_69,resnet50_tl_20250829,8,4,208,124,212.0,128.0,140.35813903808594,140.0611572265625,0.2969818115234375
ns_dog_69,resnet50_tl_20250829,8,4,208,128,212.0,132.0,140.35813903808594,140.1234130859375,0.2347259521484375
ns_dog_69,resnet50_tl_20250829,8,4,208,132,212.0,136.0,140.35813903808594,140.3069610595703,0.051177978515625
ns_dog_69,resnet50_tl_20250829,8,4,208,136,212.0,140.0,140.35813903808594,140.4476318359375,-0.0894927978515625
ns_dog_69,resnet50_tl_20250829,8,4,208,140,212.0,144.0,140.35813903808594,140.1171112060547,0.24102783203125
ns_dog_69,resnet50_tl_20250829,8,4,208,144,212.0,148.0,140.35813903808594,140.1790771484375,0.1790618896484375
ns_dog_69,resnet50_tl_20250829,8,4,208,148,212.0,152.0,140.35813903808594,140.3197021484375,0.0384368896484375
ns_dog_69,resnet50_tl_20250829,8,4,208,152,212.0,156.0,140.35813903808594,140.48696899414062,-0.1288299560546875
ns_dog_69,resnet50_tl_20250829,8,4,208,156,212.0,160.0,140.35813903808594,140.24237060546875,0.1157684326171875
ns_dog_69,resnet50_tl_20250829,8,4,208,160,212.0,164.0,140.35813903808594,140.28736877441406,0.070770263671875
ns_dog_69,resnet50_tl_20250829,8,4,208,164,212.0,168.0,140.35813903808594,140.37042236328125,-0.0122833251953125
ns_dog_69,resnet50_tl_20250829,8,4,208,168,212.0,172.0,140.35813903808594,140.447021484375,-0.0888824462890625
ns_dog_69,resnet50_tl_20250829,8,4,208,172,212.0,176.0,140.35813903808594,140.18821716308594,0.169921875
ns_dog_69,resnet50_tl_20250829,8,4,208,176,212.0,180.0,140.35813903808594,140.05596923828125,0.3021697998046875
ns_dog_69,resnet50_tl_20250829,8,4,208,180,212.0,184.0,140.35813903808594,140.2406768798828,0.117462158203125
ns_dog_69,resnet50_tl_20250829,8,4,208,184,212.0,188.0,140.35813903808594,140.29151916503906,0.066619873046875
ns_dog_69,resnet50_tl_20250829,8,4,208,188,212.0,192.0,140.35813903808594,140.13623046875,0.2219085693359375
ns_dog_69,resnet50_tl_20250829,8,4,208,192,212.0,196.0,140.35813903808594,140.2069854736328,0.151153564453125
ns_dog_69,resnet50_tl_20250829,8,4,208,196,212.0,200.0,140.35813903808594,140.2076873779297,0.15045166015625
ns_dog_69,resnet50_tl_20250829,8,4,208,200,212.0,204.0,140.35813903808594,140.26951599121094,0.088623046875
ns_dog_69,resnet50_tl_20250829,8,4,208,204,212.0,208.0,140.35813903808594,140.23928833007812,0.1188507080078125
ns_dog_69,resnet50_tl_20250829,8,4,208,208,212.0,212.0,140.35813903808594,140.2379608154297,0.12017822265625
ns_dog_69,resnet50_tl_20250829,8,4,208,212,212.0,216.0,140.35813903808594,140.28941345214844,0.0687255859375
ns_dog_69,resnet50_tl_20250829,8,4,208,216,212.0,220.0,140.35813903808594,140.33187866210938,0.0262603759765625
ns_dog_69,resnet50_tl_20250829,8,4,212,0,216.0,4.0,140.35813903808594,140.25486755371094,0.103271484375
ns_dog_69,resnet50_tl_20250829,8,4,212,4,216.0,8.0,140.35813903808594,140.31600952148438,0.0421295166015625
ns_dog_69,resnet50_tl_20250829,8,4,212,8,216.0,12.0,140.35813903808594,140.4012908935547,-0.04315185546875
ns_dog_69,resnet50_tl_20250829,8,4,212,12,216.0,16.0,140.35813903808594,140.35658264160156,0.001556396484375
ns_dog_69,resnet50_tl_20250829,8,4,212,16,216.0,20.0,140.35813903808594,140.3874053955078,-0.029266357421875
ns_dog_69,resnet50_tl_20250829,8,4,212,20,216.0,24.0,140.35813903808594,140.34942626953125,0.0087127685546875
ns_dog_69,resnet50_tl_20250829,8,4,212,24,216.0,28.0,140.35813903808594,140.3781280517578,-0.019989013671875
ns_dog_69,resnet50_tl_20250829,8,4,212,28,216.0,32.0,140.35813903808594,140.3219757080078,0.036163330078125
ns_dog_69,resnet50_tl_20250829,8,4,212,32,216.0,36.0,140.35813903808594,140.33218383789062,0.0259552001953125
ns_dog_69,resnet50_tl_20250829,8,4,212,36,216.0,40.0,140.35813903808594,140.33387756347656,0.024261474609375
ns_dog_69,resnet50_tl_20250829,8,4,212,40,216.0,44.0,140.35813903808594,140.2820281982422,0.07611083984375
ns_dog_69,resnet50_tl_20250829,8,4,212,44,216.0,48.0,140.35813903808594,140.29957580566406,0.058563232421875
ns_dog_69,resnet50_tl_20250829,8,4,212,48,216.0,52.0,140.35813903808594,140.20094299316406,0.157196044921875
ns_dog_69,resnet50_tl_20250829,8,4,212,52,216.0,56.0,140.35813903808594,140.17465209960938,0.1834869384765625
ns_dog_69,resnet50_tl_20250829,8,4,212,56,216.0,60.0,140.35813903808594,140.03111267089844,0.3270263671875
ns_dog_69,resnet50_tl_20250829,8,4,212,60,216.0,64.0,140.35813903808594,140.08712768554688,0.2710113525390625
ns_dog_69,resnet50_tl_20250829,8,4,212,64,216.0,68.0,140.35813903808594,140.01487731933594,0.34326171875
ns_dog_69,resnet50_tl_20250829,8,4,212,68,216.0,72.0,140.35813903808594,139.97288513183594,0.38525390625
ns_dog_69,resnet50_tl_20250829,8,4,212,72,216.0,76.0,140.35813903808594,139.9664306640625,0.3917083740234375
ns_dog_69,resnet50_tl_20250829,8,4,212,76,216.0,80.0,140.35813903808594,140.02743530273438,0.3307037353515625
ns_dog_69,resnet50_tl_20250829,8,4,212,80,216.0,84.0,140.35813903808594,140.02163696289062,0.3365020751953125
ns_dog_69,resnet50_tl_20250829,8,4,212,84,216.0,88.0,140.35813903808594,140.060791015625,0.2973480224609375
ns_dog_69,resnet50_tl_20250829,8,4,212,88,216.0,92.0,140.35813903808594,140.26406860351562,0.0940704345703125
ns_dog_69,resnet50_tl_20250829,8,4,212,92,216.0,96.0,140.35813903808594,140.30409240722656,0.054046630859375
ns_dog_69,resnet50_tl_20250829,8,4,212,96,216.0,100.0,140.35813903808594,140.2971954345703,0.060943603515625
ns_dog_69,resnet50_tl_20250829,8,4,212,100,216.0,104.0,140.35813903808594,140.25338745117188,0.1047515869140625
ns_dog_69,resnet50_tl_20250829,8,4,212,104,216.0,108.0,140.35813903808594,140.39132690429688,-0.0331878662109375
ns_dog_69,resnet50_tl_20250829,8,4,212,108,216.0,112.0,140.35813903808594,140.27537536621094,0.082763671875
ns_dog_69,resnet50_tl_20250829,8,4,212,112,216.0,116.0,140.35813903808594,140.32774353027344,0.0303955078125
ns_dog_69,resnet50_tl_20250829,8,4,212,116,216.0,120.0,140.35813903808594,140.29336547851562,0.0647735595703125
ns_dog_69,resnet50_tl_20250829,8,4,212,120,216.0,124.0,140.35813903808594,140.3798828125,-0.0217437744140625
ns_dog_69,resnet50_tl_20250829,8,4,212,124,216.0,128.0,140.35813903808594,140.3006134033203,0.057525634765625
ns_dog_69,resnet50_tl_20250829,8,4,212,128,216.0,132.0,140.35813903808594,140.346923828125,0.0112152099609375
ns_dog_69,resnet50_tl_20250829,8,4,212,132,216.0,136.0,140.35813903808594,140.31039428710938,0.0477447509765625
ns_dog_69,resnet50_tl_20250829,8,4,212,136,216.0,140.0,140.35813903808594,140.3788604736328,-0.020721435546875
ns_dog_69,resnet50_tl_20250829,8,4,212,140,216.0,144.0,140.35813903808594,140.31629943847656,0.041839599609375
ns_dog_69,resnet50_tl_20250829,8,4,212,144,216.0,148.0,140.35813903808594,140.36764526367188,-0.0095062255859375
ns_dog_69,resnet50_tl_20250829,8,4,212,148,216.0,152.0,140.35813903808594,140.3196563720703,0.038482666015625
ns_dog_69,resnet50_tl_20250829,8,4,212,152,216.0,156.0,140.35813903808594,140.41122436523438,-0.0530853271484375
ns_dog_69,resnet50_tl_20250829,8,4,212,156,216.0,160.0,140.35813903808594,140.39334106445312,-0.0352020263671875
ns_dog_69,resnet50_tl_20250829,8,4,212,160,216.0,164.0,140.35813903808594,140.42117309570312,-0.0630340576171875
ns_dog_69,resnet50_tl_20250829,8,4,212,164,216.0,168.0,140.35813903808594,140.37042236328125,-0.0122833251953125
ns_dog_69,resnet50_tl_20250829,8,4,212,168,216.0,172.0,140.35813903808594,140.40785217285156,-0.049713134765625
ns_dog_69,resnet50_tl_20250829,8,4,212,172,216.0,176.0,140.35813903808594,140.3843536376953,-0.026214599609375
ns_dog_69,resnet50_tl_20250829,8,4,212,176,216.0,180.0,140.35813903808594,140.3802947998047,-0.02215576171875
ns_dog_69,resnet50_tl_20250829,8,4,212,180,216.0,184.0,140.35813903808594,140.2892303466797,0.06890869140625
ns_dog_69,resnet50_tl_20250829,8,4,212,184,216.0,188.0,140.35813903808594,140.34988403320312,0.0082550048828125
ns_dog_69,resnet50_tl_20250829,8,4,212,188,216.0,192.0,140.35813903808594,140.3817138671875,-0.0235748291015625
ns_dog_69,resnet50_tl_20250829,8,4,212,192,216.0,196.0,140.35813903808594,140.33363342285156,0.024505615234375
ns_dog_69,resnet50_tl_20250829,8,4,212,196,216.0,200.0,140.35813903808594,140.28831481933594,0.06982421875
ns_dog_69,resnet50_tl_20250829,8,4,212,200,216.0,204.0,140.35813903808594,140.2607421875,0.0973968505859375
ns_dog_69,resnet50_tl_20250829,8,4,212,204,216.0,208.0,140.35813903808594,140.26492309570312,0.0932159423828125
ns_dog_69,resnet50_tl_20250829,8,4,212,208,216.0,212.0,140.35813903808594,140.2960968017578,0.062042236328125
ns_dog_69,resnet50_tl_20250829,8,4,212,212,216.0,216.0,140.35813903808594,140.3097686767578,0.048370361328125
ns_dog_69,resnet50_tl_20250829,8,4,212,216,216.0,220.0,140.35813903808594,140.33740234375,0.0207366943359375
ns_dog_69,resnet50_tl_20250829,8,4,216,0,220.0,4.0,140.35813903808594,140.3013153076172,0.05682373046875
ns_dog_69,resnet50_tl_20250829,8,4,216,4,220.0,8.0,140.35813903808594,140.32723999023438,0.0308990478515625
ns_dog_69,resnet50_tl_20250829,8,4,216,8,220.0,12.0,140.35813903808594,140.3629913330078,-0.004852294921875
ns_dog_69,resnet50_tl_20250829,8,4,216,12,220.0,16.0,140.35813903808594,140.3666229248047,-0.00848388671875
ns_dog_69,resnet50_tl_20250829,8,4,216,16,220.0,20.0,140.35813903808594,140.3651580810547,-0.00701904296875
ns_dog_69,resnet50_tl_20250829,8,4,216,20,220.0,24.0,140.35813903808594,140.34278869628906,0.015350341796875
ns_dog_69,resnet50_tl_20250829,8,4,216,24,220.0,28.0,140.35813903808594,140.34674072265625,0.0113983154296875
ns_dog_69,resnet50_tl_20250829,8,4,216,28,220.0,32.0,140.35813903808594,140.34751892089844,0.0106201171875
ns_dog_69,resnet50_tl_20250829,8,4,216,32,220.0,36.0,140.35813903808594,140.3519744873047,0.00616455078125
ns_dog_69,resnet50_tl_20250829,8,4,216,36,220.0,40.0,140.35813903808594,140.3227996826172,0.03533935546875
ns_dog_69,resnet50_tl_20250829,8,4,216,40,220.0,44.0,140.35813903808594,140.32286071777344,0.0352783203125
ns_dog_69,resnet50_tl_20250829,8,4,216,44,220.0,48.0,140.35813903808594,140.37521362304688,-0.0170745849609375
ns_dog_69,resnet50_tl_20250829,8,4,216,48,220.0,52.0,140.35813903808594,140.34228515625,0.0158538818359375
ns_dog_69,resnet50_tl_20250829,8,4,216,52,220.0,56.0,140.35813903808594,140.30075073242188,0.0573883056640625
ns_dog_69,resnet50_tl_20250829,8,4,216,56,220.0,60.0,140.35813903808594,140.22715759277344,0.1309814453125
ns_dog_69,resnet50_tl_20250829,8,4,216,60,220.0,64.0,140.35813903808594,140.27252197265625,0.0856170654296875
ns_dog_69,resnet50_tl_20250829,8,4,216,64,220.0,68.0,140.35813903808594,140.10743713378906,0.250701904296875
ns_dog_69,resnet50_tl_20250829,8,4,216,68,220.0,72.0,140.35813903808594,140.00982666015625,0.3483123779296875
ns_dog_69,resnet50_tl_20250829,8,4,216,72,220.0,76.0,140.35813903808594,139.92218017578125,0.4359588623046875
ns_dog_69,resnet50_tl_20250829,8,4,216,76,220.0,80.0,140.35813903808594,140.0914764404297,0.26666259765625
ns_dog_69,resnet50_tl_20250829,8,4,216,80,220.0,84.0,140.35813903808594,140.13539123535156,0.222747802734375
ns_dog_69,resnet50_tl_20250829,8,4,216,84,220.0,88.0,140.35813903808594,140.16661071777344,0.1915283203125
ns_dog_69,resnet50_tl_20250829,8,4,216,88,220.0,92.0,140.35813903808594,140.25411987304688,0.1040191650390625
ns_dog_69,resnet50_tl_20250829,8,4,216,92,220.0,96.0,140.35813903808594,140.29122924804688,0.0669097900390625
ns_dog_69,resnet50_tl_20250829,8,4,216,96,220.0,100.0,140.35813903808594,140.29249572753906,0.065643310546875
ns_dog_69,resnet50_tl_20250829,8,4,216,100,220.0,104.0,140.35813903808594,140.27706909179688,0.0810699462890625
ns_dog_69,resnet50_tl_20250829,8,4,216,104,220.0,108.0,140.35813903808594,140.30271911621094,0.055419921875
ns_dog_69,resnet50_tl_20250829,8,4,216,108,220.0,112.0,140.35813903808594,140.31590270996094,0.042236328125
ns_dog_69,resnet50_tl_20250829,8,4,216,112,220.0,116.0,140.35813903808594,140.32110595703125,0.0370330810546875
ns_dog_69,resnet50_tl_20250829,8,4,216,116,220.0,120.0,140.35813903808594,140.281982421875,0.0761566162109375
ns_dog_69,resnet50_tl_20250829,8,4,216,120,220.0,124.0,140.35813903808594,140.30384826660156,0.054290771484375
ns_dog_69,resnet50_tl_20250829,8,4,216,124,220.0,128.0,140.35813903808594,140.32708740234375,0.0310516357421875
ns_dog_69,resnet50_tl_20250829,8,4,216,128,220.0,132.0,140.35813903808594,140.33978271484375,0.0183563232421875
ns_dog_69,resnet50_tl_20250829,8,4,216,132,220.0,136.0,140.35813903808594,140.30238342285156,0.055755615234375
ns_dog_69,resnet50_tl_20250829,8,4,216,136,220.0,140.0,140.35813903808594,140.31690979003906,0.041229248046875
ns_dog_69,resnet50_tl_20250829,8,4,216,140,220.0,144.0,140.35813903808594,140.34835815429688,0.0097808837890625
ns_dog_69,resnet50_tl_20250829,8,4,216,144,220.0,148.0,140.35813903808594,140.36204528808594,-0.00390625
ns_dog_69,resnet50_tl_20250829,8,4,216,148,220.0,152.0,140.35813903808594,140.31793212890625,0.0402069091796875
ns_dog_69,resnet50_tl_20250829,8,4,216,152,220.0,156.0,140.35813903808594,140.3426055908203,0.015533447265625
ns_dog_69,resnet50_tl_20250829,8,4,216,156,220.0,160.0,140.35813903808594,140.3946990966797,-0.03656005859375
ns_dog_69,resnet50_tl_20250829,8,4,216,160,220.0,164.0,140.35813903808594,140.4016876220703,-0.043548583984375
ns_dog_69,resnet50_tl_20250829,8,4,216,164,220.0,168.0,140.35813903808594,140.35739135742188,0.0007476806640625
ns_dog_69,resnet50_tl_20250829,8,4,216,168,220.0,172.0,140.35813903808594,140.38687133789062,-0.0287322998046875
ns_dog_69,resnet50_tl_20250829,8,4,216,172,220.0,176.0,140.35813903808594,140.37608337402344,-0.0179443359375
ns_dog_69,resnet50_tl_20250829,8,4,216,176,220.0,180.0,140.35813903808594,140.38430786132812,-0.0261688232421875
ns_dog_69,resnet50_tl_20250829,8,4,216,180,220.0,184.0,140.35813903808594,140.34640502929688,0.0117340087890625
ns_dog_69,resnet50_tl_20250829,8,4,216,184,220.0,188.0,140.35813903808594,140.35267639160156,0.005462646484375
ns_dog_69,resnet50_tl_20250829,8,4,216,188,220.0,192.0,140.35813903808594,140.36593627929688,-0.0077972412109375
ns_dog_69,resnet50_tl_20250829,8,4,216,192,220.0,196.0,140.35813903808594,140.377685546875,-0.0195465087890625
ns_dog_69,resnet50_tl_20250829,8,4,216,196,220.0,200.0,140.35813903808594,140.34564208984375,0.0124969482421875
ns_dog_69,resnet50_tl_20250829,8,4,216,200,220.0,204.0,140.35813903808594,140.32662963867188,0.0315093994140625
ns_dog_69,resnet50_tl_20250829,8,4,216,204,220.0,208.0,140.35813903808594,140.314208984375,0.0439300537109375
ns_dog_69,resnet50_tl_20250829,8,4,216,208,220.0,212.0,140.35813903808594,140.3439178466797,0.01422119140625
ns_dog_69,resnet50_tl_20250829,8,4,216,212,220.0,216.0,140.35813903808594,140.34400939941406,0.014129638671875
ns_dog_69,resnet50_tl_20250829,8,4,216,216,220.0,220.0,140.35813903808594,140.339599609375,0.0185394287109375
