case_id,model_type,occluder_size,stride,x0,y0,x_center,y_center,x0_norm,y0_norm,x1_norm,y1_norm,x_center_norm,y_center_norm,baseline_target_logit,post_occlusion_target_logit,target_logit_drop,intersects_shape,source_file
ns_cow_202,resnet50_geirhos_tl,8,4,124,108,128.0,112.0,0.5535714285714286,0.48214285714285715,0.5892857142857143,0.5178571428571429,0.5714285714285714,0.5,7.092348575592041,6.706945419311523,0.3854031562805176,1,/home/hschatzle/data/storage-occ-v2/repos/monte-carlo-selection/results/part1_occlusion_robustness/artifacts/ns_cow_202/resnet50_geirhos_tl/position_scores_size_8.csv
ns_cow_202,resnet50_geirhos_tl,16,8,192,96,200.0,104.0,0.8571428571428571,0.42857142857142855,0.9285714285714286,0.5,0.8928571428571429,0.4642857142857143,7.092348575592041,6.336757659912109,0.7555909156799316,1,/home/hschatzle/data/storage-occ-v2/repos/monte-carlo-selection/results/part1_occlusion_robustness/artifacts/ns_cow_202/resnet50_geirhos_tl/position_scores_size_16.csv
ns_cow_202,resnet50_geirhos_tl,32,16,192,96,208.0,112.0,0.8571428571428571,0.42857142857142855,1.0,0.5714285714285714,0.9285714285714286,0.5,7.092348575592041,6.050384998321533,1.0419635772705078,1,/home/hschatzle/data/storage-occ-v2/repos/monte-carlo-selection/results/part1_occlusion_robustness/artifacts/ns_cow_202/resnet50_geirhos_tl/position_scores_size_32.csv
ns_cow_202,resnet50_geirhos_tl,64,32,96,96,128.0,128.0,0.42857142857142855,0.42857142857142855,0.7142857142857143,0.7142857142857143,0.5714285714285714,0.5714285714285714,7.092348575592041,3.7783496379852295,3.3139989376068115,1,/home/hschatzle/data/storage-occ-v2/repos/monte-carlo-selection/results/part1_occlusion_robustness/artifacts/ns_cow_202/resnet50_geirhos_tl/position_scores_size_64.csv
ns_cow_202,resnet50_tl_20250829,8,4,60,176,64.0,180.0,0.26785714285714285,0.7857142857142857,0.30357142857142855,0.8214285714285714,0.2857142857142857,0.8035714285714286,150.31063842773438,149.33460998535156,0.9760284423828124,1,/home/hschatzle/data/storage-occ-v2/repos/monte-carlo-selection/results/part1_occlusion_robustness/artifacts/ns_cow_202/resnet50_tl_20250829/position_scores_size_8.csv
ns_cow_202,resnet50_tl_20250829,16,8,64,168,72.0,176.0,0.2857142857142857,0.75,0.35714285714285715,0.8214285714285714,0.32142857142857145,0.7857142857142857,150.31063842773438,148.21714782714844,2.093490600585937,1,/home/hschatzle/data/storage-occ-v2/repos/monte-carlo-selection/results/part1_occlusion_robustness/artifacts/ns_cow_202/resnet50_tl_20250829/position_scores_size_16.csv
ns_cow_202,resnet50_tl_20250829,32,16,48,160,64.0,176.0,0.21428571428571427,0.7142857142857143,0.35714285714285715,0.8571428571428571,0.2857142857142857,0.7857142857142857,150.31063842773438,143.3501739501953,6.960464477539063,1,/home/hschatzle/data/storage-occ-v2/repos/monte-carlo-selection/results/part1_occlusion_robustness/artifacts/ns_cow_202/resnet50_tl_20250829/position_scores_size_32.csv
ns_cow_202,resnet50_tl_20250829,64,32,32,128,64.0,160.0,0.14285714285714285,0.5714285714285714,0.42857142857142855,0.8571428571428571,0.2857142857142857,0.7142857142857143,150.31063842773438,135.64505004882812,14.66558837890625,1,/home/hschatzle/data/storage-occ-v2/repos/monte-carlo-selection/results/part1_occlusion_robustness/artifacts/ns_cow_202/resnet50_tl_20250829/position_scores_size_64.csv
ns_cow_205,resnet50_geirhos_tl,8,4,72,40,76.0,44.0,0.32142857142857145,0.17857142857142858,0.35714285714285715,0.21428571428571427,0.3392857142857143,0.19642857142857142,4.972391128540039,4.603108882904053,0.3692822456359863,1,/home/hschatzle/data/storage-occ-v2/repos/monte-carlo-selection/results/part1_occlusion_robustness/artifacts/ns_cow_205/resnet50_geirhos_tl/position_scores_size_8.csv
ns_cow_205,resnet50_geirhos_tl,16,8,80,168,88.0,176.0,0.35714285714285715,0.75,0.42857142857142855,0.8214285714285714,0.39285714285714285,0.7857142857142857,4.972391128540039,4.305208683013916,0.667182445526123,1,/home/hschatzle/data/storage-occ-v2/repos/monte-carlo-selection/results/part1_occlusion_robustness/artifacts/ns_cow_205/resnet50_geirhos_tl/position_scores_size_16.csv
ns_cow_205,resnet50_geirhos_tl,32,16,64,160,80.0,176.0,0.2857142857142857,0.7142857142857143,0.42857142857142855,0.8571428571428571,0.35714285714285715,0.7857142857142857,4.972391128540039,3.611569404602051,1.3608217239379885,1,/home/hschatzle/data/storage-occ-v2/repos/monte-carlo-selection/results/part1_occlusion_robustness/artifacts/ns_cow_205/resnet50_geirhos_tl/position_scores_size_32.csv
ns_cow_205,resnet50_geirhos_tl,64,32,96,64,128.0,96.0,0.42857142857142855,0.2857142857142857,0.7142857142857143,0.5714285714285714,0.5714285714285714,0.42857142857142855,4.972391128540039,1.805316925048828,3.167074203491211,1,/home/hschatzle/data/storage-occ-v2/repos/monte-carlo-selection/results/part1_occlusion_robustness/artifacts/ns_cow_205/resnet50_geirhos_tl/position_scores_size_64.csv
ns_cow_205,resnet50_tl_20250829,8,4,92,176,96.0,180.0,0.4107142857142857,0.7857142857142857,0.44642857142857145,0.8214285714285714,0.42857142857142855,0.8035714285714286,142.6285400390625,141.27020263671875,1.35833740234375,1,/home/hschatzle/data/storage-occ-v2/repos/monte-carlo-selection/results/part1_occlusion_robustness/artifacts/ns_cow_205/resnet50_tl_20250829/position_scores_size_8.csv
ns_cow_205,resnet50_tl_20250829,16,8,88,168,96.0,176.0,0.39285714285714285,0.75,0.4642857142857143,0.8214285714285714,0.42857142857142855,0.7857142857142857,142.6285400390625,139.84371948242188,2.784820556640625,1,/home/hschatzle/data/storage-occ-v2/repos/monte-carlo-selection/results/part1_occlusion_robustness/artifacts/ns_cow_205/resnet50_tl_20250829/position_scores_size_16.csv
ns_cow_205,resnet50_tl_20250829,32,16,112,160,128.0,176.0,0.5,0.7142857142857143,0.6428571428571429,0.8571428571428571,0.5714285714285714,0.7857142857142857,142.6285400390625,135.2099609375,7.4185791015625,1,/home/hschatzle/data/storage-occ-v2/repos/monte-carlo-selection/results/part1_occlusion_robustness/artifacts/ns_cow_205/resnet50_tl_20250829/position_scores_size_32.csv
ns_cow_205,resnet50_tl_20250829,64,32,128,128,160.0,160.0,0.5714285714285714,0.5714285714285714,0.8571428571428571,0.8571428571428571,0.7142857142857143,0.7142857142857143,142.6285400390625,127.62875366210938,14.999786376953123,1,/home/hschatzle/data/storage-occ-v2/repos/monte-carlo-selection/results/part1_occlusion_robustness/artifacts/ns_cow_205/resnet50_tl_20250829/position_scores_size_64.csv
ns_cow_350,resnet50_geirhos_tl,8,4,8,56,12.0,60.0,0.03571428571428571,0.25,0.07142857142857142,0.2857142857142857,0.05357142857142857,0.26785714285714285,5.908603668212891,5.489727020263672,0.4188766479492187,1,/home/hschatzle/data/storage-occ-v2/repos/monte-carlo-selection/results/part1_occlusion_robustness/artifacts/ns_cow_350/resnet50_geirhos_tl/position_scores_size_8.csv
ns_cow_350,resnet50_geirhos_tl,16,8,8,48,16.0,56.0,0.03571428571428571,0.21428571428571427,0.10714285714285714,0.2857142857142857,0.07142857142857142,0.25,5.908603668212891,5.170877933502197,0.7377257347106934,1,/home/hschatzle/data/storage-occ-v2/repos/monte-carlo-selection/results/part1_occlusion_robustness/artifacts/ns_cow_350/resnet50_geirhos_tl/position_scores_size_16.csv
ns_cow_350,resnet50_geirhos_tl,32,16,0,80,16.0,96.0,0.0,0.35714285714285715,0.14285714285714285,0.5,0.07142857142857142,0.42857142857142855,5.908603668212891,5.060388565063477,0.8482151031494141,1,/home/hschatzle/data/storage-occ-v2/repos/monte-carlo-selection/results/part1_occlusion_robustness/artifacts/ns_cow_350/resnet50_geirhos_tl/position_scores_size_32.csv
ns_cow_350,resnet50_geirhos_tl,64,32,64,32,96.0,64.0,0.2857142857142857,0.14285714285714285,0.5714285714285714,0.42857142857142855,0.42857142857142855,0.2857142857142857,5.908603668212891,3.825796127319336,2.0828075408935547,1,/home/hschatzle/data/storage-occ-v2/repos/monte-carlo-selection/results/part1_occlusion_robustness/artifacts/ns_cow_350/resnet50_geirhos_tl/position_scores_size_64.csv
ns_cow_350,resnet50_tl_20250829,8,4,48,48,52.0,52.0,0.21428571428571427,0.21428571428571427,0.25,0.25,0.23214285714285715,0.23214285714285715,132.8637237548828,132.0489959716797,0.814727783203125,1,/home/hschatzle/data/storage-occ-v2/repos/monte-carlo-selection/results/part1_occlusion_robustness/artifacts/ns_cow_350/resnet50_tl_20250829/position_scores_size_8.csv
ns_cow_350,resnet50_tl_20250829,16,8,56,168,64.0,176.0,0.25,0.75,0.32142857142857145,0.8214285714285714,0.2857142857142857,0.7857142857142857,132.8637237548828,131.09500122070312,1.7687225341796875,1,/home/hschatzle/data/storage-occ-v2/repos/monte-carlo-selection/results/part1_occlusion_robustness/artifacts/ns_cow_350/resnet50_tl_20250829/position_scores_size_16.csv
ns_cow_350,resnet50_tl_20250829,32,16,144,16,160.0,32.0,0.6428571428571429,0.07142857142857142,0.7857142857142857,0.21428571428571427,0.7142857142857143,0.14285714285714285,132.8637237548828,126.82109832763672,6.042625427246094,1,/home/hschatzle/data/storage-occ-v2/repos/monte-carlo-selection/results/part1_occlusion_robustness/artifacts/ns_cow_350/resnet50_tl_20250829/position_scores_size_32.csv
ns_cow_350,resnet50_tl_20250829,64,32,32,0,64.0,32.0,0.14285714285714285,0.0,0.42857142857142855,0.2857142857142857,0.2857142857142857,0.14285714285714285,132.8637237548828,118.17972564697266,14.683998107910156,1,/home/hschatzle/data/storage-occ-v2/repos/monte-carlo-selection/results/part1_occlusion_robustness/artifacts/ns_cow_350/resnet50_tl_20250829/position_scores_size_64.csv
ns_cow_510,resnet50_geirhos_tl,8,4,20,76,24.0,80.0,0.08928571428571429,0.3392857142857143,0.125,0.375,0.10714285714285714,0.35714285714285715,6.473172187805176,6.123373031616211,0.3497991561889648,1,/home/hschatzle/data/storage-occ-v2/repos/monte-carlo-selection/results/part1_occlusion_robustness/artifacts/ns_cow_510/resnet50_geirhos_tl/position_scores_size_8.csv
ns_cow_510,resnet50_geirhos_tl,16,8,8,48,16.0,56.0,0.03571428571428571,0.21428571428571427,0.10714285714285714,0.2857142857142857,0.07142857142857142,0.25,6.473172187805176,5.303123950958252,1.1700482368469238,1,/home/hschatzle/data/storage-occ-v2/repos/monte-carlo-selection/results/part1_occlusion_robustness/artifacts/ns_cow_510/resnet50_geirhos_tl/position_scores_size_16.csv
ns_cow_510,resnet50_geirhos_tl,32,16,16,128,32.0,144.0,0.07142857142857142,0.5714285714285714,0.21428571428571427,0.7142857142857143,0.14285714285714285,0.6428571428571429,6.473172187805176,4.012476921081543,2.460695266723633,1,/home/hschatzle/data/storage-occ-v2/repos/monte-carlo-selection/results/part1_occlusion_robustness/artifacts/ns_cow_510/resnet50_geirhos_tl/position_scores_size_32.csv
ns_cow_510,resnet50_geirhos_tl,64,32,0,96,32.0,128.0,0.0,0.42857142857142855,0.2857142857142857,0.7142857142857143,0.14285714285714285,0.5714285714285714,6.473172187805176,1.6877793073654177,4.785392880439758,1,/home/hschatzle/data/storage-occ-v2/repos/monte-carlo-selection/results/part1_occlusion_robustness/artifacts/ns_cow_510/resnet50_geirhos_tl/position_scores_size_64.csv
ns_cow_510,resnet50_tl_20250829,8,4,48,48,52.0,52.0,0.21428571428571427,0.21428571428571427,0.25,0.25,0.23214285714285715,0.23214285714285715,152.57012939453125,151.57705688476562,0.993072509765625,1,/home/hschatzle/data/storage-occ-v2/repos/monte-carlo-selection/results/part1_occlusion_robustness/artifacts/ns_cow_510/resnet50_tl_20250829/position_scores_size_8.csv
ns_cow_510,resnet50_tl_20250829,16,8,64,168,72.0,176.0,0.2857142857142857,0.75,0.35714285714285715,0.8214285714285714,0.32142857142857145,0.7857142857142857,152.57012939453125,150.48594665527344,2.0841827392578125,1,/home/hschatzle/data/storage-occ-v2/repos/monte-carlo-selection/results/part1_occlusion_robustness/artifacts/ns_cow_510/resnet50_tl_20250829/position_scores_size_16.csv
ns_cow_510,resnet50_tl_20250829,32,16,48,160,64.0,176.0,0.21428571428571427,0.7142857142857143,0.35714285714285715,0.8571428571428571,0.2857142857142857,0.7857142857142857,152.57012939453125,145.9390106201172,6.631118774414063,1,/home/hschatzle/data/storage-occ-v2/repos/monte-carlo-selection/results/part1_occlusion_robustness/artifacts/ns_cow_510/resnet50_tl_20250829/position_scores_size_32.csv
ns_cow_510,resnet50_tl_20250829,64,32,32,0,64.0,32.0,0.14285714285714285,0.0,0.42857142857142855,0.2857142857142857,0.2857142857142857,0.14285714285714285,152.57012939453125,136.21685791015625,16.353271484375,1,/home/hschatzle/data/storage-occ-v2/repos/monte-carlo-selection/results/part1_occlusion_robustness/artifacts/ns_cow_510/resnet50_tl_20250829/position_scores_size_64.csv
ns_cow_780,resnet50_geirhos_tl,8,4,156,36,160.0,40.0,0.6964285714285714,0.16071428571428573,0.7321428571428571,0.19642857142857142,0.7142857142857143,0.17857142857142858,6.982400417327881,6.653270244598389,0.3291301727294922,1,/home/hschatzle/data/storage-occ-v2/repos/monte-carlo-selection/results/part1_occlusion_robustness/artifacts/ns_cow_780/resnet50_geirhos_tl/position_scores_size_8.csv
ns_cow_780,resnet50_geirhos_tl,16,8,8,56,16.0,64.0,0.03571428571428571,0.25,0.10714285714285714,0.32142857142857145,0.07142857142857142,0.2857142857142857,6.982400417327881,6.263202667236328,0.7191977500915527,1,/home/hschatzle/data/storage-occ-v2/repos/monte-carlo-selection/results/part1_occlusion_robustness/artifacts/ns_cow_780/resnet50_geirhos_tl/position_scores_size_16.csv
ns_cow_780,resnet50_geirhos_tl,32,16,0,144,16.0,160.0,0.0,0.6428571428571429,0.14285714285714285,0.7857142857142857,0.07142857142857142,0.7142857142857143,6.982400417327881,4.5103068351745605,2.4720935821533203,1,/home/hschatzle/data/storage-occ-v2/repos/monte-carlo-selection/results/part1_occlusion_robustness/artifacts/ns_cow_780/resnet50_geirhos_tl/position_scores_size_32.csv
ns_cow_780,resnet50_geirhos_tl,64,32,0,128,32.0,160.0,0.0,0.5714285714285714,0.2857142857142857,0.8571428571428571,0.14285714285714285,0.7142857142857143,6.982400417327881,2.7288713455200195,4.253529071807861,1,/home/hschatzle/data/storage-occ-v2/repos/monte-carlo-selection/results/part1_occlusion_robustness/artifacts/ns_cow_780/resnet50_geirhos_tl/position_scores_size_64.csv
ns_cow_780,resnet50_tl_20250829,8,4,156,172,160.0,176.0,0.6964285714285714,0.7678571428571429,0.7321428571428571,0.8035714285714286,0.7142857142857143,0.7857142857142857,143.73995971679688,142.8989715576172,0.8409881591796875,1,/home/hschatzle/data/storage-occ-v2/repos/monte-carlo-selection/results/part1_occlusion_robustness/artifacts/ns_cow_780/resnet50_tl_20250829/position_scores_size_8.csv
ns_cow_780,resnet50_tl_20250829,16,8,160,160,168.0,168.0,0.7142857142857143,0.7142857142857143,0.7857142857142857,0.7857142857142857,0.75,0.75,143.73995971679688,141.9084014892578,1.8315582275390625,1,/home/hschatzle/data/storage-occ-v2/repos/monte-carlo-selection/results/part1_occlusion_robustness/artifacts/ns_cow_780/resnet50_tl_20250829/position_scores_size_16.csv
ns_cow_780,resnet50_tl_20250829,32,16,64,160,80.0,176.0,0.2857142857142857,0.7142857142857143,0.42857142857142855,0.8571428571428571,0.35714285714285715,0.7857142857142857,143.73995971679688,137.2785186767578,6.461441040039063,1,/home/hschatzle/data/storage-occ-v2/repos/monte-carlo-selection/results/part1_occlusion_robustness/artifacts/ns_cow_780/resnet50_tl_20250829/position_scores_size_32.csv
ns_cow_780,resnet50_tl_20250829,64,32,32,0,64.0,32.0,0.14285714285714285,0.0,0.42857142857142855,0.2857142857142857,0.2857142857142857,0.14285714285714285,143.73995971679688,129.06491088867188,14.675048828125,1,/home/hschatzle/data/storage-occ-v2/repos/monte-carlo-selection/results/part1_occlusion_robustness/artifacts/ns_cow_780/resnet50_tl_20250829/position_scores_size_64.csv
ns_dog_105,resnet50_geirhos_tl,8,4,92,8,96.0,12.0,0.4107142857142857,0.03571428571428571,0.44642857142857145,0.07142857142857142,0.42857142857142855,0.05357142857142857,4.399888515472412,3.374697685241699,1.025190830230713,1,/home/hschatzle/data/storage-occ-v2/repos/monte-carlo-selection/results/part1_occlusion_robustness/artifacts/ns_dog_105/resnet50_geirhos_tl/position_scores_size_8.csv
ns_dog_105,resnet50_geirhos_tl,16,8,80,8,88.0,16.0,0.35714285714285715,0.03571428571428571,0.42857142857142855,0.10714285714285714,0.39285714285714285,0.07142857142857142,4.399888515472412,2.6813082695007324,1.7185802459716797,1,/home/hschatzle/data/storage-occ-v2/repos/monte-carlo-selection/results/part1_occlusion_robustness/artifacts/ns_dog_105/resnet50_geirhos_tl/position_scores_size_16.csv
ns_dog_105,resnet50_geirhos_tl,32,16,80,0,96.0,16.0,0.35714285714285715,0.0,0.5,0.14285714285714285,0.42857142857142855,0.07142857142857142,4.399888515472412,2.576147079467773,1.823741436004639,1,/home/hschatzle/data/storage-occ-v2/repos/monte-carlo-selection/results/part1_occlusion_robustness/artifacts/ns_dog_105/resnet50_geirhos_tl/position_scores_size_32.csv
ns_dog_105,resnet50_geirhos_tl,64,32,32,0,64.0,32.0,0.14285714285714285,0.0,0.42857142857142855,0.2857142857142857,0.2857142857142857,0.14285714285714285,4.399888515472412,1.372706174850464,3.027182340621948,1,/home/hschatzle/data/storage-occ-v2/repos/monte-carlo-selection/results/part1_occlusion_robustness/artifacts/ns_dog_105/resnet50_geirhos_tl/position_scores_size_64.csv
ns_dog_105,resnet50_tl_20250829,8,4,48,52,52.0,56.0,0.21428571428571427,0.23214285714285715,0.25,0.26785714285714285,0.23214285714285715,0.25,141.09365844726562,140.4327392578125,0.660919189453125,1,/home/hschatzle/data/storage-occ-v2/repos/monte-carlo-selection/results/part1_occlusion_robustness/artifacts/ns_dog_105/resnet50_tl_20250829/position_scores_size_8.csv
ns_dog_105,resnet50_tl_20250829,16,8,32,144,40.0,152.0,0.14285714285714285,0.6428571428571429,0.21428571428571427,0.7142857142857143,0.17857142857142858,0.6785714285714286,141.09365844726562,139.70924377441406,1.3844146728515625,1,/home/hschatzle/data/storage-occ-v2/repos/monte-carlo-selection/results/part1_occlusion_robustness/artifacts/ns_dog_105/resnet50_tl_20250829/position_scores_size_16.csv
ns_dog_105,resnet50_tl_20250829,32,16,128,16,144.0,32.0,0.5714285714285714,0.07142857142857142,0.7142857142857143,0.21428571428571427,0.6428571428571429,0.14285714285714285,141.09365844726562,135.7524871826172,5.3411712646484375,1,/home/hschatzle/data/storage-occ-v2/repos/monte-carlo-selection/results/part1_occlusion_robustness/artifacts/ns_dog_105/resnet50_tl_20250829/position_scores_size_32.csv
ns_dog_105,resnet50_tl_20250829,64,32,128,0,160.0,32.0,0.5714285714285714,0.0,0.8571428571428571,0.2857142857142857,0.7142857142857143,0.14285714285714285,141.09365844726562,129.68270874023438,11.41094970703125,1,/home/hschatzle/data/storage-occ-v2/repos/monte-carlo-selection/results/part1_occlusion_robustness/artifacts/ns_dog_105/resnet50_tl_20250829/position_scores_size_64.csv
ns_dog_214,resnet50_geirhos_tl,8,4,28,144,32.0,148.0,0.125,0.6428571428571429,0.16071428571428573,0.6785714285714286,0.14285714285714285,0.6607142857142857,6.404999732971191,6.216056346893311,0.1889433860778808,1,/home/hschatzle/data/storage-occ-v2/repos/monte-carlo-selection/results/part1_occlusion_robustness/artifacts/ns_dog_214/resnet50_geirhos_tl/position_scores_size_8.csv
ns_dog_214,resnet50_geirhos_tl,16,8,200,96,208.0,104.0,0.8928571428571429,0.42857142857142855,0.9642857142857143,0.5,0.9285714285714286,0.4642857142857143,6.404999732971191,6.06004524230957,0.3449544906616211,1,/home/hschatzle/data/storage-occ-v2/repos/monte-carlo-selection/results/part1_occlusion_robustness/artifacts/ns_dog_214/resnet50_geirhos_tl/position_scores_size_16.csv
ns_dog_214,resnet50_geirhos_tl,32,16,80,32,96.0,48.0,0.35714285714285715,0.14285714285714285,0.5,0.2857142857142857,0.42857142857142855,0.21428571428571427,6.404999732971191,5.754087448120117,0.6509122848510742,1,/home/hschatzle/data/storage-occ-v2/repos/monte-carlo-selection/results/part1_occlusion_robustness/artifacts/ns_dog_214/resnet50_geirhos_tl/position_scores_size_32.csv
ns_dog_214,resnet50_geirhos_tl,64,32,64,0,96.0,32.0,0.2857142857142857,0.0,0.5714285714285714,0.2857142857142857,0.42857142857142855,0.14285714285714285,6.404999732971191,2.4187159538269043,3.986283779144287,1,/home/hschatzle/data/storage-occ-v2/repos/monte-carlo-selection/results/part1_occlusion_robustness/artifacts/ns_dog_214/resnet50_geirhos_tl/position_scores_size_64.csv
ns_dog_214,resnet50_tl_20250829,8,4,96,172,100.0,176.0,0.42857142857142855,0.7678571428571429,0.4642857142857143,0.8035714285714286,0.44642857142857145,0.7857142857142857,134.8970947265625,134.06101989746094,0.8360748291015625,1,/home/hschatzle/data/storage-occ-v2/repos/monte-carlo-selection/results/part1_occlusion_robustness/artifacts/ns_dog_214/resnet50_tl_20250829/position_scores_size_8.csv
ns_dog_214,resnet50_tl_20250829,16,8,96,176,104.0,184.0,0.42857142857142855,0.7857142857142857,0.5,0.8571428571428571,0.4642857142857143,0.8214285714285714,134.8970947265625,132.9819793701172,1.9151153564453125,1,/home/hschatzle/data/storage-occ-v2/repos/monte-carlo-selection/results/part1_occlusion_robustness/artifacts/ns_dog_214/resnet50_tl_20250829/position_scores_size_16.csv
ns_dog_214,resnet50_tl_20250829,32,16,112,144,128.0,160.0,0.5,0.6428571428571429,0.6428571428571429,0.7857142857142857,0.5714285714285714,0.7142857142857143,134.8970947265625,128.2566680908203,6.640426635742188,1,/home/hschatzle/data/storage-occ-v2/repos/monte-carlo-selection/results/part1_occlusion_robustness/artifacts/ns_dog_214/resnet50_tl_20250829/position_scores_size_32.csv
ns_dog_214,resnet50_tl_20250829,64,32,96,0,128.0,32.0,0.42857142857142855,0.0,0.7142857142857143,0.2857142857142857,0.5714285714285714,0.14285714285714285,134.8970947265625,120.2909164428711,14.606178283691406,1,/home/hschatzle/data/storage-occ-v2/repos/monte-carlo-selection/results/part1_occlusion_robustness/artifacts/ns_dog_214/resnet50_tl_20250829/position_scores_size_64.csv
ns_dog_350,resnet50_geirhos_tl,8,4,96,8,100.0,12.0,0.42857142857142855,0.03571428571428571,0.4642857142857143,0.07142857142857142,0.44642857142857145,0.05357142857142857,4.108235359191895,3.603266716003418,0.5049686431884766,1,/home/hschatzle/data/storage-occ-v2/repos/monte-carlo-selection/results/part1_occlusion_robustness/artifacts/ns_dog_350/resnet50_geirhos_tl/position_scores_size_8.csv
ns_dog_350,resnet50_geirhos_tl,16,8,80,0,88.0,8.0,0.35714285714285715,0.0,0.42857142857142855,0.07142857142857142,0.39285714285714285,0.03571428571428571,4.108235359191895,3.267619609832764,0.8406157493591309,1,/home/hschatzle/data/storage-occ-v2/repos/monte-carlo-selection/results/part1_occlusion_robustness/artifacts/ns_dog_350/resnet50_geirhos_tl/position_scores_size_16.csv
ns_dog_350,resnet50_geirhos_tl,32,16,80,0,96.0,16.0,0.35714285714285715,0.0,0.5,0.14285714285714285,0.42857142857142855,0.07142857142857142,4.108235359191895,2.409111976623535,1.6991233825683594,1,/home/hschatzle/data/storage-occ-v2/repos/monte-carlo-selection/results/part1_occlusion_robustness/artifacts/ns_dog_350/resnet50_geirhos_tl/position_scores_size_32.csv
ns_dog_350,resnet50_geirhos_tl,64,32,32,32,64.0,64.0,0.14285714285714285,0.14285714285714285,0.42857142857142855,0.42857142857142855,0.2857142857142857,0.2857142857142857,4.108235359191895,1.0300638675689695,3.078171491622925,1,/home/hschatzle/data/storage-occ-v2/repos/monte-carlo-selection/results/part1_occlusion_robustness/artifacts/ns_dog_350/resnet50_geirhos_tl/position_scores_size_64.csv
ns_dog_350,resnet50_tl_20250829,8,4,144,172,148.0,176.0,0.6428571428571429,0.7678571428571429,0.6785714285714286,0.8035714285714286,0.6607142857142857,0.7857142857142857,125.40467834472656,124.42385864257812,0.9808197021484376,1,/home/hschatzle/data/storage-occ-v2/repos/monte-carlo-selection/results/part1_occlusion_robustness/artifacts/ns_dog_350/resnet50_tl_20250829/position_scores_size_8.csv
ns_dog_350,resnet50_tl_20250829,16,8,144,168,152.0,176.0,0.6428571428571429,0.75,0.7142857142857143,0.8214285714285714,0.6785714285714286,0.7857142857142857,125.40467834472656,124.13059997558594,1.274078369140625,1,/home/hschatzle/data/storage-occ-v2/repos/monte-carlo-selection/results/part1_occlusion_robustness/artifacts/ns_dog_350/resnet50_tl_20250829/position_scores_size_16.csv
ns_dog_350,resnet50_tl_20250829,32,16,160,32,176.0,48.0,0.7142857142857143,0.14285714285714285,0.8571428571428571,0.2857142857142857,0.7857142857142857,0.21428571428571427,125.40467834472656,120.08108520507812,5.3235931396484375,1,/home/hschatzle/data/storage-occ-v2/repos/monte-carlo-selection/results/part1_occlusion_robustness/artifacts/ns_dog_350/resnet50_tl_20250829/position_scores_size_32.csv
ns_dog_350,resnet50_tl_20250829,64,32,160,0,192.0,32.0,0.7142857142857143,0.0,1.0,0.2857142857142857,0.8571428571428571,0.14285714285714285,125.40467834472656,113.1005401611328,12.30413818359375,1,/home/hschatzle/data/storage-occ-v2/repos/monte-carlo-selection/results/part1_occlusion_robustness/artifacts/ns_dog_350/resnet50_tl_20250829/position_scores_size_64.csv
ns_dog_69,resnet50_geirhos_tl,8,4,164,156,168.0,160.0,0.7321428571428571,0.6964285714285714,0.7678571428571429,0.7321428571428571,0.75,0.7142857142857143,8.057964324951172,7.74041223526001,0.3175520896911621,1,/home/hschatzle/data/storage-occ-v2/repos/monte-carlo-selection/results/part1_occlusion_robustness/artifacts/ns_dog_69/resnet50_geirhos_tl/position_scores_size_8.csv
ns_dog_69,resnet50_geirhos_tl,16,8,184,96,192.0,104.0,0.8214285714285714,0.42857142857142855,0.8928571428571429,0.5,0.8571428571428571,0.4642857142857143,8.057964324951172,7.216588973999023,0.8413753509521484,1,/home/hschatzle/data/storage-occ-v2/repos/monte-carlo-selection/results/part1_occlusion_robustness/artifacts/ns_dog_69/resnet50_geirhos_tl/position_scores_size_16.csv
ns_dog_69,resnet50_geirhos_tl,32,16,32,96,48.0,112.0,0.14285714285714285,0.42857142857142855,0.2857142857142857,0.5714285714285714,0.21428571428571427,0.5,8.057964324951172,5.75670862197876,2.301255702972412,1,/home/hschatzle/data/storage-occ-v2/repos/monte-carlo-selection/results/part1_occlusion_robustness/artifacts/ns_dog_69/resnet50_geirhos_tl/position_scores_size_32.csv
ns_dog_69,resnet50_geirhos_tl,64,32,96,96,128.0,128.0,0.42857142857142855,0.42857142857142855,0.7142857142857143,0.7142857142857143,0.5714285714285714,0.5714285714285714,8.057964324951172,4.526764392852783,3.5311999320983887,1,/home/hschatzle/data/storage-occ-v2/repos/monte-carlo-selection/results/part1_occlusion_robustness/artifacts/ns_dog_69/resnet50_geirhos_tl/position_scores_size_64.csv
ns_dog_69,resnet50_tl_20250829,8,4,160,48,164.0,52.0,0.7142857142857143,0.21428571428571427,0.75,0.25,0.7321428571428571,0.23214285714285715,140.35813903808594,139.54180908203125,0.8163299560546875,1,/home/hschatzle/data/storage-occ-v2/repos/monte-carlo-selection/results/part1_occlusion_robustness/artifacts/ns_dog_69/resnet50_tl_20250829/position_scores_size_8.csv
ns_dog_69,resnet50_tl_20250829,16,8,128,80,136.0,88.0,0.5714285714285714,0.35714285714285715,0.6428571428571429,0.42857142857142855,0.6071428571428571,0.39285714285714285,140.35813903808594,138.2925262451172,2.06561279296875,1,/home/hschatzle/data/storage-occ-v2/repos/monte-carlo-selection/results/part1_occlusion_robustness/artifacts/ns_dog_69/resnet50_tl_20250829/position_scores_size_16.csv
ns_dog_69,resnet50_tl_20250829,32,16,144,32,160.0,48.0,0.6428571428571429,0.14285714285714285,0.7857142857142857,0.2857142857142857,0.7142857142857143,0.21428571428571427,140.35813903808594,134.09793090820312,6.2602081298828125,1,/home/hschatzle/data/storage-occ-v2/repos/monte-carlo-selection/results/part1_occlusion_robustness/artifacts/ns_dog_69/resnet50_tl_20250829/position_scores_size_32.csv
ns_dog_69,resnet50_tl_20250829,64,32,128,0,160.0,32.0,0.5714285714285714,0.0,0.8571428571428571,0.2857142857142857,0.7142857142857143,0.14285714285714285,140.35813903808594,125.92266845703124,14.435470581054688,1,/home/hschatzle/data/storage-occ-v2/repos/monte-carlo-selection/results/part1_occlusion_robustness/artifacts/ns_dog_69/resnet50_tl_20250829/position_scores_size_64.csv
ns_dog_780,resnet50_geirhos_tl,8,4,84,36,88.0,40.0,0.375,0.16071428571428573,0.4107142857142857,0.19642857142857142,0.39285714285714285,0.17857142857142858,6.852804660797119,6.495553493499756,0.3572511672973633,1,/home/hschatzle/data/storage-occ-v2/repos/monte-carlo-selection/results/part1_occlusion_robustness/artifacts/ns_dog_780/resnet50_geirhos_tl/position_scores_size_8.csv
ns_dog_780,resnet50_geirhos_tl,16,8,168,48,176.0,56.0,0.75,0.21428571428571427,0.8214285714285714,0.2857142857142857,0.7857142857142857,0.25,6.852804660797119,6.507725715637207,0.3450789451599121,1,/home/hschatzle/data/storage-occ-v2/repos/monte-carlo-selection/results/part1_occlusion_robustness/artifacts/ns_dog_780/resnet50_geirhos_tl/position_scores_size_16.csv
ns_dog_780,resnet50_geirhos_tl,32,16,48,32,64.0,48.0,0.21428571428571427,0.14285714285714285,0.35714285714285715,0.2857142857142857,0.2857142857142857,0.21428571428571427,6.852804660797119,5.752154350280762,1.1006503105163574,1,/home/hschatzle/data/storage-occ-v2/repos/monte-carlo-selection/results/part1_occlusion_robustness/artifacts/ns_dog_780/resnet50_geirhos_tl/position_scores_size_32.csv
ns_dog_780,resnet50_geirhos_tl,64,32,64,0,96.0,32.0,0.2857142857142857,0.0,0.5714285714285714,0.2857142857142857,0.42857142857142855,0.14285714285714285,6.852804660797119,4.6475372314453125,2.205267429351806,1,/home/hschatzle/data/storage-occ-v2/repos/monte-carlo-selection/results/part1_occlusion_robustness/artifacts/ns_dog_780/resnet50_geirhos_tl/position_scores_size_64.csv
ns_dog_780,resnet50_tl_20250829,8,4,160,48,164.0,52.0,0.7142857142857143,0.21428571428571427,0.75,0.25,0.7321428571428571,0.23214285714285715,141.00888061523438,140.16970825195312,0.83917236328125,1,/home/hschatzle/data/storage-occ-v2/repos/monte-carlo-selection/results/part1_occlusion_robustness/artifacts/ns_dog_780/resnet50_tl_20250829/position_scores_size_8.csv
ns_dog_780,resnet50_tl_20250829,16,8,128,160,136.0,168.0,0.5714285714285714,0.7142857142857143,0.6428571428571429,0.7857142857142857,0.6071428571428571,0.75,141.00888061523438,139.15846252441406,1.8504180908203125,1,/home/hschatzle/data/storage-occ-v2/repos/monte-carlo-selection/results/part1_occlusion_robustness/artifacts/ns_dog_780/resnet50_tl_20250829/position_scores_size_16.csv
ns_dog_780,resnet50_tl_20250829,32,16,16,160,32.0,176.0,0.07142857142857142,0.7142857142857143,0.21428571428571427,0.8571428571428571,0.14285714285714285,0.7857142857142857,141.00888061523438,134.6571807861328,6.3516998291015625,1,/home/hschatzle/data/storage-occ-v2/repos/monte-carlo-selection/results/part1_occlusion_robustness/artifacts/ns_dog_780/resnet50_tl_20250829/position_scores_size_32.csv
ns_dog_780,resnet50_tl_20250829,64,32,128,0,160.0,32.0,0.5714285714285714,0.0,0.8571428571428571,0.2857142857142857,0.7142857142857143,0.14285714285714285,141.00888061523438,125.35227966308594,15.656600952148438,1,/home/hschatzle/data/storage-occ-v2/repos/monte-carlo-selection/results/part1_occlusion_robustness/artifacts/ns_dog_780/resnet50_tl_20250829/position_scores_size_64.csv
ns_elephant_100,resnet50_geirhos_tl,8,4,132,48,136.0,52.0,0.5892857142857143,0.21428571428571427,0.625,0.25,0.6071428571428571,0.23214285714285715,6.100034236907959,5.613485813140869,0.4865484237670898,1,/home/hschatzle/data/storage-occ-v2/repos/monte-carlo-selection/results/part1_occlusion_robustness/artifacts/ns_elephant_100/resnet50_geirhos_tl/position_scores_size_8.csv
ns_elephant_100,resnet50_geirhos_tl,16,8,120,64,128.0,72.0,0.5357142857142857,0.2857142857142857,0.6071428571428571,0.35714285714285715,0.5714285714285714,0.32142857142857145,6.100034236907959,5.322604656219482,0.7774295806884766,1,/home/hschatzle/data/storage-occ-v2/repos/monte-carlo-selection/results/part1_occlusion_robustness/artifacts/ns_elephant_100/resnet50_geirhos_tl/position_scores_size_16.csv
ns_elephant_100,resnet50_geirhos_tl,32,16,80,144,96.0,160.0,0.35714285714285715,0.6428571428571429,0.5,0.7857142857142857,0.42857142857142855,0.7142857142857143,6.100034236907959,4.941155433654785,1.1588788032531738,1,/home/hschatzle/data/storage-occ-v2/repos/monte-carlo-selection/results/part1_occlusion_robustness/artifacts/ns_elephant_100/resnet50_geirhos_tl/position_scores_size_32.csv
ns_elephant_100,resnet50_geirhos_tl,64,32,96,128,128.0,160.0,0.42857142857142855,0.5714285714285714,0.7142857142857143,0.8571428571428571,0.5714285714285714,0.7142857142857143,6.100034236907959,3.01698899269104,3.083045244216919,1,/home/hschatzle/data/storage-occ-v2/repos/monte-carlo-selection/results/part1_occlusion_robustness/artifacts/ns_elephant_100/resnet50_geirhos_tl/position_scores_size_64.csv
ns_elephant_100,resnet50_tl_20250829,8,4,28,76,32.0,80.0,0.125,0.3392857142857143,0.16071428571428573,0.375,0.14285714285714285,0.35714285714285715,141.1676483154297,140.21678161621094,0.95086669921875,1,/home/hschatzle/data/storage-occ-v2/repos/monte-carlo-selection/results/part1_occlusion_robustness/artifacts/ns_elephant_100/resnet50_tl_20250829/position_scores_size_8.csv
ns_elephant_100,resnet50_tl_20250829,16,8,32,72,40.0,80.0,0.14285714285714285,0.32142857142857145,0.21428571428571427,0.39285714285714285,0.17857142857142858,0.35714285714285715,141.1676483154297,139.14431762695312,2.0233306884765625,1,/home/hschatzle/data/storage-occ-v2/repos/monte-carlo-selection/results/part1_occlusion_robustness/artifacts/ns_elephant_100/resnet50_tl_20250829/position_scores_size_16.csv
ns_elephant_100,resnet50_tl_20250829,32,16,32,64,48.0,80.0,0.14285714285714285,0.2857142857142857,0.2857142857142857,0.42857142857142855,0.21428571428571427,0.35714285714285715,141.1676483154297,134.88619995117188,6.2814483642578125,1,/home/hschatzle/data/storage-occ-v2/repos/monte-carlo-selection/results/part1_occlusion_robustness/artifacts/ns_elephant_100/resnet50_tl_20250829/position_scores_size_32.csv
ns_elephant_100,resnet50_tl_20250829,64,32,32,32,64.0,64.0,0.14285714285714285,0.14285714285714285,0.42857142857142855,0.42857142857142855,0.2857142857142857,0.2857142857142857,141.1676483154297,125.81751251220705,15.350135803222656,1,/home/hschatzle/data/storage-occ-v2/repos/monte-carlo-selection/results/part1_occlusion_robustness/artifacts/ns_elephant_100/resnet50_tl_20250829/position_scores_size_64.csv
ns_elephant_109,resnet50_geirhos_tl,8,4,184,40,188.0,44.0,0.8214285714285714,0.17857142857142858,0.8571428571428571,0.21428571428571427,0.8392857142857143,0.19642857142857142,6.249511241912842,5.776877403259277,0.4726338386535644,1,/home/hschatzle/data/storage-occ-v2/repos/monte-carlo-selection/results/part1_occlusion_robustness/artifacts/ns_elephant_109/resnet50_geirhos_tl/position_scores_size_8.csv
ns_elephant_109,resnet50_geirhos_tl,16,8,72,184,80.0,192.0,0.32142857142857145,0.8214285714285714,0.39285714285714285,0.8928571428571429,0.35714285714285715,0.8571428571428571,6.249511241912842,5.242637634277344,1.006873607635498,1,/home/hschatzle/data/storage-occ-v2/repos/monte-carlo-selection/results/part1_occlusion_robustness/artifacts/ns_elephant_109/resnet50_geirhos_tl/position_scores_size_16.csv
ns_elephant_109,resnet50_geirhos_tl,32,16,64,192,80.0,208.0,0.2857142857142857,0.8571428571428571,0.42857142857142855,1.0,0.35714285714285715,0.9285714285714286,6.249511241912842,5.073824882507324,1.1756863594055176,1,/home/hschatzle/data/storage-occ-v2/repos/monte-carlo-selection/results/part1_occlusion_robustness/artifacts/ns_elephant_109/resnet50_geirhos_tl/position_scores_size_32.csv
ns_elephant_109,resnet50_geirhos_tl,64,32,32,128,64.0,160.0,0.14285714285714285,0.5714285714285714,0.42857142857142855,0.8571428571428571,0.2857142857142857,0.7142857142857143,6.249511241912842,2.9847490787506104,3.2647621631622314,1,/home/hschatzle/data/storage-occ-v2/repos/monte-carlo-selection/results/part1_occlusion_robustness/artifacts/ns_elephant_109/resnet50_geirhos_tl/position_scores_size_64.csv
ns_elephant_109,resnet50_tl_20250829,8,4,92,0,96.0,4.0,0.4107142857142857,0.0,0.44642857142857145,0.03571428571428571,0.42857142857142855,0.017857142857142856,117.45327758789062,116.51902770996094,0.9342498779296876,1,/home/hschatzle/data/storage-occ-v2/repos/monte-carlo-selection/results/part1_occlusion_robustness/artifacts/ns_elephant_109/resnet50_tl_20250829/position_scores_size_8.csv
ns_elephant_109,resnet50_tl_20250829,16,8,152,0,160.0,8.0,0.6785714285714286,0.0,0.75,0.07142857142857142,0.7142857142857143,0.03571428571428571,117.45327758789062,115.45208740234376,2.001190185546875,1,/home/hschatzle/data/storage-occ-v2/repos/monte-carlo-selection/results/part1_occlusion_robustness/artifacts/ns_elephant_109/resnet50_tl_20250829/position_scores_size_16.csv
ns_elephant_109,resnet50_tl_20250829,32,16,176,0,192.0,16.0,0.7857142857142857,0.0,0.9285714285714286,0.14285714285714285,0.8571428571428571,0.07142857142857142,117.45327758789062,113.21017456054688,4.24310302734375,1,/home/hschatzle/data/storage-occ-v2/repos/monte-carlo-selection/results/part1_occlusion_robustness/artifacts/ns_elephant_109/resnet50_tl_20250829/position_scores_size_32.csv
ns_elephant_109,resnet50_tl_20250829,64,32,0,0,32.0,32.0,0.0,0.0,0.2857142857142857,0.2857142857142857,0.14285714285714285,0.14285714285714285,117.45327758789062,106.3722686767578,11.081008911132812,1,/home/hschatzle/data/storage-occ-v2/repos/monte-carlo-selection/results/part1_occlusion_robustness/artifacts/ns_elephant_109/resnet50_tl_20250829/position_scores_size_64.csv
ns_elephant_350,resnet50_geirhos_tl,8,4,72,68,76.0,72.0,0.32142857142857145,0.30357142857142855,0.35714285714285715,0.3392857142857143,0.3392857142857143,0.32142857142857145,4.834375381469727,4.255294322967529,0.5790810585021973,1,/home/hschatzle/data/storage-occ-v2/repos/monte-carlo-selection/results/part1_occlusion_robustness/artifacts/ns_elephant_350/resnet50_geirhos_tl/position_scores_size_8.csv
ns_elephant_350,resnet50_geirhos_tl,16,8,104,48,112.0,56.0,0.4642857142857143,0.21428571428571427,0.5357142857142857,0.2857142857142857,0.5,0.25,4.834375381469727,3.754529476165772,1.079845905303955,1,/home/hschatzle/data/storage-occ-v2/repos/monte-carlo-selection/results/part1_occlusion_robustness/artifacts/ns_elephant_350/resnet50_geirhos_tl/position_scores_size_16.csv
ns_elephant_350,resnet50_geirhos_tl,32,16,96,32,112.0,48.0,0.42857142857142855,0.14285714285714285,0.5714285714285714,0.2857142857142857,0.5,0.21428571428571427,4.834375381469727,1.465435028076172,3.3689403533935547,1,/home/hschatzle/data/storage-occ-v2/repos/monte-carlo-selection/results/part1_occlusion_robustness/artifacts/ns_elephant_350/resnet50_geirhos_tl/position_scores_size_32.csv
ns_elephant_350,resnet50_geirhos_tl,64,32,64,0,96.0,32.0,0.2857142857142857,0.0,0.5714285714285714,0.2857142857142857,0.42857142857142855,0.14285714285714285,4.834375381469727,2.105456590652466,2.7289187908172607,1,/home/hschatzle/data/storage-occ-v2/repos/monte-carlo-selection/results/part1_occlusion_robustness/artifacts/ns_elephant_350/resnet50_geirhos_tl/position_scores_size_64.csv
ns_elephant_350,resnet50_tl_20250829,8,4,32,156,36.0,160.0,0.14285714285714285,0.6964285714285714,0.17857142857142858,0.7321428571428571,0.16071428571428573,0.7142857142857143,141.4656219482422,140.906494140625,0.5591278076171875,1,/home/hschatzle/data/storage-occ-v2/repos/monte-carlo-selection/results/part1_occlusion_robustness/artifacts/ns_elephant_350/resnet50_tl_20250829/position_scores_size_8.csv
ns_elephant_350,resnet50_tl_20250829,16,8,48,144,56.0,152.0,0.21428571428571427,0.6428571428571429,0.2857142857142857,0.7142857142857143,0.25,0.6785714285714286,141.4656219482422,140.06924438476562,1.3963775634765625,1,/home/hschatzle/data/storage-occ-v2/repos/monte-carlo-selection/results/part1_occlusion_robustness/artifacts/ns_elephant_350/resnet50_tl_20250829/position_scores_size_16.csv
ns_elephant_350,resnet50_tl_20250829,32,16,16,160,32.0,176.0,0.07142857142857142,0.7142857142857143,0.21428571428571427,0.8571428571428571,0.14285714285714285,0.7857142857142857,141.4656219482422,136.166259765625,5.299362182617188,1,/home/hschatzle/data/storage-occ-v2/repos/monte-carlo-selection/results/part1_occlusion_robustness/artifacts/ns_elephant_350/resnet50_tl_20250829/position_scores_size_32.csv
ns_elephant_350,resnet50_tl_20250829,64,32,128,0,160.0,32.0,0.5714285714285714,0.0,0.8571428571428571,0.2857142857142857,0.7142857142857143,0.14285714285714285,141.4656219482422,128.6071014404297,12.8585205078125,1,/home/hschatzle/data/storage-occ-v2/repos/monte-carlo-selection/results/part1_occlusion_robustness/artifacts/ns_elephant_350/resnet50_tl_20250829/position_scores_size_64.csv
ns_elephant_47,resnet50_geirhos_tl,8,4,192,68,196.0,72.0,0.8571428571428571,0.30357142857142855,0.8928571428571429,0.3392857142857143,0.875,0.32142857142857145,7.963332653045654,7.55567455291748,0.4076581001281738,1,/home/hschatzle/data/storage-occ-v2/repos/monte-carlo-selection/results/part1_occlusion_robustness/artifacts/ns_elephant_47/resnet50_geirhos_tl/position_scores_size_8.csv
ns_elephant_47,resnet50_geirhos_tl,16,8,192,56,200.0,64.0,0.8571428571428571,0.25,0.9285714285714286,0.32142857142857145,0.8928571428571429,0.2857142857142857,7.963332653045654,7.348305225372314,0.6150274276733398,1,/home/hschatzle/data/storage-occ-v2/repos/monte-carlo-selection/results/part1_occlusion_robustness/artifacts/ns_elephant_47/resnet50_geirhos_tl/position_scores_size_16.csv
ns_elephant_47,resnet50_geirhos_tl,32,16,160,112,176.0,128.0,0.7142857142857143,0.5,0.8571428571428571,0.6428571428571429,0.7857142857142857,0.5714285714285714,7.963332653045654,6.6489787101745605,1.3143539428710938,1,/home/hschatzle/data/storage-occ-v2/repos/monte-carlo-selection/results/part1_occlusion_robustness/artifacts/ns_elephant_47/resnet50_geirhos_tl/position_scores_size_32.csv
ns_elephant_47,resnet50_geirhos_tl,64,32,64,96,96.0,128.0,0.2857142857142857,0.42857142857142855,0.5714285714285714,0.7142857142857143,0.42857142857142855,0.5714285714285714,7.963332653045654,4.741136074066162,3.222196578979492,1,/home/hschatzle/data/storage-occ-v2/repos/monte-carlo-selection/results/part1_occlusion_robustness/artifacts/ns_elephant_47/resnet50_geirhos_tl/position_scores_size_64.csv
ns_elephant_47,resnet50_tl_20250829,8,4,44,176,48.0,180.0,0.19642857142857142,0.7857142857142857,0.23214285714285715,0.8214285714285714,0.21428571428571427,0.8035714285714286,139.74813842773438,139.0249786376953,0.7231597900390625,1,/home/hschatzle/data/storage-occ-v2/repos/monte-carlo-selection/results/part1_occlusion_robustness/artifacts/ns_elephant_47/resnet50_tl_20250829/position_scores_size_8.csv
ns_elephant_47,resnet50_tl_20250829,16,8,48,176,56.0,184.0,0.21428571428571427,0.7857142857142857,0.2857142857142857,0.8571428571428571,0.25,0.8214285714285714,139.74813842773438,138.0661163330078,1.6820220947265625,1,/home/hschatzle/data/storage-occ-v2/repos/monte-carlo-selection/results/part1_occlusion_robustness/artifacts/ns_elephant_47/resnet50_tl_20250829/position_scores_size_16.csv
ns_elephant_47,resnet50_tl_20250829,32,16,16,160,32.0,176.0,0.07142857142857142,0.7142857142857143,0.21428571428571427,0.8571428571428571,0.14285714285714285,0.7857142857142857,139.74813842773438,133.63572692871094,6.1124114990234375,1,/home/hschatzle/data/storage-occ-v2/repos/monte-carlo-selection/results/part1_occlusion_robustness/artifacts/ns_elephant_47/resnet50_tl_20250829/position_scores_size_32.csv
ns_elephant_47,resnet50_tl_20250829,64,32,0,160,32.0,192.0,0.0,0.7142857142857143,0.2857142857142857,1.0,0.14285714285714285,0.8571428571428571,139.74813842773438,127.27582550048828,12.472312927246094,1,/home/hschatzle/data/storage-occ-v2/repos/monte-carlo-selection/results/part1_occlusion_robustness/artifacts/ns_elephant_47/resnet50_tl_20250829/position_scores_size_64.csv
ns_elephant_780,resnet50_geirhos_tl,8,4,188,92,192.0,96.0,0.8392857142857143,0.4107142857142857,0.875,0.44642857142857145,0.8571428571428571,0.42857142857142855,5.769641876220703,5.4049577713012695,0.3646841049194336,1,/home/hschatzle/data/storage-occ-v2/repos/monte-carlo-selection/results/part1_occlusion_robustness/artifacts/ns_elephant_780/resnet50_geirhos_tl/position_scores_size_8.csv
ns_elephant_780,resnet50_geirhos_tl,16,8,96,104,104.0,112.0,0.42857142857142855,0.4642857142857143,0.5,0.5357142857142857,0.4642857142857143,0.5,5.769641876220703,4.891700267791748,0.8779416084289551,1,/home/hschatzle/data/storage-occ-v2/repos/monte-carlo-selection/results/part1_occlusion_robustness/artifacts/ns_elephant_780/resnet50_geirhos_tl/position_scores_size_16.csv
ns_elephant_780,resnet50_geirhos_tl,32,16,80,64,96.0,80.0,0.35714285714285715,0.2857142857142857,0.5,0.42857142857142855,0.42857142857142855,0.35714285714285715,5.769641876220703,4.151382446289063,1.6182594299316406,1,/home/hschatzle/data/storage-occ-v2/repos/monte-carlo-selection/results/part1_occlusion_robustness/artifacts/ns_elephant_780/resnet50_geirhos_tl/position_scores_size_32.csv
ns_elephant_780,resnet50_geirhos_tl,64,32,128,96,160.0,128.0,0.5714285714285714,0.42857142857142855,0.8571428571428571,0.7142857142857143,0.7142857142857143,0.5714285714285714,5.769641876220703,3.1605615615844727,2.6090803146362305,1,/home/hschatzle/data/storage-occ-v2/repos/monte-carlo-selection/results/part1_occlusion_robustness/artifacts/ns_elephant_780/resnet50_geirhos_tl/position_scores_size_64.csv
ns_elephant_780,resnet50_tl_20250829,8,4,60,192,64.0,196.0,0.26785714285714285,0.8571428571428571,0.30357142857142855,0.8928571428571429,0.2857142857142857,0.875,147.64105224609375,146.95460510253906,0.6864471435546875,1,/home/hschatzle/data/storage-occ-v2/repos/monte-carlo-selection/results/part1_occlusion_robustness/artifacts/ns_elephant_780/resnet50_tl_20250829/position_scores_size_8.csv
ns_elephant_780,resnet50_tl_20250829,16,8,64,160,72.0,168.0,0.2857142857142857,0.7142857142857143,0.35714285714285715,0.7857142857142857,0.32142857142857145,0.75,147.64105224609375,145.6587677001953,1.9822845458984373,1,/home/hschatzle/data/storage-occ-v2/repos/monte-carlo-selection/results/part1_occlusion_robustness/artifacts/ns_elephant_780/resnet50_tl_20250829/position_scores_size_16.csv
ns_elephant_780,resnet50_tl_20250829,32,16,32,160,48.0,176.0,0.14285714285714285,0.7142857142857143,0.2857142857142857,0.8571428571428571,0.21428571428571427,0.7857142857142857,147.64105224609375,140.54986572265625,7.0911865234375,1,/home/hschatzle/data/storage-occ-v2/repos/monte-carlo-selection/results/part1_occlusion_robustness/artifacts/ns_elephant_780/resnet50_tl_20250829/position_scores_size_32.csv
ns_elephant_780,resnet50_tl_20250829,64,32,0,128,32.0,160.0,0.0,0.5714285714285714,0.2857142857142857,0.8571428571428571,0.14285714285714285,0.7142857142857143,147.64105224609375,132.9727783203125,14.66827392578125,1,/home/hschatzle/data/storage-occ-v2/repos/monte-carlo-selection/results/part1_occlusion_robustness/artifacts/ns_elephant_780/resnet50_tl_20250829/position_scores_size_64.csv
ns_lion_350,resnet50_geirhos_tl,8,4,188,88,192.0,92.0,0.8392857142857143,0.39285714285714285,0.875,0.42857142857142855,0.8571428571428571,0.4107142857142857,3.893073558807373,3.599403142929077,0.2936704158782959,1,/home/hschatzle/data/storage-occ-v2/repos/monte-carlo-selection/results/part1_occlusion_robustness/artifacts/ns_lion_350/resnet50_geirhos_tl/position_scores_size_8.csv
ns_lion_350,resnet50_geirhos_tl,16,8,136,136,144.0,144.0,0.6071428571428571,0.6071428571428571,0.6785714285714286,0.6785714285714286,0.6428571428571429,0.6428571428571429,3.893073558807373,2.77306604385376,1.1200075149536133,1,/home/hschatzle/data/storage-occ-v2/repos/monte-carlo-selection/results/part1_occlusion_robustness/artifacts/ns_lion_350/resnet50_geirhos_tl/position_scores_size_16.csv
ns_lion_350,resnet50_geirhos_tl,32,16,80,128,96.0,144.0,0.35714285714285715,0.5714285714285714,0.5,0.7142857142857143,0.42857142857142855,0.6428571428571429,3.893073558807373,0.9585444927215576,2.9345290660858154,1,/home/hschatzle/data/storage-occ-v2/repos/monte-carlo-selection/results/part1_occlusion_robustness/artifacts/ns_lion_350/resnet50_geirhos_tl/position_scores_size_32.csv
ns_lion_350,resnet50_geirhos_tl,64,32,64,128,96.0,160.0,0.2857142857142857,0.5714285714285714,0.5714285714285714,0.8571428571428571,0.42857142857142855,0.7142857142857143,3.893073558807373,0.3139004707336426,3.5791730880737305,1,/home/hschatzle/data/storage-occ-v2/repos/monte-carlo-selection/results/part1_occlusion_robustness/artifacts/ns_lion_350/resnet50_geirhos_tl/position_scores_size_64.csv
ns_lion_350,resnet50_tl_20250829,8,4,176,144,180.0,148.0,0.7857142857142857,0.6428571428571429,0.8214285714285714,0.6785714285714286,0.8035714285714286,0.6607142857142857,158.31256103515625,157.55599975585938,0.756561279296875,1,/home/hschatzle/data/storage-occ-v2/repos/monte-carlo-selection/results/part1_occlusion_robustness/artifacts/ns_lion_350/resnet50_tl_20250829/position_scores_size_8.csv
ns_lion_350,resnet50_tl_20250829,16,8,32,152,40.0,160.0,0.14285714285714285,0.6785714285714286,0.21428571428571427,0.75,0.17857142857142858,0.7142857142857143,158.31256103515625,156.80596923828125,1.506591796875,1,/home/hschatzle/data/storage-occ-v2/repos/monte-carlo-selection/results/part1_occlusion_robustness/artifacts/ns_lion_350/resnet50_tl_20250829/position_scores_size_16.csv
ns_lion_350,resnet50_tl_20250829,32,16,48,144,64.0,160.0,0.21428571428571427,0.6428571428571429,0.35714285714285715,0.7857142857142857,0.2857142857142857,0.7142857142857143,158.31256103515625,151.9878692626953,6.3246917724609375,1,/home/hschatzle/data/storage-occ-v2/repos/monte-carlo-selection/results/part1_occlusion_robustness/artifacts/ns_lion_350/resnet50_tl_20250829/position_scores_size_32.csv
ns_lion_350,resnet50_tl_20250829,64,32,32,128,64.0,160.0,0.14285714285714285,0.5714285714285714,0.42857142857142855,0.8571428571428571,0.2857142857142857,0.7142857142857143,158.31256103515625,145.19271850585938,13.119842529296877,1,/home/hschatzle/data/storage-occ-v2/repos/monte-carlo-selection/results/part1_occlusion_robustness/artifacts/ns_lion_350/resnet50_tl_20250829/position_scores_size_64.csv
ns_lion_560,resnet50_geirhos_tl,8,4,40,116,44.0,120.0,0.17857142857142858,0.5178571428571429,0.21428571428571427,0.5535714285714286,0.19642857142857142,0.5357142857142857,4.40140438079834,3.985509872436523,0.4158945083618164,1,/home/hschatzle/data/storage-occ-v2/repos/monte-carlo-selection/results/part1_occlusion_robustness/artifacts/ns_lion_560/resnet50_geirhos_tl/position_scores_size_8.csv
ns_lion_560,resnet50_geirhos_tl,16,8,32,112,40.0,120.0,0.14285714285714285,0.5,0.21428571428571427,0.5714285714285714,0.17857142857142858,0.5357142857142857,4.40140438079834,3.3746814727783203,1.0267229080200195,1,/home/hschatzle/data/storage-occ-v2/repos/monte-carlo-selection/results/part1_occlusion_robustness/artifacts/ns_lion_560/resnet50_geirhos_tl/position_scores_size_16.csv
ns_lion_560,resnet50_geirhos_tl,32,16,144,80,160.0,96.0,0.6428571428571429,0.35714285714285715,0.7857142857142857,0.5,0.7142857142857143,0.42857142857142855,4.40140438079834,3.035261631011963,1.366142749786377,1,/home/hschatzle/data/storage-occ-v2/repos/monte-carlo-selection/results/part1_occlusion_robustness/artifacts/ns_lion_560/resnet50_geirhos_tl/position_scores_size_32.csv
ns_lion_560,resnet50_geirhos_tl,64,32,32,96,64.0,128.0,0.14285714285714285,0.42857142857142855,0.42857142857142855,0.7142857142857143,0.2857142857142857,0.5714285714285714,4.40140438079834,1.5199311971664429,2.881473183631897,1,/home/hschatzle/data/storage-occ-v2/repos/monte-carlo-selection/results/part1_occlusion_robustness/artifacts/ns_lion_560/resnet50_geirhos_tl/position_scores_size_64.csv
ns_lion_560,resnet50_tl_20250829,8,4,80,56,84.0,60.0,0.35714285714285715,0.25,0.39285714285714285,0.2857142857142857,0.375,0.26785714285714285,138.02552795410156,136.9495849609375,1.0759429931640625,1,/home/hschatzle/data/storage-occ-v2/repos/monte-carlo-selection/results/part1_occlusion_robustness/artifacts/ns_lion_560/resnet50_tl_20250829/position_scores_size_8.csv
ns_lion_560,resnet50_tl_20250829,16,8,144,16,152.0,24.0,0.6428571428571429,0.07142857142857142,0.7142857142857143,0.14285714285714285,0.6785714285714286,0.10714285714285714,138.02552795410156,135.90797424316406,2.1175537109375,1,/home/hschatzle/data/storage-occ-v2/repos/monte-carlo-selection/results/part1_occlusion_robustness/artifacts/ns_lion_560/resnet50_tl_20250829/position_scores_size_16.csv
ns_lion_560,resnet50_tl_20250829,32,16,48,32,64.0,48.0,0.21428571428571427,0.14285714285714285,0.35714285714285715,0.2857142857142857,0.2857142857142857,0.21428571428571427,138.02552795410156,131.138671875,6.8868560791015625,1,/home/hschatzle/data/storage-occ-v2/repos/monte-carlo-selection/results/part1_occlusion_robustness/artifacts/ns_lion_560/resnet50_tl_20250829/position_scores_size_32.csv
ns_lion_560,resnet50_tl_20250829,64,32,32,0,64.0,32.0,0.14285714285714285,0.0,0.42857142857142855,0.2857142857142857,0.2857142857142857,0.14285714285714285,138.02552795410156,121.47246551513672,16.553062438964844,1,/home/hschatzle/data/storage-occ-v2/repos/monte-carlo-selection/results/part1_occlusion_robustness/artifacts/ns_lion_560/resnet50_tl_20250829/position_scores_size_64.csv
ns_lion_650,resnet50_geirhos_tl,8,4,152,116,156.0,120.0,0.6785714285714286,0.5178571428571429,0.7142857142857143,0.5535714285714286,0.6964285714285714,0.5357142857142857,3.860571384429932,3.455608367919922,0.4049630165100097,1,/home/hschatzle/data/storage-occ-v2/repos/monte-carlo-selection/results/part1_occlusion_robustness/artifacts/ns_lion_650/resnet50_geirhos_tl/position_scores_size_8.csv
ns_lion_650,resnet50_geirhos_tl,16,8,48,40,56.0,48.0,0.21428571428571427,0.17857142857142858,0.2857142857142857,0.25,0.25,0.21428571428571427,3.860571384429932,3.0406997203826904,0.8198716640472412,1,/home/hschatzle/data/storage-occ-v2/repos/monte-carlo-selection/results/part1_occlusion_robustness/artifacts/ns_lion_650/resnet50_geirhos_tl/position_scores_size_16.csv
ns_lion_650,resnet50_geirhos_tl,32,16,144,112,160.0,128.0,0.6428571428571429,0.5,0.7857142857142857,0.6428571428571429,0.7142857142857143,0.5714285714285714,3.860571384429932,2.205615997314453,1.6549553871154783,1,/home/hschatzle/data/storage-occ-v2/repos/monte-carlo-selection/results/part1_occlusion_robustness/artifacts/ns_lion_650/resnet50_geirhos_tl/position_scores_size_32.csv
ns_lion_650,resnet50_geirhos_tl,64,32,128,128,160.0,160.0,0.5714285714285714,0.5714285714285714,0.8571428571428571,0.8571428571428571,0.7142857142857143,0.7142857142857143,3.860571384429932,2.89522647857666,0.9653449058532716,1,/home/hschatzle/data/storage-occ-v2/repos/monte-carlo-selection/results/part1_occlusion_robustness/artifacts/ns_lion_650/resnet50_geirhos_tl/position_scores_size_64.csv
ns_lion_650,resnet50_tl_20250829,8,4,32,176,36.0,180.0,0.14285714285714285,0.7857142857142857,0.17857142857142858,0.8214285714285714,0.16071428571428573,0.8035714285714286,134.4756622314453,133.6298828125,0.8457794189453125,1,/home/hschatzle/data/storage-occ-v2/repos/monte-carlo-selection/results/part1_occlusion_robustness/artifacts/ns_lion_650/resnet50_tl_20250829/position_scores_size_8.csv
ns_lion_650,resnet50_tl_20250829,16,8,48,176,56.0,184.0,0.21428571428571427,0.7857142857142857,0.2857142857142857,0.8571428571428571,0.25,0.8214285714285714,134.4756622314453,132.36843872070312,2.1072235107421875,1,/home/hschatzle/data/storage-occ-v2/repos/monte-carlo-selection/results/part1_occlusion_robustness/artifacts/ns_lion_650/resnet50_tl_20250829/position_scores_size_16.csv
ns_lion_650,resnet50_tl_20250829,32,16,0,16,16.0,32.0,0.0,0.07142857142857142,0.14285714285714285,0.21428571428571427,0.07142857142857142,0.14285714285714285,134.4756622314453,128.00482177734375,6.4708404541015625,1,/home/hschatzle/data/storage-occ-v2/repos/monte-carlo-selection/results/part1_occlusion_robustness/artifacts/ns_lion_650/resnet50_tl_20250829/position_scores_size_32.csv
ns_lion_650,resnet50_tl_20250829,64,32,64,0,96.0,32.0,0.2857142857142857,0.0,0.5714285714285714,0.2857142857142857,0.42857142857142855,0.14285714285714285,134.4756622314453,121.86998748779295,12.605674743652344,1,/home/hschatzle/data/storage-occ-v2/repos/monte-carlo-selection/results/part1_occlusion_robustness/artifacts/ns_lion_650/resnet50_tl_20250829/position_scores_size_64.csv
ns_lion_780,resnet50_geirhos_tl,8,4,168,92,172.0,96.0,0.75,0.4107142857142857,0.7857142857142857,0.44642857142857145,0.7678571428571429,0.42857142857142855,7.718923568725586,7.443179130554199,0.2757444381713867,1,/home/hschatzle/data/storage-occ-v2/repos/monte-carlo-selection/results/part1_occlusion_robustness/artifacts/ns_lion_780/resnet50_geirhos_tl/position_scores_size_8.csv
ns_lion_780,resnet50_geirhos_tl,16,8,112,56,120.0,64.0,0.5,0.25,0.5714285714285714,0.32142857142857145,0.5357142857142857,0.2857142857142857,7.718923568725586,7.110513687133789,0.6084098815917969,1,/home/hschatzle/data/storage-occ-v2/repos/monte-carlo-selection/results/part1_occlusion_robustness/artifacts/ns_lion_780/resnet50_geirhos_tl/position_scores_size_16.csv
ns_lion_780,resnet50_geirhos_tl,32,16,112,48,128.0,64.0,0.5,0.21428571428571427,0.6428571428571429,0.35714285714285715,0.5714285714285714,0.2857142857142857,7.718923568725586,5.951925754547119,1.7669978141784668,1,/home/hschatzle/data/storage-occ-v2/repos/monte-carlo-selection/results/part1_occlusion_robustness/artifacts/ns_lion_780/resnet50_geirhos_tl/position_scores_size_32.csv
ns_lion_780,resnet50_geirhos_tl,64,32,96,96,128.0,128.0,0.42857142857142855,0.42857142857142855,0.7142857142857143,0.7142857142857143,0.5714285714285714,0.5714285714285714,7.718923568725586,3.209558725357056,4.50936484336853,1,/home/hschatzle/data/storage-occ-v2/repos/monte-carlo-selection/results/part1_occlusion_robustness/artifacts/ns_lion_780/resnet50_geirhos_tl/position_scores_size_64.csv
ns_lion_780,resnet50_tl_20250829,8,4,128,156,132.0,160.0,0.5714285714285714,0.6964285714285714,0.6071428571428571,0.7321428571428571,0.5892857142857143,0.7142857142857143,148.90719604492188,148.1048583984375,0.802337646484375,1,/home/hschatzle/data/storage-occ-v2/repos/monte-carlo-selection/results/part1_occlusion_robustness/artifacts/ns_lion_780/resnet50_tl_20250829/position_scores_size_8.csv
ns_lion_780,resnet50_tl_20250829,16,8,64,176,72.0,184.0,0.2857142857142857,0.7857142857142857,0.35714285714285715,0.8571428571428571,0.32142857142857145,0.8214285714285714,148.90719604492188,147.117431640625,1.789764404296875,1,/home/hschatzle/data/storage-occ-v2/repos/monte-carlo-selection/results/part1_occlusion_robustness/artifacts/ns_lion_780/resnet50_tl_20250829/position_scores_size_16.csv
ns_lion_780,resnet50_tl_20250829,32,16,80,160,96.0,176.0,0.35714285714285715,0.7142857142857143,0.5,0.8571428571428571,0.42857142857142855,0.7857142857142857,148.90719604492188,142.8491973876953,6.0579986572265625,1,/home/hschatzle/data/storage-occ-v2/repos/monte-carlo-selection/results/part1_occlusion_robustness/artifacts/ns_lion_780/resnet50_tl_20250829/position_scores_size_32.csv
ns_lion_780,resnet50_tl_20250829,64,32,64,0,96.0,32.0,0.2857142857142857,0.0,0.5714285714285714,0.2857142857142857,0.42857142857142855,0.14285714285714285,148.90719604492188,135.88992309570312,13.01727294921875,1,/home/hschatzle/data/storage-occ-v2/repos/monte-carlo-selection/results/part1_occlusion_robustness/artifacts/ns_lion_780/resnet50_tl_20250829/position_scores_size_64.csv
ns_lion_801,resnet50_geirhos_tl,8,4,172,116,176.0,120.0,0.7678571428571429,0.5178571428571429,0.8035714285714286,0.5535714285714286,0.7857142857142857,0.5357142857142857,7.703544616699219,7.258831024169922,0.4447135925292969,1,/home/hschatzle/data/storage-occ-v2/repos/monte-carlo-selection/results/part1_occlusion_robustness/artifacts/ns_lion_801/resnet50_geirhos_tl/position_scores_size_8.csv
ns_lion_801,resnet50_geirhos_tl,16,8,168,112,176.0,120.0,0.75,0.5,0.8214285714285714,0.5714285714285714,0.7857142857142857,0.5357142857142857,7.703544616699219,7.075261116027832,0.6282835006713867,1,/home/hschatzle/data/storage-occ-v2/repos/monte-carlo-selection/results/part1_occlusion_robustness/artifacts/ns_lion_801/resnet50_geirhos_tl/position_scores_size_16.csv
ns_lion_801,resnet50_geirhos_tl,32,16,16,96,32.0,112.0,0.07142857142857142,0.42857142857142855,0.21428571428571427,0.5714285714285714,0.14285714285714285,0.5,7.703544616699219,6.648191928863525,1.0553526878356934,1,/home/hschatzle/data/storage-occ-v2/repos/monte-carlo-selection/results/part1_occlusion_robustness/artifacts/ns_lion_801/resnet50_geirhos_tl/position_scores_size_32.csv
ns_lion_801,resnet50_geirhos_tl,64,32,32,64,64.0,96.0,0.14285714285714285,0.2857142857142857,0.42857142857142855,0.5714285714285714,0.2857142857142857,0.42857142857142855,7.703544616699219,5.176568508148193,2.5269761085510254,1,/home/hschatzle/data/storage-occ-v2/repos/monte-carlo-selection/results/part1_occlusion_robustness/artifacts/ns_lion_801/resnet50_geirhos_tl/position_scores_size_64.csv
ns_lion_801,resnet50_tl_20250829,8,4,160,156,164.0,160.0,0.7142857142857143,0.6964285714285714,0.75,0.7321428571428571,0.7321428571428571,0.7142857142857143,145.96861267089844,145.1733856201172,0.79522705078125,1,/home/hschatzle/data/storage-occ-v2/repos/monte-carlo-selection/results/part1_occlusion_robustness/artifacts/ns_lion_801/resnet50_tl_20250829/position_scores_size_8.csv
ns_lion_801,resnet50_tl_20250829,16,8,160,160,168.0,168.0,0.7142857142857143,0.7142857142857143,0.7857142857142857,0.7857142857142857,0.75,0.75,145.96861267089844,144.17611694335938,1.7924957275390625,1,/home/hschatzle/data/storage-occ-v2/repos/monte-carlo-selection/results/part1_occlusion_robustness/artifacts/ns_lion_801/resnet50_tl_20250829/position_scores_size_16.csv
ns_lion_801,resnet50_tl_20250829,32,16,144,160,160.0,176.0,0.6428571428571429,0.7142857142857143,0.7857142857142857,0.8571428571428571,0.7142857142857143,0.7857142857142857,145.96861267089844,139.27871704101562,6.6898956298828125,1,/home/hschatzle/data/storage-occ-v2/repos/monte-carlo-selection/results/part1_occlusion_robustness/artifacts/ns_lion_801/resnet50_tl_20250829/position_scores_size_32.csv
ns_lion_801,resnet50_tl_20250829,64,32,32,128,64.0,160.0,0.14285714285714285,0.5714285714285714,0.42857142857142855,0.8571428571428571,0.2857142857142857,0.7142857142857143,145.96861267089844,131.69815063476562,14.270462036132812,1,/home/hschatzle/data/storage-occ-v2/repos/monte-carlo-selection/results/part1_occlusion_robustness/artifacts/ns_lion_801/resnet50_tl_20250829/position_scores_size_64.csv
s_bird_111,resnet50_geirhos_tl,8,4,60,88,64.0,92.0,0.26785714285714285,0.39285714285714285,0.30357142857142855,0.42857142857142855,0.2857142857142857,0.4107142857142857,10.546733856201172,9.769891738891602,0.7768421173095703,1,/home/hschatzle/data/storage-occ-v2/repos/monte-carlo-selection/results/part1_occlusion_robustness/artifacts/s_bird_111/resnet50_geirhos_tl/position_scores_size_8.csv
s_bird_111,resnet50_geirhos_tl,16,8,56,88,64.0,96.0,0.25,0.39285714285714285,0.32142857142857145,0.4642857142857143,0.2857142857142857,0.42857142857142855,10.546733856201172,8.165783882141113,2.3809499740600586,1,/home/hschatzle/data/storage-occ-v2/repos/monte-carlo-selection/results/part1_occlusion_robustness/artifacts/s_bird_111/resnet50_geirhos_tl/position_scores_size_16.csv
s_bird_111,resnet50_geirhos_tl,32,16,64,80,80.0,96.0,0.2857142857142857,0.35714285714285715,0.42857142857142855,0.5,0.35714285714285715,0.42857142857142855,10.546733856201172,7.47104024887085,3.0756936073303223,1,/home/hschatzle/data/storage-occ-v2/repos/monte-carlo-selection/results/part1_occlusion_robustness/artifacts/s_bird_111/resnet50_geirhos_tl/position_scores_size_32.csv
s_bird_111,resnet50_geirhos_tl,64,32,96,96,128.0,128.0,0.42857142857142855,0.42857142857142855,0.7142857142857143,0.7142857142857143,0.5714285714285714,0.5714285714285714,10.546733856201172,6.604219913482666,3.942513942718506,1,/home/hschatzle/data/storage-occ-v2/repos/monte-carlo-selection/results/part1_occlusion_robustness/artifacts/s_bird_111/resnet50_geirhos_tl/position_scores_size_64.csv
s_bird_111,resnet50_tl_20250829,8,4,64,172,68.0,176.0,0.2857142857142857,0.7678571428571429,0.32142857142857145,0.8035714285714286,0.30357142857142855,0.7857142857142857,160.6646728515625,160.049072265625,0.6156005859375,1,/home/hschatzle/data/storage-occ-v2/repos/monte-carlo-selection/results/part1_occlusion_robustness/artifacts/s_bird_111/resnet50_tl_20250829/position_scores_size_8.csv
s_bird_111,resnet50_tl_20250829,16,8,120,136,128.0,144.0,0.5357142857142857,0.6071428571428571,0.6071428571428571,0.6785714285714286,0.5714285714285714,0.6428571428571429,160.6646728515625,158.91697692871094,1.7476959228515625,1,/home/hschatzle/data/storage-occ-v2/repos/monte-carlo-selection/results/part1_occlusion_robustness/artifacts/s_bird_111/resnet50_tl_20250829/position_scores_size_16.csv
s_bird_111,resnet50_tl_20250829,32,16,48,160,64.0,176.0,0.21428571428571427,0.7142857142857143,0.35714285714285715,0.8571428571428571,0.2857142857142857,0.7857142857142857,160.6646728515625,153.9904327392578,6.674240112304688,1,/home/hschatzle/data/storage-occ-v2/repos/monte-carlo-selection/results/part1_occlusion_robustness/artifacts/s_bird_111/resnet50_tl_20250829/position_scores_size_32.csv
s_bird_111,resnet50_tl_20250829,64,32,32,160,64.0,192.0,0.14285714285714285,0.7142857142857143,0.42857142857142855,1.0,0.2857142857142857,0.8571428571428571,160.6646728515625,145.6029052734375,15.061767578125,1,/home/hschatzle/data/storage-occ-v2/repos/monte-carlo-selection/results/part1_occlusion_robustness/artifacts/s_bird_111/resnet50_tl_20250829/position_scores_size_64.csv
s_bird_117,resnet50_geirhos_tl,8,4,100,92,104.0,96.0,0.44642857142857145,0.4107142857142857,0.48214285714285715,0.44642857142857145,0.4642857142857143,0.42857142857142855,6.326549053192139,6.019371032714844,0.3071780204772949,1,/home/hschatzle/data/storage-occ-v2/repos/monte-carlo-selection/results/part1_occlusion_robustness/artifacts/s_bird_117/resnet50_geirhos_tl/position_scores_size_8.csv
s_bird_117,resnet50_geirhos_tl,16,8,104,104,112.0,112.0,0.4642857142857143,0.4642857142857143,0.5357142857142857,0.5357142857142857,0.5,0.5,6.326549053192139,5.8595476150512695,0.4670014381408691,1,/home/hschatzle/data/storage-occ-v2/repos/monte-carlo-selection/results/part1_occlusion_robustness/artifacts/s_bird_117/resnet50_geirhos_tl/position_scores_size_16.csv
s_bird_117,resnet50_geirhos_tl,32,16,80,96,96.0,112.0,0.35714285714285715,0.42857142857142855,0.5,0.5714285714285714,0.42857142857142855,0.5,6.326549053192139,5.1586103439331055,1.1679387092590332,1,/home/hschatzle/data/storage-occ-v2/repos/monte-carlo-selection/results/part1_occlusion_robustness/artifacts/s_bird_117/resnet50_geirhos_tl/position_scores_size_32.csv
s_bird_117,resnet50_geirhos_tl,64,32,64,128,96.0,160.0,0.2857142857142857,0.5714285714285714,0.5714285714285714,0.8571428571428571,0.42857142857142855,0.7142857142857143,6.326549053192139,4.8272223472595215,1.4993267059326172,1,/home/hschatzle/data/storage-occ-v2/repos/monte-carlo-selection/results/part1_occlusion_robustness/artifacts/s_bird_117/resnet50_geirhos_tl/position_scores_size_64.csv
s_bird_117,resnet50_tl_20250829,8,4,92,12,96.0,16.0,0.4107142857142857,0.05357142857142857,0.44642857142857145,0.08928571428571429,0.42857142857142855,0.07142857142857142,146.42076110839844,145.6250762939453,0.795684814453125,1,/home/hschatzle/data/storage-occ-v2/repos/monte-carlo-selection/results/part1_occlusion_robustness/artifacts/s_bird_117/resnet50_tl_20250829/position_scores_size_8.csv
s_bird_117,resnet50_tl_20250829,16,8,80,16,88.0,24.0,0.35714285714285715,0.07142857142857142,0.42857142857142855,0.14285714285714285,0.39285714285714285,0.10714285714285714,146.42076110839844,144.2657470703125,2.155014038085937,1,/home/hschatzle/data/storage-occ-v2/repos/monte-carlo-selection/results/part1_occlusion_robustness/artifacts/s_bird_117/resnet50_tl_20250829/position_scores_size_16.csv
s_bird_117,resnet50_tl_20250829,32,16,16,160,32.0,176.0,0.07142857142857142,0.7142857142857143,0.21428571428571427,0.8571428571428571,0.14285714285714285,0.7857142857142857,146.42076110839844,139.702880859375,6.7178802490234375,1,/home/hschatzle/data/storage-occ-v2/repos/monte-carlo-selection/results/part1_occlusion_robustness/artifacts/s_bird_117/resnet50_tl_20250829/position_scores_size_32.csv
s_bird_117,resnet50_tl_20250829,64,32,128,128,160.0,160.0,0.5714285714285714,0.5714285714285714,0.8571428571428571,0.8571428571428571,0.7142857142857143,0.7142857142857143,146.42076110839844,131.6769256591797,14.74383544921875,1,/home/hschatzle/data/storage-occ-v2/repos/monte-carlo-selection/results/part1_occlusion_robustness/artifacts/s_bird_117/resnet50_tl_20250829/position_scores_size_64.csv
s_bird_132,resnet50_geirhos_tl,8,4,92,120,96.0,124.0,0.4107142857142857,0.5357142857142857,0.44642857142857145,0.5714285714285714,0.42857142857142855,0.5535714285714286,8.872467994689941,8.595006942749023,0.2774610519409179,1,/home/hschatzle/data/storage-occ-v2/repos/monte-carlo-selection/results/part1_occlusion_robustness/artifacts/s_bird_132/resnet50_geirhos_tl/position_scores_size_8.csv
s_bird_132,resnet50_geirhos_tl,16,8,64,112,72.0,120.0,0.2857142857142857,0.5,0.35714285714285715,0.5714285714285714,0.32142857142857145,0.5357142857142857,8.872467994689941,8.308460235595703,0.5640077590942383,1,/home/hschatzle/data/storage-occ-v2/repos/monte-carlo-selection/results/part1_occlusion_robustness/artifacts/s_bird_132/resnet50_geirhos_tl/position_scores_size_16.csv
s_bird_132,resnet50_geirhos_tl,32,16,64,96,80.0,112.0,0.2857142857142857,0.42857142857142855,0.42857142857142855,0.5714285714285714,0.35714285714285715,0.5,8.872467994689941,7.350674629211426,1.5217933654785156,1,/home/hschatzle/data/storage-occ-v2/repos/monte-carlo-selection/results/part1_occlusion_robustness/artifacts/s_bird_132/resnet50_geirhos_tl/position_scores_size_32.csv
s_bird_132,resnet50_geirhos_tl,64,32,64,64,96.0,96.0,0.2857142857142857,0.2857142857142857,0.5714285714285714,0.5714285714285714,0.42857142857142855,0.42857142857142855,8.872467994689941,4.766938209533691,4.10552978515625,1,/home/hschatzle/data/storage-occ-v2/repos/monte-carlo-selection/results/part1_occlusion_robustness/artifacts/s_bird_132/resnet50_geirhos_tl/position_scores_size_64.csv
s_bird_132,resnet50_tl_20250829,8,4,48,172,52.0,176.0,0.21428571428571427,0.7678571428571429,0.25,0.8035714285714286,0.23214285714285715,0.7857142857142857,147.82894897460938,147.16348266601562,0.66546630859375,1,/home/hschatzle/data/storage-occ-v2/repos/monte-carlo-selection/results/part1_occlusion_robustness/artifacts/s_bird_132/resnet50_tl_20250829/position_scores_size_8.csv
s_bird_132,resnet50_tl_20250829,16,8,48,176,56.0,184.0,0.21428571428571427,0.7857142857142857,0.2857142857142857,0.8571428571428571,0.25,0.8214285714285714,147.82894897460938,146.02870178222656,1.8002471923828125,1,/home/hschatzle/data/storage-occ-v2/repos/monte-carlo-selection/results/part1_occlusion_robustness/artifacts/s_bird_132/resnet50_tl_20250829/position_scores_size_16.csv
s_bird_132,resnet50_tl_20250829,32,16,32,160,48.0,176.0,0.14285714285714285,0.7142857142857143,0.2857142857142857,0.8571428571428571,0.21428571428571427,0.7857142857142857,147.82894897460938,140.8984375,6.930511474609375,1,/home/hschatzle/data/storage-occ-v2/repos/monte-carlo-selection/results/part1_occlusion_robustness/artifacts/s_bird_132/resnet50_tl_20250829/position_scores_size_32.csv
s_bird_132,resnet50_tl_20250829,64,32,32,128,64.0,160.0,0.14285714285714285,0.5714285714285714,0.42857142857142855,0.8571428571428571,0.2857142857142857,0.7142857142857143,147.82894897460938,132.62054443359375,15.208404541015623,1,/home/hschatzle/data/storage-occ-v2/repos/monte-carlo-selection/results/part1_occlusion_robustness/artifacts/s_bird_132/resnet50_tl_20250829/position_scores_size_64.csv
s_bird_136,resnet50_geirhos_tl,8,4,32,32,36.0,36.0,0.14285714285714285,0.14285714285714285,0.17857142857142858,0.17857142857142858,0.16071428571428573,0.16071428571428573,6.870513916015625,6.270363807678223,0.6001501083374023,1,/home/hschatzle/data/storage-occ-v2/repos/monte-carlo-selection/results/part1_occlusion_robustness/artifacts/s_bird_136/resnet50_geirhos_tl/position_scores_size_8.csv
s_bird_136,resnet50_geirhos_tl,16,8,24,48,32.0,56.0,0.10714285714285714,0.21428571428571427,0.17857142857142858,0.2857142857142857,0.14285714285714285,0.25,6.870513916015625,5.820766448974609,1.0497474670410156,1,/home/hschatzle/data/storage-occ-v2/repos/monte-carlo-selection/results/part1_occlusion_robustness/artifacts/s_bird_136/resnet50_geirhos_tl/position_scores_size_16.csv
s_bird_136,resnet50_geirhos_tl,32,16,64,112,80.0,128.0,0.2857142857142857,0.5,0.42857142857142855,0.6428571428571429,0.35714285714285715,0.5714285714285714,6.870513916015625,6.094686508178711,0.7758274078369141,1,/home/hschatzle/data/storage-occ-v2/repos/monte-carlo-selection/results/part1_occlusion_robustness/artifacts/s_bird_136/resnet50_geirhos_tl/position_scores_size_32.csv
s_bird_136,resnet50_geirhos_tl,64,32,32,96,64.0,128.0,0.14285714285714285,0.42857142857142855,0.42857142857142855,0.7142857142857143,0.2857142857142857,0.5714285714285714,6.870513916015625,5.096480369567871,1.774033546447754,1,/home/hschatzle/data/storage-occ-v2/repos/monte-carlo-selection/results/part1_occlusion_robustness/artifacts/s_bird_136/resnet50_geirhos_tl/position_scores_size_64.csv
s_bird_136,resnet50_tl_20250829,8,4,32,144,36.0,148.0,0.14285714285714285,0.6428571428571429,0.17857142857142858,0.6785714285714286,0.16071428571428573,0.6607142857142857,131.6968994140625,130.94564819335938,0.751251220703125,1,/home/hschatzle/data/storage-occ-v2/repos/monte-carlo-selection/results/part1_occlusion_robustness/artifacts/s_bird_136/resnet50_tl_20250829/position_scores_size_8.csv
s_bird_136,resnet50_tl_20250829,16,8,24,136,32.0,144.0,0.10714285714285714,0.6071428571428571,0.17857142857142858,0.6785714285714286,0.14285714285714285,0.6428571428571429,131.6968994140625,130.10018920898438,1.596710205078125,1,/home/hschatzle/data/storage-occ-v2/repos/monte-carlo-selection/results/part1_occlusion_robustness/artifacts/s_bird_136/resnet50_tl_20250829/position_scores_size_16.csv
s_bird_136,resnet50_tl_20250829,32,16,0,16,16.0,32.0,0.0,0.07142857142857142,0.14285714285714285,0.21428571428571427,0.07142857142857142,0.14285714285714285,131.6968994140625,127.05461120605467,4.6422882080078125,1,/home/hschatzle/data/storage-occ-v2/repos/monte-carlo-selection/results/part1_occlusion_robustness/artifacts/s_bird_136/resnet50_tl_20250829/position_scores_size_32.csv
s_bird_136,resnet50_tl_20250829,64,32,128,32,160.0,64.0,0.5714285714285714,0.14285714285714285,0.8571428571428571,0.42857142857142855,0.7142857142857143,0.2857142857142857,131.6968994140625,120.80254364013672,10.89435577392578,1,/home/hschatzle/data/storage-occ-v2/repos/monte-carlo-selection/results/part1_occlusion_robustness/artifacts/s_bird_136/resnet50_tl_20250829/position_scores_size_64.csv
s_bird_137,resnet50_geirhos_tl,8,4,76,108,80.0,112.0,0.3392857142857143,0.48214285714285715,0.375,0.5178571428571429,0.35714285714285715,0.5,5.692418098449707,5.424839973449707,0.267578125,1,/home/hschatzle/data/storage-occ-v2/repos/monte-carlo-selection/results/part1_occlusion_robustness/artifacts/s_bird_137/resnet50_geirhos_tl/position_scores_size_8.csv
s_bird_137,resnet50_geirhos_tl,16,8,24,112,32.0,120.0,0.10714285714285714,0.5,0.17857142857142858,0.5714285714285714,0.14285714285714285,0.5357142857142857,5.692418098449707,5.506721496582031,0.1856966018676757,1,/home/hschatzle/data/storage-occ-v2/repos/monte-carlo-selection/results/part1_occlusion_robustness/artifacts/s_bird_137/resnet50_geirhos_tl/position_scores_size_16.csv
s_bird_137,resnet50_geirhos_tl,32,16,32,48,48.0,64.0,0.14285714285714285,0.21428571428571427,0.2857142857142857,0.35714285714285715,0.21428571428571427,0.2857142857142857,5.692418098449707,4.593527793884277,1.0988903045654297,1,/home/hschatzle/data/storage-occ-v2/repos/monte-carlo-selection/results/part1_occlusion_robustness/artifacts/s_bird_137/resnet50_geirhos_tl/position_scores_size_32.csv
s_bird_137,resnet50_geirhos_tl,64,32,32,128,64.0,160.0,0.14285714285714285,0.5714285714285714,0.42857142857142855,0.8571428571428571,0.2857142857142857,0.7142857142857143,5.692418098449707,3.172249794006348,2.52016830444336,1,/home/hschatzle/data/storage-occ-v2/repos/monte-carlo-selection/results/part1_occlusion_robustness/artifacts/s_bird_137/resnet50_geirhos_tl/position_scores_size_64.csv
s_bird_137,resnet50_tl_20250829,8,4,80,144,84.0,148.0,0.35714285714285715,0.6428571428571429,0.39285714285714285,0.6785714285714286,0.375,0.6607142857142857,146.9634246826172,146.30772399902344,0.65570068359375,1,/home/hschatzle/data/storage-occ-v2/repos/monte-carlo-selection/results/part1_occlusion_robustness/artifacts/s_bird_137/resnet50_tl_20250829/position_scores_size_8.csv
s_bird_137,resnet50_tl_20250829,16,8,96,144,104.0,152.0,0.42857142857142855,0.6428571428571429,0.5,0.7142857142857143,0.4642857142857143,0.6785714285714286,146.9634246826172,145.5167694091797,1.4466552734375,1,/home/hschatzle/data/storage-occ-v2/repos/monte-carlo-selection/results/part1_occlusion_robustness/artifacts/s_bird_137/resnet50_tl_20250829/position_scores_size_16.csv
s_bird_137,resnet50_tl_20250829,32,16,96,144,112.0,160.0,0.42857142857142855,0.6428571428571429,0.5714285714285714,0.7857142857142857,0.5,0.7142857142857143,146.9634246826172,140.10943603515625,6.8539886474609375,1,/home/hschatzle/data/storage-occ-v2/repos/monte-carlo-selection/results/part1_occlusion_robustness/artifacts/s_bird_137/resnet50_tl_20250829/position_scores_size_32.csv
s_bird_137,resnet50_tl_20250829,64,32,96,128,128.0,160.0,0.42857142857142855,0.5714285714285714,0.7142857142857143,0.8571428571428571,0.5714285714285714,0.7142857142857143,146.9634246826172,131.38449096679688,15.578933715820312,1,/home/hschatzle/data/storage-occ-v2/repos/monte-carlo-selection/results/part1_occlusion_robustness/artifacts/s_bird_137/resnet50_tl_20250829/position_scores_size_64.csv
s_bird_212,resnet50_geirhos_tl,8,4,80,112,84.0,116.0,0.35714285714285715,0.5,0.39285714285714285,0.5357142857142857,0.375,0.5178571428571429,6.490801811218262,5.9910736083984375,0.4997282028198242,1,/home/hschatzle/data/storage-occ-v2/repos/monte-carlo-selection/results/part1_occlusion_robustness/artifacts/s_bird_212/resnet50_geirhos_tl/position_scores_size_8.csv
s_bird_212,resnet50_geirhos_tl,16,8,96,136,104.0,144.0,0.42857142857142855,0.6071428571428571,0.5,0.6785714285714286,0.4642857142857143,0.6428571428571429,6.490801811218262,5.701087951660156,0.7897138595581055,1,/home/hschatzle/data/storage-occ-v2/repos/monte-carlo-selection/results/part1_occlusion_robustness/artifacts/s_bird_212/resnet50_geirhos_tl/position_scores_size_16.csv
s_bird_212,resnet50_geirhos_tl,32,16,96,144,112.0,160.0,0.42857142857142855,0.6428571428571429,0.5714285714285714,0.7857142857142857,0.5,0.7142857142857143,6.490801811218262,4.84644889831543,1.644352912902832,1,/home/hschatzle/data/storage-occ-v2/repos/monte-carlo-selection/results/part1_occlusion_robustness/artifacts/s_bird_212/resnet50_geirhos_tl/position_scores_size_32.csv
s_bird_212,resnet50_geirhos_tl,64,32,96,128,128.0,160.0,0.42857142857142855,0.5714285714285714,0.7142857142857143,0.8571428571428571,0.5714285714285714,0.7142857142857143,6.490801811218262,3.9824719429016113,2.5083298683166504,1,/home/hschatzle/data/storage-occ-v2/repos/monte-carlo-selection/results/part1_occlusion_robustness/artifacts/s_bird_212/resnet50_geirhos_tl/position_scores_size_64.csv
s_bird_212,resnet50_tl_20250829,8,4,28,80,32.0,84.0,0.125,0.35714285714285715,0.16071428571428573,0.39285714285714285,0.14285714285714285,0.375,153.9158935546875,152.98355102539062,0.932342529296875,1,/home/hschatzle/data/storage-occ-v2/repos/monte-carlo-selection/results/part1_occlusion_robustness/artifacts/s_bird_212/resnet50_tl_20250829/position_scores_size_8.csv
s_bird_212,resnet50_tl_20250829,16,8,32,72,40.0,80.0,0.14285714285714285,0.32142857142857145,0.21428571428571427,0.39285714285714285,0.17857142857142858,0.35714285714285715,153.9158935546875,152.01844787597656,1.8974456787109373,1,/home/hschatzle/data/storage-occ-v2/repos/monte-carlo-selection/results/part1_occlusion_robustness/artifacts/s_bird_212/resnet50_tl_20250829/position_scores_size_16.csv
s_bird_212,resnet50_tl_20250829,32,16,144,128,160.0,144.0,0.6428571428571429,0.5714285714285714,0.7857142857142857,0.7142857142857143,0.7142857142857143,0.6428571428571429,153.9158935546875,148.69717407226562,5.218719482421875,1,/home/hschatzle/data/storage-occ-v2/repos/monte-carlo-selection/results/part1_occlusion_robustness/artifacts/s_bird_212/resnet50_tl_20250829/position_scores_size_32.csv
s_bird_212,resnet50_tl_20250829,64,32,32,32,64.0,64.0,0.14285714285714285,0.14285714285714285,0.42857142857142855,0.42857142857142855,0.2857142857142857,0.2857142857142857,153.9158935546875,140.65867614746094,13.257217407226562,1,/home/hschatzle/data/storage-occ-v2/repos/monte-carlo-selection/results/part1_occlusion_robustness/artifacts/s_bird_212/resnet50_tl_20250829/position_scores_size_64.csv
s_bird_350,resnet50_geirhos_tl,8,4,108,120,112.0,124.0,0.48214285714285715,0.5357142857142857,0.5178571428571429,0.5714285714285714,0.5,0.5535714285714286,5.949284553527832,5.087502956390381,0.8617815971374512,1,/home/hschatzle/data/storage-occ-v2/repos/monte-carlo-selection/results/part1_occlusion_robustness/artifacts/s_bird_350/resnet50_geirhos_tl/position_scores_size_8.csv
s_bird_350,resnet50_geirhos_tl,16,8,104,64,112.0,72.0,0.4642857142857143,0.2857142857142857,0.5357142857142857,0.35714285714285715,0.5,0.32142857142857145,5.949284553527832,4.770660877227783,1.1786236763000488,1,/home/hschatzle/data/storage-occ-v2/repos/monte-carlo-selection/results/part1_occlusion_robustness/artifacts/s_bird_350/resnet50_geirhos_tl/position_scores_size_16.csv
s_bird_350,resnet50_geirhos_tl,32,16,128,80,144.0,96.0,0.5714285714285714,0.35714285714285715,0.7142857142857143,0.5,0.6428571428571429,0.42857142857142855,5.949284553527832,3.4411425590515137,2.5081419944763184,1,/home/hschatzle/data/storage-occ-v2/repos/monte-carlo-selection/results/part1_occlusion_robustness/artifacts/s_bird_350/resnet50_geirhos_tl/position_scores_size_32.csv
s_bird_350,resnet50_geirhos_tl,64,32,128,64,160.0,96.0,0.5714285714285714,0.2857142857142857,0.8571428571428571,0.5714285714285714,0.7142857142857143,0.42857142857142855,5.949284553527832,2.0639243125915527,3.8853602409362793,1,/home/hschatzle/data/storage-occ-v2/repos/monte-carlo-selection/results/part1_occlusion_robustness/artifacts/s_bird_350/resnet50_geirhos_tl/position_scores_size_64.csv
s_bird_350,resnet50_tl_20250829,8,4,96,92,100.0,96.0,0.42857142857142855,0.4107142857142857,0.4642857142857143,0.44642857142857145,0.44642857142857145,0.42857142857142855,154.83258056640625,154.26119995117188,0.571380615234375,1,/home/hschatzle/data/storage-occ-v2/repos/monte-carlo-selection/results/part1_occlusion_robustness/artifacts/s_bird_350/resnet50_tl_20250829/position_scores_size_8.csv
s_bird_350,resnet50_tl_20250829,16,8,160,136,168.0,144.0,0.7142857142857143,0.6071428571428571,0.7857142857142857,0.6785714285714286,0.75,0.6428571428571429,154.83258056640625,153.44137573242188,1.391204833984375,1,/home/hschatzle/data/storage-occ-v2/repos/monte-carlo-selection/results/part1_occlusion_robustness/artifacts/s_bird_350/resnet50_tl_20250829/position_scores_size_16.csv
s_bird_350,resnet50_tl_20250829,32,16,144,128,160.0,144.0,0.6428571428571429,0.5714285714285714,0.7857142857142857,0.7142857142857143,0.7142857142857143,0.6428571428571429,154.83258056640625,149.63157653808594,5.2010040283203125,1,/home/hschatzle/data/storage-occ-v2/repos/monte-carlo-selection/results/part1_occlusion_robustness/artifacts/s_bird_350/resnet50_tl_20250829/position_scores_size_32.csv
s_bird_350,resnet50_tl_20250829,64,32,128,128,160.0,160.0,0.5714285714285714,0.5714285714285714,0.8571428571428571,0.8571428571428571,0.7142857142857143,0.7142857142857143,154.83258056640625,141.63870239257812,13.193878173828123,1,/home/hschatzle/data/storage-occ-v2/repos/monte-carlo-selection/results/part1_occlusion_robustness/artifacts/s_bird_350/resnet50_tl_20250829/position_scores_size_64.csv
s_butterfly_11,resnet50_geirhos_tl,8,4,72,16,76.0,20.0,0.32142857142857145,0.07142857142857142,0.35714285714285715,0.10714285714285714,0.3392857142857143,0.08928571428571429,6.101313591003418,5.702617645263672,0.3986959457397461,1,/home/hschatzle/data/storage-occ-v2/repos/monte-carlo-selection/results/part1_occlusion_robustness/artifacts/s_butterfly_11/resnet50_geirhos_tl/position_scores_size_8.csv
s_butterfly_11,resnet50_geirhos_tl,16,8,72,8,80.0,16.0,0.32142857142857145,0.03571428571428571,0.39285714285714285,0.10714285714285714,0.35714285714285715,0.07142857142857142,6.101313591003418,5.550426006317139,0.5508875846862793,1,/home/hschatzle/data/storage-occ-v2/repos/monte-carlo-selection/results/part1_occlusion_robustness/artifacts/s_butterfly_11/resnet50_geirhos_tl/position_scores_size_16.csv
s_butterfly_11,resnet50_geirhos_tl,32,16,160,64,176.0,80.0,0.7142857142857143,0.2857142857142857,0.8571428571428571,0.42857142857142855,0.7857142857142857,0.35714285714285715,6.101313591003418,5.210283279418945,0.8910303115844727,1,/home/hschatzle/data/storage-occ-v2/repos/monte-carlo-selection/results/part1_occlusion_robustness/artifacts/s_butterfly_11/resnet50_geirhos_tl/position_scores_size_32.csv
s_butterfly_11,resnet50_geirhos_tl,64,32,64,64,96.0,96.0,0.2857142857142857,0.2857142857142857,0.5714285714285714,0.5714285714285714,0.42857142857142855,0.42857142857142855,6.101313591003418,2.821038246154785,3.280275344848633,1,/home/hschatzle/data/storage-occ-v2/repos/monte-carlo-selection/results/part1_occlusion_robustness/artifacts/s_butterfly_11/resnet50_geirhos_tl/position_scores_size_64.csv
s_butterfly_11,resnet50_tl_20250829,8,4,48,92,52.0,96.0,0.21428571428571427,0.4107142857142857,0.25,0.44642857142857145,0.23214285714285715,0.42857142857142855,138.3145294189453,137.51272583007812,0.8018035888671875,1,/home/hschatzle/data/storage-occ-v2/repos/monte-carlo-selection/results/part1_occlusion_robustness/artifacts/s_butterfly_11/resnet50_tl_20250829/position_scores_size_8.csv
s_butterfly_11,resnet50_tl_20250829,16,8,48,88,56.0,96.0,0.21428571428571427,0.39285714285714285,0.2857142857142857,0.4642857142857143,0.25,0.42857142857142855,138.3145294189453,136.15980529785156,2.15472412109375,1,/home/hschatzle/data/storage-occ-v2/repos/monte-carlo-selection/results/part1_occlusion_robustness/artifacts/s_butterfly_11/resnet50_tl_20250829/position_scores_size_16.csv
s_butterfly_11,resnet50_tl_20250829,32,16,32,96,48.0,112.0,0.14285714285714285,0.42857142857142855,0.2857142857142857,0.5714285714285714,0.21428571428571427,0.5,138.3145294189453,131.29580688476562,7.018722534179688,1,/home/hschatzle/data/storage-occ-v2/repos/monte-carlo-selection/results/part1_occlusion_robustness/artifacts/s_butterfly_11/resnet50_tl_20250829/position_scores_size_32.csv
s_butterfly_11,resnet50_tl_20250829,64,32,128,0,160.0,32.0,0.5714285714285714,0.0,0.8571428571428571,0.2857142857142857,0.7142857142857143,0.14285714285714285,138.3145294189453,123.61505126953124,14.699478149414062,1,/home/hschatzle/data/storage-occ-v2/repos/monte-carlo-selection/results/part1_occlusion_robustness/artifacts/s_butterfly_11/resnet50_tl_20250829/position_scores_size_64.csv
s_butterfly_144,resnet50_geirhos_tl,8,4,180,88,184.0,92.0,0.8035714285714286,0.39285714285714285,0.8392857142857143,0.42857142857142855,0.8214285714285714,0.4107142857142857,3.6253409385681152,3.315715789794922,0.3096251487731933,1,/home/hschatzle/data/storage-occ-v2/repos/monte-carlo-selection/results/part1_occlusion_robustness/artifacts/s_butterfly_144/resnet50_geirhos_tl/position_scores_size_8.csv
s_butterfly_144,resnet50_geirhos_tl,16,8,168,80,176.0,88.0,0.75,0.35714285714285715,0.8214285714285714,0.42857142857142855,0.7857142857142857,0.39285714285714285,3.6253409385681152,2.980978488922119,0.6443624496459961,1,/home/hschatzle/data/storage-occ-v2/repos/monte-carlo-selection/results/part1_occlusion_robustness/artifacts/s_butterfly_144/resnet50_geirhos_tl/position_scores_size_16.csv
s_butterfly_144,resnet50_geirhos_tl,32,16,32,48,48.0,64.0,0.14285714285714285,0.21428571428571427,0.2857142857142857,0.35714285714285715,0.21428571428571427,0.2857142857142857,3.6253409385681152,2.908306837081909,0.717034101486206,1,/home/hschatzle/data/storage-occ-v2/repos/monte-carlo-selection/results/part1_occlusion_robustness/artifacts/s_butterfly_144/resnet50_geirhos_tl/position_scores_size_32.csv
s_butterfly_144,resnet50_geirhos_tl,64,32,0,32,32.0,64.0,0.0,0.14285714285714285,0.2857142857142857,0.42857142857142855,0.14285714285714285,0.2857142857142857,3.6253409385681152,1.1985563039779663,2.426784634590149,1,/home/hschatzle/data/storage-occ-v2/repos/monte-carlo-selection/results/part1_occlusion_robustness/artifacts/s_butterfly_144/resnet50_geirhos_tl/position_scores_size_64.csv
s_butterfly_144,resnet50_tl_20250829,8,4,124,160,128.0,164.0,0.5535714285714286,0.7142857142857143,0.5892857142857143,0.75,0.5714285714285714,0.7321428571428571,144.30853271484375,143.6663360595703,0.6421966552734375,1,/home/hschatzle/data/storage-occ-v2/repos/monte-carlo-selection/results/part1_occlusion_robustness/artifacts/s_butterfly_144/resnet50_tl_20250829/position_scores_size_8.csv
s_butterfly_144,resnet50_tl_20250829,16,8,128,144,136.0,152.0,0.5714285714285714,0.6428571428571429,0.6428571428571429,0.7142857142857143,0.6071428571428571,0.6785714285714286,144.30853271484375,142.55409240722656,1.7544403076171875,1,/home/hschatzle/data/storage-occ-v2/repos/monte-carlo-selection/results/part1_occlusion_robustness/artifacts/s_butterfly_144/resnet50_tl_20250829/position_scores_size_16.csv
s_butterfly_144,resnet50_tl_20250829,32,16,144,144,160.0,160.0,0.6428571428571429,0.6428571428571429,0.7857142857142857,0.7857142857142857,0.7142857142857143,0.7142857142857143,144.30853271484375,137.64048767089844,6.6680450439453125,1,/home/hschatzle/data/storage-occ-v2/repos/monte-carlo-selection/results/part1_occlusion_robustness/artifacts/s_butterfly_144/resnet50_tl_20250829/position_scores_size_32.csv
s_butterfly_144,resnet50_tl_20250829,64,32,128,128,160.0,160.0,0.5714285714285714,0.5714285714285714,0.8571428571428571,0.8571428571428571,0.7142857142857143,0.7142857142857143,144.30853271484375,128.98025512695312,15.328277587890623,1,/home/hschatzle/data/storage-occ-v2/repos/monte-carlo-selection/results/part1_occlusion_robustness/artifacts/s_butterfly_144/resnet50_tl_20250829/position_scores_size_64.csv
s_butterfly_350,resnet50_geirhos_tl,8,4,48,56,52.0,60.0,0.21428571428571427,0.25,0.25,0.2857142857142857,0.23214285714285715,0.26785714285714285,9.332731246948242,9.05636978149414,0.2763614654541015,1,/home/hschatzle/data/storage-occ-v2/repos/monte-carlo-selection/results/part1_occlusion_robustness/artifacts/s_butterfly_350/resnet50_geirhos_tl/position_scores_size_8.csv
s_butterfly_350,resnet50_geirhos_tl,16,8,120,152,128.0,160.0,0.5357142857142857,0.6785714285714286,0.6071428571428571,0.75,0.5714285714285714,0.7142857142857143,9.332731246948242,8.360469818115234,0.9722614288330078,1,/home/hschatzle/data/storage-occ-v2/repos/monte-carlo-selection/results/part1_occlusion_robustness/artifacts/s_butterfly_350/resnet50_geirhos_tl/position_scores_size_16.csv
s_butterfly_350,resnet50_geirhos_tl,32,16,32,32,48.0,48.0,0.14285714285714285,0.14285714285714285,0.2857142857142857,0.2857142857142857,0.21428571428571427,0.21428571428571427,9.332731246948242,7.9539384841918945,1.3787927627563477,1,/home/hschatzle/data/storage-occ-v2/repos/monte-carlo-selection/results/part1_occlusion_robustness/artifacts/s_butterfly_350/resnet50_geirhos_tl/position_scores_size_32.csv
s_butterfly_350,resnet50_geirhos_tl,64,32,96,32,128.0,64.0,0.42857142857142855,0.14285714285714285,0.7142857142857143,0.42857142857142855,0.5714285714285714,0.2857142857142857,9.332731246948242,4.538005828857422,4.79472541809082,1,/home/hschatzle/data/storage-occ-v2/repos/monte-carlo-selection/results/part1_occlusion_robustness/artifacts/s_butterfly_350/resnet50_geirhos_tl/position_scores_size_64.csv
s_butterfly_350,resnet50_tl_20250829,8,4,96,128,100.0,132.0,0.42857142857142855,0.5714285714285714,0.4642857142857143,0.6071428571428571,0.44642857142857145,0.5892857142857143,139.23306274414062,138.25921630859375,0.973846435546875,1,/home/hschatzle/data/storage-occ-v2/repos/monte-carlo-selection/results/part1_occlusion_robustness/artifacts/s_butterfly_350/resnet50_tl_20250829/position_scores_size_8.csv
s_butterfly_350,resnet50_tl_20250829,16,8,104,144,112.0,152.0,0.4642857142857143,0.6428571428571429,0.5357142857142857,0.7142857142857143,0.5,0.6785714285714286,139.23306274414062,137.61526489257812,1.6177978515625,1,/home/hschatzle/data/storage-occ-v2/repos/monte-carlo-selection/results/part1_occlusion_robustness/artifacts/s_butterfly_350/resnet50_tl_20250829/position_scores_size_16.csv
s_butterfly_350,resnet50_tl_20250829,32,16,128,32,144.0,48.0,0.5714285714285714,0.14285714285714285,0.7142857142857143,0.2857142857142857,0.6428571428571429,0.21428571428571427,139.23306274414062,134.3175811767578,4.9154815673828125,1,/home/hschatzle/data/storage-occ-v2/repos/monte-carlo-selection/results/part1_occlusion_robustness/artifacts/s_butterfly_350/resnet50_tl_20250829/position_scores_size_32.csv
s_butterfly_350,resnet50_tl_20250829,64,32,128,0,160.0,32.0,0.5714285714285714,0.0,0.8571428571428571,0.2857142857142857,0.7142857142857143,0.14285714285714285,139.23306274414062,126.02942657470705,13.203636169433594,1,/home/hschatzle/data/storage-occ-v2/repos/monte-carlo-selection/results/part1_occlusion_robustness/artifacts/s_butterfly_350/resnet50_tl_20250829/position_scores_size_64.csv
s_butterfly_560,resnet50_geirhos_tl,8,4,188,108,192.0,112.0,0.8392857142857143,0.48214285714285715,0.875,0.5178571428571429,0.8571428571428571,0.5,5.588201999664307,5.288961887359619,0.2992401123046875,1,/home/hschatzle/data/storage-occ-v2/repos/monte-carlo-selection/results/part1_occlusion_robustness/artifacts/s_butterfly_560/resnet50_geirhos_tl/position_scores_size_8.csv
s_butterfly_560,resnet50_geirhos_tl,16,8,168,56,176.0,64.0,0.75,0.25,0.8214285714285714,0.32142857142857145,0.7857142857142857,0.2857142857142857,5.588201999664307,4.944584846496582,0.6436171531677246,1,/home/hschatzle/data/storage-occ-v2/repos/monte-carlo-selection/results/part1_occlusion_robustness/artifacts/s_butterfly_560/resnet50_geirhos_tl/position_scores_size_16.csv
s_butterfly_560,resnet50_geirhos_tl,32,16,192,80,208.0,96.0,0.8571428571428571,0.35714285714285715,1.0,0.5,0.9285714285714286,0.42857142857142855,5.588201999664307,4.570522308349609,1.0176796913146973,1,/home/hschatzle/data/storage-occ-v2/repos/monte-carlo-selection/results/part1_occlusion_robustness/artifacts/s_butterfly_560/resnet50_geirhos_tl/position_scores_size_32.csv
s_butterfly_560,resnet50_geirhos_tl,64,32,128,32,160.0,64.0,0.5714285714285714,0.14285714285714285,0.8571428571428571,0.42857142857142855,0.7142857142857143,0.2857142857142857,5.588201999664307,3.720905780792236,1.8672962188720703,1,/home/hschatzle/data/storage-occ-v2/repos/monte-carlo-selection/results/part1_occlusion_robustness/artifacts/s_butterfly_560/resnet50_geirhos_tl/position_scores_size_64.csv
s_butterfly_560,resnet50_tl_20250829,8,4,156,28,160.0,32.0,0.6964285714285714,0.125,0.7321428571428571,0.16071428571428573,0.7142857142857143,0.14285714285714285,137.10655212402344,136.31387329101562,0.7926788330078125,1,/home/hschatzle/data/storage-occ-v2/repos/monte-carlo-selection/results/part1_occlusion_robustness/artifacts/s_butterfly_560/resnet50_tl_20250829/position_scores_size_8.csv
s_butterfly_560,resnet50_tl_20250829,16,8,152,40,160.0,48.0,0.6785714285714286,0.17857142857142858,0.75,0.25,0.7142857142857143,0.21428571428571427,137.10655212402344,135.1531524658203,1.953399658203125,1,/home/hschatzle/data/storage-occ-v2/repos/monte-carlo-selection/results/part1_occlusion_robustness/artifacts/s_butterfly_560/resnet50_tl_20250829/position_scores_size_16.csv
s_butterfly_560,resnet50_tl_20250829,32,16,144,16,160.0,32.0,0.6428571428571429,0.07142857142857142,0.7857142857142857,0.21428571428571427,0.7142857142857143,0.14285714285714285,137.10655212402344,130.1504364013672,6.95611572265625,1,/home/hschatzle/data/storage-occ-v2/repos/monte-carlo-selection/results/part1_occlusion_robustness/artifacts/s_butterfly_560/resnet50_tl_20250829/position_scores_size_32.csv
s_butterfly_560,resnet50_tl_20250829,64,32,128,0,160.0,32.0,0.5714285714285714,0.0,0.8571428571428571,0.2857142857142857,0.7142857142857143,0.14285714285714285,137.10655212402344,122.05711364746094,15.0494384765625,1,/home/hschatzle/data/storage-occ-v2/repos/monte-carlo-selection/results/part1_occlusion_robustness/artifacts/s_butterfly_560/resnet50_tl_20250829/position_scores_size_64.csv
s_fish_350,resnet50_geirhos_tl,8,4,132,112,136.0,116.0,0.5892857142857143,0.5,0.625,0.5357142857142857,0.6071428571428571,0.5178571428571429,5.375342845916748,5.050338268280029,0.3250045776367187,1,/home/hschatzle/data/storage-occ-v2/repos/monte-carlo-selection/results/part1_occlusion_robustness/artifacts/s_fish_350/resnet50_geirhos_tl/position_scores_size_8.csv
s_fish_350,resnet50_geirhos_tl,16,8,128,96,136.0,104.0,0.5714285714285714,0.42857142857142855,0.6428571428571429,0.5,0.6071428571428571,0.4642857142857143,5.375342845916748,4.679230690002441,0.6961121559143066,1,/home/hschatzle/data/storage-occ-v2/repos/monte-carlo-selection/results/part1_occlusion_robustness/artifacts/s_fish_350/resnet50_geirhos_tl/position_scores_size_16.csv
s_fish_350,resnet50_geirhos_tl,32,16,96,144,112.0,160.0,0.42857142857142855,0.6428571428571429,0.5714285714285714,0.7857142857142857,0.5,0.7142857142857143,5.375342845916748,3.604348182678223,1.7709946632385254,1,/home/hschatzle/data/storage-occ-v2/repos/monte-carlo-selection/results/part1_occlusion_robustness/artifacts/s_fish_350/resnet50_geirhos_tl/position_scores_size_32.csv
s_fish_350,resnet50_geirhos_tl,64,32,96,96,128.0,128.0,0.42857142857142855,0.42857142857142855,0.7142857142857143,0.7142857142857143,0.5714285714285714,0.5714285714285714,5.375342845916748,2.741347551345825,2.633995294570923,1,/home/hschatzle/data/storage-occ-v2/repos/monte-carlo-selection/results/part1_occlusion_robustness/artifacts/s_fish_350/resnet50_geirhos_tl/position_scores_size_64.csv
s_fish_350,resnet50_tl_20250829,8,4,156,108,160.0,112.0,0.6964285714285714,0.48214285714285715,0.7321428571428571,0.5178571428571429,0.7142857142857143,0.5,156.98855590820312,155.7407989501953,1.2477569580078125,1,/home/hschatzle/data/storage-occ-v2/repos/monte-carlo-selection/results/part1_occlusion_robustness/artifacts/s_fish_350/resnet50_tl_20250829/position_scores_size_8.csv
s_fish_350,resnet50_tl_20250829,16,8,160,104,168.0,112.0,0.7142857142857143,0.4642857142857143,0.7857142857142857,0.5357142857142857,0.75,0.5,156.98855590820312,155.16697692871094,1.8215789794921875,1,/home/hschatzle/data/storage-occ-v2/repos/monte-carlo-selection/results/part1_occlusion_robustness/artifacts/s_fish_350/resnet50_tl_20250829/position_scores_size_16.csv
s_fish_350,resnet50_tl_20250829,32,16,32,64,48.0,80.0,0.14285714285714285,0.2857142857142857,0.2857142857142857,0.42857142857142855,0.21428571428571427,0.35714285714285715,156.98855590820312,151.5585174560547,5.4300384521484375,1,/home/hschatzle/data/storage-occ-v2/repos/monte-carlo-selection/results/part1_occlusion_robustness/artifacts/s_fish_350/resnet50_tl_20250829/position_scores_size_32.csv
s_fish_350,resnet50_tl_20250829,64,32,32,32,64.0,64.0,0.14285714285714285,0.14285714285714285,0.42857142857142855,0.42857142857142855,0.2857142857142857,0.2857142857142857,156.98855590820312,142.67015075683594,14.318405151367188,1,/home/hschatzle/data/storage-occ-v2/repos/monte-carlo-selection/results/part1_occlusion_robustness/artifacts/s_fish_350/resnet50_tl_20250829/position_scores_size_64.csv
s_fish_4,resnet50_geirhos_tl,8,4,84,112,88.0,116.0,0.375,0.5,0.4107142857142857,0.5357142857142857,0.39285714285714285,0.5178571428571429,8.249421119689941,7.795085430145264,0.4543356895446777,1,/home/hschatzle/data/storage-occ-v2/repos/monte-carlo-selection/results/part1_occlusion_robustness/artifacts/s_fish_4/resnet50_geirhos_tl/position_scores_size_8.csv
s_fish_4,resnet50_geirhos_tl,16,8,56,104,64.0,112.0,0.25,0.4642857142857143,0.32142857142857145,0.5357142857142857,0.2857142857142857,0.5,8.249421119689941,6.905947208404541,1.3434739112854004,1,/home/hschatzle/data/storage-occ-v2/repos/monte-carlo-selection/results/part1_occlusion_robustness/artifacts/s_fish_4/resnet50_geirhos_tl/position_scores_size_16.csv
s_fish_4,resnet50_geirhos_tl,32,16,96,80,112.0,96.0,0.42857142857142855,0.35714285714285715,0.5714285714285714,0.5,0.5,0.42857142857142855,8.249421119689941,6.11174201965332,2.137679100036621,1,/home/hschatzle/data/storage-occ-v2/repos/monte-carlo-selection/results/part1_occlusion_robustness/artifacts/s_fish_4/resnet50_geirhos_tl/position_scores_size_32.csv
s_fish_4,resnet50_geirhos_tl,64,32,96,96,128.0,128.0,0.42857142857142855,0.42857142857142855,0.7142857142857143,0.7142857142857143,0.5714285714285714,0.5714285714285714,8.249421119689941,4.604604721069336,3.6448163986206055,1,/home/hschatzle/data/storage-occ-v2/repos/monte-carlo-selection/results/part1_occlusion_robustness/artifacts/s_fish_4/resnet50_geirhos_tl/position_scores_size_64.csv
s_fish_4,resnet50_tl_20250829,8,4,76,108,80.0,112.0,0.3392857142857143,0.48214285714285715,0.375,0.5178571428571429,0.35714285714285715,0.5,155.09869384765625,153.74075317382812,1.357940673828125,1,/home/hschatzle/data/storage-occ-v2/repos/monte-carlo-selection/results/part1_occlusion_robustness/artifacts/s_fish_4/resnet50_tl_20250829/position_scores_size_8.csv
s_fish_4,resnet50_tl_20250829,16,8,64,96,72.0,104.0,0.2857142857142857,0.42857142857142855,0.35714285714285715,0.5,0.32142857142857145,0.4642857142857143,155.09869384765625,152.943359375,2.15533447265625,1,/home/hschatzle/data/storage-occ-v2/repos/monte-carlo-selection/results/part1_occlusion_robustness/artifacts/s_fish_4/resnet50_tl_20250829/position_scores_size_16.csv
s_fish_4,resnet50_tl_20250829,32,16,32,80,48.0,96.0,0.14285714285714285,0.35714285714285715,0.2857142857142857,0.5,0.21428571428571427,0.42857142857142855,155.09869384765625,149.4962615966797,5.6024322509765625,1,/home/hschatzle/data/storage-occ-v2/repos/monte-carlo-selection/results/part1_occlusion_robustness/artifacts/s_fish_4/resnet50_tl_20250829/position_scores_size_32.csv
s_fish_4,resnet50_tl_20250829,64,32,32,32,64.0,64.0,0.14285714285714285,0.14285714285714285,0.42857142857142855,0.42857142857142855,0.2857142857142857,0.2857142857142857,155.09869384765625,141.65716552734375,13.4415283203125,1,/home/hschatzle/data/storage-occ-v2/repos/monte-carlo-selection/results/part1_occlusion_robustness/artifacts/s_fish_4/resnet50_tl_20250829/position_scores_size_64.csv
s_fish_500,resnet50_geirhos_tl,8,4,152,0,156.0,4.0,0.6785714285714286,0.0,0.7142857142857143,0.03571428571428571,0.6964285714285714,0.017857142857142856,3.6421830654144287,3.2793374061584477,0.3628456592559814,1,/home/hschatzle/data/storage-occ-v2/repos/monte-carlo-selection/results/part1_occlusion_robustness/artifacts/s_fish_500/resnet50_geirhos_tl/position_scores_size_8.csv
s_fish_500,resnet50_geirhos_tl,16,8,40,88,48.0,96.0,0.17857142857142858,0.39285714285714285,0.25,0.4642857142857143,0.21428571428571427,0.42857142857142855,3.6421830654144287,3.158623218536377,0.4835598468780517,1,/home/hschatzle/data/storage-occ-v2/repos/monte-carlo-selection/results/part1_occlusion_robustness/artifacts/s_fish_500/resnet50_geirhos_tl/position_scores_size_16.csv
s_fish_500,resnet50_geirhos_tl,32,16,32,64,48.0,80.0,0.14285714285714285,0.2857142857142857,0.2857142857142857,0.42857142857142855,0.21428571428571427,0.35714285714285715,3.6421830654144287,2.558328151702881,1.083854913711548,1,/home/hschatzle/data/storage-occ-v2/repos/monte-carlo-selection/results/part1_occlusion_robustness/artifacts/s_fish_500/resnet50_geirhos_tl/position_scores_size_32.csv
s_fish_500,resnet50_geirhos_tl,64,32,0,64,32.0,96.0,0.0,0.2857142857142857,0.2857142857142857,0.5714285714285714,0.14285714285714285,0.42857142857142855,3.6421830654144287,1.319974422454834,2.3222086429595947,1,/home/hschatzle/data/storage-occ-v2/repos/monte-carlo-selection/results/part1_occlusion_robustness/artifacts/s_fish_500/resnet50_geirhos_tl/position_scores_size_64.csv
s_fish_500,resnet50_tl_20250829,8,4,0,92,4.0,96.0,0.0,0.4107142857142857,0.03571428571428571,0.44642857142857145,0.017857142857142856,0.42857142857142855,134.53280639648438,133.6853485107422,0.8474578857421875,1,/home/hschatzle/data/storage-occ-v2/repos/monte-carlo-selection/results/part1_occlusion_robustness/artifacts/s_fish_500/resnet50_tl_20250829/position_scores_size_8.csv
s_fish_500,resnet50_tl_20250829,16,8,0,72,8.0,80.0,0.0,0.32142857142857145,0.07142857142857142,0.39285714285714285,0.03571428571428571,0.35714285714285715,134.53280639648438,133.02857971191406,1.5042266845703125,1,/home/hschatzle/data/storage-occ-v2/repos/monte-carlo-selection/results/part1_occlusion_robustness/artifacts/s_fish_500/resnet50_tl_20250829/position_scores_size_16.csv
s_fish_500,resnet50_tl_20250829,32,16,16,32,32.0,48.0,0.07142857142857142,0.14285714285714285,0.21428571428571427,0.2857142857142857,0.14285714285714285,0.21428571428571427,134.53280639648438,129.60780334472656,4.9250030517578125,1,/home/hschatzle/data/storage-occ-v2/repos/monte-carlo-selection/results/part1_occlusion_robustness/artifacts/s_fish_500/resnet50_tl_20250829/position_scores_size_32.csv
s_fish_500,resnet50_tl_20250829,64,32,128,64,160.0,96.0,0.5714285714285714,0.2857142857142857,0.8571428571428571,0.5714285714285714,0.7142857142857143,0.42857142857142855,134.53280639648438,122.48363494873048,12.049171447753906,1,/home/hschatzle/data/storage-occ-v2/repos/monte-carlo-selection/results/part1_occlusion_robustness/artifacts/s_fish_500/resnet50_tl_20250829/position_scores_size_64.csv
s_fish_600,resnet50_geirhos_tl,8,4,104,80,108.0,84.0,0.4642857142857143,0.35714285714285715,0.5,0.39285714285714285,0.48214285714285715,0.375,3.59818172454834,3.3553967475891118,0.2427849769592285,1,/home/hschatzle/data/storage-occ-v2/repos/monte-carlo-selection/results/part1_occlusion_robustness/artifacts/s_fish_600/resnet50_geirhos_tl/position_scores_size_8.csv
s_fish_600,resnet50_geirhos_tl,16,8,0,112,8.0,120.0,0.0,0.5,0.07142857142857142,0.5714285714285714,0.03571428571428571,0.5357142857142857,3.59818172454834,3.2489559650421143,0.3492257595062256,1,/home/hschatzle/data/storage-occ-v2/repos/monte-carlo-selection/results/part1_occlusion_robustness/artifacts/s_fish_600/resnet50_geirhos_tl/position_scores_size_16.csv
s_fish_600,resnet50_geirhos_tl,32,16,144,80,160.0,96.0,0.6428571428571429,0.35714285714285715,0.7857142857142857,0.5,0.7142857142857143,0.42857142857142855,3.59818172454834,2.820499897003174,0.777681827545166,1,/home/hschatzle/data/storage-occ-v2/repos/monte-carlo-selection/results/part1_occlusion_robustness/artifacts/s_fish_600/resnet50_geirhos_tl/position_scores_size_32.csv
s_fish_600,resnet50_geirhos_tl,64,32,160,64,192.0,96.0,0.7142857142857143,0.2857142857142857,1.0,0.5714285714285714,0.8571428571428571,0.42857142857142855,3.59818172454834,1.8610568046569824,1.7371249198913574,1,/home/hschatzle/data/storage-occ-v2/repos/monte-carlo-selection/results/part1_occlusion_robustness/artifacts/s_fish_600/resnet50_geirhos_tl/position_scores_size_64.csv
s_fish_600,resnet50_tl_20250829,8,4,160,160,164.0,164.0,0.7142857142857143,0.7142857142857143,0.75,0.75,0.7321428571428571,0.7321428571428571,143.42333984375,142.78775024414062,0.635589599609375,1,/home/hschatzle/data/storage-occ-v2/repos/monte-carlo-selection/results/part1_occlusion_robustness/artifacts/s_fish_600/resnet50_tl_20250829/position_scores_size_8.csv
s_fish_600,resnet50_tl_20250829,16,8,160,160,168.0,168.0,0.7142857142857143,0.7142857142857143,0.7857142857142857,0.7857142857142857,0.75,0.75,143.42333984375,141.8136444091797,1.6096954345703125,1,/home/hschatzle/data/storage-occ-v2/repos/monte-carlo-selection/results/part1_occlusion_robustness/artifacts/s_fish_600/resnet50_tl_20250829/position_scores_size_16.csv
s_fish_600,resnet50_tl_20250829,32,16,144,144,160.0,160.0,0.6428571428571429,0.6428571428571429,0.7857142857142857,0.7857142857142857,0.7142857142857143,0.7142857142857143,143.42333984375,136.85964965820312,6.563690185546875,1,/home/hschatzle/data/storage-occ-v2/repos/monte-carlo-selection/results/part1_occlusion_robustness/artifacts/s_fish_600/resnet50_tl_20250829/position_scores_size_32.csv
s_fish_600,resnet50_tl_20250829,64,32,128,128,160.0,160.0,0.5714285714285714,0.5714285714285714,0.8571428571428571,0.8571428571428571,0.7142857142857143,0.7142857142857143,143.42333984375,127.49857330322266,15.924766540527344,1,/home/hschatzle/data/storage-occ-v2/repos/monte-carlo-selection/results/part1_occlusion_robustness/artifacts/s_fish_600/resnet50_tl_20250829/position_scores_size_64.csv
s_fish_700,resnet50_geirhos_tl,8,4,88,44,92.0,48.0,0.39285714285714285,0.19642857142857142,0.42857142857142855,0.23214285714285715,0.4107142857142857,0.21428571428571427,5.651268482208252,5.17099666595459,0.4802718162536621,1,/home/hschatzle/data/storage-occ-v2/repos/monte-carlo-selection/results/part1_occlusion_robustness/artifacts/s_fish_700/resnet50_geirhos_tl/position_scores_size_8.csv
s_fish_700,resnet50_geirhos_tl,16,8,112,56,120.0,64.0,0.5,0.25,0.5714285714285714,0.32142857142857145,0.5357142857142857,0.2857142857142857,5.651268482208252,4.493261814117432,1.1580066680908203,1,/home/hschatzle/data/storage-occ-v2/repos/monte-carlo-selection/results/part1_occlusion_robustness/artifacts/s_fish_700/resnet50_geirhos_tl/position_scores_size_16.csv
s_fish_700,resnet50_geirhos_tl,32,16,112,48,128.0,64.0,0.5,0.21428571428571427,0.6428571428571429,0.35714285714285715,0.5714285714285714,0.2857142857142857,5.651268482208252,4.175499439239502,1.47576904296875,1,/home/hschatzle/data/storage-occ-v2/repos/monte-carlo-selection/results/part1_occlusion_robustness/artifacts/s_fish_700/resnet50_geirhos_tl/position_scores_size_32.csv
s_fish_700,resnet50_geirhos_tl,64,32,64,96,96.0,128.0,0.2857142857142857,0.42857142857142855,0.5714285714285714,0.7142857142857143,0.42857142857142855,0.5714285714285714,5.651268482208252,3.889402389526367,1.7618660926818848,1,/home/hschatzle/data/storage-occ-v2/repos/monte-carlo-selection/results/part1_occlusion_robustness/artifacts/s_fish_700/resnet50_geirhos_tl/position_scores_size_64.csv
s_fish_700,resnet50_tl_20250829,8,4,112,152,116.0,156.0,0.5,0.6785714285714286,0.5357142857142857,0.7142857142857143,0.5178571428571429,0.6964285714285714,150.28395080566406,149.37245178222656,0.9114990234375,1,/home/hschatzle/data/storage-occ-v2/repos/monte-carlo-selection/results/part1_occlusion_robustness/artifacts/s_fish_700/resnet50_tl_20250829/position_scores_size_8.csv
s_fish_700,resnet50_tl_20250829,16,8,128,160,136.0,168.0,0.5714285714285714,0.7142857142857143,0.6428571428571429,0.7857142857142857,0.6071428571428571,0.75,150.28395080566406,148.15277099609375,2.1311798095703125,1,/home/hschatzle/data/storage-occ-v2/repos/monte-carlo-selection/results/part1_occlusion_robustness/artifacts/s_fish_700/resnet50_tl_20250829/position_scores_size_16.csv
s_fish_700,resnet50_tl_20250829,32,16,112,160,128.0,176.0,0.5,0.7142857142857143,0.6428571428571429,0.8571428571428571,0.5714285714285714,0.7857142857142857,150.28395080566406,142.7772674560547,7.506683349609375,1,/home/hschatzle/data/storage-occ-v2/repos/monte-carlo-selection/results/part1_occlusion_robustness/artifacts/s_fish_700/resnet50_tl_20250829/position_scores_size_32.csv
s_fish_700,resnet50_tl_20250829,64,32,128,128,160.0,160.0,0.5714285714285714,0.5714285714285714,0.8571428571428571,0.8571428571428571,0.7142857142857143,0.7142857142857143,150.28395080566406,134.3097686767578,15.97418212890625,1,/home/hschatzle/data/storage-occ-v2/repos/monte-carlo-selection/results/part1_occlusion_robustness/artifacts/s_fish_700/resnet50_tl_20250829/position_scores_size_64.csv
s_fish_800,resnet50_geirhos_tl,8,4,124,24,128.0,28.0,0.5535714285714286,0.10714285714285714,0.5892857142857143,0.14285714285714285,0.5714285714285714,0.125,3.9435782432556152,3.735750198364258,0.2078280448913574,1,/home/hschatzle/data/storage-occ-v2/repos/monte-carlo-selection/results/part1_occlusion_robustness/artifacts/s_fish_800/resnet50_geirhos_tl/position_scores_size_8.csv
s_fish_800,resnet50_geirhos_tl,16,8,128,48,136.0,56.0,0.5714285714285714,0.21428571428571427,0.6428571428571429,0.2857142857142857,0.6071428571428571,0.25,3.9435782432556152,3.608141899108887,0.3354363441467285,1,/home/hschatzle/data/storage-occ-v2/repos/monte-carlo-selection/results/part1_occlusion_robustness/artifacts/s_fish_800/resnet50_geirhos_tl/position_scores_size_16.csv
s_fish_800,resnet50_geirhos_tl,32,16,96,80,112.0,96.0,0.42857142857142855,0.35714285714285715,0.5714285714285714,0.5,0.5,0.42857142857142855,3.9435782432556152,2.887535810470581,1.0560424327850342,1,/home/hschatzle/data/storage-occ-v2/repos/monte-carlo-selection/results/part1_occlusion_robustness/artifacts/s_fish_800/resnet50_geirhos_tl/position_scores_size_32.csv
s_fish_800,resnet50_geirhos_tl,64,32,96,64,128.0,96.0,0.42857142857142855,0.2857142857142857,0.7142857142857143,0.5714285714285714,0.5714285714285714,0.42857142857142855,3.9435782432556152,2.727518081665039,1.2160601615905762,1,/home/hschatzle/data/storage-occ-v2/repos/monte-carlo-selection/results/part1_occlusion_robustness/artifacts/s_fish_800/resnet50_geirhos_tl/position_scores_size_64.csv
s_fish_800,resnet50_tl_20250829,8,4,60,96,64.0,100.0,0.26785714285714285,0.42857142857142855,0.30357142857142855,0.4642857142857143,0.2857142857142857,0.44642857142857145,148.40269470214844,147.35389709472656,1.048797607421875,1,/home/hschatzle/data/storage-occ-v2/repos/monte-carlo-selection/results/part1_occlusion_robustness/artifacts/s_fish_800/resnet50_tl_20250829/position_scores_size_8.csv
s_fish_800,resnet50_tl_20250829,16,8,48,96,56.0,104.0,0.21428571428571427,0.42857142857142855,0.2857142857142857,0.5,0.25,0.4642857142857143,148.40269470214844,146.07003784179688,2.3326568603515625,1,/home/hschatzle/data/storage-occ-v2/repos/monte-carlo-selection/results/part1_occlusion_robustness/artifacts/s_fish_800/resnet50_tl_20250829/position_scores_size_16.csv
s_fish_800,resnet50_tl_20250829,32,16,32,96,48.0,112.0,0.14285714285714285,0.42857142857142855,0.2857142857142857,0.5714285714285714,0.21428571428571427,0.5,148.40269470214844,140.16793823242188,8.234756469726562,1,/home/hschatzle/data/storage-occ-v2/repos/monte-carlo-selection/results/part1_occlusion_robustness/artifacts/s_fish_800/resnet50_tl_20250829/position_scores_size_32.csv
s_fish_800,resnet50_tl_20250829,64,32,0,64,32.0,96.0,0.0,0.2857142857142857,0.2857142857142857,0.5714285714285714,0.14285714285714285,0.42857142857142855,148.40269470214844,133.80648803710938,14.596206665039062,1,/home/hschatzle/data/storage-occ-v2/repos/monte-carlo-selection/results/part1_occlusion_robustness/artifacts/s_fish_800/resnet50_tl_20250829/position_scores_size_64.csv
s_fish_900,resnet50_geirhos_tl,8,4,36,108,40.0,112.0,0.16071428571428573,0.48214285714285715,0.19642857142857142,0.5178571428571429,0.17857142857142858,0.5,4.9638991355896,4.3433380126953125,0.6205611228942871,1,/home/hschatzle/data/storage-occ-v2/repos/monte-carlo-selection/results/part1_occlusion_robustness/artifacts/s_fish_900/resnet50_geirhos_tl/position_scores_size_8.csv
s_fish_900,resnet50_geirhos_tl,16,8,152,120,160.0,128.0,0.6785714285714286,0.5357142857142857,0.75,0.6071428571428571,0.7142857142857143,0.5714285714285714,4.9638991355896,3.793539762496948,1.1703593730926514,1,/home/hschatzle/data/storage-occ-v2/repos/monte-carlo-selection/results/part1_occlusion_robustness/artifacts/s_fish_900/resnet50_geirhos_tl/position_scores_size_16.csv
s_fish_900,resnet50_geirhos_tl,32,16,144,112,160.0,128.0,0.6428571428571429,0.5,0.7857142857142857,0.6428571428571429,0.7142857142857143,0.5714285714285714,4.9638991355896,2.508168458938598,2.455730676651001,1,/home/hschatzle/data/storage-occ-v2/repos/monte-carlo-selection/results/part1_occlusion_robustness/artifacts/s_fish_900/resnet50_geirhos_tl/position_scores_size_32.csv
s_fish_900,resnet50_geirhos_tl,64,32,160,64,192.0,96.0,0.7142857142857143,0.2857142857142857,1.0,0.5714285714285714,0.8571428571428571,0.42857142857142855,4.9638991355896,2.5095326900482178,2.454366445541382,1,/home/hschatzle/data/storage-occ-v2/repos/monte-carlo-selection/results/part1_occlusion_robustness/artifacts/s_fish_900/resnet50_geirhos_tl/position_scores_size_64.csv
s_fish_900,resnet50_tl_20250829,8,4,128,76,132.0,80.0,0.5714285714285714,0.3392857142857143,0.6071428571428571,0.375,0.5892857142857143,0.35714285714285715,160.50303649902344,159.9482879638672,0.55474853515625,1,/home/hschatzle/data/storage-occ-v2/repos/monte-carlo-selection/results/part1_occlusion_robustness/artifacts/s_fish_900/resnet50_tl_20250829/position_scores_size_8.csv
s_fish_900,resnet50_tl_20250829,16,8,120,72,128.0,80.0,0.5357142857142857,0.32142857142857145,0.6071428571428571,0.39285714285714285,0.5714285714285714,0.35714285714285715,160.50303649902344,159.3065948486328,1.196441650390625,1,/home/hschatzle/data/storage-occ-v2/repos/monte-carlo-selection/results/part1_occlusion_robustness/artifacts/s_fish_900/resnet50_tl_20250829/position_scores_size_16.csv
s_fish_900,resnet50_tl_20250829,32,16,32,144,48.0,160.0,0.14285714285714285,0.6428571428571429,0.2857142857142857,0.7857142857142857,0.21428571428571427,0.7142857142857143,160.50303649902344,154.43344116210938,6.069595336914063,1,/home/hschatzle/data/storage-occ-v2/repos/monte-carlo-selection/results/part1_occlusion_robustness/artifacts/s_fish_900/resnet50_tl_20250829/position_scores_size_32.csv
s_fish_900,resnet50_tl_20250829,64,32,0,128,32.0,160.0,0.0,0.5714285714285714,0.2857142857142857,0.8571428571428571,0.14285714285714285,0.7142857142857143,160.50303649902344,147.8289794921875,12.674057006835938,1,/home/hschatzle/data/storage-occ-v2/repos/monte-carlo-selection/results/part1_occlusion_robustness/artifacts/s_fish_900/resnet50_tl_20250829/position_scores_size_64.csv
s_oyster_350,resnet50_geirhos_tl,8,4,136,168,140.0,172.0,0.6071428571428571,0.75,0.6428571428571429,0.7857142857142857,0.625,0.7678571428571429,6.025699138641357,5.685419082641602,0.3402800559997558,1,/home/hschatzle/data/storage-occ-v2/repos/monte-carlo-selection/results/part1_occlusion_robustness/artifacts/s_oyster_350/resnet50_geirhos_tl/position_scores_size_8.csv
s_oyster_350,resnet50_geirhos_tl,16,8,0,96,8.0,104.0,0.0,0.42857142857142855,0.07142857142857142,0.5,0.03571428571428571,0.4642857142857143,6.025699138641357,5.352695941925049,0.6730031967163086,1,/home/hschatzle/data/storage-occ-v2/repos/monte-carlo-selection/results/part1_occlusion_robustness/artifacts/s_oyster_350/resnet50_geirhos_tl/position_scores_size_16.csv
s_oyster_350,resnet50_geirhos_tl,32,16,64,160,80.0,176.0,0.2857142857142857,0.7142857142857143,0.42857142857142855,0.8571428571428571,0.35714285714285715,0.7857142857142857,6.025699138641357,4.1998467445373535,1.825852394104004,1,/home/hschatzle/data/storage-occ-v2/repos/monte-carlo-selection/results/part1_occlusion_robustness/artifacts/s_oyster_350/resnet50_geirhos_tl/position_scores_size_32.csv
s_oyster_350,resnet50_geirhos_tl,64,32,32,128,64.0,160.0,0.14285714285714285,0.5714285714285714,0.42857142857142855,0.8571428571428571,0.2857142857142857,0.7142857142857143,6.025699138641357,3.0209860801696777,3.00471305847168,1,/home/hschatzle/data/storage-occ-v2/repos/monte-carlo-selection/results/part1_occlusion_robustness/artifacts/s_oyster_350/resnet50_geirhos_tl/position_scores_size_64.csv
s_oyster_350,resnet50_tl_20250829,8,4,100,24,104.0,28.0,0.44642857142857145,0.10714285714285714,0.48214285714285715,0.14285714285714285,0.4642857142857143,0.125,117.7513656616211,117.15121459960938,0.6001510620117188,1,/home/hschatzle/data/storage-occ-v2/repos/monte-carlo-selection/results/part1_occlusion_robustness/artifacts/s_oyster_350/resnet50_tl_20250829/position_scores_size_8.csv
s_oyster_350,resnet50_tl_20250829,16,8,96,16,104.0,24.0,0.42857142857142855,0.07142857142857142,0.5,0.14285714285714285,0.4642857142857143,0.10714285714285714,117.7513656616211,116.08029174804688,1.6710739135742188,1,/home/hschatzle/data/storage-occ-v2/repos/monte-carlo-selection/results/part1_occlusion_robustness/artifacts/s_oyster_350/resnet50_tl_20250829/position_scores_size_16.csv
s_oyster_350,resnet50_tl_20250829,32,16,176,16,192.0,32.0,0.7857142857142857,0.07142857142857142,0.9285714285714286,0.21428571428571427,0.8571428571428571,0.14285714285714285,117.7513656616211,112.16529846191406,5.586067199707031,1,/home/hschatzle/data/storage-occ-v2/repos/monte-carlo-selection/results/part1_occlusion_robustness/artifacts/s_oyster_350/resnet50_tl_20250829/position_scores_size_32.csv
s_oyster_350,resnet50_tl_20250829,64,32,0,0,32.0,32.0,0.0,0.0,0.2857142857142857,0.2857142857142857,0.14285714285714285,0.14285714285714285,117.7513656616211,103.0286102294922,14.722755432128906,1,/home/hschatzle/data/storage-occ-v2/repos/monte-carlo-selection/results/part1_occlusion_robustness/artifacts/s_oyster_350/resnet50_tl_20250829/position_scores_size_64.csv
s_oyster_4,resnet50_geirhos_tl,8,4,160,72,164.0,76.0,0.7142857142857143,0.32142857142857145,0.75,0.35714285714285715,0.7321428571428571,0.3392857142857143,5.123429298400879,4.597369194030762,0.5260601043701172,1,/home/hschatzle/data/storage-occ-v2/repos/monte-carlo-selection/results/part1_occlusion_robustness/artifacts/s_oyster_4/resnet50_geirhos_tl/position_scores_size_8.csv
s_oyster_4,resnet50_geirhos_tl,16,8,16,80,24.0,88.0,0.07142857142857142,0.35714285714285715,0.14285714285714285,0.42857142857142855,0.10714285714285714,0.39285714285714285,5.123429298400879,4.032700538635254,1.090728759765625,1,/home/hschatzle/data/storage-occ-v2/repos/monte-carlo-selection/results/part1_occlusion_robustness/artifacts/s_oyster_4/resnet50_geirhos_tl/position_scores_size_16.csv
s_oyster_4,resnet50_geirhos_tl,32,16,48,128,64.0,144.0,0.21428571428571427,0.5714285714285714,0.35714285714285715,0.7142857142857143,0.2857142857142857,0.6428571428571429,5.123429298400879,2.8010566234588623,2.3223726749420166,1,/home/hschatzle/data/storage-occ-v2/repos/monte-carlo-selection/results/part1_occlusion_robustness/artifacts/s_oyster_4/resnet50_geirhos_tl/position_scores_size_32.csv
s_oyster_4,resnet50_geirhos_tl,64,32,0,96,32.0,128.0,0.0,0.42857142857142855,0.2857142857142857,0.7142857142857143,0.14285714285714285,0.5714285714285714,5.123429298400879,2.394968271255493,2.7284610271453857,1,/home/hschatzle/data/storage-occ-v2/repos/monte-carlo-selection/results/part1_occlusion_robustness/artifacts/s_oyster_4/resnet50_geirhos_tl/position_scores_size_64.csv
s_oyster_4,resnet50_tl_20250829,8,4,132,68,136.0,72.0,0.5892857142857143,0.30357142857142855,0.625,0.3392857142857143,0.6071428571428571,0.32142857142857145,134.8694610595703,134.32872009277344,0.540740966796875,1,/home/hschatzle/data/storage-occ-v2/repos/monte-carlo-selection/results/part1_occlusion_robustness/artifacts/s_oyster_4/resnet50_tl_20250829/position_scores_size_8.csv
s_oyster_4,resnet50_tl_20250829,16,8,176,136,184.0,144.0,0.7857142857142857,0.6071428571428571,0.8571428571428571,0.6785714285714286,0.8214285714285714,0.6428571428571429,134.8694610595703,133.56396484375,1.3054962158203125,1,/home/hschatzle/data/storage-occ-v2/repos/monte-carlo-selection/results/part1_occlusion_robustness/artifacts/s_oyster_4/resnet50_tl_20250829/position_scores_size_16.csv
s_oyster_4,resnet50_tl_20250829,32,16,176,144,192.0,160.0,0.7857142857142857,0.6428571428571429,0.9285714285714286,0.7857142857142857,0.8571428571428571,0.7142857142857143,134.8694610595703,129.84420776367188,5.0252532958984375,1,/home/hschatzle/data/storage-occ-v2/repos/monte-carlo-selection/results/part1_occlusion_robustness/artifacts/s_oyster_4/resnet50_tl_20250829/position_scores_size_32.csv
s_oyster_4,resnet50_tl_20250829,64,32,160,128,192.0,160.0,0.7142857142857143,0.5714285714285714,1.0,0.8571428571428571,0.8571428571428571,0.7142857142857143,134.8694610595703,121.93775939941406,12.93170166015625,1,/home/hschatzle/data/storage-occ-v2/repos/monte-carlo-selection/results/part1_occlusion_robustness/artifacts/s_oyster_4/resnet50_tl_20250829/position_scores_size_64.csv
