case_id,model_type,occluder_size,stride,y0,x0,y_center,x_center,baseline_target_logit,post_occlusion_target_logit,target_logit_drop
s_butterfly_560,resnet50_tl_20250829,8,4,0,0,4.0,4.0,137.10655212402344,137.0445098876953,0.062042236328125
s_butterfly_560,resnet50_tl_20250829,8,4,0,4,4.0,8.0,137.10655212402344,137.24008178710938,-0.1335296630859375
s_butterfly_560,resnet50_tl_20250829,8,4,0,8,4.0,12.0,137.10655212402344,137.2353057861328,-0.128753662109375
s_butterfly_560,resnet50_tl_20250829,8,4,0,12,4.0,16.0,137.10655212402344,137.3606719970703,-0.254119873046875
s_butterfly_560,resnet50_tl_20250829,8,4,0,16,4.0,20.0,137.10655212402344,137.3529510498047,-0.24639892578125
s_butterfly_560,resnet50_tl_20250829,8,4,0,20,4.0,24.0,137.10655212402344,137.3392333984375,-0.2326812744140625
s_butterfly_560,resnet50_tl_20250829,8,4,0,24,4.0,28.0,137.10655212402344,137.24790954589844,-0.141357421875
s_butterfly_560,resnet50_tl_20250829,8,4,0,28,4.0,32.0,137.10655212402344,137.06163024902344,0.044921875
s_butterfly_560,resnet50_tl_20250829,8,4,0,32,4.0,36.0,137.10655212402344,136.96458435058594,0.1419677734375
s_butterfly_560,resnet50_tl_20250829,8,4,0,36,4.0,40.0,137.10655212402344,137.02023315429688,0.0863189697265625
s_butterfly_560,resnet50_tl_20250829,8,4,0,40,4.0,44.0,137.10655212402344,136.99156188964844,0.114990234375
s_butterfly_560,resnet50_tl_20250829,8,4,0,44,4.0,48.0,137.10655212402344,136.79063415527344,0.31591796875
s_butterfly_560,resnet50_tl_20250829,8,4,0,48,4.0,52.0,137.10655212402344,136.74456787109375,0.3619842529296875
s_butterfly_560,resnet50_tl_20250829,8,4,0,52,4.0,56.0,137.10655212402344,136.84104919433594,0.2655029296875
s_butterfly_560,resnet50_tl_20250829,8,4,0,56,4.0,60.0,137.10655212402344,136.91184997558594,0.1947021484375
s_butterfly_560,resnet50_tl_20250829,8,4,0,60,4.0,64.0,137.10655212402344,136.5661163330078,0.540435791015625
s_butterfly_560,resnet50_tl_20250829,8,4,0,64,4.0,68.0,137.10655212402344,136.59971618652344,0.5068359375
s_butterfly_560,resnet50_tl_20250829,8,4,0,68,4.0,72.0,137.10655212402344,136.77655029296875,0.3300018310546875
s_butterfly_560,resnet50_tl_20250829,8,4,0,72,4.0,76.0,137.10655212402344,136.86781311035156,0.238739013671875
s_butterfly_560,resnet50_tl_20250829,8,4,0,76,4.0,80.0,137.10655212402344,136.80723571777344,0.29931640625
s_butterfly_560,resnet50_tl_20250829,8,4,0,80,4.0,84.0,137.10655212402344,136.87750244140625,0.2290496826171875
s_butterfly_560,resnet50_tl_20250829,8,4,0,84,4.0,88.0,137.10655212402344,136.9984130859375,0.1081390380859375
s_butterfly_560,resnet50_tl_20250829,8,4,0,88,4.0,92.0,137.10655212402344,137.08416748046875,0.0223846435546875
s_butterfly_560,resnet50_tl_20250829,8,4,0,92,4.0,96.0,137.10655212402344,136.88636779785156,0.220184326171875
s_butterfly_560,resnet50_tl_20250829,8,4,0,96,4.0,100.0,137.10655212402344,136.96829223632812,0.1382598876953125
s_butterfly_560,resnet50_tl_20250829,8,4,0,100,4.0,104.0,137.10655212402344,137.19847106933594,-0.0919189453125
s_butterfly_560,resnet50_tl_20250829,8,4,0,104,4.0,108.0,137.10655212402344,137.20623779296875,-0.0996856689453125
s_butterfly_560,resnet50_tl_20250829,8,4,0,108,4.0,112.0,137.10655212402344,137.1513671875,-0.0448150634765625
s_butterfly_560,resnet50_tl_20250829,8,4,0,112,4.0,116.0,137.10655212402344,137.17684936523438,-0.0702972412109375
s_butterfly_560,resnet50_tl_20250829,8,4,0,116,4.0,120.0,137.10655212402344,137.17259216308594,-0.0660400390625
s_butterfly_560,resnet50_tl_20250829,8,4,0,120,4.0,124.0,137.10655212402344,137.2675018310547,-0.16094970703125
s_butterfly_560,resnet50_tl_20250829,8,4,0,124,4.0,128.0,137.10655212402344,137.23574829101562,-0.1291961669921875
s_butterfly_560,resnet50_tl_20250829,8,4,0,128,4.0,132.0,137.10655212402344,137.25973510742188,-0.1531829833984375
s_butterfly_560,resnet50_tl_20250829,8,4,0,132,4.0,136.0,137.10655212402344,137.32473754882812,-0.2181854248046875
s_butterfly_560,resnet50_tl_20250829,8,4,0,136,4.0,140.0,137.10655212402344,137.27391052246094,-0.1673583984375
s_butterfly_560,resnet50_tl_20250829,8,4,0,140,4.0,144.0,137.10655212402344,137.26473999023438,-0.1581878662109375
s_butterfly_560,resnet50_tl_20250829,8,4,0,144,4.0,148.0,137.10655212402344,137.18568420410156,-0.079132080078125
s_butterfly_560,resnet50_tl_20250829,8,4,0,148,4.0,152.0,137.10655212402344,137.23321533203125,-0.1266632080078125
s_butterfly_560,resnet50_tl_20250829,8,4,0,152,4.0,156.0,137.10655212402344,137.27999877929688,-0.1734466552734375
s_butterfly_560,resnet50_tl_20250829,8,4,0,156,4.0,160.0,137.10655212402344,137.1597137451172,-0.05316162109375
s_butterfly_560,resnet50_tl_20250829,8,4,0,160,4.0,164.0,137.10655212402344,137.08895874023438,0.0175933837890625
s_butterfly_560,resnet50_tl_20250829,8,4,0,164,4.0,168.0,137.10655212402344,137.15171813964844,-0.045166015625
s_butterfly_560,resnet50_tl_20250829,8,4,0,168,4.0,172.0,137.10655212402344,137.1475372314453,-0.040985107421875
s_butterfly_560,resnet50_tl_20250829,8,4,0,172,4.0,176.0,137.10655212402344,136.97268676757812,0.1338653564453125
s_butterfly_560,resnet50_tl_20250829,8,4,0,176,4.0,180.0,137.10655212402344,136.87062072753906,0.235931396484375
s_butterfly_560,resnet50_tl_20250829,8,4,0,180,4.0,184.0,137.10655212402344,136.98770141601562,0.1188507080078125
s_butterfly_560,resnet50_tl_20250829,8,4,0,184,4.0,188.0,137.10655212402344,137.07830810546875,0.0282440185546875
s_butterfly_560,resnet50_tl_20250829,8,4,0,188,4.0,192.0,137.10655212402344,137.00851440429688,0.0980377197265625
s_butterfly_560,resnet50_tl_20250829,8,4,0,192,4.0,196.0,137.10655212402344,137.00393676757812,0.1026153564453125
s_butterfly_560,resnet50_tl_20250829,8,4,0,196,4.0,200.0,137.10655212402344,137.06375122070312,0.0428009033203125
s_butterfly_560,resnet50_tl_20250829,8,4,0,200,4.0,204.0,137.10655212402344,137.07489013671875,0.0316619873046875
s_butterfly_560,resnet50_tl_20250829,8,4,0,204,4.0,208.0,137.10655212402344,137.0224609375,0.0840911865234375
s_butterfly_560,resnet50_tl_20250829,8,4,0,208,4.0,212.0,137.10655212402344,136.9574432373047,0.14910888671875
s_butterfly_560,resnet50_tl_20250829,8,4,0,212,4.0,216.0,137.10655212402344,136.9597930908203,0.146759033203125
s_butterfly_560,resnet50_tl_20250829,8,4,0,216,4.0,220.0,137.10655212402344,137.03433227539062,0.0722198486328125
s_butterfly_560,resnet50_tl_20250829,8,4,4,0,8.0,4.0,137.10655212402344,137.40423583984375,-0.2976837158203125
s_butterfly_560,resnet50_tl_20250829,8,4,4,4,8.0,8.0,137.10655212402344,137.2050018310547,-0.09844970703125
s_butterfly_560,resnet50_tl_20250829,8,4,4,8,8.0,12.0,137.10655212402344,137.21490478515625,-0.1083526611328125
s_butterfly_560,resnet50_tl_20250829,8,4,4,12,8.0,16.0,137.10655212402344,137.31661987304688,-0.2100677490234375
s_butterfly_560,resnet50_tl_20250829,8,4,4,16,8.0,20.0,137.10655212402344,137.2938690185547,-0.18731689453125
s_butterfly_560,resnet50_tl_20250829,8,4,4,20,8.0,24.0,137.10655212402344,137.34951782226562,-0.2429656982421875
s_butterfly_560,resnet50_tl_20250829,8,4,4,24,8.0,28.0,137.10655212402344,137.2771759033203,-0.170623779296875
s_butterfly_560,resnet50_tl_20250829,8,4,4,28,8.0,32.0,137.10655212402344,137.20175170898438,-0.0951995849609375
s_butterfly_560,resnet50_tl_20250829,8,4,4,32,8.0,36.0,137.10655212402344,137.08917236328125,0.0173797607421875
s_butterfly_560,resnet50_tl_20250829,8,4,4,36,8.0,40.0,137.10655212402344,137.0864715576172,0.02008056640625
s_butterfly_560,resnet50_tl_20250829,8,4,4,40,8.0,44.0,137.10655212402344,137.0364990234375,0.0700531005859375
s_butterfly_560,resnet50_tl_20250829,8,4,4,44,8.0,48.0,137.10655212402344,137.0483856201172,0.05816650390625
s_butterfly_560,resnet50_tl_20250829,8,4,4,48,8.0,52.0,137.10655212402344,136.9644317626953,0.142120361328125
s_butterfly_560,resnet50_tl_20250829,8,4,4,52,8.0,56.0,137.10655212402344,137.02084350585938,0.0857086181640625
s_butterfly_560,resnet50_tl_20250829,8,4,4,56,8.0,60.0,137.10655212402344,137.0291748046875,0.0773773193359375
s_butterfly_560,resnet50_tl_20250829,8,4,4,60,8.0,64.0,137.10655212402344,137.03778076171875,0.0687713623046875
s_butterfly_560,resnet50_tl_20250829,8,4,4,64,8.0,68.0,137.10655212402344,136.96896362304688,0.1375885009765625
s_butterfly_560,resnet50_tl_20250829,8,4,4,68,8.0,72.0,137.10655212402344,136.93853759765625,0.1680145263671875
s_butterfly_560,resnet50_tl_20250829,8,4,4,72,8.0,76.0,137.10655212402344,137.0225372314453,0.084014892578125
s_butterfly_560,resnet50_tl_20250829,8,4,4,76,8.0,80.0,137.10655212402344,137.11488342285156,-0.008331298828125
s_butterfly_560,resnet50_tl_20250829,8,4,4,80,8.0,84.0,137.10655212402344,137.09262084960938,0.0139312744140625
s_butterfly_560,resnet50_tl_20250829,8,4,4,84,8.0,88.0,137.10655212402344,137.08547973632812,0.0210723876953125
s_butterfly_560,resnet50_tl_20250829,8,4,4,88,8.0,92.0,137.10655212402344,137.2030029296875,-0.0964508056640625
s_butterfly_560,resnet50_tl_20250829,8,4,4,92,8.0,96.0,137.10655212402344,137.273681640625,-0.1671295166015625
s_butterfly_560,resnet50_tl_20250829,8,4,4,96,8.0,100.0,137.10655212402344,137.2029266357422,-0.09637451171875
s_butterfly_560,resnet50_tl_20250829,8,4,4,100,8.0,104.0,137.10655212402344,137.23854064941406,-0.131988525390625
s_butterfly_560,resnet50_tl_20250829,8,4,4,104,8.0,108.0,137.10655212402344,137.2865753173828,-0.180023193359375
s_butterfly_560,resnet50_tl_20250829,8,4,4,108,8.0,112.0,137.10655212402344,137.30982971191406,-0.203277587890625
s_butterfly_560,resnet50_tl_20250829,8,4,4,112,8.0,116.0,137.10655212402344,137.28260803222656,-0.176055908203125
s_butterfly_560,resnet50_tl_20250829,8,4,4,116,8.0,120.0,137.10655212402344,137.2326202392578,-0.126068115234375
s_butterfly_560,resnet50_tl_20250829,8,4,4,120,8.0,124.0,137.10655212402344,137.333984375,-0.2274322509765625
s_butterfly_560,resnet50_tl_20250829,8,4,4,124,8.0,128.0,137.10655212402344,137.39039611816406,-0.283843994140625
s_butterfly_560,resnet50_tl_20250829,8,4,4,128,8.0,132.0,137.10655212402344,137.30874633789062,-0.2021942138671875
s_butterfly_560,resnet50_tl_20250829,8,4,4,132,8.0,136.0,137.10655212402344,137.30377197265625,-0.1972198486328125
s_butterfly_560,resnet50_tl_20250829,8,4,4,136,8.0,140.0,137.10655212402344,137.25660705566406,-0.150054931640625
s_butterfly_560,resnet50_tl_20250829,8,4,4,140,8.0,144.0,137.10655212402344,137.33554077148438,-0.2289886474609375
s_butterfly_560,resnet50_tl_20250829,8,4,4,144,8.0,148.0,137.10655212402344,137.23455810546875,-0.1280059814453125
s_butterfly_560,resnet50_tl_20250829,8,4,4,148,8.0,152.0,137.10655212402344,137.2933349609375,-0.1867828369140625
s_butterfly_560,resnet50_tl_20250829,8,4,4,152,8.0,156.0,137.10655212402344,137.30026245117188,-0.1937103271484375
s_butterfly_560,resnet50_tl_20250829,8,4,4,156,8.0,160.0,137.10655212402344,137.36766052246094,-0.2611083984375
s_butterfly_560,resnet50_tl_20250829,8,4,4,160,8.0,164.0,137.10655212402344,137.2581787109375,-0.1516265869140625
s_butterfly_560,resnet50_tl_20250829,8,4,4,164,8.0,168.0,137.10655212402344,137.2797088623047,-0.17315673828125
s_butterfly_560,resnet50_tl_20250829,8,4,4,168,8.0,172.0,137.10655212402344,137.21536254882812,-0.1088104248046875
s_butterfly_560,resnet50_tl_20250829,8,4,4,172,8.0,176.0,137.10655212402344,137.23312377929688,-0.1265716552734375
s_butterfly_560,resnet50_tl_20250829,8,4,4,176,8.0,180.0,137.10655212402344,137.0991973876953,0.007354736328125
s_butterfly_560,resnet50_tl_20250829,8,4,4,180,8.0,184.0,137.10655212402344,137.16983032226562,-0.0632781982421875
s_butterfly_560,resnet50_tl_20250829,8,4,4,184,8.0,188.0,137.10655212402344,137.1660919189453,-0.059539794921875
s_butterfly_560,resnet50_tl_20250829,8,4,4,188,8.0,192.0,137.10655212402344,137.244873046875,-0.1383209228515625
s_butterfly_560,resnet50_tl_20250829,8,4,4,192,8.0,196.0,137.10655212402344,137.1667938232422,-0.06024169921875
s_butterfly_560,resnet50_tl_20250829,8,4,4,196,8.0,200.0,137.10655212402344,137.2014617919922,-0.09490966796875
s_butterfly_560,resnet50_tl_20250829,8,4,4,200,8.0,204.0,137.10655212402344,137.1466827392578,-0.040130615234375
s_butterfly_560,resnet50_tl_20250829,8,4,4,204,8.0,208.0,137.10655212402344,137.14938354492188,-0.0428314208984375
s_butterfly_560,resnet50_tl_20250829,8,4,4,208,8.0,212.0,137.10655212402344,137.063720703125,0.0428314208984375
s_butterfly_560,resnet50_tl_20250829,8,4,4,212,8.0,216.0,137.10655212402344,137.00927734375,0.0972747802734375
s_butterfly_560,resnet50_tl_20250829,8,4,4,216,8.0,220.0,137.10655212402344,137.00967407226562,0.0968780517578125
s_butterfly_560,resnet50_tl_20250829,8,4,8,0,12.0,4.0,137.10655212402344,137.16175842285156,-0.055206298828125
s_butterfly_560,resnet50_tl_20250829,8,4,8,4,12.0,8.0,137.10655212402344,137.14376831054688,-0.0372161865234375
s_butterfly_560,resnet50_tl_20250829,8,4,8,8,12.0,12.0,137.10655212402344,137.11666870117188,-0.0101165771484375
s_butterfly_560,resnet50_tl_20250829,8,4,8,12,12.0,16.0,137.10655212402344,137.0994415283203,0.007110595703125
s_butterfly_560,resnet50_tl_20250829,8,4,8,16,12.0,20.0,137.10655212402344,137.05258178710938,0.0539703369140625
s_butterfly_560,resnet50_tl_20250829,8,4,8,20,12.0,24.0,137.10655212402344,137.1298370361328,-0.023284912109375
s_butterfly_560,resnet50_tl_20250829,8,4,8,24,12.0,28.0,137.10655212402344,137.10940551757812,-0.0028533935546875
s_butterfly_560,resnet50_tl_20250829,8,4,8,28,12.0,32.0,137.10655212402344,136.98422241210938,0.1223297119140625
s_butterfly_560,resnet50_tl_20250829,8,4,8,32,12.0,36.0,137.10655212402344,136.93203735351562,0.1745147705078125
s_butterfly_560,resnet50_tl_20250829,8,4,8,36,12.0,40.0,137.10655212402344,136.9771270751953,0.129425048828125
s_butterfly_560,resnet50_tl_20250829,8,4,8,40,12.0,44.0,137.10655212402344,136.9529571533203,0.153594970703125
s_butterfly_560,resnet50_tl_20250829,8,4,8,44,12.0,48.0,137.10655212402344,136.78236389160156,0.324188232421875
s_butterfly_560,resnet50_tl_20250829,8,4,8,48,12.0,52.0,137.10655212402344,136.76803588867188,0.3385162353515625
s_butterfly_560,resnet50_tl_20250829,8,4,8,52,12.0,56.0,137.10655212402344,136.8949432373047,0.21160888671875
s_butterfly_560,resnet50_tl_20250829,8,4,8,56,12.0,60.0,137.10655212402344,136.983642578125,0.1229095458984375
s_butterfly_560,resnet50_tl_20250829,8,4,8,60,12.0,64.0,137.10655212402344,136.84202575683594,0.2645263671875
s_butterfly_560,resnet50_tl_20250829,8,4,8,64,12.0,68.0,137.10655212402344,136.8427276611328,0.263824462890625
s_butterfly_560,resnet50_tl_20250829,8,4,8,68,12.0,72.0,137.10655212402344,136.917724609375,0.1888275146484375
s_butterfly_560,resnet50_tl_20250829,8,4,8,72,12.0,76.0,137.10655212402344,137.0254669189453,0.081085205078125
s_butterfly_560,resnet50_tl_20250829,8,4,8,76,12.0,80.0,137.10655212402344,136.89682006835938,0.2097320556640625
s_butterfly_560,resnet50_tl_20250829,8,4,8,80,12.0,84.0,137.10655212402344,136.845947265625,0.2606048583984375
s_butterfly_560,resnet50_tl_20250829,8,4,8,84,12.0,88.0,137.10655212402344,136.93307495117188,0.1734771728515625
s_butterfly_560,resnet50_tl_20250829,8,4,8,88,12.0,92.0,137.10655212402344,136.91928100585938,0.1872711181640625
s_butterfly_560,resnet50_tl_20250829,8,4,8,92,12.0,96.0,137.10655212402344,136.889404296875,0.2171478271484375
s_butterfly_560,resnet50_tl_20250829,8,4,8,96,12.0,100.0,137.10655212402344,137.00306701660156,0.103485107421875
s_butterfly_560,resnet50_tl_20250829,8,4,8,100,12.0,104.0,137.10655212402344,137.1273956298828,-0.020843505859375
s_butterfly_560,resnet50_tl_20250829,8,4,8,104,12.0,108.0,137.10655212402344,137.22439575195312,-0.1178436279296875
s_butterfly_560,resnet50_tl_20250829,8,4,8,108,12.0,112.0,137.10655212402344,137.19863891601562,-0.0920867919921875
s_butterfly_560,resnet50_tl_20250829,8,4,8,112,12.0,116.0,137.10655212402344,137.12908935546875,-0.0225372314453125
s_butterfly_560,resnet50_tl_20250829,8,4,8,116,12.0,120.0,137.10655212402344,137.19412231445312,-0.0875701904296875
s_butterfly_560,resnet50_tl_20250829,8,4,8,120,12.0,124.0,137.10655212402344,137.2118682861328,-0.105316162109375
s_butterfly_560,resnet50_tl_20250829,8,4,8,124,12.0,128.0,137.10655212402344,137.10487365722656,0.001678466796875
s_butterfly_560,resnet50_tl_20250829,8,4,8,128,12.0,132.0,137.10655212402344,137.0181121826172,0.08843994140625
s_butterfly_560,resnet50_tl_20250829,8,4,8,132,12.0,136.0,137.10655212402344,137.1366729736328,-0.030120849609375
s_butterfly_560,resnet50_tl_20250829,8,4,8,136,12.0,140.0,137.10655212402344,137.0789031982422,0.02764892578125
s_butterfly_560,resnet50_tl_20250829,8,4,8,140,12.0,144.0,137.10655212402344,136.97865295410156,0.127899169921875
s_butterfly_560,resnet50_tl_20250829,8,4,8,144,12.0,148.0,137.10655212402344,136.90615844726562,0.2003936767578125
s_butterfly_560,resnet50_tl_20250829,8,4,8,148,12.0,152.0,137.10655212402344,137.10150146484375,0.0050506591796875
s_butterfly_560,resnet50_tl_20250829,8,4,8,152,12.0,156.0,137.10655212402344,137.08486938476562,0.0216827392578125
s_butterfly_560,resnet50_tl_20250829,8,4,8,156,12.0,160.0,137.10655212402344,136.98448181152344,0.1220703125
s_butterfly_560,resnet50_tl_20250829,8,4,8,160,12.0,164.0,137.10655212402344,136.90296936035156,0.203582763671875
s_butterfly_560,resnet50_tl_20250829,8,4,8,164,12.0,168.0,137.10655212402344,137.09402465820312,0.0125274658203125
s_butterfly_560,resnet50_tl_20250829,8,4,8,168,12.0,172.0,137.10655212402344,137.07122802734375,0.0353240966796875
s_butterfly_560,resnet50_tl_20250829,8,4,8,172,12.0,176.0,137.10655212402344,136.92462158203125,0.1819305419921875
s_butterfly_560,resnet50_tl_20250829,8,4,8,176,12.0,180.0,137.10655212402344,136.8468475341797,0.25970458984375
s_butterfly_560,resnet50_tl_20250829,8,4,8,180,12.0,184.0,137.10655212402344,137.01072692871094,0.0958251953125
s_butterfly_560,resnet50_tl_20250829,8,4,8,184,12.0,188.0,137.10655212402344,137.0591278076172,0.04742431640625
s_butterfly_560,resnet50_tl_20250829,8,4,8,188,12.0,192.0,137.10655212402344,137.01588439941406,0.090667724609375
s_butterfly_560,resnet50_tl_20250829,8,4,8,192,12.0,196.0,137.10655212402344,136.9516143798828,0.154937744140625
s_butterfly_560,resnet50_tl_20250829,8,4,8,196,12.0,200.0,137.10655212402344,137.06265258789062,0.0438995361328125
s_butterfly_560,resnet50_tl_20250829,8,4,8,200,12.0,204.0,137.10655212402344,137.1062774658203,0.000274658203125
s_butterfly_560,resnet50_tl_20250829,8,4,8,204,12.0,208.0,137.10655212402344,137.04286193847656,0.063690185546875
s_butterfly_560,resnet50_tl_20250829,8,4,8,208,12.0,212.0,137.10655212402344,136.96617126464844,0.140380859375
s_butterfly_560,resnet50_tl_20250829,8,4,8,212,12.0,216.0,137.10655212402344,136.97007751464844,0.136474609375
s_butterfly_560,resnet50_tl_20250829,8,4,8,216,12.0,220.0,137.10655212402344,137.0302734375,0.0762786865234375
s_butterfly_560,resnet50_tl_20250829,8,4,12,0,16.0,4.0,137.10655212402344,136.78225708007812,0.3242950439453125
s_butterfly_560,resnet50_tl_20250829,8,4,12,4,16.0,8.0,137.10655212402344,137.0106658935547,0.09588623046875
s_butterfly_560,resnet50_tl_20250829,8,4,12,8,16.0,12.0,137.10655212402344,137.0549774169922,0.05157470703125
s_butterfly_560,resnet50_tl_20250829,8,4,12,12,16.0,16.0,137.10655212402344,136.99510192871094,0.1114501953125
s_butterfly_560,resnet50_tl_20250829,8,4,12,16,16.0,20.0,137.10655212402344,136.89195251464844,0.214599609375
s_butterfly_560,resnet50_tl_20250829,8,4,12,20,16.0,24.0,137.10655212402344,137.0019073486328,0.104644775390625
s_butterfly_560,resnet50_tl_20250829,8,4,12,24,16.0,28.0,137.10655212402344,137.00070190429688,0.1058502197265625
s_butterfly_560,resnet50_tl_20250829,8,4,12,28,16.0,32.0,137.10655212402344,136.80990600585938,0.2966461181640625
s_butterfly_560,resnet50_tl_20250829,8,4,12,32,16.0,36.0,137.10655212402344,136.77322387695312,0.3333282470703125
s_butterfly_560,resnet50_tl_20250829,8,4,12,36,16.0,40.0,137.10655212402344,137.0076904296875,0.0988616943359375
s_butterfly_560,resnet50_tl_20250829,8,4,12,40,16.0,44.0,137.10655212402344,136.9761505126953,0.130401611328125
s_butterfly_560,resnet50_tl_20250829,8,4,12,44,16.0,48.0,137.10655212402344,136.6207733154297,0.48577880859375
s_butterfly_560,resnet50_tl_20250829,8,4,12,48,16.0,52.0,137.10655212402344,136.56640625,0.5401458740234375
s_butterfly_560,resnet50_tl_20250829,8,4,12,52,16.0,56.0,137.10655212402344,136.90219116210938,0.2043609619140625
s_butterfly_560,resnet50_tl_20250829,8,4,12,56,16.0,60.0,137.10655212402344,137.0037384033203,0.102813720703125
s_butterfly_560,resnet50_tl_20250829,8,4,12,60,16.0,64.0,137.10655212402344,136.51348876953125,0.5930633544921875
s_butterfly_560,resnet50_tl_20250829,8,4,12,64,16.0,68.0,137.10655212402344,136.6012420654297,0.50531005859375
s_butterfly_560,resnet50_tl_20250829,8,4,12,68,16.0,72.0,137.10655212402344,136.97828674316406,0.128265380859375
s_butterfly_560,resnet50_tl_20250829,8,4,12,72,16.0,76.0,137.10655212402344,136.9893035888672,0.11724853515625
s_butterfly_560,resnet50_tl_20250829,8,4,12,76,16.0,80.0,137.10655212402344,136.66294860839844,0.443603515625
s_butterfly_560,resnet50_tl_20250829,8,4,12,80,16.0,84.0,137.10655212402344,136.56936645507812,0.5371856689453125
s_butterfly_560,resnet50_tl_20250829,8,4,12,84,16.0,88.0,137.10655212402344,136.73707580566406,0.369476318359375
s_butterfly_560,resnet50_tl_20250829,8,4,12,88,16.0,92.0,137.10655212402344,136.94021606445312,0.1663360595703125
s_butterfly_560,resnet50_tl_20250829,8,4,12,92,16.0,96.0,137.10655212402344,136.78799438476562,0.3185577392578125
s_butterfly_560,resnet50_tl_20250829,8,4,12,96,16.0,100.0,137.10655212402344,136.8960723876953,0.210479736328125
s_butterfly_560,resnet50_tl_20250829,8,4,12,100,16.0,104.0,137.10655212402344,137.04530334472656,0.061248779296875
s_butterfly_560,resnet50_tl_20250829,8,4,12,104,16.0,108.0,137.10655212402344,136.93331909179688,0.1732330322265625
s_butterfly_560,resnet50_tl_20250829,8,4,12,108,16.0,112.0,137.10655212402344,136.53274536132812,0.5738067626953125
s_butterfly_560,resnet50_tl_20250829,8,4,12,112,16.0,116.0,137.10655212402344,136.84751892089844,0.259033203125
s_butterfly_560,resnet50_tl_20250829,8,4,12,116,16.0,120.0,137.10655212402344,137.18594360351562,-0.0793914794921875
s_butterfly_560,resnet50_tl_20250829,8,4,12,120,16.0,124.0,137.10655212402344,137.14334106445312,-0.0367889404296875
s_butterfly_560,resnet50_tl_20250829,8,4,12,124,16.0,128.0,137.10655212402344,136.84817504882812,0.2583770751953125
s_butterfly_560,resnet50_tl_20250829,8,4,12,128,16.0,132.0,137.10655212402344,136.78871154785156,0.317840576171875
s_butterfly_560,resnet50_tl_20250829,8,4,12,132,16.0,136.0,137.10655212402344,137.0613555908203,0.045196533203125
s_butterfly_560,resnet50_tl_20250829,8,4,12,136,16.0,140.0,137.10655212402344,137.0254669189453,0.081085205078125
s_butterfly_560,resnet50_tl_20250829,8,4,12,140,16.0,144.0,137.10655212402344,136.71923828125,0.3873138427734375
s_butterfly_560,resnet50_tl_20250829,8,4,12,144,16.0,148.0,137.10655212402344,136.6416473388672,0.46490478515625
s_butterfly_560,resnet50_tl_20250829,8,4,12,148,16.0,152.0,137.10655212402344,136.98397827148438,0.1225738525390625
s_butterfly_560,resnet50_tl_20250829,8,4,12,152,16.0,156.0,137.10655212402344,137.03448486328125,0.0720672607421875
s_butterfly_560,resnet50_tl_20250829,8,4,12,156,16.0,160.0,137.10655212402344,136.64549255371094,0.4610595703125
s_butterfly_560,resnet50_tl_20250829,8,4,12,160,16.0,164.0,137.10655212402344,136.63755798339844,0.468994140625
s_butterfly_560,resnet50_tl_20250829,8,4,12,164,16.0,168.0,137.10655212402344,137.0223846435547,0.08416748046875
s_butterfly_560,resnet50_tl_20250829,8,4,12,168,16.0,172.0,137.10655212402344,137.07342529296875,0.0331268310546875
s_butterfly_560,resnet50_tl_20250829,8,4,12,172,16.0,176.0,137.10655212402344,136.6846160888672,0.42193603515625
s_butterfly_560,resnet50_tl_20250829,8,4,12,176,16.0,180.0,137.10655212402344,136.63180541992188,0.4747467041015625
s_butterfly_560,resnet50_tl_20250829,8,4,12,180,16.0,184.0,137.10655212402344,136.96507263183594,0.1414794921875
s_butterfly_560,resnet50_tl_20250829,8,4,12,184,16.0,188.0,137.10655212402344,137.0753173828125,0.0312347412109375
s_butterfly_560,resnet50_tl_20250829,8,4,12,188,16.0,192.0,137.10655212402344,136.7331085205078,0.373443603515625
s_butterfly_560,resnet50_tl_20250829,8,4,12,192,16.0,196.0,137.10655212402344,136.76878356933594,0.3377685546875
s_butterfly_560,resnet50_tl_20250829,8,4,12,196,16.0,200.0,137.10655212402344,136.9869842529297,0.11956787109375
s_butterfly_560,resnet50_tl_20250829,8,4,12,200,16.0,204.0,137.10655212402344,137.1036834716797,0.00286865234375
s_butterfly_560,resnet50_tl_20250829,8,4,12,204,16.0,208.0,137.10655212402344,136.91786193847656,0.188690185546875
s_butterfly_560,resnet50_tl_20250829,8,4,12,208,16.0,212.0,137.10655212402344,136.8806915283203,0.225860595703125
s_butterfly_560,resnet50_tl_20250829,8,4,12,212,16.0,216.0,137.10655212402344,136.94390869140625,0.1626434326171875
s_butterfly_560,resnet50_tl_20250829,8,4,12,216,16.0,220.0,137.10655212402344,137.00741577148438,0.0991363525390625
s_butterfly_560,resnet50_tl_20250829,8,4,16,0,20.0,4.0,137.10655212402344,136.7820587158203,0.324493408203125
s_butterfly_560,resnet50_tl_20250829,8,4,16,4,20.0,8.0,137.10655212402344,136.89157104492188,0.2149810791015625
s_butterfly_560,resnet50_tl_20250829,8,4,16,8,20.0,12.0,137.10655212402344,137.03099060058594,0.0755615234375
s_butterfly_560,resnet50_tl_20250829,8,4,16,12,20.0,16.0,137.10655212402344,136.8665771484375,0.2399749755859375
s_butterfly_560,resnet50_tl_20250829,8,4,16,16,20.0,20.0,137.10655212402344,136.86122131347656,0.245330810546875
s_butterfly_560,resnet50_tl_20250829,8,4,16,20,20.0,24.0,137.10655212402344,136.8577423095703,0.248809814453125
s_butterfly_560,resnet50_tl_20250829,8,4,16,24,20.0,28.0,137.10655212402344,136.93865966796875,0.1678924560546875
s_butterfly_560,resnet50_tl_20250829,8,4,16,28,20.0,32.0,137.10655212402344,136.7120819091797,0.39447021484375
s_butterfly_560,resnet50_tl_20250829,8,4,16,32,20.0,36.0,137.10655212402344,136.758544921875,0.3480072021484375
s_butterfly_560,resnet50_tl_20250829,8,4,16,36,20.0,40.0,137.10655212402344,136.84481811523438,0.2617340087890625
s_butterfly_560,resnet50_tl_20250829,8,4,16,40,20.0,44.0,137.10655212402344,136.92239379882812,0.1841583251953125
s_butterfly_560,resnet50_tl_20250829,8,4,16,44,20.0,48.0,137.10655212402344,136.54376220703125,0.5627899169921875
s_butterfly_560,resnet50_tl_20250829,8,4,16,48,20.0,52.0,137.10655212402344,136.60023498535156,0.506317138671875
s_butterfly_560,resnet50_tl_20250829,8,4,16,52,20.0,56.0,137.10655212402344,136.76805114746094,0.3385009765625
s_butterfly_560,resnet50_tl_20250829,8,4,16,56,20.0,60.0,137.10655212402344,136.9599609375,0.1465911865234375
s_butterfly_560,resnet50_tl_20250829,8,4,16,60,20.0,64.0,137.10655212402344,136.54562377929688,0.5609283447265625
s_butterfly_560,resnet50_tl_20250829,8,4,16,64,20.0,68.0,137.10655212402344,136.69708251953125,0.4094696044921875
s_butterfly_560,resnet50_tl_20250829,8,4,16,68,20.0,72.0,137.10655212402344,136.87876892089844,0.227783203125
s_butterfly_560,resnet50_tl_20250829,8,4,16,72,20.0,76.0,137.10655212402344,136.91026306152344,0.1962890625
s_butterfly_560,resnet50_tl_20250829,8,4,16,76,20.0,80.0,137.10655212402344,136.60556030273438,0.5009918212890625
s_butterfly_560,resnet50_tl_20250829,8,4,16,80,20.0,84.0,137.10655212402344,136.5001220703125,0.6064300537109375
s_butterfly_560,resnet50_tl_20250829,8,4,16,84,20.0,88.0,137.10655212402344,136.68246459960938,0.4240875244140625
s_butterfly_560,resnet50_tl_20250829,8,4,16,88,20.0,92.0,137.10655212402344,136.9947052001953,0.111846923828125
s_butterfly_560,resnet50_tl_20250829,8,4,16,92,20.0,96.0,137.10655212402344,136.88339233398438,0.2231597900390625
s_butterfly_560,resnet50_tl_20250829,8,4,16,96,20.0,100.0,137.10655212402344,136.87802124023438,0.2285308837890625
s_butterfly_560,resnet50_tl_20250829,8,4,16,100,20.0,104.0,137.10655212402344,136.95603942871094,0.1505126953125
s_butterfly_560,resnet50_tl_20250829,8,4,16,104,20.0,108.0,137.10655212402344,136.90335083007812,0.2032012939453125
s_butterfly_560,resnet50_tl_20250829,8,4,16,108,20.0,112.0,137.10655212402344,136.57083129882812,0.5357208251953125
s_butterfly_560,resnet50_tl_20250829,8,4,16,112,20.0,116.0,137.10655212402344,136.69708251953125,0.4094696044921875
s_butterfly_560,resnet50_tl_20250829,8,4,16,116,20.0,120.0,137.10655212402344,137.06988525390625,0.0366668701171875
s_butterfly_560,resnet50_tl_20250829,8,4,16,120,20.0,124.0,137.10655212402344,137.13418579101562,-0.0276336669921875
s_butterfly_560,resnet50_tl_20250829,8,4,16,124,20.0,128.0,137.10655212402344,136.82786560058594,0.2786865234375
s_butterfly_560,resnet50_tl_20250829,8,4,16,128,20.0,132.0,137.10655212402344,136.7987823486328,0.307769775390625
s_butterfly_560,resnet50_tl_20250829,8,4,16,132,20.0,136.0,137.10655212402344,136.93467712402344,0.171875
s_butterfly_560,resnet50_tl_20250829,8,4,16,136,20.0,140.0,137.10655212402344,137.01065063476562,0.0959014892578125
s_butterfly_560,resnet50_tl_20250829,8,4,16,140,20.0,144.0,137.10655212402344,136.65576171875,0.4507904052734375
s_butterfly_560,resnet50_tl_20250829,8,4,16,144,20.0,148.0,137.10655212402344,136.6752471923828,0.431304931640625
s_butterfly_560,resnet50_tl_20250829,8,4,16,148,20.0,152.0,137.10655212402344,136.82579040527344,0.28076171875
s_butterfly_560,resnet50_tl_20250829,8,4,16,152,20.0,156.0,137.10655212402344,136.9957275390625,0.1108245849609375
s_butterfly_560,resnet50_tl_20250829,8,4,16,156,20.0,160.0,137.10655212402344,136.6225128173828,0.484039306640625
s_butterfly_560,resnet50_tl_20250829,8,4,16,160,20.0,164.0,137.10655212402344,136.6458740234375,0.4606781005859375
s_butterfly_560,resnet50_tl_20250829,8,4,16,164,20.0,168.0,137.10655212402344,136.8502197265625,0.2563323974609375
s_butterfly_560,resnet50_tl_20250829,8,4,16,168,20.0,172.0,137.10655212402344,137.01173400878906,0.094818115234375
s_butterfly_560,resnet50_tl_20250829,8,4,16,172,20.0,176.0,137.10655212402344,136.65017700195312,0.4563751220703125
s_butterfly_560,resnet50_tl_20250829,8,4,16,176,20.0,180.0,137.10655212402344,136.65065002441406,0.455902099609375
s_butterfly_560,resnet50_tl_20250829,8,4,16,180,20.0,184.0,137.10655212402344,136.82058715820312,0.2859649658203125
s_butterfly_560,resnet50_tl_20250829,8,4,16,184,20.0,188.0,137.10655212402344,137.0067901611328,0.099761962890625
s_butterfly_560,resnet50_tl_20250829,8,4,16,188,20.0,192.0,137.10655212402344,136.72943115234375,0.3771209716796875
s_butterfly_560,resnet50_tl_20250829,8,4,16,192,20.0,196.0,137.10655212402344,136.77389526367188,0.3326568603515625
s_butterfly_560,resnet50_tl_20250829,8,4,16,196,20.0,200.0,137.10655212402344,136.89627075195312,0.2102813720703125
s_butterfly_560,resnet50_tl_20250829,8,4,16,200,20.0,204.0,137.10655212402344,137.0396728515625,0.0668792724609375
s_butterfly_560,resnet50_tl_20250829,8,4,16,204,20.0,208.0,137.10655212402344,136.9044189453125,0.2021331787109375
s_butterfly_560,resnet50_tl_20250829,8,4,16,208,20.0,212.0,137.10655212402344,136.90304565429688,0.2035064697265625
s_butterfly_560,resnet50_tl_20250829,8,4,16,212,20.0,216.0,137.10655212402344,136.91690063476562,0.1896514892578125
s_butterfly_560,resnet50_tl_20250829,8,4,16,216,20.0,220.0,137.10655212402344,136.98667907714844,0.119873046875
s_butterfly_560,resnet50_tl_20250829,8,4,20,0,24.0,4.0,137.10655212402344,137.1053466796875,0.0012054443359375
s_butterfly_560,resnet50_tl_20250829,8,4,20,4,24.0,8.0,137.10655212402344,136.98866271972656,0.117889404296875
s_butterfly_560,resnet50_tl_20250829,8,4,20,8,24.0,12.0,137.10655212402344,137.0771026611328,0.029449462890625
s_butterfly_560,resnet50_tl_20250829,8,4,20,12,24.0,16.0,137.10655212402344,137.0247039794922,0.08184814453125
s_butterfly_560,resnet50_tl_20250829,8,4,20,16,24.0,20.0,137.10655212402344,136.98065185546875,0.1259002685546875
s_butterfly_560,resnet50_tl_20250829,8,4,20,20,24.0,24.0,137.10655212402344,136.9936981201172,0.11285400390625
s_butterfly_560,resnet50_tl_20250829,8,4,20,24,24.0,28.0,137.10655212402344,136.98587036132812,0.1206817626953125
s_butterfly_560,resnet50_tl_20250829,8,4,20,28,24.0,32.0,137.10655212402344,136.98736572265625,0.1191864013671875
s_butterfly_560,resnet50_tl_20250829,8,4,20,32,24.0,36.0,137.10655212402344,136.97010803222656,0.136444091796875
s_butterfly_560,resnet50_tl_20250829,8,4,20,36,24.0,40.0,137.10655212402344,137.01429748535156,0.092254638671875
s_butterfly_560,resnet50_tl_20250829,8,4,20,40,24.0,44.0,137.10655212402344,136.9423828125,0.1641693115234375
s_butterfly_560,resnet50_tl_20250829,8,4,20,44,24.0,48.0,137.10655212402344,136.9366455078125,0.1699066162109375
s_butterfly_560,resnet50_tl_20250829,8,4,20,48,24.0,52.0,137.10655212402344,136.96939086914062,0.1371612548828125
s_butterfly_560,resnet50_tl_20250829,8,4,20,52,24.0,56.0,137.10655212402344,136.9998321533203,0.106719970703125
s_butterfly_560,resnet50_tl_20250829,8,4,20,56,24.0,60.0,137.10655212402344,136.986572265625,0.1199798583984375
s_butterfly_560,resnet50_tl_20250829,8,4,20,60,24.0,64.0,137.10655212402344,136.9185028076172,0.18804931640625
s_butterfly_560,resnet50_tl_20250829,8,4,20,64,24.0,68.0,137.10655212402344,137.0941925048828,0.012359619140625
s_butterfly_560,resnet50_tl_20250829,8,4,20,68,24.0,72.0,137.10655212402344,137.08395385742188,0.0225982666015625
s_butterfly_560,resnet50_tl_20250829,8,4,20,72,24.0,76.0,137.10655212402344,136.9681854248047,0.13836669921875
s_butterfly_560,resnet50_tl_20250829,8,4,20,76,24.0,80.0,137.10655212402344,136.84323120117188,0.2633209228515625
s_butterfly_560,resnet50_tl_20250829,8,4,20,80,24.0,84.0,137.10655212402344,136.9698944091797,0.13665771484375
s_butterfly_560,resnet50_tl_20250829,8,4,20,84,24.0,88.0,137.10655212402344,136.8756561279297,0.23089599609375
s_butterfly_560,resnet50_tl_20250829,8,4,20,88,24.0,92.0,137.10655212402344,136.97821044921875,0.1283416748046875
s_butterfly_560,resnet50_tl_20250829,8,4,20,92,24.0,96.0,137.10655212402344,136.96835327148438,0.1381988525390625
s_butterfly_560,resnet50_tl_20250829,8,4,20,96,24.0,100.0,137.10655212402344,136.9101104736328,0.196441650390625
s_butterfly_560,resnet50_tl_20250829,8,4,20,100,24.0,104.0,137.10655212402344,136.89944458007812,0.2071075439453125
s_butterfly_560,resnet50_tl_20250829,8,4,20,104,24.0,108.0,137.10655212402344,136.79246520996094,0.3140869140625
s_butterfly_560,resnet50_tl_20250829,8,4,20,108,24.0,112.0,137.10655212402344,136.8174591064453,0.289093017578125
s_butterfly_560,resnet50_tl_20250829,8,4,20,112,24.0,116.0,137.10655212402344,137.03216552734375,0.0743865966796875
s_butterfly_560,resnet50_tl_20250829,8,4,20,116,24.0,120.0,137.10655212402344,136.94317626953125,0.1633758544921875
s_butterfly_560,resnet50_tl_20250829,8,4,20,120,24.0,124.0,137.10655212402344,137.0177764892578,0.088775634765625
s_butterfly_560,resnet50_tl_20250829,8,4,20,124,24.0,128.0,137.10655212402344,137.178466796875,-0.0719146728515625
s_butterfly_560,resnet50_tl_20250829,8,4,20,128,24.0,132.0,137.10655212402344,137.1461181640625,-0.0395660400390625
s_butterfly_560,resnet50_tl_20250829,8,4,20,132,24.0,136.0,137.10655212402344,137.185546875,-0.0789947509765625
s_butterfly_560,resnet50_tl_20250829,8,4,20,136,24.0,140.0,137.10655212402344,137.08189392089844,0.024658203125
s_butterfly_560,resnet50_tl_20250829,8,4,20,140,24.0,144.0,137.10655212402344,137.01760864257812,0.0889434814453125
s_butterfly_560,resnet50_tl_20250829,8,4,20,144,24.0,148.0,137.10655212402344,136.99600219726562,0.1105499267578125
s_butterfly_560,resnet50_tl_20250829,8,4,20,148,24.0,152.0,137.10655212402344,137.02662658691406,0.079925537109375
s_butterfly_560,resnet50_tl_20250829,8,4,20,152,24.0,156.0,137.10655212402344,137.04039001464844,0.066162109375
s_butterfly_560,resnet50_tl_20250829,8,4,20,156,24.0,160.0,137.10655212402344,137.00778198242188,0.0987701416015625
s_butterfly_560,resnet50_tl_20250829,8,4,20,160,24.0,164.0,137.10655212402344,137.03651428222656,0.070037841796875
s_butterfly_560,resnet50_tl_20250829,8,4,20,164,24.0,168.0,137.10655212402344,137.0515899658203,0.054962158203125
s_butterfly_560,resnet50_tl_20250829,8,4,20,168,24.0,172.0,137.10655212402344,137.03404235839844,0.072509765625
s_butterfly_560,resnet50_tl_20250829,8,4,20,172,24.0,176.0,137.10655212402344,137.04490661621094,0.0616455078125
s_butterfly_560,resnet50_tl_20250829,8,4,20,176,24.0,180.0,137.10655212402344,137.04747009277344,0.05908203125
s_butterfly_560,resnet50_tl_20250829,8,4,20,180,24.0,184.0,137.10655212402344,137.0191650390625,0.0873870849609375
s_butterfly_560,resnet50_tl_20250829,8,4,20,184,24.0,188.0,137.10655212402344,137.01785278320312,0.0886993408203125
s_butterfly_560,resnet50_tl_20250829,8,4,20,188,24.0,192.0,137.10655212402344,137.03872680664062,0.0678253173828125
s_butterfly_560,resnet50_tl_20250829,8,4,20,192,24.0,196.0,137.10655212402344,137.1276092529297,-0.02105712890625
s_butterfly_560,resnet50_tl_20250829,8,4,20,196,24.0,200.0,137.10655212402344,137.0670623779297,0.03948974609375
s_butterfly_560,resnet50_tl_20250829,8,4,20,200,24.0,204.0,137.10655212402344,137.0718994140625,0.0346527099609375
s_butterfly_560,resnet50_tl_20250829,8,4,20,204,24.0,208.0,137.10655212402344,137.1081085205078,-0.001556396484375
s_butterfly_560,resnet50_tl_20250829,8,4,20,208,24.0,212.0,137.10655212402344,137.15452575683594,-0.0479736328125
s_butterfly_560,resnet50_tl_20250829,8,4,20,212,24.0,216.0,137.10655212402344,137.03750610351562,0.0690460205078125
s_butterfly_560,resnet50_tl_20250829,8,4,20,216,24.0,220.0,137.10655212402344,136.97792053222656,0.128631591796875
s_butterfly_560,resnet50_tl_20250829,8,4,24,0,28.0,4.0,137.10655212402344,136.86390686035156,0.242645263671875
s_butterfly_560,resnet50_tl_20250829,8,4,24,4,28.0,8.0,137.10655212402344,136.8843994140625,0.2221527099609375
s_butterfly_560,resnet50_tl_20250829,8,4,24,8,28.0,12.0,137.10655212402344,136.9694366455078,0.137115478515625
s_butterfly_560,resnet50_tl_20250829,8,4,24,12,28.0,16.0,137.10655212402344,136.76971435546875,0.3368377685546875
s_butterfly_560,resnet50_tl_20250829,8,4,24,16,28.0,20.0,137.10655212402344,136.75234985351562,0.3542022705078125
s_butterfly_560,resnet50_tl_20250829,8,4,24,20,28.0,24.0,137.10655212402344,136.81504821777344,0.29150390625
s_butterfly_560,resnet50_tl_20250829,8,4,24,24,28.0,28.0,137.10655212402344,136.8589324951172,0.24761962890625
s_butterfly_560,resnet50_tl_20250829,8,4,24,28,28.0,32.0,137.10655212402344,136.7070770263672,0.39947509765625
s_butterfly_560,resnet50_tl_20250829,8,4,24,32,28.0,36.0,137.10655212402344,136.74917602539062,0.3573760986328125
s_butterfly_560,resnet50_tl_20250829,8,4,24,36,28.0,40.0,137.10655212402344,136.7764434814453,0.330108642578125
s_butterfly_560,resnet50_tl_20250829,8,4,24,40,28.0,44.0,137.10655212402344,136.84352111816406,0.263031005859375
s_butterfly_560,resnet50_tl_20250829,8,4,24,44,28.0,48.0,137.10655212402344,136.6993408203125,0.4072113037109375
s_butterfly_560,resnet50_tl_20250829,8,4,24,48,28.0,52.0,137.10655212402344,136.75741577148438,0.3491363525390625
s_butterfly_560,resnet50_tl_20250829,8,4,24,52,28.0,56.0,137.10655212402344,136.7987060546875,0.3078460693359375
s_butterfly_560,resnet50_tl_20250829,8,4,24,56,28.0,60.0,137.10655212402344,136.9856719970703,0.120880126953125
s_butterfly_560,resnet50_tl_20250829,8,4,24,60,28.0,64.0,137.10655212402344,136.84132385253906,0.265228271484375
s_butterfly_560,resnet50_tl_20250829,8,4,24,64,28.0,68.0,137.10655212402344,136.95118713378906,0.155364990234375
s_butterfly_560,resnet50_tl_20250829,8,4,24,68,28.0,72.0,137.10655212402344,136.9208984375,0.1856536865234375
s_butterfly_560,resnet50_tl_20250829,8,4,24,72,28.0,76.0,137.10655212402344,136.9883270263672,0.11822509765625
s_butterfly_560,resnet50_tl_20250829,8,4,24,76,28.0,80.0,137.10655212402344,136.95834350585938,0.1482086181640625
s_butterfly_560,resnet50_tl_20250829,8,4,24,80,28.0,84.0,137.10655212402344,136.98348999023438,0.1230621337890625
s_butterfly_560,resnet50_tl_20250829,8,4,24,84,28.0,88.0,137.10655212402344,136.9337615966797,0.17279052734375
s_butterfly_560,resnet50_tl_20250829,8,4,24,88,28.0,92.0,137.10655212402344,136.95457458496094,0.1519775390625
s_butterfly_560,resnet50_tl_20250829,8,4,24,92,28.0,96.0,137.10655212402344,136.8808135986328,0.225738525390625
s_butterfly_560,resnet50_tl_20250829,8,4,24,96,28.0,100.0,137.10655212402344,136.81956481933594,0.2869873046875
s_butterfly_560,resnet50_tl_20250829,8,4,24,100,28.0,104.0,137.10655212402344,136.7613067626953,0.345245361328125
s_butterfly_560,resnet50_tl_20250829,8,4,24,104,28.0,108.0,137.10655212402344,136.7925567626953,0.313995361328125
s_butterfly_560,resnet50_tl_20250829,8,4,24,108,28.0,112.0,137.10655212402344,136.79080200195312,0.3157501220703125
s_butterfly_560,resnet50_tl_20250829,8,4,24,112,28.0,116.0,137.10655212402344,136.91184997558594,0.1947021484375
s_butterfly_560,resnet50_tl_20250829,8,4,24,116,28.0,120.0,137.10655212402344,136.81788635253906,0.288665771484375
s_butterfly_560,resnet50_tl_20250829,8,4,24,120,28.0,124.0,137.10655212402344,136.80630493164062,0.3002471923828125
s_butterfly_560,resnet50_tl_20250829,8,4,24,124,28.0,128.0,137.10655212402344,136.71897888183594,0.3875732421875
s_butterfly_560,resnet50_tl_20250829,8,4,24,128,28.0,132.0,137.10655212402344,136.81524658203125,0.2913055419921875
s_butterfly_560,resnet50_tl_20250829,8,4,24,132,28.0,136.0,137.10655212402344,136.9752197265625,0.1313323974609375
s_butterfly_560,resnet50_tl_20250829,8,4,24,136,28.0,140.0,137.10655212402344,136.996826171875,0.1097259521484375
s_butterfly_560,resnet50_tl_20250829,8,4,24,140,28.0,144.0,137.10655212402344,136.717041015625,0.3895111083984375
s_butterfly_560,resnet50_tl_20250829,8,4,24,144,28.0,148.0,137.10655212402344,136.71409606933594,0.3924560546875
s_butterfly_560,resnet50_tl_20250829,8,4,24,148,28.0,152.0,137.10655212402344,136.80812072753906,0.298431396484375
s_butterfly_560,resnet50_tl_20250829,8,4,24,152,28.0,156.0,137.10655212402344,136.9189453125,0.1876068115234375
s_butterfly_560,resnet50_tl_20250829,8,4,24,156,28.0,160.0,137.10655212402344,136.65272521972656,0.453826904296875
s_butterfly_560,resnet50_tl_20250829,8,4,24,160,28.0,164.0,137.10655212402344,136.7115936279297,0.39495849609375
s_butterfly_560,resnet50_tl_20250829,8,4,24,164,28.0,168.0,137.10655212402344,136.7943878173828,0.312164306640625
s_butterfly_560,resnet50_tl_20250829,8,4,24,168,28.0,172.0,137.10655212402344,136.93421936035156,0.172332763671875
s_butterfly_560,resnet50_tl_20250829,8,4,24,172,28.0,176.0,137.10655212402344,136.7686767578125,0.3378753662109375
s_butterfly_560,resnet50_tl_20250829,8,4,24,176,28.0,180.0,137.10655212402344,136.81668090820312,0.2898712158203125
s_butterfly_560,resnet50_tl_20250829,8,4,24,180,28.0,184.0,137.10655212402344,136.827880859375,0.2786712646484375
s_butterfly_560,resnet50_tl_20250829,8,4,24,184,28.0,188.0,137.10655212402344,136.9628143310547,0.14373779296875
s_butterfly_560,resnet50_tl_20250829,8,4,24,188,28.0,192.0,137.10655212402344,136.8355712890625,0.2709808349609375
s_butterfly_560,resnet50_tl_20250829,8,4,24,192,28.0,196.0,137.10655212402344,136.9384002685547,0.16815185546875
s_butterfly_560,resnet50_tl_20250829,8,4,24,196,28.0,200.0,137.10655212402344,136.90440368652344,0.2021484375
s_butterfly_560,resnet50_tl_20250829,8,4,24,200,28.0,204.0,137.10655212402344,137.05247497558594,0.0540771484375
s_butterfly_560,resnet50_tl_20250829,8,4,24,204,28.0,208.0,137.10655212402344,137.06094360351562,0.0456085205078125
s_butterfly_560,resnet50_tl_20250829,8,4,24,208,28.0,212.0,137.10655212402344,137.11410522460938,-0.0075531005859375
s_butterfly_560,resnet50_tl_20250829,8,4,24,212,28.0,216.0,137.10655212402344,136.99652099609375,0.1100311279296875
s_butterfly_560,resnet50_tl_20250829,8,4,24,216,28.0,220.0,137.10655212402344,136.9928436279297,0.11370849609375
s_butterfly_560,resnet50_tl_20250829,8,4,28,0,32.0,4.0,137.10655212402344,136.541015625,0.5655364990234375
s_butterfly_560,resnet50_tl_20250829,8,4,28,4,32.0,8.0,137.10655212402344,136.91439819335938,0.1921539306640625
s_butterfly_560,resnet50_tl_20250829,8,4,28,8,32.0,12.0,137.10655212402344,137.00514221191406,0.101409912109375
s_butterfly_560,resnet50_tl_20250829,8,4,28,12,32.0,16.0,137.10655212402344,136.7726593017578,0.333892822265625
s_butterfly_560,resnet50_tl_20250829,8,4,28,16,32.0,20.0,137.10655212402344,136.67388916015625,0.4326629638671875
s_butterfly_560,resnet50_tl_20250829,8,4,28,20,32.0,24.0,137.10655212402344,136.94662475585938,0.1599273681640625
s_butterfly_560,resnet50_tl_20250829,8,4,28,24,32.0,28.0,137.10655212402344,136.98471069335938,0.1218414306640625
s_butterfly_560,resnet50_tl_20250829,8,4,28,28,32.0,32.0,137.10655212402344,136.6161651611328,0.490386962890625
s_butterfly_560,resnet50_tl_20250829,8,4,28,32,32.0,36.0,137.10655212402344,136.5654296875,0.5411224365234375
s_butterfly_560,resnet50_tl_20250829,8,4,28,36,32.0,40.0,137.10655212402344,136.92547607421875,0.1810760498046875
s_butterfly_560,resnet50_tl_20250829,8,4,28,40,32.0,44.0,137.10655212402344,136.9521942138672,0.15435791015625
s_butterfly_560,resnet50_tl_20250829,8,4,28,44,32.0,48.0,137.10655212402344,136.6659698486328,0.440582275390625
s_butterfly_560,resnet50_tl_20250829,8,4,28,48,32.0,52.0,137.10655212402344,136.63571166992188,0.4708404541015625
s_butterfly_560,resnet50_tl_20250829,8,4,28,52,32.0,56.0,137.10655212402344,136.90277099609375,0.2037811279296875
s_butterfly_560,resnet50_tl_20250829,8,4,28,56,32.0,60.0,137.10655212402344,137.05722045898438,0.0493316650390625
s_butterfly_560,resnet50_tl_20250829,8,4,28,60,32.0,64.0,137.10655212402344,136.67385864257812,0.4326934814453125
s_butterfly_560,resnet50_tl_20250829,8,4,28,64,32.0,68.0,137.10655212402344,136.6885986328125,0.4179534912109375
s_butterfly_560,resnet50_tl_20250829,8,4,28,68,32.0,72.0,137.10655212402344,136.94509887695312,0.1614532470703125
s_butterfly_560,resnet50_tl_20250829,8,4,28,72,32.0,76.0,137.10655212402344,137.1063232421875,0.0002288818359375
s_butterfly_560,resnet50_tl_20250829,8,4,28,76,32.0,80.0,137.10655212402344,137.17161560058594,-0.0650634765625
s_butterfly_560,resnet50_tl_20250829,8,4,28,80,32.0,84.0,137.10655212402344,137.1304931640625,-0.0239410400390625
s_butterfly_560,resnet50_tl_20250829,8,4,28,84,32.0,88.0,137.10655212402344,136.99388122558594,0.1126708984375
s_butterfly_560,resnet50_tl_20250829,8,4,28,88,32.0,92.0,137.10655212402344,136.84619140625,0.2603607177734375
s_butterfly_560,resnet50_tl_20250829,8,4,28,92,32.0,96.0,137.10655212402344,136.86654663085938,0.2400054931640625
s_butterfly_560,resnet50_tl_20250829,8,4,28,96,32.0,100.0,137.10655212402344,136.8834228515625,0.2231292724609375
s_butterfly_560,resnet50_tl_20250829,8,4,28,100,32.0,104.0,137.10655212402344,136.79270935058594,0.3138427734375
s_butterfly_560,resnet50_tl_20250829,8,4,28,104,32.0,108.0,137.10655212402344,136.74356079101562,0.3629913330078125
s_butterfly_560,resnet50_tl_20250829,8,4,28,108,32.0,112.0,137.10655212402344,136.6540069580078,0.452545166015625
s_butterfly_560,resnet50_tl_20250829,8,4,28,112,32.0,116.0,137.10655212402344,136.7877197265625,0.3188323974609375
s_butterfly_560,resnet50_tl_20250829,8,4,28,116,32.0,120.0,137.10655212402344,137.10804748535156,-0.001495361328125
s_butterfly_560,resnet50_tl_20250829,8,4,28,120,32.0,124.0,137.10655212402344,137.0034637451172,0.10308837890625
s_butterfly_560,resnet50_tl_20250829,8,4,28,124,32.0,128.0,137.10655212402344,136.38125610351562,0.7252960205078125
s_butterfly_560,resnet50_tl_20250829,8,4,28,128,32.0,132.0,137.10655212402344,136.44728088378906,0.659271240234375
s_butterfly_560,resnet50_tl_20250829,8,4,28,132,32.0,136.0,137.10655212402344,137.05181884765625,0.0547332763671875
s_butterfly_560,resnet50_tl_20250829,8,4,28,136,32.0,140.0,137.10655212402344,137.0688018798828,0.037750244140625
s_butterfly_560,resnet50_tl_20250829,8,4,28,140,32.0,144.0,137.10655212402344,136.5043182373047,0.60223388671875
s_butterfly_560,resnet50_tl_20250829,8,4,28,144,32.0,148.0,137.10655212402344,136.42153930664062,0.6850128173828125
s_butterfly_560,resnet50_tl_20250829,8,4,28,148,32.0,152.0,137.10655212402344,136.91880798339844,0.187744140625
s_butterfly_560,resnet50_tl_20250829,8,4,28,152,32.0,156.0,137.10655212402344,137.0042724609375,0.1022796630859375
s_butterfly_560,resnet50_tl_20250829,8,4,28,156,32.0,160.0,137.10655212402344,136.31387329101562,0.7926788330078125
s_butterfly_560,resnet50_tl_20250829,8,4,28,160,32.0,164.0,137.10655212402344,136.3211212158203,0.785430908203125
s_butterfly_560,resnet50_tl_20250829,8,4,28,164,32.0,168.0,137.10655212402344,136.84718322753906,0.259368896484375
s_butterfly_560,resnet50_tl_20250829,8,4,28,168,32.0,172.0,137.10655212402344,137.00460815429688,0.1019439697265625
s_butterfly_560,resnet50_tl_20250829,8,4,28,172,32.0,176.0,137.10655212402344,136.6665802001953,0.439971923828125
s_butterfly_560,resnet50_tl_20250829,8,4,28,176,32.0,180.0,137.10655212402344,136.62771606445312,0.4788360595703125
s_butterfly_560,resnet50_tl_20250829,8,4,28,180,32.0,184.0,137.10655212402344,136.9488525390625,0.1576995849609375
s_butterfly_560,resnet50_tl_20250829,8,4,28,184,32.0,188.0,137.10655212402344,137.07998657226562,0.0265655517578125
s_butterfly_560,resnet50_tl_20250829,8,4,28,188,32.0,192.0,137.10655212402344,136.63583374023438,0.4707183837890625
s_butterfly_560,resnet50_tl_20250829,8,4,28,192,32.0,196.0,137.10655212402344,136.7191162109375,0.3874359130859375
s_butterfly_560,resnet50_tl_20250829,8,4,28,196,32.0,200.0,137.10655212402344,136.9109344482422,0.19561767578125
s_butterfly_560,resnet50_tl_20250829,8,4,28,200,32.0,204.0,137.10655212402344,137.12445068359375,-0.0178985595703125
s_butterfly_560,resnet50_tl_20250829,8,4,28,204,32.0,208.0,137.10655212402344,137.0181121826172,0.08843994140625
s_butterfly_560,resnet50_tl_20250829,8,4,28,208,32.0,212.0,137.10655212402344,137.0272216796875,0.0793304443359375
s_butterfly_560,resnet50_tl_20250829,8,4,28,212,32.0,216.0,137.10655212402344,137.02426147460938,0.0822906494140625
s_butterfly_560,resnet50_tl_20250829,8,4,28,216,32.0,220.0,137.10655212402344,137.01959228515625,0.0869598388671875
s_butterfly_560,resnet50_tl_20250829,8,4,32,0,36.0,4.0,137.10655212402344,136.6383056640625,0.4682464599609375
s_butterfly_560,resnet50_tl_20250829,8,4,32,4,36.0,8.0,137.10655212402344,136.8505096435547,0.25604248046875
s_butterfly_560,resnet50_tl_20250829,8,4,32,8,36.0,12.0,137.10655212402344,136.98806762695312,0.1184844970703125
s_butterfly_560,resnet50_tl_20250829,8,4,32,12,36.0,16.0,137.10655212402344,136.6957550048828,0.410797119140625
s_butterfly_560,resnet50_tl_20250829,8,4,32,16,36.0,20.0,137.10655212402344,136.6767120361328,0.429840087890625
s_butterfly_560,resnet50_tl_20250829,8,4,32,20,36.0,24.0,137.10655212402344,136.7724609375,0.3340911865234375
s_butterfly_560,resnet50_tl_20250829,8,4,32,24,36.0,28.0,137.10655212402344,136.89901733398438,0.2075347900390625
s_butterfly_560,resnet50_tl_20250829,8,4,32,28,36.0,32.0,137.10655212402344,136.53652954101562,0.5700225830078125
s_butterfly_560,resnet50_tl_20250829,8,4,32,32,36.0,36.0,137.10655212402344,136.57687377929688,0.5296783447265625
s_butterfly_560,resnet50_tl_20250829,8,4,32,36,36.0,40.0,137.10655212402344,136.7681121826172,0.33843994140625
s_butterfly_560,resnet50_tl_20250829,8,4,32,40,36.0,44.0,137.10655212402344,136.86314392089844,0.243408203125
s_butterfly_560,resnet50_tl_20250829,8,4,32,44,36.0,48.0,137.10655212402344,136.55996704101562,0.5465850830078125
s_butterfly_560,resnet50_tl_20250829,8,4,32,48,36.0,52.0,137.10655212402344,136.64483642578125,0.4617156982421875
s_butterfly_560,resnet50_tl_20250829,8,4,32,52,36.0,56.0,137.10655212402344,136.79766845703125,0.3088836669921875
s_butterfly_560,resnet50_tl_20250829,8,4,32,56,36.0,60.0,137.10655212402344,137.01168823242188,0.0948638916015625
s_butterfly_560,resnet50_tl_20250829,8,4,32,60,36.0,64.0,137.10655212402344,136.6690673828125,0.4374847412109375
s_butterfly_560,resnet50_tl_20250829,8,4,32,64,36.0,68.0,137.10655212402344,136.70582580566406,0.400726318359375
s_butterfly_560,resnet50_tl_20250829,8,4,32,68,36.0,72.0,137.10655212402344,136.88607788085938,0.2204742431640625
s_butterfly_560,resnet50_tl_20250829,8,4,32,72,36.0,76.0,137.10655212402344,137.0281524658203,0.078399658203125
s_butterfly_560,resnet50_tl_20250829,8,4,32,76,36.0,80.0,137.10655212402344,137.05941772460938,0.0471343994140625
s_butterfly_560,resnet50_tl_20250829,8,4,32,80,36.0,84.0,137.10655212402344,137.07669067382812,0.0298614501953125
s_butterfly_560,resnet50_tl_20250829,8,4,32,84,36.0,88.0,137.10655212402344,136.95556640625,0.1509857177734375
s_butterfly_560,resnet50_tl_20250829,8,4,32,88,36.0,92.0,137.10655212402344,136.8412628173828,0.265289306640625
s_butterfly_560,resnet50_tl_20250829,8,4,32,92,36.0,96.0,137.10655212402344,136.89039611816406,0.216156005859375
s_butterfly_560,resnet50_tl_20250829,8,4,32,96,36.0,100.0,137.10655212402344,136.9798126220703,0.126739501953125
s_butterfly_560,resnet50_tl_20250829,8,4,32,100,36.0,104.0,137.10655212402344,136.85585021972656,0.250701904296875
s_butterfly_560,resnet50_tl_20250829,8,4,32,104,36.0,108.0,137.10655212402344,136.7507781982422,0.35577392578125
s_butterfly_560,resnet50_tl_20250829,8,4,32,108,36.0,112.0,137.10655212402344,136.6730499267578,0.433502197265625
s_butterfly_560,resnet50_tl_20250829,8,4,32,112,36.0,116.0,137.10655212402344,136.69529724121094,0.4112548828125
s_butterfly_560,resnet50_tl_20250829,8,4,32,116,36.0,120.0,137.10655212402344,136.93902587890625,0.1675262451171875
s_butterfly_560,resnet50_tl_20250829,8,4,32,120,36.0,124.0,137.10655212402344,137.02024841308594,0.0863037109375
s_butterfly_560,resnet50_tl_20250829,8,4,32,124,36.0,128.0,137.10655212402344,136.47952270507812,0.6270294189453125
s_butterfly_560,resnet50_tl_20250829,8,4,32,128,36.0,132.0,137.10655212402344,136.507080078125,0.5994720458984375
s_butterfly_560,resnet50_tl_20250829,8,4,32,132,36.0,136.0,137.10655212402344,136.93563842773438,0.1709136962890625
s_butterfly_560,resnet50_tl_20250829,8,4,32,136,36.0,140.0,137.10655212402344,137.11012268066406,-0.003570556640625
s_butterfly_560,resnet50_tl_20250829,8,4,32,140,36.0,144.0,137.10655212402344,136.52378845214844,0.582763671875
s_butterfly_560,resnet50_tl_20250829,8,4,32,144,36.0,148.0,137.10655212402344,136.5310516357422,0.57550048828125
s_butterfly_560,resnet50_tl_20250829,8,4,32,148,36.0,152.0,137.10655212402344,136.76148986816406,0.345062255859375
s_butterfly_560,resnet50_tl_20250829,8,4,32,152,36.0,156.0,137.10655212402344,136.9789276123047,0.12762451171875
s_butterfly_560,resnet50_tl_20250829,8,4,32,156,36.0,160.0,137.10655212402344,136.33631896972656,0.770233154296875
s_butterfly_560,resnet50_tl_20250829,8,4,32,160,36.0,164.0,137.10655212402344,136.40489196777344,0.70166015625
s_butterfly_560,resnet50_tl_20250829,8,4,32,164,36.0,168.0,137.10655212402344,136.71946716308594,0.3870849609375
s_butterfly_560,resnet50_tl_20250829,8,4,32,168,36.0,172.0,137.10655212402344,136.95030212402344,0.15625
s_butterfly_560,resnet50_tl_20250829,8,4,32,172,36.0,176.0,137.10655212402344,136.5948028564453,0.511749267578125
s_butterfly_560,resnet50_tl_20250829,8,4,32,176,36.0,180.0,137.10655212402344,136.67127990722656,0.435272216796875
s_butterfly_560,resnet50_tl_20250829,8,4,32,180,36.0,184.0,137.10655212402344,136.82125854492188,0.2852935791015625
s_butterfly_560,resnet50_tl_20250829,8,4,32,184,36.0,188.0,137.10655212402344,137.05638122558594,0.0501708984375
s_butterfly_560,resnet50_tl_20250829,8,4,32,188,36.0,192.0,137.10655212402344,136.6851348876953,0.421417236328125
s_butterfly_560,resnet50_tl_20250829,8,4,32,192,36.0,196.0,137.10655212402344,136.78123474121094,0.3253173828125
s_butterfly_560,resnet50_tl_20250829,8,4,32,196,36.0,200.0,137.10655212402344,136.88848876953125,0.2180633544921875
s_butterfly_560,resnet50_tl_20250829,8,4,32,200,36.0,204.0,137.10655212402344,137.11231994628906,-0.005767822265625
s_butterfly_560,resnet50_tl_20250829,8,4,32,204,36.0,208.0,137.10655212402344,137.01805114746094,0.0885009765625
s_butterfly_560,resnet50_tl_20250829,8,4,32,208,36.0,212.0,137.10655212402344,137.07725524902344,0.029296875
s_butterfly_560,resnet50_tl_20250829,8,4,32,212,36.0,216.0,137.10655212402344,137.03268432617188,0.0738677978515625
s_butterfly_560,resnet50_tl_20250829,8,4,32,216,36.0,220.0,137.10655212402344,137.06210327148438,0.0444488525390625
s_butterfly_560,resnet50_tl_20250829,8,4,36,0,40.0,4.0,137.10655212402344,137.02674865722656,0.079803466796875
s_butterfly_560,resnet50_tl_20250829,8,4,36,4,40.0,8.0,137.10655212402344,136.99635314941406,0.110198974609375
s_butterfly_560,resnet50_tl_20250829,8,4,36,8,40.0,12.0,137.10655212402344,137.041259765625,0.0652923583984375
s_butterfly_560,resnet50_tl_20250829,8,4,36,12,40.0,16.0,137.10655212402344,137.063720703125,0.0428314208984375
s_butterfly_560,resnet50_tl_20250829,8,4,36,16,40.0,20.0,137.10655212402344,136.9596405029297,0.14691162109375
s_butterfly_560,resnet50_tl_20250829,8,4,36,20,40.0,24.0,137.10655212402344,137.01171875,0.0948333740234375
s_butterfly_560,resnet50_tl_20250829,8,4,36,24,40.0,28.0,137.10655212402344,136.94332885742188,0.1632232666015625
s_butterfly_560,resnet50_tl_20250829,8,4,36,28,40.0,32.0,137.10655212402344,136.9927978515625,0.1137542724609375
s_butterfly_560,resnet50_tl_20250829,8,4,36,32,40.0,36.0,137.10655212402344,136.95741271972656,0.149139404296875
s_butterfly_560,resnet50_tl_20250829,8,4,36,36,40.0,40.0,137.10655212402344,137.0187225341797,0.08782958984375
s_butterfly_560,resnet50_tl_20250829,8,4,36,40,40.0,44.0,137.10655212402344,136.93145751953125,0.1750946044921875
s_butterfly_560,resnet50_tl_20250829,8,4,36,44,40.0,48.0,137.10655212402344,136.9719696044922,0.13458251953125
s_butterfly_560,resnet50_tl_20250829,8,4,36,48,40.0,52.0,137.10655212402344,137.04469299316406,0.061859130859375
s_butterfly_560,resnet50_tl_20250829,8,4,36,52,40.0,56.0,137.10655212402344,137.07025146484375,0.0363006591796875
s_butterfly_560,resnet50_tl_20250829,8,4,36,56,40.0,60.0,137.10655212402344,137.05482482910156,0.051727294921875
s_butterfly_560,resnet50_tl_20250829,8,4,36,60,40.0,64.0,137.10655212402344,137.0810546875,0.0254974365234375
s_butterfly_560,resnet50_tl_20250829,8,4,36,64,40.0,68.0,137.10655212402344,137.1649932861328,-0.058441162109375
s_butterfly_560,resnet50_tl_20250829,8,4,36,68,40.0,72.0,137.10655212402344,137.017333984375,0.0892181396484375
s_butterfly_560,resnet50_tl_20250829,8,4,36,72,40.0,76.0,137.10655212402344,136.9890594482422,0.11749267578125
s_butterfly_560,resnet50_tl_20250829,8,4,36,76,40.0,80.0,137.10655212402344,136.98648071289062,0.1200714111328125
s_butterfly_560,resnet50_tl_20250829,8,4,36,80,40.0,84.0,137.10655212402344,136.97503662109375,0.1315155029296875
s_butterfly_560,resnet50_tl_20250829,8,4,36,84,40.0,88.0,137.10655212402344,136.88165283203125,0.2248992919921875
s_butterfly_560,resnet50_tl_20250829,8,4,36,88,40.0,92.0,137.10655212402344,136.79664611816406,0.309906005859375
s_butterfly_560,resnet50_tl_20250829,8,4,36,92,40.0,96.0,137.10655212402344,136.95130920410156,0.155242919921875
s_butterfly_560,resnet50_tl_20250829,8,4,36,96,40.0,100.0,137.10655212402344,136.88650512695312,0.2200469970703125
s_butterfly_560,resnet50_tl_20250829,8,4,36,100,40.0,104.0,137.10655212402344,136.79037475585938,0.3161773681640625
s_butterfly_560,resnet50_tl_20250829,8,4,36,104,40.0,108.0,137.10655212402344,136.66046142578125,0.4460906982421875
s_butterfly_560,resnet50_tl_20250829,8,4,36,108,40.0,112.0,137.10655212402344,136.6471710205078,0.459381103515625
s_butterfly_560,resnet50_tl_20250829,8,4,36,112,40.0,116.0,137.10655212402344,136.61073303222656,0.495819091796875
s_butterfly_560,resnet50_tl_20250829,8,4,36,116,40.0,120.0,137.10655212402344,136.82725524902344,0.279296875
s_butterfly_560,resnet50_tl_20250829,8,4,36,120,40.0,124.0,137.10655212402344,137.02786254882812,0.0786895751953125
s_butterfly_560,resnet50_tl_20250829,8,4,36,124,40.0,128.0,137.10655212402344,137.03782653808594,0.0687255859375
s_butterfly_560,resnet50_tl_20250829,8,4,36,128,40.0,132.0,137.10655212402344,136.8665771484375,0.2399749755859375
s_butterfly_560,resnet50_tl_20250829,8,4,36,132,40.0,136.0,137.10655212402344,136.95724487304688,0.1493072509765625
s_butterfly_560,resnet50_tl_20250829,8,4,36,136,40.0,140.0,137.10655212402344,137.02520751953125,0.0813446044921875
s_butterfly_560,resnet50_tl_20250829,8,4,36,140,40.0,144.0,137.10655212402344,137.01930236816406,0.087249755859375
s_butterfly_560,resnet50_tl_20250829,8,4,36,144,40.0,148.0,137.10655212402344,137.0006866455078,0.105865478515625
s_butterfly_560,resnet50_tl_20250829,8,4,36,148,40.0,152.0,137.10655212402344,137.00889587402344,0.09765625
s_butterfly_560,resnet50_tl_20250829,8,4,36,152,40.0,156.0,137.10655212402344,137.00503540039062,0.1015167236328125
s_butterfly_560,resnet50_tl_20250829,8,4,36,156,40.0,160.0,137.10655212402344,136.96731567382812,0.1392364501953125
s_butterfly_560,resnet50_tl_20250829,8,4,36,160,40.0,164.0,137.10655212402344,137.0220489501953,0.084503173828125
s_butterfly_560,resnet50_tl_20250829,8,4,36,164,40.0,168.0,137.10655212402344,137.05992126464844,0.046630859375
s_butterfly_560,resnet50_tl_20250829,8,4,36,168,40.0,172.0,137.10655212402344,137.0166015625,0.0899505615234375
s_butterfly_560,resnet50_tl_20250829,8,4,36,172,40.0,176.0,137.10655212402344,137.02488708496094,0.0816650390625
s_butterfly_560,resnet50_tl_20250829,8,4,36,176,40.0,180.0,137.10655212402344,137.07359313964844,0.032958984375
s_butterfly_560,resnet50_tl_20250829,8,4,36,180,40.0,184.0,137.10655212402344,137.10562133789062,0.0009307861328125
s_butterfly_560,resnet50_tl_20250829,8,4,36,184,40.0,188.0,137.10655212402344,137.0827178955078,0.023834228515625
s_butterfly_560,resnet50_tl_20250829,8,4,36,188,40.0,192.0,137.10655212402344,137.05784606933594,0.0487060546875
s_butterfly_560,resnet50_tl_20250829,8,4,36,192,40.0,196.0,137.10655212402344,137.17274475097656,-0.066192626953125
s_butterfly_560,resnet50_tl_20250829,8,4,36,196,40.0,200.0,137.10655212402344,137.12350463867188,-0.0169525146484375
s_butterfly_560,resnet50_tl_20250829,8,4,36,200,40.0,204.0,137.10655212402344,137.12210083007812,-0.0155487060546875
s_butterfly_560,resnet50_tl_20250829,8,4,36,204,40.0,208.0,137.10655212402344,137.1994171142578,-0.092864990234375
s_butterfly_560,resnet50_tl_20250829,8,4,36,208,40.0,212.0,137.10655212402344,137.214111328125,-0.1075592041015625
s_butterfly_560,resnet50_tl_20250829,8,4,36,212,40.0,216.0,137.10655212402344,137.1089324951172,-0.00238037109375
s_butterfly_560,resnet50_tl_20250829,8,4,36,216,40.0,220.0,137.10655212402344,137.03482055664062,0.0717315673828125
s_butterfly_560,resnet50_tl_20250829,8,4,40,0,44.0,4.0,137.10655212402344,136.92910766601562,0.1774444580078125
s_butterfly_560,resnet50_tl_20250829,8,4,40,4,44.0,8.0,137.10655212402344,136.9156951904297,0.19085693359375
s_butterfly_560,resnet50_tl_20250829,8,4,40,8,44.0,12.0,137.10655212402344,136.9711151123047,0.13543701171875
s_butterfly_560,resnet50_tl_20250829,8,4,40,12,44.0,16.0,137.10655212402344,136.80128479003906,0.305267333984375
s_butterfly_560,resnet50_tl_20250829,8,4,40,16,44.0,20.0,137.10655212402344,136.76077270507812,0.3457794189453125
s_butterfly_560,resnet50_tl_20250829,8,4,40,20,44.0,24.0,137.10655212402344,136.78033447265625,0.3262176513671875
s_butterfly_560,resnet50_tl_20250829,8,4,40,24,44.0,28.0,137.10655212402344,136.8343963623047,0.27215576171875
s_butterfly_560,resnet50_tl_20250829,8,4,40,28,44.0,32.0,137.10655212402344,136.6592254638672,0.44732666015625
s_butterfly_560,resnet50_tl_20250829,8,4,40,32,44.0,36.0,137.10655212402344,136.6798095703125,0.4267425537109375
s_butterfly_560,resnet50_tl_20250829,8,4,40,36,44.0,40.0,137.10655212402344,136.71844482421875,0.3881072998046875
s_butterfly_560,resnet50_tl_20250829,8,4,40,40,44.0,44.0,137.10655212402344,136.83834838867188,0.2682037353515625
s_butterfly_560,resnet50_tl_20250829,8,4,40,44,44.0,48.0,137.10655212402344,136.70094299316406,0.405609130859375
s_butterfly_560,resnet50_tl_20250829,8,4,40,48,44.0,52.0,137.10655212402344,136.77761840820312,0.3289337158203125
s_butterfly_560,resnet50_tl_20250829,8,4,40,52,44.0,56.0,137.10655212402344,136.80665588378906,0.299896240234375
s_butterfly_560,resnet50_tl_20250829,8,4,40,56,44.0,60.0,137.10655212402344,136.99234008789062,0.1142120361328125
s_butterfly_560,resnet50_tl_20250829,8,4,40,60,44.0,64.0,137.10655212402344,136.9405975341797,0.16595458984375
s_butterfly_560,resnet50_tl_20250829,8,4,40,64,44.0,68.0,137.10655212402344,136.97018432617188,0.1363677978515625
s_butterfly_560,resnet50_tl_20250829,8,4,40,68,44.0,72.0,137.10655212402344,136.96302795410156,0.143524169921875
s_butterfly_560,resnet50_tl_20250829,8,4,40,72,44.0,76.0,137.10655212402344,136.98268127441406,0.123870849609375
s_butterfly_560,resnet50_tl_20250829,8,4,40,76,44.0,80.0,137.10655212402344,137.10745239257812,-0.0009002685546875
s_butterfly_560,resnet50_tl_20250829,8,4,40,80,44.0,84.0,137.10655212402344,136.9573974609375,0.1491546630859375
s_butterfly_560,resnet50_tl_20250829,8,4,40,84,44.0,88.0,137.10655212402344,136.74679565429688,0.3597564697265625
s_butterfly_560,resnet50_tl_20250829,8,4,40,88,44.0,92.0,137.10655212402344,136.8177490234375,0.2888031005859375
s_butterfly_560,resnet50_tl_20250829,8,4,40,92,44.0,96.0,137.10655212402344,136.97024536132812,0.1363067626953125
s_butterfly_560,resnet50_tl_20250829,8,4,40,96,44.0,100.0,137.10655212402344,136.9700469970703,0.136505126953125
s_butterfly_560,resnet50_tl_20250829,8,4,40,100,44.0,104.0,137.10655212402344,136.837646484375,0.2689056396484375
s_butterfly_560,resnet50_tl_20250829,8,4,40,104,44.0,108.0,137.10655212402344,136.7014923095703,0.405059814453125
s_butterfly_560,resnet50_tl_20250829,8,4,40,108,44.0,112.0,137.10655212402344,136.59620666503906,0.510345458984375
s_butterfly_560,resnet50_tl_20250829,8,4,40,112,44.0,116.0,137.10655212402344,136.57330322265625,0.5332489013671875
s_butterfly_560,resnet50_tl_20250829,8,4,40,116,44.0,120.0,137.10655212402344,136.60133361816406,0.505218505859375
s_butterfly_560,resnet50_tl_20250829,8,4,40,120,44.0,124.0,137.10655212402344,136.72940063476562,0.3771514892578125
s_butterfly_560,resnet50_tl_20250829,8,4,40,124,44.0,128.0,137.10655212402344,136.94570922851562,0.1608428955078125
s_butterfly_560,resnet50_tl_20250829,8,4,40,128,44.0,132.0,137.10655212402344,136.82870483398438,0.2778472900390625
s_butterfly_560,resnet50_tl_20250829,8,4,40,132,44.0,136.0,137.10655212402344,136.7841796875,0.3223724365234375
s_butterfly_560,resnet50_tl_20250829,8,4,40,136,44.0,140.0,137.10655212402344,136.8800048828125,0.2265472412109375
s_butterfly_560,resnet50_tl_20250829,8,4,40,140,44.0,144.0,137.10655212402344,136.74896240234375,0.3575897216796875
s_butterfly_560,resnet50_tl_20250829,8,4,40,144,44.0,148.0,137.10655212402344,136.835693359375,0.2708587646484375
s_butterfly_560,resnet50_tl_20250829,8,4,40,148,44.0,152.0,137.10655212402344,136.77740478515625,0.3291473388671875
s_butterfly_560,resnet50_tl_20250829,8,4,40,152,44.0,156.0,137.10655212402344,136.88526916503906,0.221282958984375
s_butterfly_560,resnet50_tl_20250829,8,4,40,156,44.0,160.0,137.10655212402344,136.65234375,0.4542083740234375
s_butterfly_560,resnet50_tl_20250829,8,4,40,160,44.0,164.0,137.10655212402344,136.76712036132812,0.3394317626953125
s_butterfly_560,resnet50_tl_20250829,8,4,40,164,44.0,168.0,137.10655212402344,136.8005828857422,0.30596923828125
s_butterfly_560,resnet50_tl_20250829,8,4,40,168,44.0,172.0,137.10655212402344,137.005859375,0.1006927490234375
s_butterfly_560,resnet50_tl_20250829,8,4,40,172,44.0,176.0,137.10655212402344,136.787841796875,0.3187103271484375
s_butterfly_560,resnet50_tl_20250829,8,4,40,176,44.0,180.0,137.10655212402344,136.88636779785156,0.220184326171875
s_butterfly_560,resnet50_tl_20250829,8,4,40,180,44.0,184.0,137.10655212402344,136.8982391357422,0.20831298828125
s_butterfly_560,resnet50_tl_20250829,8,4,40,184,44.0,188.0,137.10655212402344,137.11093139648438,-0.0043792724609375
s_butterfly_560,resnet50_tl_20250829,8,4,40,188,44.0,192.0,137.10655212402344,136.95962524414062,0.1469268798828125
s_butterfly_560,resnet50_tl_20250829,8,4,40,192,44.0,196.0,137.10655212402344,137.01614379882812,0.0904083251953125
s_butterfly_560,resnet50_tl_20250829,8,4,40,196,44.0,200.0,137.10655212402344,136.99961853027344,0.10693359375
s_butterfly_560,resnet50_tl_20250829,8,4,40,200,44.0,204.0,137.10655212402344,137.09405517578125,0.0124969482421875
s_butterfly_560,resnet50_tl_20250829,8,4,40,204,44.0,208.0,137.10655212402344,137.1397247314453,-0.033172607421875
s_butterfly_560,resnet50_tl_20250829,8,4,40,208,44.0,212.0,137.10655212402344,137.14427185058594,-0.0377197265625
s_butterfly_560,resnet50_tl_20250829,8,4,40,212,44.0,216.0,137.10655212402344,137.06297302246094,0.0435791015625
s_butterfly_560,resnet50_tl_20250829,8,4,40,216,44.0,220.0,137.10655212402344,137.00466918945312,0.1018829345703125
s_butterfly_560,resnet50_tl_20250829,8,4,44,0,48.0,4.0,137.10655212402344,136.64630126953125,0.4602508544921875
s_butterfly_560,resnet50_tl_20250829,8,4,44,4,48.0,8.0,137.10655212402344,136.9467315673828,0.159820556640625
s_butterfly_560,resnet50_tl_20250829,8,4,44,8,48.0,12.0,137.10655212402344,136.97523498535156,0.131317138671875
s_butterfly_560,resnet50_tl_20250829,8,4,44,12,48.0,16.0,137.10655212402344,136.87281799316406,0.233734130859375
s_butterfly_560,resnet50_tl_20250829,8,4,44,16,48.0,20.0,137.10655212402344,136.67672729492188,0.4298248291015625
s_butterfly_560,resnet50_tl_20250829,8,4,44,20,48.0,24.0,137.10655212402344,136.90989685058594,0.1966552734375
s_butterfly_560,resnet50_tl_20250829,8,4,44,24,48.0,28.0,137.10655212402344,136.94427490234375,0.1622772216796875
s_butterfly_560,resnet50_tl_20250829,8,4,44,28,48.0,32.0,137.10655212402344,136.54161071777344,0.56494140625
s_butterfly_560,resnet50_tl_20250829,8,4,44,32,48.0,36.0,137.10655212402344,136.4850616455078,0.621490478515625
s_butterfly_560,resnet50_tl_20250829,8,4,44,36,48.0,40.0,137.10655212402344,136.81675720214844,0.289794921875
s_butterfly_560,resnet50_tl_20250829,8,4,44,40,48.0,44.0,137.10655212402344,136.92454528808594,0.1820068359375
s_butterfly_560,resnet50_tl_20250829,8,4,44,44,48.0,48.0,137.10655212402344,136.5521697998047,0.55438232421875
s_butterfly_560,resnet50_tl_20250829,8,4,44,48,48.0,52.0,137.10655212402344,136.5983428955078,0.508209228515625
s_butterfly_560,resnet50_tl_20250829,8,4,44,52,48.0,56.0,137.10655212402344,136.83370971679688,0.2728424072265625
s_butterfly_560,resnet50_tl_20250829,8,4,44,56,48.0,60.0,137.10655212402344,137.07192993164062,0.0346221923828125
s_butterfly_560,resnet50_tl_20250829,8,4,44,60,48.0,64.0,137.10655212402344,136.70704650878906,0.399505615234375
s_butterfly_560,resnet50_tl_20250829,8,4,44,64,48.0,68.0,137.10655212402344,136.67393493652344,0.4326171875
s_butterfly_560,resnet50_tl_20250829,8,4,44,68,48.0,72.0,137.10655212402344,136.8988800048828,0.207672119140625
s_butterfly_560,resnet50_tl_20250829,8,4,44,72,48.0,76.0,137.10655212402344,136.98313903808594,0.1234130859375
s_butterfly_560,resnet50_tl_20250829,8,4,44,76,48.0,80.0,137.10655212402344,136.9278564453125,0.1786956787109375
s_butterfly_560,resnet50_tl_20250829,8,4,44,80,48.0,84.0,137.10655212402344,136.8939208984375,0.2126312255859375
s_butterfly_560,resnet50_tl_20250829,8,4,44,84,48.0,88.0,137.10655212402344,136.833984375,0.2725677490234375
s_butterfly_560,resnet50_tl_20250829,8,4,44,88,48.0,92.0,137.10655212402344,136.89112854003906,0.215423583984375
s_butterfly_560,resnet50_tl_20250829,8,4,44,92,48.0,96.0,137.10655212402344,136.9721221923828,0.134429931640625
s_butterfly_560,resnet50_tl_20250829,8,4,44,96,48.0,100.0,137.10655212402344,136.9171600341797,0.18939208984375
s_butterfly_560,resnet50_tl_20250829,8,4,44,100,48.0,104.0,137.10655212402344,136.8544464111328,0.252105712890625
s_butterfly_560,resnet50_tl_20250829,8,4,44,104,48.0,108.0,137.10655212402344,136.6270294189453,0.479522705078125
s_butterfly_560,resnet50_tl_20250829,8,4,44,108,48.0,112.0,137.10655212402344,136.2659149169922,0.84063720703125
s_butterfly_560,resnet50_tl_20250829,8,4,44,112,48.0,116.0,137.10655212402344,136.265869140625,0.8406829833984375
s_butterfly_560,resnet50_tl_20250829,8,4,44,116,48.0,120.0,137.10655212402344,136.6378936767578,0.468658447265625
s_butterfly_560,resnet50_tl_20250829,8,4,44,120,48.0,124.0,137.10655212402344,136.7367706298828,0.369781494140625
s_butterfly_560,resnet50_tl_20250829,8,4,44,124,48.0,128.0,137.10655212402344,136.67355346679688,0.4329986572265625
s_butterfly_560,resnet50_tl_20250829,8,4,44,128,48.0,132.0,137.10655212402344,136.66127014160156,0.445281982421875
s_butterfly_560,resnet50_tl_20250829,8,4,44,132,48.0,136.0,137.10655212402344,136.8856964111328,0.220855712890625
s_butterfly_560,resnet50_tl_20250829,8,4,44,136,48.0,140.0,137.10655212402344,136.76084899902344,0.345703125
s_butterfly_560,resnet50_tl_20250829,8,4,44,140,48.0,144.0,137.10655212402344,136.538818359375,0.5677337646484375
s_butterfly_560,resnet50_tl_20250829,8,4,44,144,48.0,148.0,137.10655212402344,136.58383178710938,0.5227203369140625
s_butterfly_560,resnet50_tl_20250829,8,4,44,148,48.0,152.0,137.10655212402344,136.8717803955078,0.234771728515625
s_butterfly_560,resnet50_tl_20250829,8,4,44,152,48.0,156.0,137.10655212402344,136.89305114746094,0.2135009765625
s_butterfly_560,resnet50_tl_20250829,8,4,44,156,48.0,160.0,137.10655212402344,136.340087890625,0.7664642333984375
s_butterfly_560,resnet50_tl_20250829,8,4,44,160,48.0,164.0,137.10655212402344,136.4143524169922,0.69219970703125
s_butterfly_560,resnet50_tl_20250829,8,4,44,164,48.0,168.0,137.10655212402344,136.80032348632812,0.3062286376953125
s_butterfly_560,resnet50_tl_20250829,8,4,44,168,48.0,172.0,137.10655212402344,137.0345458984375,0.0720062255859375
s_butterfly_560,resnet50_tl_20250829,8,4,44,172,48.0,176.0,137.10655212402344,136.51654052734375,0.5900115966796875
s_butterfly_560,resnet50_tl_20250829,8,4,44,176,48.0,180.0,137.10655212402344,136.59860229492188,0.5079498291015625
s_butterfly_560,resnet50_tl_20250829,8,4,44,180,48.0,184.0,137.10655212402344,136.8872528076172,0.21929931640625
s_butterfly_560,resnet50_tl_20250829,8,4,44,184,48.0,188.0,137.10655212402344,137.06996154785156,0.036590576171875
s_butterfly_560,resnet50_tl_20250829,8,4,44,188,48.0,192.0,137.10655212402344,136.69686889648438,0.4096832275390625
s_butterfly_560,resnet50_tl_20250829,8,4,44,192,48.0,196.0,137.10655212402344,136.69808959960938,0.4084625244140625
s_butterfly_560,resnet50_tl_20250829,8,4,44,196,48.0,200.0,137.10655212402344,136.89971923828125,0.2068328857421875
s_butterfly_560,resnet50_tl_20250829,8,4,44,200,48.0,204.0,137.10655212402344,137.09848022460938,0.0080718994140625
s_butterfly_560,resnet50_tl_20250829,8,4,44,204,48.0,208.0,137.10655212402344,136.9746856689453,0.131866455078125
s_butterfly_560,resnet50_tl_20250829,8,4,44,208,48.0,212.0,137.10655212402344,136.97064208984375,0.1359100341796875
s_butterfly_560,resnet50_tl_20250829,8,4,44,212,48.0,216.0,137.10655212402344,137.00466918945312,0.1018829345703125
s_butterfly_560,resnet50_tl_20250829,8,4,44,216,48.0,220.0,137.10655212402344,137.00875854492188,0.0977935791015625
s_butterfly_560,resnet50_tl_20250829,8,4,48,0,52.0,4.0,137.10655212402344,136.7091522216797,0.39739990234375
s_butterfly_560,resnet50_tl_20250829,8,4,48,4,52.0,8.0,137.10655212402344,136.8592529296875,0.2472991943359375
s_butterfly_560,resnet50_tl_20250829,8,4,48,8,52.0,12.0,137.10655212402344,136.97775268554688,0.1287994384765625
s_butterfly_560,resnet50_tl_20250829,8,4,48,12,52.0,16.0,137.10655212402344,136.71022033691406,0.396331787109375
s_butterfly_560,resnet50_tl_20250829,8,4,48,16,52.0,20.0,137.10655212402344,136.67237854003906,0.434173583984375
s_butterfly_560,resnet50_tl_20250829,8,4,48,20,52.0,24.0,137.10655212402344,136.72328186035156,0.383270263671875
s_butterfly_560,resnet50_tl_20250829,8,4,48,24,52.0,28.0,137.10655212402344,136.85641479492188,0.2501373291015625
s_butterfly_560,resnet50_tl_20250829,8,4,48,28,52.0,32.0,137.10655212402344,136.4442901611328,0.662261962890625
s_butterfly_560,resnet50_tl_20250829,8,4,48,32,52.0,36.0,137.10655212402344,136.50674438476562,0.5998077392578125
s_butterfly_560,resnet50_tl_20250829,8,4,48,36,52.0,40.0,137.10655212402344,136.6750030517578,0.431549072265625
s_butterfly_560,resnet50_tl_20250829,8,4,48,40,52.0,44.0,137.10655212402344,136.87118530273438,0.2353668212890625
s_butterfly_560,resnet50_tl_20250829,8,4,48,44,52.0,48.0,137.10655212402344,136.50515747070312,0.6013946533203125
s_butterfly_560,resnet50_tl_20250829,8,4,48,48,52.0,52.0,137.10655212402344,136.65525817871094,0.4512939453125
s_butterfly_560,resnet50_tl_20250829,8,4,48,52,52.0,56.0,137.10655212402344,136.8296661376953,0.276885986328125
s_butterfly_560,resnet50_tl_20250829,8,4,48,56,52.0,60.0,137.10655212402344,137.0171356201172,0.08941650390625
s_butterfly_560,resnet50_tl_20250829,8,4,48,60,52.0,64.0,137.10655212402344,136.74575805664062,0.3607940673828125
s_butterfly_560,resnet50_tl_20250829,8,4,48,64,52.0,68.0,137.10655212402344,136.69485473632812,0.4116973876953125
s_butterfly_560,resnet50_tl_20250829,8,4,48,68,52.0,72.0,137.10655212402344,136.7468719482422,0.35968017578125
s_butterfly_560,resnet50_tl_20250829,8,4,48,72,52.0,76.0,137.10655212402344,136.8615264892578,0.245025634765625
s_butterfly_560,resnet50_tl_20250829,8,4,48,76,52.0,80.0,137.10655212402344,136.9547119140625,0.1518402099609375
s_butterfly_560,resnet50_tl_20250829,8,4,48,80,52.0,84.0,137.10655212402344,136.9232635498047,0.18328857421875
s_butterfly_560,resnet50_tl_20250829,8,4,48,84,52.0,88.0,137.10655212402344,136.8917694091797,0.21478271484375
s_butterfly_560,resnet50_tl_20250829,8,4,48,88,52.0,92.0,137.10655212402344,136.98672485351562,0.1198272705078125
s_butterfly_560,resnet50_tl_20250829,8,4,48,92,52.0,96.0,137.10655212402344,136.98252868652344,0.1240234375
s_butterfly_560,resnet50_tl_20250829,8,4,48,96,52.0,100.0,137.10655212402344,137.01727294921875,0.0892791748046875
s_butterfly_560,resnet50_tl_20250829,8,4,48,100,52.0,104.0,137.10655212402344,136.92483520507812,0.1817169189453125
s_butterfly_560,resnet50_tl_20250829,8,4,48,104,52.0,108.0,137.10655212402344,136.78024291992188,0.3263092041015625
s_butterfly_560,resnet50_tl_20250829,8,4,48,108,52.0,112.0,137.10655212402344,136.3689422607422,0.73760986328125
s_butterfly_560,resnet50_tl_20250829,8,4,48,112,52.0,116.0,137.10655212402344,136.3124542236328,0.794097900390625
s_butterfly_560,resnet50_tl_20250829,8,4,48,116,52.0,120.0,137.10655212402344,136.59176635742188,0.5147857666015625
s_butterfly_560,resnet50_tl_20250829,8,4,48,120,52.0,124.0,137.10655212402344,136.66378784179688,0.4427642822265625
s_butterfly_560,resnet50_tl_20250829,8,4,48,124,52.0,128.0,137.10655212402344,136.92138671875,0.1851654052734375
s_butterfly_560,resnet50_tl_20250829,8,4,48,128,52.0,132.0,137.10655212402344,136.78106689453125,0.3254852294921875
s_butterfly_560,resnet50_tl_20250829,8,4,48,132,52.0,136.0,137.10655212402344,136.86337280273438,0.2431793212890625
s_butterfly_560,resnet50_tl_20250829,8,4,48,136,52.0,140.0,137.10655212402344,136.85440063476562,0.2521514892578125
s_butterfly_560,resnet50_tl_20250829,8,4,48,140,52.0,144.0,137.10655212402344,136.47108459472656,0.635467529296875
s_butterfly_560,resnet50_tl_20250829,8,4,48,144,52.0,148.0,137.10655212402344,136.69493103027344,0.41162109375
s_butterfly_560,resnet50_tl_20250829,8,4,48,148,52.0,152.0,137.10655212402344,136.82147216796875,0.2850799560546875
s_butterfly_560,resnet50_tl_20250829,8,4,48,152,52.0,156.0,137.10655212402344,136.94647216796875,0.1600799560546875
s_butterfly_560,resnet50_tl_20250829,8,4,48,156,52.0,160.0,137.10655212402344,136.3656463623047,0.74090576171875
s_butterfly_560,resnet50_tl_20250829,8,4,48,160,52.0,164.0,137.10655212402344,136.4499969482422,0.65655517578125
s_butterfly_560,resnet50_tl_20250829,8,4,48,164,52.0,168.0,137.10655212402344,136.68885803222656,0.417694091796875
s_butterfly_560,resnet50_tl_20250829,8,4,48,168,52.0,172.0,137.10655212402344,137.09515380859375,0.0113983154296875
s_butterfly_560,resnet50_tl_20250829,8,4,48,172,52.0,176.0,137.10655212402344,136.628662109375,0.4778900146484375
s_butterfly_560,resnet50_tl_20250829,8,4,48,176,52.0,180.0,137.10655212402344,136.7543487548828,0.352203369140625
s_butterfly_560,resnet50_tl_20250829,8,4,48,180,52.0,184.0,137.10655212402344,136.88534545898438,0.2212066650390625
s_butterfly_560,resnet50_tl_20250829,8,4,48,184,52.0,188.0,137.10655212402344,136.9377899169922,0.16876220703125
s_butterfly_560,resnet50_tl_20250829,8,4,48,188,52.0,192.0,137.10655212402344,136.70553588867188,0.4010162353515625
s_butterfly_560,resnet50_tl_20250829,8,4,48,192,52.0,196.0,137.10655212402344,136.56419372558594,0.5423583984375
s_butterfly_560,resnet50_tl_20250829,8,4,48,196,52.0,200.0,137.10655212402344,136.83712768554688,0.2694244384765625
s_butterfly_560,resnet50_tl_20250829,8,4,48,200,52.0,204.0,137.10655212402344,137.03346252441406,0.073089599609375
s_butterfly_560,resnet50_tl_20250829,8,4,48,204,52.0,208.0,137.10655212402344,137.04934692382812,0.0572052001953125
s_butterfly_560,resnet50_tl_20250829,8,4,48,208,52.0,212.0,137.10655212402344,137.0061492919922,0.10040283203125
s_butterfly_560,resnet50_tl_20250829,8,4,48,212,52.0,216.0,137.10655212402344,137.0833282470703,0.023223876953125
s_butterfly_560,resnet50_tl_20250829,8,4,48,216,52.0,220.0,137.10655212402344,137.05828857421875,0.0482635498046875
s_butterfly_560,resnet50_tl_20250829,8,4,52,0,56.0,4.0,137.10655212402344,137.03700256347656,0.069549560546875
s_butterfly_560,resnet50_tl_20250829,8,4,52,4,56.0,8.0,137.10655212402344,137.01805114746094,0.0885009765625
s_butterfly_560,resnet50_tl_20250829,8,4,52,8,56.0,12.0,137.10655212402344,137.03468322753906,0.071868896484375
s_butterfly_560,resnet50_tl_20250829,8,4,52,12,56.0,16.0,137.10655212402344,137.0509490966797,0.05560302734375
s_butterfly_560,resnet50_tl_20250829,8,4,52,16,56.0,20.0,137.10655212402344,136.9419708251953,0.164581298828125
s_butterfly_560,resnet50_tl_20250829,8,4,52,20,56.0,24.0,137.10655212402344,136.94361877441406,0.162933349609375
s_butterfly_560,resnet50_tl_20250829,8,4,52,24,56.0,28.0,137.10655212402344,136.9037322998047,0.20281982421875
s_butterfly_560,resnet50_tl_20250829,8,4,52,28,56.0,32.0,137.10655212402344,136.9317169189453,0.174835205078125
s_butterfly_560,resnet50_tl_20250829,8,4,52,32,56.0,36.0,137.10655212402344,136.94496154785156,0.161590576171875
s_butterfly_560,resnet50_tl_20250829,8,4,52,36,56.0,40.0,137.10655212402344,136.94630432128906,0.160247802734375
s_butterfly_560,resnet50_tl_20250829,8,4,52,40,56.0,44.0,137.10655212402344,136.91453552246094,0.1920166015625
s_butterfly_560,resnet50_tl_20250829,8,4,52,44,56.0,48.0,137.10655212402344,136.92750549316406,0.179046630859375
s_butterfly_560,resnet50_tl_20250829,8,4,52,48,56.0,52.0,137.10655212402344,137.06582641601562,0.0407257080078125
s_butterfly_560,resnet50_tl_20250829,8,4,52,52,56.0,56.0,137.10655212402344,137.04762268066406,0.058929443359375
s_butterfly_560,resnet50_tl_20250829,8,4,52,56,56.0,60.0,137.10655212402344,137.0818328857422,0.02471923828125
s_butterfly_560,resnet50_tl_20250829,8,4,52,60,56.0,64.0,137.10655212402344,137.1106719970703,-0.004119873046875
s_butterfly_560,resnet50_tl_20250829,8,4,52,64,56.0,68.0,137.10655212402344,137.09593200683594,0.0106201171875
s_butterfly_560,resnet50_tl_20250829,8,4,52,68,56.0,72.0,137.10655212402344,136.97975158691406,0.126800537109375
s_butterfly_560,resnet50_tl_20250829,8,4,52,72,56.0,76.0,137.10655212402344,136.9270782470703,0.179473876953125
s_butterfly_560,resnet50_tl_20250829,8,4,52,76,56.0,80.0,137.10655212402344,137.01913452148438,0.0874176025390625
s_butterfly_560,resnet50_tl_20250829,8,4,52,80,56.0,84.0,137.10655212402344,136.88134765625,0.2252044677734375
s_butterfly_560,resnet50_tl_20250829,8,4,52,84,56.0,88.0,137.10655212402344,136.8894805908203,0.217071533203125
s_butterfly_560,resnet50_tl_20250829,8,4,52,88,56.0,92.0,137.10655212402344,136.95689392089844,0.149658203125
s_butterfly_560,resnet50_tl_20250829,8,4,52,92,56.0,96.0,137.10655212402344,137.00619506835938,0.1003570556640625
s_butterfly_560,resnet50_tl_20250829,8,4,52,96,56.0,100.0,137.10655212402344,136.9185791015625,0.1879730224609375
s_butterfly_560,resnet50_tl_20250829,8,4,52,100,56.0,104.0,137.10655212402344,136.74127197265625,0.3652801513671875
s_butterfly_560,resnet50_tl_20250829,8,4,52,104,56.0,108.0,137.10655212402344,136.66627502441406,0.440277099609375
s_butterfly_560,resnet50_tl_20250829,8,4,52,108,56.0,112.0,137.10655212402344,136.5504608154297,0.55609130859375
s_butterfly_560,resnet50_tl_20250829,8,4,52,112,56.0,116.0,137.10655212402344,136.3700408935547,0.73651123046875
s_butterfly_560,resnet50_tl_20250829,8,4,52,116,56.0,120.0,137.10655212402344,136.51426696777344,0.59228515625
s_butterfly_560,resnet50_tl_20250829,8,4,52,120,56.0,124.0,137.10655212402344,136.6915283203125,0.4150238037109375
s_butterfly_560,resnet50_tl_20250829,8,4,52,124,56.0,128.0,137.10655212402344,136.9325714111328,0.173980712890625
s_butterfly_560,resnet50_tl_20250829,8,4,52,128,56.0,132.0,137.10655212402344,136.9187469482422,0.18780517578125
s_butterfly_560,resnet50_tl_20250829,8,4,52,132,56.0,136.0,137.10655212402344,137.06906127929688,0.0374908447265625
s_butterfly_560,resnet50_tl_20250829,8,4,52,136,56.0,140.0,137.10655212402344,136.9490966796875,0.1574554443359375
s_butterfly_560,resnet50_tl_20250829,8,4,52,140,56.0,144.0,137.10655212402344,136.84559631347656,0.260955810546875
s_butterfly_560,resnet50_tl_20250829,8,4,52,144,56.0,148.0,137.10655212402344,137.0345001220703,0.072052001953125
s_butterfly_560,resnet50_tl_20250829,8,4,52,148,56.0,152.0,137.10655212402344,137.0354461669922,0.07110595703125
s_butterfly_560,resnet50_tl_20250829,8,4,52,152,56.0,156.0,137.10655212402344,136.92166137695312,0.1848907470703125
s_butterfly_560,resnet50_tl_20250829,8,4,52,156,56.0,160.0,137.10655212402344,136.81863403320312,0.2879180908203125
s_butterfly_560,resnet50_tl_20250829,8,4,52,160,56.0,164.0,137.10655212402344,136.9720001220703,0.134552001953125
s_butterfly_560,resnet50_tl_20250829,8,4,52,164,56.0,168.0,137.10655212402344,136.94227600097656,0.164276123046875
s_butterfly_560,resnet50_tl_20250829,8,4,52,168,56.0,172.0,137.10655212402344,136.9733123779297,0.13323974609375
s_butterfly_560,resnet50_tl_20250829,8,4,52,172,56.0,176.0,137.10655212402344,136.89666748046875,0.2098846435546875
s_butterfly_560,resnet50_tl_20250829,8,4,52,176,56.0,180.0,137.10655212402344,137.03033447265625,0.0762176513671875
s_butterfly_560,resnet50_tl_20250829,8,4,52,180,56.0,184.0,137.10655212402344,136.89427185058594,0.2122802734375
s_butterfly_560,resnet50_tl_20250829,8,4,52,184,56.0,188.0,137.10655212402344,136.87890625,0.2276458740234375
s_butterfly_560,resnet50_tl_20250829,8,4,52,188,56.0,192.0,137.10655212402344,136.8867950439453,0.219757080078125
s_butterfly_560,resnet50_tl_20250829,8,4,52,192,56.0,196.0,137.10655212402344,136.8629150390625,0.2436370849609375
s_butterfly_560,resnet50_tl_20250829,8,4,52,196,56.0,200.0,137.10655212402344,136.92869567871094,0.1778564453125
s_butterfly_560,resnet50_tl_20250829,8,4,52,200,56.0,204.0,137.10655212402344,136.99472045898438,0.1118316650390625
s_butterfly_560,resnet50_tl_20250829,8,4,52,204,56.0,208.0,137.10655212402344,137.1216278076172,-0.01507568359375
s_butterfly_560,resnet50_tl_20250829,8,4,52,208,56.0,212.0,137.10655212402344,137.05599975585938,0.0505523681640625
s_butterfly_560,resnet50_tl_20250829,8,4,52,212,56.0,216.0,137.10655212402344,137.15957641601562,-0.0530242919921875
s_butterfly_560,resnet50_tl_20250829,8,4,52,216,56.0,220.0,137.10655212402344,137.1215057373047,-0.01495361328125
s_butterfly_560,resnet50_tl_20250829,8,4,56,0,60.0,4.0,137.10655212402344,136.89283752441406,0.213714599609375
s_butterfly_560,resnet50_tl_20250829,8,4,56,4,60.0,8.0,137.10655212402344,136.9088134765625,0.1977386474609375
s_butterfly_560,resnet50_tl_20250829,8,4,56,8,60.0,12.0,137.10655212402344,136.9446258544922,0.16192626953125
s_butterfly_560,resnet50_tl_20250829,8,4,56,12,60.0,16.0,137.10655212402344,136.79212951660156,0.314422607421875
s_butterfly_560,resnet50_tl_20250829,8,4,56,16,60.0,20.0,137.10655212402344,136.7426300048828,0.363922119140625
s_butterfly_560,resnet50_tl_20250829,8,4,56,20,60.0,24.0,137.10655212402344,136.7122802734375,0.3942718505859375
s_butterfly_560,resnet50_tl_20250829,8,4,56,24,60.0,28.0,137.10655212402344,136.78453063964844,0.322021484375
s_butterfly_560,resnet50_tl_20250829,8,4,56,28,60.0,32.0,137.10655212402344,136.62229919433594,0.4842529296875
s_butterfly_560,resnet50_tl_20250829,8,4,56,32,60.0,36.0,137.10655212402344,136.66456604003906,0.441986083984375
s_butterfly_560,resnet50_tl_20250829,8,4,56,36,60.0,40.0,137.10655212402344,136.6704559326172,0.43609619140625
s_butterfly_560,resnet50_tl_20250829,8,4,56,40,60.0,44.0,137.10655212402344,136.8287353515625,0.2778167724609375
s_butterfly_560,resnet50_tl_20250829,8,4,56,44,60.0,48.0,137.10655212402344,136.73745727539062,0.3690948486328125
s_butterfly_560,resnet50_tl_20250829,8,4,56,48,60.0,52.0,137.10655212402344,136.8225555419922,0.28399658203125
s_butterfly_560,resnet50_tl_20250829,8,4,56,52,60.0,56.0,137.10655212402344,136.88943481445312,0.2171173095703125
s_butterfly_560,resnet50_tl_20250829,8,4,56,56,60.0,60.0,137.10655212402344,137.02938842773438,0.0771636962890625
s_butterfly_560,resnet50_tl_20250829,8,4,56,60,60.0,64.0,137.10655212402344,137.09771728515625,0.0088348388671875
s_butterfly_560,resnet50_tl_20250829,8,4,56,64,60.0,68.0,137.10655212402344,137.0249786376953,0.081573486328125
s_butterfly_560,resnet50_tl_20250829,8,4,56,68,60.0,72.0,137.10655212402344,136.8881378173828,0.218414306640625
s_butterfly_560,resnet50_tl_20250829,8,4,56,72,60.0,76.0,137.10655212402344,137.00099182128906,0.105560302734375
s_butterfly_560,resnet50_tl_20250829,8,4,56,76,60.0,80.0,137.10655212402344,137.01165771484375,0.0948944091796875
s_butterfly_560,resnet50_tl_20250829,8,4,56,80,60.0,84.0,137.10655212402344,136.83570861816406,0.270843505859375
s_butterfly_560,resnet50_tl_20250829,8,4,56,84,60.0,88.0,137.10655212402344,136.87506103515625,0.2314910888671875
s_butterfly_560,resnet50_tl_20250829,8,4,56,88,60.0,92.0,137.10655212402344,136.9999237060547,0.10662841796875
s_butterfly_560,resnet50_tl_20250829,8,4,56,92,60.0,96.0,137.10655212402344,137.01080322265625,0.0957489013671875
s_butterfly_560,resnet50_tl_20250829,8,4,56,96,60.0,100.0,137.10655212402344,137.00845336914062,0.0980987548828125
s_butterfly_560,resnet50_tl_20250829,8,4,56,100,60.0,104.0,137.10655212402344,136.76504516601562,0.3415069580078125
s_butterfly_560,resnet50_tl_20250829,8,4,56,104,60.0,108.0,137.10655212402344,136.77565002441406,0.330902099609375
s_butterfly_560,resnet50_tl_20250829,8,4,56,108,60.0,112.0,137.10655212402344,136.7375030517578,0.369049072265625
s_butterfly_560,resnet50_tl_20250829,8,4,56,112,60.0,116.0,137.10655212402344,136.5038299560547,0.60272216796875
s_butterfly_560,resnet50_tl_20250829,8,4,56,116,60.0,120.0,137.10655212402344,136.569091796875,0.5374603271484375
s_butterfly_560,resnet50_tl_20250829,8,4,56,120,60.0,124.0,137.10655212402344,136.65785217285156,0.448699951171875
s_butterfly_560,resnet50_tl_20250829,8,4,56,124,60.0,128.0,137.10655212402344,136.92913818359375,0.1774139404296875
s_butterfly_560,resnet50_tl_20250829,8,4,56,128,60.0,132.0,137.10655212402344,136.94200134277344,0.16455078125
s_butterfly_560,resnet50_tl_20250829,8,4,56,132,60.0,136.0,137.10655212402344,137.0247039794922,0.08184814453125
s_butterfly_560,resnet50_tl_20250829,8,4,56,136,60.0,140.0,137.10655212402344,136.9276580810547,0.17889404296875
s_butterfly_560,resnet50_tl_20250829,8,4,56,140,60.0,144.0,137.10655212402344,136.84304809570312,0.2635040283203125
s_butterfly_560,resnet50_tl_20250829,8,4,56,144,60.0,148.0,137.10655212402344,136.9727020263672,0.13385009765625
s_butterfly_560,resnet50_tl_20250829,8,4,56,148,60.0,152.0,137.10655212402344,136.8119354248047,0.29461669921875
s_butterfly_560,resnet50_tl_20250829,8,4,56,152,60.0,156.0,137.10655212402344,136.8784637451172,0.22808837890625
s_butterfly_560,resnet50_tl_20250829,8,4,56,156,60.0,160.0,137.10655212402344,136.89572143554688,0.2108306884765625
s_butterfly_560,resnet50_tl_20250829,8,4,56,160,60.0,164.0,137.10655212402344,137.0534210205078,0.053131103515625
s_butterfly_560,resnet50_tl_20250829,8,4,56,164,60.0,168.0,137.10655212402344,136.906005859375,0.2005462646484375
s_butterfly_560,resnet50_tl_20250829,8,4,56,168,60.0,172.0,137.10655212402344,136.81771850585938,0.2888336181640625
s_butterfly_560,resnet50_tl_20250829,8,4,56,172,60.0,176.0,137.10655212402344,136.77835083007812,0.3282012939453125
s_butterfly_560,resnet50_tl_20250829,8,4,56,176,60.0,180.0,137.10655212402344,136.7910919189453,0.315460205078125
s_butterfly_560,resnet50_tl_20250829,8,4,56,180,60.0,184.0,137.10655212402344,136.87916564941406,0.227386474609375
s_butterfly_560,resnet50_tl_20250829,8,4,56,184,60.0,188.0,137.10655212402344,136.90106201171875,0.2054901123046875
s_butterfly_560,resnet50_tl_20250829,8,4,56,188,60.0,192.0,137.10655212402344,136.9910888671875,0.1154632568359375
s_butterfly_560,resnet50_tl_20250829,8,4,56,192,60.0,196.0,137.10655212402344,136.7697296142578,0.336822509765625
s_butterfly_560,resnet50_tl_20250829,8,4,56,196,60.0,200.0,137.10655212402344,136.84722900390625,0.2593231201171875
s_butterfly_560,resnet50_tl_20250829,8,4,56,200,60.0,204.0,137.10655212402344,136.9821319580078,0.124420166015625
s_butterfly_560,resnet50_tl_20250829,8,4,56,204,60.0,208.0,137.10655212402344,137.0785369873047,0.02801513671875
s_butterfly_560,resnet50_tl_20250829,8,4,56,208,60.0,212.0,137.10655212402344,137.0208740234375,0.0856781005859375
s_butterfly_560,resnet50_tl_20250829,8,4,56,212,60.0,216.0,137.10655212402344,137.02565002441406,0.080902099609375
s_butterfly_560,resnet50_tl_20250829,8,4,56,216,60.0,220.0,137.10655212402344,137.07843017578125,0.0281219482421875
s_butterfly_560,resnet50_tl_20250829,8,4,60,0,64.0,4.0,137.10655212402344,136.6544189453125,0.4521331787109375
s_butterfly_560,resnet50_tl_20250829,8,4,60,4,64.0,8.0,137.10655212402344,136.89688110351562,0.2096710205078125
s_butterfly_560,resnet50_tl_20250829,8,4,60,8,64.0,12.0,137.10655212402344,136.9720001220703,0.134552001953125
s_butterfly_560,resnet50_tl_20250829,8,4,60,12,64.0,16.0,137.10655212402344,136.82752990722656,0.279022216796875
s_butterfly_560,resnet50_tl_20250829,8,4,60,16,64.0,20.0,137.10655212402344,136.6990203857422,0.40753173828125
s_butterfly_560,resnet50_tl_20250829,8,4,60,20,64.0,24.0,137.10655212402344,136.85267639160156,0.253875732421875
s_butterfly_560,resnet50_tl_20250829,8,4,60,24,64.0,28.0,137.10655212402344,136.9240264892578,0.182525634765625
s_butterfly_560,resnet50_tl_20250829,8,4,60,28,64.0,32.0,137.10655212402344,136.46376037597656,0.642791748046875
s_butterfly_560,resnet50_tl_20250829,8,4,60,32,64.0,36.0,137.10655212402344,136.4542236328125,0.6523284912109375
s_butterfly_560,resnet50_tl_20250829,8,4,60,36,64.0,40.0,137.10655212402344,136.73033142089844,0.376220703125
s_butterfly_560,resnet50_tl_20250829,8,4,60,40,64.0,44.0,137.10655212402344,136.89781188964844,0.208740234375
s_butterfly_560,resnet50_tl_20250829,8,4,60,44,64.0,48.0,137.10655212402344,136.5717315673828,0.534820556640625
s_butterfly_560,resnet50_tl_20250829,8,4,60,48,64.0,52.0,137.10655212402344,136.62921142578125,0.4773406982421875
s_butterfly_560,resnet50_tl_20250829,8,4,60,52,64.0,56.0,137.10655212402344,136.88360595703125,0.2229461669921875
s_butterfly_560,resnet50_tl_20250829,8,4,60,56,64.0,60.0,137.10655212402344,136.96456909179688,0.1419830322265625
s_butterfly_560,resnet50_tl_20250829,8,4,60,60,64.0,64.0,137.10655212402344,137.04139709472656,0.065155029296875
s_butterfly_560,resnet50_tl_20250829,8,4,60,64,64.0,68.0,137.10655212402344,136.94793701171875,0.1586151123046875
s_butterfly_560,resnet50_tl_20250829,8,4,60,68,64.0,72.0,137.10655212402344,136.95394897460938,0.1526031494140625
s_butterfly_560,resnet50_tl_20250829,8,4,60,72,64.0,76.0,137.10655212402344,136.9926300048828,0.113922119140625
s_butterfly_560,resnet50_tl_20250829,8,4,60,76,64.0,80.0,137.10655212402344,136.94544982910156,0.161102294921875
s_butterfly_560,resnet50_tl_20250829,8,4,60,80,64.0,84.0,137.10655212402344,136.7708282470703,0.335723876953125
s_butterfly_560,resnet50_tl_20250829,8,4,60,84,64.0,88.0,137.10655212402344,136.9888153076172,0.11773681640625
s_butterfly_560,resnet50_tl_20250829,8,4,60,88,64.0,92.0,137.10655212402344,137.0032196044922,0.10333251953125
s_butterfly_560,resnet50_tl_20250829,8,4,60,92,64.0,96.0,137.10655212402344,137.00778198242188,0.0987701416015625
s_butterfly_560,resnet50_tl_20250829,8,4,60,96,64.0,100.0,137.10655212402344,136.94998168945312,0.1565704345703125
s_butterfly_560,resnet50_tl_20250829,8,4,60,100,64.0,104.0,137.10655212402344,136.9165802001953,0.189971923828125
s_butterfly_560,resnet50_tl_20250829,8,4,60,104,64.0,108.0,137.10655212402344,136.81703186035156,0.289520263671875
s_butterfly_560,resnet50_tl_20250829,8,4,60,108,64.0,112.0,137.10655212402344,136.53338623046875,0.5731658935546875
s_butterfly_560,resnet50_tl_20250829,8,4,60,112,64.0,116.0,137.10655212402344,136.40599060058594,0.7005615234375
s_butterfly_560,resnet50_tl_20250829,8,4,60,116,64.0,120.0,137.10655212402344,136.59271240234375,0.5138397216796875
s_butterfly_560,resnet50_tl_20250829,8,4,60,120,64.0,124.0,137.10655212402344,136.539794921875,0.5667572021484375
s_butterfly_560,resnet50_tl_20250829,8,4,60,124,64.0,128.0,137.10655212402344,136.76756286621094,0.3389892578125
s_butterfly_560,resnet50_tl_20250829,8,4,60,128,64.0,132.0,137.10655212402344,136.94252014160156,0.164031982421875
s_butterfly_560,resnet50_tl_20250829,8,4,60,132,64.0,136.0,137.10655212402344,137.0137176513672,0.09283447265625
s_butterfly_560,resnet50_tl_20250829,8,4,60,136,64.0,140.0,137.10655212402344,136.9918670654297,0.11468505859375
s_butterfly_560,resnet50_tl_20250829,8,4,60,140,64.0,144.0,137.10655212402344,136.8006591796875,0.3058929443359375
s_butterfly_560,resnet50_tl_20250829,8,4,60,144,64.0,148.0,137.10655212402344,136.7021026611328,0.404449462890625
s_butterfly_560,resnet50_tl_20250829,8,4,60,148,64.0,152.0,137.10655212402344,136.7492218017578,0.357330322265625
s_butterfly_560,resnet50_tl_20250829,8,4,60,152,64.0,156.0,137.10655212402344,136.9753875732422,0.13116455078125
s_butterfly_560,resnet50_tl_20250829,8,4,60,156,64.0,160.0,137.10655212402344,136.8400421142578,0.266510009765625
s_butterfly_560,resnet50_tl_20250829,8,4,60,160,64.0,164.0,137.10655212402344,136.91822814941406,0.188323974609375
s_butterfly_560,resnet50_tl_20250829,8,4,60,164,64.0,168.0,137.10655212402344,136.9339141845703,0.172637939453125
s_butterfly_560,resnet50_tl_20250829,8,4,60,168,64.0,172.0,137.10655212402344,136.94639587402344,0.16015625
s_butterfly_560,resnet50_tl_20250829,8,4,60,172,64.0,176.0,137.10655212402344,136.6466064453125,0.4599456787109375
s_butterfly_560,resnet50_tl_20250829,8,4,60,176,64.0,180.0,137.10655212402344,136.75552368164062,0.3510284423828125
s_butterfly_560,resnet50_tl_20250829,8,4,60,180,64.0,184.0,137.10655212402344,136.9089813232422,0.19757080078125
s_butterfly_560,resnet50_tl_20250829,8,4,60,184,64.0,188.0,137.10655212402344,136.86415100097656,0.242401123046875
s_butterfly_560,resnet50_tl_20250829,8,4,60,188,64.0,192.0,137.10655212402344,136.9452667236328,0.161285400390625
s_butterfly_560,resnet50_tl_20250829,8,4,60,192,64.0,196.0,137.10655212402344,136.9984588623047,0.10809326171875
s_butterfly_560,resnet50_tl_20250829,8,4,60,196,64.0,200.0,137.10655212402344,136.98390197753906,0.122650146484375
s_butterfly_560,resnet50_tl_20250829,8,4,60,200,64.0,204.0,137.10655212402344,137.02667236328125,0.0798797607421875
s_butterfly_560,resnet50_tl_20250829,8,4,60,204,64.0,208.0,137.10655212402344,136.9773406982422,0.12921142578125
s_butterfly_560,resnet50_tl_20250829,8,4,60,208,64.0,212.0,137.10655212402344,136.93238830566406,0.174163818359375
s_butterfly_560,resnet50_tl_20250829,8,4,60,212,64.0,216.0,137.10655212402344,136.96478271484375,0.1417694091796875
s_butterfly_560,resnet50_tl_20250829,8,4,60,216,64.0,220.0,137.10655212402344,137.0110626220703,0.095489501953125
s_butterfly_560,resnet50_tl_20250829,8,4,64,0,68.0,4.0,137.10655212402344,136.7113037109375,0.3952484130859375
s_butterfly_560,resnet50_tl_20250829,8,4,64,4,68.0,8.0,137.10655212402344,136.86676025390625,0.2397918701171875
s_butterfly_560,resnet50_tl_20250829,8,4,64,8,68.0,12.0,137.10655212402344,136.96180725097656,0.144744873046875
s_butterfly_560,resnet50_tl_20250829,8,4,64,12,68.0,16.0,137.10655212402344,136.70301818847656,0.403533935546875
s_butterfly_560,resnet50_tl_20250829,8,4,64,16,68.0,20.0,137.10655212402344,136.69651794433594,0.4100341796875
s_butterfly_560,resnet50_tl_20250829,8,4,64,20,68.0,24.0,137.10655212402344,136.7111358642578,0.395416259765625
s_butterfly_560,resnet50_tl_20250829,8,4,64,24,68.0,28.0,137.10655212402344,136.8336639404297,0.27288818359375
s_butterfly_560,resnet50_tl_20250829,8,4,64,28,68.0,32.0,137.10655212402344,136.40228271484375,0.7042694091796875
s_butterfly_560,resnet50_tl_20250829,8,4,64,32,68.0,36.0,137.10655212402344,136.4757080078125,0.6308441162109375
s_butterfly_560,resnet50_tl_20250829,8,4,64,36,68.0,40.0,137.10655212402344,136.658203125,0.4483489990234375
s_butterfly_560,resnet50_tl_20250829,8,4,64,40,68.0,44.0,137.10655212402344,136.85928344726562,0.2472686767578125
s_butterfly_560,resnet50_tl_20250829,8,4,64,44,68.0,48.0,137.10655212402344,136.53697204589844,0.569580078125
s_butterfly_560,resnet50_tl_20250829,8,4,64,48,68.0,52.0,137.10655212402344,136.67398071289062,0.4325714111328125
s_butterfly_560,resnet50_tl_20250829,8,4,64,52,68.0,56.0,137.10655212402344,136.90142822265625,0.2051239013671875
s_butterfly_560,resnet50_tl_20250829,8,4,64,56,68.0,60.0,137.10655212402344,137.0198516845703,0.086700439453125
s_butterfly_560,resnet50_tl_20250829,8,4,64,60,68.0,64.0,137.10655212402344,137.01939392089844,0.087158203125
s_butterfly_560,resnet50_tl_20250829,8,4,64,64,68.0,68.0,137.10655212402344,136.9062957763672,0.20025634765625
s_butterfly_560,resnet50_tl_20250829,8,4,64,68,68.0,72.0,137.10655212402344,136.9518280029297,0.15472412109375
s_butterfly_560,resnet50_tl_20250829,8,4,64,72,68.0,76.0,137.10655212402344,136.98284912109375,0.1237030029296875
s_butterfly_560,resnet50_tl_20250829,8,4,64,76,68.0,80.0,137.10655212402344,136.91355895996094,0.1929931640625
s_butterfly_560,resnet50_tl_20250829,8,4,64,80,68.0,84.0,137.10655212402344,136.86904907226562,0.2375030517578125
s_butterfly_560,resnet50_tl_20250829,8,4,64,84,68.0,88.0,137.10655212402344,136.99746704101562,0.1090850830078125
s_butterfly_560,resnet50_tl_20250829,8,4,64,88,68.0,92.0,137.10655212402344,137.0709991455078,0.035552978515625
s_butterfly_560,resnet50_tl_20250829,8,4,64,92,68.0,96.0,137.10655212402344,136.9840850830078,0.122467041015625
s_butterfly_560,resnet50_tl_20250829,8,4,64,96,68.0,100.0,137.10655212402344,137.00819396972656,0.098358154296875
s_butterfly_560,resnet50_tl_20250829,8,4,64,100,68.0,104.0,137.10655212402344,136.9735870361328,0.132965087890625
s_butterfly_560,resnet50_tl_20250829,8,4,64,104,68.0,108.0,137.10655212402344,136.92535400390625,0.1811981201171875
s_butterfly_560,resnet50_tl_20250829,8,4,64,108,68.0,112.0,137.10655212402344,136.57020568847656,0.536346435546875
s_butterfly_560,resnet50_tl_20250829,8,4,64,112,68.0,116.0,137.10655212402344,136.4701385498047,0.63641357421875
s_butterfly_560,resnet50_tl_20250829,8,4,64,116,68.0,120.0,137.10655212402344,136.5121307373047,0.59442138671875
s_butterfly_560,resnet50_tl_20250829,8,4,64,120,68.0,124.0,137.10655212402344,136.54747009277344,0.55908203125
s_butterfly_560,resnet50_tl_20250829,8,4,64,124,68.0,128.0,137.10655212402344,136.76962280273438,0.3369293212890625
s_butterfly_560,resnet50_tl_20250829,8,4,64,128,68.0,132.0,137.10655212402344,136.80992126464844,0.296630859375
s_butterfly_560,resnet50_tl_20250829,8,4,64,132,68.0,136.0,137.10655212402344,136.9847869873047,0.12176513671875
s_butterfly_560,resnet50_tl_20250829,8,4,64,136,68.0,140.0,137.10655212402344,136.97508239746094,0.1314697265625
s_butterfly_560,resnet50_tl_20250829,8,4,64,140,68.0,144.0,137.10655212402344,136.7754669189453,0.331085205078125
s_butterfly_560,resnet50_tl_20250829,8,4,64,144,68.0,148.0,137.10655212402344,136.64132690429688,0.4652252197265625
s_butterfly_560,resnet50_tl_20250829,8,4,64,148,68.0,152.0,137.10655212402344,136.7471160888672,0.35943603515625
s_butterfly_560,resnet50_tl_20250829,8,4,64,152,68.0,156.0,137.10655212402344,137.20338439941406,-0.096832275390625
s_butterfly_560,resnet50_tl_20250829,8,4,64,156,68.0,160.0,137.10655212402344,136.96566772460938,0.1408843994140625
s_butterfly_560,resnet50_tl_20250829,8,4,64,160,68.0,164.0,137.10655212402344,136.95721435546875,0.1493377685546875
s_butterfly_560,resnet50_tl_20250829,8,4,64,164,68.0,168.0,137.10655212402344,136.96820068359375,0.1383514404296875
s_butterfly_560,resnet50_tl_20250829,8,4,64,168,68.0,172.0,137.10655212402344,137.02621459960938,0.0803375244140625
s_butterfly_560,resnet50_tl_20250829,8,4,64,172,68.0,176.0,137.10655212402344,137.0298614501953,0.076690673828125
s_butterfly_560,resnet50_tl_20250829,8,4,64,176,68.0,180.0,137.10655212402344,136.7913818359375,0.3151702880859375
s_butterfly_560,resnet50_tl_20250829,8,4,64,180,68.0,184.0,137.10655212402344,136.92852783203125,0.1780242919921875
s_butterfly_560,resnet50_tl_20250829,8,4,64,184,68.0,188.0,137.10655212402344,136.897705078125,0.2088470458984375
s_butterfly_560,resnet50_tl_20250829,8,4,64,188,68.0,192.0,137.10655212402344,136.93824768066406,0.168304443359375
s_butterfly_560,resnet50_tl_20250829,8,4,64,192,68.0,196.0,137.10655212402344,136.9680633544922,0.13848876953125
s_butterfly_560,resnet50_tl_20250829,8,4,64,196,68.0,200.0,137.10655212402344,136.95770263671875,0.1488494873046875
s_butterfly_560,resnet50_tl_20250829,8,4,64,200,68.0,204.0,137.10655212402344,137.00946044921875,0.0970916748046875
s_butterfly_560,resnet50_tl_20250829,8,4,64,204,68.0,208.0,137.10655212402344,136.9558563232422,0.15069580078125
s_butterfly_560,resnet50_tl_20250829,8,4,64,208,68.0,212.0,137.10655212402344,136.94528198242188,0.1612701416015625
s_butterfly_560,resnet50_tl_20250829,8,4,64,212,68.0,216.0,137.10655212402344,137.00723266601562,0.0993194580078125
s_butterfly_560,resnet50_tl_20250829,8,4,64,216,68.0,220.0,137.10655212402344,137.04603576660156,0.060516357421875
s_butterfly_560,resnet50_tl_20250829,8,4,68,0,72.0,4.0,137.10655212402344,136.97518920898438,0.1313629150390625
s_butterfly_560,resnet50_tl_20250829,8,4,68,4,72.0,8.0,137.10655212402344,137.00625610351562,0.1002960205078125
s_butterfly_560,resnet50_tl_20250829,8,4,68,8,72.0,12.0,137.10655212402344,137.02989196777344,0.07666015625
s_butterfly_560,resnet50_tl_20250829,8,4,68,12,72.0,16.0,137.10655212402344,137.03733825683594,0.0692138671875
s_butterfly_560,resnet50_tl_20250829,8,4,68,16,72.0,20.0,137.10655212402344,136.93099975585938,0.1755523681640625
s_butterfly_560,resnet50_tl_20250829,8,4,68,20,72.0,24.0,137.10655212402344,136.90872192382812,0.1978302001953125
s_butterfly_560,resnet50_tl_20250829,8,4,68,24,72.0,28.0,137.10655212402344,136.8893280029297,0.21722412109375
s_butterfly_560,resnet50_tl_20250829,8,4,68,28,72.0,32.0,137.10655212402344,136.89730834960938,0.2092437744140625
s_butterfly_560,resnet50_tl_20250829,8,4,68,32,72.0,36.0,137.10655212402344,136.9177703857422,0.18878173828125
s_butterfly_560,resnet50_tl_20250829,8,4,68,36,72.0,40.0,137.10655212402344,136.91282653808594,0.1937255859375
s_butterfly_560,resnet50_tl_20250829,8,4,68,40,72.0,44.0,137.10655212402344,136.93101501464844,0.175537109375
s_butterfly_560,resnet50_tl_20250829,8,4,68,44,72.0,48.0,137.10655212402344,136.89370727539062,0.2128448486328125
s_butterfly_560,resnet50_tl_20250829,8,4,68,48,72.0,52.0,137.10655212402344,137.05152893066406,0.055023193359375
s_butterfly_560,resnet50_tl_20250829,8,4,68,52,72.0,56.0,137.10655212402344,137.10394287109375,0.0026092529296875
s_butterfly_560,resnet50_tl_20250829,8,4,68,56,72.0,60.0,137.10655212402344,137.07615661621094,0.0303955078125
s_butterfly_560,resnet50_tl_20250829,8,4,68,60,72.0,64.0,137.10655212402344,137.17684936523438,-0.0702972412109375
s_butterfly_560,resnet50_tl_20250829,8,4,68,64,72.0,68.0,137.10655212402344,137.0216827392578,0.084869384765625
s_butterfly_560,resnet50_tl_20250829,8,4,68,68,72.0,72.0,137.10655212402344,136.98272705078125,0.1238250732421875
s_butterfly_560,resnet50_tl_20250829,8,4,68,72,72.0,76.0,137.10655212402344,136.95327758789062,0.1532745361328125
s_butterfly_560,resnet50_tl_20250829,8,4,68,76,72.0,80.0,137.10655212402344,136.86602783203125,0.2405242919921875
s_butterfly_560,resnet50_tl_20250829,8,4,68,80,72.0,84.0,137.10655212402344,136.8768310546875,0.2297210693359375
s_butterfly_560,resnet50_tl_20250829,8,4,68,84,72.0,88.0,137.10655212402344,136.95509338378906,0.151458740234375
s_butterfly_560,resnet50_tl_20250829,8,4,68,88,72.0,92.0,137.10655212402344,136.96153259277344,0.14501953125
s_butterfly_560,resnet50_tl_20250829,8,4,68,92,72.0,96.0,137.10655212402344,136.98098754882812,0.1255645751953125
s_butterfly_560,resnet50_tl_20250829,8,4,68,96,72.0,100.0,137.10655212402344,136.95266723632812,0.1538848876953125
s_butterfly_560,resnet50_tl_20250829,8,4,68,100,72.0,104.0,137.10655212402344,136.86676025390625,0.2397918701171875
s_butterfly_560,resnet50_tl_20250829,8,4,68,104,72.0,108.0,137.10655212402344,136.75648498535156,0.350067138671875
s_butterfly_560,resnet50_tl_20250829,8,4,68,108,72.0,112.0,137.10655212402344,136.5916748046875,0.5148773193359375
s_butterfly_560,resnet50_tl_20250829,8,4,68,112,72.0,116.0,137.10655212402344,136.40615844726562,0.7003936767578125
s_butterfly_560,resnet50_tl_20250829,8,4,68,116,72.0,120.0,137.10655212402344,136.52606201171875,0.5804901123046875
s_butterfly_560,resnet50_tl_20250829,8,4,68,120,72.0,124.0,137.10655212402344,136.70111083984375,0.4054412841796875
s_butterfly_560,resnet50_tl_20250829,8,4,68,124,72.0,128.0,137.10655212402344,136.85394287109375,0.2526092529296875
s_butterfly_560,resnet50_tl_20250829,8,4,68,128,72.0,132.0,137.10655212402344,136.95240783691406,0.154144287109375
s_butterfly_560,resnet50_tl_20250829,8,4,68,132,72.0,136.0,137.10655212402344,137.24131774902344,-0.134765625
s_butterfly_560,resnet50_tl_20250829,8,4,68,136,72.0,140.0,137.10655212402344,137.07943725585938,0.0271148681640625
s_butterfly_560,resnet50_tl_20250829,8,4,68,140,72.0,144.0,137.10655212402344,137.0604248046875,0.0461273193359375
s_butterfly_560,resnet50_tl_20250829,8,4,68,144,72.0,148.0,137.10655212402344,137.04190063476562,0.0646514892578125
s_butterfly_560,resnet50_tl_20250829,8,4,68,148,72.0,152.0,137.10655212402344,137.15451049804688,-0.0479583740234375
s_butterfly_560,resnet50_tl_20250829,8,4,68,152,72.0,156.0,137.10655212402344,137.2216339111328,-0.115081787109375
s_butterfly_560,resnet50_tl_20250829,8,4,68,156,72.0,160.0,137.10655212402344,137.11619567871094,-0.0096435546875
s_butterfly_560,resnet50_tl_20250829,8,4,68,160,72.0,164.0,137.10655212402344,137.0233154296875,0.0832366943359375
s_butterfly_560,resnet50_tl_20250829,8,4,68,164,72.0,168.0,137.10655212402344,137.1204833984375,-0.0139312744140625
s_butterfly_560,resnet50_tl_20250829,8,4,68,168,72.0,172.0,137.10655212402344,136.9335479736328,0.173004150390625
s_butterfly_560,resnet50_tl_20250829,8,4,68,172,72.0,176.0,137.10655212402344,137.07595825195312,0.0305938720703125
s_butterfly_560,resnet50_tl_20250829,8,4,68,176,72.0,180.0,137.10655212402344,137.0311279296875,0.0754241943359375
s_butterfly_560,resnet50_tl_20250829,8,4,68,180,72.0,184.0,137.10655212402344,137.00997924804688,0.0965728759765625
s_butterfly_560,resnet50_tl_20250829,8,4,68,184,72.0,188.0,137.10655212402344,136.88275146484375,0.2238006591796875
s_butterfly_560,resnet50_tl_20250829,8,4,68,188,72.0,192.0,137.10655212402344,136.95217895507812,0.1543731689453125
s_butterfly_560,resnet50_tl_20250829,8,4,68,192,72.0,196.0,137.10655212402344,136.9417724609375,0.1647796630859375
s_butterfly_560,resnet50_tl_20250829,8,4,68,196,72.0,200.0,137.10655212402344,136.96946716308594,0.1370849609375
s_butterfly_560,resnet50_tl_20250829,8,4,68,200,72.0,204.0,137.10655212402344,136.99896240234375,0.1075897216796875
s_butterfly_560,resnet50_tl_20250829,8,4,68,204,72.0,208.0,137.10655212402344,136.98912048339844,0.117431640625
s_butterfly_560,resnet50_tl_20250829,8,4,68,208,72.0,212.0,137.10655212402344,136.94435119628906,0.162200927734375
s_butterfly_560,resnet50_tl_20250829,8,4,68,212,72.0,216.0,137.10655212402344,136.9798126220703,0.126739501953125
s_butterfly_560,resnet50_tl_20250829,8,4,68,216,72.0,220.0,137.10655212402344,137.10208129882812,0.0044708251953125
s_butterfly_560,resnet50_tl_20250829,8,4,72,0,76.0,4.0,137.10655212402344,136.94760131835938,0.1589508056640625
s_butterfly_560,resnet50_tl_20250829,8,4,72,4,76.0,8.0,137.10655212402344,136.9501495361328,0.156402587890625
s_butterfly_560,resnet50_tl_20250829,8,4,72,8,76.0,12.0,137.10655212402344,136.975830078125,0.1307220458984375
s_butterfly_560,resnet50_tl_20250829,8,4,72,12,76.0,16.0,137.10655212402344,136.82760620117188,0.2789459228515625
s_butterfly_560,resnet50_tl_20250829,8,4,72,16,76.0,20.0,137.10655212402344,136.7910919189453,0.315460205078125
s_butterfly_560,resnet50_tl_20250829,8,4,72,20,76.0,24.0,137.10655212402344,136.726806640625,0.3797454833984375
s_butterfly_560,resnet50_tl_20250829,8,4,72,24,76.0,28.0,137.10655212402344,136.7767333984375,0.3298187255859375
s_butterfly_560,resnet50_tl_20250829,8,4,72,28,76.0,32.0,137.10655212402344,136.595947265625,0.5106048583984375
s_butterfly_560,resnet50_tl_20250829,8,4,72,32,76.0,36.0,137.10655212402344,136.6753387451172,0.43121337890625
s_butterfly_560,resnet50_tl_20250829,8,4,72,36,76.0,40.0,137.10655212402344,136.69691467285156,0.409637451171875
s_butterfly_560,resnet50_tl_20250829,8,4,72,40,76.0,44.0,137.10655212402344,136.90914916992188,0.1974029541015625
s_butterfly_560,resnet50_tl_20250829,8,4,72,44,76.0,48.0,137.10655212402344,136.74160766601562,0.3649444580078125
s_butterfly_560,resnet50_tl_20250829,8,4,72,48,76.0,52.0,137.10655212402344,136.89256286621094,0.2139892578125
s_butterfly_560,resnet50_tl_20250829,8,4,72,52,76.0,56.0,137.10655212402344,136.95675659179688,0.1497955322265625
s_butterfly_560,resnet50_tl_20250829,8,4,72,56,76.0,60.0,137.10655212402344,137.12139892578125,-0.0148468017578125
s_butterfly_560,resnet50_tl_20250829,8,4,72,60,76.0,64.0,137.10655212402344,137.11289978027344,-0.00634765625
s_butterfly_560,resnet50_tl_20250829,8,4,72,64,76.0,68.0,137.10655212402344,137.06948852539062,0.0370635986328125
s_butterfly_560,resnet50_tl_20250829,8,4,72,68,76.0,72.0,137.10655212402344,137.0162353515625,0.0903167724609375
s_butterfly_560,resnet50_tl_20250829,8,4,72,72,76.0,76.0,137.10655212402344,136.88697814941406,0.219573974609375
s_butterfly_560,resnet50_tl_20250829,8,4,72,76,76.0,80.0,137.10655212402344,136.83775329589844,0.268798828125
s_butterfly_560,resnet50_tl_20250829,8,4,72,80,76.0,84.0,137.10655212402344,136.99392700195312,0.1126251220703125
s_butterfly_560,resnet50_tl_20250829,8,4,72,84,76.0,88.0,137.10655212402344,136.94879150390625,0.1577606201171875
s_butterfly_560,resnet50_tl_20250829,8,4,72,88,76.0,92.0,137.10655212402344,136.94747924804688,0.1590728759765625
s_butterfly_560,resnet50_tl_20250829,8,4,72,92,76.0,96.0,137.10655212402344,136.96853637695312,0.1380157470703125
s_butterfly_560,resnet50_tl_20250829,8,4,72,96,76.0,100.0,137.10655212402344,137.01454162597656,0.092010498046875
s_butterfly_560,resnet50_tl_20250829,8,4,72,100,76.0,104.0,137.10655212402344,136.83642578125,0.2701263427734375
s_butterfly_560,resnet50_tl_20250829,8,4,72,104,76.0,108.0,137.10655212402344,136.78237915039062,0.3241729736328125
s_butterfly_560,resnet50_tl_20250829,8,4,72,108,76.0,112.0,137.10655212402344,136.5514373779297,0.55511474609375
s_butterfly_560,resnet50_tl_20250829,8,4,72,112,76.0,116.0,137.10655212402344,136.40870666503906,0.697845458984375
s_butterfly_560,resnet50_tl_20250829,8,4,72,116,76.0,120.0,137.10655212402344,136.66514587402344,0.44140625
s_butterfly_560,resnet50_tl_20250829,8,4,72,120,76.0,124.0,137.10655212402344,136.75253295898438,0.3540191650390625
s_butterfly_560,resnet50_tl_20250829,8,4,72,124,76.0,128.0,137.10655212402344,136.92259216308594,0.1839599609375
s_butterfly_560,resnet50_tl_20250829,8,4,72,128,76.0,132.0,137.10655212402344,136.86734008789062,0.2392120361328125
s_butterfly_560,resnet50_tl_20250829,8,4,72,132,76.0,136.0,137.10655212402344,137.1533966064453,-0.046844482421875
s_butterfly_560,resnet50_tl_20250829,8,4,72,136,76.0,140.0,137.10655212402344,136.9735565185547,0.13299560546875
s_butterfly_560,resnet50_tl_20250829,8,4,72,140,76.0,144.0,137.10655212402344,137.06150817871094,0.0450439453125
s_butterfly_560,resnet50_tl_20250829,8,4,72,144,76.0,148.0,137.10655212402344,137.38026428222656,-0.273712158203125
s_butterfly_560,resnet50_tl_20250829,8,4,72,148,76.0,152.0,137.10655212402344,137.1917266845703,-0.085174560546875
s_butterfly_560,resnet50_tl_20250829,8,4,72,152,76.0,156.0,137.10655212402344,137.13023376464844,-0.023681640625
s_butterfly_560,resnet50_tl_20250829,8,4,72,156,76.0,160.0,137.10655212402344,136.67913818359375,0.4274139404296875
s_butterfly_560,resnet50_tl_20250829,8,4,72,160,76.0,164.0,137.10655212402344,136.91363525390625,0.1929168701171875
s_butterfly_560,resnet50_tl_20250829,8,4,72,164,76.0,168.0,137.10655212402344,136.94740295410156,0.159149169921875
s_butterfly_560,resnet50_tl_20250829,8,4,72,168,76.0,172.0,137.10655212402344,136.9626007080078,0.143951416015625
s_butterfly_560,resnet50_tl_20250829,8,4,72,172,76.0,176.0,137.10655212402344,137.03952026367188,0.0670318603515625
s_butterfly_560,resnet50_tl_20250829,8,4,72,176,76.0,180.0,137.10655212402344,136.9680633544922,0.13848876953125
s_butterfly_560,resnet50_tl_20250829,8,4,72,180,76.0,184.0,137.10655212402344,136.875,0.2315521240234375
s_butterfly_560,resnet50_tl_20250829,8,4,72,184,76.0,188.0,137.10655212402344,136.84808349609375,0.2584686279296875
s_butterfly_560,resnet50_tl_20250829,8,4,72,188,76.0,192.0,137.10655212402344,136.93643188476562,0.1701202392578125
s_butterfly_560,resnet50_tl_20250829,8,4,72,192,76.0,196.0,137.10655212402344,136.97547912597656,0.131072998046875
s_butterfly_560,resnet50_tl_20250829,8,4,72,196,76.0,200.0,137.10655212402344,137.0089874267578,0.097564697265625
s_butterfly_560,resnet50_tl_20250829,8,4,72,200,76.0,204.0,137.10655212402344,137.02037048339844,0.086181640625
s_butterfly_560,resnet50_tl_20250829,8,4,72,204,76.0,208.0,137.10655212402344,137.00936889648438,0.0971832275390625
s_butterfly_560,resnet50_tl_20250829,8,4,72,208,76.0,212.0,137.10655212402344,136.9785919189453,0.127960205078125
s_butterfly_560,resnet50_tl_20250829,8,4,72,212,76.0,216.0,137.10655212402344,137.00567626953125,0.1008758544921875
s_butterfly_560,resnet50_tl_20250829,8,4,72,216,76.0,220.0,137.10655212402344,137.0987091064453,0.007843017578125
s_butterfly_560,resnet50_tl_20250829,8,4,76,0,80.0,4.0,137.10655212402344,136.7194366455078,0.387115478515625
s_butterfly_560,resnet50_tl_20250829,8,4,76,4,80.0,8.0,137.10655212402344,136.98316955566406,0.123382568359375
s_butterfly_560,resnet50_tl_20250829,8,4,76,8,80.0,12.0,137.10655212402344,136.97764587402344,0.12890625
s_butterfly_560,resnet50_tl_20250829,8,4,76,12,80.0,16.0,137.10655212402344,136.8974609375,0.2090911865234375
s_butterfly_560,resnet50_tl_20250829,8,4,76,16,80.0,20.0,137.10655212402344,136.7274932861328,0.379058837890625
s_butterfly_560,resnet50_tl_20250829,8,4,76,20,80.0,24.0,137.10655212402344,136.85389709472656,0.252655029296875
s_butterfly_560,resnet50_tl_20250829,8,4,76,24,80.0,28.0,137.10655212402344,136.88973999023438,0.2168121337890625
s_butterfly_560,resnet50_tl_20250829,8,4,76,28,80.0,32.0,137.10655212402344,136.3960418701172,0.71051025390625
s_butterfly_560,resnet50_tl_20250829,8,4,76,32,80.0,36.0,137.10655212402344,136.4168701171875,0.6896820068359375
s_butterfly_560,resnet50_tl_20250829,8,4,76,36,80.0,40.0,137.10655212402344,136.69357299804688,0.4129791259765625
s_butterfly_560,resnet50_tl_20250829,8,4,76,40,80.0,44.0,137.10655212402344,136.94357299804688,0.1629791259765625
s_butterfly_560,resnet50_tl_20250829,8,4,76,44,80.0,48.0,137.10655212402344,136.42665100097656,0.679901123046875
s_butterfly_560,resnet50_tl_20250829,8,4,76,48,80.0,52.0,137.10655212402344,136.610595703125,0.4959564208984375
s_butterfly_560,resnet50_tl_20250829,8,4,76,52,80.0,56.0,137.10655212402344,136.93505859375,0.1714935302734375
s_butterfly_560,resnet50_tl_20250829,8,4,76,56,80.0,60.0,137.10655212402344,137.1133270263672,-0.00677490234375
s_butterfly_560,resnet50_tl_20250829,8,4,76,60,80.0,64.0,137.10655212402344,136.83633422851562,0.2702178955078125
s_butterfly_560,resnet50_tl_20250829,8,4,76,64,80.0,68.0,137.10655212402344,136.93743896484375,0.1691131591796875
s_butterfly_560,resnet50_tl_20250829,8,4,76,68,80.0,72.0,137.10655212402344,137.0284423828125,0.0781097412109375
s_butterfly_560,resnet50_tl_20250829,8,4,76,72,80.0,76.0,137.10655212402344,136.86380004882812,0.2427520751953125
s_butterfly_560,resnet50_tl_20250829,8,4,76,76,80.0,80.0,137.10655212402344,136.70953369140625,0.3970184326171875
s_butterfly_560,resnet50_tl_20250829,8,4,76,80,80.0,84.0,137.10655212402344,136.91319274902344,0.193359375
s_butterfly_560,resnet50_tl_20250829,8,4,76,84,80.0,88.0,137.10655212402344,136.96653747558594,0.1400146484375
s_butterfly_560,resnet50_tl_20250829,8,4,76,88,80.0,92.0,137.10655212402344,136.89035034179688,0.2162017822265625
s_butterfly_560,resnet50_tl_20250829,8,4,76,92,80.0,96.0,137.10655212402344,136.87086486816406,0.235687255859375
s_butterfly_560,resnet50_tl_20250829,8,4,76,96,80.0,100.0,137.10655212402344,136.86692810058594,0.2396240234375
s_butterfly_560,resnet50_tl_20250829,8,4,76,100,80.0,104.0,137.10655212402344,136.9345245361328,0.172027587890625
s_butterfly_560,resnet50_tl_20250829,8,4,76,104,80.0,108.0,137.10655212402344,136.78086853027344,0.32568359375
s_butterfly_560,resnet50_tl_20250829,8,4,76,108,80.0,112.0,137.10655212402344,136.32879638671875,0.7777557373046875
s_butterfly_560,resnet50_tl_20250829,8,4,76,112,80.0,116.0,137.10655212402344,136.30235290527344,0.80419921875
s_butterfly_560,resnet50_tl_20250829,8,4,76,116,80.0,120.0,137.10655212402344,136.57958984375,0.5269622802734375
s_butterfly_560,resnet50_tl_20250829,8,4,76,120,80.0,124.0,137.10655212402344,136.47525024414062,0.6313018798828125
s_butterfly_560,resnet50_tl_20250829,8,4,76,124,80.0,128.0,137.10655212402344,136.4200439453125,0.6865081787109375
s_butterfly_560,resnet50_tl_20250829,8,4,76,128,80.0,132.0,137.10655212402344,136.78265380859375,0.3238983154296875
s_butterfly_560,resnet50_tl_20250829,8,4,76,132,80.0,136.0,137.10655212402344,136.95774841308594,0.1488037109375
s_butterfly_560,resnet50_tl_20250829,8,4,76,136,80.0,140.0,137.10655212402344,137.1539764404297,-0.04742431640625
s_butterfly_560,resnet50_tl_20250829,8,4,76,140,80.0,144.0,137.10655212402344,137.17523193359375,-0.0686798095703125
s_butterfly_560,resnet50_tl_20250829,8,4,76,144,80.0,148.0,137.10655212402344,137.0958709716797,0.01068115234375
s_butterfly_560,resnet50_tl_20250829,8,4,76,148,80.0,152.0,137.10655212402344,137.2915496826172,-0.18499755859375
s_butterfly_560,resnet50_tl_20250829,8,4,76,152,80.0,156.0,137.10655212402344,136.8673095703125,0.2392425537109375
s_butterfly_560,resnet50_tl_20250829,8,4,76,156,80.0,160.0,137.10655212402344,136.7759246826172,0.33062744140625
s_butterfly_560,resnet50_tl_20250829,8,4,76,160,80.0,164.0,137.10655212402344,136.93411254882812,0.1724395751953125
s_butterfly_560,resnet50_tl_20250829,8,4,76,164,80.0,168.0,137.10655212402344,137.01339721679688,0.0931549072265625
s_butterfly_560,resnet50_tl_20250829,8,4,76,168,80.0,172.0,137.10655212402344,136.9789276123047,0.12762451171875
s_butterfly_560,resnet50_tl_20250829,8,4,76,172,80.0,176.0,137.10655212402344,136.93341064453125,0.1731414794921875
s_butterfly_560,resnet50_tl_20250829,8,4,76,176,80.0,180.0,137.10655212402344,136.86013793945312,0.2464141845703125
s_butterfly_560,resnet50_tl_20250829,8,4,76,180,80.0,184.0,137.10655212402344,136.8995361328125,0.2070159912109375
s_butterfly_560,resnet50_tl_20250829,8,4,76,184,80.0,188.0,137.10655212402344,136.9190673828125,0.1874847412109375
s_butterfly_560,resnet50_tl_20250829,8,4,76,188,80.0,192.0,137.10655212402344,136.9588165283203,0.147735595703125
s_butterfly_560,resnet50_tl_20250829,8,4,76,192,80.0,196.0,137.10655212402344,136.9658966064453,0.140655517578125
s_butterfly_560,resnet50_tl_20250829,8,4,76,196,80.0,200.0,137.10655212402344,136.97262573242188,0.1339263916015625
s_butterfly_560,resnet50_tl_20250829,8,4,76,200,80.0,204.0,137.10655212402344,137.0093536376953,0.097198486328125
s_butterfly_560,resnet50_tl_20250829,8,4,76,204,80.0,208.0,137.10655212402344,136.99697875976562,0.1095733642578125
s_butterfly_560,resnet50_tl_20250829,8,4,76,208,80.0,212.0,137.10655212402344,137.0189666748047,0.08758544921875
s_butterfly_560,resnet50_tl_20250829,8,4,76,212,80.0,216.0,137.10655212402344,137.0062255859375,0.1003265380859375
s_butterfly_560,resnet50_tl_20250829,8,4,76,216,80.0,220.0,137.10655212402344,136.9946746826172,0.11187744140625
s_butterfly_560,resnet50_tl_20250829,8,4,80,0,84.0,4.0,137.10655212402344,136.75946044921875,0.3470916748046875
s_butterfly_560,resnet50_tl_20250829,8,4,80,4,84.0,8.0,137.10655212402344,136.89430236816406,0.212249755859375
s_butterfly_560,resnet50_tl_20250829,8,4,80,8,84.0,12.0,137.10655212402344,136.98817443847656,0.118377685546875
s_butterfly_560,resnet50_tl_20250829,8,4,80,12,84.0,16.0,137.10655212402344,136.74520874023438,0.3613433837890625
s_butterfly_560,resnet50_tl_20250829,8,4,80,16,84.0,20.0,137.10655212402344,136.72889709472656,0.377655029296875
s_butterfly_560,resnet50_tl_20250829,8,4,80,20,84.0,24.0,137.10655212402344,136.7322998046875,0.3742523193359375
s_butterfly_560,resnet50_tl_20250829,8,4,80,24,84.0,28.0,137.10655212402344,136.85321044921875,0.2533416748046875
s_butterfly_560,resnet50_tl_20250829,8,4,80,28,84.0,32.0,137.10655212402344,136.38241577148438,0.7241363525390625
s_butterfly_560,resnet50_tl_20250829,8,4,80,32,84.0,36.0,137.10655212402344,136.53250122070312,0.5740509033203125
s_butterfly_560,resnet50_tl_20250829,8,4,80,36,84.0,40.0,137.10655212402344,136.68605041503906,0.420501708984375
s_butterfly_560,resnet50_tl_20250829,8,4,80,40,84.0,44.0,137.10655212402344,136.92361450195312,0.1829376220703125
s_butterfly_560,resnet50_tl_20250829,8,4,80,44,84.0,48.0,137.10655212402344,136.55328369140625,0.5532684326171875
s_butterfly_560,resnet50_tl_20250829,8,4,80,48,84.0,52.0,137.10655212402344,136.70986938476562,0.3966827392578125
s_butterfly_560,resnet50_tl_20250829,8,4,80,52,84.0,56.0,137.10655212402344,136.98814392089844,0.118408203125
s_butterfly_560,resnet50_tl_20250829,8,4,80,56,84.0,60.0,137.10655212402344,136.97691345214844,0.129638671875
s_butterfly_560,resnet50_tl_20250829,8,4,80,60,84.0,64.0,137.10655212402344,136.7723846435547,0.33416748046875
s_butterfly_560,resnet50_tl_20250829,8,4,80,64,84.0,68.0,137.10655212402344,136.78794860839844,0.318603515625
s_butterfly_560,resnet50_tl_20250829,8,4,80,68,84.0,72.0,137.10655212402344,136.85304260253906,0.253509521484375
s_butterfly_560,resnet50_tl_20250829,8,4,80,72,84.0,76.0,137.10655212402344,136.8719482421875,0.2346038818359375
s_butterfly_560,resnet50_tl_20250829,8,4,80,76,84.0,80.0,137.10655212402344,136.79296875,0.3135833740234375
s_butterfly_560,resnet50_tl_20250829,8,4,80,80,84.0,84.0,137.10655212402344,136.97914123535156,0.127410888671875
s_butterfly_560,resnet50_tl_20250829,8,4,80,84,84.0,88.0,137.10655212402344,136.95553588867188,0.1510162353515625
s_butterfly_560,resnet50_tl_20250829,8,4,80,88,84.0,92.0,137.10655212402344,136.9541473388672,0.15240478515625
s_butterfly_560,resnet50_tl_20250829,8,4,80,92,84.0,96.0,137.10655212402344,136.88392639160156,0.222625732421875
s_butterfly_560,resnet50_tl_20250829,8,4,80,96,84.0,100.0,137.10655212402344,136.9250030517578,0.181549072265625
s_butterfly_560,resnet50_tl_20250829,8,4,80,100,84.0,104.0,137.10655212402344,136.96780395507812,0.1387481689453125
s_butterfly_560,resnet50_tl_20250829,8,4,80,104,84.0,108.0,137.10655212402344,136.9123992919922,0.19415283203125
s_butterfly_560,resnet50_tl_20250829,8,4,80,108,84.0,112.0,137.10655212402344,136.43551635742188,0.6710357666015625
s_butterfly_560,resnet50_tl_20250829,8,4,80,112,84.0,116.0,137.10655212402344,136.306640625,0.7999114990234375
s_butterfly_560,resnet50_tl_20250829,8,4,80,116,84.0,120.0,137.10655212402344,136.41539001464844,0.691162109375
s_butterfly_560,resnet50_tl_20250829,8,4,80,120,84.0,124.0,137.10655212402344,136.46688842773438,0.6396636962890625
s_butterfly_560,resnet50_tl_20250829,8,4,80,124,84.0,128.0,137.10655212402344,136.7290496826172,0.37750244140625
s_butterfly_560,resnet50_tl_20250829,8,4,80,128,84.0,132.0,137.10655212402344,136.62704467773438,0.4795074462890625
s_butterfly_560,resnet50_tl_20250829,8,4,80,132,84.0,136.0,137.10655212402344,136.77626037597656,0.330291748046875
s_butterfly_560,resnet50_tl_20250829,8,4,80,136,84.0,140.0,137.10655212402344,137.09512329101562,0.0114288330078125
s_butterfly_560,resnet50_tl_20250829,8,4,80,140,84.0,144.0,137.10655212402344,136.98703002929688,0.1195220947265625
s_butterfly_560,resnet50_tl_20250829,8,4,80,144,84.0,148.0,137.10655212402344,137.06124877929688,0.0453033447265625
s_butterfly_560,resnet50_tl_20250829,8,4,80,148,84.0,152.0,137.10655212402344,136.82501220703125,0.2815399169921875
s_butterfly_560,resnet50_tl_20250829,8,4,80,152,84.0,156.0,137.10655212402344,136.6382598876953,0.468292236328125
s_butterfly_560,resnet50_tl_20250829,8,4,80,156,84.0,160.0,137.10655212402344,136.76031494140625,0.3462371826171875
s_butterfly_560,resnet50_tl_20250829,8,4,80,160,84.0,164.0,137.10655212402344,136.94737243652344,0.1591796875
s_butterfly_560,resnet50_tl_20250829,8,4,80,164,84.0,168.0,137.10655212402344,136.98265075683594,0.1239013671875
s_butterfly_560,resnet50_tl_20250829,8,4,80,168,84.0,172.0,137.10655212402344,136.94122314453125,0.1653289794921875
s_butterfly_560,resnet50_tl_20250829,8,4,80,172,84.0,176.0,137.10655212402344,136.9016876220703,0.204864501953125
s_butterfly_560,resnet50_tl_20250829,8,4,80,176,84.0,180.0,137.10655212402344,136.95909118652344,0.1474609375
s_butterfly_560,resnet50_tl_20250829,8,4,80,180,84.0,184.0,137.10655212402344,137.03350830078125,0.0730438232421875
s_butterfly_560,resnet50_tl_20250829,8,4,80,184,84.0,188.0,137.10655212402344,137.04843139648438,0.0581207275390625
s_butterfly_560,resnet50_tl_20250829,8,4,80,188,84.0,192.0,137.10655212402344,137.03334045410156,0.073211669921875
s_butterfly_560,resnet50_tl_20250829,8,4,80,192,84.0,196.0,137.10655212402344,137.02923583984375,0.0773162841796875
s_butterfly_560,resnet50_tl_20250829,8,4,80,196,84.0,200.0,137.10655212402344,136.99974060058594,0.1068115234375
s_butterfly_560,resnet50_tl_20250829,8,4,80,200,84.0,204.0,137.10655212402344,137.015380859375,0.0911712646484375
s_butterfly_560,resnet50_tl_20250829,8,4,80,204,84.0,208.0,137.10655212402344,137.00347900390625,0.1030731201171875
s_butterfly_560,resnet50_tl_20250829,8,4,80,208,84.0,212.0,137.10655212402344,136.98587036132812,0.1206817626953125
s_butterfly_560,resnet50_tl_20250829,8,4,80,212,84.0,216.0,137.10655212402344,136.9534149169922,0.15313720703125
s_butterfly_560,resnet50_tl_20250829,8,4,80,216,84.0,220.0,137.10655212402344,136.9913330078125,0.1152191162109375
s_butterfly_560,resnet50_tl_20250829,8,4,84,0,88.0,4.0,137.10655212402344,137.02627563476562,0.0802764892578125
s_butterfly_560,resnet50_tl_20250829,8,4,84,4,88.0,8.0,137.10655212402344,137.03707885742188,0.0694732666015625
s_butterfly_560,resnet50_tl_20250829,8,4,84,8,88.0,12.0,137.10655212402344,137.05105590820312,0.0554962158203125
s_butterfly_560,resnet50_tl_20250829,8,4,84,12,88.0,16.0,137.10655212402344,137.0637664794922,0.04278564453125
s_butterfly_560,resnet50_tl_20250829,8,4,84,16,88.0,20.0,137.10655212402344,136.9728240966797,0.13372802734375
s_butterfly_560,resnet50_tl_20250829,8,4,84,20,88.0,24.0,137.10655212402344,136.93775939941406,0.168792724609375
s_butterfly_560,resnet50_tl_20250829,8,4,84,24,88.0,28.0,137.10655212402344,136.95518493652344,0.1513671875
s_butterfly_560,resnet50_tl_20250829,8,4,84,28,88.0,32.0,137.10655212402344,136.8621063232422,0.24444580078125
s_butterfly_560,resnet50_tl_20250829,8,4,84,32,88.0,36.0,137.10655212402344,136.97801208496094,0.1285400390625
s_butterfly_560,resnet50_tl_20250829,8,4,84,36,88.0,40.0,137.10655212402344,136.9263458251953,0.180206298828125
s_butterfly_560,resnet50_tl_20250829,8,4,84,40,88.0,44.0,137.10655212402344,136.89991760253906,0.206634521484375
s_butterfly_560,resnet50_tl_20250829,8,4,84,44,88.0,48.0,137.10655212402344,136.89500427246094,0.2115478515625
s_butterfly_560,resnet50_tl_20250829,8,4,84,48,88.0,52.0,137.10655212402344,137.04830932617188,0.0582427978515625
s_butterfly_560,resnet50_tl_20250829,8,4,84,52,88.0,56.0,137.10655212402344,137.0098419189453,0.096710205078125
s_butterfly_560,resnet50_tl_20250829,8,4,84,56,88.0,60.0,137.10655212402344,136.9677734375,0.1387786865234375
s_butterfly_560,resnet50_tl_20250829,8,4,84,60,88.0,64.0,137.10655212402344,136.90444946289062,0.2021026611328125
s_butterfly_560,resnet50_tl_20250829,8,4,84,64,88.0,68.0,137.10655212402344,136.8224334716797,0.28411865234375
s_butterfly_560,resnet50_tl_20250829,8,4,84,68,88.0,72.0,137.10655212402344,136.91021728515625,0.1963348388671875
s_butterfly_560,resnet50_tl_20250829,8,4,84,72,88.0,76.0,137.10655212402344,136.88568115234375,0.2208709716796875
s_butterfly_560,resnet50_tl_20250829,8,4,84,76,88.0,80.0,137.10655212402344,136.89627075195312,0.2102813720703125
s_butterfly_560,resnet50_tl_20250829,8,4,84,80,88.0,84.0,137.10655212402344,136.95205688476562,0.1544952392578125
s_butterfly_560,resnet50_tl_20250829,8,4,84,84,88.0,88.0,137.10655212402344,136.8711395263672,0.23541259765625
s_butterfly_560,resnet50_tl_20250829,8,4,84,88,88.0,92.0,137.10655212402344,136.87567138671875,0.2308807373046875
s_butterfly_560,resnet50_tl_20250829,8,4,84,92,88.0,96.0,137.10655212402344,136.91294860839844,0.193603515625
s_butterfly_560,resnet50_tl_20250829,8,4,84,96,88.0,100.0,137.10655212402344,136.9327392578125,0.1738128662109375
s_butterfly_560,resnet50_tl_20250829,8,4,84,100,88.0,104.0,137.10655212402344,136.84881591796875,0.2577362060546875
s_butterfly_560,resnet50_tl_20250829,8,4,84,104,88.0,108.0,137.10655212402344,136.7871856689453,0.319366455078125
s_butterfly_560,resnet50_tl_20250829,8,4,84,108,88.0,112.0,137.10655212402344,136.5605926513672,0.54595947265625
s_butterfly_560,resnet50_tl_20250829,8,4,84,112,88.0,116.0,137.10655212402344,136.35086059570312,0.7556915283203125
s_butterfly_560,resnet50_tl_20250829,8,4,84,116,88.0,120.0,137.10655212402344,136.35560607910156,0.750946044921875
s_butterfly_560,resnet50_tl_20250829,8,4,84,120,88.0,124.0,137.10655212402344,136.73680114746094,0.3697509765625
s_butterfly_560,resnet50_tl_20250829,8,4,84,124,88.0,128.0,137.10655212402344,136.99485778808594,0.1116943359375
s_butterfly_560,resnet50_tl_20250829,8,4,84,128,88.0,132.0,137.10655212402344,136.7915802001953,0.314971923828125
s_butterfly_560,resnet50_tl_20250829,8,4,84,132,88.0,136.0,137.10655212402344,136.83094787597656,0.275604248046875
s_butterfly_560,resnet50_tl_20250829,8,4,84,136,88.0,140.0,137.10655212402344,136.92922973632812,0.1773223876953125
s_butterfly_560,resnet50_tl_20250829,8,4,84,140,88.0,144.0,137.10655212402344,137.04676818847656,0.059783935546875
s_butterfly_560,resnet50_tl_20250829,8,4,84,144,88.0,148.0,137.10655212402344,136.95391845703125,0.1526336669921875
s_butterfly_560,resnet50_tl_20250829,8,4,84,148,88.0,152.0,137.10655212402344,136.74014282226562,0.3664093017578125
s_butterfly_560,resnet50_tl_20250829,8,4,84,152,88.0,156.0,137.10655212402344,136.6511688232422,0.45538330078125
s_butterfly_560,resnet50_tl_20250829,8,4,84,156,88.0,160.0,137.10655212402344,136.8768768310547,0.22967529296875
s_butterfly_560,resnet50_tl_20250829,8,4,84,160,88.0,164.0,137.10655212402344,136.9347686767578,0.171783447265625
s_butterfly_560,resnet50_tl_20250829,8,4,84,164,88.0,168.0,137.10655212402344,136.90895080566406,0.197601318359375
s_butterfly_560,resnet50_tl_20250829,8,4,84,168,88.0,172.0,137.10655212402344,136.9304656982422,0.17608642578125
s_butterfly_560,resnet50_tl_20250829,8,4,84,172,88.0,176.0,137.10655212402344,136.9731903076172,0.13336181640625
s_butterfly_560,resnet50_tl_20250829,8,4,84,176,88.0,180.0,137.10655212402344,137.00344848632812,0.1031036376953125
s_butterfly_560,resnet50_tl_20250829,8,4,84,180,88.0,184.0,137.10655212402344,137.0196075439453,0.086944580078125
s_butterfly_560,resnet50_tl_20250829,8,4,84,184,88.0,188.0,137.10655212402344,137.0493621826172,0.05718994140625
s_butterfly_560,resnet50_tl_20250829,8,4,84,188,88.0,192.0,137.10655212402344,137.0512237548828,0.055328369140625
s_butterfly_560,resnet50_tl_20250829,8,4,84,192,88.0,196.0,137.10655212402344,136.97454833984375,0.1320037841796875
s_butterfly_560,resnet50_tl_20250829,8,4,84,196,88.0,200.0,137.10655212402344,136.93362426757812,0.1729278564453125
s_butterfly_560,resnet50_tl_20250829,8,4,84,200,88.0,204.0,137.10655212402344,136.99424743652344,0.1123046875
s_butterfly_560,resnet50_tl_20250829,8,4,84,204,88.0,208.0,137.10655212402344,137.1225128173828,-0.015960693359375
s_butterfly_560,resnet50_tl_20250829,8,4,84,208,88.0,212.0,137.10655212402344,137.06805419921875,0.0384979248046875
s_butterfly_560,resnet50_tl_20250829,8,4,84,212,88.0,216.0,137.10655212402344,136.97842407226562,0.1281280517578125
s_butterfly_560,resnet50_tl_20250829,8,4,84,216,88.0,220.0,137.10655212402344,137.00445556640625,0.1020965576171875
s_butterfly_560,resnet50_tl_20250829,8,4,88,0,92.0,4.0,137.10655212402344,136.90924072265625,0.1973114013671875
s_butterfly_560,resnet50_tl_20250829,8,4,88,4,92.0,8.0,137.10655212402344,136.90545654296875,0.2010955810546875
s_butterfly_560,resnet50_tl_20250829,8,4,88,8,92.0,12.0,137.10655212402344,136.9313507080078,0.175201416015625
s_butterfly_560,resnet50_tl_20250829,8,4,88,12,92.0,16.0,137.10655212402344,136.8268585205078,0.279693603515625
s_butterfly_560,resnet50_tl_20250829,8,4,88,16,92.0,20.0,137.10655212402344,136.81503295898438,0.2915191650390625
s_butterfly_560,resnet50_tl_20250829,8,4,88,20,92.0,24.0,137.10655212402344,136.73545837402344,0.37109375
s_butterfly_560,resnet50_tl_20250829,8,4,88,24,92.0,28.0,137.10655212402344,136.8683319091797,0.23822021484375
s_butterfly_560,resnet50_tl_20250829,8,4,88,28,92.0,32.0,137.10655212402344,136.64161682128906,0.464935302734375
s_butterfly_560,resnet50_tl_20250829,8,4,88,32,92.0,36.0,137.10655212402344,136.76023864746094,0.3463134765625
s_butterfly_560,resnet50_tl_20250829,8,4,88,36,92.0,40.0,137.10655212402344,136.7186737060547,0.38787841796875
s_butterfly_560,resnet50_tl_20250829,8,4,88,40,92.0,44.0,137.10655212402344,136.94114685058594,0.1654052734375
s_butterfly_560,resnet50_tl_20250829,8,4,88,44,92.0,48.0,137.10655212402344,136.92259216308594,0.1839599609375
s_butterfly_560,resnet50_tl_20250829,8,4,88,48,92.0,52.0,137.10655212402344,136.95242309570312,0.1541290283203125
s_butterfly_560,resnet50_tl_20250829,8,4,88,52,92.0,56.0,137.10655212402344,136.90548706054688,0.2010650634765625
s_butterfly_560,resnet50_tl_20250829,8,4,88,56,92.0,60.0,137.10655212402344,136.89772033691406,0.208831787109375
s_butterfly_560,resnet50_tl_20250829,8,4,88,60,92.0,64.0,137.10655212402344,136.91455078125,0.1920013427734375
s_butterfly_560,resnet50_tl_20250829,8,4,88,64,92.0,68.0,137.10655212402344,136.7932586669922,0.31329345703125
s_butterfly_560,resnet50_tl_20250829,8,4,88,68,92.0,72.0,137.10655212402344,136.8828582763672,0.22369384765625
s_butterfly_560,resnet50_tl_20250829,8,4,88,72,92.0,76.0,137.10655212402344,136.8785858154297,0.22796630859375
s_butterfly_560,resnet50_tl_20250829,8,4,88,76,92.0,80.0,137.10655212402344,136.91241455078125,0.1941375732421875
s_butterfly_560,resnet50_tl_20250829,8,4,88,80,92.0,84.0,137.10655212402344,136.990478515625,0.1160736083984375
s_butterfly_560,resnet50_tl_20250829,8,4,88,84,92.0,88.0,137.10655212402344,136.85586547851562,0.2506866455078125
s_butterfly_560,resnet50_tl_20250829,8,4,88,88,92.0,92.0,137.10655212402344,136.90560913085938,0.2009429931640625
s_butterfly_560,resnet50_tl_20250829,8,4,88,92,92.0,96.0,137.10655212402344,136.90994262695312,0.1966094970703125
s_butterfly_560,resnet50_tl_20250829,8,4,88,96,92.0,100.0,137.10655212402344,137.02362060546875,0.0829315185546875
s_butterfly_560,resnet50_tl_20250829,8,4,88,100,92.0,104.0,137.10655212402344,136.84190368652344,0.2646484375
s_butterfly_560,resnet50_tl_20250829,8,4,88,104,92.0,108.0,137.10655212402344,136.67193603515625,0.4346160888671875
s_butterfly_560,resnet50_tl_20250829,8,4,88,108,92.0,112.0,137.10655212402344,136.62289428710938,0.4836578369140625
s_butterfly_560,resnet50_tl_20250829,8,4,88,112,92.0,116.0,137.10655212402344,136.45323181152344,0.6533203125
s_butterfly_560,resnet50_tl_20250829,8,4,88,116,92.0,120.0,137.10655212402344,136.38755798339844,0.718994140625
s_butterfly_560,resnet50_tl_20250829,8,4,88,120,92.0,124.0,137.10655212402344,136.39715576171875,0.7093963623046875
s_butterfly_560,resnet50_tl_20250829,8,4,88,124,92.0,128.0,137.10655212402344,136.93218994140625,0.1743621826171875
s_butterfly_560,resnet50_tl_20250829,8,4,88,128,92.0,132.0,137.10655212402344,136.55699157714844,0.549560546875
s_butterfly_560,resnet50_tl_20250829,8,4,88,132,92.0,136.0,137.10655212402344,136.65005493164062,0.4564971923828125
s_butterfly_560,resnet50_tl_20250829,8,4,88,136,92.0,140.0,137.10655212402344,136.7107391357422,0.39581298828125
s_butterfly_560,resnet50_tl_20250829,8,4,88,140,92.0,144.0,137.10655212402344,136.8078155517578,0.298736572265625
s_butterfly_560,resnet50_tl_20250829,8,4,88,144,92.0,148.0,137.10655212402344,136.74166870117188,0.3648834228515625
s_butterfly_560,resnet50_tl_20250829,8,4,88,148,92.0,152.0,137.10655212402344,136.825927734375,0.2806243896484375
s_butterfly_560,resnet50_tl_20250829,8,4,88,152,92.0,156.0,137.10655212402344,136.6632080078125,0.4433441162109375
s_butterfly_560,resnet50_tl_20250829,8,4,88,156,92.0,160.0,137.10655212402344,136.76268005371094,0.3438720703125
s_butterfly_560,resnet50_tl_20250829,8,4,88,160,92.0,164.0,137.10655212402344,136.7542266845703,0.352325439453125
s_butterfly_560,resnet50_tl_20250829,8,4,88,164,92.0,168.0,137.10655212402344,136.80259704589844,0.303955078125
s_butterfly_560,resnet50_tl_20250829,8,4,88,168,92.0,172.0,137.10655212402344,136.88465881347656,0.221893310546875
s_butterfly_560,resnet50_tl_20250829,8,4,88,172,92.0,176.0,137.10655212402344,136.9927978515625,0.1137542724609375
s_butterfly_560,resnet50_tl_20250829,8,4,88,176,92.0,180.0,137.10655212402344,137.01995849609375,0.0865936279296875
s_butterfly_560,resnet50_tl_20250829,8,4,88,180,92.0,184.0,137.10655212402344,136.99366760253906,0.112884521484375
s_butterfly_560,resnet50_tl_20250829,8,4,88,184,92.0,188.0,137.10655212402344,137.00228881835938,0.1042633056640625
s_butterfly_560,resnet50_tl_20250829,8,4,88,188,92.0,192.0,137.10655212402344,136.99786376953125,0.1086883544921875
s_butterfly_560,resnet50_tl_20250829,8,4,88,192,92.0,196.0,137.10655212402344,136.975341796875,0.1312103271484375
s_butterfly_560,resnet50_tl_20250829,8,4,88,196,92.0,200.0,137.10655212402344,136.90701293945312,0.1995391845703125
s_butterfly_560,resnet50_tl_20250829,8,4,88,200,92.0,204.0,137.10655212402344,136.99517822265625,0.1113739013671875
s_butterfly_560,resnet50_tl_20250829,8,4,88,204,92.0,208.0,137.10655212402344,137.1463165283203,-0.039764404296875
s_butterfly_560,resnet50_tl_20250829,8,4,88,208,92.0,212.0,137.10655212402344,137.0850067138672,0.02154541015625
s_butterfly_560,resnet50_tl_20250829,8,4,88,212,92.0,216.0,137.10655212402344,136.99449157714844,0.112060546875
s_butterfly_560,resnet50_tl_20250829,8,4,88,216,92.0,220.0,137.10655212402344,137.0481719970703,0.058380126953125
s_butterfly_560,resnet50_tl_20250829,8,4,92,0,96.0,4.0,137.10655212402344,136.70306396484375,0.4034881591796875
s_butterfly_560,resnet50_tl_20250829,8,4,92,4,96.0,8.0,137.10655212402344,136.8943634033203,0.212188720703125
s_butterfly_560,resnet50_tl_20250829,8,4,92,8,96.0,12.0,137.10655212402344,136.96217346191406,0.144378662109375
s_butterfly_560,resnet50_tl_20250829,8,4,92,12,96.0,16.0,137.10655212402344,136.81793212890625,0.2886199951171875
s_butterfly_560,resnet50_tl_20250829,8,4,92,16,96.0,20.0,137.10655212402344,136.7444305419922,0.36212158203125
s_butterfly_560,resnet50_tl_20250829,8,4,92,20,96.0,24.0,137.10655212402344,136.85267639160156,0.253875732421875
s_butterfly_560,resnet50_tl_20250829,8,4,92,24,96.0,28.0,137.10655212402344,136.92710876464844,0.179443359375
s_butterfly_560,resnet50_tl_20250829,8,4,92,28,96.0,32.0,137.10655212402344,136.48472595214844,0.621826171875
s_butterfly_560,resnet50_tl_20250829,8,4,92,32,96.0,36.0,137.10655212402344,136.52316284179688,0.5833892822265625
s_butterfly_560,resnet50_tl_20250829,8,4,92,36,96.0,40.0,137.10655212402344,136.76248168945312,0.3440704345703125
s_butterfly_560,resnet50_tl_20250829,8,4,92,40,96.0,44.0,137.10655212402344,136.9822540283203,0.124298095703125
s_butterfly_560,resnet50_tl_20250829,8,4,92,44,96.0,48.0,137.10655212402344,136.92982482910156,0.176727294921875
s_butterfly_560,resnet50_tl_20250829,8,4,92,48,96.0,52.0,137.10655212402344,136.78041076660156,0.326141357421875
s_butterfly_560,resnet50_tl_20250829,8,4,92,52,96.0,56.0,137.10655212402344,136.97805786132812,0.1284942626953125
s_butterfly_560,resnet50_tl_20250829,8,4,92,56,96.0,60.0,137.10655212402344,136.91554260253906,0.191009521484375
s_butterfly_560,resnet50_tl_20250829,8,4,92,60,96.0,64.0,137.10655212402344,136.78811645507812,0.3184356689453125
s_butterfly_560,resnet50_tl_20250829,8,4,92,64,96.0,68.0,137.10655212402344,136.82931518554688,0.2772369384765625
s_butterfly_560,resnet50_tl_20250829,8,4,92,68,96.0,72.0,137.10655212402344,136.9728546142578,0.133697509765625
s_butterfly_560,resnet50_tl_20250829,8,4,92,72,96.0,76.0,137.10655212402344,136.8913116455078,0.215240478515625
s_butterfly_560,resnet50_tl_20250829,8,4,92,76,96.0,80.0,137.10655212402344,136.7576446533203,0.348907470703125
s_butterfly_560,resnet50_tl_20250829,8,4,92,80,96.0,84.0,137.10655212402344,136.81117248535156,0.295379638671875
s_butterfly_560,resnet50_tl_20250829,8,4,92,84,96.0,88.0,137.10655212402344,136.96534729003906,0.141204833984375
s_butterfly_560,resnet50_tl_20250829,8,4,92,88,96.0,92.0,137.10655212402344,136.87564086914062,0.2309112548828125
s_butterfly_560,resnet50_tl_20250829,8,4,92,92,96.0,96.0,137.10655212402344,136.71142578125,0.3951263427734375
s_butterfly_560,resnet50_tl_20250829,8,4,92,96,96.0,100.0,137.10655212402344,136.76466369628906,0.341888427734375
s_butterfly_560,resnet50_tl_20250829,8,4,92,100,96.0,104.0,137.10655212402344,136.9169464111328,0.189605712890625
s_butterfly_560,resnet50_tl_20250829,8,4,92,104,96.0,108.0,137.10655212402344,136.6219024658203,0.484649658203125
s_butterfly_560,resnet50_tl_20250829,8,4,92,108,96.0,112.0,137.10655212402344,136.3198699951172,0.78668212890625
s_butterfly_560,resnet50_tl_20250829,8,4,92,112,96.0,116.0,137.10655212402344,136.22341918945312,0.8831329345703125
s_butterfly_560,resnet50_tl_20250829,8,4,92,116,96.0,120.0,137.10655212402344,136.37615966796875,0.7303924560546875
s_butterfly_560,resnet50_tl_20250829,8,4,92,120,96.0,124.0,137.10655212402344,136.3290252685547,0.77752685546875
s_butterfly_560,resnet50_tl_20250829,8,4,92,124,96.0,128.0,137.10655212402344,136.5235595703125,0.5829925537109375
s_butterfly_560,resnet50_tl_20250829,8,4,92,128,96.0,132.0,137.10655212402344,136.5513916015625,0.5551605224609375
s_butterfly_560,resnet50_tl_20250829,8,4,92,132,96.0,136.0,137.10655212402344,136.67996215820312,0.4265899658203125
s_butterfly_560,resnet50_tl_20250829,8,4,92,136,96.0,140.0,137.10655212402344,136.89991760253906,0.206634521484375
s_butterfly_560,resnet50_tl_20250829,8,4,92,140,96.0,144.0,137.10655212402344,136.7285614013672,0.37799072265625
s_butterfly_560,resnet50_tl_20250829,8,4,92,144,96.0,148.0,137.10655212402344,136.84365844726562,0.2628936767578125
s_butterfly_560,resnet50_tl_20250829,8,4,92,148,96.0,152.0,137.10655212402344,136.89964294433594,0.2069091796875
s_butterfly_560,resnet50_tl_20250829,8,4,92,152,96.0,156.0,137.10655212402344,136.73690795898438,0.3696441650390625
s_butterfly_560,resnet50_tl_20250829,8,4,92,156,96.0,160.0,137.10655212402344,136.58560180664062,0.5209503173828125
s_butterfly_560,resnet50_tl_20250829,8,4,92,160,96.0,164.0,137.10655212402344,136.62318420410156,0.483367919921875
s_butterfly_560,resnet50_tl_20250829,8,4,92,164,96.0,168.0,137.10655212402344,136.83143615722656,0.275115966796875
s_butterfly_560,resnet50_tl_20250829,8,4,92,168,96.0,172.0,137.10655212402344,136.89724731445312,0.2093048095703125
s_butterfly_560,resnet50_tl_20250829,8,4,92,172,96.0,176.0,137.10655212402344,136.9124755859375,0.1940765380859375
s_butterfly_560,resnet50_tl_20250829,8,4,92,176,96.0,180.0,137.10655212402344,136.89138793945312,0.2151641845703125
s_butterfly_560,resnet50_tl_20250829,8,4,92,180,96.0,184.0,137.10655212402344,137.01280212402344,0.09375
s_butterfly_560,resnet50_tl_20250829,8,4,92,184,96.0,188.0,137.10655212402344,136.97657775878906,0.129974365234375
s_butterfly_560,resnet50_tl_20250829,8,4,92,188,96.0,192.0,137.10655212402344,136.8942413330078,0.212310791015625
s_butterfly_560,resnet50_tl_20250829,8,4,92,192,96.0,196.0,137.10655212402344,136.84860229492188,0.2579498291015625
s_butterfly_560,resnet50_tl_20250829,8,4,92,196,96.0,200.0,137.10655212402344,136.82220458984375,0.2843475341796875
s_butterfly_560,resnet50_tl_20250829,8,4,92,200,96.0,204.0,137.10655212402344,136.96966552734375,0.1368865966796875
s_butterfly_560,resnet50_tl_20250829,8,4,92,204,96.0,208.0,137.10655212402344,137.05262756347656,0.053924560546875
s_butterfly_560,resnet50_tl_20250829,8,4,92,208,96.0,212.0,137.10655212402344,136.9469451904297,0.15960693359375
s_butterfly_560,resnet50_tl_20250829,8,4,92,212,96.0,216.0,137.10655212402344,136.9665985107422,0.13995361328125
s_butterfly_560,resnet50_tl_20250829,8,4,92,216,96.0,220.0,137.10655212402344,137.02963256835938,0.0769195556640625
s_butterfly_560,resnet50_tl_20250829,8,4,96,0,100.0,4.0,137.10655212402344,136.71873474121094,0.3878173828125
s_butterfly_560,resnet50_tl_20250829,8,4,96,4,100.0,8.0,137.10655212402344,136.84422302246094,0.2623291015625
s_butterfly_560,resnet50_tl_20250829,8,4,96,8,100.0,12.0,137.10655212402344,136.9354248046875,0.1711273193359375
s_butterfly_560,resnet50_tl_20250829,8,4,96,12,100.0,16.0,137.10655212402344,136.703125,0.4034271240234375
s_butterfly_560,resnet50_tl_20250829,8,4,96,16,100.0,20.0,137.10655212402344,136.73519897460938,0.3713531494140625
s_butterfly_560,resnet50_tl_20250829,8,4,96,20,100.0,24.0,137.10655212402344,136.73141479492188,0.3751373291015625
s_butterfly_560,resnet50_tl_20250829,8,4,96,24,100.0,28.0,137.10655212402344,136.89215087890625,0.2144012451171875
s_butterfly_560,resnet50_tl_20250829,8,4,96,28,100.0,32.0,137.10655212402344,136.49249267578125,0.6140594482421875
s_butterfly_560,resnet50_tl_20250829,8,4,96,32,100.0,36.0,137.10655212402344,136.5590362548828,0.547515869140625
s_butterfly_560,resnet50_tl_20250829,8,4,96,36,100.0,40.0,137.10655212402344,136.7058563232422,0.40069580078125
s_butterfly_560,resnet50_tl_20250829,8,4,96,40,100.0,44.0,137.10655212402344,136.94924926757812,0.1573028564453125
s_butterfly_560,resnet50_tl_20250829,8,4,96,44,100.0,48.0,137.10655212402344,136.79025268554688,0.3162994384765625
s_butterfly_560,resnet50_tl_20250829,8,4,96,48,100.0,52.0,137.10655212402344,136.87806701660156,0.228485107421875
s_butterfly_560,resnet50_tl_20250829,8,4,96,52,100.0,56.0,137.10655212402344,136.9193572998047,0.18719482421875
s_butterfly_560,resnet50_tl_20250829,8,4,96,56,100.0,60.0,137.10655212402344,136.86170959472656,0.244842529296875
s_butterfly_560,resnet50_tl_20250829,8,4,96,60,100.0,64.0,137.10655212402344,136.91636657714844,0.190185546875
s_butterfly_560,resnet50_tl_20250829,8,4,96,64,100.0,68.0,137.10655212402344,136.95220947265625,0.1543426513671875
s_butterfly_560,resnet50_tl_20250829,8,4,96,68,100.0,72.0,137.10655212402344,137.0161895751953,0.090362548828125
s_butterfly_560,resnet50_tl_20250829,8,4,96,72,100.0,76.0,137.10655212402344,136.97007751464844,0.136474609375
s_butterfly_560,resnet50_tl_20250829,8,4,96,76,100.0,80.0,137.10655212402344,136.8005828857422,0.30596923828125
s_butterfly_560,resnet50_tl_20250829,8,4,96,80,100.0,84.0,137.10655212402344,136.88619995117188,0.2203521728515625
s_butterfly_560,resnet50_tl_20250829,8,4,96,84,100.0,88.0,137.10655212402344,136.9572296142578,0.149322509765625
s_butterfly_560,resnet50_tl_20250829,8,4,96,88,100.0,92.0,137.10655212402344,136.9811553955078,0.125396728515625
s_butterfly_560,resnet50_tl_20250829,8,4,96,92,100.0,96.0,137.10655212402344,136.7709503173828,0.335601806640625
s_butterfly_560,resnet50_tl_20250829,8,4,96,96,100.0,100.0,137.10655212402344,136.85340881347656,0.253143310546875
s_butterfly_560,resnet50_tl_20250829,8,4,96,100,100.0,104.0,137.10655212402344,136.9083709716797,0.19818115234375
s_butterfly_560,resnet50_tl_20250829,8,4,96,104,100.0,108.0,137.10655212402344,136.8349609375,0.2715911865234375
s_butterfly_560,resnet50_tl_20250829,8,4,96,108,100.0,112.0,137.10655212402344,136.44041442871094,0.6661376953125
s_butterfly_560,resnet50_tl_20250829,8,4,96,112,100.0,116.0,137.10655212402344,136.3535614013672,0.75299072265625
s_butterfly_560,resnet50_tl_20250829,8,4,96,116,100.0,120.0,137.10655212402344,136.62640380859375,0.4801483154296875
s_butterfly_560,resnet50_tl_20250829,8,4,96,120,100.0,124.0,137.10655212402344,136.4065704345703,0.699981689453125
s_butterfly_560,resnet50_tl_20250829,8,4,96,124,100.0,128.0,137.10655212402344,136.6351776123047,0.47137451171875
s_butterfly_560,resnet50_tl_20250829,8,4,96,128,100.0,132.0,137.10655212402344,136.5751953125,0.5313568115234375
s_butterfly_560,resnet50_tl_20250829,8,4,96,132,100.0,136.0,137.10655212402344,136.7083740234375,0.3981781005859375
s_butterfly_560,resnet50_tl_20250829,8,4,96,136,100.0,140.0,137.10655212402344,136.95797729492188,0.1485748291015625
s_butterfly_560,resnet50_tl_20250829,8,4,96,140,100.0,144.0,137.10655212402344,136.8874969482422,0.21905517578125
s_butterfly_560,resnet50_tl_20250829,8,4,96,144,100.0,148.0,137.10655212402344,136.94332885742188,0.1632232666015625
s_butterfly_560,resnet50_tl_20250829,8,4,96,148,100.0,152.0,137.10655212402344,136.9598846435547,0.14666748046875
s_butterfly_560,resnet50_tl_20250829,8,4,96,152,100.0,156.0,137.10655212402344,136.7498779296875,0.3566741943359375
s_butterfly_560,resnet50_tl_20250829,8,4,96,156,100.0,160.0,137.10655212402344,136.62197875976562,0.4845733642578125
s_butterfly_560,resnet50_tl_20250829,8,4,96,160,100.0,164.0,137.10655212402344,136.7880859375,0.3184661865234375
s_butterfly_560,resnet50_tl_20250829,8,4,96,164,100.0,168.0,137.10655212402344,136.91360473632812,0.1929473876953125
s_butterfly_560,resnet50_tl_20250829,8,4,96,168,100.0,172.0,137.10655212402344,136.97628784179688,0.1302642822265625
s_butterfly_560,resnet50_tl_20250829,8,4,96,172,100.0,176.0,137.10655212402344,136.9048309326172,0.20172119140625
s_butterfly_560,resnet50_tl_20250829,8,4,96,176,100.0,180.0,137.10655212402344,136.93185424804688,0.1746978759765625
s_butterfly_560,resnet50_tl_20250829,8,4,96,180,100.0,184.0,137.10655212402344,137.05355834960938,0.0529937744140625
s_butterfly_560,resnet50_tl_20250829,8,4,96,184,100.0,188.0,137.10655212402344,137.00050354003906,0.106048583984375
s_butterfly_560,resnet50_tl_20250829,8,4,96,188,100.0,192.0,137.10655212402344,136.8848419189453,0.221710205078125
s_butterfly_560,resnet50_tl_20250829,8,4,96,192,100.0,196.0,137.10655212402344,136.8382110595703,0.268341064453125
s_butterfly_560,resnet50_tl_20250829,8,4,96,196,100.0,200.0,137.10655212402344,136.87646484375,0.2300872802734375
s_butterfly_560,resnet50_tl_20250829,8,4,96,200,100.0,204.0,137.10655212402344,136.9366455078125,0.1699066162109375
s_butterfly_560,resnet50_tl_20250829,8,4,96,204,100.0,208.0,137.10655212402344,136.9323272705078,0.174224853515625
s_butterfly_560,resnet50_tl_20250829,8,4,96,208,100.0,212.0,137.10655212402344,136.9132537841797,0.19329833984375
s_butterfly_560,resnet50_tl_20250829,8,4,96,212,100.0,216.0,137.10655212402344,136.99447631835938,0.1120758056640625
s_butterfly_560,resnet50_tl_20250829,8,4,96,216,100.0,220.0,137.10655212402344,137.03419494628906,0.072357177734375
s_butterfly_560,resnet50_tl_20250829,8,4,100,0,104.0,4.0,137.10655212402344,136.9390869140625,0.1674652099609375
s_butterfly_560,resnet50_tl_20250829,8,4,100,4,104.0,8.0,137.10655212402344,136.97396850585938,0.1325836181640625
s_butterfly_560,resnet50_tl_20250829,8,4,100,8,104.0,12.0,137.10655212402344,137.0352783203125,0.0712738037109375
s_butterfly_560,resnet50_tl_20250829,8,4,100,12,104.0,16.0,137.10655212402344,136.97117614746094,0.1353759765625
s_butterfly_560,resnet50_tl_20250829,8,4,100,16,104.0,20.0,137.10655212402344,136.96356201171875,0.1429901123046875
s_butterfly_560,resnet50_tl_20250829,8,4,100,20,104.0,24.0,137.10655212402344,136.9483184814453,0.158233642578125
s_butterfly_560,resnet50_tl_20250829,8,4,100,24,104.0,28.0,137.10655212402344,136.9974365234375,0.1091156005859375
s_butterfly_560,resnet50_tl_20250829,8,4,100,28,104.0,32.0,137.10655212402344,136.877197265625,0.2293548583984375
s_butterfly_560,resnet50_tl_20250829,8,4,100,32,104.0,36.0,137.10655212402344,136.863525390625,0.2430267333984375
s_butterfly_560,resnet50_tl_20250829,8,4,100,36,104.0,40.0,137.10655212402344,136.86972045898438,0.2368316650390625
s_butterfly_560,resnet50_tl_20250829,8,4,100,40,104.0,44.0,137.10655212402344,137.01809692382812,0.0884552001953125
s_butterfly_560,resnet50_tl_20250829,8,4,100,44,104.0,48.0,137.10655212402344,137.06605529785156,0.040496826171875
s_butterfly_560,resnet50_tl_20250829,8,4,100,48,104.0,52.0,137.10655212402344,136.8980712890625,0.2084808349609375
s_butterfly_560,resnet50_tl_20250829,8,4,100,52,104.0,56.0,137.10655212402344,136.9439697265625,0.1625823974609375
s_butterfly_560,resnet50_tl_20250829,8,4,100,56,104.0,60.0,137.10655212402344,136.983642578125,0.1229095458984375
s_butterfly_560,resnet50_tl_20250829,8,4,100,60,104.0,64.0,137.10655212402344,136.97283935546875,0.1337127685546875
s_butterfly_560,resnet50_tl_20250829,8,4,100,64,104.0,68.0,137.10655212402344,136.9827117919922,0.12384033203125
s_butterfly_560,resnet50_tl_20250829,8,4,100,68,104.0,72.0,137.10655212402344,136.931884765625,0.1746673583984375
s_butterfly_560,resnet50_tl_20250829,8,4,100,72,104.0,76.0,137.10655212402344,136.8800811767578,0.226470947265625
s_butterfly_560,resnet50_tl_20250829,8,4,100,76,104.0,80.0,137.10655212402344,136.85116577148438,0.2553863525390625
s_butterfly_560,resnet50_tl_20250829,8,4,100,80,104.0,84.0,137.10655212402344,136.8600616455078,0.246490478515625
s_butterfly_560,resnet50_tl_20250829,8,4,100,84,104.0,88.0,137.10655212402344,136.8159942626953,0.290557861328125
s_butterfly_560,resnet50_tl_20250829,8,4,100,88,104.0,92.0,137.10655212402344,136.88882446289062,0.2177276611328125
s_butterfly_560,resnet50_tl_20250829,8,4,100,92,104.0,96.0,137.10655212402344,136.9313201904297,0.17523193359375
s_butterfly_560,resnet50_tl_20250829,8,4,100,96,104.0,100.0,137.10655212402344,136.8856658935547,0.22088623046875
s_butterfly_560,resnet50_tl_20250829,8,4,100,100,104.0,104.0,137.10655212402344,136.73681640625,0.3697357177734375
s_butterfly_560,resnet50_tl_20250829,8,4,100,104,104.0,108.0,137.10655212402344,136.75241088867188,0.3541412353515625
s_butterfly_560,resnet50_tl_20250829,8,4,100,108,104.0,112.0,137.10655212402344,136.69979858398438,0.4067535400390625
s_butterfly_560,resnet50_tl_20250829,8,4,100,112,104.0,116.0,137.10655212402344,136.54541015625,0.5611419677734375
s_butterfly_560,resnet50_tl_20250829,8,4,100,116,104.0,120.0,137.10655212402344,136.5301513671875,0.5764007568359375
s_butterfly_560,resnet50_tl_20250829,8,4,100,120,104.0,124.0,137.10655212402344,136.54586791992188,0.5606842041015625
s_butterfly_560,resnet50_tl_20250829,8,4,100,124,104.0,128.0,137.10655212402344,136.58169555664062,0.5248565673828125
s_butterfly_560,resnet50_tl_20250829,8,4,100,128,104.0,132.0,137.10655212402344,136.60414123535156,0.502410888671875
s_butterfly_560,resnet50_tl_20250829,8,4,100,132,104.0,136.0,137.10655212402344,136.4912109375,0.6153411865234375
s_butterfly_560,resnet50_tl_20250829,8,4,100,136,104.0,140.0,137.10655212402344,136.8131561279297,0.29339599609375
s_butterfly_560,resnet50_tl_20250829,8,4,100,140,104.0,144.0,137.10655212402344,136.90521240234375,0.2013397216796875
s_butterfly_560,resnet50_tl_20250829,8,4,100,144,104.0,148.0,137.10655212402344,136.87286376953125,0.2336883544921875
s_butterfly_560,resnet50_tl_20250829,8,4,100,148,104.0,152.0,137.10655212402344,136.80023193359375,0.3063201904296875
s_butterfly_560,resnet50_tl_20250829,8,4,100,152,104.0,156.0,137.10655212402344,136.7312774658203,0.375274658203125
s_butterfly_560,resnet50_tl_20250829,8,4,100,156,104.0,160.0,137.10655212402344,136.75770568847656,0.348846435546875
s_butterfly_560,resnet50_tl_20250829,8,4,100,160,104.0,164.0,137.10655212402344,136.76255798339844,0.343994140625
s_butterfly_560,resnet50_tl_20250829,8,4,100,164,104.0,168.0,137.10655212402344,136.82688903808594,0.2796630859375
s_butterfly_560,resnet50_tl_20250829,8,4,100,168,104.0,172.0,137.10655212402344,136.86817932128906,0.238372802734375
s_butterfly_560,resnet50_tl_20250829,8,4,100,172,104.0,176.0,137.10655212402344,136.96343994140625,0.1431121826171875
s_butterfly_560,resnet50_tl_20250829,8,4,100,176,104.0,180.0,137.10655212402344,136.91339111328125,0.1931610107421875
s_butterfly_560,resnet50_tl_20250829,8,4,100,180,104.0,184.0,137.10655212402344,136.92942810058594,0.1771240234375
s_butterfly_560,resnet50_tl_20250829,8,4,100,184,104.0,188.0,137.10655212402344,136.86245727539062,0.2440948486328125
s_butterfly_560,resnet50_tl_20250829,8,4,100,188,104.0,192.0,137.10655212402344,136.84609985351562,0.2604522705078125
s_butterfly_560,resnet50_tl_20250829,8,4,100,192,104.0,196.0,137.10655212402344,136.8409881591797,0.26556396484375
s_butterfly_560,resnet50_tl_20250829,8,4,100,196,104.0,200.0,137.10655212402344,136.89138793945312,0.2151641845703125
s_butterfly_560,resnet50_tl_20250829,8,4,100,200,104.0,204.0,137.10655212402344,136.9424591064453,0.164093017578125
s_butterfly_560,resnet50_tl_20250829,8,4,100,204,104.0,208.0,137.10655212402344,137.05435180664062,0.0522003173828125
s_butterfly_560,resnet50_tl_20250829,8,4,100,208,104.0,212.0,137.10655212402344,137.02694702148438,0.0796051025390625
s_butterfly_560,resnet50_tl_20250829,8,4,100,212,104.0,216.0,137.10655212402344,137.0774383544922,0.02911376953125
s_butterfly_560,resnet50_tl_20250829,8,4,100,216,104.0,220.0,137.10655212402344,137.04254150390625,0.0640106201171875
s_butterfly_560,resnet50_tl_20250829,8,4,104,0,108.0,4.0,137.10655212402344,136.90382385253906,0.202728271484375
s_butterfly_560,resnet50_tl_20250829,8,4,104,4,108.0,8.0,137.10655212402344,136.8924102783203,0.214141845703125
s_butterfly_560,resnet50_tl_20250829,8,4,104,8,108.0,12.0,137.10655212402344,136.9701385498047,0.13641357421875
s_butterfly_560,resnet50_tl_20250829,8,4,104,12,108.0,16.0,137.10655212402344,136.82330322265625,0.2832489013671875
s_butterfly_560,resnet50_tl_20250829,8,4,104,16,108.0,20.0,137.10655212402344,136.8638458251953,0.242706298828125
s_butterfly_560,resnet50_tl_20250829,8,4,104,20,108.0,24.0,137.10655212402344,136.80587768554688,0.3006744384765625
s_butterfly_560,resnet50_tl_20250829,8,4,104,24,108.0,28.0,137.10655212402344,136.86521911621094,0.2413330078125
s_butterfly_560,resnet50_tl_20250829,8,4,104,28,108.0,32.0,137.10655212402344,136.67144775390625,0.4351043701171875
s_butterfly_560,resnet50_tl_20250829,8,4,104,32,108.0,36.0,137.10655212402344,136.62977600097656,0.476776123046875
s_butterfly_560,resnet50_tl_20250829,8,4,104,36,108.0,40.0,137.10655212402344,136.73410034179688,0.3724517822265625
s_butterfly_560,resnet50_tl_20250829,8,4,104,40,108.0,44.0,137.10655212402344,136.97216796875,0.1343841552734375
s_butterfly_560,resnet50_tl_20250829,8,4,104,44,108.0,48.0,137.10655212402344,136.97891235351562,0.1276397705078125
s_butterfly_560,resnet50_tl_20250829,8,4,104,48,108.0,52.0,137.10655212402344,136.8912353515625,0.2153167724609375
s_butterfly_560,resnet50_tl_20250829,8,4,104,52,108.0,56.0,137.10655212402344,136.8610382080078,0.245513916015625
s_butterfly_560,resnet50_tl_20250829,8,4,104,56,108.0,60.0,137.10655212402344,136.77679443359375,0.3297576904296875
s_butterfly_560,resnet50_tl_20250829,8,4,104,60,108.0,64.0,137.10655212402344,136.89356994628906,0.212982177734375
s_butterfly_560,resnet50_tl_20250829,8,4,104,64,108.0,68.0,137.10655212402344,136.96588134765625,0.1406707763671875
s_butterfly_560,resnet50_tl_20250829,8,4,104,68,108.0,72.0,137.10655212402344,136.8548126220703,0.251739501953125
s_butterfly_560,resnet50_tl_20250829,8,4,104,72,108.0,76.0,137.10655212402344,136.83554077148438,0.2710113525390625
s_butterfly_560,resnet50_tl_20250829,8,4,104,76,108.0,80.0,137.10655212402344,136.85491943359375,0.2516326904296875
s_butterfly_560,resnet50_tl_20250829,8,4,104,80,108.0,84.0,137.10655212402344,136.90443420410156,0.202117919921875
s_butterfly_560,resnet50_tl_20250829,8,4,104,84,108.0,88.0,137.10655212402344,136.8055877685547,0.30096435546875
s_butterfly_560,resnet50_tl_20250829,8,4,104,88,108.0,92.0,137.10655212402344,136.8736114501953,0.232940673828125
s_butterfly_560,resnet50_tl_20250829,8,4,104,92,108.0,96.0,137.10655212402344,136.90255737304688,0.2039947509765625
s_butterfly_560,resnet50_tl_20250829,8,4,104,96,108.0,100.0,137.10655212402344,136.9506072998047,0.15594482421875
s_butterfly_560,resnet50_tl_20250829,8,4,104,100,108.0,104.0,137.10655212402344,136.76524353027344,0.34130859375
s_butterfly_560,resnet50_tl_20250829,8,4,104,104,108.0,108.0,137.10655212402344,136.77818298339844,0.328369140625
s_butterfly_560,resnet50_tl_20250829,8,4,104,108,108.0,112.0,137.10655212402344,136.77215576171875,0.3343963623046875
s_butterfly_560,resnet50_tl_20250829,8,4,104,112,108.0,116.0,137.10655212402344,136.7189178466797,0.38763427734375
s_butterfly_560,resnet50_tl_20250829,8,4,104,116,108.0,120.0,137.10655212402344,136.68716430664062,0.4193878173828125
s_butterfly_560,resnet50_tl_20250829,8,4,104,120,108.0,124.0,137.10655212402344,136.7356719970703,0.370880126953125
s_butterfly_560,resnet50_tl_20250829,8,4,104,124,108.0,128.0,137.10655212402344,136.81137084960938,0.2951812744140625
s_butterfly_560,resnet50_tl_20250829,8,4,104,128,108.0,132.0,137.10655212402344,136.81320190429688,0.2933502197265625
s_butterfly_560,resnet50_tl_20250829,8,4,104,132,108.0,136.0,137.10655212402344,136.6405029296875,0.4660491943359375
s_butterfly_560,resnet50_tl_20250829,8,4,104,136,108.0,140.0,137.10655212402344,136.836669921875,0.2698822021484375
s_butterfly_560,resnet50_tl_20250829,8,4,104,140,108.0,144.0,137.10655212402344,136.8505859375,0.2559661865234375
s_butterfly_560,resnet50_tl_20250829,8,4,104,144,108.0,148.0,137.10655212402344,136.84642028808594,0.2601318359375
s_butterfly_560,resnet50_tl_20250829,8,4,104,148,108.0,152.0,137.10655212402344,136.71951293945312,0.3870391845703125
s_butterfly_560,resnet50_tl_20250829,8,4,104,152,108.0,156.0,137.10655212402344,136.76104736328125,0.3455047607421875
s_butterfly_560,resnet50_tl_20250829,8,4,104,156,108.0,160.0,137.10655212402344,136.82374572753906,0.282806396484375
s_butterfly_560,resnet50_tl_20250829,8,4,104,160,108.0,164.0,137.10655212402344,136.83648681640625,0.2700653076171875
s_butterfly_560,resnet50_tl_20250829,8,4,104,164,108.0,168.0,137.10655212402344,136.8036346435547,0.30291748046875
s_butterfly_560,resnet50_tl_20250829,8,4,104,168,108.0,172.0,137.10655212402344,136.88980102539062,0.2167510986328125
s_butterfly_560,resnet50_tl_20250829,8,4,104,172,108.0,176.0,137.10655212402344,137.0001678466797,0.10638427734375
s_butterfly_560,resnet50_tl_20250829,8,4,104,176,108.0,180.0,137.10655212402344,136.9481658935547,0.15838623046875
s_butterfly_560,resnet50_tl_20250829,8,4,104,180,108.0,184.0,137.10655212402344,136.92214965820312,0.1844024658203125
s_butterfly_560,resnet50_tl_20250829,8,4,104,184,108.0,188.0,137.10655212402344,136.983642578125,0.1229095458984375
s_butterfly_560,resnet50_tl_20250829,8,4,104,188,108.0,192.0,137.10655212402344,136.97999572753906,0.126556396484375
s_butterfly_560,resnet50_tl_20250829,8,4,104,192,108.0,196.0,137.10655212402344,136.98692321777344,0.11962890625
s_butterfly_560,resnet50_tl_20250829,8,4,104,196,108.0,200.0,137.10655212402344,137.02279663085938,0.0837554931640625
s_butterfly_560,resnet50_tl_20250829,8,4,104,200,108.0,204.0,137.10655212402344,137.00909423828125,0.0974578857421875
s_butterfly_560,resnet50_tl_20250829,8,4,104,204,108.0,208.0,137.10655212402344,137.03524780273438,0.0713043212890625
s_butterfly_560,resnet50_tl_20250829,8,4,104,208,108.0,212.0,137.10655212402344,137.02955627441406,0.076995849609375
s_butterfly_560,resnet50_tl_20250829,8,4,104,212,108.0,216.0,137.10655212402344,137.02330017089844,0.083251953125
s_butterfly_560,resnet50_tl_20250829,8,4,104,216,108.0,220.0,137.10655212402344,137.04251098632812,0.0640411376953125
s_butterfly_560,resnet50_tl_20250829,8,4,108,0,112.0,4.0,137.10655212402344,136.7604217529297,0.34613037109375
s_butterfly_560,resnet50_tl_20250829,8,4,108,4,112.0,8.0,137.10655212402344,136.9439239501953,0.162628173828125
s_butterfly_560,resnet50_tl_20250829,8,4,108,8,112.0,12.0,137.10655212402344,137.01275634765625,0.0937957763671875
s_butterfly_560,resnet50_tl_20250829,8,4,108,12,112.0,16.0,137.10655212402344,136.81890869140625,0.2876434326171875
s_butterfly_560,resnet50_tl_20250829,8,4,108,16,112.0,20.0,137.10655212402344,136.79624938964844,0.310302734375
s_butterfly_560,resnet50_tl_20250829,8,4,108,20,112.0,24.0,137.10655212402344,136.90902709960938,0.1975250244140625
s_butterfly_560,resnet50_tl_20250829,8,4,108,24,112.0,28.0,137.10655212402344,136.83448791503906,0.272064208984375
s_butterfly_560,resnet50_tl_20250829,8,4,108,28,112.0,32.0,137.10655212402344,136.56622314453125,0.5403289794921875
s_butterfly_560,resnet50_tl_20250829,8,4,108,32,112.0,36.0,137.10655212402344,136.38267517089844,0.723876953125
s_butterfly_560,resnet50_tl_20250829,8,4,108,36,112.0,40.0,137.10655212402344,136.6557159423828,0.450836181640625
s_butterfly_560,resnet50_tl_20250829,8,4,108,40,112.0,44.0,137.10655212402344,137.0138702392578,0.092681884765625
s_butterfly_560,resnet50_tl_20250829,8,4,108,44,112.0,48.0,137.10655212402344,136.89674377441406,0.209808349609375
s_butterfly_560,resnet50_tl_20250829,8,4,108,48,112.0,52.0,137.10655212402344,136.88150024414062,0.2250518798828125
s_butterfly_560,resnet50_tl_20250829,8,4,108,52,112.0,56.0,137.10655212402344,136.89825439453125,0.2082977294921875
s_butterfly_560,resnet50_tl_20250829,8,4,108,56,112.0,60.0,137.10655212402344,136.77999877929688,0.3265533447265625
s_butterfly_560,resnet50_tl_20250829,8,4,108,60,112.0,64.0,137.10655212402344,136.8058319091797,0.30072021484375
s_butterfly_560,resnet50_tl_20250829,8,4,108,64,112.0,68.0,137.10655212402344,136.8603057861328,0.246246337890625
s_butterfly_560,resnet50_tl_20250829,8,4,108,68,112.0,72.0,137.10655212402344,136.93943786621094,0.1671142578125
s_butterfly_560,resnet50_tl_20250829,8,4,108,72,112.0,76.0,137.10655212402344,136.80096435546875,0.3055877685546875
s_butterfly_560,resnet50_tl_20250829,8,4,108,76,112.0,80.0,137.10655212402344,136.83724975585938,0.2693023681640625
s_butterfly_560,resnet50_tl_20250829,8,4,108,80,112.0,84.0,137.10655212402344,136.81069946289062,0.2958526611328125
s_butterfly_560,resnet50_tl_20250829,8,4,108,84,112.0,88.0,137.10655212402344,136.93017578125,0.1763763427734375
s_butterfly_560,resnet50_tl_20250829,8,4,108,88,112.0,92.0,137.10655212402344,136.8546905517578,0.251861572265625
s_butterfly_560,resnet50_tl_20250829,8,4,108,92,112.0,96.0,137.10655212402344,136.807373046875,0.2991790771484375
s_butterfly_560,resnet50_tl_20250829,8,4,108,96,112.0,100.0,137.10655212402344,136.77352905273438,0.3330230712890625
s_butterfly_560,resnet50_tl_20250829,8,4,108,100,112.0,104.0,137.10655212402344,136.92214965820312,0.1844024658203125
s_butterfly_560,resnet50_tl_20250829,8,4,108,104,112.0,108.0,137.10655212402344,136.7595977783203,0.346954345703125
s_butterfly_560,resnet50_tl_20250829,8,4,108,108,112.0,112.0,137.10655212402344,136.5570068359375,0.5495452880859375
s_butterfly_560,resnet50_tl_20250829,8,4,108,112,112.0,116.0,137.10655212402344,136.42999267578125,0.6765594482421875
s_butterfly_560,resnet50_tl_20250829,8,4,108,116,112.0,120.0,137.10655212402344,136.75616455078125,0.3503875732421875
s_butterfly_560,resnet50_tl_20250829,8,4,108,120,112.0,124.0,137.10655212402344,136.56521606445312,0.5413360595703125
s_butterfly_560,resnet50_tl_20250829,8,4,108,124,112.0,128.0,137.10655212402344,136.4914093017578,0.615142822265625
s_butterfly_560,resnet50_tl_20250829,8,4,108,128,112.0,132.0,137.10655212402344,136.46778869628906,0.638763427734375
s_butterfly_560,resnet50_tl_20250829,8,4,108,132,112.0,136.0,137.10655212402344,136.85025024414062,0.2563018798828125
s_butterfly_560,resnet50_tl_20250829,8,4,108,136,112.0,140.0,137.10655212402344,136.69371032714844,0.412841796875
s_butterfly_560,resnet50_tl_20250829,8,4,108,140,112.0,144.0,137.10655212402344,136.65882873535156,0.447723388671875
s_butterfly_560,resnet50_tl_20250829,8,4,108,144,112.0,148.0,137.10655212402344,136.64181518554688,0.4647369384765625
s_butterfly_560,resnet50_tl_20250829,8,4,108,148,112.0,152.0,137.10655212402344,136.82025146484375,0.2863006591796875
s_butterfly_560,resnet50_tl_20250829,8,4,108,152,112.0,156.0,137.10655212402344,136.77655029296875,0.3300018310546875
s_butterfly_560,resnet50_tl_20250829,8,4,108,156,112.0,160.0,137.10655212402344,136.8184051513672,0.28814697265625
s_butterfly_560,resnet50_tl_20250829,8,4,108,160,112.0,164.0,137.10655212402344,136.79164123535156,0.314910888671875
s_butterfly_560,resnet50_tl_20250829,8,4,108,164,112.0,168.0,137.10655212402344,136.886962890625,0.2195892333984375
s_butterfly_560,resnet50_tl_20250829,8,4,108,168,112.0,172.0,137.10655212402344,136.9444122314453,0.162139892578125
s_butterfly_560,resnet50_tl_20250829,8,4,108,172,112.0,176.0,137.10655212402344,137.0006866455078,0.105865478515625
s_butterfly_560,resnet50_tl_20250829,8,4,108,176,112.0,180.0,137.10655212402344,136.9711151123047,0.13543701171875
s_butterfly_560,resnet50_tl_20250829,8,4,108,180,112.0,184.0,137.10655212402344,136.91702270507812,0.1895294189453125
s_butterfly_560,resnet50_tl_20250829,8,4,108,184,112.0,188.0,137.10655212402344,137.05416870117188,0.0523834228515625
s_butterfly_560,resnet50_tl_20250829,8,4,108,188,112.0,192.0,137.10655212402344,137.26882934570312,-0.1622772216796875
s_butterfly_560,resnet50_tl_20250829,8,4,108,192,112.0,196.0,137.10655212402344,137.3395538330078,-0.233001708984375
s_butterfly_560,resnet50_tl_20250829,8,4,108,196,112.0,200.0,137.10655212402344,137.18212890625,-0.0755767822265625
s_butterfly_560,resnet50_tl_20250829,8,4,108,200,112.0,204.0,137.10655212402344,137.03958129882812,0.0669708251953125
s_butterfly_560,resnet50_tl_20250829,8,4,108,204,112.0,208.0,137.10655212402344,137.1325225830078,-0.025970458984375
s_butterfly_560,resnet50_tl_20250829,8,4,108,208,112.0,212.0,137.10655212402344,137.01486206054688,0.0916900634765625
s_butterfly_560,resnet50_tl_20250829,8,4,108,212,112.0,216.0,137.10655212402344,137.03201293945312,0.0745391845703125
s_butterfly_560,resnet50_tl_20250829,8,4,108,216,112.0,220.0,137.10655212402344,137.03907775878906,0.067474365234375
s_butterfly_560,resnet50_tl_20250829,8,4,112,0,116.0,4.0,137.10655212402344,136.7834930419922,0.32305908203125
s_butterfly_560,resnet50_tl_20250829,8,4,112,4,116.0,8.0,137.10655212402344,136.87586975097656,0.230682373046875
s_butterfly_560,resnet50_tl_20250829,8,4,112,8,116.0,12.0,137.10655212402344,137.0128631591797,0.09368896484375
s_butterfly_560,resnet50_tl_20250829,8,4,112,12,116.0,16.0,137.10655212402344,136.75840759277344,0.34814453125
s_butterfly_560,resnet50_tl_20250829,8,4,112,16,116.0,20.0,137.10655212402344,136.83377075195312,0.2727813720703125
s_butterfly_560,resnet50_tl_20250829,8,4,112,20,116.0,24.0,137.10655212402344,136.88783264160156,0.218719482421875
s_butterfly_560,resnet50_tl_20250829,8,4,112,24,116.0,28.0,137.10655212402344,136.83334350585938,0.2732086181640625
s_butterfly_560,resnet50_tl_20250829,8,4,112,28,116.0,32.0,137.10655212402344,136.56858825683594,0.5379638671875
s_butterfly_560,resnet50_tl_20250829,8,4,112,32,116.0,36.0,137.10655212402344,136.39938354492188,0.7071685791015625
s_butterfly_560,resnet50_tl_20250829,8,4,112,36,116.0,40.0,137.10655212402344,136.73915100097656,0.367401123046875
s_butterfly_560,resnet50_tl_20250829,8,4,112,40,116.0,44.0,137.10655212402344,136.88710021972656,0.219451904296875
s_butterfly_560,resnet50_tl_20250829,8,4,112,44,116.0,48.0,137.10655212402344,136.9607391357422,0.14581298828125
s_butterfly_560,resnet50_tl_20250829,8,4,112,48,116.0,52.0,137.10655212402344,136.8490447998047,0.25750732421875
s_butterfly_560,resnet50_tl_20250829,8,4,112,52,116.0,56.0,137.10655212402344,136.88510131835938,0.2214508056640625
s_butterfly_560,resnet50_tl_20250829,8,4,112,56,116.0,60.0,137.10655212402344,136.87281799316406,0.233734130859375
s_butterfly_560,resnet50_tl_20250829,8,4,112,60,116.0,64.0,137.10655212402344,136.8502960205078,0.256256103515625
s_butterfly_560,resnet50_tl_20250829,8,4,112,64,116.0,68.0,137.10655212402344,136.92652893066406,0.180023193359375
s_butterfly_560,resnet50_tl_20250829,8,4,112,68,116.0,72.0,137.10655212402344,136.92510986328125,0.1814422607421875
s_butterfly_560,resnet50_tl_20250829,8,4,112,72,116.0,76.0,137.10655212402344,136.91021728515625,0.1963348388671875
s_butterfly_560,resnet50_tl_20250829,8,4,112,76,116.0,80.0,137.10655212402344,136.8277130126953,0.278839111328125
s_butterfly_560,resnet50_tl_20250829,8,4,112,80,116.0,84.0,137.10655212402344,136.87657165527344,0.22998046875
s_butterfly_560,resnet50_tl_20250829,8,4,112,84,116.0,88.0,137.10655212402344,136.912353515625,0.1941986083984375
s_butterfly_560,resnet50_tl_20250829,8,4,112,88,116.0,92.0,137.10655212402344,136.9246063232422,0.18194580078125
s_butterfly_560,resnet50_tl_20250829,8,4,112,92,116.0,96.0,137.10655212402344,136.7976531982422,0.30889892578125
s_butterfly_560,resnet50_tl_20250829,8,4,112,96,116.0,100.0,137.10655212402344,136.8443603515625,0.2621917724609375
s_butterfly_560,resnet50_tl_20250829,8,4,112,100,116.0,104.0,137.10655212402344,136.89859008789062,0.2079620361328125
s_butterfly_560,resnet50_tl_20250829,8,4,112,104,116.0,108.0,137.10655212402344,136.86065673828125,0.2458953857421875
s_butterfly_560,resnet50_tl_20250829,8,4,112,108,116.0,112.0,137.10655212402344,136.52963256835938,0.5769195556640625
s_butterfly_560,resnet50_tl_20250829,8,4,112,112,116.0,116.0,137.10655212402344,136.60687255859375,0.4996795654296875
s_butterfly_560,resnet50_tl_20250829,8,4,112,116,116.0,120.0,137.10655212402344,136.77288818359375,0.3336639404296875
s_butterfly_560,resnet50_tl_20250829,8,4,112,120,116.0,124.0,137.10655212402344,136.75584411621094,0.3507080078125
s_butterfly_560,resnet50_tl_20250829,8,4,112,124,116.0,128.0,137.10655212402344,136.51112365722656,0.595428466796875
s_butterfly_560,resnet50_tl_20250829,8,4,112,128,116.0,132.0,137.10655212402344,136.5919647216797,0.51458740234375
s_butterfly_560,resnet50_tl_20250829,8,4,112,132,116.0,136.0,137.10655212402344,136.7762908935547,0.33026123046875
s_butterfly_560,resnet50_tl_20250829,8,4,112,136,116.0,140.0,137.10655212402344,136.81863403320312,0.2879180908203125
s_butterfly_560,resnet50_tl_20250829,8,4,112,140,116.0,144.0,137.10655212402344,136.64956665039062,0.4569854736328125
s_butterfly_560,resnet50_tl_20250829,8,4,112,144,116.0,148.0,137.10655212402344,136.7536163330078,0.352935791015625
s_butterfly_560,resnet50_tl_20250829,8,4,112,148,116.0,152.0,137.10655212402344,136.86148071289062,0.2450714111328125
s_butterfly_560,resnet50_tl_20250829,8,4,112,152,116.0,156.0,137.10655212402344,136.8419952392578,0.264556884765625
s_butterfly_560,resnet50_tl_20250829,8,4,112,156,116.0,160.0,137.10655212402344,136.85244750976562,0.2541046142578125
s_butterfly_560,resnet50_tl_20250829,8,4,112,160,116.0,164.0,137.10655212402344,136.8198699951172,0.28668212890625
s_butterfly_560,resnet50_tl_20250829,8,4,112,164,116.0,168.0,137.10655212402344,136.87240600585938,0.2341461181640625
s_butterfly_560,resnet50_tl_20250829,8,4,112,168,116.0,172.0,137.10655212402344,137.0081024169922,0.09844970703125
s_butterfly_560,resnet50_tl_20250829,8,4,112,172,116.0,176.0,137.10655212402344,137.0377655029297,0.06878662109375
s_butterfly_560,resnet50_tl_20250829,8,4,112,176,116.0,180.0,137.10655212402344,137.0663299560547,0.04022216796875
s_butterfly_560,resnet50_tl_20250829,8,4,112,180,116.0,184.0,137.10655212402344,136.9588165283203,0.147735595703125
s_butterfly_560,resnet50_tl_20250829,8,4,112,184,116.0,188.0,137.10655212402344,137.033203125,0.0733489990234375
s_butterfly_560,resnet50_tl_20250829,8,4,112,188,116.0,192.0,137.10655212402344,137.28402709960938,-0.1774749755859375
s_butterfly_560,resnet50_tl_20250829,8,4,112,192,116.0,196.0,137.10655212402344,137.31666564941406,-0.210113525390625
s_butterfly_560,resnet50_tl_20250829,8,4,112,196,116.0,200.0,137.10655212402344,137.14529418945312,-0.0387420654296875
s_butterfly_560,resnet50_tl_20250829,8,4,112,200,116.0,204.0,137.10655212402344,137.08030700683594,0.0262451171875
s_butterfly_560,resnet50_tl_20250829,8,4,112,204,116.0,208.0,137.10655212402344,137.05845642089844,0.048095703125
s_butterfly_560,resnet50_tl_20250829,8,4,112,208,116.0,212.0,137.10655212402344,137.02455139160156,0.082000732421875
s_butterfly_560,resnet50_tl_20250829,8,4,112,212,116.0,216.0,137.10655212402344,137.01409912109375,0.0924530029296875
s_butterfly_560,resnet50_tl_20250829,8,4,112,216,116.0,220.0,137.10655212402344,137.04283142089844,0.063720703125
s_butterfly_560,resnet50_tl_20250829,8,4,116,0,120.0,4.0,137.10655212402344,136.97747802734375,0.1290740966796875
s_butterfly_560,resnet50_tl_20250829,8,4,116,4,120.0,8.0,137.10655212402344,136.93898010253906,0.167572021484375
s_butterfly_560,resnet50_tl_20250829,8,4,116,8,120.0,12.0,137.10655212402344,137.03756713867188,0.0689849853515625
s_butterfly_560,resnet50_tl_20250829,8,4,116,12,120.0,16.0,137.10655212402344,136.9245147705078,0.182037353515625
s_butterfly_560,resnet50_tl_20250829,8,4,116,16,120.0,20.0,137.10655212402344,137.00991821289062,0.0966339111328125
s_butterfly_560,resnet50_tl_20250829,8,4,116,20,120.0,24.0,137.10655212402344,137.0098876953125,0.0966644287109375
s_butterfly_560,resnet50_tl_20250829,8,4,116,24,120.0,28.0,137.10655212402344,136.95135498046875,0.1551971435546875
s_butterfly_560,resnet50_tl_20250829,8,4,116,28,120.0,32.0,137.10655212402344,136.91188049316406,0.194671630859375
s_butterfly_560,resnet50_tl_20250829,8,4,116,32,120.0,36.0,137.10655212402344,136.94468688964844,0.161865234375
s_butterfly_560,resnet50_tl_20250829,8,4,116,36,120.0,40.0,137.10655212402344,136.73846435546875,0.3680877685546875
s_butterfly_560,resnet50_tl_20250829,8,4,116,40,120.0,44.0,137.10655212402344,136.87698364257812,0.2295684814453125
s_butterfly_560,resnet50_tl_20250829,8,4,116,44,120.0,48.0,137.10655212402344,136.88746643066406,0.219085693359375
s_butterfly_560,resnet50_tl_20250829,8,4,116,48,120.0,52.0,137.10655212402344,136.82052612304688,0.2860260009765625
s_butterfly_560,resnet50_tl_20250829,8,4,116,52,120.0,56.0,137.10655212402344,136.89572143554688,0.2108306884765625
s_butterfly_560,resnet50_tl_20250829,8,4,116,56,120.0,60.0,137.10655212402344,136.89315795898438,0.2133941650390625
s_butterfly_560,resnet50_tl_20250829,8,4,116,60,120.0,64.0,137.10655212402344,136.93312072753906,0.173431396484375
s_butterfly_560,resnet50_tl_20250829,8,4,116,64,120.0,68.0,137.10655212402344,136.89744567871094,0.2091064453125
s_butterfly_560,resnet50_tl_20250829,8,4,116,68,120.0,72.0,137.10655212402344,136.8469696044922,0.25958251953125
s_butterfly_560,resnet50_tl_20250829,8,4,116,72,120.0,76.0,137.10655212402344,136.83660888671875,0.2699432373046875
s_butterfly_560,resnet50_tl_20250829,8,4,116,76,120.0,80.0,137.10655212402344,136.88690185546875,0.2196502685546875
s_butterfly_560,resnet50_tl_20250829,8,4,116,80,120.0,84.0,137.10655212402344,136.83981323242188,0.2667388916015625
s_butterfly_560,resnet50_tl_20250829,8,4,116,84,120.0,88.0,137.10655212402344,136.8154754638672,0.29107666015625
s_butterfly_560,resnet50_tl_20250829,8,4,116,88,120.0,92.0,137.10655212402344,136.81692504882812,0.2896270751953125
s_butterfly_560,resnet50_tl_20250829,8,4,116,92,120.0,96.0,137.10655212402344,136.91058349609375,0.1959686279296875
s_butterfly_560,resnet50_tl_20250829,8,4,116,96,120.0,100.0,137.10655212402344,136.8323516845703,0.274200439453125
s_butterfly_560,resnet50_tl_20250829,8,4,116,100,120.0,104.0,137.10655212402344,136.746826171875,0.3597259521484375
s_butterfly_560,resnet50_tl_20250829,8,4,116,104,120.0,108.0,137.10655212402344,136.75022888183594,0.3563232421875
s_butterfly_560,resnet50_tl_20250829,8,4,116,108,120.0,112.0,137.10655212402344,136.81373596191406,0.292816162109375
s_butterfly_560,resnet50_tl_20250829,8,4,116,112,120.0,116.0,137.10655212402344,136.67306518554688,0.4334869384765625
s_butterfly_560,resnet50_tl_20250829,8,4,116,116,120.0,120.0,137.10655212402344,136.6314697265625,0.4750823974609375
s_butterfly_560,resnet50_tl_20250829,8,4,116,120,120.0,124.0,137.10655212402344,136.6730499267578,0.433502197265625
s_butterfly_560,resnet50_tl_20250829,8,4,116,124,120.0,128.0,137.10655212402344,136.80441284179688,0.3021392822265625
s_butterfly_560,resnet50_tl_20250829,8,4,116,128,120.0,132.0,137.10655212402344,136.65196228027344,0.45458984375
s_butterfly_560,resnet50_tl_20250829,8,4,116,132,120.0,136.0,137.10655212402344,136.6196746826172,0.48687744140625
s_butterfly_560,resnet50_tl_20250829,8,4,116,136,120.0,140.0,137.10655212402344,136.68682861328125,0.4197235107421875
s_butterfly_560,resnet50_tl_20250829,8,4,116,140,120.0,144.0,137.10655212402344,136.87982177734375,0.2267303466796875
s_butterfly_560,resnet50_tl_20250829,8,4,116,144,120.0,148.0,137.10655212402344,136.76991271972656,0.336639404296875
s_butterfly_560,resnet50_tl_20250829,8,4,116,148,120.0,152.0,137.10655212402344,136.76463317871094,0.3419189453125
s_butterfly_560,resnet50_tl_20250829,8,4,116,152,120.0,156.0,137.10655212402344,136.79701232910156,0.309539794921875
s_butterfly_560,resnet50_tl_20250829,8,4,116,156,120.0,160.0,137.10655212402344,136.86973571777344,0.23681640625
s_butterfly_560,resnet50_tl_20250829,8,4,116,160,120.0,164.0,137.10655212402344,136.71888732910156,0.387664794921875
s_butterfly_560,resnet50_tl_20250829,8,4,116,164,120.0,168.0,137.10655212402344,136.78585815429688,0.3206939697265625
s_butterfly_560,resnet50_tl_20250829,8,4,116,168,120.0,172.0,137.10655212402344,136.8621368408203,0.244415283203125
s_butterfly_560,resnet50_tl_20250829,8,4,116,172,120.0,176.0,137.10655212402344,136.9829559326172,0.12359619140625
s_butterfly_560,resnet50_tl_20250829,8,4,116,176,120.0,180.0,137.10655212402344,136.9480743408203,0.158477783203125
s_butterfly_560,resnet50_tl_20250829,8,4,116,180,120.0,184.0,137.10655212402344,137.06057739257812,0.0459747314453125
s_butterfly_560,resnet50_tl_20250829,8,4,116,184,120.0,188.0,137.10655212402344,137.2954559326172,-0.18890380859375
s_butterfly_560,resnet50_tl_20250829,8,4,116,188,120.0,192.0,137.10655212402344,137.3746337890625,-0.2680816650390625
s_butterfly_560,resnet50_tl_20250829,8,4,116,192,120.0,196.0,137.10655212402344,137.23977661132812,-0.1332244873046875
s_butterfly_560,resnet50_tl_20250829,8,4,116,196,120.0,200.0,137.10655212402344,137.20370483398438,-0.0971527099609375
s_butterfly_560,resnet50_tl_20250829,8,4,116,200,120.0,204.0,137.10655212402344,137.1123046875,-0.0057525634765625
s_butterfly_560,resnet50_tl_20250829,8,4,116,204,120.0,208.0,137.10655212402344,137.17007446289062,-0.0635223388671875
s_butterfly_560,resnet50_tl_20250829,8,4,116,208,120.0,212.0,137.10655212402344,137.12611389160156,-0.019561767578125
s_butterfly_560,resnet50_tl_20250829,8,4,116,212,120.0,216.0,137.10655212402344,137.0823211669922,0.02423095703125
s_butterfly_560,resnet50_tl_20250829,8,4,116,216,120.0,220.0,137.10655212402344,137.03231811523438,0.0742340087890625
s_butterfly_560,resnet50_tl_20250829,8,4,120,0,124.0,4.0,137.10655212402344,136.87612915039062,0.2304229736328125
s_butterfly_560,resnet50_tl_20250829,8,4,120,4,124.0,8.0,137.10655212402344,136.91119384765625,0.1953582763671875
s_butterfly_560,resnet50_tl_20250829,8,4,120,8,124.0,12.0,137.10655212402344,137.06263732910156,0.043914794921875
s_butterfly_560,resnet50_tl_20250829,8,4,120,12,124.0,16.0,137.10655212402344,136.95237731933594,0.1541748046875
s_butterfly_560,resnet50_tl_20250829,8,4,120,16,124.0,20.0,137.10655212402344,137.0419464111328,0.064605712890625
s_butterfly_560,resnet50_tl_20250829,8,4,120,20,124.0,24.0,137.10655212402344,136.9766082763672,0.12994384765625
s_butterfly_560,resnet50_tl_20250829,8,4,120,24,124.0,28.0,137.10655212402344,137.13572692871094,-0.0291748046875
s_butterfly_560,resnet50_tl_20250829,8,4,120,28,124.0,32.0,137.10655212402344,137.11453247070312,-0.0079803466796875
s_butterfly_560,resnet50_tl_20250829,8,4,120,32,124.0,36.0,137.10655212402344,136.83453369140625,0.2720184326171875
s_butterfly_560,resnet50_tl_20250829,8,4,120,36,124.0,40.0,137.10655212402344,136.86048889160156,0.246063232421875
s_butterfly_560,resnet50_tl_20250829,8,4,120,40,124.0,44.0,137.10655212402344,136.8888397216797,0.21771240234375
s_butterfly_560,resnet50_tl_20250829,8,4,120,44,124.0,48.0,137.10655212402344,136.91294860839844,0.193603515625
s_butterfly_560,resnet50_tl_20250829,8,4,120,48,124.0,52.0,137.10655212402344,136.93218994140625,0.1743621826171875
s_butterfly_560,resnet50_tl_20250829,8,4,120,52,124.0,56.0,137.10655212402344,136.92578125,0.1807708740234375
s_butterfly_560,resnet50_tl_20250829,8,4,120,56,124.0,60.0,137.10655212402344,136.94740295410156,0.159149169921875
s_butterfly_560,resnet50_tl_20250829,8,4,120,60,124.0,64.0,137.10655212402344,136.93898010253906,0.167572021484375
s_butterfly_560,resnet50_tl_20250829,8,4,120,64,124.0,68.0,137.10655212402344,136.9461212158203,0.160430908203125
s_butterfly_560,resnet50_tl_20250829,8,4,120,68,124.0,72.0,137.10655212402344,136.84268188476562,0.2638702392578125
s_butterfly_560,resnet50_tl_20250829,8,4,120,72,124.0,76.0,137.10655212402344,136.89813232421875,0.2084197998046875
s_butterfly_560,resnet50_tl_20250829,8,4,120,76,124.0,80.0,137.10655212402344,136.92599487304688,0.1805572509765625
s_butterfly_560,resnet50_tl_20250829,8,4,120,80,124.0,84.0,137.10655212402344,136.93016052246094,0.1763916015625
s_butterfly_560,resnet50_tl_20250829,8,4,120,84,124.0,88.0,137.10655212402344,136.85548400878906,0.251068115234375
s_butterfly_560,resnet50_tl_20250829,8,4,120,88,124.0,92.0,137.10655212402344,136.87838745117188,0.2281646728515625
s_butterfly_560,resnet50_tl_20250829,8,4,120,92,124.0,96.0,137.10655212402344,136.94337463378906,0.163177490234375
s_butterfly_560,resnet50_tl_20250829,8,4,120,96,124.0,100.0,137.10655212402344,136.9390106201172,0.16754150390625
s_butterfly_560,resnet50_tl_20250829,8,4,120,100,124.0,104.0,137.10655212402344,136.81398010253906,0.292572021484375
s_butterfly_560,resnet50_tl_20250829,8,4,120,104,124.0,108.0,137.10655212402344,136.8564910888672,0.25006103515625
s_butterfly_560,resnet50_tl_20250829,8,4,120,108,124.0,112.0,137.10655212402344,136.88235473632812,0.2241973876953125
s_butterfly_560,resnet50_tl_20250829,8,4,120,112,124.0,116.0,137.10655212402344,136.8728485107422,0.23370361328125
s_butterfly_560,resnet50_tl_20250829,8,4,120,116,124.0,120.0,137.10655212402344,136.70835876464844,0.398193359375
s_butterfly_560,resnet50_tl_20250829,8,4,120,120,124.0,124.0,137.10655212402344,136.75161743164062,0.3549346923828125
s_butterfly_560,resnet50_tl_20250829,8,4,120,124,124.0,128.0,137.10655212402344,136.8625030517578,0.244049072265625
s_butterfly_560,resnet50_tl_20250829,8,4,120,128,124.0,132.0,137.10655212402344,136.86570739746094,0.2408447265625
s_butterfly_560,resnet50_tl_20250829,8,4,120,132,124.0,136.0,137.10655212402344,136.69647216796875,0.4100799560546875
s_butterfly_560,resnet50_tl_20250829,8,4,120,136,124.0,140.0,137.10655212402344,136.790771484375,0.3157806396484375
s_butterfly_560,resnet50_tl_20250829,8,4,120,140,124.0,144.0,137.10655212402344,136.94943237304688,0.1571197509765625
s_butterfly_560,resnet50_tl_20250829,8,4,120,144,124.0,148.0,137.10655212402344,136.91128540039062,0.1952667236328125
s_butterfly_560,resnet50_tl_20250829,8,4,120,148,124.0,152.0,137.10655212402344,136.78927612304688,0.3172760009765625
s_butterfly_560,resnet50_tl_20250829,8,4,120,152,124.0,156.0,137.10655212402344,136.88784790039062,0.2187042236328125
s_butterfly_560,resnet50_tl_20250829,8,4,120,156,124.0,160.0,137.10655212402344,136.99586486816406,0.110687255859375
s_butterfly_560,resnet50_tl_20250829,8,4,120,160,124.0,164.0,137.10655212402344,136.7943115234375,0.3122406005859375
s_butterfly_560,resnet50_tl_20250829,8,4,120,164,124.0,168.0,137.10655212402344,136.8362579345703,0.270294189453125
s_butterfly_560,resnet50_tl_20250829,8,4,120,168,124.0,172.0,137.10655212402344,136.84292602539062,0.2636260986328125
s_butterfly_560,resnet50_tl_20250829,8,4,120,172,124.0,176.0,137.10655212402344,137.069580078125,0.0369720458984375
s_butterfly_560,resnet50_tl_20250829,8,4,120,176,124.0,180.0,137.10655212402344,137.0757293701172,0.03082275390625
s_butterfly_560,resnet50_tl_20250829,8,4,120,180,124.0,184.0,137.10655212402344,137.25509643554688,-0.1485443115234375
s_butterfly_560,resnet50_tl_20250829,8,4,120,184,124.0,188.0,137.10655212402344,137.1663360595703,-0.059783935546875
s_butterfly_560,resnet50_tl_20250829,8,4,120,188,124.0,192.0,137.10655212402344,137.1033172607422,0.00323486328125
s_butterfly_560,resnet50_tl_20250829,8,4,120,192,124.0,196.0,137.10655212402344,137.01791381835938,0.0886383056640625
s_butterfly_560,resnet50_tl_20250829,8,4,120,196,124.0,200.0,137.10655212402344,137.054931640625,0.0516204833984375
s_butterfly_560,resnet50_tl_20250829,8,4,120,200,124.0,204.0,137.10655212402344,137.08688354492188,0.0196685791015625
s_butterfly_560,resnet50_tl_20250829,8,4,120,204,124.0,208.0,137.10655212402344,137.11000061035156,-0.003448486328125
s_butterfly_560,resnet50_tl_20250829,8,4,120,208,124.0,212.0,137.10655212402344,137.04592895507812,0.0606231689453125
s_butterfly_560,resnet50_tl_20250829,8,4,120,212,124.0,216.0,137.10655212402344,136.9978485107422,0.10870361328125
s_butterfly_560,resnet50_tl_20250829,8,4,120,216,124.0,220.0,137.10655212402344,137.01260375976562,0.0939483642578125
s_butterfly_560,resnet50_tl_20250829,8,4,124,0,128.0,4.0,137.10655212402344,136.7935028076172,0.31304931640625
s_butterfly_560,resnet50_tl_20250829,8,4,124,4,128.0,8.0,137.10655212402344,136.82559204101562,0.2809600830078125
s_butterfly_560,resnet50_tl_20250829,8,4,124,8,128.0,12.0,137.10655212402344,137.01394653320312,0.0926055908203125
s_butterfly_560,resnet50_tl_20250829,8,4,124,12,128.0,16.0,137.10655212402344,136.8334503173828,0.273101806640625
s_butterfly_560,resnet50_tl_20250829,8,4,124,16,128.0,20.0,137.10655212402344,136.89993286132812,0.2066192626953125
s_butterfly_560,resnet50_tl_20250829,8,4,124,20,128.0,24.0,137.10655212402344,136.92041015625,0.1861419677734375
s_butterfly_560,resnet50_tl_20250829,8,4,124,24,128.0,28.0,137.10655212402344,137.0904541015625,0.0160980224609375
s_butterfly_560,resnet50_tl_20250829,8,4,124,28,128.0,32.0,137.10655212402344,137.05670166015625,0.0498504638671875
s_butterfly_560,resnet50_tl_20250829,8,4,124,32,128.0,36.0,137.10655212402344,137.02322387695312,0.0833282470703125
s_butterfly_560,resnet50_tl_20250829,8,4,124,36,128.0,40.0,137.10655212402344,137.04537963867188,0.0611724853515625
s_butterfly_560,resnet50_tl_20250829,8,4,124,40,128.0,44.0,137.10655212402344,136.94888305664062,0.1576690673828125
s_butterfly_560,resnet50_tl_20250829,8,4,124,44,128.0,48.0,137.10655212402344,136.993896484375,0.1126556396484375
s_butterfly_560,resnet50_tl_20250829,8,4,124,48,128.0,52.0,137.10655212402344,137.04660034179688,0.0599517822265625
s_butterfly_560,resnet50_tl_20250829,8,4,124,52,128.0,56.0,137.10655212402344,137.05267333984375,0.0538787841796875
s_butterfly_560,resnet50_tl_20250829,8,4,124,56,128.0,60.0,137.10655212402344,136.9999542236328,0.106597900390625
s_butterfly_560,resnet50_tl_20250829,8,4,124,60,128.0,64.0,137.10655212402344,137.09280395507812,0.0137481689453125
s_butterfly_560,resnet50_tl_20250829,8,4,124,64,128.0,68.0,137.10655212402344,137.0284881591797,0.07806396484375
s_butterfly_560,resnet50_tl_20250829,8,4,124,68,128.0,72.0,137.10655212402344,137.02352905273438,0.0830230712890625
s_butterfly_560,resnet50_tl_20250829,8,4,124,72,128.0,76.0,137.10655212402344,136.9719696044922,0.13458251953125
s_butterfly_560,resnet50_tl_20250829,8,4,124,76,128.0,80.0,137.10655212402344,137.01364135742188,0.0929107666015625
s_butterfly_560,resnet50_tl_20250829,8,4,124,80,128.0,84.0,137.10655212402344,136.9560546875,0.1504974365234375
s_butterfly_560,resnet50_tl_20250829,8,4,124,84,128.0,88.0,137.10655212402344,137.04168701171875,0.0648651123046875
s_butterfly_560,resnet50_tl_20250829,8,4,124,88,128.0,92.0,137.10655212402344,136.9695587158203,0.136993408203125
s_butterfly_560,resnet50_tl_20250829,8,4,124,92,128.0,96.0,137.10655212402344,137.06515502929688,0.0413970947265625
s_butterfly_560,resnet50_tl_20250829,8,4,124,96,128.0,100.0,137.10655212402344,136.96685791015625,0.1396942138671875
s_butterfly_560,resnet50_tl_20250829,8,4,124,100,128.0,104.0,137.10655212402344,137.0216522216797,0.08489990234375
s_butterfly_560,resnet50_tl_20250829,8,4,124,104,128.0,108.0,137.10655212402344,136.96876525878906,0.137786865234375
s_butterfly_560,resnet50_tl_20250829,8,4,124,108,128.0,112.0,137.10655212402344,137.00479125976562,0.1017608642578125
s_butterfly_560,resnet50_tl_20250829,8,4,124,112,128.0,116.0,137.10655212402344,136.92181396484375,0.1847381591796875
s_butterfly_560,resnet50_tl_20250829,8,4,124,116,128.0,120.0,137.10655212402344,137.0254669189453,0.081085205078125
s_butterfly_560,resnet50_tl_20250829,8,4,124,120,128.0,124.0,137.10655212402344,136.9121551513672,0.19439697265625
s_butterfly_560,resnet50_tl_20250829,8,4,124,124,128.0,128.0,137.10655212402344,136.88890075683594,0.2176513671875
s_butterfly_560,resnet50_tl_20250829,8,4,124,128,128.0,132.0,137.10655212402344,136.80401611328125,0.3025360107421875
s_butterfly_560,resnet50_tl_20250829,8,4,124,132,128.0,136.0,137.10655212402344,136.9659423828125,0.1406097412109375
s_butterfly_560,resnet50_tl_20250829,8,4,124,136,128.0,140.0,137.10655212402344,136.88705444335938,0.2194976806640625
s_butterfly_560,resnet50_tl_20250829,8,4,124,140,128.0,144.0,137.10655212402344,136.91539001464844,0.191162109375
s_butterfly_560,resnet50_tl_20250829,8,4,124,144,128.0,148.0,137.10655212402344,136.8293914794922,0.27716064453125
s_butterfly_560,resnet50_tl_20250829,8,4,124,148,128.0,152.0,137.10655212402344,136.8794403076172,0.22711181640625
s_butterfly_560,resnet50_tl_20250829,8,4,124,152,128.0,156.0,137.10655212402344,136.92245483398438,0.1840972900390625
s_butterfly_560,resnet50_tl_20250829,8,4,124,156,128.0,160.0,137.10655212402344,136.89874267578125,0.2078094482421875
s_butterfly_560,resnet50_tl_20250829,8,4,124,160,128.0,164.0,137.10655212402344,136.7947540283203,0.311798095703125
s_butterfly_560,resnet50_tl_20250829,8,4,124,164,128.0,168.0,137.10655212402344,136.9439239501953,0.162628173828125
s_butterfly_560,resnet50_tl_20250829,8,4,124,168,128.0,172.0,137.10655212402344,136.85452270507812,0.2520294189453125
s_butterfly_560,resnet50_tl_20250829,8,4,124,172,128.0,176.0,137.10655212402344,136.9109344482422,0.19561767578125
s_butterfly_560,resnet50_tl_20250829,8,4,124,176,128.0,180.0,137.10655212402344,136.9122314453125,0.1943206787109375
s_butterfly_560,resnet50_tl_20250829,8,4,124,180,128.0,184.0,137.10655212402344,137.30850219726562,-0.2019500732421875
s_butterfly_560,resnet50_tl_20250829,8,4,124,184,128.0,188.0,137.10655212402344,137.11538696289062,-0.0088348388671875
s_butterfly_560,resnet50_tl_20250829,8,4,124,188,128.0,192.0,137.10655212402344,136.99497985839844,0.111572265625
s_butterfly_560,resnet50_tl_20250829,8,4,124,192,128.0,196.0,137.10655212402344,136.9893341064453,0.117218017578125
s_butterfly_560,resnet50_tl_20250829,8,4,124,196,128.0,200.0,137.10655212402344,137.1068878173828,-0.000335693359375
s_butterfly_560,resnet50_tl_20250829,8,4,124,200,128.0,204.0,137.10655212402344,137.1178741455078,-0.011322021484375
s_butterfly_560,resnet50_tl_20250829,8,4,124,204,128.0,208.0,137.10655212402344,137.10435485839844,0.002197265625
s_butterfly_560,resnet50_tl_20250829,8,4,124,208,128.0,212.0,137.10655212402344,137.0044403076172,0.10211181640625
s_butterfly_560,resnet50_tl_20250829,8,4,124,212,128.0,216.0,137.10655212402344,136.98281860351562,0.1237335205078125
s_butterfly_560,resnet50_tl_20250829,8,4,124,216,128.0,220.0,137.10655212402344,137.00489807128906,0.101654052734375
s_butterfly_560,resnet50_tl_20250829,8,4,128,0,132.0,4.0,137.10655212402344,136.874267578125,0.2322845458984375
s_butterfly_560,resnet50_tl_20250829,8,4,128,4,132.0,8.0,137.10655212402344,136.88864135742188,0.2179107666015625
s_butterfly_560,resnet50_tl_20250829,8,4,128,8,132.0,12.0,137.10655212402344,137.00050354003906,0.106048583984375
s_butterfly_560,resnet50_tl_20250829,8,4,128,12,132.0,16.0,137.10655212402344,136.89340209960938,0.2131500244140625
s_butterfly_560,resnet50_tl_20250829,8,4,128,16,132.0,20.0,137.10655212402344,136.89894104003906,0.207611083984375
s_butterfly_560,resnet50_tl_20250829,8,4,128,20,132.0,24.0,137.10655212402344,136.87001037597656,0.236541748046875
s_butterfly_560,resnet50_tl_20250829,8,4,128,24,132.0,28.0,137.10655212402344,136.9915008544922,0.11505126953125
s_butterfly_560,resnet50_tl_20250829,8,4,128,28,132.0,32.0,137.10655212402344,137.04257202148438,0.0639801025390625
s_butterfly_560,resnet50_tl_20250829,8,4,128,32,132.0,36.0,137.10655212402344,137.00782775878906,0.098724365234375
s_butterfly_560,resnet50_tl_20250829,8,4,128,36,132.0,40.0,137.10655212402344,137.08172607421875,0.0248260498046875
s_butterfly_560,resnet50_tl_20250829,8,4,128,40,132.0,44.0,137.10655212402344,137.0157470703125,0.0908050537109375
s_butterfly_560,resnet50_tl_20250829,8,4,128,44,132.0,48.0,137.10655212402344,137.00694274902344,0.099609375
s_butterfly_560,resnet50_tl_20250829,8,4,128,48,132.0,52.0,137.10655212402344,137.07061767578125,0.0359344482421875
s_butterfly_560,resnet50_tl_20250829,8,4,128,52,132.0,56.0,137.10655212402344,137.02671813964844,0.079833984375
s_butterfly_560,resnet50_tl_20250829,8,4,128,56,132.0,60.0,137.10655212402344,137.02264404296875,0.0839080810546875
s_butterfly_560,resnet50_tl_20250829,8,4,128,60,132.0,64.0,137.10655212402344,137.07110595703125,0.0354461669921875
s_butterfly_560,resnet50_tl_20250829,8,4,128,64,132.0,68.0,137.10655212402344,137.0797119140625,0.0268402099609375
s_butterfly_560,resnet50_tl_20250829,8,4,128,68,132.0,72.0,137.10655212402344,137.00900268554688,0.0975494384765625
s_butterfly_560,resnet50_tl_20250829,8,4,128,72,132.0,76.0,137.10655212402344,137.0225830078125,0.0839691162109375
s_butterfly_560,resnet50_tl_20250829,8,4,128,76,132.0,80.0,137.10655212402344,137.0117950439453,0.094757080078125
s_butterfly_560,resnet50_tl_20250829,8,4,128,80,132.0,84.0,137.10655212402344,137.04376220703125,0.0627899169921875
s_butterfly_560,resnet50_tl_20250829,8,4,128,84,132.0,88.0,137.10655212402344,137.04632568359375,0.0602264404296875
s_butterfly_560,resnet50_tl_20250829,8,4,128,88,132.0,92.0,137.10655212402344,137.00689697265625,0.0996551513671875
s_butterfly_560,resnet50_tl_20250829,8,4,128,92,132.0,96.0,137.10655212402344,137.0098114013672,0.09674072265625
s_butterfly_560,resnet50_tl_20250829,8,4,128,96,132.0,100.0,137.10655212402344,136.9988250732422,0.10772705078125
s_butterfly_560,resnet50_tl_20250829,8,4,128,100,132.0,104.0,137.10655212402344,136.96112060546875,0.1454315185546875
s_butterfly_560,resnet50_tl_20250829,8,4,128,104,132.0,108.0,137.10655212402344,137.011962890625,0.0945892333984375
s_butterfly_560,resnet50_tl_20250829,8,4,128,108,132.0,112.0,137.10655212402344,136.96859741210938,0.1379547119140625
s_butterfly_560,resnet50_tl_20250829,8,4,128,112,132.0,116.0,137.10655212402344,136.99957275390625,0.1069793701171875
s_butterfly_560,resnet50_tl_20250829,8,4,128,116,132.0,120.0,137.10655212402344,136.9748992919922,0.13165283203125
s_butterfly_560,resnet50_tl_20250829,8,4,128,120,132.0,124.0,137.10655212402344,136.97596740722656,0.130584716796875
s_butterfly_560,resnet50_tl_20250829,8,4,128,124,132.0,128.0,137.10655212402344,136.8624725341797,0.24407958984375
s_butterfly_560,resnet50_tl_20250829,8,4,128,128,132.0,132.0,137.10655212402344,136.92762756347656,0.178924560546875
s_butterfly_560,resnet50_tl_20250829,8,4,128,132,132.0,136.0,137.10655212402344,136.94943237304688,0.1571197509765625
s_butterfly_560,resnet50_tl_20250829,8,4,128,136,132.0,140.0,137.10655212402344,136.9891815185547,0.11737060546875
s_butterfly_560,resnet50_tl_20250829,8,4,128,140,132.0,144.0,137.10655212402344,136.86773681640625,0.2388153076171875
s_butterfly_560,resnet50_tl_20250829,8,4,128,144,132.0,148.0,137.10655212402344,136.90350341796875,0.2030487060546875
s_butterfly_560,resnet50_tl_20250829,8,4,128,148,132.0,152.0,137.10655212402344,136.96726989746094,0.1392822265625
s_butterfly_560,resnet50_tl_20250829,8,4,128,152,132.0,156.0,137.10655212402344,137.08302307128906,0.023529052734375
s_butterfly_560,resnet50_tl_20250829,8,4,128,156,132.0,160.0,137.10655212402344,137.0189208984375,0.0876312255859375
s_butterfly_560,resnet50_tl_20250829,8,4,128,160,132.0,164.0,137.10655212402344,136.86744689941406,0.239105224609375
s_butterfly_560,resnet50_tl_20250829,8,4,128,164,132.0,168.0,137.10655212402344,137.04241943359375,0.0641326904296875
s_butterfly_560,resnet50_tl_20250829,8,4,128,168,132.0,172.0,137.10655212402344,136.8181915283203,0.288360595703125
s_butterfly_560,resnet50_tl_20250829,8,4,128,172,132.0,176.0,137.10655212402344,136.88499450683594,0.2215576171875
s_butterfly_560,resnet50_tl_20250829,8,4,128,176,132.0,180.0,137.10655212402344,137.05291748046875,0.0536346435546875
s_butterfly_560,resnet50_tl_20250829,8,4,128,180,132.0,184.0,137.10655212402344,137.1144256591797,-0.00787353515625
s_butterfly_560,resnet50_tl_20250829,8,4,128,184,132.0,188.0,137.10655212402344,137.03199768066406,0.074554443359375
s_butterfly_560,resnet50_tl_20250829,8,4,128,188,132.0,192.0,137.10655212402344,136.92288208007812,0.1836700439453125
s_butterfly_560,resnet50_tl_20250829,8,4,128,192,132.0,196.0,137.10655212402344,136.97332763671875,0.1332244873046875
s_butterfly_560,resnet50_tl_20250829,8,4,128,196,132.0,200.0,137.10655212402344,137.00230407714844,0.104248046875
s_butterfly_560,resnet50_tl_20250829,8,4,128,200,132.0,204.0,137.10655212402344,137.05747985839844,0.049072265625
s_butterfly_560,resnet50_tl_20250829,8,4,128,204,132.0,208.0,137.10655212402344,136.99737548828125,0.1091766357421875
s_butterfly_560,resnet50_tl_20250829,8,4,128,208,132.0,212.0,137.10655212402344,136.9997100830078,0.106842041015625
s_butterfly_560,resnet50_tl_20250829,8,4,128,212,132.0,216.0,137.10655212402344,136.95909118652344,0.1474609375
s_butterfly_560,resnet50_tl_20250829,8,4,128,216,132.0,220.0,137.10655212402344,137.00685119628906,0.099700927734375
s_butterfly_560,resnet50_tl_20250829,8,4,132,0,136.0,4.0,137.10655212402344,137.06288146972656,0.043670654296875
s_butterfly_560,resnet50_tl_20250829,8,4,132,4,136.0,8.0,137.10655212402344,136.97756958007812,0.1289825439453125
s_butterfly_560,resnet50_tl_20250829,8,4,132,8,136.0,12.0,137.10655212402344,137.05384826660156,0.052703857421875
s_butterfly_560,resnet50_tl_20250829,8,4,132,12,136.0,16.0,137.10655212402344,136.8651885986328,0.241363525390625
s_butterfly_560,resnet50_tl_20250829,8,4,132,16,136.0,20.0,137.10655212402344,136.87649536132812,0.2300567626953125
s_butterfly_560,resnet50_tl_20250829,8,4,132,20,136.0,24.0,137.10655212402344,136.80963134765625,0.2969207763671875
s_butterfly_560,resnet50_tl_20250829,8,4,132,24,136.0,28.0,137.10655212402344,136.8148193359375,0.2917327880859375
s_butterfly_560,resnet50_tl_20250829,8,4,132,28,136.0,32.0,137.10655212402344,136.9623565673828,0.144195556640625
s_butterfly_560,resnet50_tl_20250829,8,4,132,32,136.0,36.0,137.10655212402344,136.9950714111328,0.111480712890625
s_butterfly_560,resnet50_tl_20250829,8,4,132,36,136.0,40.0,137.10655212402344,137.0615997314453,0.044952392578125
s_butterfly_560,resnet50_tl_20250829,8,4,132,40,136.0,44.0,137.10655212402344,136.9447784423828,0.161773681640625
s_butterfly_560,resnet50_tl_20250829,8,4,132,44,136.0,48.0,137.10655212402344,136.93997192382812,0.1665802001953125
s_butterfly_560,resnet50_tl_20250829,8,4,132,48,136.0,52.0,137.10655212402344,136.96168518066406,0.144866943359375
s_butterfly_560,resnet50_tl_20250829,8,4,132,52,136.0,56.0,137.10655212402344,136.97872924804688,0.1278228759765625
s_butterfly_560,resnet50_tl_20250829,8,4,132,56,136.0,60.0,137.10655212402344,136.97418212890625,0.1323699951171875
s_butterfly_560,resnet50_tl_20250829,8,4,132,60,136.0,64.0,137.10655212402344,137.041259765625,0.0652923583984375
s_butterfly_560,resnet50_tl_20250829,8,4,132,64,136.0,68.0,137.10655212402344,137.02378845214844,0.082763671875
s_butterfly_560,resnet50_tl_20250829,8,4,132,68,136.0,72.0,137.10655212402344,136.96958923339844,0.136962890625
s_butterfly_560,resnet50_tl_20250829,8,4,132,72,136.0,76.0,137.10655212402344,136.9801025390625,0.1264495849609375
s_butterfly_560,resnet50_tl_20250829,8,4,132,76,136.0,80.0,137.10655212402344,137.0208282470703,0.085723876953125
s_butterfly_560,resnet50_tl_20250829,8,4,132,80,136.0,84.0,137.10655212402344,136.99757385253906,0.108978271484375
s_butterfly_560,resnet50_tl_20250829,8,4,132,84,136.0,88.0,137.10655212402344,136.95651245117188,0.1500396728515625
s_butterfly_560,resnet50_tl_20250829,8,4,132,88,136.0,92.0,137.10655212402344,136.93861389160156,0.167938232421875
s_butterfly_560,resnet50_tl_20250829,8,4,132,92,136.0,96.0,137.10655212402344,137.02352905273438,0.0830230712890625
s_butterfly_560,resnet50_tl_20250829,8,4,132,96,136.0,100.0,137.10655212402344,136.91314697265625,0.1934051513671875
s_butterfly_560,resnet50_tl_20250829,8,4,132,100,136.0,104.0,137.10655212402344,136.8597412109375,0.2468109130859375
s_butterfly_560,resnet50_tl_20250829,8,4,132,104,136.0,108.0,137.10655212402344,136.90017700195312,0.2063751220703125
s_butterfly_560,resnet50_tl_20250829,8,4,132,108,136.0,112.0,137.10655212402344,137.01251220703125,0.0940399169921875
s_butterfly_560,resnet50_tl_20250829,8,4,132,112,136.0,116.0,137.10655212402344,136.9459228515625,0.1606292724609375
s_butterfly_560,resnet50_tl_20250829,8,4,132,116,136.0,120.0,137.10655212402344,136.85960388183594,0.2469482421875
s_butterfly_560,resnet50_tl_20250829,8,4,132,120,136.0,124.0,137.10655212402344,136.89065551757812,0.2158966064453125
s_butterfly_560,resnet50_tl_20250829,8,4,132,124,136.0,128.0,137.10655212402344,136.99977111816406,0.106781005859375
s_butterfly_560,resnet50_tl_20250829,8,4,132,128,136.0,132.0,137.10655212402344,136.92726135253906,0.179290771484375
s_butterfly_560,resnet50_tl_20250829,8,4,132,132,136.0,136.0,137.10655212402344,136.84512329101562,0.2614288330078125
s_butterfly_560,resnet50_tl_20250829,8,4,132,136,136.0,140.0,137.10655212402344,136.8687744140625,0.2377777099609375
s_butterfly_560,resnet50_tl_20250829,8,4,132,140,136.0,144.0,137.10655212402344,136.9103240966797,0.19622802734375
s_butterfly_560,resnet50_tl_20250829,8,4,132,144,136.0,148.0,137.10655212402344,136.8615264892578,0.245025634765625
s_butterfly_560,resnet50_tl_20250829,8,4,132,148,136.0,152.0,137.10655212402344,136.8275604248047,0.27899169921875
s_butterfly_560,resnet50_tl_20250829,8,4,132,152,136.0,156.0,137.10655212402344,136.88856506347656,0.217987060546875
s_butterfly_560,resnet50_tl_20250829,8,4,132,156,136.0,160.0,137.10655212402344,136.98069763183594,0.1258544921875
s_butterfly_560,resnet50_tl_20250829,8,4,132,160,136.0,164.0,137.10655212402344,136.7642364501953,0.342315673828125
s_butterfly_560,resnet50_tl_20250829,8,4,132,164,136.0,168.0,137.10655212402344,136.74917602539062,0.3573760986328125
s_butterfly_560,resnet50_tl_20250829,8,4,132,168,136.0,172.0,137.10655212402344,136.924072265625,0.1824798583984375
s_butterfly_560,resnet50_tl_20250829,8,4,132,172,136.0,176.0,137.10655212402344,137.1072998046875,-0.0007476806640625
s_butterfly_560,resnet50_tl_20250829,8,4,132,176,136.0,180.0,137.10655212402344,137.20603942871094,-0.0994873046875
s_butterfly_560,resnet50_tl_20250829,8,4,132,180,136.0,184.0,137.10655212402344,137.3798828125,-0.2733306884765625
s_butterfly_560,resnet50_tl_20250829,8,4,132,184,136.0,188.0,137.10655212402344,137.19265747070312,-0.0861053466796875
s_butterfly_560,resnet50_tl_20250829,8,4,132,188,136.0,192.0,137.10655212402344,137.19625854492188,-0.0897064208984375
s_butterfly_560,resnet50_tl_20250829,8,4,132,192,136.0,196.0,137.10655212402344,137.08082580566406,0.025726318359375
s_butterfly_560,resnet50_tl_20250829,8,4,132,196,136.0,200.0,137.10655212402344,137.14260864257812,-0.0360565185546875
s_butterfly_560,resnet50_tl_20250829,8,4,132,200,136.0,204.0,137.10655212402344,137.06980895996094,0.0367431640625
s_butterfly_560,resnet50_tl_20250829,8,4,132,204,136.0,208.0,137.10655212402344,137.1303253173828,-0.023773193359375
s_butterfly_560,resnet50_tl_20250829,8,4,132,208,136.0,212.0,137.10655212402344,137.12814331054688,-0.0215911865234375
s_butterfly_560,resnet50_tl_20250829,8,4,132,212,136.0,216.0,137.10655212402344,137.05899047851562,0.0475616455078125
s_butterfly_560,resnet50_tl_20250829,8,4,132,216,136.0,220.0,137.10655212402344,136.98789978027344,0.11865234375
s_butterfly_560,resnet50_tl_20250829,8,4,136,0,140.0,4.0,137.10655212402344,136.9863739013672,0.12017822265625
s_butterfly_560,resnet50_tl_20250829,8,4,136,4,140.0,8.0,137.10655212402344,137.04295349121094,0.0635986328125
s_butterfly_560,resnet50_tl_20250829,8,4,136,8,140.0,12.0,137.10655212402344,137.08595275878906,0.020599365234375
s_butterfly_560,resnet50_tl_20250829,8,4,136,12,140.0,16.0,137.10655212402344,136.95880126953125,0.1477508544921875
s_butterfly_560,resnet50_tl_20250829,8,4,136,16,140.0,20.0,137.10655212402344,136.98414611816406,0.122406005859375
s_butterfly_560,resnet50_tl_20250829,8,4,136,20,140.0,24.0,137.10655212402344,136.90196228027344,0.20458984375
s_butterfly_560,resnet50_tl_20250829,8,4,136,24,140.0,28.0,137.10655212402344,136.9994659423828,0.107086181640625
s_butterfly_560,resnet50_tl_20250829,8,4,136,28,140.0,32.0,137.10655212402344,137.12448120117188,-0.0179290771484375
s_butterfly_560,resnet50_tl_20250829,8,4,136,32,140.0,36.0,137.10655212402344,137.07115173339844,0.035400390625
s_butterfly_560,resnet50_tl_20250829,8,4,136,36,140.0,40.0,137.10655212402344,137.06704711914062,0.0395050048828125
s_butterfly_560,resnet50_tl_20250829,8,4,136,40,140.0,44.0,137.10655212402344,137.06005859375,0.0464935302734375
s_butterfly_560,resnet50_tl_20250829,8,4,136,44,140.0,48.0,137.10655212402344,137.02828979492188,0.0782623291015625
s_butterfly_560,resnet50_tl_20250829,8,4,136,48,140.0,52.0,137.10655212402344,137.0009765625,0.1055755615234375
s_butterfly_560,resnet50_tl_20250829,8,4,136,52,140.0,56.0,137.10655212402344,136.95587158203125,0.1506805419921875
s_butterfly_560,resnet50_tl_20250829,8,4,136,56,140.0,60.0,137.10655212402344,136.9325408935547,0.17401123046875
s_butterfly_560,resnet50_tl_20250829,8,4,136,60,140.0,64.0,137.10655212402344,136.98748779296875,0.1190643310546875
s_butterfly_560,resnet50_tl_20250829,8,4,136,64,140.0,68.0,137.10655212402344,137.0245361328125,0.0820159912109375
s_butterfly_560,resnet50_tl_20250829,8,4,136,68,140.0,72.0,137.10655212402344,136.98985290527344,0.11669921875
s_butterfly_560,resnet50_tl_20250829,8,4,136,72,140.0,76.0,137.10655212402344,136.98452758789062,0.1220245361328125
s_butterfly_560,resnet50_tl_20250829,8,4,136,76,140.0,80.0,137.10655212402344,137.0270233154297,0.07952880859375
s_butterfly_560,resnet50_tl_20250829,8,4,136,80,140.0,84.0,137.10655212402344,136.98681640625,0.1197357177734375
s_butterfly_560,resnet50_tl_20250829,8,4,136,84,140.0,88.0,137.10655212402344,136.9485626220703,0.157989501953125
s_butterfly_560,resnet50_tl_20250829,8,4,136,88,140.0,92.0,137.10655212402344,136.9475555419922,0.15899658203125
s_butterfly_560,resnet50_tl_20250829,8,4,136,92,140.0,96.0,137.10655212402344,136.95388793945312,0.1526641845703125
s_butterfly_560,resnet50_tl_20250829,8,4,136,96,140.0,100.0,137.10655212402344,136.93319702148438,0.1733551025390625
s_butterfly_560,resnet50_tl_20250829,8,4,136,100,140.0,104.0,137.10655212402344,136.900634765625,0.2059173583984375
s_butterfly_560,resnet50_tl_20250829,8,4,136,104,140.0,108.0,137.10655212402344,136.90036010742188,0.2061920166015625
s_butterfly_560,resnet50_tl_20250829,8,4,136,108,140.0,112.0,137.10655212402344,136.9542694091797,0.15228271484375
s_butterfly_560,resnet50_tl_20250829,8,4,136,112,140.0,116.0,137.10655212402344,136.9846649169922,0.12188720703125
s_butterfly_560,resnet50_tl_20250829,8,4,136,116,140.0,120.0,137.10655212402344,136.89639282226562,0.2101593017578125
s_butterfly_560,resnet50_tl_20250829,8,4,136,120,140.0,124.0,137.10655212402344,136.92181396484375,0.1847381591796875
s_butterfly_560,resnet50_tl_20250829,8,4,136,124,140.0,128.0,137.10655212402344,136.9768829345703,0.129669189453125
s_butterfly_560,resnet50_tl_20250829,8,4,136,128,140.0,132.0,137.10655212402344,136.98802185058594,0.1185302734375
s_butterfly_560,resnet50_tl_20250829,8,4,136,132,140.0,136.0,137.10655212402344,136.88467407226562,0.2218780517578125
s_butterfly_560,resnet50_tl_20250829,8,4,136,136,140.0,140.0,137.10655212402344,136.8994140625,0.2071380615234375
s_butterfly_560,resnet50_tl_20250829,8,4,136,140,140.0,144.0,137.10655212402344,136.9199676513672,0.18658447265625
s_butterfly_560,resnet50_tl_20250829,8,4,136,144,140.0,148.0,137.10655212402344,136.95004272460938,0.1565093994140625
s_butterfly_560,resnet50_tl_20250829,8,4,136,148,140.0,152.0,137.10655212402344,136.85321044921875,0.2533416748046875
s_butterfly_560,resnet50_tl_20250829,8,4,136,152,140.0,156.0,137.10655212402344,136.7257537841797,0.38079833984375
s_butterfly_560,resnet50_tl_20250829,8,4,136,156,140.0,160.0,137.10655212402344,136.73880004882812,0.3677520751953125
s_butterfly_560,resnet50_tl_20250829,8,4,136,160,140.0,164.0,137.10655212402344,136.66018676757812,0.4463653564453125
s_butterfly_560,resnet50_tl_20250829,8,4,136,164,140.0,168.0,137.10655212402344,136.78021240234375,0.3263397216796875
s_butterfly_560,resnet50_tl_20250829,8,4,136,168,140.0,172.0,137.10655212402344,136.86795043945312,0.2386016845703125
s_butterfly_560,resnet50_tl_20250829,8,4,136,172,140.0,176.0,137.10655212402344,136.88119506835938,0.2253570556640625
s_butterfly_560,resnet50_tl_20250829,8,4,136,176,140.0,180.0,137.10655212402344,136.95806884765625,0.1484832763671875
s_butterfly_560,resnet50_tl_20250829,8,4,136,180,140.0,184.0,137.10655212402344,137.02781677246094,0.0787353515625
s_butterfly_560,resnet50_tl_20250829,8,4,136,184,140.0,188.0,137.10655212402344,137.0708465576172,0.03570556640625
s_butterfly_560,resnet50_tl_20250829,8,4,136,188,140.0,192.0,137.10655212402344,136.93128967285156,0.175262451171875
s_butterfly_560,resnet50_tl_20250829,8,4,136,192,140.0,196.0,137.10655212402344,136.91197204589844,0.194580078125
s_butterfly_560,resnet50_tl_20250829,8,4,136,196,140.0,200.0,137.10655212402344,136.93438720703125,0.1721649169921875
s_butterfly_560,resnet50_tl_20250829,8,4,136,200,140.0,204.0,137.10655212402344,137.0256805419922,0.08087158203125
s_butterfly_560,resnet50_tl_20250829,8,4,136,204,140.0,208.0,137.10655212402344,137.04290771484375,0.0636444091796875
s_butterfly_560,resnet50_tl_20250829,8,4,136,208,140.0,212.0,137.10655212402344,137.03721618652344,0.0693359375
s_butterfly_560,resnet50_tl_20250829,8,4,136,212,140.0,216.0,137.10655212402344,136.9663543701172,0.14019775390625
s_butterfly_560,resnet50_tl_20250829,8,4,136,216,140.0,220.0,137.10655212402344,136.9874725341797,0.11907958984375
s_butterfly_560,resnet50_tl_20250829,8,4,140,0,144.0,4.0,137.10655212402344,136.8394775390625,0.2670745849609375
s_butterfly_560,resnet50_tl_20250829,8,4,140,4,144.0,8.0,137.10655212402344,137.08717346191406,0.019378662109375
s_butterfly_560,resnet50_tl_20250829,8,4,140,8,144.0,12.0,137.10655212402344,137.1610565185547,-0.05450439453125
s_butterfly_560,resnet50_tl_20250829,8,4,140,12,144.0,16.0,137.10655212402344,137.0354461669922,0.07110595703125
s_butterfly_560,resnet50_tl_20250829,8,4,140,16,144.0,20.0,137.10655212402344,137.13345336914062,-0.0269012451171875
s_butterfly_560,resnet50_tl_20250829,8,4,140,20,144.0,24.0,137.10655212402344,137.20883178710938,-0.1022796630859375
s_butterfly_560,resnet50_tl_20250829,8,4,140,24,144.0,28.0,137.10655212402344,137.25656127929688,-0.1500091552734375
s_butterfly_560,resnet50_tl_20250829,8,4,140,28,144.0,32.0,137.10655212402344,137.22535705566406,-0.118804931640625
s_butterfly_560,resnet50_tl_20250829,8,4,140,32,144.0,36.0,137.10655212402344,137.1352996826172,-0.02874755859375
s_butterfly_560,resnet50_tl_20250829,8,4,140,36,144.0,40.0,137.10655212402344,137.14353942871094,-0.0369873046875
s_butterfly_560,resnet50_tl_20250829,8,4,140,40,144.0,44.0,137.10655212402344,137.06259155273438,0.0439605712890625
s_butterfly_560,resnet50_tl_20250829,8,4,140,44,144.0,48.0,137.10655212402344,137.1209259033203,-0.014373779296875
s_butterfly_560,resnet50_tl_20250829,8,4,140,48,144.0,52.0,137.10655212402344,137.04490661621094,0.0616455078125
s_butterfly_560,resnet50_tl_20250829,8,4,140,52,144.0,56.0,137.10655212402344,137.0013427734375,0.1052093505859375
s_butterfly_560,resnet50_tl_20250829,8,4,140,56,144.0,60.0,137.10655212402344,136.97657775878906,0.129974365234375
s_butterfly_560,resnet50_tl_20250829,8,4,140,60,144.0,64.0,137.10655212402344,137.0469970703125,0.0595550537109375
s_butterfly_560,resnet50_tl_20250829,8,4,140,64,144.0,68.0,137.10655212402344,137.0751495361328,0.031402587890625
s_butterfly_560,resnet50_tl_20250829,8,4,140,68,144.0,72.0,137.10655212402344,137.00086975097656,0.105682373046875
s_butterfly_560,resnet50_tl_20250829,8,4,140,72,144.0,76.0,137.10655212402344,137.02401733398438,0.0825347900390625
s_butterfly_560,resnet50_tl_20250829,8,4,140,76,144.0,80.0,137.10655212402344,137.00296020507812,0.1035919189453125
s_butterfly_560,resnet50_tl_20250829,8,4,140,80,144.0,84.0,137.10655212402344,136.99380493164062,0.1127471923828125
s_butterfly_560,resnet50_tl_20250829,8,4,140,84,144.0,88.0,137.10655212402344,136.96534729003906,0.141204833984375
s_butterfly_560,resnet50_tl_20250829,8,4,140,88,144.0,92.0,137.10655212402344,136.95333862304688,0.1532135009765625
s_butterfly_560,resnet50_tl_20250829,8,4,140,92,144.0,96.0,137.10655212402344,136.9903106689453,0.116241455078125
s_butterfly_560,resnet50_tl_20250829,8,4,140,96,144.0,100.0,137.10655212402344,136.9748992919922,0.13165283203125
s_butterfly_560,resnet50_tl_20250829,8,4,140,100,144.0,104.0,137.10655212402344,136.9788055419922,0.12774658203125
s_butterfly_560,resnet50_tl_20250829,8,4,140,104,144.0,108.0,137.10655212402344,136.92755126953125,0.1790008544921875
s_butterfly_560,resnet50_tl_20250829,8,4,140,108,144.0,112.0,137.10655212402344,137.05007934570312,0.0564727783203125
s_butterfly_560,resnet50_tl_20250829,8,4,140,112,144.0,116.0,137.10655212402344,137.00250244140625,0.1040496826171875
s_butterfly_560,resnet50_tl_20250829,8,4,140,116,144.0,120.0,137.10655212402344,137.03294372558594,0.0736083984375
s_butterfly_560,resnet50_tl_20250829,8,4,140,120,144.0,124.0,137.10655212402344,136.9873046875,0.1192474365234375
s_butterfly_560,resnet50_tl_20250829,8,4,140,124,144.0,128.0,137.10655212402344,137.04556274414062,0.0609893798828125
s_butterfly_560,resnet50_tl_20250829,8,4,140,128,144.0,132.0,137.10655212402344,136.98936462402344,0.1171875
s_butterfly_560,resnet50_tl_20250829,8,4,140,132,144.0,136.0,137.10655212402344,137.06239318847656,0.044158935546875
s_butterfly_560,resnet50_tl_20250829,8,4,140,136,144.0,140.0,137.10655212402344,136.9529571533203,0.153594970703125
s_butterfly_560,resnet50_tl_20250829,8,4,140,140,144.0,144.0,137.10655212402344,137.01377868652344,0.0927734375
s_butterfly_560,resnet50_tl_20250829,8,4,140,144,144.0,148.0,137.10655212402344,136.92503356933594,0.1815185546875
s_butterfly_560,resnet50_tl_20250829,8,4,140,148,144.0,152.0,137.10655212402344,136.96519470214844,0.141357421875
s_butterfly_560,resnet50_tl_20250829,8,4,140,152,144.0,156.0,137.10655212402344,136.7328338623047,0.37371826171875
s_butterfly_560,resnet50_tl_20250829,8,4,140,156,144.0,160.0,137.10655212402344,136.635009765625,0.4715423583984375
s_butterfly_560,resnet50_tl_20250829,8,4,140,160,144.0,164.0,137.10655212402344,136.48941040039062,0.6171417236328125
s_butterfly_560,resnet50_tl_20250829,8,4,140,164,144.0,168.0,137.10655212402344,136.5653533935547,0.54119873046875
s_butterfly_560,resnet50_tl_20250829,8,4,140,168,144.0,172.0,137.10655212402344,136.58154296875,0.5250091552734375
s_butterfly_560,resnet50_tl_20250829,8,4,140,172,144.0,176.0,137.10655212402344,136.1324920654297,0.97406005859375
s_butterfly_560,resnet50_tl_20250829,8,4,140,176,144.0,180.0,137.10655212402344,136.48312377929688,0.6234283447265625
s_butterfly_560,resnet50_tl_20250829,8,4,140,180,144.0,184.0,137.10655212402344,136.8640594482422,0.24249267578125
s_butterfly_560,resnet50_tl_20250829,8,4,140,184,144.0,188.0,137.10655212402344,136.96401977539062,0.1425323486328125
s_butterfly_560,resnet50_tl_20250829,8,4,140,188,144.0,192.0,137.10655212402344,136.7798614501953,0.326690673828125
s_butterfly_560,resnet50_tl_20250829,8,4,140,192,144.0,196.0,137.10655212402344,136.77684020996094,0.3297119140625
s_butterfly_560,resnet50_tl_20250829,8,4,140,196,144.0,200.0,137.10655212402344,136.86105346679688,0.2454986572265625
s_butterfly_560,resnet50_tl_20250829,8,4,140,200,144.0,204.0,137.10655212402344,137.0361328125,0.0704193115234375
s_butterfly_560,resnet50_tl_20250829,8,4,140,204,144.0,208.0,137.10655212402344,137.02394104003906,0.082611083984375
s_butterfly_560,resnet50_tl_20250829,8,4,140,208,144.0,212.0,137.10655212402344,136.95501708984375,0.1515350341796875
s_butterfly_560,resnet50_tl_20250829,8,4,140,212,144.0,216.0,137.10655212402344,136.9405059814453,0.166046142578125
s_butterfly_560,resnet50_tl_20250829,8,4,140,216,144.0,220.0,137.10655212402344,136.96974182128906,0.136810302734375
s_butterfly_560,resnet50_tl_20250829,8,4,144,0,148.0,4.0,137.10655212402344,136.9906768798828,0.115875244140625
s_butterfly_560,resnet50_tl_20250829,8,4,144,4,148.0,8.0,137.10655212402344,137.00282287597656,0.103729248046875
s_butterfly_560,resnet50_tl_20250829,8,4,144,8,148.0,12.0,137.10655212402344,137.03909301757812,0.0674591064453125
s_butterfly_560,resnet50_tl_20250829,8,4,144,12,148.0,16.0,137.10655212402344,137.0166015625,0.0899505615234375
s_butterfly_560,resnet50_tl_20250829,8,4,144,16,148.0,20.0,137.10655212402344,137.1337890625,-0.0272369384765625
s_butterfly_560,resnet50_tl_20250829,8,4,144,20,148.0,24.0,137.10655212402344,137.21487426757812,-0.1083221435546875
s_butterfly_560,resnet50_tl_20250829,8,4,144,24,148.0,28.0,137.10655212402344,137.19410705566406,-0.087554931640625
s_butterfly_560,resnet50_tl_20250829,8,4,144,28,148.0,32.0,137.10655212402344,137.2826690673828,-0.176116943359375
s_butterfly_560,resnet50_tl_20250829,8,4,144,32,148.0,36.0,137.10655212402344,137.2031707763672,-0.09661865234375
s_butterfly_560,resnet50_tl_20250829,8,4,144,36,148.0,40.0,137.10655212402344,137.12960815429688,-0.0230560302734375
s_butterfly_560,resnet50_tl_20250829,8,4,144,40,148.0,44.0,137.10655212402344,137.13076782226562,-0.0242156982421875
s_butterfly_560,resnet50_tl_20250829,8,4,144,44,148.0,48.0,137.10655212402344,137.0778350830078,0.028717041015625
s_butterfly_560,resnet50_tl_20250829,8,4,144,48,148.0,52.0,137.10655212402344,137.0248260498047,0.08172607421875
s_butterfly_560,resnet50_tl_20250829,8,4,144,52,148.0,56.0,137.10655212402344,136.94793701171875,0.1586151123046875
s_butterfly_560,resnet50_tl_20250829,8,4,144,56,148.0,60.0,137.10655212402344,136.97909545898438,0.1274566650390625
s_butterfly_560,resnet50_tl_20250829,8,4,144,60,148.0,64.0,137.10655212402344,137.06739807128906,0.039154052734375
s_butterfly_560,resnet50_tl_20250829,8,4,144,64,148.0,68.0,137.10655212402344,137.04043579101562,0.0661163330078125
s_butterfly_560,resnet50_tl_20250829,8,4,144,68,148.0,72.0,137.10655212402344,136.998779296875,0.1077728271484375
s_butterfly_560,resnet50_tl_20250829,8,4,144,72,148.0,76.0,137.10655212402344,137.0119171142578,0.094635009765625
s_butterfly_560,resnet50_tl_20250829,8,4,144,76,148.0,80.0,137.10655212402344,137.0408477783203,0.065704345703125
s_butterfly_560,resnet50_tl_20250829,8,4,144,80,148.0,84.0,137.10655212402344,137.02667236328125,0.0798797607421875
s_butterfly_560,resnet50_tl_20250829,8,4,144,84,148.0,88.0,137.10655212402344,137.00048828125,0.1060638427734375
s_butterfly_560,resnet50_tl_20250829,8,4,144,88,148.0,92.0,137.10655212402344,136.96078491210938,0.1457672119140625
s_butterfly_560,resnet50_tl_20250829,8,4,144,92,148.0,96.0,137.10655212402344,136.9512176513672,0.15533447265625
s_butterfly_560,resnet50_tl_20250829,8,4,144,96,148.0,100.0,137.10655212402344,136.9773406982422,0.12921142578125
s_butterfly_560,resnet50_tl_20250829,8,4,144,100,148.0,104.0,137.10655212402344,136.85067749023438,0.2558746337890625
s_butterfly_560,resnet50_tl_20250829,8,4,144,104,148.0,108.0,137.10655212402344,136.93455505371094,0.1719970703125
s_butterfly_560,resnet50_tl_20250829,8,4,144,108,148.0,112.0,137.10655212402344,136.9903106689453,0.116241455078125
s_butterfly_560,resnet50_tl_20250829,8,4,144,112,148.0,116.0,137.10655212402344,137.02272033691406,0.083831787109375
s_butterfly_560,resnet50_tl_20250829,8,4,144,116,148.0,120.0,137.10655212402344,136.98728942871094,0.1192626953125
s_butterfly_560,resnet50_tl_20250829,8,4,144,120,148.0,124.0,137.10655212402344,137.03431701660156,0.072235107421875
s_butterfly_560,resnet50_tl_20250829,8,4,144,124,148.0,128.0,137.10655212402344,137.02272033691406,0.083831787109375
s_butterfly_560,resnet50_tl_20250829,8,4,144,128,148.0,132.0,137.10655212402344,137.05491638183594,0.0516357421875
s_butterfly_560,resnet50_tl_20250829,8,4,144,132,148.0,136.0,137.10655212402344,137.0300750732422,0.07647705078125
s_butterfly_560,resnet50_tl_20250829,8,4,144,136,148.0,140.0,137.10655212402344,137.01016235351562,0.0963897705078125
s_butterfly_560,resnet50_tl_20250829,8,4,144,140,148.0,144.0,137.10655212402344,136.95762634277344,0.14892578125
s_butterfly_560,resnet50_tl_20250829,8,4,144,144,148.0,148.0,137.10655212402344,136.96202087402344,0.14453125
s_butterfly_560,resnet50_tl_20250829,8,4,144,148,148.0,152.0,137.10655212402344,136.97348022460938,0.1330718994140625
s_butterfly_560,resnet50_tl_20250829,8,4,144,152,148.0,156.0,137.10655212402344,136.91404724121094,0.1925048828125
s_butterfly_560,resnet50_tl_20250829,8,4,144,156,148.0,160.0,137.10655212402344,136.74612426757812,0.3604278564453125
s_butterfly_560,resnet50_tl_20250829,8,4,144,160,148.0,164.0,137.10655212402344,136.6016082763672,0.50494384765625
s_butterfly_560,resnet50_tl_20250829,8,4,144,164,148.0,168.0,137.10655212402344,136.62307739257812,0.4834747314453125
s_butterfly_560,resnet50_tl_20250829,8,4,144,168,148.0,172.0,137.10655212402344,136.74049377441406,0.366058349609375
s_butterfly_560,resnet50_tl_20250829,8,4,144,172,148.0,176.0,137.10655212402344,136.50747680664062,0.5990753173828125
s_butterfly_560,resnet50_tl_20250829,8,4,144,176,148.0,180.0,137.10655212402344,136.52818298339844,0.578369140625
s_butterfly_560,resnet50_tl_20250829,8,4,144,180,148.0,184.0,137.10655212402344,136.66246032714844,0.444091796875
s_butterfly_560,resnet50_tl_20250829,8,4,144,184,148.0,188.0,137.10655212402344,136.88385009765625,0.2227020263671875
s_butterfly_560,resnet50_tl_20250829,8,4,144,188,148.0,192.0,137.10655212402344,136.7002410888672,0.40631103515625
s_butterfly_560,resnet50_tl_20250829,8,4,144,192,148.0,196.0,137.10655212402344,136.7524871826172,0.35406494140625
s_butterfly_560,resnet50_tl_20250829,8,4,144,196,148.0,200.0,137.10655212402344,136.82017517089844,0.286376953125
s_butterfly_560,resnet50_tl_20250829,8,4,144,200,148.0,204.0,137.10655212402344,137.00453186035156,0.102020263671875
s_butterfly_560,resnet50_tl_20250829,8,4,144,204,148.0,208.0,137.10655212402344,136.9510955810547,0.15545654296875
s_butterfly_560,resnet50_tl_20250829,8,4,144,208,148.0,212.0,137.10655212402344,136.96673583984375,0.1398162841796875
s_butterfly_560,resnet50_tl_20250829,8,4,144,212,148.0,216.0,137.10655212402344,136.91824340820312,0.1883087158203125
s_butterfly_560,resnet50_tl_20250829,8,4,144,216,148.0,220.0,137.10655212402344,136.98936462402344,0.1171875
s_butterfly_560,resnet50_tl_20250829,8,4,148,0,152.0,4.0,137.10655212402344,137.01898193359375,0.0875701904296875
s_butterfly_560,resnet50_tl_20250829,8,4,148,4,152.0,8.0,137.10655212402344,137.02484130859375,0.0817108154296875
s_butterfly_560,resnet50_tl_20250829,8,4,148,8,152.0,12.0,137.10655212402344,136.94366455078125,0.1628875732421875
s_butterfly_560,resnet50_tl_20250829,8,4,148,12,152.0,16.0,137.10655212402344,136.96412658691406,0.142425537109375
s_butterfly_560,resnet50_tl_20250829,8,4,148,16,152.0,20.0,137.10655212402344,137.02268981933594,0.0838623046875
s_butterfly_560,resnet50_tl_20250829,8,4,148,20,152.0,24.0,137.10655212402344,137.09559631347656,0.010955810546875
s_butterfly_560,resnet50_tl_20250829,8,4,148,24,152.0,28.0,137.10655212402344,137.27679443359375,-0.1702423095703125
s_butterfly_560,resnet50_tl_20250829,8,4,148,28,152.0,32.0,137.10655212402344,137.3350830078125,-0.2285308837890625
s_butterfly_560,resnet50_tl_20250829,8,4,148,32,152.0,36.0,137.10655212402344,137.17723083496094,-0.0706787109375
s_butterfly_560,resnet50_tl_20250829,8,4,148,36,152.0,40.0,137.10655212402344,137.2285919189453,-0.122039794921875
s_butterfly_560,resnet50_tl_20250829,8,4,148,40,152.0,44.0,137.10655212402344,137.21238708496094,-0.1058349609375
s_butterfly_560,resnet50_tl_20250829,8,4,148,44,152.0,48.0,137.10655212402344,137.04898071289062,0.0575714111328125
s_butterfly_560,resnet50_tl_20250829,8,4,148,48,152.0,52.0,137.10655212402344,136.96054077148438,0.1460113525390625
s_butterfly_560,resnet50_tl_20250829,8,4,148,52,152.0,56.0,137.10655212402344,136.9786376953125,0.1279144287109375
s_butterfly_560,resnet50_tl_20250829,8,4,148,56,152.0,60.0,137.10655212402344,136.91452026367188,0.1920318603515625
s_butterfly_560,resnet50_tl_20250829,8,4,148,60,152.0,64.0,137.10655212402344,136.97164916992188,0.1349029541015625
s_butterfly_560,resnet50_tl_20250829,8,4,148,64,152.0,68.0,137.10655212402344,136.97125244140625,0.1352996826171875
s_butterfly_560,resnet50_tl_20250829,8,4,148,68,152.0,72.0,137.10655212402344,136.93844604492188,0.1681060791015625
s_butterfly_560,resnet50_tl_20250829,8,4,148,72,152.0,76.0,137.10655212402344,137.0416259765625,0.0649261474609375
s_butterfly_560,resnet50_tl_20250829,8,4,148,76,152.0,80.0,137.10655212402344,137.12257385253906,-0.016021728515625
s_butterfly_560,resnet50_tl_20250829,8,4,148,80,152.0,84.0,137.10655212402344,137.09095764160156,0.015594482421875
s_butterfly_560,resnet50_tl_20250829,8,4,148,84,152.0,88.0,137.10655212402344,137.0430450439453,0.063507080078125
s_butterfly_560,resnet50_tl_20250829,8,4,148,88,152.0,92.0,137.10655212402344,137.09725952148438,0.0092926025390625
s_butterfly_560,resnet50_tl_20250829,8,4,148,92,152.0,96.0,137.10655212402344,137.15225219726562,-0.0457000732421875
s_butterfly_560,resnet50_tl_20250829,8,4,148,96,152.0,100.0,137.10655212402344,137.0108642578125,0.0956878662109375
s_butterfly_560,resnet50_tl_20250829,8,4,148,100,152.0,104.0,137.10655212402344,136.88133239746094,0.2252197265625
s_butterfly_560,resnet50_tl_20250829,8,4,148,104,152.0,108.0,137.10655212402344,136.8875732421875,0.2189788818359375
s_butterfly_560,resnet50_tl_20250829,8,4,148,108,152.0,112.0,137.10655212402344,136.982421875,0.1241302490234375
s_butterfly_560,resnet50_tl_20250829,8,4,148,112,152.0,116.0,137.10655212402344,136.95057678222656,0.155975341796875
s_butterfly_560,resnet50_tl_20250829,8,4,148,116,152.0,120.0,137.10655212402344,136.9029541015625,0.2035980224609375
s_butterfly_560,resnet50_tl_20250829,8,4,148,120,152.0,124.0,137.10655212402344,136.96617126464844,0.140380859375
s_butterfly_560,resnet50_tl_20250829,8,4,148,124,152.0,128.0,137.10655212402344,137.08741760253906,0.019134521484375
s_butterfly_560,resnet50_tl_20250829,8,4,148,128,152.0,132.0,137.10655212402344,137.0223846435547,0.08416748046875
s_butterfly_560,resnet50_tl_20250829,8,4,148,132,152.0,136.0,137.10655212402344,136.95420837402344,0.15234375
s_butterfly_560,resnet50_tl_20250829,8,4,148,136,152.0,140.0,137.10655212402344,136.95272827148438,0.1538238525390625
s_butterfly_560,resnet50_tl_20250829,8,4,148,140,152.0,144.0,137.10655212402344,137.00794982910156,0.098602294921875
s_butterfly_560,resnet50_tl_20250829,8,4,148,144,152.0,148.0,137.10655212402344,136.9547119140625,0.1518402099609375
s_butterfly_560,resnet50_tl_20250829,8,4,148,148,152.0,152.0,137.10655212402344,136.82603454589844,0.280517578125
s_butterfly_560,resnet50_tl_20250829,8,4,148,152,152.0,156.0,137.10655212402344,136.79855346679688,0.3079986572265625
s_butterfly_560,resnet50_tl_20250829,8,4,148,156,152.0,160.0,137.10655212402344,136.79763793945312,0.3089141845703125
s_butterfly_560,resnet50_tl_20250829,8,4,148,160,152.0,164.0,137.10655212402344,136.48590087890625,0.6206512451171875
s_butterfly_560,resnet50_tl_20250829,8,4,148,164,152.0,168.0,137.10655212402344,136.5391387939453,0.567413330078125
s_butterfly_560,resnet50_tl_20250829,8,4,148,168,152.0,172.0,137.10655212402344,136.70297241210938,0.4035797119140625
s_butterfly_560,resnet50_tl_20250829,8,4,148,172,152.0,176.0,137.10655212402344,136.77342224121094,0.3331298828125
s_butterfly_560,resnet50_tl_20250829,8,4,148,176,152.0,180.0,137.10655212402344,136.8183135986328,0.288238525390625
s_butterfly_560,resnet50_tl_20250829,8,4,148,180,152.0,184.0,137.10655212402344,136.8780975341797,0.22845458984375
s_butterfly_560,resnet50_tl_20250829,8,4,148,184,152.0,188.0,137.10655212402344,137.01507568359375,0.0914764404296875
s_butterfly_560,resnet50_tl_20250829,8,4,148,188,152.0,192.0,137.10655212402344,136.9807891845703,0.125762939453125
s_butterfly_560,resnet50_tl_20250829,8,4,148,192,152.0,196.0,137.10655212402344,136.97940063476562,0.1271514892578125
s_butterfly_560,resnet50_tl_20250829,8,4,148,196,152.0,200.0,137.10655212402344,136.99049377441406,0.116058349609375
s_butterfly_560,resnet50_tl_20250829,8,4,148,200,152.0,204.0,137.10655212402344,137.01510620117188,0.0914459228515625
s_butterfly_560,resnet50_tl_20250829,8,4,148,204,152.0,208.0,137.10655212402344,137.0824737548828,0.024078369140625
s_butterfly_560,resnet50_tl_20250829,8,4,148,208,152.0,212.0,137.10655212402344,137.1143341064453,-0.007781982421875
s_butterfly_560,resnet50_tl_20250829,8,4,148,212,152.0,216.0,137.10655212402344,137.03717041015625,0.0693817138671875
s_butterfly_560,resnet50_tl_20250829,8,4,148,216,152.0,220.0,137.10655212402344,136.9777069091797,0.12884521484375
s_butterfly_560,resnet50_tl_20250829,8,4,152,0,156.0,4.0,137.10655212402344,136.912841796875,0.1937103271484375
s_butterfly_560,resnet50_tl_20250829,8,4,152,4,156.0,8.0,137.10655212402344,136.8725128173828,0.234039306640625
s_butterfly_560,resnet50_tl_20250829,8,4,152,8,156.0,12.0,137.10655212402344,136.8336944580078,0.272857666015625
s_butterfly_560,resnet50_tl_20250829,8,4,152,12,156.0,16.0,137.10655212402344,136.930908203125,0.1756439208984375
s_butterfly_560,resnet50_tl_20250829,8,4,152,16,156.0,20.0,137.10655212402344,136.91946411132812,0.1870880126953125
s_butterfly_560,resnet50_tl_20250829,8,4,152,20,156.0,24.0,137.10655212402344,137.0675048828125,0.0390472412109375
s_butterfly_560,resnet50_tl_20250829,8,4,152,24,156.0,28.0,137.10655212402344,137.07369995117188,0.0328521728515625
s_butterfly_560,resnet50_tl_20250829,8,4,152,28,156.0,32.0,137.10655212402344,136.8631591796875,0.2433929443359375
s_butterfly_560,resnet50_tl_20250829,8,4,152,32,156.0,36.0,137.10655212402344,136.7921600341797,0.31439208984375
s_butterfly_560,resnet50_tl_20250829,8,4,152,36,156.0,40.0,137.10655212402344,136.9262237548828,0.180328369140625
s_butterfly_560,resnet50_tl_20250829,8,4,152,40,156.0,44.0,137.10655212402344,136.98377990722656,0.122772216796875
s_butterfly_560,resnet50_tl_20250829,8,4,152,44,156.0,48.0,137.10655212402344,136.9231414794922,0.18341064453125
s_butterfly_560,resnet50_tl_20250829,8,4,152,48,156.0,52.0,137.10655212402344,136.9685821533203,0.137969970703125
s_butterfly_560,resnet50_tl_20250829,8,4,152,52,156.0,56.0,137.10655212402344,136.90762329101562,0.1989288330078125
s_butterfly_560,resnet50_tl_20250829,8,4,152,56,156.0,60.0,137.10655212402344,136.9134063720703,0.193145751953125
s_butterfly_560,resnet50_tl_20250829,8,4,152,60,156.0,64.0,137.10655212402344,136.9747772216797,0.13177490234375
s_butterfly_560,resnet50_tl_20250829,8,4,152,64,156.0,68.0,137.10655212402344,136.98443603515625,0.1221160888671875
s_butterfly_560,resnet50_tl_20250829,8,4,152,68,156.0,72.0,137.10655212402344,136.96803283691406,0.138519287109375
s_butterfly_560,resnet50_tl_20250829,8,4,152,72,156.0,76.0,137.10655212402344,137.01441955566406,0.092132568359375
s_butterfly_560,resnet50_tl_20250829,8,4,152,76,156.0,80.0,137.10655212402344,137.12184143066406,-0.015289306640625
s_butterfly_560,resnet50_tl_20250829,8,4,152,80,156.0,84.0,137.10655212402344,137.0476531982422,0.05889892578125
s_butterfly_560,resnet50_tl_20250829,8,4,152,84,156.0,88.0,137.10655212402344,137.0653533935547,0.04119873046875
s_butterfly_560,resnet50_tl_20250829,8,4,152,88,156.0,92.0,137.10655212402344,137.09327697753906,0.013275146484375
s_butterfly_560,resnet50_tl_20250829,8,4,152,92,156.0,96.0,137.10655212402344,137.25875854492188,-0.1522064208984375
s_butterfly_560,resnet50_tl_20250829,8,4,152,96,156.0,100.0,137.10655212402344,137.11676025390625,-0.0102081298828125
s_butterfly_560,resnet50_tl_20250829,8,4,152,100,156.0,104.0,137.10655212402344,137.0475311279297,0.05902099609375
s_butterfly_560,resnet50_tl_20250829,8,4,152,104,156.0,108.0,137.10655212402344,136.9259033203125,0.1806488037109375
s_butterfly_560,resnet50_tl_20250829,8,4,152,108,156.0,112.0,137.10655212402344,136.90611267089844,0.200439453125
s_butterfly_560,resnet50_tl_20250829,8,4,152,112,156.0,116.0,137.10655212402344,136.93948364257812,0.1670684814453125
s_butterfly_560,resnet50_tl_20250829,8,4,152,116,156.0,120.0,137.10655212402344,136.90377807617188,0.2027740478515625
s_butterfly_560,resnet50_tl_20250829,8,4,152,120,156.0,124.0,137.10655212402344,136.91566467285156,0.190887451171875
s_butterfly_560,resnet50_tl_20250829,8,4,152,124,156.0,128.0,137.10655212402344,137.01101684570312,0.0955352783203125
s_butterfly_560,resnet50_tl_20250829,8,4,152,128,156.0,132.0,137.10655212402344,137.0036163330078,0.102935791015625
s_butterfly_560,resnet50_tl_20250829,8,4,152,132,156.0,136.0,137.10655212402344,136.92489624023438,0.1816558837890625
s_butterfly_560,resnet50_tl_20250829,8,4,152,136,156.0,140.0,137.10655212402344,136.92127990722656,0.185272216796875
s_butterfly_560,resnet50_tl_20250829,8,4,152,140,156.0,144.0,137.10655212402344,136.99314880371094,0.1134033203125
s_butterfly_560,resnet50_tl_20250829,8,4,152,144,156.0,148.0,137.10655212402344,137.00291442871094,0.1036376953125
s_butterfly_560,resnet50_tl_20250829,8,4,152,148,156.0,152.0,137.10655212402344,136.87991333007812,0.2266387939453125
s_butterfly_560,resnet50_tl_20250829,8,4,152,152,156.0,156.0,137.10655212402344,136.77574157714844,0.330810546875
s_butterfly_560,resnet50_tl_20250829,8,4,152,156,156.0,160.0,137.10655212402344,136.7276611328125,0.3788909912109375
s_butterfly_560,resnet50_tl_20250829,8,4,152,160,156.0,164.0,137.10655212402344,136.544189453125,0.5623626708984375
s_butterfly_560,resnet50_tl_20250829,8,4,152,164,156.0,168.0,137.10655212402344,136.64324951171875,0.4633026123046875
s_butterfly_560,resnet50_tl_20250829,8,4,152,168,156.0,172.0,137.10655212402344,136.44296264648438,0.6635894775390625
s_butterfly_560,resnet50_tl_20250829,8,4,152,172,156.0,176.0,137.10655212402344,136.52423095703125,0.5823211669921875
s_butterfly_560,resnet50_tl_20250829,8,4,152,176,156.0,180.0,137.10655212402344,136.5712432861328,0.535308837890625
s_butterfly_560,resnet50_tl_20250829,8,4,152,180,156.0,184.0,137.10655212402344,136.64816284179688,0.4583892822265625
s_butterfly_560,resnet50_tl_20250829,8,4,152,184,156.0,188.0,137.10655212402344,136.86439514160156,0.242156982421875
s_butterfly_560,resnet50_tl_20250829,8,4,152,188,156.0,192.0,137.10655212402344,136.73887634277344,0.36767578125
s_butterfly_560,resnet50_tl_20250829,8,4,152,192,156.0,196.0,137.10655212402344,136.77748107910156,0.329071044921875
s_butterfly_560,resnet50_tl_20250829,8,4,152,196,156.0,200.0,137.10655212402344,136.85301208496094,0.2535400390625
s_butterfly_560,resnet50_tl_20250829,8,4,152,200,156.0,204.0,137.10655212402344,136.99807739257812,0.1084747314453125
s_butterfly_560,resnet50_tl_20250829,8,4,152,204,156.0,208.0,137.10655212402344,136.9954833984375,0.1110687255859375
s_butterfly_560,resnet50_tl_20250829,8,4,152,208,156.0,212.0,137.10655212402344,137.03724670410156,0.069305419921875
s_butterfly_560,resnet50_tl_20250829,8,4,152,212,156.0,216.0,137.10655212402344,136.95077514648438,0.1557769775390625
s_butterfly_560,resnet50_tl_20250829,8,4,152,216,156.0,220.0,137.10655212402344,136.9840087890625,0.1225433349609375
s_butterfly_560,resnet50_tl_20250829,8,4,156,0,160.0,4.0,137.10655212402344,136.77569580078125,0.3308563232421875
s_butterfly_560,resnet50_tl_20250829,8,4,156,4,160.0,8.0,137.10655212402344,136.86976623535156,0.236785888671875
s_butterfly_560,resnet50_tl_20250829,8,4,156,8,160.0,12.0,137.10655212402344,136.98011779785156,0.126434326171875
s_butterfly_560,resnet50_tl_20250829,8,4,156,12,160.0,16.0,137.10655212402344,136.95143127441406,0.155120849609375
s_butterfly_560,resnet50_tl_20250829,8,4,156,16,160.0,20.0,137.10655212402344,136.7406768798828,0.365875244140625
s_butterfly_560,resnet50_tl_20250829,8,4,156,20,160.0,24.0,137.10655212402344,137.0773468017578,0.029205322265625
s_butterfly_560,resnet50_tl_20250829,8,4,156,24,160.0,28.0,137.10655212402344,137.0781707763672,0.02838134765625
s_butterfly_560,resnet50_tl_20250829,8,4,156,28,160.0,32.0,137.10655212402344,136.75059509277344,0.35595703125
s_butterfly_560,resnet50_tl_20250829,8,4,156,32,160.0,36.0,137.10655212402344,136.56822204589844,0.538330078125
s_butterfly_560,resnet50_tl_20250829,8,4,156,36,160.0,40.0,137.10655212402344,136.8606719970703,0.245880126953125
s_butterfly_560,resnet50_tl_20250829,8,4,156,40,160.0,44.0,137.10655212402344,137.0049285888672,0.10162353515625
s_butterfly_560,resnet50_tl_20250829,8,4,156,44,160.0,48.0,137.10655212402344,136.74427795410156,0.362274169921875
s_butterfly_560,resnet50_tl_20250829,8,4,156,48,160.0,52.0,137.10655212402344,136.88685607910156,0.219696044921875
s_butterfly_560,resnet50_tl_20250829,8,4,156,52,160.0,56.0,137.10655212402344,137.0488739013672,0.05767822265625
s_butterfly_560,resnet50_tl_20250829,8,4,156,56,160.0,60.0,137.10655212402344,137.0093994140625,0.0971527099609375
s_butterfly_560,resnet50_tl_20250829,8,4,156,60,160.0,64.0,137.10655212402344,137.049072265625,0.0574798583984375
s_butterfly_560,resnet50_tl_20250829,8,4,156,64,160.0,68.0,137.10655212402344,137.050048828125,0.0565032958984375
s_butterfly_560,resnet50_tl_20250829,8,4,156,68,160.0,72.0,137.10655212402344,137.09669494628906,0.009857177734375
s_butterfly_560,resnet50_tl_20250829,8,4,156,72,160.0,76.0,137.10655212402344,137.11021423339844,-0.003662109375
s_butterfly_560,resnet50_tl_20250829,8,4,156,76,160.0,80.0,137.10655212402344,137.27944946289062,-0.1728973388671875
s_butterfly_560,resnet50_tl_20250829,8,4,156,80,160.0,84.0,137.10655212402344,137.2614288330078,-0.154876708984375
s_butterfly_560,resnet50_tl_20250829,8,4,156,84,160.0,88.0,137.10655212402344,137.02993774414062,0.0766143798828125
s_butterfly_560,resnet50_tl_20250829,8,4,156,88,160.0,92.0,137.10655212402344,137.02859497070312,0.0779571533203125
s_butterfly_560,resnet50_tl_20250829,8,4,156,92,160.0,96.0,137.10655212402344,137.15159606933594,-0.0450439453125
s_butterfly_560,resnet50_tl_20250829,8,4,156,96,160.0,100.0,137.10655212402344,137.1288604736328,-0.022308349609375
s_butterfly_560,resnet50_tl_20250829,8,4,156,100,160.0,104.0,137.10655212402344,137.1498565673828,-0.043304443359375
s_butterfly_560,resnet50_tl_20250829,8,4,156,104,160.0,108.0,137.10655212402344,136.9901123046875,0.1164398193359375
s_butterfly_560,resnet50_tl_20250829,8,4,156,108,160.0,112.0,137.10655212402344,137.03140258789062,0.0751495361328125
s_butterfly_560,resnet50_tl_20250829,8,4,156,112,160.0,116.0,137.10655212402344,136.97935485839844,0.127197265625
s_butterfly_560,resnet50_tl_20250829,8,4,156,116,160.0,120.0,137.10655212402344,136.996826171875,0.1097259521484375
s_butterfly_560,resnet50_tl_20250829,8,4,156,120,160.0,124.0,137.10655212402344,136.95726013183594,0.1492919921875
s_butterfly_560,resnet50_tl_20250829,8,4,156,124,160.0,128.0,137.10655212402344,137.03016662597656,0.076385498046875
s_butterfly_560,resnet50_tl_20250829,8,4,156,128,160.0,132.0,137.10655212402344,136.9752960205078,0.131256103515625
s_butterfly_560,resnet50_tl_20250829,8,4,156,132,160.0,136.0,137.10655212402344,137.05703735351562,0.0495147705078125
s_butterfly_560,resnet50_tl_20250829,8,4,156,136,160.0,140.0,137.10655212402344,137.0139617919922,0.09259033203125
s_butterfly_560,resnet50_tl_20250829,8,4,156,140,160.0,144.0,137.10655212402344,136.9749298095703,0.131622314453125
s_butterfly_560,resnet50_tl_20250829,8,4,156,144,160.0,148.0,137.10655212402344,136.92874145507812,0.1778106689453125
s_butterfly_560,resnet50_tl_20250829,8,4,156,148,160.0,152.0,137.10655212402344,136.9974365234375,0.1091156005859375
s_butterfly_560,resnet50_tl_20250829,8,4,156,152,160.0,156.0,137.10655212402344,136.8389434814453,0.267608642578125
s_butterfly_560,resnet50_tl_20250829,8,4,156,156,160.0,160.0,137.10655212402344,136.57876586914062,0.5277862548828125
s_butterfly_560,resnet50_tl_20250829,8,4,156,160,160.0,164.0,137.10655212402344,136.41783142089844,0.688720703125
s_butterfly_560,resnet50_tl_20250829,8,4,156,164,160.0,168.0,137.10655212402344,136.60296630859375,0.5035858154296875
s_butterfly_560,resnet50_tl_20250829,8,4,156,168,160.0,172.0,137.10655212402344,136.61260986328125,0.4939422607421875
s_butterfly_560,resnet50_tl_20250829,8,4,156,172,160.0,176.0,137.10655212402344,136.32711791992188,0.7794342041015625
s_butterfly_560,resnet50_tl_20250829,8,4,156,176,160.0,180.0,137.10655212402344,136.56472778320312,0.5418243408203125
s_butterfly_560,resnet50_tl_20250829,8,4,156,180,160.0,184.0,137.10655212402344,136.85394287109375,0.2526092529296875
s_butterfly_560,resnet50_tl_20250829,8,4,156,184,160.0,188.0,137.10655212402344,136.92007446289062,0.1864776611328125
s_butterfly_560,resnet50_tl_20250829,8,4,156,188,160.0,192.0,137.10655212402344,136.57135009765625,0.5352020263671875
s_butterfly_560,resnet50_tl_20250829,8,4,156,192,160.0,196.0,137.10655212402344,136.61793518066406,0.488616943359375
s_butterfly_560,resnet50_tl_20250829,8,4,156,196,160.0,200.0,137.10655212402344,136.8298797607422,0.27667236328125
s_butterfly_560,resnet50_tl_20250829,8,4,156,200,160.0,204.0,137.10655212402344,137.062255859375,0.0442962646484375
s_butterfly_560,resnet50_tl_20250829,8,4,156,204,160.0,208.0,137.10655212402344,136.98130798339844,0.125244140625
s_butterfly_560,resnet50_tl_20250829,8,4,156,208,160.0,212.0,137.10655212402344,136.97474670410156,0.131805419921875
s_butterfly_560,resnet50_tl_20250829,8,4,156,212,160.0,216.0,137.10655212402344,136.94798278808594,0.1585693359375
s_butterfly_560,resnet50_tl_20250829,8,4,156,216,160.0,220.0,137.10655212402344,136.98561096191406,0.120941162109375
s_butterfly_560,resnet50_tl_20250829,8,4,160,0,164.0,4.0,137.10655212402344,136.842529296875,0.2640228271484375
s_butterfly_560,resnet50_tl_20250829,8,4,160,4,164.0,8.0,137.10655212402344,136.968017578125,0.1385345458984375
s_butterfly_560,resnet50_tl_20250829,8,4,160,8,164.0,12.0,137.10655212402344,137.0989227294922,0.00762939453125
s_butterfly_560,resnet50_tl_20250829,8,4,160,12,164.0,16.0,137.10655212402344,137.02479553222656,0.081756591796875
s_butterfly_560,resnet50_tl_20250829,8,4,160,16,164.0,20.0,137.10655212402344,137.1254119873047,-0.01885986328125
s_butterfly_560,resnet50_tl_20250829,8,4,160,20,164.0,24.0,137.10655212402344,137.04885864257812,0.0576934814453125
s_butterfly_560,resnet50_tl_20250829,8,4,160,24,164.0,28.0,137.10655212402344,137.03677368164062,0.0697784423828125
s_butterfly_560,resnet50_tl_20250829,8,4,160,28,164.0,32.0,137.10655212402344,136.76483154296875,0.3417205810546875
s_butterfly_560,resnet50_tl_20250829,8,4,160,32,164.0,36.0,137.10655212402344,136.6749267578125,0.4316253662109375
s_butterfly_560,resnet50_tl_20250829,8,4,160,36,164.0,40.0,137.10655212402344,136.86181640625,0.2447357177734375
s_butterfly_560,resnet50_tl_20250829,8,4,160,40,164.0,44.0,137.10655212402344,137.05557250976562,0.0509796142578125
s_butterfly_560,resnet50_tl_20250829,8,4,160,44,164.0,48.0,137.10655212402344,136.77108764648438,0.3354644775390625
s_butterfly_560,resnet50_tl_20250829,8,4,160,48,164.0,52.0,137.10655212402344,136.7657012939453,0.340850830078125
s_butterfly_560,resnet50_tl_20250829,8,4,160,52,164.0,56.0,137.10655212402344,137.01931762695312,0.0872344970703125
s_butterfly_560,resnet50_tl_20250829,8,4,160,56,164.0,60.0,137.10655212402344,136.97889709472656,0.127655029296875
s_butterfly_560,resnet50_tl_20250829,8,4,160,60,164.0,64.0,137.10655212402344,137.08181762695312,0.0247344970703125
s_butterfly_560,resnet50_tl_20250829,8,4,160,64,164.0,68.0,137.10655212402344,136.976318359375,0.1302337646484375
s_butterfly_560,resnet50_tl_20250829,8,4,160,68,164.0,72.0,137.10655212402344,137.12997436523438,-0.0234222412109375
s_butterfly_560,resnet50_tl_20250829,8,4,160,72,164.0,76.0,137.10655212402344,137.36236572265625,-0.2558135986328125
s_butterfly_560,resnet50_tl_20250829,8,4,160,76,164.0,80.0,137.10655212402344,137.32107543945312,-0.2145233154296875
s_butterfly_560,resnet50_tl_20250829,8,4,160,80,164.0,84.0,137.10655212402344,137.10064697265625,0.0059051513671875
s_butterfly_560,resnet50_tl_20250829,8,4,160,84,164.0,88.0,137.10655212402344,136.88270568847656,0.223846435546875
s_butterfly_560,resnet50_tl_20250829,8,4,160,88,164.0,92.0,137.10655212402344,136.95054626464844,0.156005859375
s_butterfly_560,resnet50_tl_20250829,8,4,160,92,164.0,96.0,137.10655212402344,137.02301025390625,0.0835418701171875
s_butterfly_560,resnet50_tl_20250829,8,4,160,96,164.0,100.0,137.10655212402344,137.13619995117188,-0.0296478271484375
s_butterfly_560,resnet50_tl_20250829,8,4,160,100,164.0,104.0,137.10655212402344,137.0523223876953,0.054229736328125
s_butterfly_560,resnet50_tl_20250829,8,4,160,104,164.0,108.0,137.10655212402344,137.0400390625,0.0665130615234375
s_butterfly_560,resnet50_tl_20250829,8,4,160,108,164.0,112.0,137.10655212402344,136.98318481445312,0.1233673095703125
s_butterfly_560,resnet50_tl_20250829,8,4,160,112,164.0,116.0,137.10655212402344,136.99630737304688,0.1102447509765625
s_butterfly_560,resnet50_tl_20250829,8,4,160,116,164.0,120.0,137.10655212402344,136.94772338867188,0.1588287353515625
s_butterfly_560,resnet50_tl_20250829,8,4,160,120,164.0,124.0,137.10655212402344,136.96905517578125,0.1374969482421875
s_butterfly_560,resnet50_tl_20250829,8,4,160,124,164.0,128.0,137.10655212402344,136.99142456054688,0.1151275634765625
s_butterfly_560,resnet50_tl_20250829,8,4,160,128,164.0,132.0,137.10655212402344,137.0093994140625,0.0971527099609375
s_butterfly_560,resnet50_tl_20250829,8,4,160,132,164.0,136.0,137.10655212402344,136.98423767089844,0.122314453125
s_butterfly_560,resnet50_tl_20250829,8,4,160,136,164.0,140.0,137.10655212402344,137.03546142578125,0.0710906982421875
s_butterfly_560,resnet50_tl_20250829,8,4,160,140,164.0,144.0,137.10655212402344,136.94158935546875,0.1649627685546875
s_butterfly_560,resnet50_tl_20250829,8,4,160,144,164.0,148.0,137.10655212402344,136.96112060546875,0.1454315185546875
s_butterfly_560,resnet50_tl_20250829,8,4,160,148,164.0,152.0,137.10655212402344,137.004638671875,0.1019134521484375
s_butterfly_560,resnet50_tl_20250829,8,4,160,152,164.0,156.0,137.10655212402344,136.88336181640625,0.2231903076171875
s_butterfly_560,resnet50_tl_20250829,8,4,160,156,164.0,160.0,137.10655212402344,136.65524291992188,0.4513092041015625
s_butterfly_560,resnet50_tl_20250829,8,4,160,160,164.0,164.0,137.10655212402344,136.53097534179688,0.5755767822265625
s_butterfly_560,resnet50_tl_20250829,8,4,160,164,164.0,168.0,137.10655212402344,136.58653259277344,0.52001953125
s_butterfly_560,resnet50_tl_20250829,8,4,160,168,164.0,172.0,137.10655212402344,136.79055786132812,0.3159942626953125
s_butterfly_560,resnet50_tl_20250829,8,4,160,172,164.0,176.0,137.10655212402344,136.77256774902344,0.333984375
s_butterfly_560,resnet50_tl_20250829,8,4,160,176,164.0,180.0,137.10655212402344,136.74551391601562,0.3610382080078125
s_butterfly_560,resnet50_tl_20250829,8,4,160,180,164.0,184.0,137.10655212402344,136.83029174804688,0.2762603759765625
s_butterfly_560,resnet50_tl_20250829,8,4,160,184,164.0,188.0,137.10655212402344,136.8889617919922,0.21759033203125
s_butterfly_560,resnet50_tl_20250829,8,4,160,188,164.0,192.0,137.10655212402344,136.60284423828125,0.5037078857421875
s_butterfly_560,resnet50_tl_20250829,8,4,160,192,164.0,196.0,137.10655212402344,136.70758056640625,0.3989715576171875
s_butterfly_560,resnet50_tl_20250829,8,4,160,196,164.0,200.0,137.10655212402344,136.85659790039062,0.2499542236328125
s_butterfly_560,resnet50_tl_20250829,8,4,160,200,164.0,204.0,137.10655212402344,137.05870056152344,0.0478515625
s_butterfly_560,resnet50_tl_20250829,8,4,160,204,164.0,208.0,137.10655212402344,136.9510498046875,0.1555023193359375
s_butterfly_560,resnet50_tl_20250829,8,4,160,208,164.0,212.0,137.10655212402344,137.00161743164062,0.1049346923828125
s_butterfly_560,resnet50_tl_20250829,8,4,160,212,164.0,216.0,137.10655212402344,136.9366912841797,0.16986083984375
s_butterfly_560,resnet50_tl_20250829,8,4,160,216,164.0,220.0,137.10655212402344,137.0111083984375,0.0954437255859375
s_butterfly_560,resnet50_tl_20250829,8,4,164,0,168.0,4.0,137.10655212402344,137.11865234375,-0.0121002197265625
s_butterfly_560,resnet50_tl_20250829,8,4,164,4,168.0,8.0,137.10655212402344,137.0811767578125,0.0253753662109375
s_butterfly_560,resnet50_tl_20250829,8,4,164,8,168.0,12.0,137.10655212402344,137.1827850341797,-0.07623291015625
s_butterfly_560,resnet50_tl_20250829,8,4,164,12,168.0,16.0,137.10655212402344,137.18235778808594,-0.0758056640625
s_butterfly_560,resnet50_tl_20250829,8,4,164,16,168.0,20.0,137.10655212402344,137.07772827148438,0.0288238525390625
s_butterfly_560,resnet50_tl_20250829,8,4,164,20,168.0,24.0,137.10655212402344,137.10391235351562,0.0026397705078125
s_butterfly_560,resnet50_tl_20250829,8,4,164,24,168.0,28.0,137.10655212402344,137.073974609375,0.0325775146484375
s_butterfly_560,resnet50_tl_20250829,8,4,164,28,168.0,32.0,137.10655212402344,137.18943786621094,-0.0828857421875
s_butterfly_560,resnet50_tl_20250829,8,4,164,32,168.0,36.0,137.10655212402344,137.0153045654297,0.09124755859375
s_butterfly_560,resnet50_tl_20250829,8,4,164,36,168.0,40.0,137.10655212402344,137.0533447265625,0.0532073974609375
s_butterfly_560,resnet50_tl_20250829,8,4,164,40,168.0,44.0,137.10655212402344,137.02847290039062,0.0780792236328125
s_butterfly_560,resnet50_tl_20250829,8,4,164,44,168.0,48.0,137.10655212402344,137.187255859375,-0.0807037353515625
s_butterfly_560,resnet50_tl_20250829,8,4,164,48,168.0,52.0,137.10655212402344,136.93113708496094,0.1754150390625
s_butterfly_560,resnet50_tl_20250829,8,4,164,52,168.0,56.0,137.10655212402344,136.9147491455078,0.191802978515625
s_butterfly_560,resnet50_tl_20250829,8,4,164,56,168.0,60.0,137.10655212402344,136.9364471435547,0.17010498046875
s_butterfly_560,resnet50_tl_20250829,8,4,164,60,168.0,64.0,137.10655212402344,137.02142333984375,0.0851287841796875
s_butterfly_560,resnet50_tl_20250829,8,4,164,64,168.0,68.0,137.10655212402344,137.01870727539062,0.0878448486328125
s_butterfly_560,resnet50_tl_20250829,8,4,164,68,168.0,72.0,137.10655212402344,137.041015625,0.0655364990234375
s_butterfly_560,resnet50_tl_20250829,8,4,164,72,168.0,76.0,137.10655212402344,137.2469940185547,-0.14044189453125
s_butterfly_560,resnet50_tl_20250829,8,4,164,76,168.0,80.0,137.10655212402344,137.3332977294922,-0.22674560546875
s_butterfly_560,resnet50_tl_20250829,8,4,164,80,168.0,84.0,137.10655212402344,137.2018280029297,-0.09527587890625
s_butterfly_560,resnet50_tl_20250829,8,4,164,84,168.0,88.0,137.10655212402344,137.09500122070312,0.0115509033203125
s_butterfly_560,resnet50_tl_20250829,8,4,164,88,168.0,92.0,137.10655212402344,136.9726104736328,0.133941650390625
s_butterfly_560,resnet50_tl_20250829,8,4,164,92,168.0,96.0,137.10655212402344,137.1068115234375,-0.0002593994140625
s_butterfly_560,resnet50_tl_20250829,8,4,164,96,168.0,100.0,137.10655212402344,136.871337890625,0.2352142333984375
s_butterfly_560,resnet50_tl_20250829,8,4,164,100,168.0,104.0,137.10655212402344,136.74705505371094,0.3594970703125
s_butterfly_560,resnet50_tl_20250829,8,4,164,104,168.0,108.0,137.10655212402344,136.9339141845703,0.172637939453125
s_butterfly_560,resnet50_tl_20250829,8,4,164,108,168.0,112.0,137.10655212402344,136.88961791992188,0.2169342041015625
s_butterfly_560,resnet50_tl_20250829,8,4,164,112,168.0,116.0,137.10655212402344,136.85047912597656,0.256072998046875
s_butterfly_560,resnet50_tl_20250829,8,4,164,116,168.0,120.0,137.10655212402344,136.89926147460938,0.2072906494140625
s_butterfly_560,resnet50_tl_20250829,8,4,164,120,168.0,124.0,137.10655212402344,136.91220092773438,0.1943511962890625
s_butterfly_560,resnet50_tl_20250829,8,4,164,124,168.0,128.0,137.10655212402344,136.98379516601562,0.1227569580078125
s_butterfly_560,resnet50_tl_20250829,8,4,164,128,168.0,132.0,137.10655212402344,136.91294860839844,0.193603515625
s_butterfly_560,resnet50_tl_20250829,8,4,164,132,168.0,136.0,137.10655212402344,136.89378356933594,0.2127685546875
s_butterfly_560,resnet50_tl_20250829,8,4,164,136,168.0,140.0,137.10655212402344,136.93019104003906,0.176361083984375
s_butterfly_560,resnet50_tl_20250829,8,4,164,140,168.0,144.0,137.10655212402344,137.00128173828125,0.1052703857421875
s_butterfly_560,resnet50_tl_20250829,8,4,164,144,168.0,148.0,137.10655212402344,136.93515014648438,0.1714019775390625
s_butterfly_560,resnet50_tl_20250829,8,4,164,148,168.0,152.0,137.10655212402344,136.79725646972656,0.309295654296875
s_butterfly_560,resnet50_tl_20250829,8,4,164,152,168.0,156.0,137.10655212402344,136.7578887939453,0.348663330078125
s_butterfly_560,resnet50_tl_20250829,8,4,164,156,168.0,160.0,137.10655212402344,136.6958770751953,0.410675048828125
s_butterfly_560,resnet50_tl_20250829,8,4,164,160,168.0,164.0,137.10655212402344,136.57330322265625,0.5332489013671875
s_butterfly_560,resnet50_tl_20250829,8,4,164,164,168.0,168.0,137.10655212402344,136.55892944335938,0.5476226806640625
s_butterfly_560,resnet50_tl_20250829,8,4,164,168,168.0,172.0,137.10655212402344,136.99241638183594,0.1141357421875
s_butterfly_560,resnet50_tl_20250829,8,4,164,172,168.0,176.0,137.10655212402344,137.15414428710938,-0.0475921630859375
s_butterfly_560,resnet50_tl_20250829,8,4,164,176,168.0,180.0,137.10655212402344,136.9917755126953,0.114776611328125
s_butterfly_560,resnet50_tl_20250829,8,4,164,180,168.0,184.0,137.10655212402344,136.97901916503906,0.127532958984375
s_butterfly_560,resnet50_tl_20250829,8,4,164,184,168.0,188.0,137.10655212402344,136.9617156982422,0.14483642578125
s_butterfly_560,resnet50_tl_20250829,8,4,164,188,168.0,192.0,137.10655212402344,136.92572021484375,0.1808319091796875
s_butterfly_560,resnet50_tl_20250829,8,4,164,192,168.0,196.0,137.10655212402344,137.06520080566406,0.041351318359375
s_butterfly_560,resnet50_tl_20250829,8,4,164,196,168.0,200.0,137.10655212402344,137.01502990722656,0.091522216796875
s_butterfly_560,resnet50_tl_20250829,8,4,164,200,168.0,204.0,137.10655212402344,137.04986572265625,0.0566864013671875
s_butterfly_560,resnet50_tl_20250829,8,4,164,204,168.0,208.0,137.10655212402344,137.07923889160156,0.027313232421875
s_butterfly_560,resnet50_tl_20250829,8,4,164,208,168.0,212.0,137.10655212402344,137.14248657226562,-0.0359344482421875
s_butterfly_560,resnet50_tl_20250829,8,4,164,212,168.0,216.0,137.10655212402344,137.03965759277344,0.06689453125
s_butterfly_560,resnet50_tl_20250829,8,4,164,216,168.0,220.0,137.10655212402344,137.0086669921875,0.0978851318359375
s_butterfly_560,resnet50_tl_20250829,8,4,168,0,172.0,4.0,137.10655212402344,137.01107788085938,0.0954742431640625
s_butterfly_560,resnet50_tl_20250829,8,4,168,4,172.0,8.0,137.10655212402344,136.98773193359375,0.1188201904296875
s_butterfly_560,resnet50_tl_20250829,8,4,168,8,172.0,12.0,137.10655212402344,137.09957885742188,0.0069732666015625
s_butterfly_560,resnet50_tl_20250829,8,4,168,12,172.0,16.0,137.10655212402344,136.9573211669922,0.14923095703125
s_butterfly_560,resnet50_tl_20250829,8,4,168,16,172.0,20.0,137.10655212402344,136.93382263183594,0.1727294921875
s_butterfly_560,resnet50_tl_20250829,8,4,168,20,172.0,24.0,137.10655212402344,136.9101104736328,0.196441650390625
s_butterfly_560,resnet50_tl_20250829,8,4,168,24,172.0,28.0,137.10655212402344,137.032470703125,0.0740814208984375
s_butterfly_560,resnet50_tl_20250829,8,4,168,28,172.0,32.0,137.10655212402344,136.93455505371094,0.1719970703125
s_butterfly_560,resnet50_tl_20250829,8,4,168,32,172.0,36.0,137.10655212402344,136.92477416992188,0.1817779541015625
s_butterfly_560,resnet50_tl_20250829,8,4,168,36,172.0,40.0,137.10655212402344,136.99534606933594,0.1112060546875
s_butterfly_560,resnet50_tl_20250829,8,4,168,40,172.0,44.0,137.10655212402344,137.09315490722656,0.013397216796875
s_butterfly_560,resnet50_tl_20250829,8,4,168,44,172.0,48.0,137.10655212402344,137.03848266601562,0.0680694580078125
s_butterfly_560,resnet50_tl_20250829,8,4,168,48,172.0,52.0,137.10655212402344,136.94161987304688,0.1649322509765625
s_butterfly_560,resnet50_tl_20250829,8,4,168,52,172.0,56.0,137.10655212402344,137.00152587890625,0.1050262451171875
s_butterfly_560,resnet50_tl_20250829,8,4,168,56,172.0,60.0,137.10655212402344,136.95806884765625,0.1484832763671875
s_butterfly_560,resnet50_tl_20250829,8,4,168,60,172.0,64.0,137.10655212402344,136.91880798339844,0.187744140625
s_butterfly_560,resnet50_tl_20250829,8,4,168,64,172.0,68.0,137.10655212402344,136.8478240966797,0.25872802734375
s_butterfly_560,resnet50_tl_20250829,8,4,168,68,172.0,72.0,137.10655212402344,137.22097778320312,-0.1144256591796875
s_butterfly_560,resnet50_tl_20250829,8,4,168,72,172.0,76.0,137.10655212402344,137.17698669433594,-0.0704345703125
s_butterfly_560,resnet50_tl_20250829,8,4,168,76,172.0,80.0,137.10655212402344,136.97471618652344,0.1318359375
s_butterfly_560,resnet50_tl_20250829,8,4,168,80,172.0,84.0,137.10655212402344,137.04867553710938,0.0578765869140625
s_butterfly_560,resnet50_tl_20250829,8,4,168,84,172.0,88.0,137.10655212402344,137.0488739013672,0.05767822265625
s_butterfly_560,resnet50_tl_20250829,8,4,168,88,172.0,92.0,137.10655212402344,136.9608154296875,0.1457366943359375
s_butterfly_560,resnet50_tl_20250829,8,4,168,92,172.0,96.0,137.10655212402344,136.8990478515625,0.2075042724609375
s_butterfly_560,resnet50_tl_20250829,8,4,168,96,172.0,100.0,137.10655212402344,136.66757202148438,0.4389801025390625
s_butterfly_560,resnet50_tl_20250829,8,4,168,100,172.0,104.0,137.10655212402344,136.7126007080078,0.393951416015625
s_butterfly_560,resnet50_tl_20250829,8,4,168,104,172.0,108.0,137.10655212402344,136.9188995361328,0.187652587890625
s_butterfly_560,resnet50_tl_20250829,8,4,168,108,172.0,112.0,137.10655212402344,136.9578094482422,0.14874267578125
s_butterfly_560,resnet50_tl_20250829,8,4,168,112,172.0,116.0,137.10655212402344,136.8894500732422,0.21710205078125
s_butterfly_560,resnet50_tl_20250829,8,4,168,116,172.0,120.0,137.10655212402344,136.96189880371094,0.1446533203125
s_butterfly_560,resnet50_tl_20250829,8,4,168,120,172.0,124.0,137.10655212402344,136.90072631835938,0.2058258056640625
s_butterfly_560,resnet50_tl_20250829,8,4,168,124,172.0,128.0,137.10655212402344,136.8878173828125,0.2187347412109375
s_butterfly_560,resnet50_tl_20250829,8,4,168,128,172.0,132.0,137.10655212402344,136.91839599609375,0.1881561279296875
s_butterfly_560,resnet50_tl_20250829,8,4,168,132,172.0,136.0,137.10655212402344,136.87428283691406,0.232269287109375
s_butterfly_560,resnet50_tl_20250829,8,4,168,136,172.0,140.0,137.10655212402344,136.89085388183594,0.2156982421875
s_butterfly_560,resnet50_tl_20250829,8,4,168,140,172.0,144.0,137.10655212402344,136.94439697265625,0.1621551513671875
s_butterfly_560,resnet50_tl_20250829,8,4,168,144,172.0,148.0,137.10655212402344,136.97071838378906,0.135833740234375
s_butterfly_560,resnet50_tl_20250829,8,4,168,148,172.0,152.0,137.10655212402344,136.83755493164062,0.2689971923828125
s_butterfly_560,resnet50_tl_20250829,8,4,168,152,172.0,156.0,137.10655212402344,136.82260131835938,0.2839508056640625
s_butterfly_560,resnet50_tl_20250829,8,4,168,156,172.0,160.0,137.10655212402344,136.75836181640625,0.3481903076171875
s_butterfly_560,resnet50_tl_20250829,8,4,168,160,172.0,164.0,137.10655212402344,136.59957885742188,0.5069732666015625
s_butterfly_560,resnet50_tl_20250829,8,4,168,164,172.0,168.0,137.10655212402344,136.79754638671875,0.3090057373046875
s_butterfly_560,resnet50_tl_20250829,8,4,168,168,172.0,172.0,137.10655212402344,136.74734497070312,0.3592071533203125
s_butterfly_560,resnet50_tl_20250829,8,4,168,172,172.0,176.0,137.10655212402344,136.84500122070312,0.2615509033203125
s_butterfly_560,resnet50_tl_20250829,8,4,168,176,172.0,180.0,137.10655212402344,136.80078125,0.3057708740234375
s_butterfly_560,resnet50_tl_20250829,8,4,168,180,172.0,184.0,137.10655212402344,136.71087646484375,0.3956756591796875
s_butterfly_560,resnet50_tl_20250829,8,4,168,184,172.0,188.0,137.10655212402344,136.9303436279297,0.17620849609375
s_butterfly_560,resnet50_tl_20250829,8,4,168,188,172.0,192.0,137.10655212402344,136.87684631347656,0.229705810546875
s_butterfly_560,resnet50_tl_20250829,8,4,168,192,172.0,196.0,137.10655212402344,137.0023651123047,0.10418701171875
s_butterfly_560,resnet50_tl_20250829,8,4,168,196,172.0,200.0,137.10655212402344,136.97320556640625,0.1333465576171875
s_butterfly_560,resnet50_tl_20250829,8,4,168,200,172.0,204.0,137.10655212402344,137.06103515625,0.0455169677734375
s_butterfly_560,resnet50_tl_20250829,8,4,168,204,172.0,208.0,137.10655212402344,137.04466247558594,0.0618896484375
s_butterfly_560,resnet50_tl_20250829,8,4,168,208,172.0,212.0,137.10655212402344,137.09173583984375,0.0148162841796875
s_butterfly_560,resnet50_tl_20250829,8,4,168,212,172.0,216.0,137.10655212402344,137.0045623779297,0.10198974609375
s_butterfly_560,resnet50_tl_20250829,8,4,168,216,172.0,220.0,137.10655212402344,137.031005859375,0.0755462646484375
s_butterfly_560,resnet50_tl_20250829,8,4,172,0,176.0,4.0,137.10655212402344,136.79356384277344,0.31298828125
s_butterfly_560,resnet50_tl_20250829,8,4,172,4,176.0,8.0,137.10655212402344,136.9388885498047,0.16766357421875
s_butterfly_560,resnet50_tl_20250829,8,4,172,8,176.0,12.0,137.10655212402344,137.03140258789062,0.0751495361328125
s_butterfly_560,resnet50_tl_20250829,8,4,172,12,176.0,16.0,137.10655212402344,136.95652770996094,0.1500244140625
s_butterfly_560,resnet50_tl_20250829,8,4,172,16,176.0,20.0,137.10655212402344,136.88839721679688,0.2181549072265625
s_butterfly_560,resnet50_tl_20250829,8,4,172,20,176.0,24.0,137.10655212402344,136.9282684326172,0.17828369140625
s_butterfly_560,resnet50_tl_20250829,8,4,172,24,176.0,28.0,137.10655212402344,136.9942626953125,0.1122894287109375
s_butterfly_560,resnet50_tl_20250829,8,4,172,28,176.0,32.0,137.10655212402344,136.8724822998047,0.23406982421875
s_butterfly_560,resnet50_tl_20250829,8,4,172,32,176.0,36.0,137.10655212402344,136.76600646972656,0.340545654296875
s_butterfly_560,resnet50_tl_20250829,8,4,172,36,176.0,40.0,137.10655212402344,137.05197143554688,0.0545806884765625
s_butterfly_560,resnet50_tl_20250829,8,4,172,40,176.0,44.0,137.10655212402344,137.07952880859375,0.0270233154296875
s_butterfly_560,resnet50_tl_20250829,8,4,172,44,176.0,48.0,137.10655212402344,136.96664428710938,0.1399078369140625
s_butterfly_560,resnet50_tl_20250829,8,4,172,48,176.0,52.0,137.10655212402344,136.87083435058594,0.2357177734375
s_butterfly_560,resnet50_tl_20250829,8,4,172,52,176.0,56.0,137.10655212402344,137.11978149414062,-0.0132293701171875
s_butterfly_560,resnet50_tl_20250829,8,4,172,56,176.0,60.0,137.10655212402344,137.00537109375,0.1011810302734375
s_butterfly_560,resnet50_tl_20250829,8,4,172,60,176.0,64.0,137.10655212402344,136.97825622558594,0.1282958984375
s_butterfly_560,resnet50_tl_20250829,8,4,172,64,176.0,68.0,137.10655212402344,136.86557006835938,0.2409820556640625
s_butterfly_560,resnet50_tl_20250829,8,4,172,68,176.0,72.0,137.10655212402344,137.26913452148438,-0.1625823974609375
s_butterfly_560,resnet50_tl_20250829,8,4,172,72,176.0,76.0,137.10655212402344,137.2012176513672,-0.09466552734375
s_butterfly_560,resnet50_tl_20250829,8,4,172,76,176.0,80.0,137.10655212402344,137.04452514648438,0.0620269775390625
s_butterfly_560,resnet50_tl_20250829,8,4,172,80,176.0,84.0,137.10655212402344,136.86856079101562,0.2379913330078125
s_butterfly_560,resnet50_tl_20250829,8,4,172,84,176.0,88.0,137.10655212402344,137.02598571777344,0.08056640625
s_butterfly_560,resnet50_tl_20250829,8,4,172,88,176.0,92.0,137.10655212402344,136.89988708496094,0.2066650390625
s_butterfly_560,resnet50_tl_20250829,8,4,172,92,176.0,96.0,137.10655212402344,136.90228271484375,0.2042694091796875
s_butterfly_560,resnet50_tl_20250829,8,4,172,96,176.0,100.0,137.10655212402344,136.80813598632812,0.2984161376953125
s_butterfly_560,resnet50_tl_20250829,8,4,172,100,176.0,104.0,137.10655212402344,136.88116455078125,0.2253875732421875
s_butterfly_560,resnet50_tl_20250829,8,4,172,104,176.0,108.0,137.10655212402344,137.04397583007812,0.0625762939453125
s_butterfly_560,resnet50_tl_20250829,8,4,172,108,176.0,112.0,137.10655212402344,137.1066131591797,-6.103515625e-05
s_butterfly_560,resnet50_tl_20250829,8,4,172,112,176.0,116.0,137.10655212402344,137.0513916015625,0.0551605224609375
s_butterfly_560,resnet50_tl_20250829,8,4,172,116,176.0,120.0,137.10655212402344,136.9898681640625,0.1166839599609375
s_butterfly_560,resnet50_tl_20250829,8,4,172,120,176.0,124.0,137.10655212402344,136.79638671875,0.3101654052734375
s_butterfly_560,resnet50_tl_20250829,8,4,172,124,176.0,128.0,137.10655212402344,136.8986358642578,0.207916259765625
s_butterfly_560,resnet50_tl_20250829,8,4,172,128,176.0,132.0,137.10655212402344,136.8993682861328,0.207183837890625
s_butterfly_560,resnet50_tl_20250829,8,4,172,132,176.0,136.0,137.10655212402344,136.84759521484375,0.2589569091796875
s_butterfly_560,resnet50_tl_20250829,8,4,172,136,176.0,140.0,137.10655212402344,136.87448120117188,0.2320709228515625
s_butterfly_560,resnet50_tl_20250829,8,4,172,140,176.0,144.0,137.10655212402344,136.9645233154297,0.14202880859375
s_butterfly_560,resnet50_tl_20250829,8,4,172,144,176.0,148.0,137.10655212402344,136.9260711669922,0.18048095703125
s_butterfly_560,resnet50_tl_20250829,8,4,172,148,176.0,152.0,137.10655212402344,136.84445190429688,0.2621002197265625
s_butterfly_560,resnet50_tl_20250829,8,4,172,152,176.0,156.0,137.10655212402344,136.88133239746094,0.2252197265625
s_butterfly_560,resnet50_tl_20250829,8,4,172,156,176.0,160.0,137.10655212402344,136.7854461669922,0.32110595703125
s_butterfly_560,resnet50_tl_20250829,8,4,172,160,176.0,164.0,137.10655212402344,136.7772674560547,0.32928466796875
s_butterfly_560,resnet50_tl_20250829,8,4,172,164,176.0,168.0,137.10655212402344,137.0799102783203,0.026641845703125
s_butterfly_560,resnet50_tl_20250829,8,4,172,168,176.0,172.0,137.10655212402344,137.0312042236328,0.075347900390625
s_butterfly_560,resnet50_tl_20250829,8,4,172,172,176.0,176.0,137.10655212402344,136.76980590820312,0.3367462158203125
s_butterfly_560,resnet50_tl_20250829,8,4,172,176,176.0,180.0,137.10655212402344,136.63668823242188,0.4698638916015625
s_butterfly_560,resnet50_tl_20250829,8,4,172,180,176.0,184.0,137.10655212402344,136.81459045410156,0.291961669921875
s_butterfly_560,resnet50_tl_20250829,8,4,172,184,176.0,188.0,137.10655212402344,137.02218627929688,0.0843658447265625
s_butterfly_560,resnet50_tl_20250829,8,4,172,188,176.0,192.0,137.10655212402344,136.79690551757812,0.3096466064453125
s_butterfly_560,resnet50_tl_20250829,8,4,172,192,176.0,196.0,137.10655212402344,136.8684844970703,0.238067626953125
s_butterfly_560,resnet50_tl_20250829,8,4,172,196,176.0,200.0,137.10655212402344,136.91525268554688,0.1912994384765625
s_butterfly_560,resnet50_tl_20250829,8,4,172,200,176.0,204.0,137.10655212402344,137.0886993408203,0.017852783203125
s_butterfly_560,resnet50_tl_20250829,8,4,172,204,176.0,208.0,137.10655212402344,137.03713989257812,0.0694122314453125
s_butterfly_560,resnet50_tl_20250829,8,4,172,208,176.0,212.0,137.10655212402344,137.03558349609375,0.0709686279296875
s_butterfly_560,resnet50_tl_20250829,8,4,172,212,176.0,216.0,137.10655212402344,137.0021209716797,0.10443115234375
s_butterfly_560,resnet50_tl_20250829,8,4,172,216,176.0,220.0,137.10655212402344,137.0334014892578,0.073150634765625
s_butterfly_560,resnet50_tl_20250829,8,4,176,0,180.0,4.0,137.10655212402344,136.75965881347656,0.346893310546875
s_butterfly_560,resnet50_tl_20250829,8,4,176,4,180.0,8.0,137.10655212402344,136.8509063720703,0.255645751953125
s_butterfly_560,resnet50_tl_20250829,8,4,176,8,180.0,12.0,137.10655212402344,137.0125732421875,0.0939788818359375
s_butterfly_560,resnet50_tl_20250829,8,4,176,12,180.0,16.0,137.10655212402344,136.8546905517578,0.251861572265625
s_butterfly_560,resnet50_tl_20250829,8,4,176,16,180.0,20.0,137.10655212402344,136.87054443359375,0.2360076904296875
s_butterfly_560,resnet50_tl_20250829,8,4,176,20,180.0,24.0,137.10655212402344,136.81080627441406,0.295745849609375
s_butterfly_560,resnet50_tl_20250829,8,4,176,24,180.0,28.0,137.10655212402344,136.8906707763672,0.21588134765625
s_butterfly_560,resnet50_tl_20250829,8,4,176,28,180.0,32.0,137.10655212402344,136.6991424560547,0.40740966796875
s_butterfly_560,resnet50_tl_20250829,8,4,176,32,180.0,36.0,137.10655212402344,136.74118041992188,0.3653717041015625
s_butterfly_560,resnet50_tl_20250829,8,4,176,36,180.0,40.0,137.10655212402344,136.83096313476562,0.2755889892578125
s_butterfly_560,resnet50_tl_20250829,8,4,176,40,180.0,44.0,137.10655212402344,136.9327392578125,0.1738128662109375
s_butterfly_560,resnet50_tl_20250829,8,4,176,44,180.0,48.0,137.10655212402344,136.76559448242188,0.3409576416015625
s_butterfly_560,resnet50_tl_20250829,8,4,176,48,180.0,52.0,137.10655212402344,136.79098510742188,0.3155670166015625
s_butterfly_560,resnet50_tl_20250829,8,4,176,52,180.0,56.0,137.10655212402344,136.83665466308594,0.2698974609375
s_butterfly_560,resnet50_tl_20250829,8,4,176,56,180.0,60.0,137.10655212402344,136.95277404785156,0.153778076171875
s_butterfly_560,resnet50_tl_20250829,8,4,176,60,180.0,64.0,137.10655212402344,136.84030151367188,0.2662506103515625
s_butterfly_560,resnet50_tl_20250829,8,4,176,64,180.0,68.0,137.10655212402344,136.8720703125,0.2344818115234375
s_butterfly_560,resnet50_tl_20250829,8,4,176,68,180.0,72.0,137.10655212402344,136.9595947265625,0.1469573974609375
s_butterfly_560,resnet50_tl_20250829,8,4,176,72,180.0,76.0,137.10655212402344,137.01065063476562,0.0959014892578125
s_butterfly_560,resnet50_tl_20250829,8,4,176,76,180.0,80.0,137.10655212402344,136.8446502685547,0.26190185546875
s_butterfly_560,resnet50_tl_20250829,8,4,176,80,180.0,84.0,137.10655212402344,136.80160522460938,0.3049468994140625
s_butterfly_560,resnet50_tl_20250829,8,4,176,84,180.0,88.0,137.10655212402344,136.9041748046875,0.2023773193359375
s_butterfly_560,resnet50_tl_20250829,8,4,176,88,180.0,92.0,137.10655212402344,136.88514709472656,0.221405029296875
s_butterfly_560,resnet50_tl_20250829,8,4,176,92,180.0,96.0,137.10655212402344,136.8952178955078,0.211334228515625
s_butterfly_560,resnet50_tl_20250829,8,4,176,96,180.0,100.0,137.10655212402344,136.83920288085938,0.2673492431640625
s_butterfly_560,resnet50_tl_20250829,8,4,176,100,180.0,104.0,137.10655212402344,136.86099243164062,0.2455596923828125
s_butterfly_560,resnet50_tl_20250829,8,4,176,104,180.0,108.0,137.10655212402344,137.0355987548828,0.070953369140625
s_butterfly_560,resnet50_tl_20250829,8,4,176,108,180.0,112.0,137.10655212402344,137.138427734375,-0.0318756103515625
s_butterfly_560,resnet50_tl_20250829,8,4,176,112,180.0,116.0,137.10655212402344,137.011474609375,0.0950775146484375
s_butterfly_560,resnet50_tl_20250829,8,4,176,116,180.0,120.0,137.10655212402344,136.9069061279297,0.19964599609375
s_butterfly_560,resnet50_tl_20250829,8,4,176,120,180.0,124.0,137.10655212402344,136.80592346191406,0.300628662109375
s_butterfly_560,resnet50_tl_20250829,8,4,176,124,180.0,128.0,137.10655212402344,136.82260131835938,0.2839508056640625
s_butterfly_560,resnet50_tl_20250829,8,4,176,128,180.0,132.0,137.10655212402344,136.93621826171875,0.1703338623046875
s_butterfly_560,resnet50_tl_20250829,8,4,176,132,180.0,136.0,137.10655212402344,136.89340209960938,0.2131500244140625
s_butterfly_560,resnet50_tl_20250829,8,4,176,136,180.0,140.0,137.10655212402344,136.9024200439453,0.204132080078125
s_butterfly_560,resnet50_tl_20250829,8,4,176,140,180.0,144.0,137.10655212402344,136.9228973388672,0.18365478515625
s_butterfly_560,resnet50_tl_20250829,8,4,176,144,180.0,148.0,137.10655212402344,136.89035034179688,0.2162017822265625
s_butterfly_560,resnet50_tl_20250829,8,4,176,148,180.0,152.0,137.10655212402344,136.7774200439453,0.329132080078125
s_butterfly_560,resnet50_tl_20250829,8,4,176,152,180.0,156.0,137.10655212402344,136.8478240966797,0.25872802734375
s_butterfly_560,resnet50_tl_20250829,8,4,176,156,180.0,160.0,137.10655212402344,136.625244140625,0.4813079833984375
s_butterfly_560,resnet50_tl_20250829,8,4,176,160,180.0,164.0,137.10655212402344,136.68898010253906,0.417572021484375
s_butterfly_560,resnet50_tl_20250829,8,4,176,164,180.0,168.0,137.10655212402344,137.13998413085938,-0.0334320068359375
s_butterfly_560,resnet50_tl_20250829,8,4,176,168,180.0,172.0,137.10655212402344,136.98443603515625,0.1221160888671875
s_butterfly_560,resnet50_tl_20250829,8,4,176,172,180.0,176.0,137.10655212402344,136.7948760986328,0.311676025390625
s_butterfly_560,resnet50_tl_20250829,8,4,176,176,180.0,180.0,137.10655212402344,136.73556518554688,0.3709869384765625
s_butterfly_560,resnet50_tl_20250829,8,4,176,180,180.0,184.0,137.10655212402344,136.7425079345703,0.364044189453125
s_butterfly_560,resnet50_tl_20250829,8,4,176,184,180.0,188.0,137.10655212402344,137.0191650390625,0.0873870849609375
s_butterfly_560,resnet50_tl_20250829,8,4,176,188,180.0,192.0,137.10655212402344,136.87962341308594,0.2269287109375
s_butterfly_560,resnet50_tl_20250829,8,4,176,192,180.0,196.0,137.10655212402344,136.9523468017578,0.154205322265625
s_butterfly_560,resnet50_tl_20250829,8,4,176,196,180.0,200.0,137.10655212402344,136.98072814941406,0.125823974609375
s_butterfly_560,resnet50_tl_20250829,8,4,176,200,180.0,204.0,137.10655212402344,137.088134765625,0.0184173583984375
s_butterfly_560,resnet50_tl_20250829,8,4,176,204,180.0,208.0,137.10655212402344,137.02879333496094,0.0777587890625
s_butterfly_560,resnet50_tl_20250829,8,4,176,208,180.0,212.0,137.10655212402344,137.0411376953125,0.0654144287109375
s_butterfly_560,resnet50_tl_20250829,8,4,176,212,180.0,216.0,137.10655212402344,137.00778198242188,0.0987701416015625
s_butterfly_560,resnet50_tl_20250829,8,4,176,216,180.0,220.0,137.10655212402344,137.05996704101562,0.0465850830078125
s_butterfly_560,resnet50_tl_20250829,8,4,180,0,184.0,4.0,137.10655212402344,136.95416259765625,0.1523895263671875
s_butterfly_560,resnet50_tl_20250829,8,4,180,4,184.0,8.0,137.10655212402344,136.95419311523438,0.1523590087890625
s_butterfly_560,resnet50_tl_20250829,8,4,180,8,184.0,12.0,137.10655212402344,137.0559539794922,0.05059814453125
s_butterfly_560,resnet50_tl_20250829,8,4,180,12,184.0,16.0,137.10655212402344,137.0257568359375,0.0807952880859375
s_butterfly_560,resnet50_tl_20250829,8,4,180,16,184.0,20.0,137.10655212402344,137.01116943359375,0.0953826904296875
s_butterfly_560,resnet50_tl_20250829,8,4,180,20,184.0,24.0,137.10655212402344,136.96084594726562,0.1457061767578125
s_butterfly_560,resnet50_tl_20250829,8,4,180,24,184.0,28.0,137.10655212402344,136.9276580810547,0.17889404296875
s_butterfly_560,resnet50_tl_20250829,8,4,180,28,184.0,32.0,137.10655212402344,136.9360809326172,0.17047119140625
s_butterfly_560,resnet50_tl_20250829,8,4,180,32,184.0,36.0,137.10655212402344,136.94654846191406,0.160003662109375
s_butterfly_560,resnet50_tl_20250829,8,4,180,36,184.0,40.0,137.10655212402344,136.98651123046875,0.1200408935546875
s_butterfly_560,resnet50_tl_20250829,8,4,180,40,184.0,44.0,137.10655212402344,136.9275665283203,0.178985595703125
s_butterfly_560,resnet50_tl_20250829,8,4,180,44,184.0,48.0,137.10655212402344,137.04551696777344,0.06103515625
s_butterfly_560,resnet50_tl_20250829,8,4,180,48,184.0,52.0,137.10655212402344,137.056396484375,0.0501556396484375
s_butterfly_560,resnet50_tl_20250829,8,4,180,52,184.0,56.0,137.10655212402344,137.05722045898438,0.0493316650390625
s_butterfly_560,resnet50_tl_20250829,8,4,180,56,184.0,60.0,137.10655212402344,137.0087890625,0.0977630615234375
s_butterfly_560,resnet50_tl_20250829,8,4,180,60,184.0,64.0,137.10655212402344,137.10716247558594,-0.0006103515625
s_butterfly_560,resnet50_tl_20250829,8,4,180,64,184.0,68.0,137.10655212402344,137.0576934814453,0.048858642578125
s_butterfly_560,resnet50_tl_20250829,8,4,180,68,184.0,72.0,137.10655212402344,137.07318115234375,0.0333709716796875
s_butterfly_560,resnet50_tl_20250829,8,4,180,72,184.0,76.0,137.10655212402344,136.987548828125,0.1190032958984375
s_butterfly_560,resnet50_tl_20250829,8,4,180,76,184.0,80.0,137.10655212402344,137.07247924804688,0.0340728759765625
s_butterfly_560,resnet50_tl_20250829,8,4,180,80,184.0,84.0,137.10655212402344,137.05242919921875,0.0541229248046875
s_butterfly_560,resnet50_tl_20250829,8,4,180,84,184.0,88.0,137.10655212402344,137.08770751953125,0.0188446044921875
s_butterfly_560,resnet50_tl_20250829,8,4,180,88,184.0,92.0,137.10655212402344,136.9827880859375,0.1237640380859375
s_butterfly_560,resnet50_tl_20250829,8,4,180,92,184.0,96.0,137.10655212402344,137.0662384033203,0.040313720703125
s_butterfly_560,resnet50_tl_20250829,8,4,180,96,184.0,100.0,137.10655212402344,136.9464111328125,0.1601409912109375
s_butterfly_560,resnet50_tl_20250829,8,4,180,100,184.0,104.0,137.10655212402344,137.02032470703125,0.0862274169921875
s_butterfly_560,resnet50_tl_20250829,8,4,180,104,184.0,108.0,137.10655212402344,137.09327697753906,0.013275146484375
s_butterfly_560,resnet50_tl_20250829,8,4,180,108,184.0,112.0,137.10655212402344,137.1970977783203,-0.090545654296875
s_butterfly_560,resnet50_tl_20250829,8,4,180,112,184.0,116.0,137.10655212402344,137.0579376220703,0.048614501953125
s_butterfly_560,resnet50_tl_20250829,8,4,180,116,184.0,120.0,137.10655212402344,136.9152069091797,0.19134521484375
s_butterfly_560,resnet50_tl_20250829,8,4,180,120,184.0,124.0,137.10655212402344,136.86215209960938,0.2444000244140625
s_butterfly_560,resnet50_tl_20250829,8,4,180,124,184.0,128.0,137.10655212402344,136.84498596191406,0.261566162109375
s_butterfly_560,resnet50_tl_20250829,8,4,180,128,184.0,132.0,137.10655212402344,136.8649139404297,0.24163818359375
s_butterfly_560,resnet50_tl_20250829,8,4,180,132,184.0,136.0,137.10655212402344,136.85581970214844,0.250732421875
s_butterfly_560,resnet50_tl_20250829,8,4,180,136,184.0,140.0,137.10655212402344,136.91867065429688,0.1878814697265625
s_butterfly_560,resnet50_tl_20250829,8,4,180,140,184.0,144.0,137.10655212402344,137.02017211914062,0.0863800048828125
s_butterfly_560,resnet50_tl_20250829,8,4,180,144,184.0,148.0,137.10655212402344,136.83059692382812,0.2759552001953125
s_butterfly_560,resnet50_tl_20250829,8,4,180,148,184.0,152.0,137.10655212402344,136.77389526367188,0.3326568603515625
s_butterfly_560,resnet50_tl_20250829,8,4,180,152,184.0,156.0,137.10655212402344,136.8831787109375,0.2233734130859375
s_butterfly_560,resnet50_tl_20250829,8,4,180,156,184.0,160.0,137.10655212402344,136.7667694091797,0.33978271484375
s_butterfly_560,resnet50_tl_20250829,8,4,180,160,184.0,164.0,137.10655212402344,136.7369384765625,0.3696136474609375
s_butterfly_560,resnet50_tl_20250829,8,4,180,164,184.0,168.0,137.10655212402344,137.05343627929688,0.0531158447265625
s_butterfly_560,resnet50_tl_20250829,8,4,180,168,184.0,172.0,137.10655212402344,136.93641662597656,0.170135498046875
s_butterfly_560,resnet50_tl_20250829,8,4,180,172,184.0,176.0,137.10655212402344,137.126953125,-0.0204010009765625
s_butterfly_560,resnet50_tl_20250829,8,4,180,176,184.0,180.0,137.10655212402344,137.08493041992188,0.0216217041015625
s_butterfly_560,resnet50_tl_20250829,8,4,180,180,184.0,184.0,137.10655212402344,136.9893035888672,0.11724853515625
s_butterfly_560,resnet50_tl_20250829,8,4,180,184,184.0,188.0,137.10655212402344,137.0778350830078,0.028717041015625
s_butterfly_560,resnet50_tl_20250829,8,4,180,188,184.0,192.0,137.10655212402344,137.0352783203125,0.0712738037109375
s_butterfly_560,resnet50_tl_20250829,8,4,180,192,184.0,196.0,137.10655212402344,137.14126586914062,-0.0347137451171875
s_butterfly_560,resnet50_tl_20250829,8,4,180,196,184.0,200.0,137.10655212402344,137.0467071533203,0.059844970703125
s_butterfly_560,resnet50_tl_20250829,8,4,180,200,184.0,204.0,137.10655212402344,137.08328247070312,0.0232696533203125
s_butterfly_560,resnet50_tl_20250829,8,4,180,204,184.0,208.0,137.10655212402344,137.07568359375,0.0308685302734375
s_butterfly_560,resnet50_tl_20250829,8,4,180,208,184.0,212.0,137.10655212402344,137.13919067382812,-0.0326385498046875
s_butterfly_560,resnet50_tl_20250829,8,4,180,212,184.0,216.0,137.10655212402344,137.07568359375,0.0308685302734375
s_butterfly_560,resnet50_tl_20250829,8,4,180,216,184.0,220.0,137.10655212402344,137.06378173828125,0.0427703857421875
s_butterfly_560,resnet50_tl_20250829,8,4,184,0,188.0,4.0,137.10655212402344,136.90463256835938,0.2019195556640625
s_butterfly_560,resnet50_tl_20250829,8,4,184,4,188.0,8.0,137.10655212402344,136.91171264648438,0.1948394775390625
s_butterfly_560,resnet50_tl_20250829,8,4,184,8,188.0,12.0,137.10655212402344,137.01609802246094,0.0904541015625
s_butterfly_560,resnet50_tl_20250829,8,4,184,12,188.0,16.0,137.10655212402344,136.87623596191406,0.230316162109375
s_butterfly_560,resnet50_tl_20250829,8,4,184,16,188.0,20.0,137.10655212402344,136.91177368164062,0.1947784423828125
s_butterfly_560,resnet50_tl_20250829,8,4,184,20,188.0,24.0,137.10655212402344,136.84295654296875,0.2635955810546875
s_butterfly_560,resnet50_tl_20250829,8,4,184,24,188.0,28.0,137.10655212402344,136.86605834960938,0.2404937744140625
s_butterfly_560,resnet50_tl_20250829,8,4,184,28,188.0,32.0,137.10655212402344,136.782470703125,0.3240814208984375
s_butterfly_560,resnet50_tl_20250829,8,4,184,32,188.0,36.0,137.10655212402344,136.8553466796875,0.2512054443359375
s_butterfly_560,resnet50_tl_20250829,8,4,184,36,188.0,40.0,137.10655212402344,136.8326416015625,0.2739105224609375
s_butterfly_560,resnet50_tl_20250829,8,4,184,40,188.0,44.0,137.10655212402344,136.86940002441406,0.237152099609375
s_butterfly_560,resnet50_tl_20250829,8,4,184,44,188.0,48.0,137.10655212402344,136.8113250732422,0.29522705078125
s_butterfly_560,resnet50_tl_20250829,8,4,184,48,188.0,52.0,137.10655212402344,136.8617706298828,0.244781494140625
s_butterfly_560,resnet50_tl_20250829,8,4,184,52,188.0,56.0,137.10655212402344,136.8554229736328,0.251129150390625
s_butterfly_560,resnet50_tl_20250829,8,4,184,56,188.0,60.0,137.10655212402344,136.91893005371094,0.1876220703125
s_butterfly_560,resnet50_tl_20250829,8,4,184,60,188.0,64.0,137.10655212402344,136.87118530273438,0.2353668212890625
s_butterfly_560,resnet50_tl_20250829,8,4,184,64,188.0,68.0,137.10655212402344,136.93983459472656,0.166717529296875
s_butterfly_560,resnet50_tl_20250829,8,4,184,68,188.0,72.0,137.10655212402344,136.9076690673828,0.198883056640625
s_butterfly_560,resnet50_tl_20250829,8,4,184,72,188.0,76.0,137.10655212402344,136.95889282226562,0.1476593017578125
s_butterfly_560,resnet50_tl_20250829,8,4,184,76,188.0,80.0,137.10655212402344,136.8885498046875,0.2180023193359375
s_butterfly_560,resnet50_tl_20250829,8,4,184,80,188.0,84.0,137.10655212402344,136.89794921875,0.2086029052734375
s_butterfly_560,resnet50_tl_20250829,8,4,184,84,188.0,88.0,137.10655212402344,136.91619873046875,0.1903533935546875
s_butterfly_560,resnet50_tl_20250829,8,4,184,88,188.0,92.0,137.10655212402344,136.992919921875,0.1136322021484375
s_butterfly_560,resnet50_tl_20250829,8,4,184,92,188.0,96.0,137.10655212402344,136.94691467285156,0.159637451171875
s_butterfly_560,resnet50_tl_20250829,8,4,184,96,188.0,100.0,137.10655212402344,136.94088745117188,0.1656646728515625
s_butterfly_560,resnet50_tl_20250829,8,4,184,100,188.0,104.0,137.10655212402344,137.01388549804688,0.0926666259765625
s_butterfly_560,resnet50_tl_20250829,8,4,184,104,188.0,108.0,137.10655212402344,137.04208374023438,0.0644683837890625
s_butterfly_560,resnet50_tl_20250829,8,4,184,108,188.0,112.0,137.10655212402344,136.81625366210938,0.2902984619140625
s_butterfly_560,resnet50_tl_20250829,8,4,184,112,188.0,116.0,137.10655212402344,136.7538604736328,0.352691650390625
s_butterfly_560,resnet50_tl_20250829,8,4,184,116,188.0,120.0,137.10655212402344,136.952880859375,0.1536712646484375
s_butterfly_560,resnet50_tl_20250829,8,4,184,120,188.0,124.0,137.10655212402344,136.8609619140625,0.2455902099609375
s_butterfly_560,resnet50_tl_20250829,8,4,184,124,188.0,128.0,137.10655212402344,136.91299438476562,0.1935577392578125
s_butterfly_560,resnet50_tl_20250829,8,4,184,128,188.0,132.0,137.10655212402344,136.87103271484375,0.2355194091796875
s_butterfly_560,resnet50_tl_20250829,8,4,184,132,188.0,136.0,137.10655212402344,136.90794372558594,0.1986083984375
s_butterfly_560,resnet50_tl_20250829,8,4,184,136,188.0,140.0,137.10655212402344,136.8298797607422,0.27667236328125
s_butterfly_560,resnet50_tl_20250829,8,4,184,140,188.0,144.0,137.10655212402344,137.0471954345703,0.059356689453125
s_butterfly_560,resnet50_tl_20250829,8,4,184,144,188.0,148.0,137.10655212402344,136.916015625,0.1905364990234375
s_butterfly_560,resnet50_tl_20250829,8,4,184,148,188.0,152.0,137.10655212402344,136.79937744140625,0.3071746826171875
s_butterfly_560,resnet50_tl_20250829,8,4,184,152,188.0,156.0,137.10655212402344,136.75819396972656,0.348358154296875
s_butterfly_560,resnet50_tl_20250829,8,4,184,156,188.0,160.0,137.10655212402344,136.79739379882812,0.3091583251953125
s_butterfly_560,resnet50_tl_20250829,8,4,184,160,188.0,164.0,137.10655212402344,136.80889892578125,0.2976531982421875
s_butterfly_560,resnet50_tl_20250829,8,4,184,164,188.0,168.0,137.10655212402344,136.94943237304688,0.1571197509765625
s_butterfly_560,resnet50_tl_20250829,8,4,184,168,188.0,172.0,137.10655212402344,137.04139709472656,0.065155029296875
s_butterfly_560,resnet50_tl_20250829,8,4,184,172,188.0,176.0,137.10655212402344,136.9607696533203,0.145782470703125
s_butterfly_560,resnet50_tl_20250829,8,4,184,176,188.0,180.0,137.10655212402344,136.98175048828125,0.1248016357421875
s_butterfly_560,resnet50_tl_20250829,8,4,184,180,188.0,184.0,137.10655212402344,136.9125213623047,0.19403076171875
s_butterfly_560,resnet50_tl_20250829,8,4,184,184,188.0,188.0,137.10655212402344,137.0941162109375,0.0124359130859375
s_butterfly_560,resnet50_tl_20250829,8,4,184,188,188.0,192.0,137.10655212402344,137.03916931152344,0.0673828125
s_butterfly_560,resnet50_tl_20250829,8,4,184,192,188.0,196.0,137.10655212402344,137.13841247558594,-0.0318603515625
s_butterfly_560,resnet50_tl_20250829,8,4,184,196,188.0,200.0,137.10655212402344,137.058837890625,0.0477142333984375
s_butterfly_560,resnet50_tl_20250829,8,4,184,200,188.0,204.0,137.10655212402344,137.1179962158203,-0.011444091796875
s_butterfly_560,resnet50_tl_20250829,8,4,184,204,188.0,208.0,137.10655212402344,137.12924194335938,-0.0226898193359375
s_butterfly_560,resnet50_tl_20250829,8,4,184,208,188.0,212.0,137.10655212402344,137.1698760986328,-0.063323974609375
s_butterfly_560,resnet50_tl_20250829,8,4,184,212,188.0,216.0,137.10655212402344,137.0883331298828,0.018218994140625
s_butterfly_560,resnet50_tl_20250829,8,4,184,216,188.0,220.0,137.10655212402344,137.0877227783203,0.018829345703125
s_butterfly_560,resnet50_tl_20250829,8,4,188,0,192.0,4.0,137.10655212402344,136.6962432861328,0.410308837890625
s_butterfly_560,resnet50_tl_20250829,8,4,188,4,192.0,8.0,137.10655212402344,136.90185546875,0.2046966552734375
s_butterfly_560,resnet50_tl_20250829,8,4,188,8,192.0,12.0,137.10655212402344,137.028564453125,0.0779876708984375
s_butterfly_560,resnet50_tl_20250829,8,4,188,12,192.0,16.0,137.10655212402344,136.7893829345703,0.317169189453125
s_butterfly_560,resnet50_tl_20250829,8,4,188,16,192.0,20.0,137.10655212402344,136.82810974121094,0.2784423828125
s_butterfly_560,resnet50_tl_20250829,8,4,188,20,192.0,24.0,137.10655212402344,136.88418579101562,0.2223663330078125
s_butterfly_560,resnet50_tl_20250829,8,4,188,24,192.0,28.0,137.10655212402344,136.9718017578125,0.1347503662109375
s_butterfly_560,resnet50_tl_20250829,8,4,188,28,192.0,32.0,137.10655212402344,136.6085662841797,0.49798583984375
s_butterfly_560,resnet50_tl_20250829,8,4,188,32,192.0,36.0,137.10655212402344,136.66921997070312,0.4373321533203125
s_butterfly_560,resnet50_tl_20250829,8,4,188,36,192.0,40.0,137.10655212402344,136.88897705078125,0.2175750732421875
s_butterfly_560,resnet50_tl_20250829,8,4,188,40,192.0,44.0,137.10655212402344,136.95150756835938,0.1550445556640625
s_butterfly_560,resnet50_tl_20250829,8,4,188,44,192.0,48.0,137.10655212402344,136.67784118652344,0.4287109375
s_butterfly_560,resnet50_tl_20250829,8,4,188,48,192.0,52.0,137.10655212402344,136.70997619628906,0.396575927734375
s_butterfly_560,resnet50_tl_20250829,8,4,188,52,192.0,56.0,137.10655212402344,136.9360809326172,0.17047119140625
s_butterfly_560,resnet50_tl_20250829,8,4,188,56,192.0,60.0,137.10655212402344,137.03009033203125,0.0764617919921875
s_butterfly_560,resnet50_tl_20250829,8,4,188,60,192.0,64.0,137.10655212402344,136.70358276367188,0.4029693603515625
s_butterfly_560,resnet50_tl_20250829,8,4,188,64,192.0,68.0,137.10655212402344,136.7527313232422,0.35382080078125
s_butterfly_560,resnet50_tl_20250829,8,4,188,68,192.0,72.0,137.10655212402344,136.97300720214844,0.133544921875
s_butterfly_560,resnet50_tl_20250829,8,4,188,72,192.0,76.0,137.10655212402344,137.06715393066406,0.039398193359375
s_butterfly_560,resnet50_tl_20250829,8,4,188,76,192.0,80.0,137.10655212402344,136.8485107421875,0.2580413818359375
s_butterfly_560,resnet50_tl_20250829,8,4,188,80,192.0,84.0,137.10655212402344,136.81088256835938,0.2956695556640625
s_butterfly_560,resnet50_tl_20250829,8,4,188,84,192.0,88.0,137.10655212402344,136.99937438964844,0.107177734375
s_butterfly_560,resnet50_tl_20250829,8,4,188,88,192.0,92.0,137.10655212402344,137.1001739501953,0.006378173828125
s_butterfly_560,resnet50_tl_20250829,8,4,188,92,192.0,96.0,137.10655212402344,136.92129516601562,0.1852569580078125
s_butterfly_560,resnet50_tl_20250829,8,4,188,96,192.0,100.0,137.10655212402344,136.921142578125,0.1854095458984375
s_butterfly_560,resnet50_tl_20250829,8,4,188,100,192.0,104.0,137.10655212402344,137.13156127929688,-0.0250091552734375
s_butterfly_560,resnet50_tl_20250829,8,4,188,104,192.0,108.0,137.10655212402344,137.0753173828125,0.0312347412109375
s_butterfly_560,resnet50_tl_20250829,8,4,188,108,192.0,112.0,137.10655212402344,136.8783416748047,0.22821044921875
s_butterfly_560,resnet50_tl_20250829,8,4,188,112,192.0,116.0,137.10655212402344,136.72967529296875,0.3768768310546875
s_butterfly_560,resnet50_tl_20250829,8,4,188,116,192.0,120.0,137.10655212402344,136.94940185546875,0.1571502685546875
s_butterfly_560,resnet50_tl_20250829,8,4,188,120,192.0,124.0,137.10655212402344,136.92868041992188,0.1778717041015625
s_butterfly_560,resnet50_tl_20250829,8,4,188,124,192.0,128.0,137.10655212402344,136.8262481689453,0.280303955078125
s_butterfly_560,resnet50_tl_20250829,8,4,188,128,192.0,132.0,137.10655212402344,136.89064025878906,0.215911865234375
s_butterfly_560,resnet50_tl_20250829,8,4,188,132,192.0,136.0,137.10655212402344,136.8839111328125,0.2226409912109375
s_butterfly_560,resnet50_tl_20250829,8,4,188,136,192.0,140.0,137.10655212402344,136.82894897460938,0.2776031494140625
s_butterfly_560,resnet50_tl_20250829,8,4,188,140,192.0,144.0,137.10655212402344,137.08132934570312,0.0252227783203125
s_butterfly_560,resnet50_tl_20250829,8,4,188,144,192.0,148.0,137.10655212402344,137.08470153808594,0.0218505859375
s_butterfly_560,resnet50_tl_20250829,8,4,188,148,192.0,152.0,137.10655212402344,136.9151611328125,0.1913909912109375
s_butterfly_560,resnet50_tl_20250829,8,4,188,152,192.0,156.0,137.10655212402344,136.8690643310547,0.23748779296875
s_butterfly_560,resnet50_tl_20250829,8,4,188,156,192.0,160.0,137.10655212402344,136.54014587402344,0.56640625
s_butterfly_560,resnet50_tl_20250829,8,4,188,160,192.0,164.0,137.10655212402344,136.64016723632812,0.4663848876953125
s_butterfly_560,resnet50_tl_20250829,8,4,188,164,192.0,168.0,137.10655212402344,137.07373046875,0.0328216552734375
s_butterfly_560,resnet50_tl_20250829,8,4,188,168,192.0,172.0,137.10655212402344,137.07191467285156,0.034637451171875
s_butterfly_560,resnet50_tl_20250829,8,4,188,172,192.0,176.0,137.10655212402344,136.7696990966797,0.33685302734375
s_butterfly_560,resnet50_tl_20250829,8,4,188,176,192.0,180.0,137.10655212402344,136.76907348632812,0.3374786376953125
s_butterfly_560,resnet50_tl_20250829,8,4,188,180,192.0,184.0,137.10655212402344,136.8870391845703,0.219512939453125
s_butterfly_560,resnet50_tl_20250829,8,4,188,184,192.0,188.0,137.10655212402344,137.1241455078125,-0.0175933837890625
s_butterfly_560,resnet50_tl_20250829,8,4,188,188,192.0,192.0,137.10655212402344,136.89349365234375,0.2130584716796875
s_butterfly_560,resnet50_tl_20250829,8,4,188,192,192.0,196.0,137.10655212402344,137.00535583496094,0.1011962890625
s_butterfly_560,resnet50_tl_20250829,8,4,188,196,192.0,200.0,137.10655212402344,137.0125274658203,0.094024658203125
s_butterfly_560,resnet50_tl_20250829,8,4,188,200,192.0,204.0,137.10655212402344,137.1265869140625,-0.0200347900390625
s_butterfly_560,resnet50_tl_20250829,8,4,188,204,192.0,208.0,137.10655212402344,137.14315795898438,-0.0366058349609375
s_butterfly_560,resnet50_tl_20250829,8,4,188,208,192.0,212.0,137.10655212402344,137.16355895996094,-0.0570068359375
s_butterfly_560,resnet50_tl_20250829,8,4,188,212,192.0,216.0,137.10655212402344,137.10821533203125,-0.0016632080078125
s_butterfly_560,resnet50_tl_20250829,8,4,188,216,192.0,220.0,137.10655212402344,137.10426330566406,0.002288818359375
s_butterfly_560,resnet50_tl_20250829,8,4,192,0,196.0,4.0,137.10655212402344,136.79856872558594,0.3079833984375
s_butterfly_560,resnet50_tl_20250829,8,4,192,4,196.0,8.0,137.10655212402344,136.91786193847656,0.188690185546875
s_butterfly_560,resnet50_tl_20250829,8,4,192,8,196.0,12.0,137.10655212402344,137.05389404296875,0.0526580810546875
s_butterfly_560,resnet50_tl_20250829,8,4,192,12,196.0,16.0,137.10655212402344,136.81069946289062,0.2958526611328125
s_butterfly_560,resnet50_tl_20250829,8,4,192,16,196.0,20.0,137.10655212402344,136.89892578125,0.2076263427734375
s_butterfly_560,resnet50_tl_20250829,8,4,192,20,196.0,24.0,137.10655212402344,136.90206909179688,0.2044830322265625
s_butterfly_560,resnet50_tl_20250829,8,4,192,24,196.0,28.0,137.10655212402344,137.02078247070312,0.0857696533203125
s_butterfly_560,resnet50_tl_20250829,8,4,192,28,196.0,32.0,137.10655212402344,136.7138671875,0.3926849365234375
s_butterfly_560,resnet50_tl_20250829,8,4,192,32,196.0,36.0,137.10655212402344,136.79574584960938,0.3108062744140625
s_butterfly_560,resnet50_tl_20250829,8,4,192,36,196.0,40.0,137.10655212402344,136.9286346435547,0.17791748046875
s_butterfly_560,resnet50_tl_20250829,8,4,192,40,196.0,44.0,137.10655212402344,137.0067596435547,0.09979248046875
s_butterfly_560,resnet50_tl_20250829,8,4,192,44,196.0,48.0,137.10655212402344,136.73458862304688,0.3719635009765625
s_butterfly_560,resnet50_tl_20250829,8,4,192,48,196.0,52.0,137.10655212402344,136.80081176757812,0.3057403564453125
s_butterfly_560,resnet50_tl_20250829,8,4,192,52,196.0,56.0,137.10655212402344,136.9370880126953,0.169464111328125
s_butterfly_560,resnet50_tl_20250829,8,4,192,56,196.0,60.0,137.10655212402344,137.0513153076172,0.05523681640625
s_butterfly_560,resnet50_tl_20250829,8,4,192,60,196.0,64.0,137.10655212402344,136.7728729248047,0.33367919921875
s_butterfly_560,resnet50_tl_20250829,8,4,192,64,196.0,68.0,137.10655212402344,136.82627868652344,0.2802734375
s_butterfly_560,resnet50_tl_20250829,8,4,192,68,196.0,72.0,137.10655212402344,136.9820556640625,0.1244964599609375
s_butterfly_560,resnet50_tl_20250829,8,4,192,72,196.0,76.0,137.10655212402344,137.06271362304688,0.0438385009765625
s_butterfly_560,resnet50_tl_20250829,8,4,192,76,196.0,80.0,137.10655212402344,136.83447265625,0.2720794677734375
s_butterfly_560,resnet50_tl_20250829,8,4,192,80,196.0,84.0,137.10655212402344,136.86517333984375,0.2413787841796875
s_butterfly_560,resnet50_tl_20250829,8,4,192,84,196.0,88.0,137.10655212402344,136.96588134765625,0.1406707763671875
s_butterfly_560,resnet50_tl_20250829,8,4,192,88,196.0,92.0,137.10655212402344,137.0989227294922,0.00762939453125
s_butterfly_560,resnet50_tl_20250829,8,4,192,92,196.0,96.0,137.10655212402344,136.88807678222656,0.218475341796875
s_butterfly_560,resnet50_tl_20250829,8,4,192,96,196.0,100.0,137.10655212402344,136.95204162597656,0.154510498046875
s_butterfly_560,resnet50_tl_20250829,8,4,192,100,196.0,104.0,137.10655212402344,137.03884887695312,0.0677032470703125
s_butterfly_560,resnet50_tl_20250829,8,4,192,104,196.0,108.0,137.10655212402344,137.1185302734375,-0.0119781494140625
s_butterfly_560,resnet50_tl_20250829,8,4,192,108,196.0,112.0,137.10655212402344,136.8992462158203,0.207305908203125
s_butterfly_560,resnet50_tl_20250829,8,4,192,112,196.0,116.0,137.10655212402344,136.88302612304688,0.2235260009765625
s_butterfly_560,resnet50_tl_20250829,8,4,192,116,196.0,120.0,137.10655212402344,136.99273681640625,0.1138153076171875
s_butterfly_560,resnet50_tl_20250829,8,4,192,120,196.0,124.0,137.10655212402344,137.04315185546875,0.0634002685546875
s_butterfly_560,resnet50_tl_20250829,8,4,192,124,196.0,128.0,137.10655212402344,136.9872589111328,0.119293212890625
s_butterfly_560,resnet50_tl_20250829,8,4,192,128,196.0,132.0,137.10655212402344,137.04669189453125,0.0598602294921875
s_butterfly_560,resnet50_tl_20250829,8,4,192,132,196.0,136.0,137.10655212402344,136.9745635986328,0.131988525390625
s_butterfly_560,resnet50_tl_20250829,8,4,192,136,196.0,140.0,137.10655212402344,136.84735107421875,0.2592010498046875
s_butterfly_560,resnet50_tl_20250829,8,4,192,140,196.0,144.0,137.10655212402344,136.97764587402344,0.12890625
s_butterfly_560,resnet50_tl_20250829,8,4,192,144,196.0,148.0,137.10655212402344,137.06314086914062,0.0434112548828125
s_butterfly_560,resnet50_tl_20250829,8,4,192,148,196.0,152.0,137.10655212402344,136.9635009765625,0.1430511474609375
s_butterfly_560,resnet50_tl_20250829,8,4,192,152,196.0,156.0,137.10655212402344,136.99720764160156,0.109344482421875
s_butterfly_560,resnet50_tl_20250829,8,4,192,156,196.0,160.0,137.10655212402344,136.83514404296875,0.2714080810546875
s_butterfly_560,resnet50_tl_20250829,8,4,192,160,196.0,164.0,137.10655212402344,136.7381134033203,0.368438720703125
s_butterfly_560,resnet50_tl_20250829,8,4,192,164,196.0,168.0,137.10655212402344,137.0323028564453,0.074249267578125
s_butterfly_560,resnet50_tl_20250829,8,4,192,168,196.0,172.0,137.10655212402344,137.10336303710938,0.0031890869140625
s_butterfly_560,resnet50_tl_20250829,8,4,192,172,196.0,176.0,137.10655212402344,136.93601989746094,0.1705322265625
s_butterfly_560,resnet50_tl_20250829,8,4,192,176,196.0,180.0,137.10655212402344,136.8876495361328,0.218902587890625
s_butterfly_560,resnet50_tl_20250829,8,4,192,180,196.0,184.0,137.10655212402344,136.97491455078125,0.1316375732421875
s_butterfly_560,resnet50_tl_20250829,8,4,192,184,196.0,188.0,137.10655212402344,137.15908813476562,-0.0525360107421875
s_butterfly_560,resnet50_tl_20250829,8,4,192,188,196.0,192.0,137.10655212402344,137.0177459716797,0.08880615234375
s_butterfly_560,resnet50_tl_20250829,8,4,192,192,196.0,196.0,137.10655212402344,137.09051513671875,0.0160369873046875
s_butterfly_560,resnet50_tl_20250829,8,4,192,196,196.0,200.0,137.10655212402344,137.092041015625,0.0145111083984375
s_butterfly_560,resnet50_tl_20250829,8,4,192,200,196.0,204.0,137.10655212402344,137.1609649658203,-0.054412841796875
s_butterfly_560,resnet50_tl_20250829,8,4,192,204,196.0,208.0,137.10655212402344,137.16006469726562,-0.0535125732421875
s_butterfly_560,resnet50_tl_20250829,8,4,192,208,196.0,212.0,137.10655212402344,137.16856384277344,-0.06201171875
s_butterfly_560,resnet50_tl_20250829,8,4,192,212,196.0,216.0,137.10655212402344,137.1240234375,-0.0174713134765625
s_butterfly_560,resnet50_tl_20250829,8,4,192,216,196.0,220.0,137.10655212402344,137.13656616210938,-0.0300140380859375
s_butterfly_560,resnet50_tl_20250829,8,4,196,0,200.0,4.0,137.10655212402344,136.99481201171875,0.1117401123046875
s_butterfly_560,resnet50_tl_20250829,8,4,196,4,200.0,8.0,137.10655212402344,137.00381469726562,0.1027374267578125
s_butterfly_560,resnet50_tl_20250829,8,4,196,8,200.0,12.0,137.10655212402344,137.1028289794922,0.00372314453125
s_butterfly_560,resnet50_tl_20250829,8,4,196,12,200.0,16.0,137.10655212402344,137.02452087402344,0.08203125
s_butterfly_560,resnet50_tl_20250829,8,4,196,16,200.0,20.0,137.10655212402344,137.04458618164062,0.0619659423828125
s_butterfly_560,resnet50_tl_20250829,8,4,196,20,200.0,24.0,137.10655212402344,137.03488159179688,0.0716705322265625
s_butterfly_560,resnet50_tl_20250829,8,4,196,24,200.0,28.0,137.10655212402344,137.06390380859375,0.0426483154296875
s_butterfly_560,resnet50_tl_20250829,8,4,196,28,200.0,32.0,137.10655212402344,136.99957275390625,0.1069793701171875
s_butterfly_560,resnet50_tl_20250829,8,4,196,32,200.0,36.0,137.10655212402344,137.0359649658203,0.070587158203125
s_butterfly_560,resnet50_tl_20250829,8,4,196,36,200.0,40.0,137.10655212402344,137.105712890625,0.0008392333984375
s_butterfly_560,resnet50_tl_20250829,8,4,196,40,200.0,44.0,137.10655212402344,137.06900024414062,0.0375518798828125
s_butterfly_560,resnet50_tl_20250829,8,4,196,44,200.0,48.0,137.10655212402344,137.04202270507812,0.0645294189453125
s_butterfly_560,resnet50_tl_20250829,8,4,196,48,200.0,52.0,137.10655212402344,137.05459594726562,0.0519561767578125
s_butterfly_560,resnet50_tl_20250829,8,4,196,52,200.0,56.0,137.10655212402344,137.14767456054688,-0.0411224365234375
s_butterfly_560,resnet50_tl_20250829,8,4,196,56,200.0,60.0,137.10655212402344,137.1043701171875,0.0021820068359375
s_butterfly_560,resnet50_tl_20250829,8,4,196,60,200.0,64.0,137.10655212402344,137.0938720703125,0.0126800537109375
s_butterfly_560,resnet50_tl_20250829,8,4,196,64,200.0,68.0,137.10655212402344,137.1061553955078,0.000396728515625
s_butterfly_560,resnet50_tl_20250829,8,4,196,68,200.0,72.0,137.10655212402344,137.1784210205078,-0.071868896484375
s_butterfly_560,resnet50_tl_20250829,8,4,196,72,200.0,76.0,137.10655212402344,137.10964965820312,-0.0030975341796875
s_butterfly_560,resnet50_tl_20250829,8,4,196,76,200.0,80.0,137.10655212402344,137.11485290527344,-0.00830078125
s_butterfly_560,resnet50_tl_20250829,8,4,196,80,200.0,84.0,137.10655212402344,137.10391235351562,0.0026397705078125
s_butterfly_560,resnet50_tl_20250829,8,4,196,84,200.0,88.0,137.10655212402344,137.18124389648438,-0.0746917724609375
s_butterfly_560,resnet50_tl_20250829,8,4,196,88,200.0,92.0,137.10655212402344,137.13966369628906,-0.033111572265625
s_butterfly_560,resnet50_tl_20250829,8,4,196,92,200.0,96.0,137.10655212402344,137.15045166015625,-0.0438995361328125
s_butterfly_560,resnet50_tl_20250829,8,4,196,96,200.0,100.0,137.10655212402344,137.18418884277344,-0.07763671875
s_butterfly_560,resnet50_tl_20250829,8,4,196,100,200.0,104.0,137.10655212402344,137.25157165527344,-0.14501953125
s_butterfly_560,resnet50_tl_20250829,8,4,196,104,200.0,108.0,137.10655212402344,137.27496337890625,-0.1684112548828125
s_butterfly_560,resnet50_tl_20250829,8,4,196,108,200.0,112.0,137.10655212402344,137.17184448242188,-0.0652923583984375
s_butterfly_560,resnet50_tl_20250829,8,4,196,112,200.0,116.0,137.10655212402344,137.13397216796875,-0.0274200439453125
s_butterfly_560,resnet50_tl_20250829,8,4,196,116,200.0,120.0,137.10655212402344,137.14297485351562,-0.0364227294921875
s_butterfly_560,resnet50_tl_20250829,8,4,196,120,200.0,124.0,137.10655212402344,137.22605895996094,-0.1195068359375
s_butterfly_560,resnet50_tl_20250829,8,4,196,124,200.0,128.0,137.10655212402344,137.23046875,-0.1239166259765625
s_butterfly_560,resnet50_tl_20250829,8,4,196,128,200.0,132.0,137.10655212402344,137.26565551757812,-0.1591033935546875
s_butterfly_560,resnet50_tl_20250829,8,4,196,132,200.0,136.0,137.10655212402344,137.30331420898438,-0.1967620849609375
s_butterfly_560,resnet50_tl_20250829,8,4,196,136,200.0,140.0,137.10655212402344,137.02072143554688,0.0858306884765625
s_butterfly_560,resnet50_tl_20250829,8,4,196,140,200.0,144.0,137.10655212402344,136.93446350097656,0.172088623046875
s_butterfly_560,resnet50_tl_20250829,8,4,196,144,200.0,148.0,137.10655212402344,136.95030212402344,0.15625
s_butterfly_560,resnet50_tl_20250829,8,4,196,148,200.0,152.0,137.10655212402344,136.9062957763672,0.20025634765625
s_butterfly_560,resnet50_tl_20250829,8,4,196,152,200.0,156.0,137.10655212402344,136.90403747558594,0.2025146484375
s_butterfly_560,resnet50_tl_20250829,8,4,196,156,200.0,160.0,137.10655212402344,136.88995361328125,0.2165985107421875
s_butterfly_560,resnet50_tl_20250829,8,4,196,160,200.0,164.0,137.10655212402344,136.92527770996094,0.1812744140625
s_butterfly_560,resnet50_tl_20250829,8,4,196,164,200.0,168.0,137.10655212402344,137.01870727539062,0.0878448486328125
s_butterfly_560,resnet50_tl_20250829,8,4,196,168,200.0,172.0,137.10655212402344,137.13133239746094,-0.0247802734375
s_butterfly_560,resnet50_tl_20250829,8,4,196,172,200.0,176.0,137.10655212402344,137.1112518310547,-0.00469970703125
s_butterfly_560,resnet50_tl_20250829,8,4,196,176,200.0,180.0,137.10655212402344,137.1011962890625,0.0053558349609375
s_butterfly_560,resnet50_tl_20250829,8,4,196,180,200.0,184.0,137.10655212402344,137.083740234375,0.0228118896484375
s_butterfly_560,resnet50_tl_20250829,8,4,196,184,200.0,188.0,137.10655212402344,137.1587677001953,-0.052215576171875
s_butterfly_560,resnet50_tl_20250829,8,4,196,188,200.0,192.0,137.10655212402344,137.09445190429688,0.0121002197265625
s_butterfly_560,resnet50_tl_20250829,8,4,196,192,200.0,196.0,137.10655212402344,137.19186401367188,-0.0853118896484375
s_butterfly_560,resnet50_tl_20250829,8,4,196,196,200.0,200.0,137.10655212402344,137.13645935058594,-0.0299072265625
s_butterfly_560,resnet50_tl_20250829,8,4,196,200,200.0,204.0,137.10655212402344,137.17422485351562,-0.0676727294921875
s_butterfly_560,resnet50_tl_20250829,8,4,196,204,200.0,208.0,137.10655212402344,137.1214141845703,-0.014862060546875
s_butterfly_560,resnet50_tl_20250829,8,4,196,208,200.0,212.0,137.10655212402344,137.14859008789062,-0.0420379638671875
s_butterfly_560,resnet50_tl_20250829,8,4,196,212,200.0,216.0,137.10655212402344,137.13729858398438,-0.0307464599609375
s_butterfly_560,resnet50_tl_20250829,8,4,196,216,200.0,220.0,137.10655212402344,137.13450622558594,-0.0279541015625
s_butterfly_560,resnet50_tl_20250829,8,4,200,0,204.0,4.0,137.10655212402344,137.00747680664062,0.0990753173828125
s_butterfly_560,resnet50_tl_20250829,8,4,200,4,204.0,8.0,137.10655212402344,137.03781127929688,0.0687408447265625
s_butterfly_560,resnet50_tl_20250829,8,4,200,8,204.0,12.0,137.10655212402344,137.0955810546875,0.0109710693359375
s_butterfly_560,resnet50_tl_20250829,8,4,200,12,204.0,16.0,137.10655212402344,136.96481323242188,0.1417388916015625
s_butterfly_560,resnet50_tl_20250829,8,4,200,16,204.0,20.0,137.10655212402344,136.99668884277344,0.10986328125
s_butterfly_560,resnet50_tl_20250829,8,4,200,20,204.0,24.0,137.10655212402344,136.99697875976562,0.1095733642578125
s_butterfly_560,resnet50_tl_20250829,8,4,200,24,204.0,28.0,137.10655212402344,137.03807067871094,0.0684814453125
s_butterfly_560,resnet50_tl_20250829,8,4,200,28,204.0,32.0,137.10655212402344,136.87234497070312,0.2342071533203125
s_butterfly_560,resnet50_tl_20250829,8,4,200,32,204.0,36.0,137.10655212402344,136.9353485107422,0.17120361328125
s_butterfly_560,resnet50_tl_20250829,8,4,200,36,204.0,40.0,137.10655212402344,136.98983764648438,0.1167144775390625
s_butterfly_560,resnet50_tl_20250829,8,4,200,40,204.0,44.0,137.10655212402344,137.04624938964844,0.060302734375
s_butterfly_560,resnet50_tl_20250829,8,4,200,44,204.0,48.0,137.10655212402344,136.88339233398438,0.2231597900390625
s_butterfly_560,resnet50_tl_20250829,8,4,200,48,204.0,52.0,137.10655212402344,136.92691040039062,0.1796417236328125
s_butterfly_560,resnet50_tl_20250829,8,4,200,52,204.0,56.0,137.10655212402344,136.99832153320312,0.1082305908203125
s_butterfly_560,resnet50_tl_20250829,8,4,200,56,204.0,60.0,137.10655212402344,137.0731964111328,0.033355712890625
s_butterfly_560,resnet50_tl_20250829,8,4,200,60,204.0,64.0,137.10655212402344,136.92092895507812,0.1856231689453125
s_butterfly_560,resnet50_tl_20250829,8,4,200,64,204.0,68.0,137.10655212402344,136.95352172851562,0.1530303955078125
s_butterfly_560,resnet50_tl_20250829,8,4,200,68,204.0,72.0,137.10655212402344,137.0068359375,0.0997161865234375
s_butterfly_560,resnet50_tl_20250829,8,4,200,72,204.0,76.0,137.10655212402344,137.07843017578125,0.0281219482421875
s_butterfly_560,resnet50_tl_20250829,8,4,200,76,204.0,80.0,137.10655212402344,136.95066833496094,0.1558837890625
s_butterfly_560,resnet50_tl_20250829,8,4,200,80,204.0,84.0,137.10655212402344,136.985595703125,0.1209564208984375
s_butterfly_560,resnet50_tl_20250829,8,4,200,84,204.0,88.0,137.10655212402344,137.0289764404297,0.07757568359375
s_butterfly_560,resnet50_tl_20250829,8,4,200,88,204.0,92.0,137.10655212402344,137.0979766845703,0.008575439453125
s_butterfly_560,resnet50_tl_20250829,8,4,200,92,204.0,96.0,137.10655212402344,136.93829345703125,0.1682586669921875
s_butterfly_560,resnet50_tl_20250829,8,4,200,96,204.0,100.0,137.10655212402344,136.9873504638672,0.11920166015625
s_butterfly_560,resnet50_tl_20250829,8,4,200,100,204.0,104.0,137.10655212402344,137.04568481445312,0.0608673095703125
s_butterfly_560,resnet50_tl_20250829,8,4,200,104,204.0,108.0,137.10655212402344,137.1510467529297,-0.04449462890625
s_butterfly_560,resnet50_tl_20250829,8,4,200,108,204.0,112.0,137.10655212402344,136.95480346679688,0.1517486572265625
s_butterfly_560,resnet50_tl_20250829,8,4,200,112,204.0,116.0,137.10655212402344,136.9951629638672,0.11138916015625
s_butterfly_560,resnet50_tl_20250829,8,4,200,116,204.0,120.0,137.10655212402344,137.03050231933594,0.0760498046875
s_butterfly_560,resnet50_tl_20250829,8,4,200,120,204.0,124.0,137.10655212402344,137.20310974121094,-0.0965576171875
s_butterfly_560,resnet50_tl_20250829,8,4,200,124,204.0,128.0,137.10655212402344,137.029541015625,0.0770111083984375
s_butterfly_560,resnet50_tl_20250829,8,4,200,128,204.0,132.0,137.10655212402344,137.10000610351562,0.0065460205078125
s_butterfly_560,resnet50_tl_20250829,8,4,200,132,204.0,136.0,137.10655212402344,137.05609130859375,0.0504608154296875
s_butterfly_560,resnet50_tl_20250829,8,4,200,136,204.0,140.0,137.10655212402344,137.16221618652344,-0.0556640625
s_butterfly_560,resnet50_tl_20250829,8,4,200,140,204.0,144.0,137.10655212402344,136.9906463623047,0.11590576171875
s_butterfly_560,resnet50_tl_20250829,8,4,200,144,204.0,148.0,137.10655212402344,136.9690704345703,0.137481689453125
s_butterfly_560,resnet50_tl_20250829,8,4,200,148,204.0,152.0,137.10655212402344,136.88998413085938,0.2165679931640625
s_butterfly_560,resnet50_tl_20250829,8,4,200,152,204.0,156.0,137.10655212402344,136.8461151123047,0.26043701171875
s_butterfly_560,resnet50_tl_20250829,8,4,200,156,204.0,160.0,137.10655212402344,136.8628387451172,0.24371337890625
s_butterfly_560,resnet50_tl_20250829,8,4,200,160,204.0,164.0,137.10655212402344,136.8475341796875,0.2590179443359375
s_butterfly_560,resnet50_tl_20250829,8,4,200,164,204.0,168.0,137.10655212402344,137.08651733398438,0.0200347900390625
s_butterfly_560,resnet50_tl_20250829,8,4,200,168,204.0,172.0,137.10655212402344,137.17233276367188,-0.0657806396484375
s_butterfly_560,resnet50_tl_20250829,8,4,200,172,204.0,176.0,137.10655212402344,137.07525634765625,0.0312957763671875
s_butterfly_560,resnet50_tl_20250829,8,4,200,176,204.0,180.0,137.10655212402344,137.0490264892578,0.057525634765625
s_butterfly_560,resnet50_tl_20250829,8,4,200,180,204.0,184.0,137.10655212402344,137.08712768554688,0.0194244384765625
s_butterfly_560,resnet50_tl_20250829,8,4,200,184,204.0,188.0,137.10655212402344,137.1815643310547,-0.07501220703125
s_butterfly_560,resnet50_tl_20250829,8,4,200,188,204.0,192.0,137.10655212402344,137.0570068359375,0.0495452880859375
s_butterfly_560,resnet50_tl_20250829,8,4,200,192,204.0,196.0,137.10655212402344,137.13973999023438,-0.0331878662109375
s_butterfly_560,resnet50_tl_20250829,8,4,200,196,204.0,200.0,137.10655212402344,137.11550903320312,-0.0089569091796875
s_butterfly_560,resnet50_tl_20250829,8,4,200,200,204.0,204.0,137.10655212402344,137.17825317382812,-0.0717010498046875
s_butterfly_560,resnet50_tl_20250829,8,4,200,204,204.0,208.0,137.10655212402344,137.09848022460938,0.0080718994140625
s_butterfly_560,resnet50_tl_20250829,8,4,200,208,204.0,212.0,137.10655212402344,137.11424255371094,-0.0076904296875
s_butterfly_560,resnet50_tl_20250829,8,4,200,212,204.0,216.0,137.10655212402344,137.1186981201172,-0.01214599609375
s_butterfly_560,resnet50_tl_20250829,8,4,200,216,204.0,220.0,137.10655212402344,137.13192749023438,-0.0253753662109375
s_butterfly_560,resnet50_tl_20250829,8,4,204,0,208.0,4.0,137.10655212402344,136.89878845214844,0.207763671875
s_butterfly_560,resnet50_tl_20250829,8,4,204,4,208.0,8.0,137.10655212402344,137.1027069091797,0.00384521484375
s_butterfly_560,resnet50_tl_20250829,8,4,204,8,208.0,12.0,137.10655212402344,137.17108154296875,-0.0645294189453125
s_butterfly_560,resnet50_tl_20250829,8,4,204,12,208.0,16.0,137.10655212402344,136.89767456054688,0.2088775634765625
s_butterfly_560,resnet50_tl_20250829,8,4,204,16,208.0,20.0,137.10655212402344,136.93038940429688,0.1761627197265625
s_butterfly_560,resnet50_tl_20250829,8,4,204,20,208.0,24.0,137.10655212402344,137.09963989257812,0.0069122314453125
s_butterfly_560,resnet50_tl_20250829,8,4,204,24,208.0,28.0,137.10655212402344,137.14718627929688,-0.0406341552734375
s_butterfly_560,resnet50_tl_20250829,8,4,204,28,208.0,32.0,137.10655212402344,136.73487854003906,0.371673583984375
s_butterfly_560,resnet50_tl_20250829,8,4,204,32,208.0,36.0,137.10655212402344,136.79490661621094,0.3116455078125
s_butterfly_560,resnet50_tl_20250829,8,4,204,36,208.0,40.0,137.10655212402344,137.0532684326172,0.05328369140625
s_butterfly_560,resnet50_tl_20250829,8,4,204,40,208.0,44.0,137.10655212402344,137.12286376953125,-0.0163116455078125
s_butterfly_560,resnet50_tl_20250829,8,4,204,44,208.0,48.0,137.10655212402344,136.74334716796875,0.3632049560546875
s_butterfly_560,resnet50_tl_20250829,8,4,204,48,208.0,52.0,137.10655212402344,136.76748657226562,0.3390655517578125
s_butterfly_560,resnet50_tl_20250829,8,4,204,52,208.0,56.0,137.10655212402344,137.05738830566406,0.049163818359375
s_butterfly_560,resnet50_tl_20250829,8,4,204,56,208.0,60.0,137.10655212402344,137.1484375,-0.0418853759765625
s_butterfly_560,resnet50_tl_20250829,8,4,204,60,208.0,64.0,137.10655212402344,136.74862670898438,0.3579254150390625
s_butterfly_560,resnet50_tl_20250829,8,4,204,64,208.0,68.0,137.10655212402344,136.78256225585938,0.3239898681640625
s_butterfly_560,resnet50_tl_20250829,8,4,204,68,208.0,72.0,137.10655212402344,137.04351806640625,0.0630340576171875
s_butterfly_560,resnet50_tl_20250829,8,4,204,72,208.0,76.0,137.10655212402344,137.15081787109375,-0.0442657470703125
s_butterfly_560,resnet50_tl_20250829,8,4,204,76,208.0,80.0,137.10655212402344,136.8121795654297,0.29437255859375
s_butterfly_560,resnet50_tl_20250829,8,4,204,80,208.0,84.0,137.10655212402344,136.8357391357422,0.27081298828125
s_butterfly_560,resnet50_tl_20250829,8,4,204,84,208.0,88.0,137.10655212402344,137.1091766357422,-0.00262451171875
s_butterfly_560,resnet50_tl_20250829,8,4,204,88,208.0,92.0,137.10655212402344,137.18177795410156,-0.075225830078125
s_butterfly_560,resnet50_tl_20250829,8,4,204,92,208.0,96.0,137.10655212402344,136.7461700439453,0.360382080078125
s_butterfly_560,resnet50_tl_20250829,8,4,204,96,208.0,100.0,137.10655212402344,136.7942352294922,0.31231689453125
s_butterfly_560,resnet50_tl_20250829,8,4,204,100,208.0,104.0,137.10655212402344,137.0710906982422,0.03546142578125
s_butterfly_560,resnet50_tl_20250829,8,4,204,104,208.0,108.0,137.10655212402344,137.18634033203125,-0.0797882080078125
s_butterfly_560,resnet50_tl_20250829,8,4,204,108,208.0,112.0,137.10655212402344,136.74452209472656,0.362030029296875
s_butterfly_560,resnet50_tl_20250829,8,4,204,112,208.0,116.0,137.10655212402344,136.8015899658203,0.304962158203125
s_butterfly_560,resnet50_tl_20250829,8,4,204,116,208.0,120.0,137.10655212402344,137.07162475585938,0.0349273681640625
s_butterfly_560,resnet50_tl_20250829,8,4,204,120,208.0,124.0,137.10655212402344,137.22244262695312,-0.1158905029296875
s_butterfly_560,resnet50_tl_20250829,8,4,204,124,208.0,128.0,137.10655212402344,136.80813598632812,0.2984161376953125
s_butterfly_560,resnet50_tl_20250829,8,4,204,128,208.0,132.0,137.10655212402344,136.80796813964844,0.298583984375
s_butterfly_560,resnet50_tl_20250829,8,4,204,132,208.0,136.0,137.10655212402344,137.0478973388672,0.05865478515625
s_butterfly_560,resnet50_tl_20250829,8,4,204,136,208.0,140.0,137.10655212402344,136.9846954345703,0.121856689453125
s_butterfly_560,resnet50_tl_20250829,8,4,204,140,208.0,144.0,137.10655212402344,136.98159790039062,0.1249542236328125
s_butterfly_560,resnet50_tl_20250829,8,4,204,144,208.0,148.0,137.10655212402344,137.0883026123047,0.01824951171875
s_butterfly_560,resnet50_tl_20250829,8,4,204,148,208.0,152.0,137.10655212402344,136.9314422607422,0.17510986328125
s_butterfly_560,resnet50_tl_20250829,8,4,204,152,208.0,156.0,137.10655212402344,136.90794372558594,0.1986083984375
s_butterfly_560,resnet50_tl_20250829,8,4,204,156,208.0,160.0,137.10655212402344,136.59678649902344,0.509765625
s_butterfly_560,resnet50_tl_20250829,8,4,204,160,208.0,164.0,137.10655212402344,136.63592529296875,0.4706268310546875
s_butterfly_560,resnet50_tl_20250829,8,4,204,164,208.0,168.0,137.10655212402344,137.14939880371094,-0.0428466796875
s_butterfly_560,resnet50_tl_20250829,8,4,204,168,208.0,172.0,137.10655212402344,137.2165069580078,-0.109954833984375
s_butterfly_560,resnet50_tl_20250829,8,4,204,172,208.0,176.0,137.10655212402344,136.87757873535156,0.228973388671875
s_butterfly_560,resnet50_tl_20250829,8,4,204,176,208.0,180.0,137.10655212402344,136.8792266845703,0.227325439453125
s_butterfly_560,resnet50_tl_20250829,8,4,204,180,208.0,184.0,137.10655212402344,137.06190490722656,0.044647216796875
s_butterfly_560,resnet50_tl_20250829,8,4,204,184,208.0,188.0,137.10655212402344,137.19686889648438,-0.0903167724609375
s_butterfly_560,resnet50_tl_20250829,8,4,204,188,208.0,192.0,137.10655212402344,136.92922973632812,0.1773223876953125
s_butterfly_560,resnet50_tl_20250829,8,4,204,192,208.0,196.0,137.10655212402344,136.99163818359375,0.1149139404296875
s_butterfly_560,resnet50_tl_20250829,8,4,204,196,208.0,200.0,137.10655212402344,137.06349182128906,0.043060302734375
s_butterfly_560,resnet50_tl_20250829,8,4,204,200,208.0,204.0,137.10655212402344,137.13916015625,-0.0326080322265625
s_butterfly_560,resnet50_tl_20250829,8,4,204,204,208.0,208.0,137.10655212402344,137.04417419433594,0.0623779296875
s_butterfly_560,resnet50_tl_20250829,8,4,204,208,208.0,212.0,137.10655212402344,137.06365966796875,0.0428924560546875
s_butterfly_560,resnet50_tl_20250829,8,4,204,212,208.0,216.0,137.10655212402344,137.09365844726562,0.0128936767578125
s_butterfly_560,resnet50_tl_20250829,8,4,204,216,208.0,220.0,137.10655212402344,137.1079559326172,-0.00140380859375
s_butterfly_560,resnet50_tl_20250829,8,4,208,0,212.0,4.0,137.10655212402344,136.95066833496094,0.1558837890625
s_butterfly_560,resnet50_tl_20250829,8,4,208,4,212.0,8.0,137.10655212402344,137.09107971191406,0.015472412109375
s_butterfly_560,resnet50_tl_20250829,8,4,208,8,212.0,12.0,137.10655212402344,137.19686889648438,-0.0903167724609375
s_butterfly_560,resnet50_tl_20250829,8,4,208,12,212.0,16.0,137.10655212402344,136.93797302246094,0.1685791015625
s_butterfly_560,resnet50_tl_20250829,8,4,208,16,212.0,20.0,137.10655212402344,136.99179077148438,0.1147613525390625
s_butterfly_560,resnet50_tl_20250829,8,4,208,20,212.0,24.0,137.10655212402344,137.09852600097656,0.008026123046875
s_butterfly_560,resnet50_tl_20250829,8,4,208,24,212.0,28.0,137.10655212402344,137.18968200683594,-0.0831298828125
s_butterfly_560,resnet50_tl_20250829,8,4,208,28,212.0,32.0,137.10655212402344,136.84280395507812,0.2637481689453125
s_butterfly_560,resnet50_tl_20250829,8,4,208,32,212.0,36.0,137.10655212402344,136.89642333984375,0.2101287841796875
s_butterfly_560,resnet50_tl_20250829,8,4,208,36,212.0,40.0,137.10655212402344,137.07325744628906,0.033294677734375
s_butterfly_560,resnet50_tl_20250829,8,4,208,40,212.0,44.0,137.10655212402344,137.1657257080078,-0.059173583984375
s_butterfly_560,resnet50_tl_20250829,8,4,208,44,212.0,48.0,137.10655212402344,136.8150177001953,0.291534423828125
s_butterfly_560,resnet50_tl_20250829,8,4,208,48,212.0,52.0,137.10655212402344,136.8650360107422,0.24151611328125
s_butterfly_560,resnet50_tl_20250829,8,4,208,52,212.0,56.0,137.10655212402344,137.0624237060547,0.04412841796875
s_butterfly_560,resnet50_tl_20250829,8,4,208,56,212.0,60.0,137.10655212402344,137.18675231933594,-0.0802001953125
s_butterfly_560,resnet50_tl_20250829,8,4,208,60,212.0,64.0,137.10655212402344,136.82550048828125,0.2810516357421875
s_butterfly_560,resnet50_tl_20250829,8,4,208,64,212.0,68.0,137.10655212402344,136.87347412109375,0.2330780029296875
s_butterfly_560,resnet50_tl_20250829,8,4,208,68,212.0,72.0,137.10655212402344,137.06312561035156,0.043426513671875
s_butterfly_560,resnet50_tl_20250829,8,4,208,72,212.0,76.0,137.10655212402344,137.18592834472656,-0.079376220703125
s_butterfly_560,resnet50_tl_20250829,8,4,208,76,212.0,80.0,137.10655212402344,136.86248779296875,0.2440643310546875
s_butterfly_560,resnet50_tl_20250829,8,4,208,80,212.0,84.0,137.10655212402344,136.9134521484375,0.1930999755859375
s_butterfly_560,resnet50_tl_20250829,8,4,208,84,212.0,88.0,137.10655212402344,137.110595703125,-0.0040435791015625
s_butterfly_560,resnet50_tl_20250829,8,4,208,88,212.0,92.0,137.10655212402344,137.22157287597656,-0.115020751953125
s_butterfly_560,resnet50_tl_20250829,8,4,208,92,212.0,96.0,137.10655212402344,136.83604431152344,0.2705078125
s_butterfly_560,resnet50_tl_20250829,8,4,208,96,212.0,100.0,137.10655212402344,136.8866424560547,0.21990966796875
s_butterfly_560,resnet50_tl_20250829,8,4,208,100,212.0,104.0,137.10655212402344,137.0933837890625,0.0131683349609375
s_butterfly_560,resnet50_tl_20250829,8,4,208,104,212.0,108.0,137.10655212402344,137.19949340820312,-0.0929412841796875
s_butterfly_560,resnet50_tl_20250829,8,4,208,108,212.0,112.0,137.10655212402344,136.81175231933594,0.2947998046875
s_butterfly_560,resnet50_tl_20250829,8,4,208,112,212.0,116.0,137.10655212402344,136.8580322265625,0.2485198974609375
s_butterfly_560,resnet50_tl_20250829,8,4,208,116,212.0,120.0,137.10655212402344,137.04010009765625,0.0664520263671875
s_butterfly_560,resnet50_tl_20250829,8,4,208,120,212.0,124.0,137.10655212402344,137.20350646972656,-0.096954345703125
s_butterfly_560,resnet50_tl_20250829,8,4,208,124,212.0,128.0,137.10655212402344,136.87477111816406,0.231781005859375
s_butterfly_560,resnet50_tl_20250829,8,4,208,128,212.0,132.0,137.10655212402344,136.83834838867188,0.2682037353515625
s_butterfly_560,resnet50_tl_20250829,8,4,208,132,212.0,136.0,137.10655212402344,137.00950622558594,0.0970458984375
s_butterfly_560,resnet50_tl_20250829,8,4,208,136,212.0,140.0,137.10655212402344,136.93524169921875,0.1713104248046875
s_butterfly_560,resnet50_tl_20250829,8,4,208,140,212.0,144.0,137.10655212402344,136.8339080810547,0.27264404296875
s_butterfly_560,resnet50_tl_20250829,8,4,208,144,212.0,148.0,137.10655212402344,137.0666961669922,0.03985595703125
s_butterfly_560,resnet50_tl_20250829,8,4,208,148,212.0,152.0,137.10655212402344,136.9676971435547,0.13885498046875
s_butterfly_560,resnet50_tl_20250829,8,4,208,152,212.0,156.0,137.10655212402344,136.9395751953125,0.1669769287109375
s_butterfly_560,resnet50_tl_20250829,8,4,208,156,212.0,160.0,137.10655212402344,136.90797424316406,0.198577880859375
s_butterfly_560,resnet50_tl_20250829,8,4,208,160,212.0,164.0,137.10655212402344,136.83299255371094,0.2735595703125
s_butterfly_560,resnet50_tl_20250829,8,4,208,164,212.0,168.0,137.10655212402344,137.12025451660156,-0.013702392578125
s_butterfly_560,resnet50_tl_20250829,8,4,208,168,212.0,172.0,137.10655212402344,137.2384033203125,-0.1318511962890625
s_butterfly_560,resnet50_tl_20250829,8,4,208,172,212.0,176.0,137.10655212402344,136.97439575195312,0.1321563720703125
s_butterfly_560,resnet50_tl_20250829,8,4,208,176,212.0,180.0,137.10655212402344,136.99327087402344,0.11328125
s_butterfly_560,resnet50_tl_20250829,8,4,208,180,212.0,184.0,137.10655212402344,137.10536193847656,0.001190185546875
s_butterfly_560,resnet50_tl_20250829,8,4,208,184,212.0,188.0,137.10655212402344,137.2444305419922,-0.13787841796875
s_butterfly_560,resnet50_tl_20250829,8,4,208,188,212.0,192.0,137.10655212402344,137.03684997558594,0.0697021484375
s_butterfly_560,resnet50_tl_20250829,8,4,208,192,212.0,196.0,137.10655212402344,137.0726318359375,0.0339202880859375
s_butterfly_560,resnet50_tl_20250829,8,4,208,196,212.0,200.0,137.10655212402344,137.10952758789062,-0.0029754638671875
s_butterfly_560,resnet50_tl_20250829,8,4,208,200,212.0,204.0,137.10655212402344,137.17677307128906,-0.070220947265625
s_butterfly_560,resnet50_tl_20250829,8,4,208,204,212.0,208.0,137.10655212402344,137.09237670898438,0.0141754150390625
s_butterfly_560,resnet50_tl_20250829,8,4,208,208,212.0,212.0,137.10655212402344,137.10260009765625,0.0039520263671875
s_butterfly_560,resnet50_tl_20250829,8,4,208,212,212.0,216.0,137.10655212402344,137.09402465820312,0.0125274658203125
s_butterfly_560,resnet50_tl_20250829,8,4,208,216,212.0,220.0,137.10655212402344,137.1051788330078,0.001373291015625
s_butterfly_560,resnet50_tl_20250829,8,4,212,0,216.0,4.0,137.10655212402344,136.99136352539062,0.1151885986328125
s_butterfly_560,resnet50_tl_20250829,8,4,212,4,216.0,8.0,137.10655212402344,137.0778350830078,0.028717041015625
s_butterfly_560,resnet50_tl_20250829,8,4,212,8,216.0,12.0,137.10655212402344,137.16819763183594,-0.0616455078125
s_butterfly_560,resnet50_tl_20250829,8,4,212,12,216.0,16.0,137.10655212402344,137.07688903808594,0.0296630859375
s_butterfly_560,resnet50_tl_20250829,8,4,212,16,216.0,20.0,137.10655212402344,137.12838745117188,-0.0218353271484375
s_butterfly_560,resnet50_tl_20250829,8,4,212,20,216.0,24.0,137.10655212402344,137.08547973632812,0.0210723876953125
s_butterfly_560,resnet50_tl_20250829,8,4,212,24,216.0,28.0,137.10655212402344,137.1398162841797,-0.03326416015625
s_butterfly_560,resnet50_tl_20250829,8,4,212,28,216.0,32.0,137.10655212402344,137.05087280273438,0.0556793212890625
s_butterfly_560,resnet50_tl_20250829,8,4,212,32,216.0,36.0,137.10655212402344,137.09036254882812,0.0161895751953125
s_butterfly_560,resnet50_tl_20250829,8,4,212,36,216.0,40.0,137.10655212402344,137.05604553222656,0.050506591796875
s_butterfly_560,resnet50_tl_20250829,8,4,212,40,216.0,44.0,137.10655212402344,137.105712890625,0.0008392333984375
s_butterfly_560,resnet50_tl_20250829,8,4,212,44,216.0,48.0,137.10655212402344,137.03770446777344,0.06884765625
s_butterfly_560,resnet50_tl_20250829,8,4,212,48,216.0,52.0,137.10655212402344,137.08721923828125,0.0193328857421875
s_butterfly_560,resnet50_tl_20250829,8,4,212,52,216.0,56.0,137.10655212402344,137.04989624023438,0.0566558837890625
s_butterfly_560,resnet50_tl_20250829,8,4,212,56,216.0,60.0,137.10655212402344,137.1094512939453,-0.002899169921875
s_butterfly_560,resnet50_tl_20250829,8,4,212,60,216.0,64.0,137.10655212402344,137.05050659179688,0.0560455322265625
s_butterfly_560,resnet50_tl_20250829,8,4,212,64,216.0,68.0,137.10655212402344,137.08621215820312,0.0203399658203125
s_butterfly_560,resnet50_tl_20250829,8,4,212,68,216.0,72.0,137.10655212402344,137.05313110351562,0.0534210205078125
s_butterfly_560,resnet50_tl_20250829,8,4,212,72,216.0,76.0,137.10655212402344,137.1075439453125,-0.0009918212890625
s_butterfly_560,resnet50_tl_20250829,8,4,212,76,216.0,80.0,137.10655212402344,137.05728149414062,0.0492706298828125
s_butterfly_560,resnet50_tl_20250829,8,4,212,80,216.0,84.0,137.10655212402344,137.11073303222656,-0.004180908203125
s_butterfly_560,resnet50_tl_20250829,8,4,212,84,216.0,88.0,137.10655212402344,137.07211303710938,0.0344390869140625
s_butterfly_560,resnet50_tl_20250829,8,4,212,88,216.0,92.0,137.10655212402344,137.14356994628906,-0.037017822265625
s_butterfly_560,resnet50_tl_20250829,8,4,212,92,216.0,96.0,137.10655212402344,137.06602478027344,0.04052734375
s_butterfly_560,resnet50_tl_20250829,8,4,212,96,216.0,100.0,137.10655212402344,137.1200408935547,-0.01348876953125
s_butterfly_560,resnet50_tl_20250829,8,4,212,100,216.0,104.0,137.10655212402344,137.0565948486328,0.049957275390625
s_butterfly_560,resnet50_tl_20250829,8,4,212,104,216.0,108.0,137.10655212402344,137.12498474121094,-0.0184326171875
s_butterfly_560,resnet50_tl_20250829,8,4,212,108,216.0,112.0,137.10655212402344,137.04551696777344,0.06103515625
s_butterfly_560,resnet50_tl_20250829,8,4,212,112,216.0,116.0,137.10655212402344,137.09097290039062,0.0155792236328125
s_butterfly_560,resnet50_tl_20250829,8,4,212,116,216.0,120.0,137.10655212402344,137.04754638671875,0.0590057373046875
s_butterfly_560,resnet50_tl_20250829,8,4,212,120,216.0,124.0,137.10655212402344,137.1343231201172,-0.02777099609375
s_butterfly_560,resnet50_tl_20250829,8,4,212,124,216.0,128.0,137.10655212402344,137.14071655273438,-0.0341644287109375
s_butterfly_560,resnet50_tl_20250829,8,4,212,128,216.0,132.0,137.10655212402344,137.18313598632812,-0.0765838623046875
s_butterfly_560,resnet50_tl_20250829,8,4,212,132,216.0,136.0,137.10655212402344,137.12669372558594,-0.0201416015625
s_butterfly_560,resnet50_tl_20250829,8,4,212,136,216.0,140.0,137.10655212402344,137.059814453125,0.0467376708984375
s_butterfly_560,resnet50_tl_20250829,8,4,212,140,216.0,144.0,137.10655212402344,136.9469451904297,0.15960693359375
s_butterfly_560,resnet50_tl_20250829,8,4,212,144,216.0,148.0,137.10655212402344,136.89984130859375,0.2067108154296875
s_butterfly_560,resnet50_tl_20250829,8,4,212,148,216.0,152.0,137.10655212402344,136.94613647460938,0.1604156494140625
s_butterfly_560,resnet50_tl_20250829,8,4,212,152,216.0,156.0,137.10655212402344,136.96583557128906,0.140716552734375
s_butterfly_560,resnet50_tl_20250829,8,4,212,156,216.0,160.0,137.10655212402344,136.9876708984375,0.1188812255859375
s_butterfly_560,resnet50_tl_20250829,8,4,212,160,216.0,164.0,137.10655212402344,137.01536560058594,0.0911865234375
s_butterfly_560,resnet50_tl_20250829,8,4,212,164,216.0,168.0,137.10655212402344,137.064697265625,0.0418548583984375
s_butterfly_560,resnet50_tl_20250829,8,4,212,168,216.0,172.0,137.10655212402344,137.20082092285156,-0.094268798828125
s_butterfly_560,resnet50_tl_20250829,8,4,212,172,216.0,176.0,137.10655212402344,137.1128692626953,-0.006317138671875
s_butterfly_560,resnet50_tl_20250829,8,4,212,176,216.0,180.0,137.10655212402344,137.17291259765625,-0.0663604736328125
s_butterfly_560,resnet50_tl_20250829,8,4,212,180,216.0,184.0,137.10655212402344,137.0958251953125,0.0107269287109375
s_butterfly_560,resnet50_tl_20250829,8,4,212,184,216.0,188.0,137.10655212402344,137.1936798095703,-0.087127685546875
s_butterfly_560,resnet50_tl_20250829,8,4,212,188,216.0,192.0,137.10655212402344,137.12875366210938,-0.0222015380859375
s_butterfly_560,resnet50_tl_20250829,8,4,212,192,216.0,196.0,137.10655212402344,137.18569946289062,-0.0791473388671875
s_butterfly_560,resnet50_tl_20250829,8,4,212,196,216.0,200.0,137.10655212402344,137.1309814453125,-0.0244293212890625
s_butterfly_560,resnet50_tl_20250829,8,4,212,200,216.0,204.0,137.10655212402344,137.16810607910156,-0.061553955078125
s_butterfly_560,resnet50_tl_20250829,8,4,212,204,216.0,208.0,137.10655212402344,137.12380981445312,-0.0172576904296875
s_butterfly_560,resnet50_tl_20250829,8,4,212,208,216.0,212.0,137.10655212402344,137.14346313476562,-0.0369110107421875
s_butterfly_560,resnet50_tl_20250829,8,4,212,212,216.0,216.0,137.10655212402344,137.1185760498047,-0.01202392578125
s_butterfly_560,resnet50_tl_20250829,8,4,212,216,216.0,220.0,137.10655212402344,137.105712890625,0.0008392333984375
s_butterfly_560,resnet50_tl_20250829,8,4,216,0,220.0,4.0,137.10655212402344,137.04141235351562,0.0651397705078125
s_butterfly_560,resnet50_tl_20250829,8,4,216,4,220.0,8.0,137.10655212402344,137.07684326171875,0.0297088623046875
s_butterfly_560,resnet50_tl_20250829,8,4,216,8,220.0,12.0,137.10655212402344,137.10723876953125,-0.0006866455078125
s_butterfly_560,resnet50_tl_20250829,8,4,216,12,220.0,16.0,137.10655212402344,137.0913543701172,0.01519775390625
s_butterfly_560,resnet50_tl_20250829,8,4,216,16,220.0,20.0,137.10655212402344,137.0933074951172,0.01324462890625
s_butterfly_560,resnet50_tl_20250829,8,4,216,20,220.0,24.0,137.10655212402344,137.0580291748047,0.04852294921875
s_butterfly_560,resnet50_tl_20250829,8,4,216,24,220.0,28.0,137.10655212402344,137.07154846191406,0.035003662109375
s_butterfly_560,resnet50_tl_20250829,8,4,216,28,220.0,32.0,137.10655212402344,137.06895446777344,0.03759765625
s_butterfly_560,resnet50_tl_20250829,8,4,216,32,220.0,36.0,137.10655212402344,137.0758514404297,0.03070068359375
s_butterfly_560,resnet50_tl_20250829,8,4,216,36,220.0,40.0,137.10655212402344,137.0332794189453,0.073272705078125
s_butterfly_560,resnet50_tl_20250829,8,4,216,40,220.0,44.0,137.10655212402344,137.04708862304688,0.0594635009765625
s_butterfly_560,resnet50_tl_20250829,8,4,216,44,220.0,48.0,137.10655212402344,137.0602264404297,0.04632568359375
s_butterfly_560,resnet50_tl_20250829,8,4,216,48,220.0,52.0,137.10655212402344,137.07223510742188,0.0343170166015625
s_butterfly_560,resnet50_tl_20250829,8,4,216,52,220.0,56.0,137.10655212402344,137.03407287597656,0.072479248046875
s_butterfly_560,resnet50_tl_20250829,8,4,216,56,220.0,60.0,137.10655212402344,137.0463409423828,0.060211181640625
s_butterfly_560,resnet50_tl_20250829,8,4,216,60,220.0,64.0,137.10655212402344,137.06272888183594,0.0438232421875
s_butterfly_560,resnet50_tl_20250829,8,4,216,64,220.0,68.0,137.10655212402344,137.0718536376953,0.034698486328125
s_butterfly_560,resnet50_tl_20250829,8,4,216,68,220.0,72.0,137.10655212402344,137.03280639648438,0.0737457275390625
s_butterfly_560,resnet50_tl_20250829,8,4,216,72,220.0,76.0,137.10655212402344,137.04803466796875,0.0585174560546875
s_butterfly_560,resnet50_tl_20250829,8,4,216,76,220.0,80.0,137.10655212402344,137.06727600097656,0.039276123046875
s_butterfly_560,resnet50_tl_20250829,8,4,216,80,220.0,84.0,137.10655212402344,137.0835418701172,0.02301025390625
s_butterfly_560,resnet50_tl_20250829,8,4,216,84,220.0,88.0,137.10655212402344,137.0406494140625,0.0659027099609375
s_butterfly_560,resnet50_tl_20250829,8,4,216,88,220.0,92.0,137.10655212402344,137.06484985351562,0.0417022705078125
s_butterfly_560,resnet50_tl_20250829,8,4,216,92,220.0,96.0,137.10655212402344,137.07498168945312,0.0315704345703125
s_butterfly_560,resnet50_tl_20250829,8,4,216,96,220.0,100.0,137.10655212402344,137.09130859375,0.0152435302734375
s_butterfly_560,resnet50_tl_20250829,8,4,216,100,220.0,104.0,137.10655212402344,137.03599548339844,0.070556640625
s_butterfly_560,resnet50_tl_20250829,8,4,216,104,220.0,108.0,137.10655212402344,137.054931640625,0.0516204833984375
s_butterfly_560,resnet50_tl_20250829,8,4,216,108,220.0,112.0,137.10655212402344,137.0758819580078,0.030670166015625
s_butterfly_560,resnet50_tl_20250829,8,4,216,112,220.0,116.0,137.10655212402344,137.08538818359375,0.0211639404296875
s_butterfly_560,resnet50_tl_20250829,8,4,216,116,220.0,120.0,137.10655212402344,137.02288818359375,0.0836639404296875
s_butterfly_560,resnet50_tl_20250829,8,4,216,120,220.0,124.0,137.10655212402344,137.05055236816406,0.055999755859375
s_butterfly_560,resnet50_tl_20250829,8,4,216,124,220.0,128.0,137.10655212402344,137.12081909179688,-0.0142669677734375
s_butterfly_560,resnet50_tl_20250829,8,4,216,128,220.0,132.0,137.10655212402344,137.1514434814453,-0.044891357421875
s_butterfly_560,resnet50_tl_20250829,8,4,216,132,220.0,136.0,137.10655212402344,137.1090850830078,-0.002532958984375
s_butterfly_560,resnet50_tl_20250829,8,4,216,136,220.0,140.0,137.10655212402344,137.08607482910156,0.020477294921875
s_butterfly_560,resnet50_tl_20250829,8,4,216,140,220.0,144.0,137.10655212402344,137.13172912597656,-0.025177001953125
s_butterfly_560,resnet50_tl_20250829,8,4,216,144,220.0,148.0,137.10655212402344,137.05575561523438,0.0507965087890625
s_butterfly_560,resnet50_tl_20250829,8,4,216,148,220.0,152.0,137.10655212402344,136.9678192138672,0.13873291015625
s_butterfly_560,resnet50_tl_20250829,8,4,216,152,220.0,156.0,137.10655212402344,136.98741149902344,0.119140625
s_butterfly_560,resnet50_tl_20250829,8,4,216,156,220.0,160.0,137.10655212402344,137.0921173095703,0.014434814453125
s_butterfly_560,resnet50_tl_20250829,8,4,216,160,220.0,164.0,137.10655212402344,137.06407165527344,0.04248046875
s_butterfly_560,resnet50_tl_20250829,8,4,216,164,220.0,168.0,137.10655212402344,137.09767150878906,0.008880615234375
s_butterfly_560,resnet50_tl_20250829,8,4,216,168,220.0,172.0,137.10655212402344,137.1419677734375,-0.0354156494140625
s_butterfly_560,resnet50_tl_20250829,8,4,216,172,220.0,176.0,137.10655212402344,137.1181182861328,-0.011566162109375
s_butterfly_560,resnet50_tl_20250829,8,4,216,176,220.0,180.0,137.10655212402344,137.123291015625,-0.0167388916015625
s_butterfly_560,resnet50_tl_20250829,8,4,216,180,220.0,184.0,137.10655212402344,137.07757568359375,0.0289764404296875
s_butterfly_560,resnet50_tl_20250829,8,4,216,184,220.0,188.0,137.10655212402344,137.1183319091797,-0.01177978515625
s_butterfly_560,resnet50_tl_20250829,8,4,216,188,220.0,192.0,137.10655212402344,137.10372924804688,0.0028228759765625
s_butterfly_560,resnet50_tl_20250829,8,4,216,192,220.0,196.0,137.10655212402344,137.1438446044922,-0.03729248046875
s_butterfly_560,resnet50_tl_20250829,8,4,216,196,220.0,200.0,137.10655212402344,137.09951782226562,0.0070343017578125
s_butterfly_560,resnet50_tl_20250829,8,4,216,200,220.0,204.0,137.10655212402344,137.1204071044922,-0.01385498046875
s_butterfly_560,resnet50_tl_20250829,8,4,216,204,220.0,208.0,137.10655212402344,137.1081085205078,-0.001556396484375
s_butterfly_560,resnet50_tl_20250829,8,4,216,208,220.0,212.0,137.10655212402344,137.1242218017578,-0.017669677734375
s_butterfly_560,resnet50_tl_20250829,8,4,216,212,220.0,216.0,137.10655212402344,137.11180114746094,-0.0052490234375
s_butterfly_560,resnet50_tl_20250829,8,4,216,216,220.0,220.0,137.10655212402344,137.09686279296875,0.0096893310546875
