case_id,model_type,occluder_size,stride,y0,x0,y_center,x_center,baseline_target_logit,post_occlusion_target_logit,target_logit_drop
ns_elephant_780,resnet50_tl_20250829,8,4,0,0,4.0,4.0,147.64105224609375,147.94264221191406,-0.3015899658203125
ns_elephant_780,resnet50_tl_20250829,8,4,0,4,4.0,8.0,147.64105224609375,147.9525604248047,-0.3115081787109375
ns_elephant_780,resnet50_tl_20250829,8,4,0,8,4.0,12.0,147.64105224609375,147.94747924804688,-0.306427001953125
ns_elephant_780,resnet50_tl_20250829,8,4,0,12,4.0,16.0,147.64105224609375,148.16641235351562,-0.525360107421875
ns_elephant_780,resnet50_tl_20250829,8,4,0,16,4.0,20.0,147.64105224609375,148.18161010742188,-0.540557861328125
ns_elephant_780,resnet50_tl_20250829,8,4,0,20,4.0,24.0,147.64105224609375,148.1707763671875,-0.52972412109375
ns_elephant_780,resnet50_tl_20250829,8,4,0,24,4.0,28.0,147.64105224609375,147.97091674804688,-0.329864501953125
ns_elephant_780,resnet50_tl_20250829,8,4,0,28,4.0,32.0,147.64105224609375,147.67745971679688,-0.036407470703125
ns_elephant_780,resnet50_tl_20250829,8,4,0,32,4.0,36.0,147.64105224609375,147.58901977539062,0.052032470703125
ns_elephant_780,resnet50_tl_20250829,8,4,0,36,4.0,40.0,147.64105224609375,147.63047790527344,0.0105743408203125
ns_elephant_780,resnet50_tl_20250829,8,4,0,40,4.0,44.0,147.64105224609375,147.682373046875,-0.04132080078125
ns_elephant_780,resnet50_tl_20250829,8,4,0,44,4.0,48.0,147.64105224609375,147.59963989257812,0.041412353515625
ns_elephant_780,resnet50_tl_20250829,8,4,0,48,4.0,52.0,147.64105224609375,147.54151916503906,0.0995330810546875
ns_elephant_780,resnet50_tl_20250829,8,4,0,52,4.0,56.0,147.64105224609375,147.76675415039062,-0.125701904296875
ns_elephant_780,resnet50_tl_20250829,8,4,0,56,4.0,60.0,147.64105224609375,147.77061462402344,-0.1295623779296875
ns_elephant_780,resnet50_tl_20250829,8,4,0,60,4.0,64.0,147.64105224609375,147.7148895263672,-0.0738372802734375
ns_elephant_780,resnet50_tl_20250829,8,4,0,64,4.0,68.0,147.64105224609375,147.6769561767578,-0.0359039306640625
ns_elephant_780,resnet50_tl_20250829,8,4,0,68,4.0,72.0,147.64105224609375,147.78170776367188,-0.140655517578125
ns_elephant_780,resnet50_tl_20250829,8,4,0,72,4.0,76.0,147.64105224609375,147.71636962890625,-0.0753173828125
ns_elephant_780,resnet50_tl_20250829,8,4,0,76,4.0,80.0,147.64105224609375,147.83688354492188,-0.195831298828125
ns_elephant_780,resnet50_tl_20250829,8,4,0,80,4.0,84.0,147.64105224609375,147.82640075683594,-0.1853485107421875
ns_elephant_780,resnet50_tl_20250829,8,4,0,84,4.0,88.0,147.64105224609375,147.87094116210938,-0.229888916015625
ns_elephant_780,resnet50_tl_20250829,8,4,0,88,4.0,92.0,147.64105224609375,147.7155303955078,-0.0744781494140625
ns_elephant_780,resnet50_tl_20250829,8,4,0,92,4.0,96.0,147.64105224609375,147.51211547851562,0.128936767578125
ns_elephant_780,resnet50_tl_20250829,8,4,0,96,4.0,100.0,147.64105224609375,147.5631866455078,0.0778656005859375
ns_elephant_780,resnet50_tl_20250829,8,4,0,100,4.0,104.0,147.64105224609375,147.5556640625,0.08538818359375
ns_elephant_780,resnet50_tl_20250829,8,4,0,104,4.0,108.0,147.64105224609375,147.52073669433594,0.1203155517578125
ns_elephant_780,resnet50_tl_20250829,8,4,0,108,4.0,112.0,147.64105224609375,147.4788360595703,0.1622161865234375
ns_elephant_780,resnet50_tl_20250829,8,4,0,112,4.0,116.0,147.64105224609375,147.49232482910156,0.1487274169921875
ns_elephant_780,resnet50_tl_20250829,8,4,0,116,4.0,120.0,147.64105224609375,147.64309692382812,-0.002044677734375
ns_elephant_780,resnet50_tl_20250829,8,4,0,120,4.0,124.0,147.64105224609375,147.56272888183594,0.0783233642578125
ns_elephant_780,resnet50_tl_20250829,8,4,0,124,4.0,128.0,147.64105224609375,147.36024475097656,0.2808074951171875
ns_elephant_780,resnet50_tl_20250829,8,4,0,128,4.0,132.0,147.64105224609375,147.40548706054688,0.235565185546875
ns_elephant_780,resnet50_tl_20250829,8,4,0,132,4.0,136.0,147.64105224609375,147.45095825195312,0.190093994140625
ns_elephant_780,resnet50_tl_20250829,8,4,0,136,4.0,140.0,147.64105224609375,147.45237731933594,0.1886749267578125
ns_elephant_780,resnet50_tl_20250829,8,4,0,140,4.0,144.0,147.64105224609375,147.22293090820312,0.418121337890625
ns_elephant_780,resnet50_tl_20250829,8,4,0,144,4.0,148.0,147.64105224609375,147.3166961669922,0.3243560791015625
ns_elephant_780,resnet50_tl_20250829,8,4,0,148,4.0,152.0,147.64105224609375,147.57403564453125,0.0670166015625
ns_elephant_780,resnet50_tl_20250829,8,4,0,152,4.0,156.0,147.64105224609375,147.56201171875,0.07904052734375
ns_elephant_780,resnet50_tl_20250829,8,4,0,156,4.0,160.0,147.64105224609375,147.34388732910156,0.2971649169921875
ns_elephant_780,resnet50_tl_20250829,8,4,0,160,4.0,164.0,147.64105224609375,147.31829833984375,0.32275390625
ns_elephant_780,resnet50_tl_20250829,8,4,0,164,4.0,168.0,147.64105224609375,147.3136749267578,0.3273773193359375
ns_elephant_780,resnet50_tl_20250829,8,4,0,168,4.0,172.0,147.64105224609375,147.35498046875,0.28607177734375
ns_elephant_780,resnet50_tl_20250829,8,4,0,172,4.0,176.0,147.64105224609375,147.12728881835938,0.513763427734375
ns_elephant_780,resnet50_tl_20250829,8,4,0,176,4.0,180.0,147.64105224609375,147.17601013183594,0.4650421142578125
ns_elephant_780,resnet50_tl_20250829,8,4,0,180,4.0,184.0,147.64105224609375,147.31687927246094,0.3241729736328125
ns_elephant_780,resnet50_tl_20250829,8,4,0,184,4.0,188.0,147.64105224609375,147.38360595703125,0.2574462890625
ns_elephant_780,resnet50_tl_20250829,8,4,0,188,4.0,192.0,147.64105224609375,147.22055053710938,0.420501708984375
ns_elephant_780,resnet50_tl_20250829,8,4,0,192,4.0,196.0,147.64105224609375,147.15846252441406,0.4825897216796875
ns_elephant_780,resnet50_tl_20250829,8,4,0,196,4.0,200.0,147.64105224609375,147.24151611328125,0.3995361328125
ns_elephant_780,resnet50_tl_20250829,8,4,0,200,4.0,204.0,147.64105224609375,147.34512329101562,0.295928955078125
ns_elephant_780,resnet50_tl_20250829,8,4,0,204,4.0,208.0,147.64105224609375,147.33282470703125,0.3082275390625
ns_elephant_780,resnet50_tl_20250829,8,4,0,208,4.0,212.0,147.64105224609375,147.26577758789062,0.375274658203125
ns_elephant_780,resnet50_tl_20250829,8,4,0,212,4.0,216.0,147.64105224609375,147.24374389648438,0.397308349609375
ns_elephant_780,resnet50_tl_20250829,8,4,0,216,4.0,220.0,147.64105224609375,147.41387939453125,0.2271728515625
ns_elephant_780,resnet50_tl_20250829,8,4,4,0,8.0,4.0,147.64105224609375,148.07492065429688,-0.433868408203125
ns_elephant_780,resnet50_tl_20250829,8,4,4,4,8.0,8.0,147.64105224609375,147.9650421142578,-0.3239898681640625
ns_elephant_780,resnet50_tl_20250829,8,4,4,8,8.0,12.0,147.64105224609375,147.98919677734375,-0.34814453125
ns_elephant_780,resnet50_tl_20250829,8,4,4,12,8.0,16.0,147.64105224609375,148.10769653320312,-0.466644287109375
ns_elephant_780,resnet50_tl_20250829,8,4,4,16,8.0,20.0,147.64105224609375,148.050537109375,-0.40948486328125
ns_elephant_780,resnet50_tl_20250829,8,4,4,20,8.0,24.0,147.64105224609375,148.12094116210938,-0.479888916015625
ns_elephant_780,resnet50_tl_20250829,8,4,4,24,8.0,28.0,147.64105224609375,148.05169677734375,-0.41064453125
ns_elephant_780,resnet50_tl_20250829,8,4,4,28,8.0,32.0,147.64105224609375,147.91546630859375,-0.2744140625
ns_elephant_780,resnet50_tl_20250829,8,4,4,32,8.0,36.0,147.64105224609375,147.78253173828125,-0.1414794921875
ns_elephant_780,resnet50_tl_20250829,8,4,4,36,8.0,40.0,147.64105224609375,147.72384643554688,-0.082794189453125
ns_elephant_780,resnet50_tl_20250829,8,4,4,40,8.0,44.0,147.64105224609375,147.73565673828125,-0.0946044921875
ns_elephant_780,resnet50_tl_20250829,8,4,4,44,8.0,48.0,147.64105224609375,147.79258728027344,-0.1515350341796875
ns_elephant_780,resnet50_tl_20250829,8,4,4,48,8.0,52.0,147.64105224609375,147.77603149414062,-0.134979248046875
ns_elephant_780,resnet50_tl_20250829,8,4,4,52,8.0,56.0,147.64105224609375,147.82521057128906,-0.1841583251953125
ns_elephant_780,resnet50_tl_20250829,8,4,4,56,8.0,60.0,147.64105224609375,147.76104736328125,-0.1199951171875
ns_elephant_780,resnet50_tl_20250829,8,4,4,60,8.0,64.0,147.64105224609375,147.78302001953125,-0.1419677734375
ns_elephant_780,resnet50_tl_20250829,8,4,4,64,8.0,68.0,147.64105224609375,147.81192016601562,-0.170867919921875
ns_elephant_780,resnet50_tl_20250829,8,4,4,68,8.0,72.0,147.64105224609375,147.85133361816406,-0.2102813720703125
ns_elephant_780,resnet50_tl_20250829,8,4,4,72,8.0,76.0,147.64105224609375,147.82420349121094,-0.1831512451171875
ns_elephant_780,resnet50_tl_20250829,8,4,4,76,8.0,80.0,147.64105224609375,147.85940551757812,-0.218353271484375
ns_elephant_780,resnet50_tl_20250829,8,4,4,80,8.0,84.0,147.64105224609375,147.84817504882812,-0.207122802734375
ns_elephant_780,resnet50_tl_20250829,8,4,4,84,8.0,88.0,147.64105224609375,147.8770294189453,-0.2359771728515625
ns_elephant_780,resnet50_tl_20250829,8,4,4,88,8.0,92.0,147.64105224609375,147.83126831054688,-0.190216064453125
ns_elephant_780,resnet50_tl_20250829,8,4,4,92,8.0,96.0,147.64105224609375,147.67813110351562,-0.037078857421875
ns_elephant_780,resnet50_tl_20250829,8,4,4,96,8.0,100.0,147.64105224609375,147.6975555419922,-0.0565032958984375
ns_elephant_780,resnet50_tl_20250829,8,4,4,100,8.0,104.0,147.64105224609375,147.6507568359375,-0.00970458984375
ns_elephant_780,resnet50_tl_20250829,8,4,4,104,8.0,108.0,147.64105224609375,147.64414978027344,-0.0030975341796875
ns_elephant_780,resnet50_tl_20250829,8,4,4,108,8.0,112.0,147.64105224609375,147.67298889160156,-0.0319366455078125
ns_elephant_780,resnet50_tl_20250829,8,4,4,112,8.0,116.0,147.64105224609375,147.6639404296875,-0.02288818359375
ns_elephant_780,resnet50_tl_20250829,8,4,4,116,8.0,120.0,147.64105224609375,147.704345703125,-0.06329345703125
ns_elephant_780,resnet50_tl_20250829,8,4,4,120,8.0,124.0,147.64105224609375,147.70083618164062,-0.059783935546875
ns_elephant_780,resnet50_tl_20250829,8,4,4,124,8.0,128.0,147.64105224609375,147.65318298339844,-0.0121307373046875
ns_elephant_780,resnet50_tl_20250829,8,4,4,128,8.0,132.0,147.64105224609375,147.6215362548828,0.0195159912109375
ns_elephant_780,resnet50_tl_20250829,8,4,4,132,8.0,136.0,147.64105224609375,147.6237335205078,0.0173187255859375
ns_elephant_780,resnet50_tl_20250829,8,4,4,136,8.0,140.0,147.64105224609375,147.5906982421875,0.05035400390625
ns_elephant_780,resnet50_tl_20250829,8,4,4,140,8.0,144.0,147.64105224609375,147.61264038085938,0.028411865234375
ns_elephant_780,resnet50_tl_20250829,8,4,4,144,8.0,148.0,147.64105224609375,147.6411590576172,-0.0001068115234375
ns_elephant_780,resnet50_tl_20250829,8,4,4,148,8.0,152.0,147.64105224609375,147.76718139648438,-0.126129150390625
ns_elephant_780,resnet50_tl_20250829,8,4,4,152,8.0,156.0,147.64105224609375,147.74925231933594,-0.1082000732421875
ns_elephant_780,resnet50_tl_20250829,8,4,4,156,8.0,160.0,147.64105224609375,147.624267578125,0.01678466796875
ns_elephant_780,resnet50_tl_20250829,8,4,4,160,8.0,164.0,147.64105224609375,147.56832885742188,0.072723388671875
ns_elephant_780,resnet50_tl_20250829,8,4,4,164,8.0,168.0,147.64105224609375,147.5310821533203,0.1099700927734375
ns_elephant_780,resnet50_tl_20250829,8,4,4,168,8.0,172.0,147.64105224609375,147.52357482910156,0.1174774169921875
ns_elephant_780,resnet50_tl_20250829,8,4,4,172,8.0,176.0,147.64105224609375,147.53419494628906,0.1068572998046875
ns_elephant_780,resnet50_tl_20250829,8,4,4,176,8.0,180.0,147.64105224609375,147.55471801757812,0.086334228515625
ns_elephant_780,resnet50_tl_20250829,8,4,4,180,8.0,184.0,147.64105224609375,147.5802001953125,0.06085205078125
ns_elephant_780,resnet50_tl_20250829,8,4,4,184,8.0,188.0,147.64105224609375,147.58053588867188,0.060516357421875
ns_elephant_780,resnet50_tl_20250829,8,4,4,188,8.0,192.0,147.64105224609375,147.5270233154297,0.1140289306640625
ns_elephant_780,resnet50_tl_20250829,8,4,4,192,8.0,196.0,147.64105224609375,147.48846435546875,0.152587890625
ns_elephant_780,resnet50_tl_20250829,8,4,4,196,8.0,200.0,147.64105224609375,147.487548828125,0.15350341796875
ns_elephant_780,resnet50_tl_20250829,8,4,4,200,8.0,204.0,147.64105224609375,147.49163818359375,0.1494140625
ns_elephant_780,resnet50_tl_20250829,8,4,4,204,8.0,208.0,147.64105224609375,147.50503540039062,0.136016845703125
ns_elephant_780,resnet50_tl_20250829,8,4,4,208,8.0,212.0,147.64105224609375,147.4831085205078,0.1579437255859375
ns_elephant_780,resnet50_tl_20250829,8,4,4,212,8.0,216.0,147.64105224609375,147.41961669921875,0.221435546875
ns_elephant_780,resnet50_tl_20250829,8,4,4,216,8.0,220.0,147.64105224609375,147.4232635498047,0.2177886962890625
ns_elephant_780,resnet50_tl_20250829,8,4,8,0,12.0,4.0,147.64105224609375,147.6593780517578,-0.0183258056640625
ns_elephant_780,resnet50_tl_20250829,8,4,8,4,12.0,8.0,147.64105224609375,147.75665283203125,-0.1156005859375
ns_elephant_780,resnet50_tl_20250829,8,4,8,8,12.0,12.0,147.64105224609375,147.7397918701172,-0.0987396240234375
ns_elephant_780,resnet50_tl_20250829,8,4,8,12,12.0,16.0,147.64105224609375,147.66346740722656,-0.0224151611328125
ns_elephant_780,resnet50_tl_20250829,8,4,8,16,12.0,20.0,147.64105224609375,147.56480407714844,0.0762481689453125
ns_elephant_780,resnet50_tl_20250829,8,4,8,20,12.0,24.0,147.64105224609375,147.77325439453125,-0.1322021484375
ns_elephant_780,resnet50_tl_20250829,8,4,8,24,12.0,28.0,147.64105224609375,147.7314453125,-0.09039306640625
ns_elephant_780,resnet50_tl_20250829,8,4,8,28,12.0,32.0,147.64105224609375,147.54652404785156,0.0945281982421875
ns_elephant_780,resnet50_tl_20250829,8,4,8,32,12.0,36.0,147.64105224609375,147.43292236328125,0.2081298828125
ns_elephant_780,resnet50_tl_20250829,8,4,8,36,12.0,40.0,147.64105224609375,147.60862731933594,0.0324249267578125
ns_elephant_780,resnet50_tl_20250829,8,4,8,40,12.0,44.0,147.64105224609375,147.62484741210938,0.016204833984375
ns_elephant_780,resnet50_tl_20250829,8,4,8,44,12.0,48.0,147.64105224609375,147.49070739746094,0.1503448486328125
ns_elephant_780,resnet50_tl_20250829,8,4,8,48,12.0,52.0,147.64105224609375,147.43031311035156,0.2107391357421875
ns_elephant_780,resnet50_tl_20250829,8,4,8,52,12.0,56.0,147.64105224609375,147.6532745361328,-0.0122222900390625
ns_elephant_780,resnet50_tl_20250829,8,4,8,56,12.0,60.0,147.64105224609375,147.75677490234375,-0.11572265625
ns_elephant_780,resnet50_tl_20250829,8,4,8,60,12.0,64.0,147.64105224609375,147.72662353515625,-0.0855712890625
ns_elephant_780,resnet50_tl_20250829,8,4,8,64,12.0,68.0,147.64105224609375,147.75765991210938,-0.116607666015625
ns_elephant_780,resnet50_tl_20250829,8,4,8,68,12.0,72.0,147.64105224609375,147.84841918945312,-0.207366943359375
ns_elephant_780,resnet50_tl_20250829,8,4,8,72,12.0,76.0,147.64105224609375,147.8231201171875,-0.18206787109375
ns_elephant_780,resnet50_tl_20250829,8,4,8,76,12.0,80.0,147.64105224609375,147.77398681640625,-0.1329345703125
ns_elephant_780,resnet50_tl_20250829,8,4,8,80,12.0,84.0,147.64105224609375,147.74635314941406,-0.1053009033203125
ns_elephant_780,resnet50_tl_20250829,8,4,8,84,12.0,88.0,147.64105224609375,147.8393096923828,-0.1982574462890625
ns_elephant_780,resnet50_tl_20250829,8,4,8,88,12.0,92.0,147.64105224609375,147.81802368164062,-0.176971435546875
ns_elephant_780,resnet50_tl_20250829,8,4,8,92,12.0,96.0,147.64105224609375,147.63619995117188,0.004852294921875
ns_elephant_780,resnet50_tl_20250829,8,4,8,96,12.0,100.0,147.64105224609375,147.65980529785156,-0.0187530517578125
ns_elephant_780,resnet50_tl_20250829,8,4,8,100,12.0,104.0,147.64105224609375,147.7156219482422,-0.0745697021484375
ns_elephant_780,resnet50_tl_20250829,8,4,8,104,12.0,108.0,147.64105224609375,147.72731018066406,-0.0862579345703125
ns_elephant_780,resnet50_tl_20250829,8,4,8,108,12.0,112.0,147.64105224609375,147.4209442138672,0.2201080322265625
ns_elephant_780,resnet50_tl_20250829,8,4,8,112,12.0,116.0,147.64105224609375,147.45004272460938,0.191009521484375
ns_elephant_780,resnet50_tl_20250829,8,4,8,116,12.0,120.0,147.64105224609375,147.5992431640625,0.04180908203125
ns_elephant_780,resnet50_tl_20250829,8,4,8,120,12.0,124.0,147.64105224609375,147.71804809570312,-0.076995849609375
ns_elephant_780,resnet50_tl_20250829,8,4,8,124,12.0,128.0,147.64105224609375,147.48533630371094,0.1557159423828125
ns_elephant_780,resnet50_tl_20250829,8,4,8,128,12.0,132.0,147.64105224609375,147.5079803466797,0.1330718994140625
ns_elephant_780,resnet50_tl_20250829,8,4,8,132,12.0,136.0,147.64105224609375,147.58847045898438,0.052581787109375
ns_elephant_780,resnet50_tl_20250829,8,4,8,136,12.0,140.0,147.64105224609375,147.62220764160156,0.0188446044921875
ns_elephant_780,resnet50_tl_20250829,8,4,8,140,12.0,144.0,147.64105224609375,147.36192321777344,0.2791290283203125
ns_elephant_780,resnet50_tl_20250829,8,4,8,144,12.0,148.0,147.64105224609375,147.43658447265625,0.2044677734375
ns_elephant_780,resnet50_tl_20250829,8,4,8,148,12.0,152.0,147.64105224609375,147.59396362304688,0.047088623046875
ns_elephant_780,resnet50_tl_20250829,8,4,8,152,12.0,156.0,147.64105224609375,147.73854064941406,-0.0974884033203125
ns_elephant_780,resnet50_tl_20250829,8,4,8,156,12.0,160.0,147.64105224609375,147.53700256347656,0.1040496826171875
ns_elephant_780,resnet50_tl_20250829,8,4,8,160,12.0,164.0,147.64105224609375,147.55369567871094,0.0873565673828125
ns_elephant_780,resnet50_tl_20250829,8,4,8,164,12.0,168.0,147.64105224609375,147.55633544921875,0.084716796875
ns_elephant_780,resnet50_tl_20250829,8,4,8,168,12.0,172.0,147.64105224609375,147.6305694580078,0.0104827880859375
ns_elephant_780,resnet50_tl_20250829,8,4,8,172,12.0,176.0,147.64105224609375,147.36888122558594,0.2721710205078125
ns_elephant_780,resnet50_tl_20250829,8,4,8,176,12.0,180.0,147.64105224609375,147.46031188964844,0.1807403564453125
ns_elephant_780,resnet50_tl_20250829,8,4,8,180,12.0,184.0,147.64105224609375,147.51612854003906,0.1249237060546875
ns_elephant_780,resnet50_tl_20250829,8,4,8,184,12.0,188.0,147.64105224609375,147.65237426757812,-0.011322021484375
ns_elephant_780,resnet50_tl_20250829,8,4,8,188,12.0,192.0,147.64105224609375,147.48562622070312,0.155426025390625
ns_elephant_780,resnet50_tl_20250829,8,4,8,192,12.0,196.0,147.64105224609375,147.451171875,0.18988037109375
ns_elephant_780,resnet50_tl_20250829,8,4,8,196,12.0,200.0,147.64105224609375,147.46685791015625,0.1741943359375
ns_elephant_780,resnet50_tl_20250829,8,4,8,200,12.0,204.0,147.64105224609375,147.56581115722656,0.0752410888671875
ns_elephant_780,resnet50_tl_20250829,8,4,8,204,12.0,208.0,147.64105224609375,147.49520874023438,0.145843505859375
ns_elephant_780,resnet50_tl_20250829,8,4,8,208,12.0,212.0,147.64105224609375,147.45762634277344,0.1834259033203125
ns_elephant_780,resnet50_tl_20250829,8,4,8,212,12.0,216.0,147.64105224609375,147.426025390625,0.21502685546875
ns_elephant_780,resnet50_tl_20250829,8,4,8,216,12.0,220.0,147.64105224609375,147.46969604492188,0.171356201171875
ns_elephant_780,resnet50_tl_20250829,8,4,12,0,16.0,4.0,147.64105224609375,147.08816528320312,0.552886962890625
ns_elephant_780,resnet50_tl_20250829,8,4,12,4,16.0,8.0,147.64105224609375,147.52597045898438,0.115081787109375
ns_elephant_780,resnet50_tl_20250829,8,4,12,8,16.0,12.0,147.64105224609375,147.67849731445312,-0.037445068359375
ns_elephant_780,resnet50_tl_20250829,8,4,12,12,16.0,16.0,147.64105224609375,147.26248168945312,0.378570556640625
ns_elephant_780,resnet50_tl_20250829,8,4,12,16,16.0,20.0,147.64105224609375,147.25453186035156,0.3865203857421875
ns_elephant_780,resnet50_tl_20250829,8,4,12,20,16.0,24.0,147.64105224609375,147.62525939941406,0.0157928466796875
ns_elephant_780,resnet50_tl_20250829,8,4,12,24,16.0,28.0,147.64105224609375,147.64393615722656,-0.0028839111328125
ns_elephant_780,resnet50_tl_20250829,8,4,12,28,16.0,32.0,147.64105224609375,147.0108642578125,0.63018798828125
ns_elephant_780,resnet50_tl_20250829,8,4,12,32,16.0,36.0,147.64105224609375,147.09088134765625,0.5501708984375
ns_elephant_780,resnet50_tl_20250829,8,4,12,36,16.0,40.0,147.64105224609375,147.5547332763672,0.0863189697265625
ns_elephant_780,resnet50_tl_20250829,8,4,12,40,16.0,44.0,147.64105224609375,147.63418579101562,0.006866455078125
ns_elephant_780,resnet50_tl_20250829,8,4,12,44,16.0,48.0,147.64105224609375,147.05848693847656,0.5825653076171875
ns_elephant_780,resnet50_tl_20250829,8,4,12,48,16.0,52.0,147.64105224609375,147.0152587890625,0.62579345703125
ns_elephant_780,resnet50_tl_20250829,8,4,12,52,16.0,56.0,147.64105224609375,147.4622039794922,0.1788482666015625
ns_elephant_780,resnet50_tl_20250829,8,4,12,56,16.0,60.0,147.64105224609375,147.71461486816406,-0.0735626220703125
ns_elephant_780,resnet50_tl_20250829,8,4,12,60,16.0,64.0,147.64105224609375,147.4624786376953,0.1785736083984375
ns_elephant_780,resnet50_tl_20250829,8,4,12,64,16.0,68.0,147.64105224609375,147.42999267578125,0.2110595703125
ns_elephant_780,resnet50_tl_20250829,8,4,12,68,16.0,72.0,147.64105224609375,147.6154327392578,0.0256195068359375
ns_elephant_780,resnet50_tl_20250829,8,4,12,72,16.0,76.0,147.64105224609375,147.51602172851562,0.125030517578125
ns_elephant_780,resnet50_tl_20250829,8,4,12,76,16.0,80.0,147.64105224609375,147.42926025390625,0.2117919921875
ns_elephant_780,resnet50_tl_20250829,8,4,12,80,16.0,84.0,147.64105224609375,147.41033935546875,0.230712890625
ns_elephant_780,resnet50_tl_20250829,8,4,12,84,16.0,88.0,147.64105224609375,147.718505859375,-0.07745361328125
ns_elephant_780,resnet50_tl_20250829,8,4,12,88,16.0,92.0,147.64105224609375,147.75039672851562,-0.109344482421875
ns_elephant_780,resnet50_tl_20250829,8,4,12,92,16.0,96.0,147.64105224609375,147.36172485351562,0.279327392578125
ns_elephant_780,resnet50_tl_20250829,8,4,12,96,16.0,100.0,147.64105224609375,147.44737243652344,0.1936798095703125
ns_elephant_780,resnet50_tl_20250829,8,4,12,100,16.0,104.0,147.64105224609375,147.77194213867188,-0.130889892578125
ns_elephant_780,resnet50_tl_20250829,8,4,12,104,16.0,108.0,147.64105224609375,147.7382354736328,-0.0971832275390625
ns_elephant_780,resnet50_tl_20250829,8,4,12,108,16.0,112.0,147.64105224609375,147.06793212890625,0.5731201171875
ns_elephant_780,resnet50_tl_20250829,8,4,12,112,16.0,116.0,147.64105224609375,147.0696258544922,0.5714263916015625
ns_elephant_780,resnet50_tl_20250829,8,4,12,116,16.0,120.0,147.64105224609375,147.6040496826172,0.0370025634765625
ns_elephant_780,resnet50_tl_20250829,8,4,12,120,16.0,124.0,147.64105224609375,147.7200927734375,-0.07904052734375
ns_elephant_780,resnet50_tl_20250829,8,4,12,124,16.0,128.0,147.64105224609375,147.18719482421875,0.453857421875
ns_elephant_780,resnet50_tl_20250829,8,4,12,128,16.0,132.0,147.64105224609375,147.2541046142578,0.3869476318359375
ns_elephant_780,resnet50_tl_20250829,8,4,12,132,16.0,136.0,147.64105224609375,147.6809539794922,-0.0399017333984375
ns_elephant_780,resnet50_tl_20250829,8,4,12,136,16.0,140.0,147.64105224609375,147.7007293701172,-0.0596771240234375
ns_elephant_780,resnet50_tl_20250829,8,4,12,140,16.0,144.0,147.64105224609375,147.10569763183594,0.5353546142578125
ns_elephant_780,resnet50_tl_20250829,8,4,12,144,16.0,148.0,147.64105224609375,147.1547088623047,0.4863433837890625
ns_elephant_780,resnet50_tl_20250829,8,4,12,148,16.0,152.0,147.64105224609375,147.52719116210938,0.113861083984375
ns_elephant_780,resnet50_tl_20250829,8,4,12,152,16.0,156.0,147.64105224609375,147.66714477539062,-0.026092529296875
ns_elephant_780,resnet50_tl_20250829,8,4,12,156,16.0,160.0,147.64105224609375,147.17056274414062,0.470489501953125
ns_elephant_780,resnet50_tl_20250829,8,4,12,160,16.0,164.0,147.64105224609375,147.29661560058594,0.3444366455078125
ns_elephant_780,resnet50_tl_20250829,8,4,12,164,16.0,168.0,147.64105224609375,147.6725616455078,-0.0315093994140625
ns_elephant_780,resnet50_tl_20250829,8,4,12,168,16.0,172.0,147.64105224609375,147.66213989257812,-0.021087646484375
ns_elephant_780,resnet50_tl_20250829,8,4,12,172,16.0,176.0,147.64105224609375,147.20274353027344,0.4383087158203125
ns_elephant_780,resnet50_tl_20250829,8,4,12,176,16.0,180.0,147.64105224609375,147.2176513671875,0.42340087890625
ns_elephant_780,resnet50_tl_20250829,8,4,12,180,16.0,184.0,147.64105224609375,147.52919006347656,0.1118621826171875
ns_elephant_780,resnet50_tl_20250829,8,4,12,184,16.0,188.0,147.64105224609375,147.7133026123047,-0.0722503662109375
ns_elephant_780,resnet50_tl_20250829,8,4,12,188,16.0,192.0,147.64105224609375,147.33572387695312,0.305328369140625
ns_elephant_780,resnet50_tl_20250829,8,4,12,192,16.0,196.0,147.64105224609375,147.3812255859375,0.25982666015625
ns_elephant_780,resnet50_tl_20250829,8,4,12,196,16.0,200.0,147.64105224609375,147.51712036132812,0.123931884765625
ns_elephant_780,resnet50_tl_20250829,8,4,12,200,16.0,204.0,147.64105224609375,147.6215057373047,0.0195465087890625
ns_elephant_780,resnet50_tl_20250829,8,4,12,204,16.0,208.0,147.64105224609375,147.4252471923828,0.2158050537109375
ns_elephant_780,resnet50_tl_20250829,8,4,12,208,16.0,212.0,147.64105224609375,147.36753845214844,0.2735137939453125
ns_elephant_780,resnet50_tl_20250829,8,4,12,212,16.0,216.0,147.64105224609375,147.4300079345703,0.2110443115234375
ns_elephant_780,resnet50_tl_20250829,8,4,12,216,16.0,220.0,147.64105224609375,147.4746856689453,0.1663665771484375
ns_elephant_780,resnet50_tl_20250829,8,4,16,0,20.0,4.0,147.64105224609375,147.0941925048828,0.5468597412109375
ns_elephant_780,resnet50_tl_20250829,8,4,16,4,20.0,8.0,147.64105224609375,147.41831970214844,0.2227325439453125
ns_elephant_780,resnet50_tl_20250829,8,4,16,8,20.0,12.0,147.64105224609375,147.6720428466797,-0.0309906005859375
ns_elephant_780,resnet50_tl_20250829,8,4,16,12,20.0,16.0,147.64105224609375,147.2696990966797,0.3713531494140625
ns_elephant_780,resnet50_tl_20250829,8,4,16,16,20.0,20.0,147.64105224609375,147.32424926757812,0.316802978515625
ns_elephant_780,resnet50_tl_20250829,8,4,16,20,20.0,24.0,147.64105224609375,147.5844268798828,0.0566253662109375
ns_elephant_780,resnet50_tl_20250829,8,4,16,24,20.0,28.0,147.64105224609375,147.68695068359375,-0.0458984375
ns_elephant_780,resnet50_tl_20250829,8,4,16,28,20.0,32.0,147.64105224609375,147.1564178466797,0.4846343994140625
ns_elephant_780,resnet50_tl_20250829,8,4,16,32,20.0,36.0,147.64105224609375,147.1592254638672,0.4818267822265625
ns_elephant_780,resnet50_tl_20250829,8,4,16,36,20.0,40.0,147.64105224609375,147.54249572753906,0.0985565185546875
ns_elephant_780,resnet50_tl_20250829,8,4,16,40,20.0,44.0,147.64105224609375,147.60369873046875,0.037353515625
ns_elephant_780,resnet50_tl_20250829,8,4,16,44,20.0,48.0,147.64105224609375,147.034423828125,0.60662841796875
ns_elephant_780,resnet50_tl_20250829,8,4,16,48,20.0,52.0,147.64105224609375,147.0551300048828,0.5859222412109375
ns_elephant_780,resnet50_tl_20250829,8,4,16,52,20.0,56.0,147.64105224609375,147.34608459472656,0.2949676513671875
ns_elephant_780,resnet50_tl_20250829,8,4,16,56,20.0,60.0,147.64105224609375,147.50672912597656,0.1343231201171875
ns_elephant_780,resnet50_tl_20250829,8,4,16,60,20.0,64.0,147.64105224609375,147.31246948242188,0.328582763671875
ns_elephant_780,resnet50_tl_20250829,8,4,16,64,20.0,68.0,147.64105224609375,147.34095764160156,0.3000946044921875
ns_elephant_780,resnet50_tl_20250829,8,4,16,68,20.0,72.0,147.64105224609375,147.5435028076172,0.0975494384765625
ns_elephant_780,resnet50_tl_20250829,8,4,16,72,20.0,76.0,147.64105224609375,147.4769287109375,0.16412353515625
ns_elephant_780,resnet50_tl_20250829,8,4,16,76,20.0,80.0,147.64105224609375,147.4647216796875,0.17633056640625
ns_elephant_780,resnet50_tl_20250829,8,4,16,80,20.0,84.0,147.64105224609375,147.4391632080078,0.2018890380859375
ns_elephant_780,resnet50_tl_20250829,8,4,16,84,20.0,88.0,147.64105224609375,147.59251403808594,0.0485382080078125
ns_elephant_780,resnet50_tl_20250829,8,4,16,88,20.0,92.0,147.64105224609375,147.59689331054688,0.044158935546875
ns_elephant_780,resnet50_tl_20250829,8,4,16,92,20.0,96.0,147.64105224609375,147.25575256347656,0.3852996826171875
ns_elephant_780,resnet50_tl_20250829,8,4,16,96,20.0,100.0,147.64105224609375,147.34469604492188,0.296356201171875
ns_elephant_780,resnet50_tl_20250829,8,4,16,100,20.0,104.0,147.64105224609375,147.67893981933594,-0.0378875732421875
ns_elephant_780,resnet50_tl_20250829,8,4,16,104,20.0,108.0,147.64105224609375,147.6360626220703,0.0049896240234375
ns_elephant_780,resnet50_tl_20250829,8,4,16,108,20.0,112.0,147.64105224609375,147.130615234375,0.51043701171875
ns_elephant_780,resnet50_tl_20250829,8,4,16,112,20.0,116.0,147.64105224609375,147.1003875732422,0.5406646728515625
ns_elephant_780,resnet50_tl_20250829,8,4,16,116,20.0,120.0,147.64105224609375,147.47850036621094,0.1625518798828125
ns_elephant_780,resnet50_tl_20250829,8,4,16,120,20.0,124.0,147.64105224609375,147.59912109375,0.04193115234375
ns_elephant_780,resnet50_tl_20250829,8,4,16,124,20.0,128.0,147.64105224609375,147.26046752929688,0.380584716796875
ns_elephant_780,resnet50_tl_20250829,8,4,16,128,20.0,132.0,147.64105224609375,147.29119873046875,0.349853515625
ns_elephant_780,resnet50_tl_20250829,8,4,16,132,20.0,136.0,147.64105224609375,147.6036376953125,0.03741455078125
ns_elephant_780,resnet50_tl_20250829,8,4,16,136,20.0,140.0,147.64105224609375,147.6161651611328,0.0248870849609375
ns_elephant_780,resnet50_tl_20250829,8,4,16,140,20.0,144.0,147.64105224609375,147.21664428710938,0.424407958984375
ns_elephant_780,resnet50_tl_20250829,8,4,16,144,20.0,148.0,147.64105224609375,147.1957550048828,0.4452972412109375
ns_elephant_780,resnet50_tl_20250829,8,4,16,148,20.0,152.0,147.64105224609375,147.4163818359375,0.22467041015625
ns_elephant_780,resnet50_tl_20250829,8,4,16,152,20.0,156.0,147.64105224609375,147.490234375,0.15081787109375
ns_elephant_780,resnet50_tl_20250829,8,4,16,156,20.0,160.0,147.64105224609375,147.1160125732422,0.5250396728515625
ns_elephant_780,resnet50_tl_20250829,8,4,16,160,20.0,164.0,147.64105224609375,147.05723571777344,0.5838165283203125
ns_elephant_780,resnet50_tl_20250829,8,4,16,164,20.0,168.0,147.64105224609375,147.44874572753906,0.1923065185546875
ns_elephant_780,resnet50_tl_20250829,8,4,16,168,20.0,172.0,147.64105224609375,147.45408630371094,0.1869659423828125
ns_elephant_780,resnet50_tl_20250829,8,4,16,172,20.0,176.0,147.64105224609375,147.18466186523438,0.456390380859375
ns_elephant_780,resnet50_tl_20250829,8,4,16,176,20.0,180.0,147.64105224609375,147.25131225585938,0.389739990234375
ns_elephant_780,resnet50_tl_20250829,8,4,16,180,20.0,184.0,147.64105224609375,147.5114288330078,0.1296234130859375
ns_elephant_780,resnet50_tl_20250829,8,4,16,184,20.0,188.0,147.64105224609375,147.6808319091797,-0.0397796630859375
ns_elephant_780,resnet50_tl_20250829,8,4,16,188,20.0,192.0,147.64105224609375,147.38180541992188,0.259246826171875
ns_elephant_780,resnet50_tl_20250829,8,4,16,192,20.0,196.0,147.64105224609375,147.42227172851562,0.218780517578125
ns_elephant_780,resnet50_tl_20250829,8,4,16,196,20.0,200.0,147.64105224609375,147.5037384033203,0.1373138427734375
ns_elephant_780,resnet50_tl_20250829,8,4,16,200,20.0,204.0,147.64105224609375,147.59571838378906,0.0453338623046875
ns_elephant_780,resnet50_tl_20250829,8,4,16,204,20.0,208.0,147.64105224609375,147.4216766357422,0.2193756103515625
ns_elephant_780,resnet50_tl_20250829,8,4,16,208,20.0,212.0,147.64105224609375,147.43487548828125,0.2061767578125
ns_elephant_780,resnet50_tl_20250829,8,4,16,212,20.0,216.0,147.64105224609375,147.44241333007812,0.198638916015625
ns_elephant_780,resnet50_tl_20250829,8,4,16,216,20.0,220.0,147.64105224609375,147.49317932128906,0.1478729248046875
ns_elephant_780,resnet50_tl_20250829,8,4,20,0,24.0,4.0,147.64105224609375,147.46189880371094,0.1791534423828125
ns_elephant_780,resnet50_tl_20250829,8,4,20,4,24.0,8.0,147.64105224609375,147.5086669921875,0.13238525390625
ns_elephant_780,resnet50_tl_20250829,8,4,20,8,24.0,12.0,147.64105224609375,147.7107391357422,-0.0696868896484375
ns_elephant_780,resnet50_tl_20250829,8,4,20,12,24.0,16.0,147.64105224609375,147.50759887695312,0.133453369140625
ns_elephant_780,resnet50_tl_20250829,8,4,20,16,24.0,20.0,147.64105224609375,147.55255126953125,0.0885009765625
ns_elephant_780,resnet50_tl_20250829,8,4,20,20,24.0,24.0,147.64105224609375,147.59918212890625,0.0418701171875
ns_elephant_780,resnet50_tl_20250829,8,4,20,24,24.0,28.0,147.64105224609375,147.54457092285156,0.0964813232421875
ns_elephant_780,resnet50_tl_20250829,8,4,20,28,24.0,32.0,147.64105224609375,147.4438934326172,0.1971588134765625
ns_elephant_780,resnet50_tl_20250829,8,4,20,32,24.0,36.0,147.64105224609375,147.5438232421875,0.09722900390625
ns_elephant_780,resnet50_tl_20250829,8,4,20,36,24.0,40.0,147.64105224609375,147.58201599121094,0.0590362548828125
ns_elephant_780,resnet50_tl_20250829,8,4,20,40,24.0,44.0,147.64105224609375,147.4935760498047,0.1474761962890625
ns_elephant_780,resnet50_tl_20250829,8,4,20,44,24.0,48.0,147.64105224609375,147.38929748535156,0.2517547607421875
ns_elephant_780,resnet50_tl_20250829,8,4,20,48,24.0,52.0,147.64105224609375,147.49868774414062,0.142364501953125
ns_elephant_780,resnet50_tl_20250829,8,4,20,52,24.0,56.0,147.64105224609375,147.56224060058594,0.0788116455078125
ns_elephant_780,resnet50_tl_20250829,8,4,20,56,24.0,60.0,147.64105224609375,147.609619140625,0.03143310546875
ns_elephant_780,resnet50_tl_20250829,8,4,20,60,24.0,64.0,147.64105224609375,147.52313232421875,0.117919921875
ns_elephant_780,resnet50_tl_20250829,8,4,20,64,24.0,68.0,147.64105224609375,147.49806213378906,0.1429901123046875
ns_elephant_780,resnet50_tl_20250829,8,4,20,68,24.0,72.0,147.64105224609375,147.4281768798828,0.2128753662109375
ns_elephant_780,resnet50_tl_20250829,8,4,20,72,24.0,76.0,147.64105224609375,147.48207092285156,0.1589813232421875
ns_elephant_780,resnet50_tl_20250829,8,4,20,76,24.0,80.0,147.64105224609375,147.4494171142578,0.1916351318359375
ns_elephant_780,resnet50_tl_20250829,8,4,20,80,24.0,84.0,147.64105224609375,147.49537658691406,0.1456756591796875
ns_elephant_780,resnet50_tl_20250829,8,4,20,84,24.0,88.0,147.64105224609375,147.51248168945312,0.128570556640625
ns_elephant_780,resnet50_tl_20250829,8,4,20,88,24.0,92.0,147.64105224609375,147.4977264404297,0.1433258056640625
ns_elephant_780,resnet50_tl_20250829,8,4,20,92,24.0,96.0,147.64105224609375,147.43569946289062,0.205352783203125
ns_elephant_780,resnet50_tl_20250829,8,4,20,96,24.0,100.0,147.64105224609375,147.6343536376953,0.0066986083984375
ns_elephant_780,resnet50_tl_20250829,8,4,20,100,24.0,104.0,147.64105224609375,147.6455535888672,-0.0045013427734375
ns_elephant_780,resnet50_tl_20250829,8,4,20,104,24.0,108.0,147.64105224609375,147.45242309570312,0.188629150390625
ns_elephant_780,resnet50_tl_20250829,8,4,20,108,24.0,112.0,147.64105224609375,147.35342407226562,0.287628173828125
ns_elephant_780,resnet50_tl_20250829,8,4,20,112,24.0,116.0,147.64105224609375,147.5052490234375,0.13580322265625
ns_elephant_780,resnet50_tl_20250829,8,4,20,116,24.0,120.0,147.64105224609375,147.4292449951172,0.2118072509765625
ns_elephant_780,resnet50_tl_20250829,8,4,20,120,24.0,124.0,147.64105224609375,147.4317626953125,0.20928955078125
ns_elephant_780,resnet50_tl_20250829,8,4,20,124,24.0,128.0,147.64105224609375,147.53314208984375,0.10791015625
ns_elephant_780,resnet50_tl_20250829,8,4,20,128,24.0,132.0,147.64105224609375,147.52890014648438,0.112152099609375
ns_elephant_780,resnet50_tl_20250829,8,4,20,132,24.0,136.0,147.64105224609375,147.54847717285156,0.0925750732421875
ns_elephant_780,resnet50_tl_20250829,8,4,20,136,24.0,140.0,147.64105224609375,147.57049560546875,0.070556640625
ns_elephant_780,resnet50_tl_20250829,8,4,20,140,24.0,144.0,147.64105224609375,147.47140502929688,0.169647216796875
ns_elephant_780,resnet50_tl_20250829,8,4,20,144,24.0,148.0,147.64105224609375,147.47149658203125,0.1695556640625
ns_elephant_780,resnet50_tl_20250829,8,4,20,148,24.0,152.0,147.64105224609375,147.49090576171875,0.150146484375
ns_elephant_780,resnet50_tl_20250829,8,4,20,152,24.0,156.0,147.64105224609375,147.45321655273438,0.187835693359375
ns_elephant_780,resnet50_tl_20250829,8,4,20,156,24.0,160.0,147.64105224609375,147.45738220214844,0.1836700439453125
ns_elephant_780,resnet50_tl_20250829,8,4,20,160,24.0,164.0,147.64105224609375,147.38609313964844,0.2549591064453125
ns_elephant_780,resnet50_tl_20250829,8,4,20,164,24.0,168.0,147.64105224609375,147.45513916015625,0.1859130859375
ns_elephant_780,resnet50_tl_20250829,8,4,20,168,24.0,172.0,147.64105224609375,147.3372039794922,0.3038482666015625
ns_elephant_780,resnet50_tl_20250829,8,4,20,172,24.0,176.0,147.64105224609375,147.44174194335938,0.199310302734375
ns_elephant_780,resnet50_tl_20250829,8,4,20,176,24.0,180.0,147.64105224609375,147.41915893554688,0.221893310546875
ns_elephant_780,resnet50_tl_20250829,8,4,20,180,24.0,184.0,147.64105224609375,147.4872589111328,0.1537933349609375
ns_elephant_780,resnet50_tl_20250829,8,4,20,184,24.0,188.0,147.64105224609375,147.56301879882812,0.078033447265625
ns_elephant_780,resnet50_tl_20250829,8,4,20,188,24.0,192.0,147.64105224609375,147.57098388671875,0.070068359375
ns_elephant_780,resnet50_tl_20250829,8,4,20,192,24.0,196.0,147.64105224609375,147.6508331298828,-0.0097808837890625
ns_elephant_780,resnet50_tl_20250829,8,4,20,196,24.0,200.0,147.64105224609375,147.6231231689453,0.0179290771484375
ns_elephant_780,resnet50_tl_20250829,8,4,20,200,24.0,204.0,147.64105224609375,147.61241149902344,0.0286407470703125
ns_elephant_780,resnet50_tl_20250829,8,4,20,204,24.0,208.0,147.64105224609375,147.65687561035156,-0.0158233642578125
ns_elephant_780,resnet50_tl_20250829,8,4,20,208,24.0,212.0,147.64105224609375,147.68692016601562,-0.045867919921875
ns_elephant_780,resnet50_tl_20250829,8,4,20,212,24.0,216.0,147.64105224609375,147.5769500732422,0.0641021728515625
ns_elephant_780,resnet50_tl_20250829,8,4,20,216,24.0,220.0,147.64105224609375,147.49819946289062,0.142852783203125
ns_elephant_780,resnet50_tl_20250829,8,4,24,0,28.0,4.0,147.64105224609375,147.4588165283203,0.1822357177734375
ns_elephant_780,resnet50_tl_20250829,8,4,24,4,28.0,8.0,147.64105224609375,147.38558959960938,0.255462646484375
ns_elephant_780,resnet50_tl_20250829,8,4,24,8,28.0,12.0,147.64105224609375,147.5894775390625,0.05157470703125
ns_elephant_780,resnet50_tl_20250829,8,4,24,12,28.0,16.0,147.64105224609375,147.28643798828125,0.3546142578125
ns_elephant_780,resnet50_tl_20250829,8,4,24,16,28.0,20.0,147.64105224609375,147.48971557617188,0.151336669921875
ns_elephant_780,resnet50_tl_20250829,8,4,24,20,28.0,24.0,147.64105224609375,147.54302978515625,0.0980224609375
ns_elephant_780,resnet50_tl_20250829,8,4,24,24,28.0,28.0,147.64105224609375,147.21859741210938,0.422454833984375
ns_elephant_780,resnet50_tl_20250829,8,4,24,28,28.0,32.0,147.64105224609375,147.18504333496094,0.4560089111328125
ns_elephant_780,resnet50_tl_20250829,8,4,24,32,28.0,36.0,147.64105224609375,147.22683715820312,0.414215087890625
ns_elephant_780,resnet50_tl_20250829,8,4,24,36,28.0,40.0,147.64105224609375,147.15834045410156,0.4827117919921875
ns_elephant_780,resnet50_tl_20250829,8,4,24,40,28.0,44.0,147.64105224609375,147.31356811523438,0.327484130859375
ns_elephant_780,resnet50_tl_20250829,8,4,24,44,28.0,48.0,147.64105224609375,147.22564697265625,0.4154052734375
ns_elephant_780,resnet50_tl_20250829,8,4,24,48,28.0,52.0,147.64105224609375,147.3707275390625,0.27032470703125
ns_elephant_780,resnet50_tl_20250829,8,4,24,52,28.0,56.0,147.64105224609375,147.4564208984375,0.18463134765625
ns_elephant_780,resnet50_tl_20250829,8,4,24,56,28.0,60.0,147.64105224609375,147.57696533203125,0.0640869140625
ns_elephant_780,resnet50_tl_20250829,8,4,24,60,28.0,64.0,147.64105224609375,147.50918579101562,0.131866455078125
ns_elephant_780,resnet50_tl_20250829,8,4,24,64,28.0,68.0,147.64105224609375,147.4263458251953,0.2147064208984375
ns_elephant_780,resnet50_tl_20250829,8,4,24,68,28.0,72.0,147.64105224609375,147.5168914794922,0.1241607666015625
ns_elephant_780,resnet50_tl_20250829,8,4,24,72,28.0,76.0,147.64105224609375,147.59326171875,0.04779052734375
ns_elephant_780,resnet50_tl_20250829,8,4,24,76,28.0,80.0,147.64105224609375,147.6167449951172,0.0243072509765625
ns_elephant_780,resnet50_tl_20250829,8,4,24,80,28.0,84.0,147.64105224609375,147.5521697998047,0.0888824462890625
ns_elephant_780,resnet50_tl_20250829,8,4,24,84,28.0,88.0,147.64105224609375,147.47181701660156,0.1692352294921875
ns_elephant_780,resnet50_tl_20250829,8,4,24,88,28.0,92.0,147.64105224609375,147.436767578125,0.20428466796875
ns_elephant_780,resnet50_tl_20250829,8,4,24,92,28.0,96.0,147.64105224609375,147.40182495117188,0.239227294921875
ns_elephant_780,resnet50_tl_20250829,8,4,24,96,28.0,100.0,147.64105224609375,147.4766845703125,0.16436767578125
ns_elephant_780,resnet50_tl_20250829,8,4,24,100,28.0,104.0,147.64105224609375,147.48248291015625,0.1585693359375
ns_elephant_780,resnet50_tl_20250829,8,4,24,104,28.0,108.0,147.64105224609375,147.32901000976562,0.312042236328125
ns_elephant_780,resnet50_tl_20250829,8,4,24,108,28.0,112.0,147.64105224609375,147.4181671142578,0.2228851318359375
ns_elephant_780,resnet50_tl_20250829,8,4,24,112,28.0,116.0,147.64105224609375,147.3909149169922,0.2501373291015625
ns_elephant_780,resnet50_tl_20250829,8,4,24,116,28.0,120.0,147.64105224609375,147.24571228027344,0.3953399658203125
ns_elephant_780,resnet50_tl_20250829,8,4,24,120,28.0,124.0,147.64105224609375,147.1820068359375,0.45904541015625
ns_elephant_780,resnet50_tl_20250829,8,4,24,124,28.0,128.0,147.64105224609375,147.3867950439453,0.2542572021484375
ns_elephant_780,resnet50_tl_20250829,8,4,24,128,28.0,132.0,147.64105224609375,147.3367462158203,0.3043060302734375
ns_elephant_780,resnet50_tl_20250829,8,4,24,132,28.0,136.0,147.64105224609375,147.33949279785156,0.3015594482421875
ns_elephant_780,resnet50_tl_20250829,8,4,24,136,28.0,140.0,147.64105224609375,147.31942749023438,0.321624755859375
ns_elephant_780,resnet50_tl_20250829,8,4,24,140,28.0,144.0,147.64105224609375,147.432861328125,0.20819091796875
ns_elephant_780,resnet50_tl_20250829,8,4,24,144,28.0,148.0,147.64105224609375,147.37298583984375,0.26806640625
ns_elephant_780,resnet50_tl_20250829,8,4,24,148,28.0,152.0,147.64105224609375,147.32537841796875,0.315673828125
ns_elephant_780,resnet50_tl_20250829,8,4,24,152,28.0,156.0,147.64105224609375,147.2928924560547,0.3481597900390625
ns_elephant_780,resnet50_tl_20250829,8,4,24,156,28.0,160.0,147.64105224609375,147.45953369140625,0.1815185546875
ns_elephant_780,resnet50_tl_20250829,8,4,24,160,28.0,164.0,147.64105224609375,147.30421447753906,0.3368377685546875
ns_elephant_780,resnet50_tl_20250829,8,4,24,164,28.0,168.0,147.64105224609375,147.29501342773438,0.346038818359375
ns_elephant_780,resnet50_tl_20250829,8,4,24,168,28.0,172.0,147.64105224609375,147.32369995117188,0.317352294921875
ns_elephant_780,resnet50_tl_20250829,8,4,24,172,28.0,176.0,147.64105224609375,147.4407196044922,0.2003326416015625
ns_elephant_780,resnet50_tl_20250829,8,4,24,176,28.0,180.0,147.64105224609375,147.42947387695312,0.211578369140625
ns_elephant_780,resnet50_tl_20250829,8,4,24,180,28.0,184.0,147.64105224609375,147.478515625,0.16253662109375
ns_elephant_780,resnet50_tl_20250829,8,4,24,184,28.0,188.0,147.64105224609375,147.5590057373047,0.0820465087890625
ns_elephant_780,resnet50_tl_20250829,8,4,24,188,28.0,192.0,147.64105224609375,147.5137939453125,0.12725830078125
ns_elephant_780,resnet50_tl_20250829,8,4,24,192,28.0,196.0,147.64105224609375,147.5889434814453,0.0521087646484375
ns_elephant_780,resnet50_tl_20250829,8,4,24,196,28.0,200.0,147.64105224609375,147.56515502929688,0.075897216796875
ns_elephant_780,resnet50_tl_20250829,8,4,24,200,28.0,204.0,147.64105224609375,147.6222686767578,0.0187835693359375
ns_elephant_780,resnet50_tl_20250829,8,4,24,204,28.0,208.0,147.64105224609375,147.64321899414062,-0.002166748046875
ns_elephant_780,resnet50_tl_20250829,8,4,24,208,28.0,212.0,147.64105224609375,147.6963348388672,-0.0552825927734375
ns_elephant_780,resnet50_tl_20250829,8,4,24,212,28.0,216.0,147.64105224609375,147.5420379638672,0.0990142822265625
ns_elephant_780,resnet50_tl_20250829,8,4,24,216,28.0,220.0,147.64105224609375,147.5309600830078,0.1100921630859375
ns_elephant_780,resnet50_tl_20250829,8,4,28,0,32.0,4.0,147.64105224609375,147.18116760253906,0.4598846435546875
ns_elephant_780,resnet50_tl_20250829,8,4,28,4,32.0,8.0,147.64105224609375,147.49188232421875,0.149169921875
ns_elephant_780,resnet50_tl_20250829,8,4,28,8,32.0,12.0,147.64105224609375,147.75392150878906,-0.1128692626953125
ns_elephant_780,resnet50_tl_20250829,8,4,28,12,32.0,16.0,147.64105224609375,147.29299926757812,0.348052978515625
ns_elephant_780,resnet50_tl_20250829,8,4,28,16,32.0,20.0,147.64105224609375,147.3078155517578,0.3332366943359375
ns_elephant_780,resnet50_tl_20250829,8,4,28,20,32.0,24.0,147.64105224609375,147.39881896972656,0.2422332763671875
ns_elephant_780,resnet50_tl_20250829,8,4,28,24,32.0,28.0,147.64105224609375,147.11773681640625,0.5233154296875
ns_elephant_780,resnet50_tl_20250829,8,4,28,28,32.0,32.0,147.64105224609375,147.01736450195312,0.623687744140625
ns_elephant_780,resnet50_tl_20250829,8,4,28,32,32.0,36.0,147.64105224609375,147.05911254882812,0.581939697265625
ns_elephant_780,resnet50_tl_20250829,8,4,28,36,32.0,40.0,147.64105224609375,147.16871643066406,0.4723358154296875
ns_elephant_780,resnet50_tl_20250829,8,4,28,40,32.0,44.0,147.64105224609375,147.31300354003906,0.3280487060546875
ns_elephant_780,resnet50_tl_20250829,8,4,28,44,32.0,48.0,147.64105224609375,147.1605224609375,0.48052978515625
ns_elephant_780,resnet50_tl_20250829,8,4,28,48,32.0,52.0,147.64105224609375,147.34518432617188,0.295867919921875
ns_elephant_780,resnet50_tl_20250829,8,4,28,52,32.0,56.0,147.64105224609375,147.44241333007812,0.198638916015625
ns_elephant_780,resnet50_tl_20250829,8,4,28,56,32.0,60.0,147.64105224609375,147.54405212402344,0.0970001220703125
ns_elephant_780,resnet50_tl_20250829,8,4,28,60,32.0,64.0,147.64105224609375,147.54649353027344,0.0945587158203125
ns_elephant_780,resnet50_tl_20250829,8,4,28,64,32.0,68.0,147.64105224609375,147.52667236328125,0.1143798828125
ns_elephant_780,resnet50_tl_20250829,8,4,28,68,32.0,72.0,147.64105224609375,147.42576599121094,0.2152862548828125
ns_elephant_780,resnet50_tl_20250829,8,4,28,72,32.0,76.0,147.64105224609375,147.4806365966797,0.1604156494140625
ns_elephant_780,resnet50_tl_20250829,8,4,28,76,32.0,80.0,147.64105224609375,147.44224548339844,0.1988067626953125
ns_elephant_780,resnet50_tl_20250829,8,4,28,80,32.0,84.0,147.64105224609375,147.446533203125,0.19451904296875
ns_elephant_780,resnet50_tl_20250829,8,4,28,84,32.0,88.0,147.64105224609375,147.44956970214844,0.1914825439453125
ns_elephant_780,resnet50_tl_20250829,8,4,28,88,32.0,92.0,147.64105224609375,147.4812469482422,0.1598052978515625
ns_elephant_780,resnet50_tl_20250829,8,4,28,92,32.0,96.0,147.64105224609375,147.4608917236328,0.1801605224609375
ns_elephant_780,resnet50_tl_20250829,8,4,28,96,32.0,100.0,147.64105224609375,147.4945526123047,0.1464996337890625
ns_elephant_780,resnet50_tl_20250829,8,4,28,100,32.0,104.0,147.64105224609375,147.5037078857422,0.1373443603515625
ns_elephant_780,resnet50_tl_20250829,8,4,28,104,32.0,108.0,147.64105224609375,147.5580291748047,0.0830230712890625
ns_elephant_780,resnet50_tl_20250829,8,4,28,108,32.0,112.0,147.64105224609375,147.4630126953125,0.17803955078125
ns_elephant_780,resnet50_tl_20250829,8,4,28,112,32.0,116.0,147.64105224609375,147.5038299560547,0.1372222900390625
ns_elephant_780,resnet50_tl_20250829,8,4,28,116,32.0,120.0,147.64105224609375,147.48611450195312,0.154937744140625
ns_elephant_780,resnet50_tl_20250829,8,4,28,120,32.0,124.0,147.64105224609375,147.39273071289062,0.248321533203125
ns_elephant_780,resnet50_tl_20250829,8,4,28,124,32.0,128.0,147.64105224609375,147.4056854248047,0.2353668212890625
ns_elephant_780,resnet50_tl_20250829,8,4,28,128,32.0,132.0,147.64105224609375,147.40834045410156,0.2327117919921875
ns_elephant_780,resnet50_tl_20250829,8,4,28,132,32.0,136.0,147.64105224609375,147.4580841064453,0.1829681396484375
ns_elephant_780,resnet50_tl_20250829,8,4,28,136,32.0,140.0,147.64105224609375,147.527099609375,0.11395263671875
ns_elephant_780,resnet50_tl_20250829,8,4,28,140,32.0,144.0,147.64105224609375,147.43890380859375,0.2021484375
ns_elephant_780,resnet50_tl_20250829,8,4,28,144,32.0,148.0,147.64105224609375,147.438232421875,0.20281982421875
ns_elephant_780,resnet50_tl_20250829,8,4,28,148,32.0,152.0,147.64105224609375,147.54611206054688,0.094940185546875
ns_elephant_780,resnet50_tl_20250829,8,4,28,152,32.0,156.0,147.64105224609375,147.5591278076172,0.0819244384765625
ns_elephant_780,resnet50_tl_20250829,8,4,28,156,32.0,160.0,147.64105224609375,147.53749084472656,0.1035614013671875
ns_elephant_780,resnet50_tl_20250829,8,4,28,160,32.0,164.0,147.64105224609375,147.5267791748047,0.1142730712890625
ns_elephant_780,resnet50_tl_20250829,8,4,28,164,32.0,168.0,147.64105224609375,147.51441955566406,0.1266326904296875
ns_elephant_780,resnet50_tl_20250829,8,4,28,168,32.0,172.0,147.64105224609375,147.5190887451172,0.1219635009765625
ns_elephant_780,resnet50_tl_20250829,8,4,28,172,32.0,176.0,147.64105224609375,147.52821350097656,0.1128387451171875
ns_elephant_780,resnet50_tl_20250829,8,4,28,176,32.0,180.0,147.64105224609375,147.5541229248047,0.0869293212890625
ns_elephant_780,resnet50_tl_20250829,8,4,28,180,32.0,184.0,147.64105224609375,147.58998107910156,0.0510711669921875
ns_elephant_780,resnet50_tl_20250829,8,4,28,184,32.0,188.0,147.64105224609375,147.7254638671875,-0.08441162109375
ns_elephant_780,resnet50_tl_20250829,8,4,28,188,32.0,192.0,147.64105224609375,147.4146728515625,0.22637939453125
ns_elephant_780,resnet50_tl_20250829,8,4,28,192,32.0,196.0,147.64105224609375,147.42929077148438,0.211761474609375
ns_elephant_780,resnet50_tl_20250829,8,4,28,196,32.0,200.0,147.64105224609375,147.63119506835938,0.009857177734375
ns_elephant_780,resnet50_tl_20250829,8,4,28,200,32.0,204.0,147.64105224609375,147.65274047851562,-0.011688232421875
ns_elephant_780,resnet50_tl_20250829,8,4,28,204,32.0,208.0,147.64105224609375,147.669921875,-0.02886962890625
ns_elephant_780,resnet50_tl_20250829,8,4,28,208,32.0,212.0,147.64105224609375,147.6165008544922,0.0245513916015625
ns_elephant_780,resnet50_tl_20250829,8,4,28,212,32.0,216.0,147.64105224609375,147.58758544921875,0.053466796875
ns_elephant_780,resnet50_tl_20250829,8,4,28,216,32.0,220.0,147.64105224609375,147.56631469726562,0.074737548828125
ns_elephant_780,resnet50_tl_20250829,8,4,32,0,36.0,4.0,147.64105224609375,147.2622528076172,0.3787994384765625
ns_elephant_780,resnet50_tl_20250829,8,4,32,4,36.0,8.0,147.64105224609375,147.50076293945312,0.140289306640625
ns_elephant_780,resnet50_tl_20250829,8,4,32,8,36.0,12.0,147.64105224609375,147.8035125732422,-0.1624603271484375
ns_elephant_780,resnet50_tl_20250829,8,4,32,12,36.0,16.0,147.64105224609375,147.5138397216797,0.1272125244140625
ns_elephant_780,resnet50_tl_20250829,8,4,32,16,36.0,20.0,147.64105224609375,147.317138671875,0.32391357421875
ns_elephant_780,resnet50_tl_20250829,8,4,32,20,36.0,24.0,147.64105224609375,147.48583984375,0.15521240234375
ns_elephant_780,resnet50_tl_20250829,8,4,32,24,36.0,28.0,147.64105224609375,147.49078369140625,0.1502685546875
ns_elephant_780,resnet50_tl_20250829,8,4,32,28,36.0,32.0,147.64105224609375,147.32794189453125,0.3131103515625
ns_elephant_780,resnet50_tl_20250829,8,4,32,32,36.0,36.0,147.64105224609375,147.30252075195312,0.338531494140625
ns_elephant_780,resnet50_tl_20250829,8,4,32,36,36.0,40.0,147.64105224609375,147.47250366210938,0.168548583984375
ns_elephant_780,resnet50_tl_20250829,8,4,32,40,36.0,44.0,147.64105224609375,147.56597900390625,0.0750732421875
ns_elephant_780,resnet50_tl_20250829,8,4,32,44,36.0,48.0,147.64105224609375,147.44461059570312,0.196441650390625
ns_elephant_780,resnet50_tl_20250829,8,4,32,48,36.0,52.0,147.64105224609375,147.3328094482422,0.3082427978515625
ns_elephant_780,resnet50_tl_20250829,8,4,32,52,36.0,56.0,147.64105224609375,147.560302734375,0.08074951171875
ns_elephant_780,resnet50_tl_20250829,8,4,32,56,36.0,60.0,147.64105224609375,147.572265625,0.06878662109375
ns_elephant_780,resnet50_tl_20250829,8,4,32,60,36.0,64.0,147.64105224609375,147.55477905273438,0.086273193359375
ns_elephant_780,resnet50_tl_20250829,8,4,32,64,36.0,68.0,147.64105224609375,147.53468322753906,0.1063690185546875
ns_elephant_780,resnet50_tl_20250829,8,4,32,68,36.0,72.0,147.64105224609375,147.4404296875,0.20062255859375
ns_elephant_780,resnet50_tl_20250829,8,4,32,72,36.0,76.0,147.64105224609375,147.53607177734375,0.10498046875
ns_elephant_780,resnet50_tl_20250829,8,4,32,76,36.0,80.0,147.64105224609375,147.47898864746094,0.1620635986328125
ns_elephant_780,resnet50_tl_20250829,8,4,32,80,36.0,84.0,147.64105224609375,147.4925079345703,0.1485443115234375
ns_elephant_780,resnet50_tl_20250829,8,4,32,84,36.0,88.0,147.64105224609375,147.47174072265625,0.1693115234375
ns_elephant_780,resnet50_tl_20250829,8,4,32,88,36.0,92.0,147.64105224609375,147.52915954589844,0.1118927001953125
ns_elephant_780,resnet50_tl_20250829,8,4,32,92,36.0,96.0,147.64105224609375,147.52044677734375,0.12060546875
ns_elephant_780,resnet50_tl_20250829,8,4,32,96,36.0,100.0,147.64105224609375,147.55445861816406,0.0865936279296875
ns_elephant_780,resnet50_tl_20250829,8,4,32,100,36.0,104.0,147.64105224609375,147.5869140625,0.05413818359375
ns_elephant_780,resnet50_tl_20250829,8,4,32,104,36.0,108.0,147.64105224609375,147.6162872314453,0.0247650146484375
ns_elephant_780,resnet50_tl_20250829,8,4,32,108,36.0,112.0,147.64105224609375,147.62966918945312,0.011383056640625
ns_elephant_780,resnet50_tl_20250829,8,4,32,112,36.0,116.0,147.64105224609375,147.60379028320312,0.037261962890625
ns_elephant_780,resnet50_tl_20250829,8,4,32,116,36.0,120.0,147.64105224609375,147.59986877441406,0.0411834716796875
ns_elephant_780,resnet50_tl_20250829,8,4,32,120,36.0,124.0,147.64105224609375,147.57867431640625,0.0623779296875
ns_elephant_780,resnet50_tl_20250829,8,4,32,124,36.0,128.0,147.64105224609375,147.55056762695312,0.090484619140625
ns_elephant_780,resnet50_tl_20250829,8,4,32,128,36.0,132.0,147.64105224609375,147.556396484375,0.08465576171875
ns_elephant_780,resnet50_tl_20250829,8,4,32,132,36.0,136.0,147.64105224609375,147.54319763183594,0.0978546142578125
ns_elephant_780,resnet50_tl_20250829,8,4,32,136,36.0,140.0,147.64105224609375,147.56256103515625,0.0784912109375
ns_elephant_780,resnet50_tl_20250829,8,4,32,140,36.0,144.0,147.64105224609375,147.55892944335938,0.082122802734375
ns_elephant_780,resnet50_tl_20250829,8,4,32,144,36.0,148.0,147.64105224609375,147.504638671875,0.13641357421875
ns_elephant_780,resnet50_tl_20250829,8,4,32,148,36.0,152.0,147.64105224609375,147.54676818847656,0.0942840576171875
ns_elephant_780,resnet50_tl_20250829,8,4,32,152,36.0,156.0,147.64105224609375,147.55487060546875,0.086181640625
ns_elephant_780,resnet50_tl_20250829,8,4,32,156,36.0,160.0,147.64105224609375,147.56597900390625,0.0750732421875
ns_elephant_780,resnet50_tl_20250829,8,4,32,160,36.0,164.0,147.64105224609375,147.5353240966797,0.1057281494140625
ns_elephant_780,resnet50_tl_20250829,8,4,32,164,36.0,168.0,147.64105224609375,147.55227661132812,0.088775634765625
ns_elephant_780,resnet50_tl_20250829,8,4,32,168,36.0,172.0,147.64105224609375,147.606689453125,0.03436279296875
ns_elephant_780,resnet50_tl_20250829,8,4,32,172,36.0,176.0,147.64105224609375,147.60157775878906,0.0394744873046875
ns_elephant_780,resnet50_tl_20250829,8,4,32,176,36.0,180.0,147.64105224609375,147.58566284179688,0.055389404296875
ns_elephant_780,resnet50_tl_20250829,8,4,32,180,36.0,184.0,147.64105224609375,147.49298095703125,0.1480712890625
ns_elephant_780,resnet50_tl_20250829,8,4,32,184,36.0,188.0,147.64105224609375,147.541748046875,0.09930419921875
ns_elephant_780,resnet50_tl_20250829,8,4,32,188,36.0,192.0,147.64105224609375,147.43617248535156,0.2048797607421875
ns_elephant_780,resnet50_tl_20250829,8,4,32,192,36.0,196.0,147.64105224609375,147.38922119140625,0.2518310546875
ns_elephant_780,resnet50_tl_20250829,8,4,32,196,36.0,200.0,147.64105224609375,147.5765380859375,0.06451416015625
ns_elephant_780,resnet50_tl_20250829,8,4,32,200,36.0,204.0,147.64105224609375,147.56214904785156,0.0789031982421875
ns_elephant_780,resnet50_tl_20250829,8,4,32,204,36.0,208.0,147.64105224609375,147.54759216308594,0.0934600830078125
ns_elephant_780,resnet50_tl_20250829,8,4,32,208,36.0,212.0,147.64105224609375,147.58567810058594,0.0553741455078125
ns_elephant_780,resnet50_tl_20250829,8,4,32,212,36.0,216.0,147.64105224609375,147.57199096679688,0.069061279296875
ns_elephant_780,resnet50_tl_20250829,8,4,32,216,36.0,220.0,147.64105224609375,147.62356567382812,0.017486572265625
ns_elephant_780,resnet50_tl_20250829,8,4,36,0,40.0,4.0,147.64105224609375,147.5424346923828,0.0986175537109375
ns_elephant_780,resnet50_tl_20250829,8,4,36,4,40.0,8.0,147.64105224609375,147.6797637939453,-0.0387115478515625
ns_elephant_780,resnet50_tl_20250829,8,4,36,8,40.0,12.0,147.64105224609375,147.6717987060547,-0.0307464599609375
ns_elephant_780,resnet50_tl_20250829,8,4,36,12,40.0,16.0,147.64105224609375,147.551513671875,0.08953857421875
ns_elephant_780,resnet50_tl_20250829,8,4,36,16,40.0,20.0,147.64105224609375,147.53453063964844,0.1065216064453125
ns_elephant_780,resnet50_tl_20250829,8,4,36,20,40.0,24.0,147.64105224609375,147.51007080078125,0.1309814453125
ns_elephant_780,resnet50_tl_20250829,8,4,36,24,40.0,28.0,147.64105224609375,147.50303649902344,0.1380157470703125
ns_elephant_780,resnet50_tl_20250829,8,4,36,28,40.0,32.0,147.64105224609375,147.41171264648438,0.229339599609375
ns_elephant_780,resnet50_tl_20250829,8,4,36,32,40.0,36.0,147.64105224609375,147.35958862304688,0.281463623046875
ns_elephant_780,resnet50_tl_20250829,8,4,36,36,40.0,40.0,147.64105224609375,147.3845977783203,0.2564544677734375
ns_elephant_780,resnet50_tl_20250829,8,4,36,40,40.0,44.0,147.64105224609375,147.5146026611328,0.1264495849609375
ns_elephant_780,resnet50_tl_20250829,8,4,36,44,40.0,48.0,147.64105224609375,147.5161895751953,0.1248626708984375
ns_elephant_780,resnet50_tl_20250829,8,4,36,48,40.0,52.0,147.64105224609375,147.47532653808594,0.1657257080078125
ns_elephant_780,resnet50_tl_20250829,8,4,36,52,40.0,56.0,147.64105224609375,147.48789978027344,0.1531524658203125
ns_elephant_780,resnet50_tl_20250829,8,4,36,56,40.0,60.0,147.64105224609375,147.48472595214844,0.1563262939453125
ns_elephant_780,resnet50_tl_20250829,8,4,36,60,40.0,64.0,147.64105224609375,147.52183532714844,0.1192169189453125
ns_elephant_780,resnet50_tl_20250829,8,4,36,64,40.0,68.0,147.64105224609375,147.4940643310547,0.1469879150390625
ns_elephant_780,resnet50_tl_20250829,8,4,36,68,40.0,72.0,147.64105224609375,147.4746856689453,0.1663665771484375
ns_elephant_780,resnet50_tl_20250829,8,4,36,72,40.0,76.0,147.64105224609375,147.53347778320312,0.107574462890625
ns_elephant_780,resnet50_tl_20250829,8,4,36,76,40.0,80.0,147.64105224609375,147.54107666015625,0.0999755859375
ns_elephant_780,resnet50_tl_20250829,8,4,36,80,40.0,84.0,147.64105224609375,147.49636840820312,0.144683837890625
ns_elephant_780,resnet50_tl_20250829,8,4,36,84,40.0,88.0,147.64105224609375,147.4405975341797,0.2004547119140625
ns_elephant_780,resnet50_tl_20250829,8,4,36,88,40.0,92.0,147.64105224609375,147.478271484375,0.16278076171875
ns_elephant_780,resnet50_tl_20250829,8,4,36,92,40.0,96.0,147.64105224609375,147.4993896484375,0.14166259765625
ns_elephant_780,resnet50_tl_20250829,8,4,36,96,40.0,100.0,147.64105224609375,147.5006561279297,0.1403961181640625
ns_elephant_780,resnet50_tl_20250829,8,4,36,100,40.0,104.0,147.64105224609375,147.4962615966797,0.1447906494140625
ns_elephant_780,resnet50_tl_20250829,8,4,36,104,40.0,108.0,147.64105224609375,147.55648803710938,0.084564208984375
ns_elephant_780,resnet50_tl_20250829,8,4,36,108,40.0,112.0,147.64105224609375,147.53823852539062,0.102813720703125
ns_elephant_780,resnet50_tl_20250829,8,4,36,112,40.0,116.0,147.64105224609375,147.52203369140625,0.1190185546875
ns_elephant_780,resnet50_tl_20250829,8,4,36,116,40.0,120.0,147.64105224609375,147.44692993164062,0.194122314453125
ns_elephant_780,resnet50_tl_20250829,8,4,36,120,40.0,124.0,147.64105224609375,147.4544219970703,0.1866302490234375
ns_elephant_780,resnet50_tl_20250829,8,4,36,124,40.0,128.0,147.64105224609375,147.46214294433594,0.1789093017578125
ns_elephant_780,resnet50_tl_20250829,8,4,36,128,40.0,132.0,147.64105224609375,147.47373962402344,0.1673126220703125
ns_elephant_780,resnet50_tl_20250829,8,4,36,132,40.0,136.0,147.64105224609375,147.4635772705078,0.1774749755859375
ns_elephant_780,resnet50_tl_20250829,8,4,36,136,40.0,140.0,147.64105224609375,147.4901885986328,0.1508636474609375
ns_elephant_780,resnet50_tl_20250829,8,4,36,140,40.0,144.0,147.64105224609375,147.50531005859375,0.1357421875
ns_elephant_780,resnet50_tl_20250829,8,4,36,144,40.0,148.0,147.64105224609375,147.439453125,0.20159912109375
ns_elephant_780,resnet50_tl_20250829,8,4,36,148,40.0,152.0,147.64105224609375,147.39508056640625,0.2459716796875
ns_elephant_780,resnet50_tl_20250829,8,4,36,152,40.0,156.0,147.64105224609375,147.4242706298828,0.2167816162109375
ns_elephant_780,resnet50_tl_20250829,8,4,36,156,40.0,160.0,147.64105224609375,147.45892333984375,0.18212890625
ns_elephant_780,resnet50_tl_20250829,8,4,36,160,40.0,164.0,147.64105224609375,147.461181640625,0.17987060546875
ns_elephant_780,resnet50_tl_20250829,8,4,36,164,40.0,168.0,147.64105224609375,147.38946533203125,0.2515869140625
ns_elephant_780,resnet50_tl_20250829,8,4,36,168,40.0,172.0,147.64105224609375,147.48434448242188,0.156707763671875
ns_elephant_780,resnet50_tl_20250829,8,4,36,172,40.0,176.0,147.64105224609375,147.51686096191406,0.1241912841796875
ns_elephant_780,resnet50_tl_20250829,8,4,36,176,40.0,180.0,147.64105224609375,147.50228881835938,0.138763427734375
ns_elephant_780,resnet50_tl_20250829,8,4,36,180,40.0,184.0,147.64105224609375,147.5099334716797,0.1311187744140625
ns_elephant_780,resnet50_tl_20250829,8,4,36,184,40.0,188.0,147.64105224609375,147.50601196289062,0.135040283203125
ns_elephant_780,resnet50_tl_20250829,8,4,36,188,40.0,192.0,147.64105224609375,147.49319458007812,0.147857666015625
ns_elephant_780,resnet50_tl_20250829,8,4,36,192,40.0,196.0,147.64105224609375,147.6328582763672,0.0081939697265625
ns_elephant_780,resnet50_tl_20250829,8,4,36,196,40.0,200.0,147.64105224609375,147.61248779296875,0.028564453125
ns_elephant_780,resnet50_tl_20250829,8,4,36,200,40.0,204.0,147.64105224609375,147.5031280517578,0.1379241943359375
ns_elephant_780,resnet50_tl_20250829,8,4,36,204,40.0,208.0,147.64105224609375,147.6207275390625,0.02032470703125
ns_elephant_780,resnet50_tl_20250829,8,4,36,208,40.0,212.0,147.64105224609375,147.59437561035156,0.0466766357421875
ns_elephant_780,resnet50_tl_20250829,8,4,36,212,40.0,216.0,147.64105224609375,147.62841796875,0.01263427734375
ns_elephant_780,resnet50_tl_20250829,8,4,36,216,40.0,220.0,147.64105224609375,147.61546325683594,0.0255889892578125
ns_elephant_780,resnet50_tl_20250829,8,4,40,0,44.0,4.0,147.64105224609375,147.531494140625,0.10955810546875
ns_elephant_780,resnet50_tl_20250829,8,4,40,4,44.0,8.0,147.64105224609375,147.62606811523438,0.014984130859375
ns_elephant_780,resnet50_tl_20250829,8,4,40,8,44.0,12.0,147.64105224609375,147.5650634765625,0.07598876953125
ns_elephant_780,resnet50_tl_20250829,8,4,40,12,44.0,16.0,147.64105224609375,147.43675231933594,0.2042999267578125
ns_elephant_780,resnet50_tl_20250829,8,4,40,16,44.0,20.0,147.64105224609375,147.39041137695312,0.250640869140625
ns_elephant_780,resnet50_tl_20250829,8,4,40,20,44.0,24.0,147.64105224609375,147.42636108398438,0.214691162109375
ns_elephant_780,resnet50_tl_20250829,8,4,40,24,44.0,28.0,147.64105224609375,147.41444396972656,0.2266082763671875
ns_elephant_780,resnet50_tl_20250829,8,4,40,28,44.0,32.0,147.64105224609375,147.358642578125,0.28240966796875
ns_elephant_780,resnet50_tl_20250829,8,4,40,32,44.0,36.0,147.64105224609375,147.35035705566406,0.2906951904296875
ns_elephant_780,resnet50_tl_20250829,8,4,40,36,44.0,40.0,147.64105224609375,147.29762268066406,0.3434295654296875
ns_elephant_780,resnet50_tl_20250829,8,4,40,40,44.0,44.0,147.64105224609375,147.44090270996094,0.2001495361328125
ns_elephant_780,resnet50_tl_20250829,8,4,40,44,44.0,48.0,147.64105224609375,147.3865509033203,0.2545013427734375
ns_elephant_780,resnet50_tl_20250829,8,4,40,48,44.0,52.0,147.64105224609375,147.36651611328125,0.2745361328125
ns_elephant_780,resnet50_tl_20250829,8,4,40,52,44.0,56.0,147.64105224609375,147.38668823242188,0.254364013671875
ns_elephant_780,resnet50_tl_20250829,8,4,40,56,44.0,60.0,147.64105224609375,147.42550659179688,0.215545654296875
ns_elephant_780,resnet50_tl_20250829,8,4,40,60,44.0,64.0,147.64105224609375,147.49900817871094,0.1420440673828125
ns_elephant_780,resnet50_tl_20250829,8,4,40,64,44.0,68.0,147.64105224609375,147.51368713378906,0.1273651123046875
ns_elephant_780,resnet50_tl_20250829,8,4,40,68,44.0,72.0,147.64105224609375,147.450927734375,0.19012451171875
ns_elephant_780,resnet50_tl_20250829,8,4,40,72,44.0,76.0,147.64105224609375,147.48643493652344,0.1546173095703125
ns_elephant_780,resnet50_tl_20250829,8,4,40,76,44.0,80.0,147.64105224609375,147.53761291503906,0.1034393310546875
ns_elephant_780,resnet50_tl_20250829,8,4,40,80,44.0,84.0,147.64105224609375,147.5521697998047,0.0888824462890625
ns_elephant_780,resnet50_tl_20250829,8,4,40,84,44.0,88.0,147.64105224609375,147.47503662109375,0.166015625
ns_elephant_780,resnet50_tl_20250829,8,4,40,88,44.0,92.0,147.64105224609375,147.51780700683594,0.1232452392578125
ns_elephant_780,resnet50_tl_20250829,8,4,40,92,44.0,96.0,147.64105224609375,147.5253448486328,0.1157073974609375
ns_elephant_780,resnet50_tl_20250829,8,4,40,96,44.0,100.0,147.64105224609375,147.547607421875,0.09344482421875
ns_elephant_780,resnet50_tl_20250829,8,4,40,100,44.0,104.0,147.64105224609375,147.5078582763672,0.1331939697265625
ns_elephant_780,resnet50_tl_20250829,8,4,40,104,44.0,108.0,147.64105224609375,147.53372192382812,0.107330322265625
ns_elephant_780,resnet50_tl_20250829,8,4,40,108,44.0,112.0,147.64105224609375,147.4947967529297,0.1462554931640625
ns_elephant_780,resnet50_tl_20250829,8,4,40,112,44.0,116.0,147.64105224609375,147.5459747314453,0.0950775146484375
ns_elephant_780,resnet50_tl_20250829,8,4,40,116,44.0,120.0,147.64105224609375,147.46974182128906,0.1713104248046875
ns_elephant_780,resnet50_tl_20250829,8,4,40,120,44.0,124.0,147.64105224609375,147.49481201171875,0.146240234375
ns_elephant_780,resnet50_tl_20250829,8,4,40,124,44.0,128.0,147.64105224609375,147.494384765625,0.14666748046875
ns_elephant_780,resnet50_tl_20250829,8,4,40,128,44.0,132.0,147.64105224609375,147.505126953125,0.13592529296875
ns_elephant_780,resnet50_tl_20250829,8,4,40,132,44.0,136.0,147.64105224609375,147.44920349121094,0.1918487548828125
ns_elephant_780,resnet50_tl_20250829,8,4,40,136,44.0,140.0,147.64105224609375,147.4522705078125,0.18878173828125
ns_elephant_780,resnet50_tl_20250829,8,4,40,140,44.0,144.0,147.64105224609375,147.47767639160156,0.1633758544921875
ns_elephant_780,resnet50_tl_20250829,8,4,40,144,44.0,148.0,147.64105224609375,147.51254272460938,0.128509521484375
ns_elephant_780,resnet50_tl_20250829,8,4,40,148,44.0,152.0,147.64105224609375,147.43246459960938,0.208587646484375
ns_elephant_780,resnet50_tl_20250829,8,4,40,152,44.0,156.0,147.64105224609375,147.44961547851562,0.191436767578125
ns_elephant_780,resnet50_tl_20250829,8,4,40,156,44.0,160.0,147.64105224609375,147.52188110351562,0.119171142578125
ns_elephant_780,resnet50_tl_20250829,8,4,40,160,44.0,164.0,147.64105224609375,147.54710388183594,0.0939483642578125
ns_elephant_780,resnet50_tl_20250829,8,4,40,164,44.0,168.0,147.64105224609375,147.4654083251953,0.1756439208984375
ns_elephant_780,resnet50_tl_20250829,8,4,40,168,44.0,172.0,147.64105224609375,147.4828338623047,0.1582183837890625
ns_elephant_780,resnet50_tl_20250829,8,4,40,172,44.0,176.0,147.64105224609375,147.4967041015625,0.14434814453125
ns_elephant_780,resnet50_tl_20250829,8,4,40,176,44.0,180.0,147.64105224609375,147.46987915039062,0.171173095703125
ns_elephant_780,resnet50_tl_20250829,8,4,40,180,44.0,184.0,147.64105224609375,147.44097900390625,0.2000732421875
ns_elephant_780,resnet50_tl_20250829,8,4,40,184,44.0,188.0,147.64105224609375,147.5030517578125,0.13800048828125
ns_elephant_780,resnet50_tl_20250829,8,4,40,188,44.0,192.0,147.64105224609375,147.5473175048828,0.0937347412109375
ns_elephant_780,resnet50_tl_20250829,8,4,40,192,44.0,196.0,147.64105224609375,147.61851501464844,0.0225372314453125
ns_elephant_780,resnet50_tl_20250829,8,4,40,196,44.0,200.0,147.64105224609375,147.58328247070312,0.057769775390625
ns_elephant_780,resnet50_tl_20250829,8,4,40,200,44.0,204.0,147.64105224609375,147.56878662109375,0.072265625
ns_elephant_780,resnet50_tl_20250829,8,4,40,204,44.0,208.0,147.64105224609375,147.5953369140625,0.04571533203125
ns_elephant_780,resnet50_tl_20250829,8,4,40,208,44.0,212.0,147.64105224609375,147.57489013671875,0.066162109375
ns_elephant_780,resnet50_tl_20250829,8,4,40,212,44.0,216.0,147.64105224609375,147.57923889160156,0.0618133544921875
ns_elephant_780,resnet50_tl_20250829,8,4,40,216,44.0,220.0,147.64105224609375,147.59889221191406,0.0421600341796875
ns_elephant_780,resnet50_tl_20250829,8,4,44,0,48.0,4.0,147.64105224609375,147.38682556152344,0.2542266845703125
ns_elephant_780,resnet50_tl_20250829,8,4,44,4,48.0,8.0,147.64105224609375,147.50271606445312,0.138336181640625
ns_elephant_780,resnet50_tl_20250829,8,4,44,8,48.0,12.0,147.64105224609375,147.5081024169922,0.1329498291015625
ns_elephant_780,resnet50_tl_20250829,8,4,44,12,48.0,16.0,147.64105224609375,147.37281799316406,0.2682342529296875
ns_elephant_780,resnet50_tl_20250829,8,4,44,16,48.0,20.0,147.64105224609375,147.31321716308594,0.3278350830078125
ns_elephant_780,resnet50_tl_20250829,8,4,44,20,48.0,24.0,147.64105224609375,147.43353271484375,0.20751953125
ns_elephant_780,resnet50_tl_20250829,8,4,44,24,48.0,28.0,147.64105224609375,147.4501190185547,0.1909332275390625
ns_elephant_780,resnet50_tl_20250829,8,4,44,28,48.0,32.0,147.64105224609375,147.45774841308594,0.1833038330078125
ns_elephant_780,resnet50_tl_20250829,8,4,44,32,48.0,36.0,147.64105224609375,147.48141479492188,0.159637451171875
ns_elephant_780,resnet50_tl_20250829,8,4,44,36,48.0,40.0,147.64105224609375,147.3498077392578,0.2912445068359375
ns_elephant_780,resnet50_tl_20250829,8,4,44,40,48.0,44.0,147.64105224609375,147.33050537109375,0.310546875
ns_elephant_780,resnet50_tl_20250829,8,4,44,44,48.0,48.0,147.64105224609375,147.37176513671875,0.269287109375
ns_elephant_780,resnet50_tl_20250829,8,4,44,48,48.0,52.0,147.64105224609375,147.34300231933594,0.2980499267578125
ns_elephant_780,resnet50_tl_20250829,8,4,44,52,48.0,56.0,147.64105224609375,147.3614501953125,0.27960205078125
ns_elephant_780,resnet50_tl_20250829,8,4,44,56,48.0,60.0,147.64105224609375,147.3158416748047,0.3252105712890625
ns_elephant_780,resnet50_tl_20250829,8,4,44,60,48.0,64.0,147.64105224609375,147.38780212402344,0.2532501220703125
ns_elephant_780,resnet50_tl_20250829,8,4,44,64,48.0,68.0,147.64105224609375,147.37005615234375,0.27099609375
ns_elephant_780,resnet50_tl_20250829,8,4,44,68,48.0,72.0,147.64105224609375,147.42042541503906,0.2206268310546875
ns_elephant_780,resnet50_tl_20250829,8,4,44,72,48.0,76.0,147.64105224609375,147.44873046875,0.19232177734375
ns_elephant_780,resnet50_tl_20250829,8,4,44,76,48.0,80.0,147.64105224609375,147.49021911621094,0.1508331298828125
ns_elephant_780,resnet50_tl_20250829,8,4,44,80,48.0,84.0,147.64105224609375,147.4653778076172,0.1756744384765625
ns_elephant_780,resnet50_tl_20250829,8,4,44,84,48.0,88.0,147.64105224609375,147.5214080810547,0.1196441650390625
ns_elephant_780,resnet50_tl_20250829,8,4,44,88,48.0,92.0,147.64105224609375,147.4813232421875,0.15972900390625
ns_elephant_780,resnet50_tl_20250829,8,4,44,92,48.0,96.0,147.64105224609375,147.47406005859375,0.1669921875
ns_elephant_780,resnet50_tl_20250829,8,4,44,96,48.0,100.0,147.64105224609375,147.47230529785156,0.1687469482421875
ns_elephant_780,resnet50_tl_20250829,8,4,44,100,48.0,104.0,147.64105224609375,147.5179443359375,0.12310791015625
ns_elephant_780,resnet50_tl_20250829,8,4,44,104,48.0,108.0,147.64105224609375,147.4948272705078,0.1462249755859375
ns_elephant_780,resnet50_tl_20250829,8,4,44,108,48.0,112.0,147.64105224609375,147.4818878173828,0.1591644287109375
ns_elephant_780,resnet50_tl_20250829,8,4,44,112,48.0,116.0,147.64105224609375,147.49624633789062,0.144805908203125
ns_elephant_780,resnet50_tl_20250829,8,4,44,116,48.0,120.0,147.64105224609375,147.5509490966797,0.0901031494140625
ns_elephant_780,resnet50_tl_20250829,8,4,44,120,48.0,124.0,147.64105224609375,147.4915008544922,0.1495513916015625
ns_elephant_780,resnet50_tl_20250829,8,4,44,124,48.0,128.0,147.64105224609375,147.46408081054688,0.176971435546875
ns_elephant_780,resnet50_tl_20250829,8,4,44,128,48.0,132.0,147.64105224609375,147.44981384277344,0.1912384033203125
ns_elephant_780,resnet50_tl_20250829,8,4,44,132,48.0,136.0,147.64105224609375,147.48948669433594,0.1515655517578125
ns_elephant_780,resnet50_tl_20250829,8,4,44,136,48.0,140.0,147.64105224609375,147.45310974121094,0.1879425048828125
ns_elephant_780,resnet50_tl_20250829,8,4,44,140,48.0,144.0,147.64105224609375,147.43896484375,0.20208740234375
ns_elephant_780,resnet50_tl_20250829,8,4,44,144,48.0,148.0,147.64105224609375,147.45932006835938,0.181732177734375
ns_elephant_780,resnet50_tl_20250829,8,4,44,148,48.0,152.0,147.64105224609375,147.533203125,0.10784912109375
ns_elephant_780,resnet50_tl_20250829,8,4,44,152,48.0,156.0,147.64105224609375,147.48020935058594,0.1608428955078125
ns_elephant_780,resnet50_tl_20250829,8,4,44,156,48.0,160.0,147.64105224609375,147.4185333251953,0.2225189208984375
ns_elephant_780,resnet50_tl_20250829,8,4,44,160,48.0,164.0,147.64105224609375,147.42742919921875,0.213623046875
ns_elephant_780,resnet50_tl_20250829,8,4,44,164,48.0,168.0,147.64105224609375,147.51834106445312,0.122711181640625
ns_elephant_780,resnet50_tl_20250829,8,4,44,168,48.0,172.0,147.64105224609375,147.47142028808594,0.1696319580078125
ns_elephant_780,resnet50_tl_20250829,8,4,44,172,48.0,176.0,147.64105224609375,147.44764709472656,0.1934051513671875
ns_elephant_780,resnet50_tl_20250829,8,4,44,176,48.0,180.0,147.64105224609375,147.42440795898438,0.216644287109375
ns_elephant_780,resnet50_tl_20250829,8,4,44,180,48.0,184.0,147.64105224609375,147.450927734375,0.19012451171875
ns_elephant_780,resnet50_tl_20250829,8,4,44,184,48.0,188.0,147.64105224609375,147.4867706298828,0.1542816162109375
ns_elephant_780,resnet50_tl_20250829,8,4,44,188,48.0,192.0,147.64105224609375,147.5382843017578,0.1027679443359375
ns_elephant_780,resnet50_tl_20250829,8,4,44,192,48.0,196.0,147.64105224609375,147.5733642578125,0.06768798828125
ns_elephant_780,resnet50_tl_20250829,8,4,44,196,48.0,200.0,147.64105224609375,147.5681610107422,0.0728912353515625
ns_elephant_780,resnet50_tl_20250829,8,4,44,200,48.0,204.0,147.64105224609375,147.65728759765625,-0.0162353515625
ns_elephant_780,resnet50_tl_20250829,8,4,44,204,48.0,208.0,147.64105224609375,147.67579650878906,-0.0347442626953125
ns_elephant_780,resnet50_tl_20250829,8,4,44,208,48.0,212.0,147.64105224609375,147.5848388671875,0.05621337890625
ns_elephant_780,resnet50_tl_20250829,8,4,44,212,48.0,216.0,147.64105224609375,147.6043243408203,0.0367279052734375
ns_elephant_780,resnet50_tl_20250829,8,4,44,216,48.0,220.0,147.64105224609375,147.5782470703125,0.06280517578125
ns_elephant_780,resnet50_tl_20250829,8,4,48,0,52.0,4.0,147.64105224609375,147.42137145996094,0.2196807861328125
ns_elephant_780,resnet50_tl_20250829,8,4,48,4,52.0,8.0,147.64105224609375,147.443115234375,0.19793701171875
ns_elephant_780,resnet50_tl_20250829,8,4,48,8,52.0,12.0,147.64105224609375,147.52816772460938,0.112884521484375
ns_elephant_780,resnet50_tl_20250829,8,4,48,12,52.0,16.0,147.64105224609375,147.4167022705078,0.2243499755859375
ns_elephant_780,resnet50_tl_20250829,8,4,48,16,52.0,20.0,147.64105224609375,147.3996124267578,0.2414398193359375
ns_elephant_780,resnet50_tl_20250829,8,4,48,20,52.0,24.0,147.64105224609375,147.4334716796875,0.20758056640625
ns_elephant_780,resnet50_tl_20250829,8,4,48,24,52.0,28.0,147.64105224609375,147.50869750976562,0.132354736328125
ns_elephant_780,resnet50_tl_20250829,8,4,48,28,52.0,32.0,147.64105224609375,147.49566650390625,0.1453857421875
ns_elephant_780,resnet50_tl_20250829,8,4,48,32,52.0,36.0,147.64105224609375,147.51210021972656,0.1289520263671875
ns_elephant_780,resnet50_tl_20250829,8,4,48,36,52.0,40.0,147.64105224609375,147.47305297851562,0.167999267578125
ns_elephant_780,resnet50_tl_20250829,8,4,48,40,52.0,44.0,147.64105224609375,147.4322509765625,0.20880126953125
ns_elephant_780,resnet50_tl_20250829,8,4,48,44,52.0,48.0,147.64105224609375,147.46389770507812,0.177154541015625
ns_elephant_780,resnet50_tl_20250829,8,4,48,48,52.0,52.0,147.64105224609375,147.4672393798828,0.1738128662109375
ns_elephant_780,resnet50_tl_20250829,8,4,48,52,52.0,56.0,147.64105224609375,147.40126037597656,0.2397918701171875
ns_elephant_780,resnet50_tl_20250829,8,4,48,56,52.0,60.0,147.64105224609375,147.36837768554688,0.272674560546875
ns_elephant_780,resnet50_tl_20250829,8,4,48,60,52.0,64.0,147.64105224609375,147.39727783203125,0.2437744140625
ns_elephant_780,resnet50_tl_20250829,8,4,48,64,52.0,68.0,147.64105224609375,147.36810302734375,0.27294921875
ns_elephant_780,resnet50_tl_20250829,8,4,48,68,52.0,72.0,147.64105224609375,147.40455627441406,0.2364959716796875
ns_elephant_780,resnet50_tl_20250829,8,4,48,72,52.0,76.0,147.64105224609375,147.4383544921875,0.20269775390625
ns_elephant_780,resnet50_tl_20250829,8,4,48,76,52.0,80.0,147.64105224609375,147.48226928710938,0.158782958984375
ns_elephant_780,resnet50_tl_20250829,8,4,48,80,52.0,84.0,147.64105224609375,147.5098876953125,0.13116455078125
ns_elephant_780,resnet50_tl_20250829,8,4,48,84,52.0,88.0,147.64105224609375,147.54734802246094,0.0937042236328125
ns_elephant_780,resnet50_tl_20250829,8,4,48,88,52.0,92.0,147.64105224609375,147.57513427734375,0.06591796875
ns_elephant_780,resnet50_tl_20250829,8,4,48,92,52.0,96.0,147.64105224609375,147.53163146972656,0.1094207763671875
ns_elephant_780,resnet50_tl_20250829,8,4,48,96,52.0,100.0,147.64105224609375,147.56068420410156,0.0803680419921875
ns_elephant_780,resnet50_tl_20250829,8,4,48,100,52.0,104.0,147.64105224609375,147.57102966308594,0.0700225830078125
ns_elephant_780,resnet50_tl_20250829,8,4,48,104,52.0,108.0,147.64105224609375,147.5716094970703,0.0694427490234375
ns_elephant_780,resnet50_tl_20250829,8,4,48,108,52.0,112.0,147.64105224609375,147.53443908691406,0.1066131591796875
ns_elephant_780,resnet50_tl_20250829,8,4,48,112,52.0,116.0,147.64105224609375,147.56802368164062,0.073028564453125
ns_elephant_780,resnet50_tl_20250829,8,4,48,116,52.0,120.0,147.64105224609375,147.59402465820312,0.047027587890625
ns_elephant_780,resnet50_tl_20250829,8,4,48,120,52.0,124.0,147.64105224609375,147.54409790039062,0.096954345703125
ns_elephant_780,resnet50_tl_20250829,8,4,48,124,52.0,128.0,147.64105224609375,147.48373413085938,0.157318115234375
ns_elephant_780,resnet50_tl_20250829,8,4,48,128,52.0,132.0,147.64105224609375,147.51129150390625,0.1297607421875
ns_elephant_780,resnet50_tl_20250829,8,4,48,132,52.0,136.0,147.64105224609375,147.52430725097656,0.1167449951171875
ns_elephant_780,resnet50_tl_20250829,8,4,48,136,52.0,140.0,147.64105224609375,147.53236389160156,0.1086883544921875
ns_elephant_780,resnet50_tl_20250829,8,4,48,140,52.0,144.0,147.64105224609375,147.4637451171875,0.17730712890625
ns_elephant_780,resnet50_tl_20250829,8,4,48,144,52.0,148.0,147.64105224609375,147.50477600097656,0.1362762451171875
ns_elephant_780,resnet50_tl_20250829,8,4,48,148,52.0,152.0,147.64105224609375,147.5556182861328,0.0854339599609375
ns_elephant_780,resnet50_tl_20250829,8,4,48,152,52.0,156.0,147.64105224609375,147.55418395996094,0.0868682861328125
ns_elephant_780,resnet50_tl_20250829,8,4,48,156,52.0,160.0,147.64105224609375,147.4508819580078,0.1901702880859375
ns_elephant_780,resnet50_tl_20250829,8,4,48,160,52.0,164.0,147.64105224609375,147.4630126953125,0.17803955078125
ns_elephant_780,resnet50_tl_20250829,8,4,48,164,52.0,168.0,147.64105224609375,147.54830932617188,0.092742919921875
ns_elephant_780,resnet50_tl_20250829,8,4,48,168,52.0,172.0,147.64105224609375,147.56336975097656,0.0776824951171875
ns_elephant_780,resnet50_tl_20250829,8,4,48,172,52.0,176.0,147.64105224609375,147.49913024902344,0.1419219970703125
ns_elephant_780,resnet50_tl_20250829,8,4,48,176,52.0,180.0,147.64105224609375,147.51815795898438,0.122894287109375
ns_elephant_780,resnet50_tl_20250829,8,4,48,180,52.0,184.0,147.64105224609375,147.52284240722656,0.1182098388671875
ns_elephant_780,resnet50_tl_20250829,8,4,48,184,52.0,188.0,147.64105224609375,147.55868530273438,0.082366943359375
ns_elephant_780,resnet50_tl_20250829,8,4,48,188,52.0,192.0,147.64105224609375,147.5951385498047,0.0459136962890625
ns_elephant_780,resnet50_tl_20250829,8,4,48,192,52.0,196.0,147.64105224609375,147.56060791015625,0.0804443359375
ns_elephant_780,resnet50_tl_20250829,8,4,48,196,52.0,200.0,147.64105224609375,147.5844268798828,0.0566253662109375
ns_elephant_780,resnet50_tl_20250829,8,4,48,200,52.0,204.0,147.64105224609375,147.62301635742188,0.018035888671875
ns_elephant_780,resnet50_tl_20250829,8,4,48,204,52.0,208.0,147.64105224609375,147.68392944335938,-0.042877197265625
ns_elephant_780,resnet50_tl_20250829,8,4,48,208,52.0,212.0,147.64105224609375,147.58676147460938,0.054290771484375
ns_elephant_780,resnet50_tl_20250829,8,4,48,212,52.0,216.0,147.64105224609375,147.5576934814453,0.0833587646484375
ns_elephant_780,resnet50_tl_20250829,8,4,48,216,52.0,220.0,147.64105224609375,147.5680694580078,0.0729827880859375
ns_elephant_780,resnet50_tl_20250829,8,4,52,0,56.0,4.0,147.64105224609375,147.5946807861328,0.0463714599609375
ns_elephant_780,resnet50_tl_20250829,8,4,52,4,56.0,8.0,147.64105224609375,147.54322814941406,0.0978240966796875
ns_elephant_780,resnet50_tl_20250829,8,4,52,8,56.0,12.0,147.64105224609375,147.54954528808594,0.0915069580078125
ns_elephant_780,resnet50_tl_20250829,8,4,52,12,56.0,16.0,147.64105224609375,147.43629455566406,0.2047576904296875
ns_elephant_780,resnet50_tl_20250829,8,4,52,16,56.0,20.0,147.64105224609375,147.39328002929688,0.247772216796875
ns_elephant_780,resnet50_tl_20250829,8,4,52,20,56.0,24.0,147.64105224609375,147.44155883789062,0.199493408203125
ns_elephant_780,resnet50_tl_20250829,8,4,52,24,56.0,28.0,147.64105224609375,147.5233917236328,0.1176605224609375
ns_elephant_780,resnet50_tl_20250829,8,4,52,28,56.0,32.0,147.64105224609375,147.50315856933594,0.1378936767578125
ns_elephant_780,resnet50_tl_20250829,8,4,52,32,56.0,36.0,147.64105224609375,147.5123748779297,0.1286773681640625
ns_elephant_780,resnet50_tl_20250829,8,4,52,36,56.0,40.0,147.64105224609375,147.53253173828125,0.1085205078125
ns_elephant_780,resnet50_tl_20250829,8,4,52,40,56.0,44.0,147.64105224609375,147.5133819580078,0.1276702880859375
ns_elephant_780,resnet50_tl_20250829,8,4,52,44,56.0,48.0,147.64105224609375,147.53895568847656,0.1020965576171875
ns_elephant_780,resnet50_tl_20250829,8,4,52,48,56.0,52.0,147.64105224609375,147.46011352539062,0.180938720703125
ns_elephant_780,resnet50_tl_20250829,8,4,52,52,56.0,56.0,147.64105224609375,147.3159942626953,0.3250579833984375
ns_elephant_780,resnet50_tl_20250829,8,4,52,56,56.0,60.0,147.64105224609375,147.26072692871094,0.3803253173828125
ns_elephant_780,resnet50_tl_20250829,8,4,52,60,56.0,64.0,147.64105224609375,147.37457275390625,0.2664794921875
ns_elephant_780,resnet50_tl_20250829,8,4,52,64,56.0,68.0,147.64105224609375,147.30374145507812,0.337310791015625
ns_elephant_780,resnet50_tl_20250829,8,4,52,68,56.0,72.0,147.64105224609375,147.3440704345703,0.2969818115234375
ns_elephant_780,resnet50_tl_20250829,8,4,52,72,56.0,76.0,147.64105224609375,147.36810302734375,0.27294921875
ns_elephant_780,resnet50_tl_20250829,8,4,52,76,56.0,80.0,147.64105224609375,147.46897888183594,0.1720733642578125
ns_elephant_780,resnet50_tl_20250829,8,4,52,80,56.0,84.0,147.64105224609375,147.45050048828125,0.1905517578125
ns_elephant_780,resnet50_tl_20250829,8,4,52,84,56.0,88.0,147.64105224609375,147.48345947265625,0.1575927734375
ns_elephant_780,resnet50_tl_20250829,8,4,52,88,56.0,92.0,147.64105224609375,147.54425048828125,0.0968017578125
ns_elephant_780,resnet50_tl_20250829,8,4,52,92,56.0,96.0,147.64105224609375,147.61172485351562,0.029327392578125
ns_elephant_780,resnet50_tl_20250829,8,4,52,96,56.0,100.0,147.64105224609375,147.56192016601562,0.079132080078125
ns_elephant_780,resnet50_tl_20250829,8,4,52,100,56.0,104.0,147.64105224609375,147.5123291015625,0.12872314453125
ns_elephant_780,resnet50_tl_20250829,8,4,52,104,56.0,108.0,147.64105224609375,147.5351104736328,0.1059417724609375
ns_elephant_780,resnet50_tl_20250829,8,4,52,108,56.0,112.0,147.64105224609375,147.57760620117188,0.063446044921875
ns_elephant_780,resnet50_tl_20250829,8,4,52,112,56.0,116.0,147.64105224609375,147.54745483398438,0.093597412109375
ns_elephant_780,resnet50_tl_20250829,8,4,52,116,56.0,120.0,147.64105224609375,147.52708435058594,0.1139678955078125
ns_elephant_780,resnet50_tl_20250829,8,4,52,120,56.0,124.0,147.64105224609375,147.5164794921875,0.12457275390625
ns_elephant_780,resnet50_tl_20250829,8,4,52,124,56.0,128.0,147.64105224609375,147.56036376953125,0.0806884765625
ns_elephant_780,resnet50_tl_20250829,8,4,52,128,56.0,132.0,147.64105224609375,147.5186004638672,0.1224517822265625
ns_elephant_780,resnet50_tl_20250829,8,4,52,132,56.0,136.0,147.64105224609375,147.4830322265625,0.15802001953125
ns_elephant_780,resnet50_tl_20250829,8,4,52,136,56.0,140.0,147.64105224609375,147.51744079589844,0.1236114501953125
ns_elephant_780,resnet50_tl_20250829,8,4,52,140,56.0,144.0,147.64105224609375,147.55859375,0.08245849609375
ns_elephant_780,resnet50_tl_20250829,8,4,52,144,56.0,148.0,147.64105224609375,147.5157928466797,0.1252593994140625
ns_elephant_780,resnet50_tl_20250829,8,4,52,148,56.0,152.0,147.64105224609375,147.48731994628906,0.1537322998046875
ns_elephant_780,resnet50_tl_20250829,8,4,52,152,56.0,156.0,147.64105224609375,147.51840209960938,0.122650146484375
ns_elephant_780,resnet50_tl_20250829,8,4,52,156,56.0,160.0,147.64105224609375,147.5627899169922,0.0782623291015625
ns_elephant_780,resnet50_tl_20250829,8,4,52,160,56.0,164.0,147.64105224609375,147.51593017578125,0.1251220703125
ns_elephant_780,resnet50_tl_20250829,8,4,52,164,56.0,168.0,147.64105224609375,147.4646759033203,0.1763763427734375
ns_elephant_780,resnet50_tl_20250829,8,4,52,168,56.0,172.0,147.64105224609375,147.51206970214844,0.1289825439453125
ns_elephant_780,resnet50_tl_20250829,8,4,52,172,56.0,176.0,147.64105224609375,147.57626342773438,0.064788818359375
ns_elephant_780,resnet50_tl_20250829,8,4,52,176,56.0,180.0,147.64105224609375,147.5252227783203,0.1158294677734375
ns_elephant_780,resnet50_tl_20250829,8,4,52,180,56.0,184.0,147.64105224609375,147.48333740234375,0.15771484375
ns_elephant_780,resnet50_tl_20250829,8,4,52,184,56.0,188.0,147.64105224609375,147.5486602783203,0.0923919677734375
ns_elephant_780,resnet50_tl_20250829,8,4,52,188,56.0,192.0,147.64105224609375,147.56687927246094,0.0741729736328125
ns_elephant_780,resnet50_tl_20250829,8,4,52,192,56.0,196.0,147.64105224609375,147.5347900390625,0.10626220703125
ns_elephant_780,resnet50_tl_20250829,8,4,52,196,56.0,200.0,147.64105224609375,147.51748657226562,0.123565673828125
ns_elephant_780,resnet50_tl_20250829,8,4,52,200,56.0,204.0,147.64105224609375,147.55613708496094,0.0849151611328125
ns_elephant_780,resnet50_tl_20250829,8,4,52,204,56.0,208.0,147.64105224609375,147.67051696777344,-0.0294647216796875
ns_elephant_780,resnet50_tl_20250829,8,4,52,208,56.0,212.0,147.64105224609375,147.68701171875,-0.04595947265625
ns_elephant_780,resnet50_tl_20250829,8,4,52,212,56.0,216.0,147.64105224609375,147.61195373535156,0.0290985107421875
ns_elephant_780,resnet50_tl_20250829,8,4,52,216,56.0,220.0,147.64105224609375,147.56643676757812,0.074615478515625
ns_elephant_780,resnet50_tl_20250829,8,4,56,0,60.0,4.0,147.64105224609375,147.5877685546875,0.05328369140625
ns_elephant_780,resnet50_tl_20250829,8,4,56,4,60.0,8.0,147.64105224609375,147.57838439941406,0.0626678466796875
ns_elephant_780,resnet50_tl_20250829,8,4,56,8,60.0,12.0,147.64105224609375,147.64248657226562,-0.001434326171875
ns_elephant_780,resnet50_tl_20250829,8,4,56,12,60.0,16.0,147.64105224609375,147.5415496826172,0.0995025634765625
ns_elephant_780,resnet50_tl_20250829,8,4,56,16,60.0,20.0,147.64105224609375,147.53392028808594,0.1071319580078125
ns_elephant_780,resnet50_tl_20250829,8,4,56,20,60.0,24.0,147.64105224609375,147.50393676757812,0.137115478515625
ns_elephant_780,resnet50_tl_20250829,8,4,56,24,60.0,28.0,147.64105224609375,147.556640625,0.08441162109375
ns_elephant_780,resnet50_tl_20250829,8,4,56,28,60.0,32.0,147.64105224609375,147.60067749023438,0.040374755859375
ns_elephant_780,resnet50_tl_20250829,8,4,56,32,60.0,36.0,147.64105224609375,147.595703125,0.04534912109375
ns_elephant_780,resnet50_tl_20250829,8,4,56,36,60.0,40.0,147.64105224609375,147.58966064453125,0.0513916015625
ns_elephant_780,resnet50_tl_20250829,8,4,56,40,60.0,44.0,147.64105224609375,147.5712432861328,0.0698089599609375
ns_elephant_780,resnet50_tl_20250829,8,4,56,44,60.0,48.0,147.64105224609375,147.664306640625,-0.02325439453125
ns_elephant_780,resnet50_tl_20250829,8,4,56,48,60.0,52.0,147.64105224609375,147.36573791503906,0.2753143310546875
ns_elephant_780,resnet50_tl_20250829,8,4,56,52,60.0,56.0,147.64105224609375,147.38619995117188,0.254852294921875
ns_elephant_780,resnet50_tl_20250829,8,4,56,56,60.0,60.0,147.64105224609375,147.30503845214844,0.3360137939453125
ns_elephant_780,resnet50_tl_20250829,8,4,56,60,60.0,64.0,147.64105224609375,147.177001953125,0.46405029296875
ns_elephant_780,resnet50_tl_20250829,8,4,56,64,60.0,68.0,147.64105224609375,147.19578552246094,0.4452667236328125
ns_elephant_780,resnet50_tl_20250829,8,4,56,68,60.0,72.0,147.64105224609375,147.376708984375,0.26434326171875
ns_elephant_780,resnet50_tl_20250829,8,4,56,72,60.0,76.0,147.64105224609375,147.33944702148438,0.301605224609375
ns_elephant_780,resnet50_tl_20250829,8,4,56,76,60.0,80.0,147.64105224609375,147.38632202148438,0.254730224609375
ns_elephant_780,resnet50_tl_20250829,8,4,56,80,60.0,84.0,147.64105224609375,147.41493225097656,0.2261199951171875
ns_elephant_780,resnet50_tl_20250829,8,4,56,84,60.0,88.0,147.64105224609375,147.44569396972656,0.1953582763671875
ns_elephant_780,resnet50_tl_20250829,8,4,56,88,60.0,92.0,147.64105224609375,147.55348205566406,0.0875701904296875
ns_elephant_780,resnet50_tl_20250829,8,4,56,92,60.0,96.0,147.64105224609375,147.5918426513672,0.0492095947265625
ns_elephant_780,resnet50_tl_20250829,8,4,56,96,60.0,100.0,147.64105224609375,147.58566284179688,0.055389404296875
ns_elephant_780,resnet50_tl_20250829,8,4,56,100,60.0,104.0,147.64105224609375,147.5117950439453,0.1292572021484375
ns_elephant_780,resnet50_tl_20250829,8,4,56,104,60.0,108.0,147.64105224609375,147.5574188232422,0.0836334228515625
ns_elephant_780,resnet50_tl_20250829,8,4,56,108,60.0,112.0,147.64105224609375,147.5962371826172,0.0448150634765625
ns_elephant_780,resnet50_tl_20250829,8,4,56,112,60.0,116.0,147.64105224609375,147.58245849609375,0.05859375
ns_elephant_780,resnet50_tl_20250829,8,4,56,116,60.0,120.0,147.64105224609375,147.5391082763672,0.1019439697265625
ns_elephant_780,resnet50_tl_20250829,8,4,56,120,60.0,124.0,147.64105224609375,147.551513671875,0.08953857421875
ns_elephant_780,resnet50_tl_20250829,8,4,56,124,60.0,128.0,147.64105224609375,147.5832061767578,0.0578460693359375
ns_elephant_780,resnet50_tl_20250829,8,4,56,128,60.0,132.0,147.64105224609375,147.5736083984375,0.06744384765625
ns_elephant_780,resnet50_tl_20250829,8,4,56,132,60.0,136.0,147.64105224609375,147.51223754882812,0.128814697265625
ns_elephant_780,resnet50_tl_20250829,8,4,56,136,60.0,140.0,147.64105224609375,147.55160522460938,0.089447021484375
ns_elephant_780,resnet50_tl_20250829,8,4,56,140,60.0,144.0,147.64105224609375,147.5855712890625,0.05548095703125
ns_elephant_780,resnet50_tl_20250829,8,4,56,144,60.0,148.0,147.64105224609375,147.5711669921875,0.06988525390625
ns_elephant_780,resnet50_tl_20250829,8,4,56,148,60.0,152.0,147.64105224609375,147.5283966064453,0.1126556396484375
ns_elephant_780,resnet50_tl_20250829,8,4,56,152,60.0,156.0,147.64105224609375,147.52725219726562,0.113800048828125
ns_elephant_780,resnet50_tl_20250829,8,4,56,156,60.0,160.0,147.64105224609375,147.569580078125,0.07147216796875
ns_elephant_780,resnet50_tl_20250829,8,4,56,160,60.0,164.0,147.64105224609375,147.55421447753906,0.0868377685546875
ns_elephant_780,resnet50_tl_20250829,8,4,56,164,60.0,168.0,147.64105224609375,147.4906463623047,0.1504058837890625
ns_elephant_780,resnet50_tl_20250829,8,4,56,168,60.0,172.0,147.64105224609375,147.5061798095703,0.1348724365234375
ns_elephant_780,resnet50_tl_20250829,8,4,56,172,60.0,176.0,147.64105224609375,147.55767822265625,0.0833740234375
ns_elephant_780,resnet50_tl_20250829,8,4,56,176,60.0,180.0,147.64105224609375,147.54428100585938,0.096771240234375
ns_elephant_780,resnet50_tl_20250829,8,4,56,180,60.0,184.0,147.64105224609375,147.4740447998047,0.1670074462890625
ns_elephant_780,resnet50_tl_20250829,8,4,56,184,60.0,188.0,147.64105224609375,147.51959228515625,0.1214599609375
ns_elephant_780,resnet50_tl_20250829,8,4,56,188,60.0,192.0,147.64105224609375,147.56231689453125,0.0787353515625
ns_elephant_780,resnet50_tl_20250829,8,4,56,192,60.0,196.0,147.64105224609375,147.4849395751953,0.1561126708984375
ns_elephant_780,resnet50_tl_20250829,8,4,56,196,60.0,200.0,147.64105224609375,147.45396423339844,0.1870880126953125
ns_elephant_780,resnet50_tl_20250829,8,4,56,200,60.0,204.0,147.64105224609375,147.51773071289062,0.123321533203125
ns_elephant_780,resnet50_tl_20250829,8,4,56,204,60.0,208.0,147.64105224609375,147.64402770996094,-0.0029754638671875
ns_elephant_780,resnet50_tl_20250829,8,4,56,208,60.0,212.0,147.64105224609375,147.6280059814453,0.0130462646484375
ns_elephant_780,resnet50_tl_20250829,8,4,56,212,60.0,216.0,147.64105224609375,147.6273651123047,0.0136871337890625
ns_elephant_780,resnet50_tl_20250829,8,4,56,216,60.0,220.0,147.64105224609375,147.56039428710938,0.080657958984375
ns_elephant_780,resnet50_tl_20250829,8,4,60,0,64.0,4.0,147.64105224609375,147.62216186523438,0.018890380859375
ns_elephant_780,resnet50_tl_20250829,8,4,60,4,64.0,8.0,147.64105224609375,147.6837615966797,-0.0427093505859375
ns_elephant_780,resnet50_tl_20250829,8,4,60,8,64.0,12.0,147.64105224609375,147.70413208007812,-0.063079833984375
ns_elephant_780,resnet50_tl_20250829,8,4,60,12,64.0,16.0,147.64105224609375,147.8777618408203,-0.2367095947265625
ns_elephant_780,resnet50_tl_20250829,8,4,60,16,64.0,20.0,147.64105224609375,147.80746459960938,-0.166412353515625
ns_elephant_780,resnet50_tl_20250829,8,4,60,20,64.0,24.0,147.64105224609375,147.74205017089844,-0.1009979248046875
ns_elephant_780,resnet50_tl_20250829,8,4,60,24,64.0,28.0,147.64105224609375,147.68267822265625,-0.0416259765625
ns_elephant_780,resnet50_tl_20250829,8,4,60,28,64.0,32.0,147.64105224609375,147.68885803222656,-0.0478057861328125
ns_elephant_780,resnet50_tl_20250829,8,4,60,32,64.0,36.0,147.64105224609375,147.80941772460938,-0.168365478515625
ns_elephant_780,resnet50_tl_20250829,8,4,60,36,64.0,40.0,147.64105224609375,147.82284545898438,-0.181793212890625
ns_elephant_780,resnet50_tl_20250829,8,4,60,40,64.0,44.0,147.64105224609375,147.6728973388672,-0.0318450927734375
ns_elephant_780,resnet50_tl_20250829,8,4,60,44,64.0,48.0,147.64105224609375,147.68182373046875,-0.040771484375
ns_elephant_780,resnet50_tl_20250829,8,4,60,48,64.0,52.0,147.64105224609375,147.42697143554688,0.214080810546875
ns_elephant_780,resnet50_tl_20250829,8,4,60,52,64.0,56.0,147.64105224609375,147.42584228515625,0.2152099609375
ns_elephant_780,resnet50_tl_20250829,8,4,60,56,64.0,60.0,147.64105224609375,147.46815490722656,0.1728973388671875
ns_elephant_780,resnet50_tl_20250829,8,4,60,60,64.0,64.0,147.64105224609375,146.94882202148438,0.692230224609375
ns_elephant_780,resnet50_tl_20250829,8,4,60,64,64.0,68.0,147.64105224609375,147.01528930664062,0.625762939453125
ns_elephant_780,resnet50_tl_20250829,8,4,60,68,64.0,72.0,147.64105224609375,147.33900451660156,0.3020477294921875
ns_elephant_780,resnet50_tl_20250829,8,4,60,72,64.0,76.0,147.64105224609375,147.3807373046875,0.26031494140625
ns_elephant_780,resnet50_tl_20250829,8,4,60,76,64.0,80.0,147.64105224609375,147.4575653076172,0.1834869384765625
ns_elephant_780,resnet50_tl_20250829,8,4,60,80,64.0,84.0,147.64105224609375,147.5084991455078,0.1325531005859375
ns_elephant_780,resnet50_tl_20250829,8,4,60,84,64.0,88.0,147.64105224609375,147.5579376220703,0.0831146240234375
ns_elephant_780,resnet50_tl_20250829,8,4,60,88,64.0,92.0,147.64105224609375,147.5803985595703,0.0606536865234375
ns_elephant_780,resnet50_tl_20250829,8,4,60,92,64.0,96.0,147.64105224609375,147.5915985107422,0.0494537353515625
ns_elephant_780,resnet50_tl_20250829,8,4,60,96,64.0,100.0,147.64105224609375,147.5729522705078,0.0680999755859375
ns_elephant_780,resnet50_tl_20250829,8,4,60,100,64.0,104.0,147.64105224609375,147.60342407226562,0.037628173828125
ns_elephant_780,resnet50_tl_20250829,8,4,60,104,64.0,108.0,147.64105224609375,147.59210205078125,0.0489501953125
ns_elephant_780,resnet50_tl_20250829,8,4,60,108,64.0,112.0,147.64105224609375,147.6501922607422,-0.0091400146484375
ns_elephant_780,resnet50_tl_20250829,8,4,60,112,64.0,116.0,147.64105224609375,147.58909606933594,0.0519561767578125
ns_elephant_780,resnet50_tl_20250829,8,4,60,116,64.0,120.0,147.64105224609375,147.64895629882812,-0.007904052734375
ns_elephant_780,resnet50_tl_20250829,8,4,60,120,64.0,124.0,147.64105224609375,147.63650512695312,0.004547119140625
ns_elephant_780,resnet50_tl_20250829,8,4,60,124,64.0,128.0,147.64105224609375,147.72377014160156,-0.0827178955078125
ns_elephant_780,resnet50_tl_20250829,8,4,60,128,64.0,132.0,147.64105224609375,147.6609344482422,-0.0198822021484375
ns_elephant_780,resnet50_tl_20250829,8,4,60,132,64.0,136.0,147.64105224609375,147.6502685546875,-0.00921630859375
ns_elephant_780,resnet50_tl_20250829,8,4,60,136,64.0,140.0,147.64105224609375,147.62576293945312,0.015289306640625
ns_elephant_780,resnet50_tl_20250829,8,4,60,140,64.0,144.0,147.64105224609375,147.6706085205078,-0.0295562744140625
ns_elephant_780,resnet50_tl_20250829,8,4,60,144,64.0,148.0,147.64105224609375,147.61517333984375,0.02587890625
ns_elephant_780,resnet50_tl_20250829,8,4,60,148,64.0,152.0,147.64105224609375,147.64151000976562,-0.000457763671875
ns_elephant_780,resnet50_tl_20250829,8,4,60,152,64.0,156.0,147.64105224609375,147.5760498046875,0.06500244140625
ns_elephant_780,resnet50_tl_20250829,8,4,60,156,64.0,160.0,147.64105224609375,147.6177978515625,0.02325439453125
ns_elephant_780,resnet50_tl_20250829,8,4,60,160,64.0,164.0,147.64105224609375,147.54629516601562,0.094757080078125
ns_elephant_780,resnet50_tl_20250829,8,4,60,164,64.0,168.0,147.64105224609375,147.59524536132812,0.045806884765625
ns_elephant_780,resnet50_tl_20250829,8,4,60,168,64.0,172.0,147.64105224609375,147.5254669189453,0.1155853271484375
ns_elephant_780,resnet50_tl_20250829,8,4,60,172,64.0,176.0,147.64105224609375,147.4744415283203,0.1666107177734375
ns_elephant_780,resnet50_tl_20250829,8,4,60,176,64.0,180.0,147.64105224609375,147.4371337890625,0.20391845703125
ns_elephant_780,resnet50_tl_20250829,8,4,60,180,64.0,184.0,147.64105224609375,147.573974609375,0.06707763671875
ns_elephant_780,resnet50_tl_20250829,8,4,60,184,64.0,188.0,147.64105224609375,147.52908325195312,0.111968994140625
ns_elephant_780,resnet50_tl_20250829,8,4,60,188,64.0,192.0,147.64105224609375,147.49639892578125,0.1446533203125
ns_elephant_780,resnet50_tl_20250829,8,4,60,192,64.0,196.0,147.64105224609375,147.4380645751953,0.2029876708984375
ns_elephant_780,resnet50_tl_20250829,8,4,60,196,64.0,200.0,147.64105224609375,147.46310424804688,0.177947998046875
ns_elephant_780,resnet50_tl_20250829,8,4,60,200,64.0,204.0,147.64105224609375,147.51560974121094,0.1254425048828125
ns_elephant_780,resnet50_tl_20250829,8,4,60,204,64.0,208.0,147.64105224609375,147.57321166992188,0.067840576171875
ns_elephant_780,resnet50_tl_20250829,8,4,60,208,64.0,212.0,147.64105224609375,147.5760040283203,0.0650482177734375
ns_elephant_780,resnet50_tl_20250829,8,4,60,212,64.0,216.0,147.64105224609375,147.59109497070312,0.049957275390625
ns_elephant_780,resnet50_tl_20250829,8,4,60,216,64.0,220.0,147.64105224609375,147.56736755371094,0.0736846923828125
ns_elephant_780,resnet50_tl_20250829,8,4,64,0,68.0,4.0,147.64105224609375,147.6302032470703,0.0108489990234375
ns_elephant_780,resnet50_tl_20250829,8,4,64,4,68.0,8.0,147.64105224609375,147.67550659179688,-0.034454345703125
ns_elephant_780,resnet50_tl_20250829,8,4,64,8,68.0,12.0,147.64105224609375,147.73170471191406,-0.0906524658203125
ns_elephant_780,resnet50_tl_20250829,8,4,64,12,68.0,16.0,147.64105224609375,147.7978973388672,-0.1568450927734375
ns_elephant_780,resnet50_tl_20250829,8,4,64,16,68.0,20.0,147.64105224609375,147.751953125,-0.11090087890625
ns_elephant_780,resnet50_tl_20250829,8,4,64,20,68.0,24.0,147.64105224609375,147.59796142578125,0.0430908203125
ns_elephant_780,resnet50_tl_20250829,8,4,64,24,68.0,28.0,147.64105224609375,147.55108642578125,0.0899658203125
ns_elephant_780,resnet50_tl_20250829,8,4,64,28,68.0,32.0,147.64105224609375,147.5482177734375,0.09283447265625
ns_elephant_780,resnet50_tl_20250829,8,4,64,32,68.0,36.0,147.64105224609375,147.5965576171875,0.04449462890625
ns_elephant_780,resnet50_tl_20250829,8,4,64,36,68.0,40.0,147.64105224609375,147.6687469482422,-0.0276947021484375
ns_elephant_780,resnet50_tl_20250829,8,4,64,40,68.0,44.0,147.64105224609375,147.55108642578125,0.0899658203125
ns_elephant_780,resnet50_tl_20250829,8,4,64,44,68.0,48.0,147.64105224609375,147.4484100341797,0.1926422119140625
ns_elephant_780,resnet50_tl_20250829,8,4,64,48,68.0,52.0,147.64105224609375,147.53465270996094,0.1063995361328125
ns_elephant_780,resnet50_tl_20250829,8,4,64,52,68.0,56.0,147.64105224609375,147.54544067382812,0.095611572265625
ns_elephant_780,resnet50_tl_20250829,8,4,64,56,68.0,60.0,147.64105224609375,147.579833984375,0.06121826171875
ns_elephant_780,resnet50_tl_20250829,8,4,64,60,68.0,64.0,147.64105224609375,147.42611694335938,0.214935302734375
ns_elephant_780,resnet50_tl_20250829,8,4,64,64,68.0,68.0,147.64105224609375,147.16473388671875,0.476318359375
ns_elephant_780,resnet50_tl_20250829,8,4,64,68,68.0,72.0,147.64105224609375,147.18063354492188,0.460418701171875
ns_elephant_780,resnet50_tl_20250829,8,4,64,72,68.0,76.0,147.64105224609375,147.36520385742188,0.275848388671875
ns_elephant_780,resnet50_tl_20250829,8,4,64,76,68.0,80.0,147.64105224609375,147.48863220214844,0.1524200439453125
ns_elephant_780,resnet50_tl_20250829,8,4,64,80,68.0,84.0,147.64105224609375,147.42633056640625,0.2147216796875
ns_elephant_780,resnet50_tl_20250829,8,4,64,84,68.0,88.0,147.64105224609375,147.48619079589844,0.1548614501953125
ns_elephant_780,resnet50_tl_20250829,8,4,64,88,68.0,92.0,147.64105224609375,147.56356811523438,0.077484130859375
ns_elephant_780,resnet50_tl_20250829,8,4,64,92,68.0,96.0,147.64105224609375,147.5535125732422,0.0875396728515625
ns_elephant_780,resnet50_tl_20250829,8,4,64,96,68.0,100.0,147.64105224609375,147.5626220703125,0.07843017578125
ns_elephant_780,resnet50_tl_20250829,8,4,64,100,68.0,104.0,147.64105224609375,147.56739807128906,0.0736541748046875
ns_elephant_780,resnet50_tl_20250829,8,4,64,104,68.0,108.0,147.64105224609375,147.6111602783203,0.0298919677734375
ns_elephant_780,resnet50_tl_20250829,8,4,64,108,68.0,112.0,147.64105224609375,147.63824462890625,0.0028076171875
ns_elephant_780,resnet50_tl_20250829,8,4,64,112,68.0,116.0,147.64105224609375,147.62521362304688,0.015838623046875
ns_elephant_780,resnet50_tl_20250829,8,4,64,116,68.0,120.0,147.64105224609375,147.64349365234375,-0.00244140625
ns_elephant_780,resnet50_tl_20250829,8,4,64,120,68.0,124.0,147.64105224609375,147.65245056152344,-0.0113983154296875
ns_elephant_780,resnet50_tl_20250829,8,4,64,124,68.0,128.0,147.64105224609375,147.72494506835938,-0.083892822265625
ns_elephant_780,resnet50_tl_20250829,8,4,64,128,68.0,132.0,147.64105224609375,147.68701171875,-0.04595947265625
ns_elephant_780,resnet50_tl_20250829,8,4,64,132,68.0,136.0,147.64105224609375,147.642822265625,-0.00177001953125
ns_elephant_780,resnet50_tl_20250829,8,4,64,136,68.0,140.0,147.64105224609375,147.6471405029297,-0.0060882568359375
ns_elephant_780,resnet50_tl_20250829,8,4,64,140,68.0,144.0,147.64105224609375,147.67050170898438,-0.029449462890625
ns_elephant_780,resnet50_tl_20250829,8,4,64,144,68.0,148.0,147.64105224609375,147.64114379882812,-9.1552734375e-05
ns_elephant_780,resnet50_tl_20250829,8,4,64,148,68.0,152.0,147.64105224609375,147.63858032226562,0.002471923828125
ns_elephant_780,resnet50_tl_20250829,8,4,64,152,68.0,156.0,147.64105224609375,147.60238647460938,0.038665771484375
ns_elephant_780,resnet50_tl_20250829,8,4,64,156,68.0,160.0,147.64105224609375,147.60887145996094,0.0321807861328125
ns_elephant_780,resnet50_tl_20250829,8,4,64,160,68.0,164.0,147.64105224609375,147.58436584472656,0.0566864013671875
ns_elephant_780,resnet50_tl_20250829,8,4,64,164,68.0,168.0,147.64105224609375,147.5894317626953,0.0516204833984375
ns_elephant_780,resnet50_tl_20250829,8,4,64,168,68.0,172.0,147.64105224609375,147.57882690429688,0.062225341796875
ns_elephant_780,resnet50_tl_20250829,8,4,64,172,68.0,176.0,147.64105224609375,147.49110412597656,0.1499481201171875
ns_elephant_780,resnet50_tl_20250829,8,4,64,176,68.0,180.0,147.64105224609375,147.4935302734375,0.14752197265625
ns_elephant_780,resnet50_tl_20250829,8,4,64,180,68.0,184.0,147.64105224609375,147.57337951660156,0.0676727294921875
ns_elephant_780,resnet50_tl_20250829,8,4,64,184,68.0,188.0,147.64105224609375,147.56137084960938,0.079681396484375
ns_elephant_780,resnet50_tl_20250829,8,4,64,188,68.0,192.0,147.64105224609375,147.48843383789062,0.152618408203125
ns_elephant_780,resnet50_tl_20250829,8,4,64,192,68.0,196.0,147.64105224609375,147.50448608398438,0.136566162109375
ns_elephant_780,resnet50_tl_20250829,8,4,64,196,68.0,200.0,147.64105224609375,147.4900665283203,0.1509857177734375
ns_elephant_780,resnet50_tl_20250829,8,4,64,200,68.0,204.0,147.64105224609375,147.5200653076172,0.1209869384765625
ns_elephant_780,resnet50_tl_20250829,8,4,64,204,68.0,208.0,147.64105224609375,147.54229736328125,0.0987548828125
ns_elephant_780,resnet50_tl_20250829,8,4,64,208,68.0,212.0,147.64105224609375,147.50669860839844,0.1343536376953125
ns_elephant_780,resnet50_tl_20250829,8,4,64,212,68.0,216.0,147.64105224609375,147.53021240234375,0.11083984375
ns_elephant_780,resnet50_tl_20250829,8,4,64,216,68.0,220.0,147.64105224609375,147.57989501953125,0.0611572265625
ns_elephant_780,resnet50_tl_20250829,8,4,68,0,72.0,4.0,147.64105224609375,147.77716064453125,-0.1361083984375
ns_elephant_780,resnet50_tl_20250829,8,4,68,4,72.0,8.0,147.64105224609375,147.77157592773438,-0.130523681640625
ns_elephant_780,resnet50_tl_20250829,8,4,68,8,72.0,12.0,147.64105224609375,147.7255401611328,-0.0844879150390625
ns_elephant_780,resnet50_tl_20250829,8,4,68,12,72.0,16.0,147.64105224609375,147.62059020996094,0.0204620361328125
ns_elephant_780,resnet50_tl_20250829,8,4,68,16,72.0,20.0,147.64105224609375,147.55593872070312,0.085113525390625
ns_elephant_780,resnet50_tl_20250829,8,4,68,20,72.0,24.0,147.64105224609375,147.5519256591797,0.0891265869140625
ns_elephant_780,resnet50_tl_20250829,8,4,68,24,72.0,28.0,147.64105224609375,147.55267333984375,0.08837890625
ns_elephant_780,resnet50_tl_20250829,8,4,68,28,72.0,32.0,147.64105224609375,147.65481567382812,-0.013763427734375
ns_elephant_780,resnet50_tl_20250829,8,4,68,32,72.0,36.0,147.64105224609375,147.439697265625,0.20135498046875
ns_elephant_780,resnet50_tl_20250829,8,4,68,36,72.0,40.0,147.64105224609375,147.54135131835938,0.099700927734375
ns_elephant_780,resnet50_tl_20250829,8,4,68,40,72.0,44.0,147.64105224609375,147.56231689453125,0.0787353515625
ns_elephant_780,resnet50_tl_20250829,8,4,68,44,72.0,48.0,147.64105224609375,147.65956115722656,-0.0185089111328125
ns_elephant_780,resnet50_tl_20250829,8,4,68,48,72.0,52.0,147.64105224609375,147.63255310058594,0.0084991455078125
ns_elephant_780,resnet50_tl_20250829,8,4,68,52,72.0,56.0,147.64105224609375,147.6947021484375,-0.05364990234375
ns_elephant_780,resnet50_tl_20250829,8,4,68,56,72.0,60.0,147.64105224609375,147.63829040527344,0.0027618408203125
ns_elephant_780,resnet50_tl_20250829,8,4,68,60,72.0,64.0,147.64105224609375,147.82080078125,-0.17974853515625
ns_elephant_780,resnet50_tl_20250829,8,4,68,64,72.0,68.0,147.64105224609375,147.54653930664062,0.094512939453125
ns_elephant_780,resnet50_tl_20250829,8,4,68,68,72.0,72.0,147.64105224609375,147.4608154296875,0.18023681640625
ns_elephant_780,resnet50_tl_20250829,8,4,68,72,72.0,76.0,147.64105224609375,147.36944580078125,0.2716064453125
ns_elephant_780,resnet50_tl_20250829,8,4,68,76,72.0,80.0,147.64105224609375,147.39462280273438,0.246429443359375
ns_elephant_780,resnet50_tl_20250829,8,4,68,80,72.0,84.0,147.64105224609375,147.333251953125,0.30780029296875
ns_elephant_780,resnet50_tl_20250829,8,4,68,84,72.0,88.0,147.64105224609375,147.38320922851562,0.257843017578125
ns_elephant_780,resnet50_tl_20250829,8,4,68,88,72.0,92.0,147.64105224609375,147.53309631347656,0.1079559326171875
ns_elephant_780,resnet50_tl_20250829,8,4,68,92,72.0,96.0,147.64105224609375,147.54861450195312,0.092437744140625
ns_elephant_780,resnet50_tl_20250829,8,4,68,96,72.0,100.0,147.64105224609375,147.5239715576172,0.1170806884765625
ns_elephant_780,resnet50_tl_20250829,8,4,68,100,72.0,104.0,147.64105224609375,147.51031494140625,0.1307373046875
ns_elephant_780,resnet50_tl_20250829,8,4,68,104,72.0,108.0,147.64105224609375,147.568603515625,0.07244873046875
ns_elephant_780,resnet50_tl_20250829,8,4,68,108,72.0,112.0,147.64105224609375,147.64454650878906,-0.0034942626953125
ns_elephant_780,resnet50_tl_20250829,8,4,68,112,72.0,116.0,147.64105224609375,147.60475158691406,0.0363006591796875
ns_elephant_780,resnet50_tl_20250829,8,4,68,116,72.0,120.0,147.64105224609375,147.60040283203125,0.0406494140625
ns_elephant_780,resnet50_tl_20250829,8,4,68,120,72.0,124.0,147.64105224609375,147.65206909179688,-0.011016845703125
ns_elephant_780,resnet50_tl_20250829,8,4,68,124,72.0,128.0,147.64105224609375,147.74143981933594,-0.1003875732421875
ns_elephant_780,resnet50_tl_20250829,8,4,68,128,72.0,132.0,147.64105224609375,147.68235778808594,-0.0413055419921875
ns_elephant_780,resnet50_tl_20250829,8,4,68,132,72.0,136.0,147.64105224609375,147.63613891601562,0.004913330078125
ns_elephant_780,resnet50_tl_20250829,8,4,68,136,72.0,140.0,147.64105224609375,147.66705322265625,-0.0260009765625
ns_elephant_780,resnet50_tl_20250829,8,4,68,140,72.0,144.0,147.64105224609375,147.69537353515625,-0.0543212890625
ns_elephant_780,resnet50_tl_20250829,8,4,68,144,72.0,148.0,147.64105224609375,147.63917541503906,0.0018768310546875
ns_elephant_780,resnet50_tl_20250829,8,4,68,148,72.0,152.0,147.64105224609375,147.60658264160156,0.0344696044921875
ns_elephant_780,resnet50_tl_20250829,8,4,68,152,72.0,156.0,147.64105224609375,147.59744262695312,0.043609619140625
ns_elephant_780,resnet50_tl_20250829,8,4,68,156,72.0,160.0,147.64105224609375,147.62930297851562,0.011749267578125
ns_elephant_780,resnet50_tl_20250829,8,4,68,160,72.0,164.0,147.64105224609375,147.5749969482422,0.0660552978515625
ns_elephant_780,resnet50_tl_20250829,8,4,68,164,72.0,168.0,147.64105224609375,147.51931762695312,0.121734619140625
ns_elephant_780,resnet50_tl_20250829,8,4,68,168,72.0,172.0,147.64105224609375,147.56227111816406,0.0787811279296875
ns_elephant_780,resnet50_tl_20250829,8,4,68,172,72.0,176.0,147.64105224609375,147.57037353515625,0.0706787109375
ns_elephant_780,resnet50_tl_20250829,8,4,68,176,72.0,180.0,147.64105224609375,147.5212860107422,0.1197662353515625
ns_elephant_780,resnet50_tl_20250829,8,4,68,180,72.0,184.0,147.64105224609375,147.46157836914062,0.179473876953125
ns_elephant_780,resnet50_tl_20250829,8,4,68,184,72.0,188.0,147.64105224609375,147.4773406982422,0.1637115478515625
ns_elephant_780,resnet50_tl_20250829,8,4,68,188,72.0,192.0,147.64105224609375,147.50543212890625,0.1356201171875
ns_elephant_780,resnet50_tl_20250829,8,4,68,192,72.0,196.0,147.64105224609375,147.4580841064453,0.1829681396484375
ns_elephant_780,resnet50_tl_20250829,8,4,68,196,72.0,200.0,147.64105224609375,147.4297332763672,0.2113189697265625
ns_elephant_780,resnet50_tl_20250829,8,4,68,200,72.0,204.0,147.64105224609375,147.43310546875,0.20794677734375
ns_elephant_780,resnet50_tl_20250829,8,4,68,204,72.0,208.0,147.64105224609375,147.50607299804688,0.134979248046875
ns_elephant_780,resnet50_tl_20250829,8,4,68,208,72.0,212.0,147.64105224609375,147.48648071289062,0.154571533203125
ns_elephant_780,resnet50_tl_20250829,8,4,68,212,72.0,216.0,147.64105224609375,147.53958129882812,0.101470947265625
ns_elephant_780,resnet50_tl_20250829,8,4,68,216,72.0,220.0,147.64105224609375,147.608154296875,0.03289794921875
ns_elephant_780,resnet50_tl_20250829,8,4,72,0,76.0,4.0,147.64105224609375,147.60984802246094,0.0312042236328125
ns_elephant_780,resnet50_tl_20250829,8,4,72,4,76.0,8.0,147.64105224609375,147.64418029785156,-0.0031280517578125
ns_elephant_780,resnet50_tl_20250829,8,4,72,8,76.0,12.0,147.64105224609375,147.67149353027344,-0.0304412841796875
ns_elephant_780,resnet50_tl_20250829,8,4,72,12,76.0,16.0,147.64105224609375,147.52413940429688,0.116912841796875
ns_elephant_780,resnet50_tl_20250829,8,4,72,16,76.0,20.0,147.64105224609375,147.45272827148438,0.188323974609375
ns_elephant_780,resnet50_tl_20250829,8,4,72,20,76.0,24.0,147.64105224609375,147.46397399902344,0.1770782470703125
ns_elephant_780,resnet50_tl_20250829,8,4,72,24,76.0,28.0,147.64105224609375,147.50289916992188,0.138153076171875
ns_elephant_780,resnet50_tl_20250829,8,4,72,28,76.0,32.0,147.64105224609375,147.45033264160156,0.1907196044921875
ns_elephant_780,resnet50_tl_20250829,8,4,72,32,76.0,36.0,147.64105224609375,147.3584747314453,0.2825775146484375
ns_elephant_780,resnet50_tl_20250829,8,4,72,36,76.0,40.0,147.64105224609375,147.37022399902344,0.2708282470703125
ns_elephant_780,resnet50_tl_20250829,8,4,72,40,76.0,44.0,147.64105224609375,147.4549560546875,0.18609619140625
ns_elephant_780,resnet50_tl_20250829,8,4,72,44,76.0,48.0,147.64105224609375,147.3951873779297,0.2458648681640625
ns_elephant_780,resnet50_tl_20250829,8,4,72,48,76.0,52.0,147.64105224609375,147.50363159179688,0.137420654296875
ns_elephant_780,resnet50_tl_20250829,8,4,72,52,76.0,56.0,147.64105224609375,147.51548767089844,0.1255645751953125
ns_elephant_780,resnet50_tl_20250829,8,4,72,56,76.0,60.0,147.64105224609375,147.6922149658203,-0.0511627197265625
ns_elephant_780,resnet50_tl_20250829,8,4,72,60,76.0,64.0,147.64105224609375,147.62484741210938,0.016204833984375
ns_elephant_780,resnet50_tl_20250829,8,4,72,64,76.0,68.0,147.64105224609375,147.49427795410156,0.1467742919921875
ns_elephant_780,resnet50_tl_20250829,8,4,72,68,76.0,72.0,147.64105224609375,147.5145721435547,0.1264801025390625
ns_elephant_780,resnet50_tl_20250829,8,4,72,72,76.0,76.0,147.64105224609375,147.5048828125,0.13616943359375
ns_elephant_780,resnet50_tl_20250829,8,4,72,76,76.0,80.0,147.64105224609375,147.44662475585938,0.194427490234375
ns_elephant_780,resnet50_tl_20250829,8,4,72,80,76.0,84.0,147.64105224609375,147.3930206298828,0.2480316162109375
ns_elephant_780,resnet50_tl_20250829,8,4,72,84,76.0,88.0,147.64105224609375,147.5304718017578,0.1105804443359375
ns_elephant_780,resnet50_tl_20250829,8,4,72,88,76.0,92.0,147.64105224609375,147.44192504882812,0.199127197265625
ns_elephant_780,resnet50_tl_20250829,8,4,72,92,76.0,96.0,147.64105224609375,147.5070037841797,0.1340484619140625
ns_elephant_780,resnet50_tl_20250829,8,4,72,96,76.0,100.0,147.64105224609375,147.45840454101562,0.182647705078125
ns_elephant_780,resnet50_tl_20250829,8,4,72,100,76.0,104.0,147.64105224609375,147.46682739257812,0.174224853515625
ns_elephant_780,resnet50_tl_20250829,8,4,72,104,76.0,108.0,147.64105224609375,147.4900360107422,0.1510162353515625
ns_elephant_780,resnet50_tl_20250829,8,4,72,108,76.0,112.0,147.64105224609375,147.5745086669922,0.0665435791015625
ns_elephant_780,resnet50_tl_20250829,8,4,72,112,76.0,116.0,147.64105224609375,147.5814208984375,0.05963134765625
ns_elephant_780,resnet50_tl_20250829,8,4,72,116,76.0,120.0,147.64105224609375,147.58726501464844,0.0537872314453125
ns_elephant_780,resnet50_tl_20250829,8,4,72,120,76.0,124.0,147.64105224609375,147.57296752929688,0.068084716796875
ns_elephant_780,resnet50_tl_20250829,8,4,72,124,76.0,128.0,147.64105224609375,147.65077209472656,-0.0097198486328125
ns_elephant_780,resnet50_tl_20250829,8,4,72,128,76.0,132.0,147.64105224609375,147.60780334472656,0.0332489013671875
ns_elephant_780,resnet50_tl_20250829,8,4,72,132,76.0,136.0,147.64105224609375,147.61045837402344,0.0305938720703125
ns_elephant_780,resnet50_tl_20250829,8,4,72,136,76.0,140.0,147.64105224609375,147.56971740722656,0.0713348388671875
ns_elephant_780,resnet50_tl_20250829,8,4,72,140,76.0,144.0,147.64105224609375,147.5994110107422,0.0416412353515625
ns_elephant_780,resnet50_tl_20250829,8,4,72,144,76.0,148.0,147.64105224609375,147.58961486816406,0.0514373779296875
ns_elephant_780,resnet50_tl_20250829,8,4,72,148,76.0,152.0,147.64105224609375,147.5814666748047,0.0595855712890625
ns_elephant_780,resnet50_tl_20250829,8,4,72,152,76.0,156.0,147.64105224609375,147.53485107421875,0.106201171875
ns_elephant_780,resnet50_tl_20250829,8,4,72,156,76.0,160.0,147.64105224609375,147.57228088378906,0.0687713623046875
ns_elephant_780,resnet50_tl_20250829,8,4,72,160,76.0,164.0,147.64105224609375,147.5585174560547,0.0825347900390625
ns_elephant_780,resnet50_tl_20250829,8,4,72,164,76.0,168.0,147.64105224609375,147.52691650390625,0.1141357421875
ns_elephant_780,resnet50_tl_20250829,8,4,72,168,76.0,172.0,147.64105224609375,147.51519775390625,0.1258544921875
ns_elephant_780,resnet50_tl_20250829,8,4,72,172,76.0,176.0,147.64105224609375,147.54612731933594,0.0949249267578125
ns_elephant_780,resnet50_tl_20250829,8,4,72,176,76.0,180.0,147.64105224609375,147.5365447998047,0.1045074462890625
ns_elephant_780,resnet50_tl_20250829,8,4,72,180,76.0,184.0,147.64105224609375,147.47000122070312,0.171051025390625
ns_elephant_780,resnet50_tl_20250829,8,4,72,184,76.0,188.0,147.64105224609375,147.485107421875,0.15594482421875
ns_elephant_780,resnet50_tl_20250829,8,4,72,188,76.0,192.0,147.64105224609375,147.52001953125,0.12103271484375
ns_elephant_780,resnet50_tl_20250829,8,4,72,192,76.0,196.0,147.64105224609375,147.53419494628906,0.1068572998046875
ns_elephant_780,resnet50_tl_20250829,8,4,72,196,76.0,200.0,147.64105224609375,147.46360778808594,0.1774444580078125
ns_elephant_780,resnet50_tl_20250829,8,4,72,200,76.0,204.0,147.64105224609375,147.43841552734375,0.20263671875
ns_elephant_780,resnet50_tl_20250829,8,4,72,204,76.0,208.0,147.64105224609375,147.5032196044922,0.1378326416015625
ns_elephant_780,resnet50_tl_20250829,8,4,72,208,76.0,212.0,147.64105224609375,147.4297637939453,0.2112884521484375
ns_elephant_780,resnet50_tl_20250829,8,4,72,212,76.0,216.0,147.64105224609375,147.47625732421875,0.164794921875
ns_elephant_780,resnet50_tl_20250829,8,4,72,216,76.0,220.0,147.64105224609375,147.65606689453125,-0.0150146484375
ns_elephant_780,resnet50_tl_20250829,8,4,76,0,80.0,4.0,147.64105224609375,147.34605407714844,0.2949981689453125
ns_elephant_780,resnet50_tl_20250829,8,4,76,4,80.0,8.0,147.64105224609375,147.6201934814453,0.0208587646484375
ns_elephant_780,resnet50_tl_20250829,8,4,76,8,80.0,12.0,147.64105224609375,147.65711975097656,-0.0160675048828125
ns_elephant_780,resnet50_tl_20250829,8,4,76,12,80.0,16.0,147.64105224609375,147.7217559814453,-0.0807037353515625
ns_elephant_780,resnet50_tl_20250829,8,4,76,16,80.0,20.0,147.64105224609375,147.5231475830078,0.1179046630859375
ns_elephant_780,resnet50_tl_20250829,8,4,76,20,80.0,24.0,147.64105224609375,147.59686279296875,0.044189453125
ns_elephant_780,resnet50_tl_20250829,8,4,76,24,80.0,28.0,147.64105224609375,147.50997924804688,0.131072998046875
ns_elephant_780,resnet50_tl_20250829,8,4,76,28,80.0,32.0,147.64105224609375,147.55897521972656,0.0820770263671875
ns_elephant_780,resnet50_tl_20250829,8,4,76,32,80.0,36.0,147.64105224609375,147.36935424804688,0.271697998046875
ns_elephant_780,resnet50_tl_20250829,8,4,76,36,80.0,40.0,147.64105224609375,147.51304626464844,0.1280059814453125
ns_elephant_780,resnet50_tl_20250829,8,4,76,40,80.0,44.0,147.64105224609375,147.48199462890625,0.1590576171875
ns_elephant_780,resnet50_tl_20250829,8,4,76,44,80.0,48.0,147.64105224609375,147.48959350585938,0.151458740234375
ns_elephant_780,resnet50_tl_20250829,8,4,76,48,80.0,52.0,147.64105224609375,147.4631805419922,0.1778717041015625
ns_elephant_780,resnet50_tl_20250829,8,4,76,52,80.0,56.0,147.64105224609375,147.57034301757812,0.070709228515625
ns_elephant_780,resnet50_tl_20250829,8,4,76,56,80.0,60.0,147.64105224609375,147.681396484375,-0.04034423828125
ns_elephant_780,resnet50_tl_20250829,8,4,76,60,80.0,64.0,147.64105224609375,147.5802459716797,0.0608062744140625
ns_elephant_780,resnet50_tl_20250829,8,4,76,64,80.0,68.0,147.64105224609375,147.34776306152344,0.2932891845703125
ns_elephant_780,resnet50_tl_20250829,8,4,76,68,80.0,72.0,147.64105224609375,147.52565002441406,0.1154022216796875
ns_elephant_780,resnet50_tl_20250829,8,4,76,72,80.0,76.0,147.64105224609375,147.5567169189453,0.0843353271484375
ns_elephant_780,resnet50_tl_20250829,8,4,76,76,80.0,80.0,147.64105224609375,147.602294921875,0.03875732421875
ns_elephant_780,resnet50_tl_20250829,8,4,76,80,80.0,84.0,147.64105224609375,147.61053466796875,0.030517578125
ns_elephant_780,resnet50_tl_20250829,8,4,76,84,80.0,88.0,147.64105224609375,147.47315979003906,0.1678924560546875
ns_elephant_780,resnet50_tl_20250829,8,4,76,88,80.0,92.0,147.64105224609375,147.4191436767578,0.2219085693359375
ns_elephant_780,resnet50_tl_20250829,8,4,76,92,80.0,96.0,147.64105224609375,147.48208618164062,0.158966064453125
ns_elephant_780,resnet50_tl_20250829,8,4,76,96,80.0,100.0,147.64105224609375,147.43450927734375,0.20654296875
ns_elephant_780,resnet50_tl_20250829,8,4,76,100,80.0,104.0,147.64105224609375,147.48794555664062,0.153106689453125
ns_elephant_780,resnet50_tl_20250829,8,4,76,104,80.0,108.0,147.64105224609375,147.48753356933594,0.1535186767578125
ns_elephant_780,resnet50_tl_20250829,8,4,76,108,80.0,112.0,147.64105224609375,147.62855529785156,0.0124969482421875
ns_elephant_780,resnet50_tl_20250829,8,4,76,112,80.0,116.0,147.64105224609375,147.5728302001953,0.0682220458984375
ns_elephant_780,resnet50_tl_20250829,8,4,76,116,80.0,120.0,147.64105224609375,147.5988311767578,0.0422210693359375
ns_elephant_780,resnet50_tl_20250829,8,4,76,120,80.0,124.0,147.64105224609375,147.55406188964844,0.0869903564453125
ns_elephant_780,resnet50_tl_20250829,8,4,76,124,80.0,128.0,147.64105224609375,147.65988159179688,-0.018829345703125
ns_elephant_780,resnet50_tl_20250829,8,4,76,128,80.0,132.0,147.64105224609375,147.61094665527344,0.0301055908203125
ns_elephant_780,resnet50_tl_20250829,8,4,76,132,80.0,136.0,147.64105224609375,147.60955810546875,0.031494140625
ns_elephant_780,resnet50_tl_20250829,8,4,76,136,80.0,140.0,147.64105224609375,147.56552124023438,0.075531005859375
ns_elephant_780,resnet50_tl_20250829,8,4,76,140,80.0,144.0,147.64105224609375,147.60665893554688,0.034393310546875
ns_elephant_780,resnet50_tl_20250829,8,4,76,144,80.0,148.0,147.64105224609375,147.57421875,0.06683349609375
ns_elephant_780,resnet50_tl_20250829,8,4,76,148,80.0,152.0,147.64105224609375,147.6011962890625,0.03985595703125
ns_elephant_780,resnet50_tl_20250829,8,4,76,152,80.0,156.0,147.64105224609375,147.54978942871094,0.0912628173828125
ns_elephant_780,resnet50_tl_20250829,8,4,76,156,80.0,160.0,147.64105224609375,147.59056091308594,0.0504913330078125
ns_elephant_780,resnet50_tl_20250829,8,4,76,160,80.0,164.0,147.64105224609375,147.55218505859375,0.0888671875
ns_elephant_780,resnet50_tl_20250829,8,4,76,164,80.0,168.0,147.64105224609375,147.58016967773438,0.060882568359375
ns_elephant_780,resnet50_tl_20250829,8,4,76,168,80.0,172.0,147.64105224609375,147.53326416015625,0.1077880859375
ns_elephant_780,resnet50_tl_20250829,8,4,76,172,80.0,176.0,147.64105224609375,147.556396484375,0.08465576171875
ns_elephant_780,resnet50_tl_20250829,8,4,76,176,80.0,180.0,147.64105224609375,147.49826049804688,0.142791748046875
ns_elephant_780,resnet50_tl_20250829,8,4,76,180,80.0,184.0,147.64105224609375,147.57196044921875,0.069091796875
ns_elephant_780,resnet50_tl_20250829,8,4,76,184,80.0,188.0,147.64105224609375,147.52357482910156,0.1174774169921875
ns_elephant_780,resnet50_tl_20250829,8,4,76,188,80.0,192.0,147.64105224609375,147.48385620117188,0.157196044921875
ns_elephant_780,resnet50_tl_20250829,8,4,76,192,80.0,196.0,147.64105224609375,147.46160888671875,0.179443359375
ns_elephant_780,resnet50_tl_20250829,8,4,76,196,80.0,200.0,147.64105224609375,147.47625732421875,0.164794921875
ns_elephant_780,resnet50_tl_20250829,8,4,76,200,80.0,204.0,147.64105224609375,147.4549102783203,0.1861419677734375
ns_elephant_780,resnet50_tl_20250829,8,4,76,204,80.0,208.0,147.64105224609375,147.5161590576172,0.1248931884765625
ns_elephant_780,resnet50_tl_20250829,8,4,76,208,80.0,212.0,147.64105224609375,147.4637908935547,0.1772613525390625
ns_elephant_780,resnet50_tl_20250829,8,4,76,212,80.0,216.0,147.64105224609375,147.48983764648438,0.151214599609375
ns_elephant_780,resnet50_tl_20250829,8,4,76,216,80.0,220.0,147.64105224609375,147.62448120117188,0.016571044921875
ns_elephant_780,resnet50_tl_20250829,8,4,80,0,84.0,4.0,147.64105224609375,147.29730224609375,0.34375
ns_elephant_780,resnet50_tl_20250829,8,4,80,4,84.0,8.0,147.64105224609375,147.49293518066406,0.1481170654296875
ns_elephant_780,resnet50_tl_20250829,8,4,80,8,84.0,12.0,147.64105224609375,147.61277770996094,0.0282745361328125
ns_elephant_780,resnet50_tl_20250829,8,4,80,12,84.0,16.0,147.64105224609375,147.4790496826172,0.1620025634765625
ns_elephant_780,resnet50_tl_20250829,8,4,80,16,84.0,20.0,147.64105224609375,147.48175048828125,0.1593017578125
ns_elephant_780,resnet50_tl_20250829,8,4,80,20,84.0,24.0,147.64105224609375,147.41622924804688,0.224822998046875
ns_elephant_780,resnet50_tl_20250829,8,4,80,24,84.0,28.0,147.64105224609375,147.49850463867188,0.142547607421875
ns_elephant_780,resnet50_tl_20250829,8,4,80,28,84.0,32.0,147.64105224609375,147.33131408691406,0.3097381591796875
ns_elephant_780,resnet50_tl_20250829,8,4,80,32,84.0,36.0,147.64105224609375,147.32504272460938,0.316009521484375
ns_elephant_780,resnet50_tl_20250829,8,4,80,36,84.0,40.0,147.64105224609375,147.34165954589844,0.2993927001953125
ns_elephant_780,resnet50_tl_20250829,8,4,80,40,84.0,44.0,147.64105224609375,147.44149780273438,0.199554443359375
ns_elephant_780,resnet50_tl_20250829,8,4,80,44,84.0,48.0,147.64105224609375,147.32730102539062,0.313751220703125
ns_elephant_780,resnet50_tl_20250829,8,4,80,48,84.0,52.0,147.64105224609375,147.431640625,0.20941162109375
ns_elephant_780,resnet50_tl_20250829,8,4,80,52,84.0,56.0,147.64105224609375,147.38116455078125,0.2598876953125
ns_elephant_780,resnet50_tl_20250829,8,4,80,56,84.0,60.0,147.64105224609375,147.591552734375,0.04949951171875
ns_elephant_780,resnet50_tl_20250829,8,4,80,60,84.0,64.0,147.64105224609375,147.45751953125,0.18353271484375
ns_elephant_780,resnet50_tl_20250829,8,4,80,64,84.0,68.0,147.64105224609375,147.45608520507812,0.184967041015625
ns_elephant_780,resnet50_tl_20250829,8,4,80,68,84.0,72.0,147.64105224609375,147.53773498535156,0.1033172607421875
ns_elephant_780,resnet50_tl_20250829,8,4,80,72,84.0,76.0,147.64105224609375,147.5662384033203,0.0748138427734375
ns_elephant_780,resnet50_tl_20250829,8,4,80,76,84.0,80.0,147.64105224609375,147.69491577148438,-0.053863525390625
ns_elephant_780,resnet50_tl_20250829,8,4,80,80,84.0,84.0,147.64105224609375,147.72401428222656,-0.0829620361328125
ns_elephant_780,resnet50_tl_20250829,8,4,80,84,84.0,88.0,147.64105224609375,147.61495971679688,0.026092529296875
ns_elephant_780,resnet50_tl_20250829,8,4,80,88,84.0,92.0,147.64105224609375,147.44720458984375,0.19384765625
ns_elephant_780,resnet50_tl_20250829,8,4,80,92,84.0,96.0,147.64105224609375,147.37530517578125,0.2657470703125
ns_elephant_780,resnet50_tl_20250829,8,4,80,96,84.0,100.0,147.64105224609375,147.36534118652344,0.2757110595703125
ns_elephant_780,resnet50_tl_20250829,8,4,80,100,84.0,104.0,147.64105224609375,147.41403198242188,0.227020263671875
ns_elephant_780,resnet50_tl_20250829,8,4,80,104,84.0,108.0,147.64105224609375,147.505126953125,0.13592529296875
ns_elephant_780,resnet50_tl_20250829,8,4,80,108,84.0,112.0,147.64105224609375,147.5626220703125,0.07843017578125
ns_elephant_780,resnet50_tl_20250829,8,4,80,112,84.0,116.0,147.64105224609375,147.53155517578125,0.1094970703125
ns_elephant_780,resnet50_tl_20250829,8,4,80,116,84.0,120.0,147.64105224609375,147.54110717773438,0.099945068359375
ns_elephant_780,resnet50_tl_20250829,8,4,80,120,84.0,124.0,147.64105224609375,147.5309600830078,0.1100921630859375
ns_elephant_780,resnet50_tl_20250829,8,4,80,124,84.0,128.0,147.64105224609375,147.59283447265625,0.0482177734375
ns_elephant_780,resnet50_tl_20250829,8,4,80,128,84.0,132.0,147.64105224609375,147.556396484375,0.08465576171875
ns_elephant_780,resnet50_tl_20250829,8,4,80,132,84.0,136.0,147.64105224609375,147.5480194091797,0.0930328369140625
ns_elephant_780,resnet50_tl_20250829,8,4,80,136,84.0,140.0,147.64105224609375,147.551513671875,0.08953857421875
ns_elephant_780,resnet50_tl_20250829,8,4,80,140,84.0,144.0,147.64105224609375,147.5623779296875,0.07867431640625
ns_elephant_780,resnet50_tl_20250829,8,4,80,144,84.0,148.0,147.64105224609375,147.56365966796875,0.077392578125
ns_elephant_780,resnet50_tl_20250829,8,4,80,148,84.0,152.0,147.64105224609375,147.5642547607422,0.0767974853515625
ns_elephant_780,resnet50_tl_20250829,8,4,80,152,84.0,156.0,147.64105224609375,147.56292724609375,0.078125
ns_elephant_780,resnet50_tl_20250829,8,4,80,156,84.0,160.0,147.64105224609375,147.5610809326172,0.0799713134765625
ns_elephant_780,resnet50_tl_20250829,8,4,80,160,84.0,164.0,147.64105224609375,147.56253051757812,0.078521728515625
ns_elephant_780,resnet50_tl_20250829,8,4,80,164,84.0,168.0,147.64105224609375,147.54798889160156,0.0930633544921875
ns_elephant_780,resnet50_tl_20250829,8,4,80,168,84.0,172.0,147.64105224609375,147.53334045410156,0.1077117919921875
ns_elephant_780,resnet50_tl_20250829,8,4,80,172,84.0,176.0,147.64105224609375,147.47476196289062,0.166290283203125
ns_elephant_780,resnet50_tl_20250829,8,4,80,176,84.0,180.0,147.64105224609375,147.50270080566406,0.1383514404296875
ns_elephant_780,resnet50_tl_20250829,8,4,80,180,84.0,184.0,147.64105224609375,147.50942993164062,0.131622314453125
ns_elephant_780,resnet50_tl_20250829,8,4,80,184,84.0,188.0,147.64105224609375,147.5570831298828,0.0839691162109375
ns_elephant_780,resnet50_tl_20250829,8,4,80,188,84.0,192.0,147.64105224609375,147.483154296875,0.15789794921875
ns_elephant_780,resnet50_tl_20250829,8,4,80,192,84.0,196.0,147.64105224609375,147.50062561035156,0.1404266357421875
ns_elephant_780,resnet50_tl_20250829,8,4,80,196,84.0,200.0,147.64105224609375,147.47396850585938,0.167083740234375
ns_elephant_780,resnet50_tl_20250829,8,4,80,200,84.0,204.0,147.64105224609375,147.46376037597656,0.1772918701171875
ns_elephant_780,resnet50_tl_20250829,8,4,80,204,84.0,208.0,147.64105224609375,147.51699829101562,0.124053955078125
ns_elephant_780,resnet50_tl_20250829,8,4,80,208,84.0,212.0,147.64105224609375,147.44146728515625,0.1995849609375
ns_elephant_780,resnet50_tl_20250829,8,4,80,212,84.0,216.0,147.64105224609375,147.51014709472656,0.1309051513671875
ns_elephant_780,resnet50_tl_20250829,8,4,80,216,84.0,220.0,147.64105224609375,147.62811279296875,0.012939453125
ns_elephant_780,resnet50_tl_20250829,8,4,84,0,88.0,4.0,147.64105224609375,147.5417022705078,0.0993499755859375
ns_elephant_780,resnet50_tl_20250829,8,4,84,4,88.0,8.0,147.64105224609375,147.5831298828125,0.05792236328125
ns_elephant_780,resnet50_tl_20250829,8,4,84,8,88.0,12.0,147.64105224609375,147.6320343017578,0.0090179443359375
ns_elephant_780,resnet50_tl_20250829,8,4,84,12,88.0,16.0,147.64105224609375,147.65093994140625,-0.0098876953125
ns_elephant_780,resnet50_tl_20250829,8,4,84,16,88.0,20.0,147.64105224609375,147.56671142578125,0.0743408203125
ns_elephant_780,resnet50_tl_20250829,8,4,84,20,88.0,24.0,147.64105224609375,147.6034698486328,0.0375823974609375
ns_elephant_780,resnet50_tl_20250829,8,4,84,24,88.0,28.0,147.64105224609375,147.50582885742188,0.135223388671875
ns_elephant_780,resnet50_tl_20250829,8,4,84,28,88.0,32.0,147.64105224609375,147.5484161376953,0.0926361083984375
ns_elephant_780,resnet50_tl_20250829,8,4,84,32,88.0,36.0,147.64105224609375,147.50619506835938,0.134857177734375
ns_elephant_780,resnet50_tl_20250829,8,4,84,36,88.0,40.0,147.64105224609375,147.5673370361328,0.0737152099609375
ns_elephant_780,resnet50_tl_20250829,8,4,84,40,88.0,44.0,147.64105224609375,147.5262908935547,0.1147613525390625
ns_elephant_780,resnet50_tl_20250829,8,4,84,44,88.0,48.0,147.64105224609375,147.57098388671875,0.070068359375
ns_elephant_780,resnet50_tl_20250829,8,4,84,48,88.0,52.0,147.64105224609375,147.6457061767578,-0.0046539306640625
ns_elephant_780,resnet50_tl_20250829,8,4,84,52,88.0,56.0,147.64105224609375,147.65322875976562,-0.012176513671875
ns_elephant_780,resnet50_tl_20250829,8,4,84,56,88.0,60.0,147.64105224609375,147.6842498779297,-0.0431976318359375
ns_elephant_780,resnet50_tl_20250829,8,4,84,60,88.0,64.0,147.64105224609375,147.76461791992188,-0.123565673828125
ns_elephant_780,resnet50_tl_20250829,8,4,84,64,88.0,68.0,147.64105224609375,147.81602478027344,-0.1749725341796875
ns_elephant_780,resnet50_tl_20250829,8,4,84,68,88.0,72.0,147.64105224609375,147.70559692382812,-0.064544677734375
ns_elephant_780,resnet50_tl_20250829,8,4,84,72,88.0,76.0,147.64105224609375,147.6336669921875,0.00738525390625
ns_elephant_780,resnet50_tl_20250829,8,4,84,76,88.0,80.0,147.64105224609375,147.62997436523438,0.011077880859375
ns_elephant_780,resnet50_tl_20250829,8,4,84,80,88.0,84.0,147.64105224609375,147.6307830810547,0.0102691650390625
ns_elephant_780,resnet50_tl_20250829,8,4,84,84,88.0,88.0,147.64105224609375,147.7021026611328,-0.0610504150390625
ns_elephant_780,resnet50_tl_20250829,8,4,84,88,88.0,92.0,147.64105224609375,147.48028564453125,0.1607666015625
ns_elephant_780,resnet50_tl_20250829,8,4,84,92,88.0,96.0,147.64105224609375,147.4424591064453,0.1985931396484375
ns_elephant_780,resnet50_tl_20250829,8,4,84,96,88.0,100.0,147.64105224609375,147.29928588867188,0.341766357421875
ns_elephant_780,resnet50_tl_20250829,8,4,84,100,88.0,104.0,147.64105224609375,147.349365234375,0.29168701171875
ns_elephant_780,resnet50_tl_20250829,8,4,84,104,88.0,108.0,147.64105224609375,147.44216918945312,0.198883056640625
ns_elephant_780,resnet50_tl_20250829,8,4,84,108,88.0,112.0,147.64105224609375,147.5010528564453,0.1399993896484375
ns_elephant_780,resnet50_tl_20250829,8,4,84,112,88.0,116.0,147.64105224609375,147.46414184570312,0.176910400390625
ns_elephant_780,resnet50_tl_20250829,8,4,84,116,88.0,120.0,147.64105224609375,147.46934509277344,0.1717071533203125
ns_elephant_780,resnet50_tl_20250829,8,4,84,120,88.0,124.0,147.64105224609375,147.4769287109375,0.16412353515625
ns_elephant_780,resnet50_tl_20250829,8,4,84,124,88.0,128.0,147.64105224609375,147.53404235839844,0.1070098876953125
ns_elephant_780,resnet50_tl_20250829,8,4,84,128,88.0,132.0,147.64105224609375,147.46401977539062,0.177032470703125
ns_elephant_780,resnet50_tl_20250829,8,4,84,132,88.0,136.0,147.64105224609375,147.50604248046875,0.135009765625
ns_elephant_780,resnet50_tl_20250829,8,4,84,136,88.0,140.0,147.64105224609375,147.4683074951172,0.1727447509765625
ns_elephant_780,resnet50_tl_20250829,8,4,84,140,88.0,144.0,147.64105224609375,147.51719665527344,0.1238555908203125
ns_elephant_780,resnet50_tl_20250829,8,4,84,144,88.0,148.0,147.64105224609375,147.5187225341797,0.1223297119140625
ns_elephant_780,resnet50_tl_20250829,8,4,84,148,88.0,152.0,147.64105224609375,147.5181121826172,0.1229400634765625
ns_elephant_780,resnet50_tl_20250829,8,4,84,152,88.0,156.0,147.64105224609375,147.5176544189453,0.1233978271484375
ns_elephant_780,resnet50_tl_20250829,8,4,84,156,88.0,160.0,147.64105224609375,147.53660583496094,0.1044464111328125
ns_elephant_780,resnet50_tl_20250829,8,4,84,160,88.0,164.0,147.64105224609375,147.52894592285156,0.1121063232421875
ns_elephant_780,resnet50_tl_20250829,8,4,84,164,88.0,168.0,147.64105224609375,147.47412109375,0.16693115234375
ns_elephant_780,resnet50_tl_20250829,8,4,84,168,88.0,172.0,147.64105224609375,147.50701904296875,0.134033203125
ns_elephant_780,resnet50_tl_20250829,8,4,84,172,88.0,176.0,147.64105224609375,147.53359985351562,0.107452392578125
ns_elephant_780,resnet50_tl_20250829,8,4,84,176,88.0,180.0,147.64105224609375,147.47247314453125,0.1685791015625
ns_elephant_780,resnet50_tl_20250829,8,4,84,180,88.0,184.0,147.64105224609375,147.4052734375,0.23577880859375
ns_elephant_780,resnet50_tl_20250829,8,4,84,184,88.0,188.0,147.64105224609375,147.47515869140625,0.1658935546875
ns_elephant_780,resnet50_tl_20250829,8,4,84,188,88.0,192.0,147.64105224609375,147.54969787597656,0.0913543701171875
ns_elephant_780,resnet50_tl_20250829,8,4,84,192,88.0,196.0,147.64105224609375,147.49476623535156,0.1462860107421875
ns_elephant_780,resnet50_tl_20250829,8,4,84,196,88.0,200.0,147.64105224609375,147.3554229736328,0.2856292724609375
ns_elephant_780,resnet50_tl_20250829,8,4,84,200,88.0,204.0,147.64105224609375,147.39971923828125,0.2413330078125
ns_elephant_780,resnet50_tl_20250829,8,4,84,204,88.0,208.0,147.64105224609375,147.46542358398438,0.175628662109375
ns_elephant_780,resnet50_tl_20250829,8,4,84,208,88.0,212.0,147.64105224609375,147.45018005371094,0.1908721923828125
ns_elephant_780,resnet50_tl_20250829,8,4,84,212,88.0,216.0,147.64105224609375,147.53086853027344,0.1101837158203125
ns_elephant_780,resnet50_tl_20250829,8,4,84,216,88.0,220.0,147.64105224609375,147.5839080810547,0.0571441650390625
ns_elephant_780,resnet50_tl_20250829,8,4,88,0,92.0,4.0,147.64105224609375,147.4499053955078,0.1911468505859375
ns_elephant_780,resnet50_tl_20250829,8,4,88,4,92.0,8.0,147.64105224609375,147.49241638183594,0.1486358642578125
ns_elephant_780,resnet50_tl_20250829,8,4,88,8,92.0,12.0,147.64105224609375,147.58590698242188,0.055145263671875
ns_elephant_780,resnet50_tl_20250829,8,4,88,12,92.0,16.0,147.64105224609375,147.44406127929688,0.196990966796875
ns_elephant_780,resnet50_tl_20250829,8,4,88,16,92.0,20.0,147.64105224609375,147.45201110839844,0.1890411376953125
ns_elephant_780,resnet50_tl_20250829,8,4,88,20,92.0,24.0,147.64105224609375,147.3752899169922,0.2657623291015625
ns_elephant_780,resnet50_tl_20250829,8,4,88,24,92.0,28.0,147.64105224609375,147.42239379882812,0.218658447265625
ns_elephant_780,resnet50_tl_20250829,8,4,88,28,92.0,32.0,147.64105224609375,147.30572509765625,0.3353271484375
ns_elephant_780,resnet50_tl_20250829,8,4,88,32,92.0,36.0,147.64105224609375,147.35723876953125,0.2838134765625
ns_elephant_780,resnet50_tl_20250829,8,4,88,36,92.0,40.0,147.64105224609375,147.30630493164062,0.334747314453125
ns_elephant_780,resnet50_tl_20250829,8,4,88,40,92.0,44.0,147.64105224609375,147.4684600830078,0.1725921630859375
ns_elephant_780,resnet50_tl_20250829,8,4,88,44,92.0,48.0,147.64105224609375,147.3990020751953,0.2420501708984375
ns_elephant_780,resnet50_tl_20250829,8,4,88,48,92.0,52.0,147.64105224609375,147.4951629638672,0.1458892822265625
ns_elephant_780,resnet50_tl_20250829,8,4,88,52,92.0,56.0,147.64105224609375,147.39962768554688,0.241424560546875
ns_elephant_780,resnet50_tl_20250829,8,4,88,56,92.0,60.0,147.64105224609375,147.59756469726562,0.043487548828125
ns_elephant_780,resnet50_tl_20250829,8,4,88,60,92.0,64.0,147.64105224609375,147.57351684570312,0.067535400390625
ns_elephant_780,resnet50_tl_20250829,8,4,88,64,92.0,68.0,147.64105224609375,147.67626953125,-0.03521728515625
ns_elephant_780,resnet50_tl_20250829,8,4,88,68,92.0,72.0,147.64105224609375,147.6735076904297,-0.0324554443359375
ns_elephant_780,resnet50_tl_20250829,8,4,88,72,92.0,76.0,147.64105224609375,147.6873321533203,-0.0462799072265625
ns_elephant_780,resnet50_tl_20250829,8,4,88,76,92.0,80.0,147.64105224609375,147.67254638671875,-0.031494140625
ns_elephant_780,resnet50_tl_20250829,8,4,88,80,92.0,84.0,147.64105224609375,147.57913208007812,0.061920166015625
ns_elephant_780,resnet50_tl_20250829,8,4,88,84,92.0,88.0,147.64105224609375,147.682373046875,-0.04132080078125
ns_elephant_780,resnet50_tl_20250829,8,4,88,88,92.0,92.0,147.64105224609375,147.55662536621094,0.0844268798828125
ns_elephant_780,resnet50_tl_20250829,8,4,88,92,92.0,96.0,147.64105224609375,147.54791259765625,0.0931396484375
ns_elephant_780,resnet50_tl_20250829,8,4,88,96,92.0,100.0,147.64105224609375,147.39697265625,0.24407958984375
ns_elephant_780,resnet50_tl_20250829,8,4,88,100,92.0,104.0,147.64105224609375,147.32986450195312,0.311187744140625
ns_elephant_780,resnet50_tl_20250829,8,4,88,104,92.0,108.0,147.64105224609375,147.44631958007812,0.194732666015625
ns_elephant_780,resnet50_tl_20250829,8,4,88,108,92.0,112.0,147.64105224609375,147.49691772460938,0.144134521484375
ns_elephant_780,resnet50_tl_20250829,8,4,88,112,92.0,116.0,147.64105224609375,147.48118591308594,0.1598663330078125
ns_elephant_780,resnet50_tl_20250829,8,4,88,116,92.0,120.0,147.64105224609375,147.473388671875,0.16766357421875
ns_elephant_780,resnet50_tl_20250829,8,4,88,120,92.0,124.0,147.64105224609375,147.51715087890625,0.1239013671875
ns_elephant_780,resnet50_tl_20250829,8,4,88,124,92.0,128.0,147.64105224609375,147.5877685546875,0.05328369140625
ns_elephant_780,resnet50_tl_20250829,8,4,88,128,92.0,132.0,147.64105224609375,147.5786895751953,0.0623626708984375
ns_elephant_780,resnet50_tl_20250829,8,4,88,132,92.0,136.0,147.64105224609375,147.54331970214844,0.0977325439453125
ns_elephant_780,resnet50_tl_20250829,8,4,88,136,92.0,140.0,147.64105224609375,147.50926208496094,0.1317901611328125
ns_elephant_780,resnet50_tl_20250829,8,4,88,140,92.0,144.0,147.64105224609375,147.49501037597656,0.1460418701171875
ns_elephant_780,resnet50_tl_20250829,8,4,88,144,92.0,148.0,147.64105224609375,147.4883575439453,0.1526947021484375
ns_elephant_780,resnet50_tl_20250829,8,4,88,148,92.0,152.0,147.64105224609375,147.46788024902344,0.1731719970703125
ns_elephant_780,resnet50_tl_20250829,8,4,88,152,92.0,156.0,147.64105224609375,147.4932098388672,0.1478424072265625
ns_elephant_780,resnet50_tl_20250829,8,4,88,156,92.0,160.0,147.64105224609375,147.49905395507812,0.141998291015625
ns_elephant_780,resnet50_tl_20250829,8,4,88,160,92.0,164.0,147.64105224609375,147.51092529296875,0.130126953125
ns_elephant_780,resnet50_tl_20250829,8,4,88,164,92.0,168.0,147.64105224609375,147.44927978515625,0.1917724609375
ns_elephant_780,resnet50_tl_20250829,8,4,88,168,92.0,172.0,147.64105224609375,147.45335388183594,0.1876983642578125
ns_elephant_780,resnet50_tl_20250829,8,4,88,172,92.0,176.0,147.64105224609375,147.46478271484375,0.17626953125
ns_elephant_780,resnet50_tl_20250829,8,4,88,176,92.0,180.0,147.64105224609375,147.45993041992188,0.181121826171875
ns_elephant_780,resnet50_tl_20250829,8,4,88,180,92.0,184.0,147.64105224609375,147.39735412597656,0.2436981201171875
ns_elephant_780,resnet50_tl_20250829,8,4,88,184,92.0,188.0,147.64105224609375,147.41754150390625,0.2235107421875
ns_elephant_780,resnet50_tl_20250829,8,4,88,188,92.0,192.0,147.64105224609375,147.5130157470703,0.1280364990234375
ns_elephant_780,resnet50_tl_20250829,8,4,88,192,92.0,196.0,147.64105224609375,147.448486328125,0.19256591796875
ns_elephant_780,resnet50_tl_20250829,8,4,88,196,92.0,200.0,147.64105224609375,147.3470001220703,0.2940521240234375
ns_elephant_780,resnet50_tl_20250829,8,4,88,200,92.0,204.0,147.64105224609375,147.388427734375,0.25262451171875
ns_elephant_780,resnet50_tl_20250829,8,4,88,204,92.0,208.0,147.64105224609375,147.50787353515625,0.1331787109375
ns_elephant_780,resnet50_tl_20250829,8,4,88,208,92.0,212.0,147.64105224609375,147.52403259277344,0.1170196533203125
ns_elephant_780,resnet50_tl_20250829,8,4,88,212,92.0,216.0,147.64105224609375,147.48745727539062,0.153594970703125
ns_elephant_780,resnet50_tl_20250829,8,4,88,216,92.0,220.0,147.64105224609375,147.549560546875,0.09149169921875
ns_elephant_780,resnet50_tl_20250829,8,4,92,0,96.0,4.0,147.64105224609375,147.36680603027344,0.2742462158203125
ns_elephant_780,resnet50_tl_20250829,8,4,92,4,96.0,8.0,147.64105224609375,147.51280212402344,0.1282501220703125
ns_elephant_780,resnet50_tl_20250829,8,4,92,8,96.0,12.0,147.64105224609375,147.61338806152344,0.0276641845703125
ns_elephant_780,resnet50_tl_20250829,8,4,92,12,96.0,16.0,147.64105224609375,147.60433959960938,0.036712646484375
ns_elephant_780,resnet50_tl_20250829,8,4,92,16,96.0,20.0,147.64105224609375,147.49400329589844,0.1470489501953125
ns_elephant_780,resnet50_tl_20250829,8,4,92,20,96.0,24.0,147.64105224609375,147.5367431640625,0.10430908203125
ns_elephant_780,resnet50_tl_20250829,8,4,92,24,96.0,28.0,147.64105224609375,147.5509490966797,0.0901031494140625
ns_elephant_780,resnet50_tl_20250829,8,4,92,28,96.0,32.0,147.64105224609375,147.3580322265625,0.28302001953125
ns_elephant_780,resnet50_tl_20250829,8,4,92,32,96.0,36.0,147.64105224609375,147.31077575683594,0.3302764892578125
ns_elephant_780,resnet50_tl_20250829,8,4,92,36,96.0,40.0,147.64105224609375,147.46286010742188,0.178192138671875
ns_elephant_780,resnet50_tl_20250829,8,4,92,40,96.0,44.0,147.64105224609375,147.56443786621094,0.0766143798828125
ns_elephant_780,resnet50_tl_20250829,8,4,92,44,96.0,48.0,147.64105224609375,147.57119750976562,0.069854736328125
ns_elephant_780,resnet50_tl_20250829,8,4,92,48,96.0,52.0,147.64105224609375,147.56051635742188,0.080535888671875
ns_elephant_780,resnet50_tl_20250829,8,4,92,52,96.0,56.0,147.64105224609375,147.5760040283203,0.0650482177734375
ns_elephant_780,resnet50_tl_20250829,8,4,92,56,96.0,60.0,147.64105224609375,147.6924591064453,-0.0514068603515625
ns_elephant_780,resnet50_tl_20250829,8,4,92,60,96.0,64.0,147.64105224609375,147.598876953125,0.04217529296875
ns_elephant_780,resnet50_tl_20250829,8,4,92,64,96.0,68.0,147.64105224609375,147.64175415039062,-0.000701904296875
ns_elephant_780,resnet50_tl_20250829,8,4,92,68,96.0,72.0,147.64105224609375,147.7803192138672,-0.1392669677734375
ns_elephant_780,resnet50_tl_20250829,8,4,92,72,96.0,76.0,147.64105224609375,147.7738037109375,-0.13275146484375
ns_elephant_780,resnet50_tl_20250829,8,4,92,76,96.0,80.0,147.64105224609375,147.74217224121094,-0.1011199951171875
ns_elephant_780,resnet50_tl_20250829,8,4,92,80,96.0,84.0,147.64105224609375,147.61363220214844,0.0274200439453125
ns_elephant_780,resnet50_tl_20250829,8,4,92,84,96.0,88.0,147.64105224609375,147.71633911132812,-0.075286865234375
ns_elephant_780,resnet50_tl_20250829,8,4,92,88,96.0,92.0,147.64105224609375,147.62478637695312,0.016265869140625
ns_elephant_780,resnet50_tl_20250829,8,4,92,92,96.0,96.0,147.64105224609375,147.5282440185547,0.1128082275390625
ns_elephant_780,resnet50_tl_20250829,8,4,92,96,96.0,100.0,147.64105224609375,147.4345703125,0.20648193359375
ns_elephant_780,resnet50_tl_20250829,8,4,92,100,96.0,104.0,147.64105224609375,147.4353790283203,0.2056732177734375
ns_elephant_780,resnet50_tl_20250829,8,4,92,104,96.0,108.0,147.64105224609375,147.5792999267578,0.0617523193359375
ns_elephant_780,resnet50_tl_20250829,8,4,92,108,96.0,112.0,147.64105224609375,147.6225128173828,0.0185394287109375
ns_elephant_780,resnet50_tl_20250829,8,4,92,112,96.0,116.0,147.64105224609375,147.57379150390625,0.0672607421875
ns_elephant_780,resnet50_tl_20250829,8,4,92,116,96.0,120.0,147.64105224609375,147.46469116210938,0.176361083984375
ns_elephant_780,resnet50_tl_20250829,8,4,92,120,96.0,124.0,147.64105224609375,147.5630340576172,0.0780181884765625
ns_elephant_780,resnet50_tl_20250829,8,4,92,124,96.0,128.0,147.64105224609375,147.7130889892578,-0.0720367431640625
ns_elephant_780,resnet50_tl_20250829,8,4,92,128,96.0,132.0,147.64105224609375,147.6685333251953,-0.0274810791015625
ns_elephant_780,resnet50_tl_20250829,8,4,92,132,96.0,136.0,147.64105224609375,147.59596252441406,0.0450897216796875
ns_elephant_780,resnet50_tl_20250829,8,4,92,136,96.0,140.0,147.64105224609375,147.56483459472656,0.0762176513671875
ns_elephant_780,resnet50_tl_20250829,8,4,92,140,96.0,144.0,147.64105224609375,147.61007690429688,0.030975341796875
ns_elephant_780,resnet50_tl_20250829,8,4,92,144,96.0,148.0,147.64105224609375,147.59359741210938,0.047454833984375
ns_elephant_780,resnet50_tl_20250829,8,4,92,148,96.0,152.0,147.64105224609375,147.50169372558594,0.1393585205078125
ns_elephant_780,resnet50_tl_20250829,8,4,92,152,96.0,156.0,147.64105224609375,147.48895263671875,0.152099609375
ns_elephant_780,resnet50_tl_20250829,8,4,92,156,96.0,160.0,147.64105224609375,147.52798461914062,0.113067626953125
ns_elephant_780,resnet50_tl_20250829,8,4,92,160,96.0,164.0,147.64105224609375,147.55889892578125,0.0821533203125
ns_elephant_780,resnet50_tl_20250829,8,4,92,164,96.0,168.0,147.64105224609375,147.4920196533203,0.1490325927734375
ns_elephant_780,resnet50_tl_20250829,8,4,92,168,96.0,172.0,147.64105224609375,147.4658660888672,0.1751861572265625
ns_elephant_780,resnet50_tl_20250829,8,4,92,172,96.0,176.0,147.64105224609375,147.54347229003906,0.0975799560546875
ns_elephant_780,resnet50_tl_20250829,8,4,92,176,96.0,180.0,147.64105224609375,147.4369354248047,0.2041168212890625
ns_elephant_780,resnet50_tl_20250829,8,4,92,180,96.0,184.0,147.64105224609375,147.51930236816406,0.1217498779296875
ns_elephant_780,resnet50_tl_20250829,8,4,92,184,96.0,188.0,147.64105224609375,147.4828643798828,0.1581878662109375
ns_elephant_780,resnet50_tl_20250829,8,4,92,188,96.0,192.0,147.64105224609375,147.46871948242188,0.172332763671875
ns_elephant_780,resnet50_tl_20250829,8,4,92,192,96.0,196.0,147.64105224609375,147.3741455078125,0.26690673828125
ns_elephant_780,resnet50_tl_20250829,8,4,92,196,96.0,200.0,147.64105224609375,147.44705200195312,0.194000244140625
ns_elephant_780,resnet50_tl_20250829,8,4,92,200,96.0,204.0,147.64105224609375,147.4832000732422,0.1578521728515625
ns_elephant_780,resnet50_tl_20250829,8,4,92,204,96.0,208.0,147.64105224609375,147.41397094726562,0.227081298828125
ns_elephant_780,resnet50_tl_20250829,8,4,92,208,96.0,212.0,147.64105224609375,147.45263671875,0.18841552734375
ns_elephant_780,resnet50_tl_20250829,8,4,92,212,96.0,216.0,147.64105224609375,147.53494262695312,0.106109619140625
ns_elephant_780,resnet50_tl_20250829,8,4,92,216,96.0,220.0,147.64105224609375,147.54747009277344,0.0935821533203125
ns_elephant_780,resnet50_tl_20250829,8,4,96,0,100.0,4.0,147.64105224609375,147.36912536621094,0.2719268798828125
ns_elephant_780,resnet50_tl_20250829,8,4,96,4,100.0,8.0,147.64105224609375,147.46665954589844,0.1743927001953125
ns_elephant_780,resnet50_tl_20250829,8,4,96,8,100.0,12.0,147.64105224609375,147.58668518066406,0.0543670654296875
ns_elephant_780,resnet50_tl_20250829,8,4,96,12,100.0,16.0,147.64105224609375,147.44482421875,0.19622802734375
ns_elephant_780,resnet50_tl_20250829,8,4,96,16,100.0,20.0,147.64105224609375,147.4346923828125,0.20635986328125
ns_elephant_780,resnet50_tl_20250829,8,4,96,20,100.0,24.0,147.64105224609375,147.39532470703125,0.2457275390625
ns_elephant_780,resnet50_tl_20250829,8,4,96,24,100.0,28.0,147.64105224609375,147.4961700439453,0.1448822021484375
ns_elephant_780,resnet50_tl_20250829,8,4,96,28,100.0,32.0,147.64105224609375,147.2728729248047,0.3681793212890625
ns_elephant_780,resnet50_tl_20250829,8,4,96,32,100.0,36.0,147.64105224609375,147.30264282226562,0.338409423828125
ns_elephant_780,resnet50_tl_20250829,8,4,96,36,100.0,40.0,147.64105224609375,147.378173828125,0.26287841796875
ns_elephant_780,resnet50_tl_20250829,8,4,96,40,100.0,44.0,147.64105224609375,147.50599670410156,0.1350555419921875
ns_elephant_780,resnet50_tl_20250829,8,4,96,44,100.0,48.0,147.64105224609375,147.4268798828125,0.21417236328125
ns_elephant_780,resnet50_tl_20250829,8,4,96,48,100.0,52.0,147.64105224609375,147.47901916503906,0.1620330810546875
ns_elephant_780,resnet50_tl_20250829,8,4,96,52,100.0,56.0,147.64105224609375,147.45480346679688,0.186248779296875
ns_elephant_780,resnet50_tl_20250829,8,4,96,56,100.0,60.0,147.64105224609375,147.59002685546875,0.051025390625
ns_elephant_780,resnet50_tl_20250829,8,4,96,60,100.0,64.0,147.64105224609375,147.4493408203125,0.19171142578125
ns_elephant_780,resnet50_tl_20250829,8,4,96,64,100.0,68.0,147.64105224609375,147.55067443847656,0.0903778076171875
ns_elephant_780,resnet50_tl_20250829,8,4,96,68,100.0,72.0,147.64105224609375,147.5934295654297,0.0476226806640625
ns_elephant_780,resnet50_tl_20250829,8,4,96,72,100.0,76.0,147.64105224609375,147.7103729248047,-0.0693206787109375
ns_elephant_780,resnet50_tl_20250829,8,4,96,76,100.0,80.0,147.64105224609375,147.61160278320312,0.029449462890625
ns_elephant_780,resnet50_tl_20250829,8,4,96,80,100.0,84.0,147.64105224609375,147.616455078125,0.02459716796875
ns_elephant_780,resnet50_tl_20250829,8,4,96,84,100.0,88.0,147.64105224609375,147.6000213623047,0.0410308837890625
ns_elephant_780,resnet50_tl_20250829,8,4,96,88,100.0,92.0,147.64105224609375,147.64239501953125,-0.0013427734375
ns_elephant_780,resnet50_tl_20250829,8,4,96,92,100.0,96.0,147.64105224609375,147.59361267089844,0.0474395751953125
ns_elephant_780,resnet50_tl_20250829,8,4,96,96,100.0,100.0,147.64105224609375,147.52040100097656,0.1206512451171875
ns_elephant_780,resnet50_tl_20250829,8,4,96,100,100.0,104.0,147.64105224609375,147.4788360595703,0.1622161865234375
ns_elephant_780,resnet50_tl_20250829,8,4,96,104,100.0,108.0,147.64105224609375,147.54525756835938,0.095794677734375
ns_elephant_780,resnet50_tl_20250829,8,4,96,108,100.0,112.0,147.64105224609375,147.61387634277344,0.0271759033203125
ns_elephant_780,resnet50_tl_20250829,8,4,96,112,100.0,116.0,147.64105224609375,147.56890869140625,0.0721435546875
ns_elephant_780,resnet50_tl_20250829,8,4,96,116,100.0,120.0,147.64105224609375,147.51914978027344,0.1219024658203125
ns_elephant_780,resnet50_tl_20250829,8,4,96,120,100.0,124.0,147.64105224609375,147.6146240234375,0.02642822265625
ns_elephant_780,resnet50_tl_20250829,8,4,96,124,100.0,128.0,147.64105224609375,147.68519592285156,-0.0441436767578125
ns_elephant_780,resnet50_tl_20250829,8,4,96,128,100.0,132.0,147.64105224609375,147.78273010253906,-0.1416778564453125
ns_elephant_780,resnet50_tl_20250829,8,4,96,132,100.0,136.0,147.64105224609375,147.86709594726562,-0.226043701171875
ns_elephant_780,resnet50_tl_20250829,8,4,96,136,100.0,140.0,147.64105224609375,147.81707763671875,-0.176025390625
ns_elephant_780,resnet50_tl_20250829,8,4,96,140,100.0,144.0,147.64105224609375,147.6240997314453,0.0169525146484375
ns_elephant_780,resnet50_tl_20250829,8,4,96,144,100.0,148.0,147.64105224609375,147.5811309814453,0.0599212646484375
ns_elephant_780,resnet50_tl_20250829,8,4,96,148,100.0,152.0,147.64105224609375,147.52618408203125,0.1148681640625
ns_elephant_780,resnet50_tl_20250829,8,4,96,152,100.0,156.0,147.64105224609375,147.5245819091797,0.1164703369140625
ns_elephant_780,resnet50_tl_20250829,8,4,96,156,100.0,160.0,147.64105224609375,147.48495483398438,0.156097412109375
ns_elephant_780,resnet50_tl_20250829,8,4,96,160,100.0,164.0,147.64105224609375,147.53497314453125,0.1060791015625
ns_elephant_780,resnet50_tl_20250829,8,4,96,164,100.0,168.0,147.64105224609375,147.50479125976562,0.136260986328125
ns_elephant_780,resnet50_tl_20250829,8,4,96,168,100.0,172.0,147.64105224609375,147.4980926513672,0.1429595947265625
ns_elephant_780,resnet50_tl_20250829,8,4,96,172,100.0,176.0,147.64105224609375,147.4720458984375,0.16900634765625
ns_elephant_780,resnet50_tl_20250829,8,4,96,176,100.0,180.0,147.64105224609375,147.41114807128906,0.2299041748046875
ns_elephant_780,resnet50_tl_20250829,8,4,96,180,100.0,184.0,147.64105224609375,147.5022735595703,0.1387786865234375
ns_elephant_780,resnet50_tl_20250829,8,4,96,184,100.0,188.0,147.64105224609375,147.524658203125,0.11639404296875
ns_elephant_780,resnet50_tl_20250829,8,4,96,188,100.0,192.0,147.64105224609375,147.46646118164062,0.174591064453125
ns_elephant_780,resnet50_tl_20250829,8,4,96,192,100.0,196.0,147.64105224609375,147.39512634277344,0.2459259033203125
ns_elephant_780,resnet50_tl_20250829,8,4,96,196,100.0,200.0,147.64105224609375,147.4331817626953,0.2078704833984375
ns_elephant_780,resnet50_tl_20250829,8,4,96,200,100.0,204.0,147.64105224609375,147.4644775390625,0.17657470703125
ns_elephant_780,resnet50_tl_20250829,8,4,96,204,100.0,208.0,147.64105224609375,147.36302185058594,0.2780303955078125
ns_elephant_780,resnet50_tl_20250829,8,4,96,208,100.0,212.0,147.64105224609375,147.43080139160156,0.2102508544921875
ns_elephant_780,resnet50_tl_20250829,8,4,96,212,100.0,216.0,147.64105224609375,147.5817413330078,0.0593109130859375
ns_elephant_780,resnet50_tl_20250829,8,4,96,216,100.0,220.0,147.64105224609375,147.62088012695312,0.020172119140625
ns_elephant_780,resnet50_tl_20250829,8,4,100,0,104.0,4.0,147.64105224609375,147.557373046875,0.08367919921875
ns_elephant_780,resnet50_tl_20250829,8,4,100,4,104.0,8.0,147.64105224609375,147.59292602539062,0.048126220703125
ns_elephant_780,resnet50_tl_20250829,8,4,100,8,104.0,12.0,147.64105224609375,147.61758422851562,0.023468017578125
ns_elephant_780,resnet50_tl_20250829,8,4,100,12,104.0,16.0,147.64105224609375,147.63604736328125,0.0050048828125
ns_elephant_780,resnet50_tl_20250829,8,4,100,16,104.0,20.0,147.64105224609375,147.5420379638672,0.0990142822265625
ns_elephant_780,resnet50_tl_20250829,8,4,100,20,104.0,24.0,147.64105224609375,147.582275390625,0.05877685546875
ns_elephant_780,resnet50_tl_20250829,8,4,100,24,104.0,28.0,147.64105224609375,147.50628662109375,0.134765625
ns_elephant_780,resnet50_tl_20250829,8,4,100,28,104.0,32.0,147.64105224609375,147.5434112548828,0.0976409912109375
ns_elephant_780,resnet50_tl_20250829,8,4,100,32,104.0,36.0,147.64105224609375,147.52296447753906,0.1180877685546875
ns_elephant_780,resnet50_tl_20250829,8,4,100,36,104.0,40.0,147.64105224609375,147.5888671875,0.05218505859375
ns_elephant_780,resnet50_tl_20250829,8,4,100,40,104.0,44.0,147.64105224609375,147.54086303710938,0.100189208984375
ns_elephant_780,resnet50_tl_20250829,8,4,100,44,104.0,48.0,147.64105224609375,147.62936401367188,0.011688232421875
ns_elephant_780,resnet50_tl_20250829,8,4,100,48,104.0,52.0,147.64105224609375,147.62966918945312,0.011383056640625
ns_elephant_780,resnet50_tl_20250829,8,4,100,52,104.0,56.0,147.64105224609375,147.6837615966797,-0.0427093505859375
ns_elephant_780,resnet50_tl_20250829,8,4,100,56,104.0,60.0,147.64105224609375,147.61898803710938,0.022064208984375
ns_elephant_780,resnet50_tl_20250829,8,4,100,60,104.0,64.0,147.64105224609375,147.69805908203125,-0.0570068359375
ns_elephant_780,resnet50_tl_20250829,8,4,100,64,104.0,68.0,147.64105224609375,147.70126342773438,-0.060211181640625
ns_elephant_780,resnet50_tl_20250829,8,4,100,68,104.0,72.0,147.64105224609375,147.73904418945312,-0.097991943359375
ns_elephant_780,resnet50_tl_20250829,8,4,100,72,104.0,76.0,147.64105224609375,147.71609497070312,-0.075042724609375
ns_elephant_780,resnet50_tl_20250829,8,4,100,76,104.0,80.0,147.64105224609375,147.7519073486328,-0.1108551025390625
ns_elephant_780,resnet50_tl_20250829,8,4,100,80,104.0,84.0,147.64105224609375,147.75491333007812,-0.113861083984375
ns_elephant_780,resnet50_tl_20250829,8,4,100,84,104.0,88.0,147.64105224609375,147.7252197265625,-0.08416748046875
ns_elephant_780,resnet50_tl_20250829,8,4,100,88,104.0,92.0,147.64105224609375,147.71495056152344,-0.0738983154296875
ns_elephant_780,resnet50_tl_20250829,8,4,100,92,104.0,96.0,147.64105224609375,147.7438201904297,-0.1027679443359375
ns_elephant_780,resnet50_tl_20250829,8,4,100,96,104.0,100.0,147.64105224609375,147.60862731933594,0.0324249267578125
ns_elephant_780,resnet50_tl_20250829,8,4,100,100,104.0,104.0,147.64105224609375,147.48385620117188,0.157196044921875
ns_elephant_780,resnet50_tl_20250829,8,4,100,104,104.0,108.0,147.64105224609375,147.42311096191406,0.2179412841796875
ns_elephant_780,resnet50_tl_20250829,8,4,100,108,104.0,112.0,147.64105224609375,147.50209045410156,0.1389617919921875
ns_elephant_780,resnet50_tl_20250829,8,4,100,112,104.0,116.0,147.64105224609375,147.48422241210938,0.156829833984375
ns_elephant_780,resnet50_tl_20250829,8,4,100,116,104.0,120.0,147.64105224609375,147.56849670410156,0.0725555419921875
ns_elephant_780,resnet50_tl_20250829,8,4,100,120,104.0,124.0,147.64105224609375,147.6159210205078,0.0251312255859375
ns_elephant_780,resnet50_tl_20250829,8,4,100,124,104.0,128.0,147.64105224609375,147.79136657714844,-0.1503143310546875
ns_elephant_780,resnet50_tl_20250829,8,4,100,128,104.0,132.0,147.64105224609375,147.85861206054688,-0.217559814453125
ns_elephant_780,resnet50_tl_20250829,8,4,100,132,104.0,136.0,147.64105224609375,148.10528564453125,-0.4642333984375
ns_elephant_780,resnet50_tl_20250829,8,4,100,136,104.0,140.0,147.64105224609375,147.8776397705078,-0.2365875244140625
ns_elephant_780,resnet50_tl_20250829,8,4,100,140,104.0,144.0,147.64105224609375,147.82347106933594,-0.1824188232421875
ns_elephant_780,resnet50_tl_20250829,8,4,100,144,104.0,148.0,147.64105224609375,147.72323608398438,-0.082183837890625
ns_elephant_780,resnet50_tl_20250829,8,4,100,148,104.0,152.0,147.64105224609375,147.63027954101562,0.010772705078125
ns_elephant_780,resnet50_tl_20250829,8,4,100,152,104.0,156.0,147.64105224609375,147.5110626220703,0.1299896240234375
ns_elephant_780,resnet50_tl_20250829,8,4,100,156,104.0,160.0,147.64105224609375,147.46937561035156,0.1716766357421875
ns_elephant_780,resnet50_tl_20250829,8,4,100,160,104.0,164.0,147.64105224609375,147.41673278808594,0.2243194580078125
ns_elephant_780,resnet50_tl_20250829,8,4,100,164,104.0,168.0,147.64105224609375,147.3701171875,0.27093505859375
ns_elephant_780,resnet50_tl_20250829,8,4,100,168,104.0,172.0,147.64105224609375,147.30433654785156,0.3367156982421875
ns_elephant_780,resnet50_tl_20250829,8,4,100,172,104.0,176.0,147.64105224609375,147.35804748535156,0.2830047607421875
ns_elephant_780,resnet50_tl_20250829,8,4,100,176,104.0,180.0,147.64105224609375,147.3696746826172,0.2713775634765625
ns_elephant_780,resnet50_tl_20250829,8,4,100,180,104.0,184.0,147.64105224609375,147.40516662597656,0.2358856201171875
ns_elephant_780,resnet50_tl_20250829,8,4,100,184,104.0,188.0,147.64105224609375,147.41563415527344,0.2254180908203125
ns_elephant_780,resnet50_tl_20250829,8,4,100,188,104.0,192.0,147.64105224609375,147.46543884277344,0.1756134033203125
ns_elephant_780,resnet50_tl_20250829,8,4,100,192,104.0,196.0,147.64105224609375,147.36276245117188,0.278289794921875
ns_elephant_780,resnet50_tl_20250829,8,4,100,196,104.0,200.0,147.64105224609375,147.3583221435547,0.2827301025390625
ns_elephant_780,resnet50_tl_20250829,8,4,100,200,104.0,204.0,147.64105224609375,147.4219207763672,0.2191314697265625
ns_elephant_780,resnet50_tl_20250829,8,4,100,204,104.0,208.0,147.64105224609375,147.53956604003906,0.1014862060546875
ns_elephant_780,resnet50_tl_20250829,8,4,100,208,104.0,212.0,147.64105224609375,147.5130157470703,0.1280364990234375
ns_elephant_780,resnet50_tl_20250829,8,4,100,212,104.0,216.0,147.64105224609375,147.59152221679688,0.049530029296875
ns_elephant_780,resnet50_tl_20250829,8,4,100,216,104.0,220.0,147.64105224609375,147.52032470703125,0.1207275390625
ns_elephant_780,resnet50_tl_20250829,8,4,104,0,108.0,4.0,147.64105224609375,147.45654296875,0.18450927734375
ns_elephant_780,resnet50_tl_20250829,8,4,104,4,108.0,8.0,147.64105224609375,147.4829864501953,0.1580657958984375
ns_elephant_780,resnet50_tl_20250829,8,4,104,8,108.0,12.0,147.64105224609375,147.58355712890625,0.0574951171875
ns_elephant_780,resnet50_tl_20250829,8,4,104,12,108.0,16.0,147.64105224609375,147.4642791748047,0.1767730712890625
ns_elephant_780,resnet50_tl_20250829,8,4,104,16,108.0,20.0,147.64105224609375,147.44235229492188,0.198699951171875
ns_elephant_780,resnet50_tl_20250829,8,4,104,20,108.0,24.0,147.64105224609375,147.40548706054688,0.235565185546875
ns_elephant_780,resnet50_tl_20250829,8,4,104,24,108.0,28.0,147.64105224609375,147.4728546142578,0.1681976318359375
ns_elephant_780,resnet50_tl_20250829,8,4,104,28,108.0,32.0,147.64105224609375,147.3694610595703,0.2715911865234375
ns_elephant_780,resnet50_tl_20250829,8,4,104,32,108.0,36.0,147.64105224609375,147.39016723632812,0.250885009765625
ns_elephant_780,resnet50_tl_20250829,8,4,104,36,108.0,40.0,147.64105224609375,147.369140625,0.27191162109375
ns_elephant_780,resnet50_tl_20250829,8,4,104,40,108.0,44.0,147.64105224609375,147.48568725585938,0.155364990234375
ns_elephant_780,resnet50_tl_20250829,8,4,104,44,108.0,48.0,147.64105224609375,147.4299774169922,0.2110748291015625
ns_elephant_780,resnet50_tl_20250829,8,4,104,48,108.0,52.0,147.64105224609375,147.47132873535156,0.1697235107421875
ns_elephant_780,resnet50_tl_20250829,8,4,104,52,108.0,56.0,147.64105224609375,147.46800231933594,0.1730499267578125
ns_elephant_780,resnet50_tl_20250829,8,4,104,56,108.0,60.0,147.64105224609375,147.55882263183594,0.0822296142578125
ns_elephant_780,resnet50_tl_20250829,8,4,104,60,108.0,64.0,147.64105224609375,147.51663208007812,0.124420166015625
ns_elephant_780,resnet50_tl_20250829,8,4,104,64,108.0,68.0,147.64105224609375,147.56759643554688,0.073455810546875
ns_elephant_780,resnet50_tl_20250829,8,4,104,68,108.0,72.0,147.64105224609375,147.53158569335938,0.109466552734375
ns_elephant_780,resnet50_tl_20250829,8,4,104,72,108.0,76.0,147.64105224609375,147.57704162597656,0.0640106201171875
ns_elephant_780,resnet50_tl_20250829,8,4,104,76,108.0,80.0,147.64105224609375,147.50350952148438,0.137542724609375
ns_elephant_780,resnet50_tl_20250829,8,4,104,80,108.0,84.0,147.64105224609375,147.57565307617188,0.065399169921875
ns_elephant_780,resnet50_tl_20250829,8,4,104,84,108.0,88.0,147.64105224609375,147.5697784423828,0.0712738037109375
ns_elephant_780,resnet50_tl_20250829,8,4,104,88,108.0,92.0,147.64105224609375,147.65936279296875,-0.018310546875
ns_elephant_780,resnet50_tl_20250829,8,4,104,92,108.0,96.0,147.64105224609375,147.59365844726562,0.047393798828125
ns_elephant_780,resnet50_tl_20250829,8,4,104,96,108.0,100.0,147.64105224609375,147.43276977539062,0.208282470703125
ns_elephant_780,resnet50_tl_20250829,8,4,104,100,108.0,104.0,147.64105224609375,147.3594512939453,0.2816009521484375
ns_elephant_780,resnet50_tl_20250829,8,4,104,104,108.0,108.0,147.64105224609375,147.3254852294922,0.3155670166015625
ns_elephant_780,resnet50_tl_20250829,8,4,104,108,108.0,112.0,147.64105224609375,147.39385986328125,0.2471923828125
ns_elephant_780,resnet50_tl_20250829,8,4,104,112,108.0,116.0,147.64105224609375,147.36105346679688,0.279998779296875
ns_elephant_780,resnet50_tl_20250829,8,4,104,116,108.0,120.0,147.64105224609375,147.4396514892578,0.2014007568359375
ns_elephant_780,resnet50_tl_20250829,8,4,104,120,108.0,124.0,147.64105224609375,147.60707092285156,0.0339813232421875
ns_elephant_780,resnet50_tl_20250829,8,4,104,124,108.0,128.0,147.64105224609375,147.64601135253906,-0.0049591064453125
ns_elephant_780,resnet50_tl_20250829,8,4,104,128,108.0,132.0,147.64105224609375,147.7958526611328,-0.1548004150390625
ns_elephant_780,resnet50_tl_20250829,8,4,104,132,108.0,136.0,147.64105224609375,147.8983917236328,-0.2573394775390625
ns_elephant_780,resnet50_tl_20250829,8,4,104,136,108.0,140.0,147.64105224609375,147.90370178222656,-0.2626495361328125
ns_elephant_780,resnet50_tl_20250829,8,4,104,140,108.0,144.0,147.64105224609375,147.6506805419922,-0.0096282958984375
ns_elephant_780,resnet50_tl_20250829,8,4,104,144,108.0,148.0,147.64105224609375,147.52455139160156,0.1165008544921875
ns_elephant_780,resnet50_tl_20250829,8,4,104,148,108.0,152.0,147.64105224609375,147.52682495117188,0.114227294921875
ns_elephant_780,resnet50_tl_20250829,8,4,104,152,108.0,156.0,147.64105224609375,147.43893432617188,0.202117919921875
ns_elephant_780,resnet50_tl_20250829,8,4,104,156,108.0,160.0,147.64105224609375,147.3581085205078,0.2829437255859375
ns_elephant_780,resnet50_tl_20250829,8,4,104,160,108.0,164.0,147.64105224609375,147.1323699951172,0.5086822509765625
ns_elephant_780,resnet50_tl_20250829,8,4,104,164,108.0,168.0,147.64105224609375,147.26327514648438,0.377777099609375
ns_elephant_780,resnet50_tl_20250829,8,4,104,168,108.0,172.0,147.64105224609375,147.32974243164062,0.311309814453125
ns_elephant_780,resnet50_tl_20250829,8,4,104,172,108.0,176.0,147.64105224609375,147.44296264648438,0.198089599609375
ns_elephant_780,resnet50_tl_20250829,8,4,104,176,108.0,180.0,147.64105224609375,147.40438842773438,0.236663818359375
ns_elephant_780,resnet50_tl_20250829,8,4,104,180,108.0,184.0,147.64105224609375,147.43309020996094,0.2079620361328125
ns_elephant_780,resnet50_tl_20250829,8,4,104,184,108.0,188.0,147.64105224609375,147.38150024414062,0.259552001953125
ns_elephant_780,resnet50_tl_20250829,8,4,104,188,108.0,192.0,147.64105224609375,147.44883728027344,0.1922149658203125
ns_elephant_780,resnet50_tl_20250829,8,4,104,192,108.0,196.0,147.64105224609375,147.3363494873047,0.3047027587890625
ns_elephant_780,resnet50_tl_20250829,8,4,104,196,108.0,200.0,147.64105224609375,147.31826782226562,0.322784423828125
ns_elephant_780,resnet50_tl_20250829,8,4,104,200,108.0,204.0,147.64105224609375,147.3211669921875,0.31988525390625
ns_elephant_780,resnet50_tl_20250829,8,4,104,204,108.0,208.0,147.64105224609375,147.4318084716797,0.2092437744140625
ns_elephant_780,resnet50_tl_20250829,8,4,104,208,108.0,212.0,147.64105224609375,147.5087127685547,0.1323394775390625
ns_elephant_780,resnet50_tl_20250829,8,4,104,212,108.0,216.0,147.64105224609375,147.54998779296875,0.091064453125
ns_elephant_780,resnet50_tl_20250829,8,4,104,216,108.0,220.0,147.64105224609375,147.57289123535156,0.0681610107421875
ns_elephant_780,resnet50_tl_20250829,8,4,108,0,112.0,4.0,147.64105224609375,147.2794189453125,0.36163330078125
ns_elephant_780,resnet50_tl_20250829,8,4,108,4,112.0,8.0,147.64105224609375,147.46958923339844,0.1714630126953125
ns_elephant_780,resnet50_tl_20250829,8,4,108,8,112.0,12.0,147.64105224609375,147.5968017578125,0.04425048828125
ns_elephant_780,resnet50_tl_20250829,8,4,108,12,112.0,16.0,147.64105224609375,147.58840942382812,0.052642822265625
ns_elephant_780,resnet50_tl_20250829,8,4,108,16,112.0,20.0,147.64105224609375,147.44436645507812,0.196685791015625
ns_elephant_780,resnet50_tl_20250829,8,4,108,20,112.0,24.0,147.64105224609375,147.51063537597656,0.1304168701171875
ns_elephant_780,resnet50_tl_20250829,8,4,108,24,112.0,28.0,147.64105224609375,147.566650390625,0.07440185546875
ns_elephant_780,resnet50_tl_20250829,8,4,108,28,112.0,32.0,147.64105224609375,147.41455078125,0.22650146484375
ns_elephant_780,resnet50_tl_20250829,8,4,108,32,112.0,36.0,147.64105224609375,147.33499145507812,0.306060791015625
ns_elephant_780,resnet50_tl_20250829,8,4,108,36,112.0,40.0,147.64105224609375,147.49380493164062,0.147247314453125
ns_elephant_780,resnet50_tl_20250829,8,4,108,40,112.0,44.0,147.64105224609375,147.56924438476562,0.071807861328125
ns_elephant_780,resnet50_tl_20250829,8,4,108,44,112.0,48.0,147.64105224609375,147.5061798095703,0.1348724365234375
ns_elephant_780,resnet50_tl_20250829,8,4,108,48,112.0,52.0,147.64105224609375,147.46644592285156,0.1746063232421875
ns_elephant_780,resnet50_tl_20250829,8,4,108,52,112.0,56.0,147.64105224609375,147.59124755859375,0.0498046875
ns_elephant_780,resnet50_tl_20250829,8,4,108,56,112.0,60.0,147.64105224609375,147.6548309326172,-0.0137786865234375
ns_elephant_780,resnet50_tl_20250829,8,4,108,60,112.0,64.0,147.64105224609375,147.581298828125,0.05975341796875
ns_elephant_780,resnet50_tl_20250829,8,4,108,64,112.0,68.0,147.64105224609375,147.5809326171875,0.06011962890625
ns_elephant_780,resnet50_tl_20250829,8,4,108,68,112.0,72.0,147.64105224609375,147.61915588378906,0.0218963623046875
ns_elephant_780,resnet50_tl_20250829,8,4,108,72,112.0,76.0,147.64105224609375,147.64682006835938,-0.005767822265625
ns_elephant_780,resnet50_tl_20250829,8,4,108,76,112.0,80.0,147.64105224609375,147.46461486816406,0.1764373779296875
ns_elephant_780,resnet50_tl_20250829,8,4,108,80,112.0,84.0,147.64105224609375,147.50936889648438,0.131683349609375
ns_elephant_780,resnet50_tl_20250829,8,4,108,84,112.0,88.0,147.64105224609375,147.6265106201172,0.0145416259765625
ns_elephant_780,resnet50_tl_20250829,8,4,108,88,112.0,92.0,147.64105224609375,147.70101928710938,-0.059967041015625
ns_elephant_780,resnet50_tl_20250829,8,4,108,92,112.0,96.0,147.64105224609375,147.52346801757812,0.117584228515625
ns_elephant_780,resnet50_tl_20250829,8,4,108,96,112.0,100.0,147.64105224609375,147.3708038330078,0.2702484130859375
ns_elephant_780,resnet50_tl_20250829,8,4,108,100,112.0,104.0,147.64105224609375,147.25685119628906,0.3842010498046875
ns_elephant_780,resnet50_tl_20250829,8,4,108,104,112.0,108.0,147.64105224609375,147.22756958007812,0.413482666015625
ns_elephant_780,resnet50_tl_20250829,8,4,108,108,112.0,112.0,147.64105224609375,147.41737365722656,0.2236785888671875
ns_elephant_780,resnet50_tl_20250829,8,4,108,112,112.0,116.0,147.64105224609375,147.36328125,0.27777099609375
ns_elephant_780,resnet50_tl_20250829,8,4,108,116,112.0,120.0,147.64105224609375,147.404052734375,0.23699951171875
ns_elephant_780,resnet50_tl_20250829,8,4,108,120,112.0,124.0,147.64105224609375,147.52699279785156,0.1140594482421875
ns_elephant_780,resnet50_tl_20250829,8,4,108,124,112.0,128.0,147.64105224609375,147.19557189941406,0.4454803466796875
ns_elephant_780,resnet50_tl_20250829,8,4,108,128,112.0,132.0,147.64105224609375,147.16075134277344,0.4803009033203125
ns_elephant_780,resnet50_tl_20250829,8,4,108,132,112.0,136.0,147.64105224609375,147.71278381347656,-0.0717315673828125
ns_elephant_780,resnet50_tl_20250829,8,4,108,136,112.0,140.0,147.64105224609375,147.715087890625,-0.07403564453125
ns_elephant_780,resnet50_tl_20250829,8,4,108,140,112.0,144.0,147.64105224609375,147.35784912109375,0.283203125
ns_elephant_780,resnet50_tl_20250829,8,4,108,144,112.0,148.0,147.64105224609375,147.10801696777344,0.5330352783203125
ns_elephant_780,resnet50_tl_20250829,8,4,108,148,112.0,152.0,147.64105224609375,147.38722229003906,0.2538299560546875
ns_elephant_780,resnet50_tl_20250829,8,4,108,152,112.0,156.0,147.64105224609375,147.5199432373047,0.1211090087890625
ns_elephant_780,resnet50_tl_20250829,8,4,108,156,112.0,160.0,147.64105224609375,147.25120544433594,0.3898468017578125
ns_elephant_780,resnet50_tl_20250829,8,4,108,160,112.0,164.0,147.64105224609375,147.0771026611328,0.5639495849609375
ns_elephant_780,resnet50_tl_20250829,8,4,108,164,112.0,168.0,147.64105224609375,147.32374572753906,0.3173065185546875
ns_elephant_780,resnet50_tl_20250829,8,4,108,168,112.0,172.0,147.64105224609375,147.47250366210938,0.168548583984375
ns_elephant_780,resnet50_tl_20250829,8,4,108,172,112.0,176.0,147.64105224609375,147.3285675048828,0.3124847412109375
ns_elephant_780,resnet50_tl_20250829,8,4,108,176,112.0,180.0,147.64105224609375,147.44146728515625,0.1995849609375
ns_elephant_780,resnet50_tl_20250829,8,4,108,180,112.0,184.0,147.64105224609375,147.48016357421875,0.160888671875
ns_elephant_780,resnet50_tl_20250829,8,4,108,184,112.0,188.0,147.64105224609375,147.4050750732422,0.2359771728515625
ns_elephant_780,resnet50_tl_20250829,8,4,108,188,112.0,192.0,147.64105224609375,147.39939880371094,0.2416534423828125
ns_elephant_780,resnet50_tl_20250829,8,4,108,192,112.0,196.0,147.64105224609375,147.3356170654297,0.3054351806640625
ns_elephant_780,resnet50_tl_20250829,8,4,108,196,112.0,200.0,147.64105224609375,147.44725036621094,0.1938018798828125
ns_elephant_780,resnet50_tl_20250829,8,4,108,200,112.0,204.0,147.64105224609375,147.36898803710938,0.272064208984375
ns_elephant_780,resnet50_tl_20250829,8,4,108,204,112.0,208.0,147.64105224609375,147.23573303222656,0.4053192138671875
ns_elephant_780,resnet50_tl_20250829,8,4,108,208,112.0,212.0,147.64105224609375,147.42654418945312,0.214508056640625
ns_elephant_780,resnet50_tl_20250829,8,4,108,212,112.0,216.0,147.64105224609375,147.5441131591797,0.0969390869140625
ns_elephant_780,resnet50_tl_20250829,8,4,108,216,112.0,220.0,147.64105224609375,147.63726806640625,0.0037841796875
ns_elephant_780,resnet50_tl_20250829,8,4,112,0,116.0,4.0,147.64105224609375,147.3050994873047,0.3359527587890625
ns_elephant_780,resnet50_tl_20250829,8,4,112,4,116.0,8.0,147.64105224609375,147.4082489013672,0.2328033447265625
ns_elephant_780,resnet50_tl_20250829,8,4,112,8,116.0,12.0,147.64105224609375,147.5946807861328,0.0463714599609375
ns_elephant_780,resnet50_tl_20250829,8,4,112,12,116.0,16.0,147.64105224609375,147.44544982910156,0.1956024169921875
ns_elephant_780,resnet50_tl_20250829,8,4,112,16,116.0,20.0,147.64105224609375,147.43698120117188,0.204071044921875
ns_elephant_780,resnet50_tl_20250829,8,4,112,20,116.0,24.0,147.64105224609375,147.4098358154297,0.2312164306640625
ns_elephant_780,resnet50_tl_20250829,8,4,112,24,116.0,28.0,147.64105224609375,147.52598571777344,0.1150665283203125
ns_elephant_780,resnet50_tl_20250829,8,4,112,28,116.0,32.0,147.64105224609375,147.327880859375,0.31317138671875
ns_elephant_780,resnet50_tl_20250829,8,4,112,32,116.0,36.0,147.64105224609375,147.36380004882812,0.277252197265625
ns_elephant_780,resnet50_tl_20250829,8,4,112,36,116.0,40.0,147.64105224609375,147.4225616455078,0.2184906005859375
ns_elephant_780,resnet50_tl_20250829,8,4,112,40,116.0,44.0,147.64105224609375,147.5466766357422,0.0943756103515625
ns_elephant_780,resnet50_tl_20250829,8,4,112,44,116.0,48.0,147.64105224609375,147.41217041015625,0.2288818359375
ns_elephant_780,resnet50_tl_20250829,8,4,112,48,116.0,52.0,147.64105224609375,147.45632934570312,0.184722900390625
ns_elephant_780,resnet50_tl_20250829,8,4,112,52,116.0,56.0,147.64105224609375,147.5055389404297,0.1355133056640625
ns_elephant_780,resnet50_tl_20250829,8,4,112,56,116.0,60.0,147.64105224609375,147.61643981933594,0.0246124267578125
ns_elephant_780,resnet50_tl_20250829,8,4,112,60,116.0,64.0,147.64105224609375,147.51327514648438,0.127777099609375
ns_elephant_780,resnet50_tl_20250829,8,4,112,64,116.0,68.0,147.64105224609375,147.56723022460938,0.073822021484375
ns_elephant_780,resnet50_tl_20250829,8,4,112,68,116.0,72.0,147.64105224609375,147.55807495117188,0.082977294921875
ns_elephant_780,resnet50_tl_20250829,8,4,112,72,116.0,76.0,147.64105224609375,147.62522888183594,0.0158233642578125
ns_elephant_780,resnet50_tl_20250829,8,4,112,76,116.0,80.0,147.64105224609375,147.46817016601562,0.172882080078125
ns_elephant_780,resnet50_tl_20250829,8,4,112,80,116.0,84.0,147.64105224609375,147.5312042236328,0.1098480224609375
ns_elephant_780,resnet50_tl_20250829,8,4,112,84,116.0,88.0,147.64105224609375,147.54112243652344,0.0999298095703125
ns_elephant_780,resnet50_tl_20250829,8,4,112,88,116.0,92.0,147.64105224609375,147.63070678710938,0.010345458984375
ns_elephant_780,resnet50_tl_20250829,8,4,112,92,116.0,96.0,147.64105224609375,147.47311401367188,0.167938232421875
ns_elephant_780,resnet50_tl_20250829,8,4,112,96,116.0,100.0,147.64105224609375,147.35777282714844,0.2832794189453125
ns_elephant_780,resnet50_tl_20250829,8,4,112,100,116.0,104.0,147.64105224609375,147.2698516845703,0.3712005615234375
ns_elephant_780,resnet50_tl_20250829,8,4,112,104,116.0,108.0,147.64105224609375,147.2717742919922,0.3692779541015625
ns_elephant_780,resnet50_tl_20250829,8,4,112,108,116.0,112.0,147.64105224609375,147.40072631835938,0.240325927734375
ns_elephant_780,resnet50_tl_20250829,8,4,112,112,116.0,116.0,147.64105224609375,147.40072631835938,0.240325927734375
ns_elephant_780,resnet50_tl_20250829,8,4,112,116,116.0,120.0,147.64105224609375,147.37158203125,0.26947021484375
ns_elephant_780,resnet50_tl_20250829,8,4,112,120,116.0,124.0,147.64105224609375,147.43124389648438,0.209808349609375
ns_elephant_780,resnet50_tl_20250829,8,4,112,124,116.0,128.0,147.64105224609375,147.21913146972656,0.4219207763671875
ns_elephant_780,resnet50_tl_20250829,8,4,112,128,116.0,132.0,147.64105224609375,147.20733642578125,0.4337158203125
ns_elephant_780,resnet50_tl_20250829,8,4,112,132,116.0,136.0,147.64105224609375,147.68319702148438,-0.042144775390625
ns_elephant_780,resnet50_tl_20250829,8,4,112,136,116.0,140.0,147.64105224609375,147.80186462402344,-0.1608123779296875
ns_elephant_780,resnet50_tl_20250829,8,4,112,140,116.0,144.0,147.64105224609375,147.4242706298828,0.2167816162109375
ns_elephant_780,resnet50_tl_20250829,8,4,112,144,116.0,148.0,147.64105224609375,147.37588500976562,0.265167236328125
ns_elephant_780,resnet50_tl_20250829,8,4,112,148,116.0,152.0,147.64105224609375,147.45944213867188,0.181610107421875
ns_elephant_780,resnet50_tl_20250829,8,4,112,152,116.0,156.0,147.64105224609375,147.66586303710938,-0.024810791015625
ns_elephant_780,resnet50_tl_20250829,8,4,112,156,116.0,160.0,147.64105224609375,147.4674835205078,0.1735687255859375
ns_elephant_780,resnet50_tl_20250829,8,4,112,160,116.0,164.0,147.64105224609375,147.50816345214844,0.1328887939453125
ns_elephant_780,resnet50_tl_20250829,8,4,112,164,116.0,168.0,147.64105224609375,147.5338592529297,0.1071929931640625
ns_elephant_780,resnet50_tl_20250829,8,4,112,168,116.0,172.0,147.64105224609375,147.6588897705078,-0.0178375244140625
ns_elephant_780,resnet50_tl_20250829,8,4,112,172,116.0,176.0,147.64105224609375,147.29066467285156,0.3503875732421875
ns_elephant_780,resnet50_tl_20250829,8,4,112,176,116.0,180.0,147.64105224609375,147.28453063964844,0.3565216064453125
ns_elephant_780,resnet50_tl_20250829,8,4,112,180,116.0,184.0,147.64105224609375,147.43174743652344,0.2093048095703125
ns_elephant_780,resnet50_tl_20250829,8,4,112,184,116.0,188.0,147.64105224609375,147.45132446289062,0.189727783203125
ns_elephant_780,resnet50_tl_20250829,8,4,112,188,116.0,192.0,147.64105224609375,147.34841918945312,0.292633056640625
ns_elephant_780,resnet50_tl_20250829,8,4,112,192,116.0,196.0,147.64105224609375,147.3324432373047,0.3086090087890625
ns_elephant_780,resnet50_tl_20250829,8,4,112,196,116.0,200.0,147.64105224609375,147.40980529785156,0.2312469482421875
ns_elephant_780,resnet50_tl_20250829,8,4,112,200,116.0,204.0,147.64105224609375,147.56057739257812,0.080474853515625
ns_elephant_780,resnet50_tl_20250829,8,4,112,204,116.0,208.0,147.64105224609375,147.42250061035156,0.2185516357421875
ns_elephant_780,resnet50_tl_20250829,8,4,112,208,116.0,212.0,147.64105224609375,147.47573852539062,0.165313720703125
ns_elephant_780,resnet50_tl_20250829,8,4,112,212,116.0,216.0,147.64105224609375,147.51919555664062,0.121856689453125
ns_elephant_780,resnet50_tl_20250829,8,4,112,216,116.0,220.0,147.64105224609375,147.6005401611328,0.0405120849609375
ns_elephant_780,resnet50_tl_20250829,8,4,116,0,120.0,4.0,147.64105224609375,147.56863403320312,0.072418212890625
ns_elephant_780,resnet50_tl_20250829,8,4,116,4,120.0,8.0,147.64105224609375,147.551025390625,0.09002685546875
ns_elephant_780,resnet50_tl_20250829,8,4,116,8,120.0,12.0,147.64105224609375,147.6119842529297,0.0290679931640625
ns_elephant_780,resnet50_tl_20250829,8,4,116,12,120.0,16.0,147.64105224609375,147.6370849609375,0.00396728515625
ns_elephant_780,resnet50_tl_20250829,8,4,116,16,120.0,20.0,147.64105224609375,147.57675170898438,0.064300537109375
ns_elephant_780,resnet50_tl_20250829,8,4,116,20,120.0,24.0,147.64105224609375,147.59532165527344,0.0457305908203125
ns_elephant_780,resnet50_tl_20250829,8,4,116,24,120.0,28.0,147.64105224609375,147.54859924316406,0.0924530029296875
ns_elephant_780,resnet50_tl_20250829,8,4,116,28,120.0,32.0,147.64105224609375,147.5868682861328,0.0541839599609375
ns_elephant_780,resnet50_tl_20250829,8,4,116,32,120.0,36.0,147.64105224609375,147.56715393066406,0.0738983154296875
ns_elephant_780,resnet50_tl_20250829,8,4,116,36,120.0,40.0,147.64105224609375,147.62991333007812,0.011138916015625
ns_elephant_780,resnet50_tl_20250829,8,4,116,40,120.0,44.0,147.64105224609375,147.5712432861328,0.0698089599609375
ns_elephant_780,resnet50_tl_20250829,8,4,116,44,120.0,48.0,147.64105224609375,147.6372833251953,0.0037689208984375
ns_elephant_780,resnet50_tl_20250829,8,4,116,48,120.0,52.0,147.64105224609375,147.63504028320312,0.006011962890625
ns_elephant_780,resnet50_tl_20250829,8,4,116,52,120.0,56.0,147.64105224609375,147.71409606933594,-0.0730438232421875
ns_elephant_780,resnet50_tl_20250829,8,4,116,56,120.0,60.0,147.64105224609375,147.6417999267578,-0.0007476806640625
ns_elephant_780,resnet50_tl_20250829,8,4,116,60,120.0,64.0,147.64105224609375,147.70545959472656,-0.0644073486328125
ns_elephant_780,resnet50_tl_20250829,8,4,116,64,120.0,68.0,147.64105224609375,147.68896484375,-0.04791259765625
ns_elephant_780,resnet50_tl_20250829,8,4,116,68,120.0,72.0,147.64105224609375,147.7152099609375,-0.07415771484375
ns_elephant_780,resnet50_tl_20250829,8,4,116,72,120.0,76.0,147.64105224609375,147.64566040039062,-0.004608154296875
ns_elephant_780,resnet50_tl_20250829,8,4,116,76,120.0,80.0,147.64105224609375,147.6730194091797,-0.0319671630859375
ns_elephant_780,resnet50_tl_20250829,8,4,116,80,120.0,84.0,147.64105224609375,147.69915771484375,-0.05810546875
ns_elephant_780,resnet50_tl_20250829,8,4,116,84,120.0,88.0,147.64105224609375,147.7090301513672,-0.0679779052734375
ns_elephant_780,resnet50_tl_20250829,8,4,116,88,120.0,92.0,147.64105224609375,147.6888885498047,-0.0478363037109375
ns_elephant_780,resnet50_tl_20250829,8,4,116,92,120.0,96.0,147.64105224609375,147.6687469482422,-0.0276947021484375
ns_elephant_780,resnet50_tl_20250829,8,4,116,96,120.0,100.0,147.64105224609375,147.59017944335938,0.050872802734375
ns_elephant_780,resnet50_tl_20250829,8,4,116,100,120.0,104.0,147.64105224609375,147.45562744140625,0.1854248046875
ns_elephant_780,resnet50_tl_20250829,8,4,116,104,120.0,108.0,147.64105224609375,147.24176025390625,0.3992919921875
ns_elephant_780,resnet50_tl_20250829,8,4,116,108,120.0,112.0,147.64105224609375,147.35757446289062,0.283477783203125
ns_elephant_780,resnet50_tl_20250829,8,4,116,112,120.0,116.0,147.64105224609375,147.2438201904297,0.3972320556640625
ns_elephant_780,resnet50_tl_20250829,8,4,116,116,120.0,120.0,147.64105224609375,147.3042755126953,0.3367767333984375
ns_elephant_780,resnet50_tl_20250829,8,4,116,120,120.0,124.0,147.64105224609375,147.38189697265625,0.2591552734375
ns_elephant_780,resnet50_tl_20250829,8,4,116,124,120.0,128.0,147.64105224609375,147.4154510498047,0.2256011962890625
ns_elephant_780,resnet50_tl_20250829,8,4,116,128,120.0,132.0,147.64105224609375,147.5717315673828,0.0693206787109375
ns_elephant_780,resnet50_tl_20250829,8,4,116,132,120.0,136.0,147.64105224609375,147.8649444580078,-0.2238922119140625
ns_elephant_780,resnet50_tl_20250829,8,4,116,136,120.0,140.0,147.64105224609375,147.89561462402344,-0.2545623779296875
ns_elephant_780,resnet50_tl_20250829,8,4,116,140,120.0,144.0,147.64105224609375,147.80320739746094,-0.1621551513671875
ns_elephant_780,resnet50_tl_20250829,8,4,116,144,120.0,148.0,147.64105224609375,147.67710876464844,-0.0360565185546875
ns_elephant_780,resnet50_tl_20250829,8,4,116,148,120.0,152.0,147.64105224609375,147.683837890625,-0.04278564453125
ns_elephant_780,resnet50_tl_20250829,8,4,116,152,120.0,156.0,147.64105224609375,147.66976928710938,-0.028717041015625
ns_elephant_780,resnet50_tl_20250829,8,4,116,156,120.0,160.0,147.64105224609375,147.7210693359375,-0.08001708984375
ns_elephant_780,resnet50_tl_20250829,8,4,116,160,120.0,164.0,147.64105224609375,147.73178100585938,-0.090728759765625
ns_elephant_780,resnet50_tl_20250829,8,4,116,164,120.0,168.0,147.64105224609375,147.8452606201172,-0.2042083740234375
ns_elephant_780,resnet50_tl_20250829,8,4,116,168,120.0,172.0,147.64105224609375,147.74520874023438,-0.104156494140625
ns_elephant_780,resnet50_tl_20250829,8,4,116,172,120.0,176.0,147.64105224609375,147.612060546875,0.02899169921875
ns_elephant_780,resnet50_tl_20250829,8,4,116,176,120.0,180.0,147.64105224609375,147.5144500732422,0.1266021728515625
ns_elephant_780,resnet50_tl_20250829,8,4,116,180,120.0,184.0,147.64105224609375,147.52490234375,0.11614990234375
ns_elephant_780,resnet50_tl_20250829,8,4,116,184,120.0,188.0,147.64105224609375,147.34393310546875,0.297119140625
ns_elephant_780,resnet50_tl_20250829,8,4,116,188,120.0,192.0,147.64105224609375,147.34580993652344,0.2952423095703125
ns_elephant_780,resnet50_tl_20250829,8,4,116,192,120.0,196.0,147.64105224609375,147.2735595703125,0.36749267578125
ns_elephant_780,resnet50_tl_20250829,8,4,116,196,120.0,200.0,147.64105224609375,147.31329345703125,0.3277587890625
ns_elephant_780,resnet50_tl_20250829,8,4,116,200,120.0,204.0,147.64105224609375,147.50965881347656,0.1313934326171875
ns_elephant_780,resnet50_tl_20250829,8,4,116,204,120.0,208.0,147.64105224609375,147.56007385253906,0.0809783935546875
ns_elephant_780,resnet50_tl_20250829,8,4,116,208,120.0,212.0,147.64105224609375,147.5267791748047,0.1142730712890625
ns_elephant_780,resnet50_tl_20250829,8,4,116,212,120.0,216.0,147.64105224609375,147.5904541015625,0.05059814453125
ns_elephant_780,resnet50_tl_20250829,8,4,116,216,120.0,220.0,147.64105224609375,147.638671875,0.00238037109375
ns_elephant_780,resnet50_tl_20250829,8,4,120,0,124.0,4.0,147.64105224609375,147.46505737304688,0.175994873046875
ns_elephant_780,resnet50_tl_20250829,8,4,120,4,124.0,8.0,147.64105224609375,147.46875,0.17230224609375
ns_elephant_780,resnet50_tl_20250829,8,4,120,8,124.0,12.0,147.64105224609375,147.56423950195312,0.076812744140625
ns_elephant_780,resnet50_tl_20250829,8,4,120,12,124.0,16.0,147.64105224609375,147.45013427734375,0.19091796875
ns_elephant_780,resnet50_tl_20250829,8,4,120,16,124.0,20.0,147.64105224609375,147.43943786621094,0.2016143798828125
ns_elephant_780,resnet50_tl_20250829,8,4,120,20,124.0,24.0,147.64105224609375,147.41748046875,0.22357177734375
ns_elephant_780,resnet50_tl_20250829,8,4,120,24,124.0,28.0,147.64105224609375,147.47482299804688,0.166229248046875
ns_elephant_780,resnet50_tl_20250829,8,4,120,28,124.0,32.0,147.64105224609375,147.36570739746094,0.2753448486328125
ns_elephant_780,resnet50_tl_20250829,8,4,120,32,124.0,36.0,147.64105224609375,147.38223266601562,0.258819580078125
ns_elephant_780,resnet50_tl_20250829,8,4,120,36,124.0,40.0,147.64105224609375,147.40501403808594,0.2360382080078125
ns_elephant_780,resnet50_tl_20250829,8,4,120,40,124.0,44.0,147.64105224609375,147.49887084960938,0.142181396484375
ns_elephant_780,resnet50_tl_20250829,8,4,120,44,124.0,48.0,147.64105224609375,147.44769287109375,0.193359375
ns_elephant_780,resnet50_tl_20250829,8,4,120,48,124.0,52.0,147.64105224609375,147.45184326171875,0.189208984375
ns_elephant_780,resnet50_tl_20250829,8,4,120,52,124.0,56.0,147.64105224609375,147.49363708496094,0.1474151611328125
ns_elephant_780,resnet50_tl_20250829,8,4,120,56,124.0,60.0,147.64105224609375,147.55755615234375,0.08349609375
ns_elephant_780,resnet50_tl_20250829,8,4,120,60,124.0,64.0,147.64105224609375,147.51109313964844,0.1299591064453125
ns_elephant_780,resnet50_tl_20250829,8,4,120,64,124.0,68.0,147.64105224609375,147.52296447753906,0.1180877685546875
ns_elephant_780,resnet50_tl_20250829,8,4,120,68,124.0,72.0,147.64105224609375,147.51454162597656,0.1265106201171875
ns_elephant_780,resnet50_tl_20250829,8,4,120,72,124.0,76.0,147.64105224609375,147.56930541992188,0.071746826171875
ns_elephant_780,resnet50_tl_20250829,8,4,120,76,124.0,80.0,147.64105224609375,147.5557403564453,0.0853118896484375
ns_elephant_780,resnet50_tl_20250829,8,4,120,80,124.0,84.0,147.64105224609375,147.58570861816406,0.0553436279296875
ns_elephant_780,resnet50_tl_20250829,8,4,120,84,124.0,88.0,147.64105224609375,147.55380249023438,0.087249755859375
ns_elephant_780,resnet50_tl_20250829,8,4,120,88,124.0,92.0,147.64105224609375,147.63880920410156,0.0022430419921875
ns_elephant_780,resnet50_tl_20250829,8,4,120,92,124.0,96.0,147.64105224609375,147.52694702148438,0.114105224609375
ns_elephant_780,resnet50_tl_20250829,8,4,120,96,124.0,100.0,147.64105224609375,147.4761505126953,0.1649017333984375
ns_elephant_780,resnet50_tl_20250829,8,4,120,100,124.0,104.0,147.64105224609375,147.38558959960938,0.255462646484375
ns_elephant_780,resnet50_tl_20250829,8,4,120,104,124.0,108.0,147.64105224609375,147.2803497314453,0.3607025146484375
ns_elephant_780,resnet50_tl_20250829,8,4,120,108,124.0,112.0,147.64105224609375,147.41448974609375,0.2265625
ns_elephant_780,resnet50_tl_20250829,8,4,120,112,124.0,116.0,147.64105224609375,147.3355255126953,0.3055267333984375
ns_elephant_780,resnet50_tl_20250829,8,4,120,116,124.0,120.0,147.64105224609375,147.3495635986328,0.2914886474609375
ns_elephant_780,resnet50_tl_20250829,8,4,120,120,124.0,124.0,147.64105224609375,147.45071411132812,0.190338134765625
ns_elephant_780,resnet50_tl_20250829,8,4,120,124,124.0,128.0,147.64105224609375,147.3763427734375,0.26470947265625
ns_elephant_780,resnet50_tl_20250829,8,4,120,128,124.0,132.0,147.64105224609375,147.46444702148438,0.176605224609375
ns_elephant_780,resnet50_tl_20250829,8,4,120,132,124.0,136.0,147.64105224609375,147.56130981445312,0.079742431640625
ns_elephant_780,resnet50_tl_20250829,8,4,120,136,124.0,140.0,147.64105224609375,147.7384033203125,-0.09735107421875
ns_elephant_780,resnet50_tl_20250829,8,4,120,140,124.0,144.0,147.64105224609375,147.5509033203125,0.09014892578125
ns_elephant_780,resnet50_tl_20250829,8,4,120,144,124.0,148.0,147.64105224609375,147.48504638671875,0.156005859375
ns_elephant_780,resnet50_tl_20250829,8,4,120,148,124.0,152.0,147.64105224609375,147.44021606445312,0.200836181640625
ns_elephant_780,resnet50_tl_20250829,8,4,120,152,124.0,156.0,147.64105224609375,147.60592651367188,0.035125732421875
ns_elephant_780,resnet50_tl_20250829,8,4,120,156,124.0,160.0,147.64105224609375,147.51913452148438,0.121917724609375
ns_elephant_780,resnet50_tl_20250829,8,4,120,160,124.0,164.0,147.64105224609375,147.6173095703125,0.02374267578125
ns_elephant_780,resnet50_tl_20250829,8,4,120,164,124.0,168.0,147.64105224609375,147.54833984375,0.09271240234375
ns_elephant_780,resnet50_tl_20250829,8,4,120,168,124.0,172.0,147.64105224609375,147.67373657226562,-0.032684326171875
ns_elephant_780,resnet50_tl_20250829,8,4,120,172,124.0,176.0,147.64105224609375,147.56370544433594,0.0773468017578125
ns_elephant_780,resnet50_tl_20250829,8,4,120,176,124.0,180.0,147.64105224609375,147.32762145996094,0.3134307861328125
ns_elephant_780,resnet50_tl_20250829,8,4,120,180,124.0,184.0,147.64105224609375,147.3679962158203,0.2730560302734375
ns_elephant_780,resnet50_tl_20250829,8,4,120,184,124.0,188.0,147.64105224609375,147.3734893798828,0.2675628662109375
ns_elephant_780,resnet50_tl_20250829,8,4,120,188,124.0,192.0,147.64105224609375,147.45362854003906,0.1874237060546875
ns_elephant_780,resnet50_tl_20250829,8,4,120,192,124.0,196.0,147.64105224609375,147.3237762451172,0.3172760009765625
ns_elephant_780,resnet50_tl_20250829,8,4,120,196,124.0,200.0,147.64105224609375,147.32778930664062,0.313262939453125
ns_elephant_780,resnet50_tl_20250829,8,4,120,200,124.0,204.0,147.64105224609375,147.4400177001953,0.2010345458984375
ns_elephant_780,resnet50_tl_20250829,8,4,120,204,124.0,208.0,147.64105224609375,147.6064910888672,0.0345611572265625
ns_elephant_780,resnet50_tl_20250829,8,4,120,208,124.0,212.0,147.64105224609375,147.55450439453125,0.0865478515625
ns_elephant_780,resnet50_tl_20250829,8,4,120,212,124.0,216.0,147.64105224609375,147.54470825195312,0.096343994140625
ns_elephant_780,resnet50_tl_20250829,8,4,120,216,124.0,220.0,147.64105224609375,147.66395568847656,-0.0229034423828125
ns_elephant_780,resnet50_tl_20250829,8,4,124,0,128.0,4.0,147.64105224609375,147.388916015625,0.25213623046875
ns_elephant_780,resnet50_tl_20250829,8,4,124,4,128.0,8.0,147.64105224609375,147.47561645507812,0.165435791015625
ns_elephant_780,resnet50_tl_20250829,8,4,124,8,128.0,12.0,147.64105224609375,147.58885192871094,0.0522003173828125
ns_elephant_780,resnet50_tl_20250829,8,4,124,12,128.0,16.0,147.64105224609375,147.59385681152344,0.0471954345703125
ns_elephant_780,resnet50_tl_20250829,8,4,124,16,128.0,20.0,147.64105224609375,147.47824096679688,0.162811279296875
ns_elephant_780,resnet50_tl_20250829,8,4,124,20,128.0,24.0,147.64105224609375,147.53909301757812,0.101959228515625
ns_elephant_780,resnet50_tl_20250829,8,4,124,24,128.0,28.0,147.64105224609375,147.57965087890625,0.0614013671875
ns_elephant_780,resnet50_tl_20250829,8,4,124,28,128.0,32.0,147.64105224609375,147.32472229003906,0.3163299560546875
ns_elephant_780,resnet50_tl_20250829,8,4,124,32,128.0,36.0,147.64105224609375,147.263427734375,0.37762451171875
ns_elephant_780,resnet50_tl_20250829,8,4,124,36,128.0,40.0,147.64105224609375,147.51820373535156,0.1228485107421875
ns_elephant_780,resnet50_tl_20250829,8,4,124,40,128.0,44.0,147.64105224609375,147.5734405517578,0.0676116943359375
ns_elephant_780,resnet50_tl_20250829,8,4,124,44,128.0,48.0,147.64105224609375,147.50079345703125,0.1402587890625
ns_elephant_780,resnet50_tl_20250829,8,4,124,48,128.0,52.0,147.64105224609375,147.4357452392578,0.2053070068359375
ns_elephant_780,resnet50_tl_20250829,8,4,124,52,128.0,56.0,147.64105224609375,147.63633728027344,0.0047149658203125
ns_elephant_780,resnet50_tl_20250829,8,4,124,56,128.0,60.0,147.64105224609375,147.66725158691406,-0.0261993408203125
ns_elephant_780,resnet50_tl_20250829,8,4,124,60,128.0,64.0,147.64105224609375,147.52882385253906,0.1122283935546875
ns_elephant_780,resnet50_tl_20250829,8,4,124,64,128.0,68.0,147.64105224609375,147.493408203125,0.14764404296875
ns_elephant_780,resnet50_tl_20250829,8,4,124,68,128.0,72.0,147.64105224609375,147.64222717285156,-0.0011749267578125
ns_elephant_780,resnet50_tl_20250829,8,4,124,72,128.0,76.0,147.64105224609375,147.65423583984375,-0.01318359375
ns_elephant_780,resnet50_tl_20250829,8,4,124,76,128.0,80.0,147.64105224609375,147.5707550048828,0.0702972412109375
ns_elephant_780,resnet50_tl_20250829,8,4,124,80,128.0,84.0,147.64105224609375,147.5777130126953,0.0633392333984375
ns_elephant_780,resnet50_tl_20250829,8,4,124,84,128.0,88.0,147.64105224609375,147.6828155517578,-0.0417633056640625
ns_elephant_780,resnet50_tl_20250829,8,4,124,88,128.0,92.0,147.64105224609375,147.69189453125,-0.05084228515625
ns_elephant_780,resnet50_tl_20250829,8,4,124,92,128.0,96.0,147.64105224609375,147.47669982910156,0.1643524169921875
ns_elephant_780,resnet50_tl_20250829,8,4,124,96,128.0,100.0,147.64105224609375,147.31582641601562,0.325225830078125
ns_elephant_780,resnet50_tl_20250829,8,4,124,100,128.0,104.0,147.64105224609375,147.48220825195312,0.158843994140625
ns_elephant_780,resnet50_tl_20250829,8,4,124,104,128.0,108.0,147.64105224609375,147.36566162109375,0.275390625
ns_elephant_780,resnet50_tl_20250829,8,4,124,108,128.0,112.0,147.64105224609375,147.61668395996094,0.0243682861328125
ns_elephant_780,resnet50_tl_20250829,8,4,124,112,128.0,116.0,147.64105224609375,147.49656677246094,0.1444854736328125
ns_elephant_780,resnet50_tl_20250829,8,4,124,116,128.0,120.0,147.64105224609375,147.4385986328125,0.20245361328125
ns_elephant_780,resnet50_tl_20250829,8,4,124,120,128.0,124.0,147.64105224609375,147.61898803710938,0.022064208984375
ns_elephant_780,resnet50_tl_20250829,8,4,124,124,128.0,128.0,147.64105224609375,147.32765197753906,0.3134002685546875
ns_elephant_780,resnet50_tl_20250829,8,4,124,128,128.0,132.0,147.64105224609375,147.32781982421875,0.313232421875
ns_elephant_780,resnet50_tl_20250829,8,4,124,132,128.0,136.0,147.64105224609375,147.6520538330078,-0.0110015869140625
ns_elephant_780,resnet50_tl_20250829,8,4,124,136,128.0,140.0,147.64105224609375,147.63833618164062,0.002716064453125
ns_elephant_780,resnet50_tl_20250829,8,4,124,140,128.0,144.0,147.64105224609375,147.47567749023438,0.165374755859375
ns_elephant_780,resnet50_tl_20250829,8,4,124,144,128.0,148.0,147.64105224609375,147.3504638671875,0.29058837890625
ns_elephant_780,resnet50_tl_20250829,8,4,124,148,128.0,152.0,147.64105224609375,147.49212646484375,0.14892578125
ns_elephant_780,resnet50_tl_20250829,8,4,124,152,128.0,156.0,147.64105224609375,147.56997680664062,0.071075439453125
ns_elephant_780,resnet50_tl_20250829,8,4,124,156,128.0,160.0,147.64105224609375,147.38011169433594,0.2609405517578125
ns_elephant_780,resnet50_tl_20250829,8,4,124,160,128.0,164.0,147.64105224609375,147.4158935546875,0.22515869140625
ns_elephant_780,resnet50_tl_20250829,8,4,124,164,128.0,168.0,147.64105224609375,147.6116485595703,0.0294036865234375
ns_elephant_780,resnet50_tl_20250829,8,4,124,168,128.0,172.0,147.64105224609375,147.65390014648438,-0.012847900390625
ns_elephant_780,resnet50_tl_20250829,8,4,124,172,128.0,176.0,147.64105224609375,147.47921752929688,0.161834716796875
ns_elephant_780,resnet50_tl_20250829,8,4,124,176,128.0,180.0,147.64105224609375,147.2824249267578,0.3586273193359375
ns_elephant_780,resnet50_tl_20250829,8,4,124,180,128.0,184.0,147.64105224609375,147.40093994140625,0.2401123046875
ns_elephant_780,resnet50_tl_20250829,8,4,124,184,128.0,188.0,147.64105224609375,147.51492309570312,0.126129150390625
ns_elephant_780,resnet50_tl_20250829,8,4,124,188,128.0,192.0,147.64105224609375,147.51589965820312,0.125152587890625
ns_elephant_780,resnet50_tl_20250829,8,4,124,192,128.0,196.0,147.64105224609375,147.40252685546875,0.238525390625
ns_elephant_780,resnet50_tl_20250829,8,4,124,196,128.0,200.0,147.64105224609375,147.44451904296875,0.196533203125
ns_elephant_780,resnet50_tl_20250829,8,4,124,200,128.0,204.0,147.64105224609375,147.5605926513672,0.0804595947265625
ns_elephant_780,resnet50_tl_20250829,8,4,124,204,128.0,208.0,147.64105224609375,147.62733459472656,0.0137176513671875
ns_elephant_780,resnet50_tl_20250829,8,4,124,208,128.0,212.0,147.64105224609375,147.54086303710938,0.100189208984375
ns_elephant_780,resnet50_tl_20250829,8,4,124,212,128.0,216.0,147.64105224609375,147.5569305419922,0.0841217041015625
ns_elephant_780,resnet50_tl_20250829,8,4,124,216,128.0,220.0,147.64105224609375,147.62757873535156,0.0134735107421875
ns_elephant_780,resnet50_tl_20250829,8,4,128,0,132.0,4.0,147.64105224609375,147.40052795410156,0.2405242919921875
ns_elephant_780,resnet50_tl_20250829,8,4,128,4,132.0,8.0,147.64105224609375,147.4737091064453,0.1673431396484375
ns_elephant_780,resnet50_tl_20250829,8,4,128,8,132.0,12.0,147.64105224609375,147.57528686523438,0.065765380859375
ns_elephant_780,resnet50_tl_20250829,8,4,128,12,132.0,16.0,147.64105224609375,147.4533233642578,0.1877288818359375
ns_elephant_780,resnet50_tl_20250829,8,4,128,16,132.0,20.0,147.64105224609375,147.4439697265625,0.19708251953125
ns_elephant_780,resnet50_tl_20250829,8,4,128,20,132.0,24.0,147.64105224609375,147.4224853515625,0.21856689453125
ns_elephant_780,resnet50_tl_20250829,8,4,128,24,132.0,28.0,147.64105224609375,147.51919555664062,0.121856689453125
ns_elephant_780,resnet50_tl_20250829,8,4,128,28,132.0,32.0,147.64105224609375,147.2601776123047,0.3808746337890625
ns_elephant_780,resnet50_tl_20250829,8,4,128,32,132.0,36.0,147.64105224609375,147.27235412597656,0.3686981201171875
ns_elephant_780,resnet50_tl_20250829,8,4,128,36,132.0,40.0,147.64105224609375,147.42835998535156,0.2126922607421875
ns_elephant_780,resnet50_tl_20250829,8,4,128,40,132.0,44.0,147.64105224609375,147.51918029785156,0.1218719482421875
ns_elephant_780,resnet50_tl_20250829,8,4,128,44,132.0,48.0,147.64105224609375,147.38304138183594,0.2580108642578125
ns_elephant_780,resnet50_tl_20250829,8,4,128,48,132.0,52.0,147.64105224609375,147.399169921875,0.24188232421875
ns_elephant_780,resnet50_tl_20250829,8,4,128,52,132.0,56.0,147.64105224609375,147.49700927734375,0.14404296875
ns_elephant_780,resnet50_tl_20250829,8,4,128,56,132.0,60.0,147.64105224609375,147.59213256835938,0.048919677734375
ns_elephant_780,resnet50_tl_20250829,8,4,128,60,132.0,64.0,147.64105224609375,147.44480895996094,0.1962432861328125
ns_elephant_780,resnet50_tl_20250829,8,4,128,64,132.0,68.0,147.64105224609375,147.4606170654297,0.1804351806640625
ns_elephant_780,resnet50_tl_20250829,8,4,128,68,132.0,72.0,147.64105224609375,147.52517700195312,0.115875244140625
ns_elephant_780,resnet50_tl_20250829,8,4,128,72,132.0,76.0,147.64105224609375,147.5873565673828,0.0536956787109375
ns_elephant_780,resnet50_tl_20250829,8,4,128,76,132.0,80.0,147.64105224609375,147.48745727539062,0.153594970703125
ns_elephant_780,resnet50_tl_20250829,8,4,128,80,132.0,84.0,147.64105224609375,147.5288848876953,0.1121673583984375
ns_elephant_780,resnet50_tl_20250829,8,4,128,84,132.0,88.0,147.64105224609375,147.5742645263672,0.0667877197265625
ns_elephant_780,resnet50_tl_20250829,8,4,128,88,132.0,92.0,147.64105224609375,147.6284942626953,0.0125579833984375
ns_elephant_780,resnet50_tl_20250829,8,4,128,92,132.0,96.0,147.64105224609375,147.43576049804688,0.205291748046875
ns_elephant_780,resnet50_tl_20250829,8,4,128,96,132.0,100.0,147.64105224609375,147.36239624023438,0.278656005859375
ns_elephant_780,resnet50_tl_20250829,8,4,128,100,132.0,104.0,147.64105224609375,147.43507385253906,0.2059783935546875
ns_elephant_780,resnet50_tl_20250829,8,4,128,104,132.0,108.0,147.64105224609375,147.36276245117188,0.278289794921875
ns_elephant_780,resnet50_tl_20250829,8,4,128,108,132.0,112.0,147.64105224609375,147.6035919189453,0.0374603271484375
ns_elephant_780,resnet50_tl_20250829,8,4,128,112,132.0,116.0,147.64105224609375,147.55271911621094,0.0883331298828125
ns_elephant_780,resnet50_tl_20250829,8,4,128,116,132.0,120.0,147.64105224609375,147.53875732421875,0.102294921875
ns_elephant_780,resnet50_tl_20250829,8,4,128,120,132.0,124.0,147.64105224609375,147.52789306640625,0.1131591796875
ns_elephant_780,resnet50_tl_20250829,8,4,128,124,132.0,128.0,147.64105224609375,147.26011657714844,0.3809356689453125
ns_elephant_780,resnet50_tl_20250829,8,4,128,128,132.0,132.0,147.64105224609375,147.3258819580078,0.3151702880859375
ns_elephant_780,resnet50_tl_20250829,8,4,128,132,132.0,136.0,147.64105224609375,147.4420623779297,0.1989898681640625
ns_elephant_780,resnet50_tl_20250829,8,4,128,136,132.0,140.0,147.64105224609375,147.48703002929688,0.154022216796875
ns_elephant_780,resnet50_tl_20250829,8,4,128,140,132.0,144.0,147.64105224609375,147.32762145996094,0.3134307861328125
ns_elephant_780,resnet50_tl_20250829,8,4,128,144,132.0,148.0,147.64105224609375,147.2469024658203,0.3941497802734375
ns_elephant_780,resnet50_tl_20250829,8,4,128,148,132.0,152.0,147.64105224609375,147.30792236328125,0.3331298828125
ns_elephant_780,resnet50_tl_20250829,8,4,128,152,132.0,156.0,147.64105224609375,147.42840576171875,0.212646484375
ns_elephant_780,resnet50_tl_20250829,8,4,128,156,132.0,160.0,147.64105224609375,147.24270629882812,0.398345947265625
ns_elephant_780,resnet50_tl_20250829,8,4,128,160,132.0,164.0,147.64105224609375,147.3108367919922,0.3302154541015625
ns_elephant_780,resnet50_tl_20250829,8,4,128,164,132.0,168.0,147.64105224609375,147.39590454101562,0.245147705078125
ns_elephant_780,resnet50_tl_20250829,8,4,128,168,132.0,172.0,147.64105224609375,147.54603576660156,0.0950164794921875
ns_elephant_780,resnet50_tl_20250829,8,4,128,172,132.0,176.0,147.64105224609375,147.39613342285156,0.2449188232421875
ns_elephant_780,resnet50_tl_20250829,8,4,128,176,132.0,180.0,147.64105224609375,147.40431213378906,0.2367401123046875
ns_elephant_780,resnet50_tl_20250829,8,4,128,180,132.0,184.0,147.64105224609375,147.42161560058594,0.2194366455078125
ns_elephant_780,resnet50_tl_20250829,8,4,128,184,132.0,188.0,147.64105224609375,147.44436645507812,0.196685791015625
ns_elephant_780,resnet50_tl_20250829,8,4,128,188,132.0,192.0,147.64105224609375,147.511474609375,0.12957763671875
ns_elephant_780,resnet50_tl_20250829,8,4,128,192,132.0,196.0,147.64105224609375,147.50418090820312,0.136871337890625
ns_elephant_780,resnet50_tl_20250829,8,4,128,196,132.0,200.0,147.64105224609375,147.5030059814453,0.1380462646484375
ns_elephant_780,resnet50_tl_20250829,8,4,128,200,132.0,204.0,147.64105224609375,147.58009338378906,0.0609588623046875
ns_elephant_780,resnet50_tl_20250829,8,4,128,204,132.0,208.0,147.64105224609375,147.62428283691406,0.0167694091796875
ns_elephant_780,resnet50_tl_20250829,8,4,128,208,132.0,212.0,147.64105224609375,147.5291290283203,0.1119232177734375
ns_elephant_780,resnet50_tl_20250829,8,4,128,212,132.0,216.0,147.64105224609375,147.5750732421875,0.06597900390625
ns_elephant_780,resnet50_tl_20250829,8,4,128,216,132.0,220.0,147.64105224609375,147.64364624023438,-0.002593994140625
ns_elephant_780,resnet50_tl_20250829,8,4,132,0,136.0,4.0,147.64105224609375,147.58822631835938,0.052825927734375
ns_elephant_780,resnet50_tl_20250829,8,4,132,4,136.0,8.0,147.64105224609375,147.598876953125,0.04217529296875
ns_elephant_780,resnet50_tl_20250829,8,4,132,8,136.0,12.0,147.64105224609375,147.6165008544922,0.0245513916015625
ns_elephant_780,resnet50_tl_20250829,8,4,132,12,136.0,16.0,147.64105224609375,147.63519287109375,0.005859375
ns_elephant_780,resnet50_tl_20250829,8,4,132,16,136.0,20.0,147.64105224609375,147.5432586669922,0.0977935791015625
ns_elephant_780,resnet50_tl_20250829,8,4,132,20,136.0,24.0,147.64105224609375,147.6098175048828,0.0312347412109375
ns_elephant_780,resnet50_tl_20250829,8,4,132,24,136.0,28.0,147.64105224609375,147.5202178955078,0.1208343505859375
ns_elephant_780,resnet50_tl_20250829,8,4,132,28,136.0,32.0,147.64105224609375,147.5720977783203,0.0689544677734375
ns_elephant_780,resnet50_tl_20250829,8,4,132,32,136.0,36.0,147.64105224609375,147.51768493652344,0.1233673095703125
ns_elephant_780,resnet50_tl_20250829,8,4,132,36,136.0,40.0,147.64105224609375,147.64456176757812,-0.003509521484375
ns_elephant_780,resnet50_tl_20250829,8,4,132,40,136.0,44.0,147.64105224609375,147.55133056640625,0.0897216796875
ns_elephant_780,resnet50_tl_20250829,8,4,132,44,136.0,48.0,147.64105224609375,147.6433563232422,-0.0023040771484375
ns_elephant_780,resnet50_tl_20250829,8,4,132,48,136.0,52.0,147.64105224609375,147.5811004638672,0.0599517822265625
ns_elephant_780,resnet50_tl_20250829,8,4,132,52,136.0,56.0,147.64105224609375,147.74339294433594,-0.1023406982421875
ns_elephant_780,resnet50_tl_20250829,8,4,132,56,136.0,60.0,147.64105224609375,147.62200927734375,0.01904296875
ns_elephant_780,resnet50_tl_20250829,8,4,132,60,136.0,64.0,147.64105224609375,147.71507263183594,-0.0740203857421875
ns_elephant_780,resnet50_tl_20250829,8,4,132,64,136.0,68.0,147.64105224609375,147.64683532714844,-0.0057830810546875
ns_elephant_780,resnet50_tl_20250829,8,4,132,68,136.0,72.0,147.64105224609375,147.7342529296875,-0.09320068359375
ns_elephant_780,resnet50_tl_20250829,8,4,132,72,136.0,76.0,147.64105224609375,147.63026428222656,0.0107879638671875
ns_elephant_780,resnet50_tl_20250829,8,4,132,76,136.0,80.0,147.64105224609375,147.6962890625,-0.05523681640625
ns_elephant_780,resnet50_tl_20250829,8,4,132,80,136.0,84.0,147.64105224609375,147.65232849121094,-0.0112762451171875
ns_elephant_780,resnet50_tl_20250829,8,4,132,84,136.0,88.0,147.64105224609375,147.75221252441406,-0.1111602783203125
ns_elephant_780,resnet50_tl_20250829,8,4,132,88,136.0,92.0,147.64105224609375,147.70840454101562,-0.067352294921875
ns_elephant_780,resnet50_tl_20250829,8,4,132,92,136.0,96.0,147.64105224609375,147.76589965820312,-0.124847412109375
ns_elephant_780,resnet50_tl_20250829,8,4,132,96,136.0,100.0,147.64105224609375,147.58383178710938,0.057220458984375
ns_elephant_780,resnet50_tl_20250829,8,4,132,100,136.0,104.0,147.64105224609375,147.5343017578125,0.10675048828125
ns_elephant_780,resnet50_tl_20250829,8,4,132,104,136.0,108.0,147.64105224609375,147.37144470214844,0.2696075439453125
ns_elephant_780,resnet50_tl_20250829,8,4,132,108,136.0,112.0,147.64105224609375,147.55760192871094,0.0834503173828125
ns_elephant_780,resnet50_tl_20250829,8,4,132,112,136.0,116.0,147.64105224609375,147.51832580566406,0.1227264404296875
ns_elephant_780,resnet50_tl_20250829,8,4,132,116,136.0,120.0,147.64105224609375,147.5052490234375,0.13580322265625
ns_elephant_780,resnet50_tl_20250829,8,4,132,120,136.0,124.0,147.64105224609375,147.54306030273438,0.097991943359375
ns_elephant_780,resnet50_tl_20250829,8,4,132,124,136.0,128.0,147.64105224609375,147.61489868164062,0.026153564453125
ns_elephant_780,resnet50_tl_20250829,8,4,132,128,136.0,132.0,147.64105224609375,147.5336151123047,0.1074371337890625
ns_elephant_780,resnet50_tl_20250829,8,4,132,132,136.0,136.0,147.64105224609375,147.65037536621094,-0.0093231201171875
ns_elephant_780,resnet50_tl_20250829,8,4,132,136,136.0,140.0,147.64105224609375,147.54576110839844,0.0952911376953125
ns_elephant_780,resnet50_tl_20250829,8,4,132,140,136.0,144.0,147.64105224609375,147.64840698242188,-0.007354736328125
ns_elephant_780,resnet50_tl_20250829,8,4,132,144,136.0,148.0,147.64105224609375,147.45999145507812,0.181060791015625
ns_elephant_780,resnet50_tl_20250829,8,4,132,148,136.0,152.0,147.64105224609375,147.5660400390625,0.07501220703125
ns_elephant_780,resnet50_tl_20250829,8,4,132,152,136.0,156.0,147.64105224609375,147.48773193359375,0.1533203125
ns_elephant_780,resnet50_tl_20250829,8,4,132,156,136.0,160.0,147.64105224609375,147.58824157714844,0.0528106689453125
ns_elephant_780,resnet50_tl_20250829,8,4,132,160,136.0,164.0,147.64105224609375,147.58982849121094,0.0512237548828125
ns_elephant_780,resnet50_tl_20250829,8,4,132,164,136.0,168.0,147.64105224609375,147.63980102539062,0.001251220703125
ns_elephant_780,resnet50_tl_20250829,8,4,132,168,136.0,172.0,147.64105224609375,147.63458251953125,0.0064697265625
ns_elephant_780,resnet50_tl_20250829,8,4,132,172,136.0,176.0,147.64105224609375,147.62771606445312,0.013336181640625
ns_elephant_780,resnet50_tl_20250829,8,4,132,176,136.0,180.0,147.64105224609375,147.60543823242188,0.035614013671875
ns_elephant_780,resnet50_tl_20250829,8,4,132,180,136.0,184.0,147.64105224609375,147.4750213623047,0.1660308837890625
ns_elephant_780,resnet50_tl_20250829,8,4,132,184,136.0,188.0,147.64105224609375,147.4276885986328,0.2133636474609375
ns_elephant_780,resnet50_tl_20250829,8,4,132,188,136.0,192.0,147.64105224609375,147.47491455078125,0.1661376953125
ns_elephant_780,resnet50_tl_20250829,8,4,132,192,136.0,196.0,147.64105224609375,147.5223388671875,0.11871337890625
ns_elephant_780,resnet50_tl_20250829,8,4,132,196,136.0,200.0,147.64105224609375,147.46998596191406,0.1710662841796875
ns_elephant_780,resnet50_tl_20250829,8,4,132,200,136.0,204.0,147.64105224609375,147.50978088378906,0.1312713623046875
ns_elephant_780,resnet50_tl_20250829,8,4,132,204,136.0,208.0,147.64105224609375,147.65176391601562,-0.010711669921875
ns_elephant_780,resnet50_tl_20250829,8,4,132,208,136.0,212.0,147.64105224609375,147.53005981445312,0.110992431640625
ns_elephant_780,resnet50_tl_20250829,8,4,132,212,136.0,216.0,147.64105224609375,147.58412170410156,0.0569305419921875
ns_elephant_780,resnet50_tl_20250829,8,4,132,216,136.0,220.0,147.64105224609375,147.59695434570312,0.044097900390625
ns_elephant_780,resnet50_tl_20250829,8,4,136,0,140.0,4.0,147.64105224609375,147.50485229492188,0.136199951171875
ns_elephant_780,resnet50_tl_20250829,8,4,136,4,140.0,8.0,147.64105224609375,147.5218048095703,0.1192474365234375
ns_elephant_780,resnet50_tl_20250829,8,4,136,8,140.0,12.0,147.64105224609375,147.58421325683594,0.0568389892578125
ns_elephant_780,resnet50_tl_20250829,8,4,136,12,140.0,16.0,147.64105224609375,147.42147827148438,0.219573974609375
ns_elephant_780,resnet50_tl_20250829,8,4,136,16,140.0,20.0,147.64105224609375,147.39309692382812,0.247955322265625
ns_elephant_780,resnet50_tl_20250829,8,4,136,20,140.0,24.0,147.64105224609375,147.41717529296875,0.223876953125
ns_elephant_780,resnet50_tl_20250829,8,4,136,24,140.0,28.0,147.64105224609375,147.45310974121094,0.1879425048828125
ns_elephant_780,resnet50_tl_20250829,8,4,136,28,140.0,32.0,147.64105224609375,147.3181610107422,0.3228912353515625
ns_elephant_780,resnet50_tl_20250829,8,4,136,32,140.0,36.0,147.64105224609375,147.31414794921875,0.326904296875
ns_elephant_780,resnet50_tl_20250829,8,4,136,36,140.0,40.0,147.64105224609375,147.39202880859375,0.2490234375
ns_elephant_780,resnet50_tl_20250829,8,4,136,40,140.0,44.0,147.64105224609375,147.4779510498047,0.1631011962890625
ns_elephant_780,resnet50_tl_20250829,8,4,136,44,140.0,48.0,147.64105224609375,147.36863708496094,0.2724151611328125
ns_elephant_780,resnet50_tl_20250829,8,4,136,48,140.0,52.0,147.64105224609375,147.3319549560547,0.3090972900390625
ns_elephant_780,resnet50_tl_20250829,8,4,136,52,140.0,56.0,147.64105224609375,147.45631408691406,0.1847381591796875
ns_elephant_780,resnet50_tl_20250829,8,4,136,56,140.0,60.0,147.64105224609375,147.52928161621094,0.1117706298828125
ns_elephant_780,resnet50_tl_20250829,8,4,136,60,140.0,64.0,147.64105224609375,147.453125,0.18792724609375
ns_elephant_780,resnet50_tl_20250829,8,4,136,64,140.0,68.0,147.64105224609375,147.4059600830078,0.2350921630859375
ns_elephant_780,resnet50_tl_20250829,8,4,136,68,140.0,72.0,147.64105224609375,147.46356201171875,0.177490234375
ns_elephant_780,resnet50_tl_20250829,8,4,136,72,140.0,76.0,147.64105224609375,147.5236053466797,0.1174468994140625
ns_elephant_780,resnet50_tl_20250829,8,4,136,76,140.0,80.0,147.64105224609375,147.44432067871094,0.1967315673828125
ns_elephant_780,resnet50_tl_20250829,8,4,136,80,140.0,84.0,147.64105224609375,147.40711975097656,0.2339324951171875
ns_elephant_780,resnet50_tl_20250829,8,4,136,84,140.0,88.0,147.64105224609375,147.4848175048828,0.1562347412109375
ns_elephant_780,resnet50_tl_20250829,8,4,136,88,140.0,92.0,147.64105224609375,147.57362365722656,0.0674285888671875
ns_elephant_780,resnet50_tl_20250829,8,4,136,92,140.0,96.0,147.64105224609375,147.62924194335938,0.011810302734375
ns_elephant_780,resnet50_tl_20250829,8,4,136,96,140.0,100.0,147.64105224609375,147.41297912597656,0.2280731201171875
ns_elephant_780,resnet50_tl_20250829,8,4,136,100,140.0,104.0,147.64105224609375,147.35971069335938,0.281341552734375
ns_elephant_780,resnet50_tl_20250829,8,4,136,104,140.0,108.0,147.64105224609375,147.2965087890625,0.34454345703125
ns_elephant_780,resnet50_tl_20250829,8,4,136,108,140.0,112.0,147.64105224609375,147.4695587158203,0.1714935302734375
ns_elephant_780,resnet50_tl_20250829,8,4,136,112,140.0,116.0,147.64105224609375,147.35084533691406,0.2902069091796875
ns_elephant_780,resnet50_tl_20250829,8,4,136,116,140.0,120.0,147.64105224609375,147.31773376464844,0.3233184814453125
ns_elephant_780,resnet50_tl_20250829,8,4,136,120,140.0,124.0,147.64105224609375,147.54798889160156,0.0930633544921875
ns_elephant_780,resnet50_tl_20250829,8,4,136,124,140.0,128.0,147.64105224609375,147.4237060546875,0.21734619140625
ns_elephant_780,resnet50_tl_20250829,8,4,136,128,140.0,132.0,147.64105224609375,147.29653930664062,0.344512939453125
ns_elephant_780,resnet50_tl_20250829,8,4,136,132,140.0,136.0,147.64105224609375,147.35691833496094,0.2841339111328125
ns_elephant_780,resnet50_tl_20250829,8,4,136,136,140.0,140.0,147.64105224609375,147.43609619140625,0.2049560546875
ns_elephant_780,resnet50_tl_20250829,8,4,136,140,140.0,144.0,147.64105224609375,147.37496948242188,0.266082763671875
ns_elephant_780,resnet50_tl_20250829,8,4,136,144,140.0,148.0,147.64105224609375,147.2333221435547,0.4077301025390625
ns_elephant_780,resnet50_tl_20250829,8,4,136,148,140.0,152.0,147.64105224609375,147.29550170898438,0.345550537109375
ns_elephant_780,resnet50_tl_20250829,8,4,136,152,140.0,156.0,147.64105224609375,147.38011169433594,0.2609405517578125
ns_elephant_780,resnet50_tl_20250829,8,4,136,156,140.0,160.0,147.64105224609375,147.3117218017578,0.3293304443359375
ns_elephant_780,resnet50_tl_20250829,8,4,136,160,140.0,164.0,147.64105224609375,147.36746215820312,0.273590087890625
ns_elephant_780,resnet50_tl_20250829,8,4,136,164,140.0,168.0,147.64105224609375,147.3460693359375,0.29498291015625
ns_elephant_780,resnet50_tl_20250829,8,4,136,168,140.0,172.0,147.64105224609375,147.4972381591797,0.1438140869140625
ns_elephant_780,resnet50_tl_20250829,8,4,136,172,140.0,176.0,147.64105224609375,147.42965698242188,0.211395263671875
ns_elephant_780,resnet50_tl_20250829,8,4,136,176,140.0,180.0,147.64105224609375,147.39732360839844,0.2437286376953125
ns_elephant_780,resnet50_tl_20250829,8,4,136,180,140.0,184.0,147.64105224609375,147.3454132080078,0.2956390380859375
ns_elephant_780,resnet50_tl_20250829,8,4,136,184,140.0,188.0,147.64105224609375,147.42483520507812,0.216217041015625
ns_elephant_780,resnet50_tl_20250829,8,4,136,188,140.0,192.0,147.64105224609375,147.5386505126953,0.1024017333984375
ns_elephant_780,resnet50_tl_20250829,8,4,136,192,140.0,196.0,147.64105224609375,147.5675506591797,0.0735015869140625
ns_elephant_780,resnet50_tl_20250829,8,4,136,196,140.0,200.0,147.64105224609375,147.48434448242188,0.156707763671875
ns_elephant_780,resnet50_tl_20250829,8,4,136,200,140.0,204.0,147.64105224609375,147.49429321289062,0.146759033203125
ns_elephant_780,resnet50_tl_20250829,8,4,136,204,140.0,208.0,147.64105224609375,147.62158203125,0.01947021484375
ns_elephant_780,resnet50_tl_20250829,8,4,136,208,140.0,212.0,147.64105224609375,147.5277099609375,0.11334228515625
ns_elephant_780,resnet50_tl_20250829,8,4,136,212,140.0,216.0,147.64105224609375,147.56431579589844,0.0767364501953125
ns_elephant_780,resnet50_tl_20250829,8,4,136,216,140.0,220.0,147.64105224609375,147.59649658203125,0.0445556640625
ns_elephant_780,resnet50_tl_20250829,8,4,140,0,144.0,4.0,147.64105224609375,147.326416015625,0.31463623046875
ns_elephant_780,resnet50_tl_20250829,8,4,140,4,144.0,8.0,147.64105224609375,147.53970336914062,0.101348876953125
ns_elephant_780,resnet50_tl_20250829,8,4,140,8,144.0,12.0,147.64105224609375,147.58900451660156,0.0520477294921875
ns_elephant_780,resnet50_tl_20250829,8,4,140,12,144.0,16.0,147.64105224609375,147.52993774414062,0.111114501953125
ns_elephant_780,resnet50_tl_20250829,8,4,140,16,144.0,20.0,147.64105224609375,147.359619140625,0.28143310546875
ns_elephant_780,resnet50_tl_20250829,8,4,140,20,144.0,24.0,147.64105224609375,147.49795532226562,0.143096923828125
ns_elephant_780,resnet50_tl_20250829,8,4,140,24,144.0,28.0,147.64105224609375,147.52694702148438,0.114105224609375
ns_elephant_780,resnet50_tl_20250829,8,4,140,28,144.0,32.0,147.64105224609375,147.2986297607422,0.3424224853515625
ns_elephant_780,resnet50_tl_20250829,8,4,140,32,144.0,36.0,147.64105224609375,147.20469665527344,0.4363555908203125
ns_elephant_780,resnet50_tl_20250829,8,4,140,36,144.0,40.0,147.64105224609375,147.483642578125,0.15740966796875
ns_elephant_780,resnet50_tl_20250829,8,4,140,40,144.0,44.0,147.64105224609375,147.53172302246094,0.1093292236328125
ns_elephant_780,resnet50_tl_20250829,8,4,140,44,144.0,48.0,147.64105224609375,147.32675170898438,0.314300537109375
ns_elephant_780,resnet50_tl_20250829,8,4,140,48,144.0,52.0,147.64105224609375,147.2316131591797,0.4094390869140625
ns_elephant_780,resnet50_tl_20250829,8,4,140,52,144.0,56.0,147.64105224609375,147.56256103515625,0.0784912109375
ns_elephant_780,resnet50_tl_20250829,8,4,140,56,144.0,60.0,147.64105224609375,147.61900329589844,0.0220489501953125
ns_elephant_780,resnet50_tl_20250829,8,4,140,60,144.0,64.0,147.64105224609375,147.40383911132812,0.237213134765625
ns_elephant_780,resnet50_tl_20250829,8,4,140,64,144.0,68.0,147.64105224609375,147.29962158203125,0.3414306640625
ns_elephant_780,resnet50_tl_20250829,8,4,140,68,144.0,72.0,147.64105224609375,147.564697265625,0.07635498046875
ns_elephant_780,resnet50_tl_20250829,8,4,140,72,144.0,76.0,147.64105224609375,147.5968017578125,0.04425048828125
ns_elephant_780,resnet50_tl_20250829,8,4,140,76,144.0,80.0,147.64105224609375,147.38455200195312,0.256500244140625
ns_elephant_780,resnet50_tl_20250829,8,4,140,80,144.0,84.0,147.64105224609375,147.31488037109375,0.326171875
ns_elephant_780,resnet50_tl_20250829,8,4,140,84,144.0,88.0,147.64105224609375,147.51931762695312,0.121734619140625
ns_elephant_780,resnet50_tl_20250829,8,4,140,88,144.0,92.0,147.64105224609375,147.57676696777344,0.0642852783203125
ns_elephant_780,resnet50_tl_20250829,8,4,140,92,144.0,96.0,147.64105224609375,147.5604705810547,0.0805816650390625
ns_elephant_780,resnet50_tl_20250829,8,4,140,96,144.0,100.0,147.64105224609375,147.32923889160156,0.3118133544921875
ns_elephant_780,resnet50_tl_20250829,8,4,140,100,144.0,104.0,147.64105224609375,147.28054809570312,0.360504150390625
ns_elephant_780,resnet50_tl_20250829,8,4,140,104,144.0,108.0,147.64105224609375,147.2738800048828,0.3671722412109375
ns_elephant_780,resnet50_tl_20250829,8,4,140,108,144.0,112.0,147.64105224609375,147.4686737060547,0.1723785400390625
ns_elephant_780,resnet50_tl_20250829,8,4,140,112,144.0,116.0,147.64105224609375,147.34742736816406,0.2936248779296875
ns_elephant_780,resnet50_tl_20250829,8,4,140,116,144.0,120.0,147.64105224609375,147.37301635742188,0.268035888671875
ns_elephant_780,resnet50_tl_20250829,8,4,140,120,144.0,124.0,147.64105224609375,147.41590881347656,0.2251434326171875
ns_elephant_780,resnet50_tl_20250829,8,4,140,124,144.0,128.0,147.64105224609375,147.28631591796875,0.354736328125
ns_elephant_780,resnet50_tl_20250829,8,4,140,128,144.0,132.0,147.64105224609375,147.2610626220703,0.3799896240234375
ns_elephant_780,resnet50_tl_20250829,8,4,140,132,144.0,136.0,147.64105224609375,147.4811553955078,0.1598968505859375
ns_elephant_780,resnet50_tl_20250829,8,4,140,136,144.0,140.0,147.64105224609375,147.4783172607422,0.1627349853515625
ns_elephant_780,resnet50_tl_20250829,8,4,140,140,144.0,144.0,147.64105224609375,147.34030151367188,0.300750732421875
ns_elephant_780,resnet50_tl_20250829,8,4,140,144,144.0,148.0,147.64105224609375,147.14556884765625,0.4954833984375
ns_elephant_780,resnet50_tl_20250829,8,4,140,148,144.0,152.0,147.64105224609375,147.38235473632812,0.258697509765625
ns_elephant_780,resnet50_tl_20250829,8,4,140,152,144.0,156.0,147.64105224609375,147.49520874023438,0.145843505859375
ns_elephant_780,resnet50_tl_20250829,8,4,140,156,144.0,160.0,147.64105224609375,147.260009765625,0.38104248046875
ns_elephant_780,resnet50_tl_20250829,8,4,140,160,144.0,164.0,147.64105224609375,147.31463623046875,0.326416015625
ns_elephant_780,resnet50_tl_20250829,8,4,140,164,144.0,168.0,147.64105224609375,147.4307098388672,0.2103424072265625
ns_elephant_780,resnet50_tl_20250829,8,4,140,168,144.0,172.0,147.64105224609375,147.52772521972656,0.1133270263671875
ns_elephant_780,resnet50_tl_20250829,8,4,140,172,144.0,176.0,147.64105224609375,147.44813537597656,0.1929168701171875
ns_elephant_780,resnet50_tl_20250829,8,4,140,176,144.0,180.0,147.64105224609375,147.2815704345703,0.3594818115234375
ns_elephant_780,resnet50_tl_20250829,8,4,140,180,144.0,184.0,147.64105224609375,147.2004852294922,0.4405670166015625
ns_elephant_780,resnet50_tl_20250829,8,4,140,184,144.0,188.0,147.64105224609375,147.4468994140625,0.19415283203125
ns_elephant_780,resnet50_tl_20250829,8,4,140,188,144.0,192.0,147.64105224609375,147.6276092529297,0.0134429931640625
ns_elephant_780,resnet50_tl_20250829,8,4,140,192,144.0,196.0,147.64105224609375,147.56939697265625,0.0716552734375
ns_elephant_780,resnet50_tl_20250829,8,4,140,196,144.0,200.0,147.64105224609375,147.4419708251953,0.1990814208984375
ns_elephant_780,resnet50_tl_20250829,8,4,140,200,144.0,204.0,147.64105224609375,147.4627685546875,0.17828369140625
ns_elephant_780,resnet50_tl_20250829,8,4,140,204,144.0,208.0,147.64105224609375,147.61160278320312,0.029449462890625
ns_elephant_780,resnet50_tl_20250829,8,4,140,208,144.0,212.0,147.64105224609375,147.5813751220703,0.0596771240234375
ns_elephant_780,resnet50_tl_20250829,8,4,140,212,144.0,216.0,147.64105224609375,147.57302856445312,0.068023681640625
ns_elephant_780,resnet50_tl_20250829,8,4,140,216,144.0,220.0,147.64105224609375,147.5915069580078,0.0495452880859375
ns_elephant_780,resnet50_tl_20250829,8,4,144,0,148.0,4.0,147.64105224609375,147.3486785888672,0.2923736572265625
ns_elephant_780,resnet50_tl_20250829,8,4,144,4,148.0,8.0,147.64105224609375,147.46185302734375,0.17919921875
ns_elephant_780,resnet50_tl_20250829,8,4,144,8,148.0,12.0,147.64105224609375,147.6061553955078,0.0348968505859375
ns_elephant_780,resnet50_tl_20250829,8,4,144,12,148.0,16.0,147.64105224609375,147.38543701171875,0.255615234375
ns_elephant_780,resnet50_tl_20250829,8,4,144,16,148.0,20.0,147.64105224609375,147.36099243164062,0.280059814453125
ns_elephant_780,resnet50_tl_20250829,8,4,144,20,148.0,24.0,147.64105224609375,147.3618927001953,0.2791595458984375
ns_elephant_780,resnet50_tl_20250829,8,4,144,24,148.0,28.0,147.64105224609375,147.48179626464844,0.1592559814453125
ns_elephant_780,resnet50_tl_20250829,8,4,144,28,148.0,32.0,147.64105224609375,147.19393920898438,0.447113037109375
ns_elephant_780,resnet50_tl_20250829,8,4,144,32,148.0,36.0,147.64105224609375,147.22177124023438,0.419281005859375
ns_elephant_780,resnet50_tl_20250829,8,4,144,36,148.0,40.0,147.64105224609375,147.35047912597656,0.2905731201171875
ns_elephant_780,resnet50_tl_20250829,8,4,144,40,148.0,44.0,147.64105224609375,147.4972381591797,0.1438140869140625
ns_elephant_780,resnet50_tl_20250829,8,4,144,44,148.0,48.0,147.64105224609375,147.22799682617188,0.413055419921875
ns_elephant_780,resnet50_tl_20250829,8,4,144,48,148.0,52.0,147.64105224609375,147.2296142578125,0.41143798828125
ns_elephant_780,resnet50_tl_20250829,8,4,144,52,148.0,56.0,147.64105224609375,147.3881378173828,0.2529144287109375
ns_elephant_780,resnet50_tl_20250829,8,4,144,56,148.0,60.0,147.64105224609375,147.54873657226562,0.092315673828125
ns_elephant_780,resnet50_tl_20250829,8,4,144,60,148.0,64.0,147.64105224609375,147.28729248046875,0.353759765625
ns_elephant_780,resnet50_tl_20250829,8,4,144,64,148.0,68.0,147.64105224609375,147.2760009765625,0.36505126953125
ns_elephant_780,resnet50_tl_20250829,8,4,144,68,148.0,72.0,147.64105224609375,147.40309143066406,0.2379608154296875
ns_elephant_780,resnet50_tl_20250829,8,4,144,72,148.0,76.0,147.64105224609375,147.5274658203125,0.11358642578125
ns_elephant_780,resnet50_tl_20250829,8,4,144,76,148.0,80.0,147.64105224609375,147.29220581054688,0.348846435546875
ns_elephant_780,resnet50_tl_20250829,8,4,144,80,148.0,84.0,147.64105224609375,147.2977294921875,0.34332275390625
ns_elephant_780,resnet50_tl_20250829,8,4,144,84,148.0,88.0,147.64105224609375,147.4384002685547,0.2026519775390625
ns_elephant_780,resnet50_tl_20250829,8,4,144,88,148.0,92.0,147.64105224609375,147.4674072265625,0.17364501953125
ns_elephant_780,resnet50_tl_20250829,8,4,144,92,148.0,96.0,147.64105224609375,147.45468139648438,0.186370849609375
ns_elephant_780,resnet50_tl_20250829,8,4,144,96,148.0,100.0,147.64105224609375,147.0942840576172,0.5467681884765625
ns_elephant_780,resnet50_tl_20250829,8,4,144,100,148.0,104.0,147.64105224609375,147.09939575195312,0.541656494140625
ns_elephant_780,resnet50_tl_20250829,8,4,144,104,148.0,108.0,147.64105224609375,147.34970092773438,0.291351318359375
ns_elephant_780,resnet50_tl_20250829,8,4,144,108,148.0,112.0,147.64105224609375,147.32872009277344,0.3123321533203125
ns_elephant_780,resnet50_tl_20250829,8,4,144,112,148.0,116.0,147.64105224609375,147.207275390625,0.43377685546875
ns_elephant_780,resnet50_tl_20250829,8,4,144,116,148.0,120.0,147.64105224609375,147.28036499023438,0.360687255859375
ns_elephant_780,resnet50_tl_20250829,8,4,144,120,148.0,124.0,147.64105224609375,147.2804412841797,0.3606109619140625
ns_elephant_780,resnet50_tl_20250829,8,4,144,124,148.0,128.0,147.64105224609375,147.1157684326172,0.5252838134765625
ns_elephant_780,resnet50_tl_20250829,8,4,144,128,148.0,132.0,147.64105224609375,147.24356079101562,0.397491455078125
ns_elephant_780,resnet50_tl_20250829,8,4,144,132,148.0,136.0,147.64105224609375,147.31024169921875,0.330810546875
ns_elephant_780,resnet50_tl_20250829,8,4,144,136,148.0,140.0,147.64105224609375,147.41773986816406,0.2233123779296875
ns_elephant_780,resnet50_tl_20250829,8,4,144,140,148.0,144.0,147.64105224609375,147.25674438476562,0.384307861328125
ns_elephant_780,resnet50_tl_20250829,8,4,144,144,148.0,148.0,147.64105224609375,147.1721954345703,0.4688568115234375
ns_elephant_780,resnet50_tl_20250829,8,4,144,148,148.0,152.0,147.64105224609375,147.27474975585938,0.366302490234375
ns_elephant_780,resnet50_tl_20250829,8,4,144,152,148.0,156.0,147.64105224609375,147.45150756835938,0.189544677734375
ns_elephant_780,resnet50_tl_20250829,8,4,144,156,148.0,160.0,147.64105224609375,147.23065185546875,0.410400390625
ns_elephant_780,resnet50_tl_20250829,8,4,144,160,148.0,164.0,147.64105224609375,147.3123779296875,0.32867431640625
ns_elephant_780,resnet50_tl_20250829,8,4,144,164,148.0,168.0,147.64105224609375,147.35726928710938,0.283782958984375
ns_elephant_780,resnet50_tl_20250829,8,4,144,168,148.0,172.0,147.64105224609375,147.40892028808594,0.2321319580078125
ns_elephant_780,resnet50_tl_20250829,8,4,144,172,148.0,176.0,147.64105224609375,147.3174285888672,0.3236236572265625
ns_elephant_780,resnet50_tl_20250829,8,4,144,176,148.0,180.0,147.64105224609375,147.18997192382812,0.451080322265625
ns_elephant_780,resnet50_tl_20250829,8,4,144,180,148.0,184.0,147.64105224609375,147.169677734375,0.47137451171875
ns_elephant_780,resnet50_tl_20250829,8,4,144,184,148.0,188.0,147.64105224609375,147.45327758789062,0.187774658203125
ns_elephant_780,resnet50_tl_20250829,8,4,144,188,148.0,192.0,147.64105224609375,147.55252075195312,0.088531494140625
ns_elephant_780,resnet50_tl_20250829,8,4,144,192,148.0,196.0,147.64105224609375,147.56137084960938,0.079681396484375
ns_elephant_780,resnet50_tl_20250829,8,4,144,196,148.0,200.0,147.64105224609375,147.51034545898438,0.130706787109375
ns_elephant_780,resnet50_tl_20250829,8,4,144,200,148.0,204.0,147.64105224609375,147.3977813720703,0.2432708740234375
ns_elephant_780,resnet50_tl_20250829,8,4,144,204,148.0,208.0,147.64105224609375,147.5114288330078,0.1296234130859375
ns_elephant_780,resnet50_tl_20250829,8,4,144,208,148.0,212.0,147.64105224609375,147.5030517578125,0.13800048828125
ns_elephant_780,resnet50_tl_20250829,8,4,144,212,148.0,216.0,147.64105224609375,147.5491180419922,0.0919342041015625
ns_elephant_780,resnet50_tl_20250829,8,4,144,216,148.0,220.0,147.64105224609375,147.58209228515625,0.0589599609375
ns_elephant_780,resnet50_tl_20250829,8,4,148,0,152.0,4.0,147.64105224609375,147.57437133789062,0.066680908203125
ns_elephant_780,resnet50_tl_20250829,8,4,148,4,152.0,8.0,147.64105224609375,147.59593200683594,0.0451202392578125
ns_elephant_780,resnet50_tl_20250829,8,4,148,8,152.0,12.0,147.64105224609375,147.6509552001953,-0.0099029541015625
ns_elephant_780,resnet50_tl_20250829,8,4,148,12,152.0,16.0,147.64105224609375,147.6239776611328,0.0170745849609375
ns_elephant_780,resnet50_tl_20250829,8,4,148,16,152.0,20.0,147.64105224609375,147.5291748046875,0.11187744140625
ns_elephant_780,resnet50_tl_20250829,8,4,148,20,152.0,24.0,147.64105224609375,147.54737854003906,0.0936737060546875
ns_elephant_780,resnet50_tl_20250829,8,4,148,24,152.0,28.0,147.64105224609375,147.51089477539062,0.130157470703125
ns_elephant_780,resnet50_tl_20250829,8,4,148,28,152.0,32.0,147.64105224609375,147.52679443359375,0.1142578125
ns_elephant_780,resnet50_tl_20250829,8,4,148,32,152.0,36.0,147.64105224609375,147.50537109375,0.13568115234375
ns_elephant_780,resnet50_tl_20250829,8,4,148,36,152.0,40.0,147.64105224609375,147.59564208984375,0.04541015625
ns_elephant_780,resnet50_tl_20250829,8,4,148,40,152.0,44.0,147.64105224609375,147.5302276611328,0.1108245849609375
ns_elephant_780,resnet50_tl_20250829,8,4,148,44,152.0,48.0,147.64105224609375,147.5903778076172,0.0506744384765625
ns_elephant_780,resnet50_tl_20250829,8,4,148,48,152.0,52.0,147.64105224609375,147.55517578125,0.08587646484375
ns_elephant_780,resnet50_tl_20250829,8,4,148,52,152.0,56.0,147.64105224609375,147.67848205566406,-0.0374298095703125
ns_elephant_780,resnet50_tl_20250829,8,4,148,56,152.0,60.0,147.64105224609375,147.58026123046875,0.060791015625
ns_elephant_780,resnet50_tl_20250829,8,4,148,60,152.0,64.0,147.64105224609375,147.66990661621094,-0.0288543701171875
ns_elephant_780,resnet50_tl_20250829,8,4,148,64,152.0,68.0,147.64105224609375,147.58990478515625,0.0511474609375
ns_elephant_780,resnet50_tl_20250829,8,4,148,68,152.0,72.0,147.64105224609375,147.6923065185547,-0.0512542724609375
ns_elephant_780,resnet50_tl_20250829,8,4,148,72,152.0,76.0,147.64105224609375,147.56874084472656,0.0723114013671875
ns_elephant_780,resnet50_tl_20250829,8,4,148,76,152.0,80.0,147.64105224609375,147.67446899414062,-0.033416748046875
ns_elephant_780,resnet50_tl_20250829,8,4,148,80,152.0,84.0,147.64105224609375,147.62037658691406,0.0206756591796875
ns_elephant_780,resnet50_tl_20250829,8,4,148,84,152.0,88.0,147.64105224609375,147.77915954589844,-0.1381072998046875
ns_elephant_780,resnet50_tl_20250829,8,4,148,88,152.0,92.0,147.64105224609375,147.57373046875,0.06732177734375
ns_elephant_780,resnet50_tl_20250829,8,4,148,92,152.0,96.0,147.64105224609375,147.778564453125,-0.13751220703125
ns_elephant_780,resnet50_tl_20250829,8,4,148,96,152.0,100.0,147.64105224609375,147.47640991210938,0.164642333984375
ns_elephant_780,resnet50_tl_20250829,8,4,148,100,152.0,104.0,147.64105224609375,147.59889221191406,0.0421600341796875
ns_elephant_780,resnet50_tl_20250829,8,4,148,104,152.0,108.0,147.64105224609375,147.18643188476562,0.454620361328125
ns_elephant_780,resnet50_tl_20250829,8,4,148,108,152.0,112.0,147.64105224609375,147.22926330566406,0.4117889404296875
ns_elephant_780,resnet50_tl_20250829,8,4,148,112,152.0,116.0,147.64105224609375,147.08116149902344,0.5598907470703125
ns_elephant_780,resnet50_tl_20250829,8,4,148,116,152.0,120.0,147.64105224609375,147.34716796875,0.29388427734375
ns_elephant_780,resnet50_tl_20250829,8,4,148,120,152.0,124.0,147.64105224609375,147.611328125,0.02972412109375
ns_elephant_780,resnet50_tl_20250829,8,4,148,124,152.0,128.0,147.64105224609375,147.540771484375,0.10028076171875
ns_elephant_780,resnet50_tl_20250829,8,4,148,128,152.0,132.0,147.64105224609375,147.4515380859375,0.18951416015625
ns_elephant_780,resnet50_tl_20250829,8,4,148,132,152.0,136.0,147.64105224609375,147.5811004638672,0.0599517822265625
ns_elephant_780,resnet50_tl_20250829,8,4,148,136,152.0,140.0,147.64105224609375,147.5498046875,0.09124755859375
ns_elephant_780,resnet50_tl_20250829,8,4,148,140,152.0,144.0,147.64105224609375,147.5941162109375,0.04693603515625
ns_elephant_780,resnet50_tl_20250829,8,4,148,144,152.0,148.0,147.64105224609375,147.49644470214844,0.1446075439453125
ns_elephant_780,resnet50_tl_20250829,8,4,148,148,152.0,152.0,147.64105224609375,147.53514099121094,0.1059112548828125
ns_elephant_780,resnet50_tl_20250829,8,4,148,152,152.0,156.0,147.64105224609375,147.5247039794922,0.1163482666015625
ns_elephant_780,resnet50_tl_20250829,8,4,148,156,152.0,160.0,147.64105224609375,147.4879608154297,0.1530914306640625
ns_elephant_780,resnet50_tl_20250829,8,4,148,160,152.0,164.0,147.64105224609375,147.58828735351562,0.052764892578125
ns_elephant_780,resnet50_tl_20250829,8,4,148,164,152.0,168.0,147.64105224609375,147.55337524414062,0.087677001953125
ns_elephant_780,resnet50_tl_20250829,8,4,148,168,152.0,172.0,147.64105224609375,147.46615600585938,0.174896240234375
ns_elephant_780,resnet50_tl_20250829,8,4,148,172,152.0,176.0,147.64105224609375,147.58477783203125,0.0562744140625
ns_elephant_780,resnet50_tl_20250829,8,4,148,176,152.0,180.0,147.64105224609375,147.48646545410156,0.1545867919921875
ns_elephant_780,resnet50_tl_20250829,8,4,148,180,152.0,184.0,147.64105224609375,147.5069580078125,0.13409423828125
ns_elephant_780,resnet50_tl_20250829,8,4,148,184,152.0,188.0,147.64105224609375,147.45120239257812,0.189849853515625
ns_elephant_780,resnet50_tl_20250829,8,4,148,188,152.0,192.0,147.64105224609375,147.52401733398438,0.117034912109375
ns_elephant_780,resnet50_tl_20250829,8,4,148,192,152.0,196.0,147.64105224609375,147.48260498046875,0.158447265625
ns_elephant_780,resnet50_tl_20250829,8,4,148,196,152.0,200.0,147.64105224609375,147.5471649169922,0.0938873291015625
ns_elephant_780,resnet50_tl_20250829,8,4,148,200,152.0,204.0,147.64105224609375,147.4529266357422,0.1881256103515625
ns_elephant_780,resnet50_tl_20250829,8,4,148,204,152.0,208.0,147.64105224609375,147.4304962158203,0.2105560302734375
ns_elephant_780,resnet50_tl_20250829,8,4,148,208,152.0,212.0,147.64105224609375,147.56195068359375,0.0791015625
ns_elephant_780,resnet50_tl_20250829,8,4,148,212,152.0,216.0,147.64105224609375,147.57318115234375,0.06787109375
ns_elephant_780,resnet50_tl_20250829,8,4,148,216,152.0,220.0,147.64105224609375,147.6001739501953,0.0408782958984375
ns_elephant_780,resnet50_tl_20250829,8,4,152,0,156.0,4.0,147.64105224609375,147.4887237548828,0.1523284912109375
ns_elephant_780,resnet50_tl_20250829,8,4,152,4,156.0,8.0,147.64105224609375,147.50106811523438,0.139984130859375
ns_elephant_780,resnet50_tl_20250829,8,4,152,8,156.0,12.0,147.64105224609375,147.55447387695312,0.086578369140625
ns_elephant_780,resnet50_tl_20250829,8,4,152,12,156.0,16.0,147.64105224609375,147.3430633544922,0.2979888916015625
ns_elephant_780,resnet50_tl_20250829,8,4,152,16,156.0,20.0,147.64105224609375,147.32012939453125,0.3209228515625
ns_elephant_780,resnet50_tl_20250829,8,4,152,20,156.0,24.0,147.64105224609375,147.33419799804688,0.306854248046875
ns_elephant_780,resnet50_tl_20250829,8,4,152,24,156.0,28.0,147.64105224609375,147.36949157714844,0.2715606689453125
ns_elephant_780,resnet50_tl_20250829,8,4,152,28,156.0,32.0,147.64105224609375,147.17442321777344,0.4666290283203125
ns_elephant_780,resnet50_tl_20250829,8,4,152,32,156.0,36.0,147.64105224609375,147.19500732421875,0.446044921875
ns_elephant_780,resnet50_tl_20250829,8,4,152,36,156.0,40.0,147.64105224609375,147.27532958984375,0.36572265625
ns_elephant_780,resnet50_tl_20250829,8,4,152,40,156.0,44.0,147.64105224609375,147.3720703125,0.26898193359375
ns_elephant_780,resnet50_tl_20250829,8,4,152,44,156.0,48.0,147.64105224609375,147.23483276367188,0.406219482421875
ns_elephant_780,resnet50_tl_20250829,8,4,152,48,156.0,52.0,147.64105224609375,147.23680114746094,0.4042510986328125
ns_elephant_780,resnet50_tl_20250829,8,4,152,52,156.0,56.0,147.64105224609375,147.34629821777344,0.2947540283203125
ns_elephant_780,resnet50_tl_20250829,8,4,152,56,156.0,60.0,147.64105224609375,147.4274444580078,0.2136077880859375
ns_elephant_780,resnet50_tl_20250829,8,4,152,60,156.0,64.0,147.64105224609375,147.2567596435547,0.3842926025390625
ns_elephant_780,resnet50_tl_20250829,8,4,152,64,156.0,68.0,147.64105224609375,147.2125701904297,0.4284820556640625
ns_elephant_780,resnet50_tl_20250829,8,4,152,68,156.0,72.0,147.64105224609375,147.3310089111328,0.3100433349609375
ns_elephant_780,resnet50_tl_20250829,8,4,152,72,156.0,76.0,147.64105224609375,147.4128875732422,0.2281646728515625
ns_elephant_780,resnet50_tl_20250829,8,4,152,76,156.0,80.0,147.64105224609375,147.33090209960938,0.310150146484375
ns_elephant_780,resnet50_tl_20250829,8,4,152,80,156.0,84.0,147.64105224609375,147.30271911621094,0.3383331298828125
ns_elephant_780,resnet50_tl_20250829,8,4,152,84,156.0,88.0,147.64105224609375,147.39120483398438,0.249847412109375
ns_elephant_780,resnet50_tl_20250829,8,4,152,88,156.0,92.0,147.64105224609375,147.37216186523438,0.268890380859375
ns_elephant_780,resnet50_tl_20250829,8,4,152,92,156.0,96.0,147.64105224609375,147.39370727539062,0.247344970703125
ns_elephant_780,resnet50_tl_20250829,8,4,152,96,156.0,100.0,147.64105224609375,147.2058563232422,0.4351959228515625
ns_elephant_780,resnet50_tl_20250829,8,4,152,100,156.0,104.0,147.64105224609375,147.38478088378906,0.2562713623046875
ns_elephant_780,resnet50_tl_20250829,8,4,152,104,156.0,108.0,147.64105224609375,147.29261779785156,0.3484344482421875
ns_elephant_780,resnet50_tl_20250829,8,4,152,108,156.0,112.0,147.64105224609375,147.3871307373047,0.2539215087890625
ns_elephant_780,resnet50_tl_20250829,8,4,152,112,156.0,116.0,147.64105224609375,147.22543334960938,0.415618896484375
ns_elephant_780,resnet50_tl_20250829,8,4,152,116,156.0,120.0,147.64105224609375,147.7063446044922,-0.0652923583984375
ns_elephant_780,resnet50_tl_20250829,8,4,152,120,156.0,124.0,147.64105224609375,147.75726318359375,-0.1162109375
ns_elephant_780,resnet50_tl_20250829,8,4,152,124,156.0,128.0,147.64105224609375,147.31527709960938,0.325775146484375
ns_elephant_780,resnet50_tl_20250829,8,4,152,128,156.0,132.0,147.64105224609375,147.06349182128906,0.5775604248046875
ns_elephant_780,resnet50_tl_20250829,8,4,152,132,156.0,136.0,147.64105224609375,147.1707305908203,0.4703216552734375
ns_elephant_780,resnet50_tl_20250829,8,4,152,136,156.0,140.0,147.64105224609375,147.3544158935547,0.2866363525390625
ns_elephant_780,resnet50_tl_20250829,8,4,152,140,156.0,144.0,147.64105224609375,147.29393005371094,0.3471221923828125
ns_elephant_780,resnet50_tl_20250829,8,4,152,144,156.0,148.0,147.64105224609375,147.25416564941406,0.3868865966796875
ns_elephant_780,resnet50_tl_20250829,8,4,152,148,156.0,152.0,147.64105224609375,147.29344177246094,0.3476104736328125
ns_elephant_780,resnet50_tl_20250829,8,4,152,152,156.0,156.0,147.64105224609375,147.39486694335938,0.246185302734375
ns_elephant_780,resnet50_tl_20250829,8,4,152,156,156.0,160.0,147.64105224609375,147.2140655517578,0.4269866943359375
ns_elephant_780,resnet50_tl_20250829,8,4,152,160,156.0,164.0,147.64105224609375,147.28970336914062,0.351348876953125
ns_elephant_780,resnet50_tl_20250829,8,4,152,164,156.0,168.0,147.64105224609375,147.33753967285156,0.3035125732421875
ns_elephant_780,resnet50_tl_20250829,8,4,152,168,156.0,172.0,147.64105224609375,147.4894561767578,0.1515960693359375
ns_elephant_780,resnet50_tl_20250829,8,4,152,172,156.0,176.0,147.64105224609375,147.54974365234375,0.09130859375
ns_elephant_780,resnet50_tl_20250829,8,4,152,176,156.0,180.0,147.64105224609375,147.5262451171875,0.11480712890625
ns_elephant_780,resnet50_tl_20250829,8,4,152,180,156.0,184.0,147.64105224609375,147.4171142578125,0.22393798828125
ns_elephant_780,resnet50_tl_20250829,8,4,152,184,156.0,188.0,147.64105224609375,147.39761352539062,0.243438720703125
ns_elephant_780,resnet50_tl_20250829,8,4,152,188,156.0,192.0,147.64105224609375,147.48831176757812,0.152740478515625
ns_elephant_780,resnet50_tl_20250829,8,4,152,192,156.0,196.0,147.64105224609375,147.45509338378906,0.1859588623046875
ns_elephant_780,resnet50_tl_20250829,8,4,152,196,156.0,200.0,147.64105224609375,147.5831298828125,0.05792236328125
ns_elephant_780,resnet50_tl_20250829,8,4,152,200,156.0,204.0,147.64105224609375,147.544677734375,0.09637451171875
ns_elephant_780,resnet50_tl_20250829,8,4,152,204,156.0,208.0,147.64105224609375,147.50482177734375,0.13623046875
ns_elephant_780,resnet50_tl_20250829,8,4,152,208,156.0,212.0,147.64105224609375,147.51243591308594,0.1286163330078125
ns_elephant_780,resnet50_tl_20250829,8,4,152,212,156.0,216.0,147.64105224609375,147.55560302734375,0.08544921875
ns_elephant_780,resnet50_tl_20250829,8,4,152,216,156.0,220.0,147.64105224609375,147.6033172607422,0.0377349853515625
ns_elephant_780,resnet50_tl_20250829,8,4,156,0,160.0,4.0,147.64105224609375,147.29733276367188,0.343719482421875
ns_elephant_780,resnet50_tl_20250829,8,4,156,4,160.0,8.0,147.64105224609375,147.5040740966797,0.1369781494140625
ns_elephant_780,resnet50_tl_20250829,8,4,156,8,160.0,12.0,147.64105224609375,147.5760040283203,0.0650482177734375
ns_elephant_780,resnet50_tl_20250829,8,4,156,12,160.0,16.0,147.64105224609375,147.32562255859375,0.3154296875
ns_elephant_780,resnet50_tl_20250829,8,4,156,16,160.0,20.0,147.64105224609375,147.23182678222656,0.4092254638671875
ns_elephant_780,resnet50_tl_20250829,8,4,156,20,160.0,24.0,147.64105224609375,147.43589782714844,0.2051544189453125
ns_elephant_780,resnet50_tl_20250829,8,4,156,24,160.0,28.0,147.64105224609375,147.48545837402344,0.1555938720703125
ns_elephant_780,resnet50_tl_20250829,8,4,156,28,160.0,32.0,147.64105224609375,147.04934692382812,0.591705322265625
ns_elephant_780,resnet50_tl_20250829,8,4,156,32,160.0,36.0,147.64105224609375,146.9823455810547,0.6587066650390625
ns_elephant_780,resnet50_tl_20250829,8,4,156,36,160.0,40.0,147.64105224609375,147.3735809326172,0.2674713134765625
ns_elephant_780,resnet50_tl_20250829,8,4,156,40,160.0,44.0,147.64105224609375,147.45318603515625,0.1878662109375
ns_elephant_780,resnet50_tl_20250829,8,4,156,44,160.0,48.0,147.64105224609375,147.1449432373047,0.4961090087890625
ns_elephant_780,resnet50_tl_20250829,8,4,156,48,160.0,52.0,147.64105224609375,147.0765838623047,0.5644683837890625
ns_elephant_780,resnet50_tl_20250829,8,4,156,52,160.0,56.0,147.64105224609375,147.47813415527344,0.1629180908203125
ns_elephant_780,resnet50_tl_20250829,8,4,156,56,160.0,60.0,147.64105224609375,147.5230255126953,0.1180267333984375
ns_elephant_780,resnet50_tl_20250829,8,4,156,60,160.0,64.0,147.64105224609375,147.041748046875,0.59930419921875
ns_elephant_780,resnet50_tl_20250829,8,4,156,64,160.0,68.0,147.64105224609375,146.96267700195312,0.678375244140625
ns_elephant_780,resnet50_tl_20250829,8,4,156,68,160.0,72.0,147.64105224609375,147.4420166015625,0.19903564453125
ns_elephant_780,resnet50_tl_20250829,8,4,156,72,160.0,76.0,147.64105224609375,147.49781799316406,0.1432342529296875
ns_elephant_780,resnet50_tl_20250829,8,4,156,76,160.0,80.0,147.64105224609375,147.21237182617188,0.428680419921875
ns_elephant_780,resnet50_tl_20250829,8,4,156,80,160.0,84.0,147.64105224609375,147.1228485107422,0.5182037353515625
ns_elephant_780,resnet50_tl_20250829,8,4,156,84,160.0,88.0,147.64105224609375,147.54220581054688,0.098846435546875
ns_elephant_780,resnet50_tl_20250829,8,4,156,88,160.0,92.0,147.64105224609375,147.43673706054688,0.204315185546875
ns_elephant_780,resnet50_tl_20250829,8,4,156,92,160.0,96.0,147.64105224609375,147.12290954589844,0.5181427001953125
ns_elephant_780,resnet50_tl_20250829,8,4,156,96,160.0,100.0,147.64105224609375,146.81057739257812,0.830474853515625
ns_elephant_780,resnet50_tl_20250829,8,4,156,100,160.0,104.0,147.64105224609375,147.18324279785156,0.4578094482421875
ns_elephant_780,resnet50_tl_20250829,8,4,156,104,160.0,108.0,147.64105224609375,147.38726806640625,0.2537841796875
ns_elephant_780,resnet50_tl_20250829,8,4,156,108,160.0,112.0,147.64105224609375,147.2470245361328,0.3940277099609375
ns_elephant_780,resnet50_tl_20250829,8,4,156,112,160.0,116.0,147.64105224609375,147.1028594970703,0.5381927490234375
ns_elephant_780,resnet50_tl_20250829,8,4,156,116,160.0,120.0,147.64105224609375,147.74562072753906,-0.1045684814453125
ns_elephant_780,resnet50_tl_20250829,8,4,156,120,160.0,124.0,147.64105224609375,147.53053283691406,0.1105194091796875
ns_elephant_780,resnet50_tl_20250829,8,4,156,124,160.0,128.0,147.64105224609375,147.11175537109375,0.529296875
ns_elephant_780,resnet50_tl_20250829,8,4,156,128,160.0,132.0,147.64105224609375,147.06024169921875,0.580810546875
ns_elephant_780,resnet50_tl_20250829,8,4,156,132,160.0,136.0,147.64105224609375,147.3938446044922,0.2472076416015625
ns_elephant_780,resnet50_tl_20250829,8,4,156,136,160.0,140.0,147.64105224609375,147.41188049316406,0.2291717529296875
ns_elephant_780,resnet50_tl_20250829,8,4,156,140,160.0,144.0,147.64105224609375,147.24606323242188,0.394989013671875
ns_elephant_780,resnet50_tl_20250829,8,4,156,144,160.0,148.0,147.64105224609375,147.17422485351562,0.466827392578125
ns_elephant_780,resnet50_tl_20250829,8,4,156,148,160.0,152.0,147.64105224609375,147.4208526611328,0.2201995849609375
ns_elephant_780,resnet50_tl_20250829,8,4,156,152,160.0,156.0,147.64105224609375,147.5398712158203,0.1011810302734375
ns_elephant_780,resnet50_tl_20250829,8,4,156,156,160.0,160.0,147.64105224609375,147.16754150390625,0.4735107421875
ns_elephant_780,resnet50_tl_20250829,8,4,156,160,160.0,164.0,147.64105224609375,147.2064666748047,0.4345855712890625
ns_elephant_780,resnet50_tl_20250829,8,4,156,164,160.0,168.0,147.64105224609375,147.43775939941406,0.2032928466796875
ns_elephant_780,resnet50_tl_20250829,8,4,156,168,160.0,172.0,147.64105224609375,147.52931213378906,0.1117401123046875
ns_elephant_780,resnet50_tl_20250829,8,4,156,172,160.0,176.0,147.64105224609375,147.2462158203125,0.39483642578125
ns_elephant_780,resnet50_tl_20250829,8,4,156,176,160.0,180.0,147.64105224609375,147.26803588867188,0.373016357421875
ns_elephant_780,resnet50_tl_20250829,8,4,156,180,160.0,184.0,147.64105224609375,147.28567504882812,0.355377197265625
ns_elephant_780,resnet50_tl_20250829,8,4,156,184,160.0,188.0,147.64105224609375,147.38018798828125,0.2608642578125
ns_elephant_780,resnet50_tl_20250829,8,4,156,188,160.0,192.0,147.64105224609375,147.3346710205078,0.3063812255859375
ns_elephant_780,resnet50_tl_20250829,8,4,156,192,160.0,196.0,147.64105224609375,147.33152770996094,0.3095245361328125
ns_elephant_780,resnet50_tl_20250829,8,4,156,196,160.0,200.0,147.64105224609375,147.48402404785156,0.1570281982421875
ns_elephant_780,resnet50_tl_20250829,8,4,156,200,160.0,204.0,147.64105224609375,147.56822204589844,0.0728302001953125
ns_elephant_780,resnet50_tl_20250829,8,4,156,204,160.0,208.0,147.64105224609375,147.4785614013672,0.1624908447265625
ns_elephant_780,resnet50_tl_20250829,8,4,156,208,160.0,212.0,147.64105224609375,147.49139404296875,0.149658203125
ns_elephant_780,resnet50_tl_20250829,8,4,156,212,160.0,216.0,147.64105224609375,147.54080200195312,0.100250244140625
ns_elephant_780,resnet50_tl_20250829,8,4,156,216,160.0,220.0,147.64105224609375,147.58934020996094,0.0517120361328125
ns_elephant_780,resnet50_tl_20250829,8,4,160,0,164.0,4.0,147.64105224609375,147.33323669433594,0.3078155517578125
ns_elephant_780,resnet50_tl_20250829,8,4,160,4,164.0,8.0,147.64105224609375,147.4691925048828,0.1718597412109375
ns_elephant_780,resnet50_tl_20250829,8,4,160,8,164.0,12.0,147.64105224609375,147.5575408935547,0.0835113525390625
ns_elephant_780,resnet50_tl_20250829,8,4,160,12,164.0,16.0,147.64105224609375,147.26991271972656,0.3711395263671875
ns_elephant_780,resnet50_tl_20250829,8,4,160,16,164.0,20.0,147.64105224609375,147.26824951171875,0.372802734375
ns_elephant_780,resnet50_tl_20250829,8,4,160,20,164.0,24.0,147.64105224609375,147.3347625732422,0.3062896728515625
ns_elephant_780,resnet50_tl_20250829,8,4,160,24,164.0,28.0,147.64105224609375,147.4229736328125,0.21807861328125
ns_elephant_780,resnet50_tl_20250829,8,4,160,28,164.0,32.0,147.64105224609375,147.01004028320312,0.631011962890625
ns_elephant_780,resnet50_tl_20250829,8,4,160,32,164.0,36.0,147.64105224609375,147.03851318359375,0.6025390625
ns_elephant_780,resnet50_tl_20250829,8,4,160,36,164.0,40.0,147.64105224609375,147.2681121826172,0.3729400634765625
ns_elephant_780,resnet50_tl_20250829,8,4,160,40,164.0,44.0,147.64105224609375,147.3765411376953,0.2645111083984375
ns_elephant_780,resnet50_tl_20250829,8,4,160,44,164.0,48.0,147.64105224609375,147.02552795410156,0.6155242919921875
ns_elephant_780,resnet50_tl_20250829,8,4,160,48,164.0,52.0,147.64105224609375,147.05271911621094,0.5883331298828125
ns_elephant_780,resnet50_tl_20250829,8,4,160,52,164.0,56.0,147.64105224609375,147.2834930419922,0.3575592041015625
ns_elephant_780,resnet50_tl_20250829,8,4,160,56,164.0,60.0,147.64105224609375,147.41331481933594,0.2277374267578125
ns_elephant_780,resnet50_tl_20250829,8,4,160,60,164.0,64.0,147.64105224609375,146.97520446777344,0.6658477783203125
ns_elephant_780,resnet50_tl_20250829,8,4,160,64,164.0,68.0,147.64105224609375,146.97024536132812,0.670806884765625
ns_elephant_780,resnet50_tl_20250829,8,4,160,68,164.0,72.0,147.64105224609375,147.26280212402344,0.3782501220703125
ns_elephant_780,resnet50_tl_20250829,8,4,160,72,164.0,76.0,147.64105224609375,147.40017700195312,0.240875244140625
ns_elephant_780,resnet50_tl_20250829,8,4,160,76,164.0,80.0,147.64105224609375,147.0809326171875,0.56011962890625
ns_elephant_780,resnet50_tl_20250829,8,4,160,80,164.0,84.0,147.64105224609375,147.10646057128906,0.5345916748046875
ns_elephant_780,resnet50_tl_20250829,8,4,160,84,164.0,88.0,147.64105224609375,147.34335327148438,0.297698974609375
ns_elephant_780,resnet50_tl_20250829,8,4,160,88,164.0,92.0,147.64105224609375,147.41128540039062,0.229766845703125
ns_elephant_780,resnet50_tl_20250829,8,4,160,92,164.0,96.0,147.64105224609375,147.20054626464844,0.4405059814453125
ns_elephant_780,resnet50_tl_20250829,8,4,160,96,164.0,100.0,147.64105224609375,146.9974822998047,0.6435699462890625
ns_elephant_780,resnet50_tl_20250829,8,4,160,100,164.0,104.0,147.64105224609375,147.3356475830078,0.3054046630859375
ns_elephant_780,resnet50_tl_20250829,8,4,160,104,164.0,108.0,147.64105224609375,147.40081787109375,0.240234375
ns_elephant_780,resnet50_tl_20250829,8,4,160,108,164.0,112.0,147.64105224609375,147.5007781982422,0.1402740478515625
ns_elephant_780,resnet50_tl_20250829,8,4,160,112,164.0,116.0,147.64105224609375,147.27391052246094,0.3671417236328125
ns_elephant_780,resnet50_tl_20250829,8,4,160,116,164.0,120.0,147.64105224609375,147.65316772460938,-0.012115478515625
ns_elephant_780,resnet50_tl_20250829,8,4,160,120,164.0,124.0,147.64105224609375,147.29783630371094,0.3432159423828125
ns_elephant_780,resnet50_tl_20250829,8,4,160,124,164.0,128.0,147.64105224609375,147.01751708984375,0.62353515625
ns_elephant_780,resnet50_tl_20250829,8,4,160,128,164.0,132.0,147.64105224609375,146.9890899658203,0.6519622802734375
ns_elephant_780,resnet50_tl_20250829,8,4,160,132,164.0,136.0,147.64105224609375,147.15977478027344,0.4812774658203125
ns_elephant_780,resnet50_tl_20250829,8,4,160,136,164.0,140.0,147.64105224609375,147.3393096923828,0.3017425537109375
ns_elephant_780,resnet50_tl_20250829,8,4,160,140,164.0,144.0,147.64105224609375,147.1376495361328,0.5034027099609375
ns_elephant_780,resnet50_tl_20250829,8,4,160,144,164.0,148.0,147.64105224609375,147.14529418945312,0.495758056640625
ns_elephant_780,resnet50_tl_20250829,8,4,160,148,164.0,152.0,147.64105224609375,147.27330017089844,0.3677520751953125
ns_elephant_780,resnet50_tl_20250829,8,4,160,152,164.0,156.0,147.64105224609375,147.4392547607422,0.2017974853515625
ns_elephant_780,resnet50_tl_20250829,8,4,160,156,164.0,160.0,147.64105224609375,147.15972900390625,0.4813232421875
ns_elephant_780,resnet50_tl_20250829,8,4,160,160,164.0,164.0,147.64105224609375,147.2296600341797,0.4113922119140625
ns_elephant_780,resnet50_tl_20250829,8,4,160,164,164.0,168.0,147.64105224609375,147.3329620361328,0.3080902099609375
ns_elephant_780,resnet50_tl_20250829,8,4,160,168,164.0,172.0,147.64105224609375,147.4845733642578,0.1564788818359375
ns_elephant_780,resnet50_tl_20250829,8,4,160,172,164.0,176.0,147.64105224609375,147.41754150390625,0.2235107421875
ns_elephant_780,resnet50_tl_20250829,8,4,160,176,164.0,180.0,147.64105224609375,147.28155517578125,0.3594970703125
ns_elephant_780,resnet50_tl_20250829,8,4,160,180,164.0,184.0,147.64105224609375,147.269775390625,0.37127685546875
ns_elephant_780,resnet50_tl_20250829,8,4,160,184,164.0,188.0,147.64105224609375,147.42198181152344,0.2190704345703125
ns_elephant_780,resnet50_tl_20250829,8,4,160,188,164.0,192.0,147.64105224609375,147.3355255126953,0.3055267333984375
ns_elephant_780,resnet50_tl_20250829,8,4,160,192,164.0,196.0,147.64105224609375,147.2935791015625,0.34747314453125
ns_elephant_780,resnet50_tl_20250829,8,4,160,196,164.0,200.0,147.64105224609375,147.3817138671875,0.25933837890625
ns_elephant_780,resnet50_tl_20250829,8,4,160,200,164.0,204.0,147.64105224609375,147.59280395507812,0.048248291015625
ns_elephant_780,resnet50_tl_20250829,8,4,160,204,164.0,208.0,147.64105224609375,147.48336791992188,0.157684326171875
ns_elephant_780,resnet50_tl_20250829,8,4,160,208,164.0,212.0,147.64105224609375,147.515625,0.12542724609375
ns_elephant_780,resnet50_tl_20250829,8,4,160,212,164.0,216.0,147.64105224609375,147.5296173095703,0.1114349365234375
ns_elephant_780,resnet50_tl_20250829,8,4,160,216,164.0,220.0,147.64105224609375,147.58493041992188,0.056121826171875
ns_elephant_780,resnet50_tl_20250829,8,4,164,0,168.0,4.0,147.64105224609375,147.52749633789062,0.113555908203125
ns_elephant_780,resnet50_tl_20250829,8,4,164,4,168.0,8.0,147.64105224609375,147.54949951171875,0.091552734375
ns_elephant_780,resnet50_tl_20250829,8,4,164,8,168.0,12.0,147.64105224609375,147.5950927734375,0.04595947265625
ns_elephant_780,resnet50_tl_20250829,8,4,164,12,168.0,16.0,147.64105224609375,147.5565948486328,0.0844573974609375
ns_elephant_780,resnet50_tl_20250829,8,4,164,16,168.0,20.0,147.64105224609375,147.4883270263672,0.1527252197265625
ns_elephant_780,resnet50_tl_20250829,8,4,164,20,168.0,24.0,147.64105224609375,147.49758911132812,0.143463134765625
ns_elephant_780,resnet50_tl_20250829,8,4,164,24,168.0,28.0,147.64105224609375,147.44189453125,0.19915771484375
ns_elephant_780,resnet50_tl_20250829,8,4,164,28,168.0,32.0,147.64105224609375,147.42430114746094,0.2167510986328125
ns_elephant_780,resnet50_tl_20250829,8,4,164,32,168.0,36.0,147.64105224609375,147.38523864746094,0.2558135986328125
ns_elephant_780,resnet50_tl_20250829,8,4,164,36,168.0,40.0,147.64105224609375,147.4752197265625,0.16583251953125
ns_elephant_780,resnet50_tl_20250829,8,4,164,40,168.0,44.0,147.64105224609375,147.40243530273438,0.238616943359375
ns_elephant_780,resnet50_tl_20250829,8,4,164,44,168.0,48.0,147.64105224609375,147.46177673339844,0.1792755126953125
ns_elephant_780,resnet50_tl_20250829,8,4,164,48,168.0,52.0,147.64105224609375,147.41043090820312,0.230621337890625
ns_elephant_780,resnet50_tl_20250829,8,4,164,52,168.0,56.0,147.64105224609375,147.54977416992188,0.091278076171875
ns_elephant_780,resnet50_tl_20250829,8,4,164,56,168.0,60.0,147.64105224609375,147.43345642089844,0.2075958251953125
ns_elephant_780,resnet50_tl_20250829,8,4,164,60,168.0,64.0,147.64105224609375,147.51303100585938,0.128021240234375
ns_elephant_780,resnet50_tl_20250829,8,4,164,64,168.0,68.0,147.64105224609375,147.4364776611328,0.2045745849609375
ns_elephant_780,resnet50_tl_20250829,8,4,164,68,168.0,72.0,147.64105224609375,147.559814453125,0.08123779296875
ns_elephant_780,resnet50_tl_20250829,8,4,164,72,168.0,76.0,147.64105224609375,147.41612243652344,0.2249298095703125
ns_elephant_780,resnet50_tl_20250829,8,4,164,76,168.0,80.0,147.64105224609375,147.51376342773438,0.127288818359375
ns_elephant_780,resnet50_tl_20250829,8,4,164,80,168.0,84.0,147.64105224609375,147.45217895507812,0.188873291015625
ns_elephant_780,resnet50_tl_20250829,8,4,164,84,168.0,88.0,147.64105224609375,147.61708068847656,0.0239715576171875
ns_elephant_780,resnet50_tl_20250829,8,4,164,88,168.0,92.0,147.64105224609375,147.47576904296875,0.165283203125
ns_elephant_780,resnet50_tl_20250829,8,4,164,92,168.0,96.0,147.64105224609375,147.6088409423828,0.0322113037109375
ns_elephant_780,resnet50_tl_20250829,8,4,164,96,168.0,100.0,147.64105224609375,147.37831115722656,0.2627410888671875
ns_elephant_780,resnet50_tl_20250829,8,4,164,100,168.0,104.0,147.64105224609375,147.4725799560547,0.1684722900390625
ns_elephant_780,resnet50_tl_20250829,8,4,164,104,168.0,108.0,147.64105224609375,147.521484375,0.11956787109375
ns_elephant_780,resnet50_tl_20250829,8,4,164,108,168.0,112.0,147.64105224609375,147.81417846679688,-0.173126220703125
ns_elephant_780,resnet50_tl_20250829,8,4,164,112,168.0,116.0,147.64105224609375,147.58621215820312,0.054840087890625
ns_elephant_780,resnet50_tl_20250829,8,4,164,116,168.0,120.0,147.64105224609375,147.61036682128906,0.0306854248046875
ns_elephant_780,resnet50_tl_20250829,8,4,164,120,168.0,124.0,147.64105224609375,147.36178588867188,0.279266357421875
ns_elephant_780,resnet50_tl_20250829,8,4,164,124,168.0,128.0,147.64105224609375,147.51564025878906,0.1254119873046875
ns_elephant_780,resnet50_tl_20250829,8,4,164,128,168.0,132.0,147.64105224609375,147.3192596435547,0.3217926025390625
ns_elephant_780,resnet50_tl_20250829,8,4,164,132,168.0,136.0,147.64105224609375,147.4580535888672,0.1829986572265625
ns_elephant_780,resnet50_tl_20250829,8,4,164,136,168.0,140.0,147.64105224609375,147.38052368164062,0.260528564453125
ns_elephant_780,resnet50_tl_20250829,8,4,164,140,168.0,144.0,147.64105224609375,147.4988250732422,0.1422271728515625
ns_elephant_780,resnet50_tl_20250829,8,4,164,144,168.0,148.0,147.64105224609375,147.46853637695312,0.172515869140625
ns_elephant_780,resnet50_tl_20250829,8,4,164,148,168.0,152.0,147.64105224609375,147.52357482910156,0.1174774169921875
ns_elephant_780,resnet50_tl_20250829,8,4,164,152,168.0,156.0,147.64105224609375,147.4551544189453,0.1858978271484375
ns_elephant_780,resnet50_tl_20250829,8,4,164,156,168.0,160.0,147.64105224609375,147.54881286621094,0.0922393798828125
ns_elephant_780,resnet50_tl_20250829,8,4,164,160,168.0,164.0,147.64105224609375,147.6033935546875,0.03765869140625
ns_elephant_780,resnet50_tl_20250829,8,4,164,164,168.0,168.0,147.64105224609375,147.55935668945312,0.081695556640625
ns_elephant_780,resnet50_tl_20250829,8,4,164,168,168.0,172.0,147.64105224609375,147.56077575683594,0.0802764892578125
ns_elephant_780,resnet50_tl_20250829,8,4,164,172,168.0,176.0,147.64105224609375,147.5655517578125,0.07550048828125
ns_elephant_780,resnet50_tl_20250829,8,4,164,176,168.0,180.0,147.64105224609375,147.58323669433594,0.0578155517578125
ns_elephant_780,resnet50_tl_20250829,8,4,164,180,168.0,184.0,147.64105224609375,147.5428466796875,0.09820556640625
ns_elephant_780,resnet50_tl_20250829,8,4,164,184,168.0,188.0,147.64105224609375,147.51846313476562,0.122589111328125
ns_elephant_780,resnet50_tl_20250829,8,4,164,188,168.0,192.0,147.64105224609375,147.51222229003906,0.1288299560546875
ns_elephant_780,resnet50_tl_20250829,8,4,164,192,168.0,196.0,147.64105224609375,147.57077026367188,0.070281982421875
ns_elephant_780,resnet50_tl_20250829,8,4,164,196,168.0,200.0,147.64105224609375,147.51580810546875,0.125244140625
ns_elephant_780,resnet50_tl_20250829,8,4,164,200,168.0,204.0,147.64105224609375,147.56622314453125,0.0748291015625
ns_elephant_780,resnet50_tl_20250829,8,4,164,204,168.0,208.0,147.64105224609375,147.6286163330078,0.0124359130859375
ns_elephant_780,resnet50_tl_20250829,8,4,164,208,168.0,212.0,147.64105224609375,147.67332458496094,-0.0322723388671875
ns_elephant_780,resnet50_tl_20250829,8,4,164,212,168.0,216.0,147.64105224609375,147.60061645507812,0.040435791015625
ns_elephant_780,resnet50_tl_20250829,8,4,164,216,168.0,220.0,147.64105224609375,147.5749969482422,0.0660552978515625
ns_elephant_780,resnet50_tl_20250829,8,4,168,0,172.0,4.0,147.64105224609375,147.51463317871094,0.1264190673828125
ns_elephant_780,resnet50_tl_20250829,8,4,168,4,172.0,8.0,147.64105224609375,147.5008544921875,0.14019775390625
ns_elephant_780,resnet50_tl_20250829,8,4,168,8,172.0,12.0,147.64105224609375,147.5624237060547,0.0786285400390625
ns_elephant_780,resnet50_tl_20250829,8,4,168,12,172.0,16.0,147.64105224609375,147.38328552246094,0.2577667236328125
ns_elephant_780,resnet50_tl_20250829,8,4,168,16,172.0,20.0,147.64105224609375,147.3706512451172,0.2704010009765625
ns_elephant_780,resnet50_tl_20250829,8,4,168,20,172.0,24.0,147.64105224609375,147.35238647460938,0.288665771484375
ns_elephant_780,resnet50_tl_20250829,8,4,168,24,172.0,28.0,147.64105224609375,147.36688232421875,0.274169921875
ns_elephant_780,resnet50_tl_20250829,8,4,168,28,172.0,32.0,147.64105224609375,147.15089416503906,0.4901580810546875
ns_elephant_780,resnet50_tl_20250829,8,4,168,32,172.0,36.0,147.64105224609375,147.17356872558594,0.4674835205078125
ns_elephant_780,resnet50_tl_20250829,8,4,168,36,172.0,40.0,147.64105224609375,147.22894287109375,0.412109375
ns_elephant_780,resnet50_tl_20250829,8,4,168,40,172.0,44.0,147.64105224609375,147.30909729003906,0.3319549560546875
ns_elephant_780,resnet50_tl_20250829,8,4,168,44,172.0,48.0,147.64105224609375,147.1155548095703,0.5254974365234375
ns_elephant_780,resnet50_tl_20250829,8,4,168,48,172.0,52.0,147.64105224609375,147.12994384765625,0.5111083984375
ns_elephant_780,resnet50_tl_20250829,8,4,168,52,172.0,56.0,147.64105224609375,147.2345428466797,0.4065093994140625
ns_elephant_780,resnet50_tl_20250829,8,4,168,56,172.0,60.0,147.64105224609375,147.3044891357422,0.3365631103515625
ns_elephant_780,resnet50_tl_20250829,8,4,168,60,172.0,64.0,147.64105224609375,147.11441040039062,0.526641845703125
ns_elephant_780,resnet50_tl_20250829,8,4,168,64,172.0,68.0,147.64105224609375,147.0803680419922,0.5606842041015625
ns_elephant_780,resnet50_tl_20250829,8,4,168,68,172.0,72.0,147.64105224609375,147.1900634765625,0.45098876953125
ns_elephant_780,resnet50_tl_20250829,8,4,168,72,172.0,76.0,147.64105224609375,147.2788848876953,0.3621673583984375
ns_elephant_780,resnet50_tl_20250829,8,4,168,76,172.0,80.0,147.64105224609375,147.14138793945312,0.499664306640625
ns_elephant_780,resnet50_tl_20250829,8,4,168,80,172.0,84.0,147.64105224609375,147.11370849609375,0.52734375
ns_elephant_780,resnet50_tl_20250829,8,4,168,84,172.0,88.0,147.64105224609375,147.2112579345703,0.4297943115234375
ns_elephant_780,resnet50_tl_20250829,8,4,168,88,172.0,92.0,147.64105224609375,147.32550048828125,0.3155517578125
ns_elephant_780,resnet50_tl_20250829,8,4,168,92,172.0,96.0,147.64105224609375,147.2025909423828,0.4384613037109375
ns_elephant_780,resnet50_tl_20250829,8,4,168,96,172.0,100.0,147.64105224609375,147.14425659179688,0.496795654296875
ns_elephant_780,resnet50_tl_20250829,8,4,168,100,172.0,104.0,147.64105224609375,147.25042724609375,0.390625
ns_elephant_780,resnet50_tl_20250829,8,4,168,104,172.0,108.0,147.64105224609375,147.35076904296875,0.290283203125
ns_elephant_780,resnet50_tl_20250829,8,4,168,108,172.0,112.0,147.64105224609375,147.2698211669922,0.3712310791015625
ns_elephant_780,resnet50_tl_20250829,8,4,168,112,172.0,116.0,147.64105224609375,147.11676025390625,0.5242919921875
ns_elephant_780,resnet50_tl_20250829,8,4,168,116,172.0,120.0,147.64105224609375,147.2687530517578,0.3722991943359375
ns_elephant_780,resnet50_tl_20250829,8,4,168,120,172.0,124.0,147.64105224609375,147.34222412109375,0.298828125
ns_elephant_780,resnet50_tl_20250829,8,4,168,124,172.0,128.0,147.64105224609375,147.23194885253906,0.4091033935546875
ns_elephant_780,resnet50_tl_20250829,8,4,168,128,172.0,132.0,147.64105224609375,147.16876220703125,0.4722900390625
ns_elephant_780,resnet50_tl_20250829,8,4,168,132,172.0,136.0,147.64105224609375,147.17005920410156,0.4709930419921875
ns_elephant_780,resnet50_tl_20250829,8,4,168,136,172.0,140.0,147.64105224609375,147.32199096679688,0.319061279296875
ns_elephant_780,resnet50_tl_20250829,8,4,168,140,172.0,144.0,147.64105224609375,147.2718963623047,0.3691558837890625
ns_elephant_780,resnet50_tl_20250829,8,4,168,144,172.0,148.0,147.64105224609375,147.29638671875,0.34466552734375
ns_elephant_780,resnet50_tl_20250829,8,4,168,148,172.0,152.0,147.64105224609375,147.30374145507812,0.337310791015625
ns_elephant_780,resnet50_tl_20250829,8,4,168,152,172.0,156.0,147.64105224609375,147.40072631835938,0.240325927734375
ns_elephant_780,resnet50_tl_20250829,8,4,168,156,172.0,160.0,147.64105224609375,147.36691284179688,0.274139404296875
ns_elephant_780,resnet50_tl_20250829,8,4,168,160,172.0,164.0,147.64105224609375,147.4405059814453,0.2005462646484375
ns_elephant_780,resnet50_tl_20250829,8,4,168,164,172.0,168.0,147.64105224609375,147.39700317382812,0.244049072265625
ns_elephant_780,resnet50_tl_20250829,8,4,168,168,172.0,172.0,147.64105224609375,147.51246643066406,0.1285858154296875
ns_elephant_780,resnet50_tl_20250829,8,4,168,172,172.0,176.0,147.64105224609375,147.43336486816406,0.2076873779296875
ns_elephant_780,resnet50_tl_20250829,8,4,168,176,172.0,180.0,147.64105224609375,147.460693359375,0.18035888671875
ns_elephant_780,resnet50_tl_20250829,8,4,168,180,172.0,184.0,147.64105224609375,147.4701385498047,0.1709136962890625
ns_elephant_780,resnet50_tl_20250829,8,4,168,184,172.0,188.0,147.64105224609375,147.680908203125,-0.03985595703125
ns_elephant_780,resnet50_tl_20250829,8,4,168,188,172.0,192.0,147.64105224609375,147.63204956054688,0.009002685546875
ns_elephant_780,resnet50_tl_20250829,8,4,168,192,172.0,196.0,147.64105224609375,147.6089324951172,0.0321197509765625
ns_elephant_780,resnet50_tl_20250829,8,4,168,196,172.0,200.0,147.64105224609375,147.56365966796875,0.077392578125
ns_elephant_780,resnet50_tl_20250829,8,4,168,200,172.0,204.0,147.64105224609375,147.59634399414062,0.044708251953125
ns_elephant_780,resnet50_tl_20250829,8,4,168,204,172.0,208.0,147.64105224609375,147.62217712402344,0.0188751220703125
ns_elephant_780,resnet50_tl_20250829,8,4,168,208,172.0,212.0,147.64105224609375,147.61856079101562,0.022491455078125
ns_elephant_780,resnet50_tl_20250829,8,4,168,212,172.0,216.0,147.64105224609375,147.57933044433594,0.0617218017578125
ns_elephant_780,resnet50_tl_20250829,8,4,168,216,172.0,220.0,147.64105224609375,147.58428955078125,0.0567626953125
ns_elephant_780,resnet50_tl_20250829,8,4,172,0,176.0,4.0,147.64105224609375,147.3408966064453,0.3001556396484375
ns_elephant_780,resnet50_tl_20250829,8,4,172,4,176.0,8.0,147.64105224609375,147.51431274414062,0.126739501953125
ns_elephant_780,resnet50_tl_20250829,8,4,172,8,176.0,12.0,147.64105224609375,147.53677368164062,0.104278564453125
ns_elephant_780,resnet50_tl_20250829,8,4,172,12,176.0,16.0,147.64105224609375,147.29229736328125,0.3487548828125
ns_elephant_780,resnet50_tl_20250829,8,4,172,16,176.0,20.0,147.64105224609375,147.21389770507812,0.427154541015625
ns_elephant_780,resnet50_tl_20250829,8,4,172,20,176.0,24.0,147.64105224609375,147.3978271484375,0.24322509765625
ns_elephant_780,resnet50_tl_20250829,8,4,172,24,176.0,28.0,147.64105224609375,147.43040466308594,0.2106475830078125
ns_elephant_780,resnet50_tl_20250829,8,4,172,28,176.0,32.0,147.64105224609375,146.9923553466797,0.6486968994140625
ns_elephant_780,resnet50_tl_20250829,8,4,172,32,176.0,36.0,147.64105224609375,146.96682739257812,0.674224853515625
ns_elephant_780,resnet50_tl_20250829,8,4,172,36,176.0,40.0,147.64105224609375,147.2824249267578,0.3586273193359375
ns_elephant_780,resnet50_tl_20250829,8,4,172,40,176.0,44.0,147.64105224609375,147.3652801513672,0.2757720947265625
ns_elephant_780,resnet50_tl_20250829,8,4,172,44,176.0,48.0,147.64105224609375,146.93746948242188,0.703582763671875
ns_elephant_780,resnet50_tl_20250829,8,4,172,48,176.0,52.0,147.64105224609375,146.90232849121094,0.7387237548828125
ns_elephant_780,resnet50_tl_20250829,8,4,172,52,176.0,56.0,147.64105224609375,147.32501220703125,0.3160400390625
ns_elephant_780,resnet50_tl_20250829,8,4,172,56,176.0,60.0,147.64105224609375,147.38816833496094,0.2528839111328125
ns_elephant_780,resnet50_tl_20250829,8,4,172,60,176.0,64.0,147.64105224609375,146.8782501220703,0.7628021240234375
ns_elephant_780,resnet50_tl_20250829,8,4,172,64,176.0,68.0,147.64105224609375,146.8106231689453,0.8304290771484375
ns_elephant_780,resnet50_tl_20250829,8,4,172,68,176.0,72.0,147.64105224609375,147.26919555664062,0.371856689453125
ns_elephant_780,resnet50_tl_20250829,8,4,172,72,176.0,76.0,147.64105224609375,147.36585998535156,0.2751922607421875
ns_elephant_780,resnet50_tl_20250829,8,4,172,76,176.0,80.0,147.64105224609375,146.9576416015625,0.68341064453125
ns_elephant_780,resnet50_tl_20250829,8,4,172,80,176.0,84.0,147.64105224609375,146.87747192382812,0.763580322265625
ns_elephant_780,resnet50_tl_20250829,8,4,172,84,176.0,88.0,147.64105224609375,147.32130432128906,0.3197479248046875
ns_elephant_780,resnet50_tl_20250829,8,4,172,88,176.0,92.0,147.64105224609375,147.3894500732422,0.2516021728515625
ns_elephant_780,resnet50_tl_20250829,8,4,172,92,176.0,96.0,147.64105224609375,147.00791931152344,0.6331329345703125
ns_elephant_780,resnet50_tl_20250829,8,4,172,96,176.0,100.0,147.64105224609375,146.9332733154297,0.7077789306640625
ns_elephant_780,resnet50_tl_20250829,8,4,172,100,176.0,104.0,147.64105224609375,147.3374786376953,0.3035736083984375
ns_elephant_780,resnet50_tl_20250829,8,4,172,104,176.0,108.0,147.64105224609375,147.39064025878906,0.2504119873046875
ns_elephant_780,resnet50_tl_20250829,8,4,172,108,176.0,112.0,147.64105224609375,146.99676513671875,0.644287109375
ns_elephant_780,resnet50_tl_20250829,8,4,172,112,176.0,116.0,147.64105224609375,146.8697509765625,0.77130126953125
ns_elephant_780,resnet50_tl_20250829,8,4,172,116,176.0,120.0,147.64105224609375,147.21681213378906,0.4242401123046875
ns_elephant_780,resnet50_tl_20250829,8,4,172,120,176.0,124.0,147.64105224609375,147.3348388671875,0.30621337890625
ns_elephant_780,resnet50_tl_20250829,8,4,172,124,176.0,128.0,147.64105224609375,147.05859375,0.58245849609375
ns_elephant_780,resnet50_tl_20250829,8,4,172,128,176.0,132.0,147.64105224609375,146.9834442138672,0.6576080322265625
ns_elephant_780,resnet50_tl_20250829,8,4,172,132,176.0,136.0,147.64105224609375,147.24716186523438,0.393890380859375
ns_elephant_780,resnet50_tl_20250829,8,4,172,136,176.0,140.0,147.64105224609375,147.39328002929688,0.247772216796875
ns_elephant_780,resnet50_tl_20250829,8,4,172,140,176.0,144.0,147.64105224609375,147.18756103515625,0.4534912109375
ns_elephant_780,resnet50_tl_20250829,8,4,172,144,176.0,148.0,147.64105224609375,147.17115783691406,0.4698944091796875
ns_elephant_780,resnet50_tl_20250829,8,4,172,148,176.0,152.0,147.64105224609375,147.38412475585938,0.256927490234375
ns_elephant_780,resnet50_tl_20250829,8,4,172,152,176.0,156.0,147.64105224609375,147.48793029785156,0.1531219482421875
ns_elephant_780,resnet50_tl_20250829,8,4,172,156,176.0,160.0,147.64105224609375,147.29501342773438,0.346038818359375
ns_elephant_780,resnet50_tl_20250829,8,4,172,160,176.0,164.0,147.64105224609375,147.33660888671875,0.304443359375
ns_elephant_780,resnet50_tl_20250829,8,4,172,164,176.0,168.0,147.64105224609375,147.4898681640625,0.15118408203125
ns_elephant_780,resnet50_tl_20250829,8,4,172,168,176.0,172.0,147.64105224609375,147.5760040283203,0.0650482177734375
ns_elephant_780,resnet50_tl_20250829,8,4,172,172,176.0,176.0,147.64105224609375,147.40652465820312,0.234527587890625
ns_elephant_780,resnet50_tl_20250829,8,4,172,176,176.0,180.0,147.64105224609375,147.41673278808594,0.2243194580078125
ns_elephant_780,resnet50_tl_20250829,8,4,172,180,176.0,184.0,147.64105224609375,147.533935546875,0.10711669921875
ns_elephant_780,resnet50_tl_20250829,8,4,172,184,176.0,188.0,147.64105224609375,147.67453002929688,-0.033477783203125
ns_elephant_780,resnet50_tl_20250829,8,4,172,188,176.0,192.0,147.64105224609375,147.43429565429688,0.206756591796875
ns_elephant_780,resnet50_tl_20250829,8,4,172,192,176.0,196.0,147.64105224609375,147.48431396484375,0.15673828125
ns_elephant_780,resnet50_tl_20250829,8,4,172,196,176.0,200.0,147.64105224609375,147.5650177001953,0.0760345458984375
ns_elephant_780,resnet50_tl_20250829,8,4,172,200,176.0,204.0,147.64105224609375,147.639892578125,0.00115966796875
ns_elephant_780,resnet50_tl_20250829,8,4,172,204,176.0,208.0,147.64105224609375,147.52288818359375,0.1181640625
ns_elephant_780,resnet50_tl_20250829,8,4,172,208,176.0,212.0,147.64105224609375,147.5240020751953,0.1170501708984375
ns_elephant_780,resnet50_tl_20250829,8,4,172,212,176.0,216.0,147.64105224609375,147.55490112304688,0.086151123046875
ns_elephant_780,resnet50_tl_20250829,8,4,172,216,176.0,220.0,147.64105224609375,147.59909057617188,0.041961669921875
ns_elephant_780,resnet50_tl_20250829,8,4,176,0,180.0,4.0,147.64105224609375,147.3849334716797,0.2561187744140625
ns_elephant_780,resnet50_tl_20250829,8,4,176,4,180.0,8.0,147.64105224609375,147.46388244628906,0.1771697998046875
ns_elephant_780,resnet50_tl_20250829,8,4,176,8,180.0,12.0,147.64105224609375,147.55714416503906,0.0839080810546875
ns_elephant_780,resnet50_tl_20250829,8,4,176,12,180.0,16.0,147.64105224609375,147.2750701904297,0.3659820556640625
ns_elephant_780,resnet50_tl_20250829,8,4,176,16,180.0,20.0,147.64105224609375,147.2837371826172,0.3573150634765625
ns_elephant_780,resnet50_tl_20250829,8,4,176,20,180.0,24.0,147.64105224609375,147.3284912109375,0.31256103515625
ns_elephant_780,resnet50_tl_20250829,8,4,176,24,180.0,28.0,147.64105224609375,147.40769958496094,0.2333526611328125
ns_elephant_780,resnet50_tl_20250829,8,4,176,28,180.0,32.0,147.64105224609375,146.9842071533203,0.6568450927734375
ns_elephant_780,resnet50_tl_20250829,8,4,176,32,180.0,36.0,147.64105224609375,147.03060913085938,0.610443115234375
ns_elephant_780,resnet50_tl_20250829,8,4,176,36,180.0,40.0,147.64105224609375,147.1977081298828,0.4433441162109375
ns_elephant_780,resnet50_tl_20250829,8,4,176,40,180.0,44.0,147.64105224609375,147.32595825195312,0.315093994140625
ns_elephant_780,resnet50_tl_20250829,8,4,176,44,180.0,48.0,147.64105224609375,146.89498901367188,0.746063232421875
ns_elephant_780,resnet50_tl_20250829,8,4,176,48,180.0,52.0,147.64105224609375,146.9578857421875,0.68316650390625
ns_elephant_780,resnet50_tl_20250829,8,4,176,52,180.0,56.0,147.64105224609375,147.18536376953125,0.4556884765625
ns_elephant_780,resnet50_tl_20250829,8,4,176,56,180.0,60.0,147.64105224609375,147.3177947998047,0.3232574462890625
ns_elephant_780,resnet50_tl_20250829,8,4,176,60,180.0,64.0,147.64105224609375,146.83572387695312,0.805328369140625
ns_elephant_780,resnet50_tl_20250829,8,4,176,64,180.0,68.0,147.64105224609375,146.85687255859375,0.7841796875
ns_elephant_780,resnet50_tl_20250829,8,4,176,68,180.0,72.0,147.64105224609375,147.1280517578125,0.51300048828125
ns_elephant_780,resnet50_tl_20250829,8,4,176,72,180.0,76.0,147.64105224609375,147.3089141845703,0.3321380615234375
ns_elephant_780,resnet50_tl_20250829,8,4,176,76,180.0,80.0,147.64105224609375,146.8839569091797,0.7570953369140625
ns_elephant_780,resnet50_tl_20250829,8,4,176,80,180.0,84.0,147.64105224609375,146.92538452148438,0.715667724609375
ns_elephant_780,resnet50_tl_20250829,8,4,176,84,180.0,88.0,147.64105224609375,147.19947814941406,0.4415740966796875
ns_elephant_780,resnet50_tl_20250829,8,4,176,88,180.0,92.0,147.64105224609375,147.2982177734375,0.34283447265625
ns_elephant_780,resnet50_tl_20250829,8,4,176,92,180.0,96.0,147.64105224609375,146.87191772460938,0.769134521484375
ns_elephant_780,resnet50_tl_20250829,8,4,176,96,180.0,100.0,147.64105224609375,146.92874145507812,0.712310791015625
ns_elephant_780,resnet50_tl_20250829,8,4,176,100,180.0,104.0,147.64105224609375,147.13340759277344,0.5076446533203125
ns_elephant_780,resnet50_tl_20250829,8,4,176,104,180.0,108.0,147.64105224609375,147.26661682128906,0.3744354248046875
ns_elephant_780,resnet50_tl_20250829,8,4,176,108,180.0,112.0,147.64105224609375,146.88946533203125,0.7515869140625
ns_elephant_780,resnet50_tl_20250829,8,4,176,112,180.0,116.0,147.64105224609375,146.93170166015625,0.7093505859375
ns_elephant_780,resnet50_tl_20250829,8,4,176,116,180.0,120.0,147.64105224609375,147.1456756591797,0.4953765869140625
ns_elephant_780,resnet50_tl_20250829,8,4,176,120,180.0,124.0,147.64105224609375,147.31854248046875,0.322509765625
ns_elephant_780,resnet50_tl_20250829,8,4,176,124,180.0,128.0,147.64105224609375,147.00123596191406,0.6398162841796875
ns_elephant_780,resnet50_tl_20250829,8,4,176,128,180.0,132.0,147.64105224609375,147.06503295898438,0.576019287109375
ns_elephant_780,resnet50_tl_20250829,8,4,176,132,180.0,136.0,147.64105224609375,147.19801330566406,0.4430389404296875
ns_elephant_780,resnet50_tl_20250829,8,4,176,136,180.0,140.0,147.64105224609375,147.38241577148438,0.258636474609375
ns_elephant_780,resnet50_tl_20250829,8,4,176,140,180.0,144.0,147.64105224609375,147.14315795898438,0.497894287109375
ns_elephant_780,resnet50_tl_20250829,8,4,176,144,180.0,148.0,147.64105224609375,147.20045471191406,0.4405975341796875
ns_elephant_780,resnet50_tl_20250829,8,4,176,148,180.0,152.0,147.64105224609375,147.33181762695312,0.309234619140625
ns_elephant_780,resnet50_tl_20250829,8,4,176,152,180.0,156.0,147.64105224609375,147.46261596679688,0.178436279296875
ns_elephant_780,resnet50_tl_20250829,8,4,176,156,180.0,160.0,147.64105224609375,147.2753448486328,0.3657073974609375
ns_elephant_780,resnet50_tl_20250829,8,4,176,160,180.0,164.0,147.64105224609375,147.33250427246094,0.3085479736328125
ns_elephant_780,resnet50_tl_20250829,8,4,176,164,180.0,168.0,147.64105224609375,147.4337158203125,0.20733642578125
ns_elephant_780,resnet50_tl_20250829,8,4,176,168,180.0,172.0,147.64105224609375,147.54803466796875,0.093017578125
ns_elephant_780,resnet50_tl_20250829,8,4,176,172,180.0,176.0,147.64105224609375,147.373046875,0.26800537109375
ns_elephant_780,resnet50_tl_20250829,8,4,176,176,180.0,180.0,147.64105224609375,147.4430694580078,0.1979827880859375
ns_elephant_780,resnet50_tl_20250829,8,4,176,180,180.0,184.0,147.64105224609375,147.4832305908203,0.1578216552734375
ns_elephant_780,resnet50_tl_20250829,8,4,176,184,180.0,188.0,147.64105224609375,147.64939880371094,-0.0083465576171875
ns_elephant_780,resnet50_tl_20250829,8,4,176,188,180.0,192.0,147.64105224609375,147.45538330078125,0.1856689453125
ns_elephant_780,resnet50_tl_20250829,8,4,176,192,180.0,196.0,147.64105224609375,147.5176544189453,0.1233978271484375
ns_elephant_780,resnet50_tl_20250829,8,4,176,196,180.0,200.0,147.64105224609375,147.56381225585938,0.077239990234375
ns_elephant_780,resnet50_tl_20250829,8,4,176,200,180.0,204.0,147.64105224609375,147.61990356445312,0.021148681640625
ns_elephant_780,resnet50_tl_20250829,8,4,176,204,180.0,208.0,147.64105224609375,147.5297393798828,0.1113128662109375
ns_elephant_780,resnet50_tl_20250829,8,4,176,208,180.0,212.0,147.64105224609375,147.5305938720703,0.1104583740234375
ns_elephant_780,resnet50_tl_20250829,8,4,176,212,180.0,216.0,147.64105224609375,147.55792236328125,0.0831298828125
ns_elephant_780,resnet50_tl_20250829,8,4,176,216,180.0,220.0,147.64105224609375,147.6057586669922,0.0352935791015625
ns_elephant_780,resnet50_tl_20250829,8,4,180,0,184.0,4.0,147.64105224609375,147.53916931152344,0.1018829345703125
ns_elephant_780,resnet50_tl_20250829,8,4,180,4,184.0,8.0,147.64105224609375,147.5391082763672,0.1019439697265625
ns_elephant_780,resnet50_tl_20250829,8,4,180,8,184.0,12.0,147.64105224609375,147.59765625,0.04339599609375
ns_elephant_780,resnet50_tl_20250829,8,4,180,12,184.0,16.0,147.64105224609375,147.51548767089844,0.1255645751953125
ns_elephant_780,resnet50_tl_20250829,8,4,180,16,184.0,20.0,147.64105224609375,147.5048065185547,0.1362457275390625
ns_elephant_780,resnet50_tl_20250829,8,4,180,20,184.0,24.0,147.64105224609375,147.4355926513672,0.2054595947265625
ns_elephant_780,resnet50_tl_20250829,8,4,180,24,184.0,28.0,147.64105224609375,147.42877197265625,0.2122802734375
ns_elephant_780,resnet50_tl_20250829,8,4,180,28,184.0,32.0,147.64105224609375,147.3641357421875,0.27691650390625
ns_elephant_780,resnet50_tl_20250829,8,4,180,32,184.0,36.0,147.64105224609375,147.3657684326172,0.2752838134765625
ns_elephant_780,resnet50_tl_20250829,8,4,180,36,184.0,40.0,147.64105224609375,147.36441040039062,0.276641845703125
ns_elephant_780,resnet50_tl_20250829,8,4,180,40,184.0,44.0,147.64105224609375,147.3466033935547,0.2944488525390625
ns_elephant_780,resnet50_tl_20250829,8,4,180,44,184.0,48.0,147.64105224609375,147.35882568359375,0.2822265625
ns_elephant_780,resnet50_tl_20250829,8,4,180,48,184.0,52.0,147.64105224609375,147.37319946289062,0.267852783203125
ns_elephant_780,resnet50_tl_20250829,8,4,180,52,184.0,56.0,147.64105224609375,147.41339111328125,0.2276611328125
ns_elephant_780,resnet50_tl_20250829,8,4,180,56,184.0,60.0,147.64105224609375,147.35552978515625,0.2855224609375
ns_elephant_780,resnet50_tl_20250829,8,4,180,60,184.0,64.0,147.64105224609375,147.38011169433594,0.2609405517578125
ns_elephant_780,resnet50_tl_20250829,8,4,180,64,184.0,68.0,147.64105224609375,147.3608856201172,0.2801666259765625
ns_elephant_780,resnet50_tl_20250829,8,4,180,68,184.0,72.0,147.64105224609375,147.4019775390625,0.23907470703125
ns_elephant_780,resnet50_tl_20250829,8,4,180,72,184.0,76.0,147.64105224609375,147.32992553710938,0.311126708984375
ns_elephant_780,resnet50_tl_20250829,8,4,180,76,184.0,80.0,147.64105224609375,147.40606689453125,0.2349853515625
ns_elephant_780,resnet50_tl_20250829,8,4,180,80,184.0,84.0,147.64105224609375,147.39161682128906,0.2494354248046875
ns_elephant_780,resnet50_tl_20250829,8,4,180,84,184.0,88.0,147.64105224609375,147.4360809326172,0.2049713134765625
ns_elephant_780,resnet50_tl_20250829,8,4,180,88,184.0,92.0,147.64105224609375,147.32843017578125,0.3126220703125
ns_elephant_780,resnet50_tl_20250829,8,4,180,92,184.0,96.0,147.64105224609375,147.36825561523438,0.272796630859375
ns_elephant_780,resnet50_tl_20250829,8,4,180,96,184.0,100.0,147.64105224609375,147.3575897216797,0.2834625244140625
ns_elephant_780,resnet50_tl_20250829,8,4,180,100,184.0,104.0,147.64105224609375,147.40072631835938,0.240325927734375
ns_elephant_780,resnet50_tl_20250829,8,4,180,104,184.0,108.0,147.64105224609375,147.32403564453125,0.3170166015625
ns_elephant_780,resnet50_tl_20250829,8,4,180,108,184.0,112.0,147.64105224609375,147.4223175048828,0.2187347412109375
ns_elephant_780,resnet50_tl_20250829,8,4,180,112,184.0,116.0,147.64105224609375,147.44046020507812,0.200592041015625
ns_elephant_780,resnet50_tl_20250829,8,4,180,116,184.0,120.0,147.64105224609375,147.41258239746094,0.2284698486328125
ns_elephant_780,resnet50_tl_20250829,8,4,180,120,184.0,124.0,147.64105224609375,147.3733673095703,0.2676849365234375
ns_elephant_780,resnet50_tl_20250829,8,4,180,124,184.0,128.0,147.64105224609375,147.43655395507812,0.204498291015625
ns_elephant_780,resnet50_tl_20250829,8,4,180,128,184.0,132.0,147.64105224609375,147.4467010498047,0.1943511962890625
ns_elephant_780,resnet50_tl_20250829,8,4,180,132,184.0,136.0,147.64105224609375,147.41439819335938,0.226654052734375
ns_elephant_780,resnet50_tl_20250829,8,4,180,136,184.0,140.0,147.64105224609375,147.39222717285156,0.2488250732421875
ns_elephant_780,resnet50_tl_20250829,8,4,180,140,184.0,144.0,147.64105224609375,147.46665954589844,0.1743927001953125
ns_elephant_780,resnet50_tl_20250829,8,4,180,144,184.0,148.0,147.64105224609375,147.52239990234375,0.11865234375
ns_elephant_780,resnet50_tl_20250829,8,4,180,148,184.0,152.0,147.64105224609375,147.5005645751953,0.1404876708984375
ns_elephant_780,resnet50_tl_20250829,8,4,180,152,184.0,156.0,147.64105224609375,147.5032196044922,0.1378326416015625
ns_elephant_780,resnet50_tl_20250829,8,4,180,156,184.0,160.0,147.64105224609375,147.5321807861328,0.1088714599609375
ns_elephant_780,resnet50_tl_20250829,8,4,180,160,184.0,164.0,147.64105224609375,147.61444091796875,0.026611328125
ns_elephant_780,resnet50_tl_20250829,8,4,180,164,184.0,168.0,147.64105224609375,147.58253479003906,0.0585174560546875
ns_elephant_780,resnet50_tl_20250829,8,4,180,168,184.0,172.0,147.64105224609375,147.56817626953125,0.0728759765625
ns_elephant_780,resnet50_tl_20250829,8,4,180,172,184.0,176.0,147.64105224609375,147.59625244140625,0.0447998046875
ns_elephant_780,resnet50_tl_20250829,8,4,180,176,184.0,180.0,147.64105224609375,147.67575073242188,-0.034698486328125
ns_elephant_780,resnet50_tl_20250829,8,4,180,180,184.0,184.0,147.64105224609375,147.6080780029297,0.0329742431640625
ns_elephant_780,resnet50_tl_20250829,8,4,180,184,184.0,188.0,147.64105224609375,147.655517578125,-0.01446533203125
ns_elephant_780,resnet50_tl_20250829,8,4,180,188,184.0,192.0,147.64105224609375,147.6209716796875,0.02008056640625
ns_elephant_780,resnet50_tl_20250829,8,4,180,192,184.0,196.0,147.64105224609375,147.7281494140625,-0.08709716796875
ns_elephant_780,resnet50_tl_20250829,8,4,180,196,184.0,200.0,147.64105224609375,147.62908935546875,0.011962890625
ns_elephant_780,resnet50_tl_20250829,8,4,180,200,184.0,204.0,147.64105224609375,147.63836669921875,0.002685546875
ns_elephant_780,resnet50_tl_20250829,8,4,180,204,184.0,208.0,147.64105224609375,147.63043212890625,0.0106201171875
ns_elephant_780,resnet50_tl_20250829,8,4,180,208,184.0,212.0,147.64105224609375,147.6861114501953,-0.0450592041015625
ns_elephant_780,resnet50_tl_20250829,8,4,180,212,184.0,216.0,147.64105224609375,147.6076202392578,0.0334320068359375
ns_elephant_780,resnet50_tl_20250829,8,4,180,216,184.0,220.0,147.64105224609375,147.59974670410156,0.0413055419921875
ns_elephant_780,resnet50_tl_20250829,8,4,184,0,188.0,4.0,147.64105224609375,147.4640350341797,0.1770172119140625
ns_elephant_780,resnet50_tl_20250829,8,4,184,4,188.0,8.0,147.64105224609375,147.4757537841797,0.1652984619140625
ns_elephant_780,resnet50_tl_20250829,8,4,184,8,188.0,12.0,147.64105224609375,147.5384979248047,0.1025543212890625
ns_elephant_780,resnet50_tl_20250829,8,4,184,12,188.0,16.0,147.64105224609375,147.41407775878906,0.2269744873046875
ns_elephant_780,resnet50_tl_20250829,8,4,184,16,188.0,20.0,147.64105224609375,147.42189025878906,0.2191619873046875
ns_elephant_780,resnet50_tl_20250829,8,4,184,20,188.0,24.0,147.64105224609375,147.33636474609375,0.3046875
ns_elephant_780,resnet50_tl_20250829,8,4,184,24,188.0,28.0,147.64105224609375,147.3357391357422,0.3053131103515625
ns_elephant_780,resnet50_tl_20250829,8,4,184,28,188.0,32.0,147.64105224609375,147.187255859375,0.45379638671875
ns_elephant_780,resnet50_tl_20250829,8,4,184,32,188.0,36.0,147.64105224609375,147.2349853515625,0.40606689453125
ns_elephant_780,resnet50_tl_20250829,8,4,184,36,188.0,40.0,147.64105224609375,147.20046997070312,0.440582275390625
ns_elephant_780,resnet50_tl_20250829,8,4,184,40,188.0,44.0,147.64105224609375,147.2503204345703,0.3907318115234375
ns_elephant_780,resnet50_tl_20250829,8,4,184,44,188.0,48.0,147.64105224609375,147.13734436035156,0.5037078857421875
ns_elephant_780,resnet50_tl_20250829,8,4,184,48,188.0,52.0,147.64105224609375,147.17547607421875,0.465576171875
ns_elephant_780,resnet50_tl_20250829,8,4,184,52,188.0,56.0,147.64105224609375,147.1820068359375,0.45904541015625
ns_elephant_780,resnet50_tl_20250829,8,4,184,56,188.0,60.0,147.64105224609375,147.24732971191406,0.3937225341796875
ns_elephant_780,resnet50_tl_20250829,8,4,184,60,188.0,64.0,147.64105224609375,147.1260986328125,0.51495361328125
ns_elephant_780,resnet50_tl_20250829,8,4,184,64,188.0,68.0,147.64105224609375,147.1498260498047,0.4912261962890625
ns_elephant_780,resnet50_tl_20250829,8,4,184,68,188.0,72.0,147.64105224609375,147.14453125,0.49652099609375
ns_elephant_780,resnet50_tl_20250829,8,4,184,72,188.0,76.0,147.64105224609375,147.2125701904297,0.4284820556640625
ns_elephant_780,resnet50_tl_20250829,8,4,184,76,188.0,80.0,147.64105224609375,147.1484375,0.49261474609375
ns_elephant_780,resnet50_tl_20250829,8,4,184,80,188.0,84.0,147.64105224609375,147.15769958496094,0.4833526611328125
ns_elephant_780,resnet50_tl_20250829,8,4,184,84,188.0,88.0,147.64105224609375,147.1749267578125,0.46612548828125
ns_elephant_780,resnet50_tl_20250829,8,4,184,88,188.0,92.0,147.64105224609375,147.24185180664062,0.399200439453125
ns_elephant_780,resnet50_tl_20250829,8,4,184,92,188.0,96.0,147.64105224609375,147.17124938964844,0.4698028564453125
ns_elephant_780,resnet50_tl_20250829,8,4,184,96,188.0,100.0,147.64105224609375,147.20533752441406,0.4357147216796875
ns_elephant_780,resnet50_tl_20250829,8,4,184,100,188.0,104.0,147.64105224609375,147.17333984375,0.46771240234375
ns_elephant_780,resnet50_tl_20250829,8,4,184,104,188.0,108.0,147.64105224609375,147.2282257080078,0.4128265380859375
ns_elephant_780,resnet50_tl_20250829,8,4,184,108,188.0,112.0,147.64105224609375,147.21836853027344,0.4226837158203125
ns_elephant_780,resnet50_tl_20250829,8,4,184,112,188.0,116.0,147.64105224609375,147.26539611816406,0.3756561279296875
ns_elephant_780,resnet50_tl_20250829,8,4,184,116,188.0,120.0,147.64105224609375,147.2135772705078,0.4274749755859375
ns_elephant_780,resnet50_tl_20250829,8,4,184,120,188.0,124.0,147.64105224609375,147.28311157226562,0.357940673828125
ns_elephant_780,resnet50_tl_20250829,8,4,184,124,188.0,128.0,147.64105224609375,147.23483276367188,0.406219482421875
ns_elephant_780,resnet50_tl_20250829,8,4,184,128,188.0,132.0,147.64105224609375,147.28668212890625,0.3543701171875
ns_elephant_780,resnet50_tl_20250829,8,4,184,132,188.0,136.0,147.64105224609375,147.2425994873047,0.3984527587890625
ns_elephant_780,resnet50_tl_20250829,8,4,184,136,188.0,140.0,147.64105224609375,147.31814575195312,0.322906494140625
ns_elephant_780,resnet50_tl_20250829,8,4,184,140,188.0,144.0,147.64105224609375,147.30548095703125,0.3355712890625
ns_elephant_780,resnet50_tl_20250829,8,4,184,144,188.0,148.0,147.64105224609375,147.3731231689453,0.2679290771484375
ns_elephant_780,resnet50_tl_20250829,8,4,184,148,188.0,152.0,147.64105224609375,147.3577117919922,0.2833404541015625
ns_elephant_780,resnet50_tl_20250829,8,4,184,152,188.0,156.0,147.64105224609375,147.4217529296875,0.21929931640625
ns_elephant_780,resnet50_tl_20250829,8,4,184,156,188.0,160.0,147.64105224609375,147.37176513671875,0.269287109375
ns_elephant_780,resnet50_tl_20250829,8,4,184,160,188.0,164.0,147.64105224609375,147.453857421875,0.18719482421875
ns_elephant_780,resnet50_tl_20250829,8,4,184,164,188.0,168.0,147.64105224609375,147.43917846679688,0.201873779296875
ns_elephant_780,resnet50_tl_20250829,8,4,184,168,188.0,172.0,147.64105224609375,147.52333068847656,0.1177215576171875
ns_elephant_780,resnet50_tl_20250829,8,4,184,172,188.0,176.0,147.64105224609375,147.49855041503906,0.1425018310546875
ns_elephant_780,resnet50_tl_20250829,8,4,184,176,188.0,180.0,147.64105224609375,147.56744384765625,0.0736083984375
ns_elephant_780,resnet50_tl_20250829,8,4,184,180,188.0,184.0,147.64105224609375,147.5182647705078,0.1227874755859375
ns_elephant_780,resnet50_tl_20250829,8,4,184,184,188.0,188.0,147.64105224609375,147.62997436523438,0.011077880859375
ns_elephant_780,resnet50_tl_20250829,8,4,184,188,188.0,192.0,147.64105224609375,147.5955810546875,0.04547119140625
ns_elephant_780,resnet50_tl_20250829,8,4,184,192,188.0,196.0,147.64105224609375,147.67713928222656,-0.0360870361328125
ns_elephant_780,resnet50_tl_20250829,8,4,184,196,188.0,200.0,147.64105224609375,147.6039276123047,0.0371246337890625
ns_elephant_780,resnet50_tl_20250829,8,4,184,200,188.0,204.0,147.64105224609375,147.64613342285156,-0.0050811767578125
ns_elephant_780,resnet50_tl_20250829,8,4,184,204,188.0,208.0,147.64105224609375,147.66665649414062,-0.025604248046875
ns_elephant_780,resnet50_tl_20250829,8,4,184,208,188.0,212.0,147.64105224609375,147.69789123535156,-0.0568389892578125
ns_elephant_780,resnet50_tl_20250829,8,4,184,212,188.0,216.0,147.64105224609375,147.62847900390625,0.0125732421875
ns_elephant_780,resnet50_tl_20250829,8,4,184,216,188.0,220.0,147.64105224609375,147.61550903320312,0.025543212890625
ns_elephant_780,resnet50_tl_20250829,8,4,188,0,192.0,4.0,147.64105224609375,147.29359436035156,0.3474578857421875
ns_elephant_780,resnet50_tl_20250829,8,4,188,4,192.0,8.0,147.64105224609375,147.42230224609375,0.21875
ns_elephant_780,resnet50_tl_20250829,8,4,188,8,192.0,12.0,147.64105224609375,147.53175354003906,0.1092987060546875
ns_elephant_780,resnet50_tl_20250829,8,4,188,12,192.0,16.0,147.64105224609375,147.3038330078125,0.33721923828125
ns_elephant_780,resnet50_tl_20250829,8,4,188,16,192.0,20.0,147.64105224609375,147.33306884765625,0.3079833984375
ns_elephant_780,resnet50_tl_20250829,8,4,188,20,192.0,24.0,147.64105224609375,147.37713623046875,0.263916015625
ns_elephant_780,resnet50_tl_20250829,8,4,188,24,192.0,28.0,147.64105224609375,147.43295288085938,0.208099365234375
ns_elephant_780,resnet50_tl_20250829,8,4,188,28,192.0,32.0,147.64105224609375,147.02487182617188,0.616180419921875
ns_elephant_780,resnet50_tl_20250829,8,4,188,32,192.0,36.0,147.64105224609375,147.0729522705078,0.5680999755859375
ns_elephant_780,resnet50_tl_20250829,8,4,188,36,192.0,40.0,147.64105224609375,147.2842254638672,0.3568267822265625
ns_elephant_780,resnet50_tl_20250829,8,4,188,40,192.0,44.0,147.64105224609375,147.341552734375,0.29949951171875
ns_elephant_780,resnet50_tl_20250829,8,4,188,44,192.0,48.0,147.64105224609375,146.98944091796875,0.651611328125
ns_elephant_780,resnet50_tl_20250829,8,4,188,48,192.0,52.0,147.64105224609375,147.0108184814453,0.6302337646484375
ns_elephant_780,resnet50_tl_20250829,8,4,188,52,192.0,56.0,147.64105224609375,147.24667358398438,0.394378662109375
ns_elephant_780,resnet50_tl_20250829,8,4,188,56,192.0,60.0,147.64105224609375,147.34445190429688,0.296600341796875
ns_elephant_780,resnet50_tl_20250829,8,4,188,60,192.0,64.0,147.64105224609375,146.87779235839844,0.7632598876953125
ns_elephant_780,resnet50_tl_20250829,8,4,188,64,192.0,68.0,147.64105224609375,146.90725708007812,0.733795166015625
ns_elephant_780,resnet50_tl_20250829,8,4,188,68,192.0,72.0,147.64105224609375,147.2217559814453,0.4192962646484375
ns_elephant_780,resnet50_tl_20250829,8,4,188,72,192.0,76.0,147.64105224609375,147.32476806640625,0.3162841796875
ns_elephant_780,resnet50_tl_20250829,8,4,188,76,192.0,80.0,147.64105224609375,146.96408081054688,0.676971435546875
ns_elephant_780,resnet50_tl_20250829,8,4,188,80,192.0,84.0,147.64105224609375,146.9635009765625,0.67755126953125
ns_elephant_780,resnet50_tl_20250829,8,4,188,84,192.0,88.0,147.64105224609375,147.2254180908203,0.4156341552734375
ns_elephant_780,resnet50_tl_20250829,8,4,188,88,192.0,92.0,147.64105224609375,147.3407745361328,0.3002777099609375
ns_elephant_780,resnet50_tl_20250829,8,4,188,92,192.0,96.0,147.64105224609375,146.9483184814453,0.6927337646484375
ns_elephant_780,resnet50_tl_20250829,8,4,188,96,192.0,100.0,147.64105224609375,146.99188232421875,0.649169921875
ns_elephant_780,resnet50_tl_20250829,8,4,188,100,192.0,104.0,147.64105224609375,147.2354736328125,0.40557861328125
ns_elephant_780,resnet50_tl_20250829,8,4,188,104,192.0,108.0,147.64105224609375,147.340087890625,0.30096435546875
ns_elephant_780,resnet50_tl_20250829,8,4,188,108,192.0,112.0,147.64105224609375,147.09373474121094,0.5473175048828125
ns_elephant_780,resnet50_tl_20250829,8,4,188,112,192.0,116.0,147.64105224609375,147.0965576171875,0.54449462890625
ns_elephant_780,resnet50_tl_20250829,8,4,188,116,192.0,120.0,147.64105224609375,147.27264404296875,0.368408203125
ns_elephant_780,resnet50_tl_20250829,8,4,188,120,192.0,124.0,147.64105224609375,147.3725128173828,0.2685394287109375
ns_elephant_780,resnet50_tl_20250829,8,4,188,124,192.0,128.0,147.64105224609375,147.059326171875,0.58172607421875
ns_elephant_780,resnet50_tl_20250829,8,4,188,128,192.0,132.0,147.64105224609375,147.0890350341797,0.5520172119140625
ns_elephant_780,resnet50_tl_20250829,8,4,188,132,192.0,136.0,147.64105224609375,147.2730712890625,0.36798095703125
ns_elephant_780,resnet50_tl_20250829,8,4,188,136,192.0,140.0,147.64105224609375,147.38925170898438,0.251800537109375
ns_elephant_780,resnet50_tl_20250829,8,4,188,140,192.0,144.0,147.64105224609375,147.19949340820312,0.441558837890625
ns_elephant_780,resnet50_tl_20250829,8,4,188,144,192.0,148.0,147.64105224609375,147.25050354003906,0.3905487060546875
ns_elephant_780,resnet50_tl_20250829,8,4,188,148,192.0,152.0,147.64105224609375,147.37481689453125,0.2662353515625
ns_elephant_780,resnet50_tl_20250829,8,4,188,152,192.0,156.0,147.64105224609375,147.48068237304688,0.160369873046875
ns_elephant_780,resnet50_tl_20250829,8,4,188,156,192.0,160.0,147.64105224609375,147.16445922851562,0.476593017578125
ns_elephant_780,resnet50_tl_20250829,8,4,188,160,192.0,164.0,147.64105224609375,147.24290466308594,0.3981475830078125
ns_elephant_780,resnet50_tl_20250829,8,4,188,164,192.0,168.0,147.64105224609375,147.417236328125,0.22381591796875
ns_elephant_780,resnet50_tl_20250829,8,4,188,168,192.0,172.0,147.64105224609375,147.5309295654297,0.1101226806640625
ns_elephant_780,resnet50_tl_20250829,8,4,188,172,192.0,176.0,147.64105224609375,147.36614990234375,0.27490234375
ns_elephant_780,resnet50_tl_20250829,8,4,188,176,192.0,180.0,147.64105224609375,147.40956115722656,0.2314910888671875
ns_elephant_780,resnet50_tl_20250829,8,4,188,180,192.0,184.0,147.64105224609375,147.50442504882812,0.136627197265625
ns_elephant_780,resnet50_tl_20250829,8,4,188,184,192.0,188.0,147.64105224609375,147.6398162841797,0.0012359619140625
ns_elephant_780,resnet50_tl_20250829,8,4,188,188,192.0,192.0,147.64105224609375,147.46044921875,0.18060302734375
ns_elephant_780,resnet50_tl_20250829,8,4,188,192,192.0,196.0,147.64105224609375,147.53482055664062,0.106231689453125
ns_elephant_780,resnet50_tl_20250829,8,4,188,196,192.0,200.0,147.64105224609375,147.5609588623047,0.0800933837890625
ns_elephant_780,resnet50_tl_20250829,8,4,188,200,192.0,204.0,147.64105224609375,147.64932250976562,-0.008270263671875
ns_elephant_780,resnet50_tl_20250829,8,4,188,204,192.0,208.0,147.64105224609375,147.64715576171875,-0.006103515625
ns_elephant_780,resnet50_tl_20250829,8,4,188,208,192.0,212.0,147.64105224609375,147.67364501953125,-0.0325927734375
ns_elephant_780,resnet50_tl_20250829,8,4,188,212,192.0,216.0,147.64105224609375,147.6289520263672,0.0121002197265625
ns_elephant_780,resnet50_tl_20250829,8,4,188,216,192.0,220.0,147.64105224609375,147.63487243652344,0.0061798095703125
ns_elephant_780,resnet50_tl_20250829,8,4,192,0,196.0,4.0,147.64105224609375,147.39048767089844,0.2505645751953125
ns_elephant_780,resnet50_tl_20250829,8,4,192,4,196.0,8.0,147.64105224609375,147.4503173828125,0.19073486328125
ns_elephant_780,resnet50_tl_20250829,8,4,192,8,196.0,12.0,147.64105224609375,147.55677795410156,0.0842742919921875
ns_elephant_780,resnet50_tl_20250829,8,4,192,12,196.0,16.0,147.64105224609375,147.32852172851562,0.312530517578125
ns_elephant_780,resnet50_tl_20250829,8,4,192,16,196.0,20.0,147.64105224609375,147.4073486328125,0.23370361328125
ns_elephant_780,resnet50_tl_20250829,8,4,192,20,196.0,24.0,147.64105224609375,147.4071044921875,0.23394775390625
ns_elephant_780,resnet50_tl_20250829,8,4,192,24,196.0,28.0,147.64105224609375,147.4608154296875,0.18023681640625
ns_elephant_780,resnet50_tl_20250829,8,4,192,28,196.0,32.0,147.64105224609375,147.10226440429688,0.538787841796875
ns_elephant_780,resnet50_tl_20250829,8,4,192,32,196.0,36.0,147.64105224609375,147.1804656982422,0.4605865478515625
ns_elephant_780,resnet50_tl_20250829,8,4,192,36,196.0,40.0,147.64105224609375,147.3242645263672,0.3167877197265625
ns_elephant_780,resnet50_tl_20250829,8,4,192,40,196.0,44.0,147.64105224609375,147.3709259033203,0.2701263427734375
ns_elephant_780,resnet50_tl_20250829,8,4,192,44,196.0,48.0,147.64105224609375,147.01394653320312,0.627105712890625
ns_elephant_780,resnet50_tl_20250829,8,4,192,48,196.0,52.0,147.64105224609375,147.1014404296875,0.53961181640625
ns_elephant_780,resnet50_tl_20250829,8,4,192,52,196.0,56.0,147.64105224609375,147.26527404785156,0.3757781982421875
ns_elephant_780,resnet50_tl_20250829,8,4,192,56,196.0,60.0,147.64105224609375,147.36334228515625,0.2777099609375
ns_elephant_780,resnet50_tl_20250829,8,4,192,60,196.0,64.0,147.64105224609375,146.95460510253906,0.6864471435546875
ns_elephant_780,resnet50_tl_20250829,8,4,192,64,196.0,68.0,147.64105224609375,147.03367614746094,0.6073760986328125
ns_elephant_780,resnet50_tl_20250829,8,4,192,68,196.0,72.0,147.64105224609375,147.25762939453125,0.3834228515625
ns_elephant_780,resnet50_tl_20250829,8,4,192,72,196.0,76.0,147.64105224609375,147.34608459472656,0.2949676513671875
ns_elephant_780,resnet50_tl_20250829,8,4,192,76,196.0,80.0,147.64105224609375,146.97219848632812,0.668853759765625
ns_elephant_780,resnet50_tl_20250829,8,4,192,80,196.0,84.0,147.64105224609375,147.05825805664062,0.582794189453125
ns_elephant_780,resnet50_tl_20250829,8,4,192,84,196.0,88.0,147.64105224609375,147.2455596923828,0.3954925537109375
ns_elephant_780,resnet50_tl_20250829,8,4,192,88,196.0,92.0,147.64105224609375,147.3619384765625,0.27911376953125
ns_elephant_780,resnet50_tl_20250829,8,4,192,92,196.0,96.0,147.64105224609375,147.013916015625,0.62713623046875
ns_elephant_780,resnet50_tl_20250829,8,4,192,96,196.0,100.0,147.64105224609375,147.11639404296875,0.524658203125
ns_elephant_780,resnet50_tl_20250829,8,4,192,100,196.0,104.0,147.64105224609375,147.29026794433594,0.3507843017578125
ns_elephant_780,resnet50_tl_20250829,8,4,192,104,196.0,108.0,147.64105224609375,147.37020874023438,0.270843505859375
ns_elephant_780,resnet50_tl_20250829,8,4,192,108,196.0,112.0,147.64105224609375,147.0977325439453,0.5433197021484375
ns_elephant_780,resnet50_tl_20250829,8,4,192,112,196.0,116.0,147.64105224609375,147.1872100830078,0.4538421630859375
ns_elephant_780,resnet50_tl_20250829,8,4,192,116,196.0,120.0,147.64105224609375,147.31564331054688,0.325408935546875
ns_elephant_780,resnet50_tl_20250829,8,4,192,120,196.0,124.0,147.64105224609375,147.40977478027344,0.2312774658203125
ns_elephant_780,resnet50_tl_20250829,8,4,192,124,196.0,128.0,147.64105224609375,147.09719848632812,0.543853759765625
ns_elephant_780,resnet50_tl_20250829,8,4,192,128,196.0,132.0,147.64105224609375,147.19554138183594,0.4455108642578125
ns_elephant_780,resnet50_tl_20250829,8,4,192,132,196.0,136.0,147.64105224609375,147.34100341796875,0.300048828125
ns_elephant_780,resnet50_tl_20250829,8,4,192,136,196.0,140.0,147.64105224609375,147.43663024902344,0.2044219970703125
ns_elephant_780,resnet50_tl_20250829,8,4,192,140,196.0,144.0,147.64105224609375,147.2075653076172,0.4334869384765625
ns_elephant_780,resnet50_tl_20250829,8,4,192,144,196.0,148.0,147.64105224609375,147.3184356689453,0.3226165771484375
ns_elephant_780,resnet50_tl_20250829,8,4,192,148,196.0,152.0,147.64105224609375,147.41766357421875,0.223388671875
ns_elephant_780,resnet50_tl_20250829,8,4,192,152,196.0,156.0,147.64105224609375,147.51229858398438,0.128753662109375
ns_elephant_780,resnet50_tl_20250829,8,4,192,156,196.0,160.0,147.64105224609375,147.23728942871094,0.4037628173828125
ns_elephant_780,resnet50_tl_20250829,8,4,192,160,196.0,164.0,147.64105224609375,147.32933044433594,0.3117218017578125
ns_elephant_780,resnet50_tl_20250829,8,4,192,164,196.0,168.0,147.64105224609375,147.46751403808594,0.1735382080078125
ns_elephant_780,resnet50_tl_20250829,8,4,192,168,196.0,172.0,147.64105224609375,147.5536651611328,0.0873870849609375
ns_elephant_780,resnet50_tl_20250829,8,4,192,172,196.0,176.0,147.64105224609375,147.399169921875,0.24188232421875
ns_elephant_780,resnet50_tl_20250829,8,4,192,176,196.0,180.0,147.64105224609375,147.4680938720703,0.1729583740234375
ns_elephant_780,resnet50_tl_20250829,8,4,192,180,196.0,184.0,147.64105224609375,147.5260467529297,0.1150054931640625
ns_elephant_780,resnet50_tl_20250829,8,4,192,184,196.0,188.0,147.64105224609375,147.652099609375,-0.01104736328125
ns_elephant_780,resnet50_tl_20250829,8,4,192,188,196.0,192.0,147.64105224609375,147.52645874023438,0.114593505859375
ns_elephant_780,resnet50_tl_20250829,8,4,192,192,196.0,196.0,147.64105224609375,147.59556579589844,0.0454864501953125
ns_elephant_780,resnet50_tl_20250829,8,4,192,196,196.0,200.0,147.64105224609375,147.613525390625,0.02752685546875
ns_elephant_780,resnet50_tl_20250829,8,4,192,200,196.0,204.0,147.64105224609375,147.66725158691406,-0.0261993408203125
ns_elephant_780,resnet50_tl_20250829,8,4,192,204,196.0,208.0,147.64105224609375,147.64389038085938,-0.002838134765625
ns_elephant_780,resnet50_tl_20250829,8,4,192,208,196.0,212.0,147.64105224609375,147.66795349121094,-0.0269012451171875
ns_elephant_780,resnet50_tl_20250829,8,4,192,212,196.0,216.0,147.64105224609375,147.64756774902344,-0.0065155029296875
ns_elephant_780,resnet50_tl_20250829,8,4,192,216,196.0,220.0,147.64105224609375,147.6635284423828,-0.0224761962890625
ns_elephant_780,resnet50_tl_20250829,8,4,196,0,200.0,4.0,147.64105224609375,147.5582275390625,0.08282470703125
ns_elephant_780,resnet50_tl_20250829,8,4,196,4,200.0,8.0,147.64105224609375,147.5469970703125,0.09405517578125
ns_elephant_780,resnet50_tl_20250829,8,4,196,8,200.0,12.0,147.64105224609375,147.62216186523438,0.018890380859375
ns_elephant_780,resnet50_tl_20250829,8,4,196,12,200.0,16.0,147.64105224609375,147.53575134277344,0.1053009033203125
ns_elephant_780,resnet50_tl_20250829,8,4,196,16,200.0,20.0,147.64105224609375,147.5363006591797,0.1047515869140625
ns_elephant_780,resnet50_tl_20250829,8,4,196,20,200.0,24.0,147.64105224609375,147.52996826171875,0.111083984375
ns_elephant_780,resnet50_tl_20250829,8,4,196,24,200.0,28.0,147.64105224609375,147.5112762451172,0.1297760009765625
ns_elephant_780,resnet50_tl_20250829,8,4,196,28,200.0,32.0,147.64105224609375,147.4275360107422,0.2135162353515625
ns_elephant_780,resnet50_tl_20250829,8,4,196,32,200.0,36.0,147.64105224609375,147.43397521972656,0.2070770263671875
ns_elephant_780,resnet50_tl_20250829,8,4,196,36,200.0,40.0,147.64105224609375,147.47962951660156,0.1614227294921875
ns_elephant_780,resnet50_tl_20250829,8,4,196,40,200.0,44.0,147.64105224609375,147.4264373779297,0.2146148681640625
ns_elephant_780,resnet50_tl_20250829,8,4,196,44,200.0,48.0,147.64105224609375,147.37405395507812,0.266998291015625
ns_elephant_780,resnet50_tl_20250829,8,4,196,48,200.0,52.0,147.64105224609375,147.39382934570312,0.247222900390625
ns_elephant_780,resnet50_tl_20250829,8,4,196,52,200.0,56.0,147.64105224609375,147.4774169921875,0.16363525390625
ns_elephant_780,resnet50_tl_20250829,8,4,196,56,200.0,60.0,147.64105224609375,147.40902709960938,0.232025146484375
ns_elephant_780,resnet50_tl_20250829,8,4,196,60,200.0,64.0,147.64105224609375,147.3811798095703,0.2598724365234375
ns_elephant_780,resnet50_tl_20250829,8,4,196,64,200.0,68.0,147.64105224609375,147.39654541015625,0.2445068359375
ns_elephant_780,resnet50_tl_20250829,8,4,196,68,200.0,72.0,147.64105224609375,147.47683715820312,0.164215087890625
ns_elephant_780,resnet50_tl_20250829,8,4,196,72,200.0,76.0,147.64105224609375,147.3987274169922,0.2423248291015625
ns_elephant_780,resnet50_tl_20250829,8,4,196,76,200.0,80.0,147.64105224609375,147.38302612304688,0.258026123046875
ns_elephant_780,resnet50_tl_20250829,8,4,196,80,200.0,84.0,147.64105224609375,147.39639282226562,0.244659423828125
ns_elephant_780,resnet50_tl_20250829,8,4,196,84,200.0,88.0,147.64105224609375,147.4754180908203,0.1656341552734375
ns_elephant_780,resnet50_tl_20250829,8,4,196,88,200.0,92.0,147.64105224609375,147.39369201660156,0.2473602294921875
ns_elephant_780,resnet50_tl_20250829,8,4,196,92,200.0,96.0,147.64105224609375,147.38671875,0.25433349609375
ns_elephant_780,resnet50_tl_20250829,8,4,196,96,200.0,100.0,147.64105224609375,147.4093017578125,0.23175048828125
ns_elephant_780,resnet50_tl_20250829,8,4,196,100,200.0,104.0,147.64105224609375,147.47979736328125,0.1612548828125
ns_elephant_780,resnet50_tl_20250829,8,4,196,104,200.0,108.0,147.64105224609375,147.40647888183594,0.2345733642578125
ns_elephant_780,resnet50_tl_20250829,8,4,196,108,200.0,112.0,147.64105224609375,147.4031982421875,0.23785400390625
ns_elephant_780,resnet50_tl_20250829,8,4,196,112,200.0,116.0,147.64105224609375,147.4403076171875,0.20074462890625
ns_elephant_780,resnet50_tl_20250829,8,4,196,116,200.0,120.0,147.64105224609375,147.50733947753906,0.1337127685546875
ns_elephant_780,resnet50_tl_20250829,8,4,196,120,200.0,124.0,147.64105224609375,147.4489288330078,0.1921234130859375
ns_elephant_780,resnet50_tl_20250829,8,4,196,124,200.0,128.0,147.64105224609375,147.4219512939453,0.2191009521484375
ns_elephant_780,resnet50_tl_20250829,8,4,196,128,200.0,132.0,147.64105224609375,147.47015380859375,0.1708984375
ns_elephant_780,resnet50_tl_20250829,8,4,196,132,200.0,136.0,147.64105224609375,147.51405334472656,0.1269989013671875
ns_elephant_780,resnet50_tl_20250829,8,4,196,136,200.0,140.0,147.64105224609375,147.47532653808594,0.1657257080078125
ns_elephant_780,resnet50_tl_20250829,8,4,196,140,200.0,144.0,147.64105224609375,147.45742797851562,0.183624267578125
ns_elephant_780,resnet50_tl_20250829,8,4,196,144,200.0,148.0,147.64105224609375,147.5260467529297,0.1150054931640625
ns_elephant_780,resnet50_tl_20250829,8,4,196,148,200.0,152.0,147.64105224609375,147.57717895507812,0.063873291015625
ns_elephant_780,resnet50_tl_20250829,8,4,196,152,200.0,156.0,147.64105224609375,147.56256103515625,0.0784912109375
ns_elephant_780,resnet50_tl_20250829,8,4,196,156,200.0,160.0,147.64105224609375,147.51449584960938,0.126556396484375
ns_elephant_780,resnet50_tl_20250829,8,4,196,160,200.0,164.0,147.64105224609375,147.58212280273438,0.058929443359375
ns_elephant_780,resnet50_tl_20250829,8,4,196,164,200.0,168.0,147.64105224609375,147.60919189453125,0.0318603515625
ns_elephant_780,resnet50_tl_20250829,8,4,196,168,200.0,172.0,147.64105224609375,147.59803771972656,0.0430145263671875
ns_elephant_780,resnet50_tl_20250829,8,4,196,172,200.0,176.0,147.64105224609375,147.58538818359375,0.0556640625
ns_elephant_780,resnet50_tl_20250829,8,4,196,176,200.0,180.0,147.64105224609375,147.63539123535156,0.0056610107421875
ns_elephant_780,resnet50_tl_20250829,8,4,196,180,200.0,184.0,147.64105224609375,147.64756774902344,-0.0065155029296875
ns_elephant_780,resnet50_tl_20250829,8,4,196,184,200.0,188.0,147.64105224609375,147.67066955566406,-0.0296173095703125
ns_elephant_780,resnet50_tl_20250829,8,4,196,188,200.0,192.0,147.64105224609375,147.630615234375,0.01043701171875
ns_elephant_780,resnet50_tl_20250829,8,4,196,192,200.0,196.0,147.64105224609375,147.70741271972656,-0.0663604736328125
ns_elephant_780,resnet50_tl_20250829,8,4,196,196,200.0,200.0,147.64105224609375,147.66534423828125,-0.0242919921875
ns_elephant_780,resnet50_tl_20250829,8,4,196,200,200.0,204.0,147.64105224609375,147.678466796875,-0.03741455078125
ns_elephant_780,resnet50_tl_20250829,8,4,196,204,200.0,208.0,147.64105224609375,147.64596557617188,-0.004913330078125
ns_elephant_780,resnet50_tl_20250829,8,4,196,208,200.0,212.0,147.64105224609375,147.6745147705078,-0.0334625244140625
ns_elephant_780,resnet50_tl_20250829,8,4,196,212,200.0,216.0,147.64105224609375,147.65945434570312,-0.018402099609375
ns_elephant_780,resnet50_tl_20250829,8,4,196,216,200.0,220.0,147.64105224609375,147.65478515625,-0.01373291015625
ns_elephant_780,resnet50_tl_20250829,8,4,200,0,204.0,4.0,147.64105224609375,147.52020263671875,0.120849609375
ns_elephant_780,resnet50_tl_20250829,8,4,200,4,204.0,8.0,147.64105224609375,147.56695556640625,0.0740966796875
ns_elephant_780,resnet50_tl_20250829,8,4,200,8,204.0,12.0,147.64105224609375,147.62796020507812,0.013092041015625
ns_elephant_780,resnet50_tl_20250829,8,4,200,12,204.0,16.0,147.64105224609375,147.48236083984375,0.15869140625
ns_elephant_780,resnet50_tl_20250829,8,4,200,16,204.0,20.0,147.64105224609375,147.4972381591797,0.1438140869140625
ns_elephant_780,resnet50_tl_20250829,8,4,200,20,204.0,24.0,147.64105224609375,147.4814453125,0.15960693359375
ns_elephant_780,resnet50_tl_20250829,8,4,200,24,204.0,28.0,147.64105224609375,147.51922607421875,0.121826171875
ns_elephant_780,resnet50_tl_20250829,8,4,200,28,204.0,32.0,147.64105224609375,147.35397338867188,0.287078857421875
ns_elephant_780,resnet50_tl_20250829,8,4,200,32,204.0,36.0,147.64105224609375,147.38565063476562,0.255401611328125
ns_elephant_780,resnet50_tl_20250829,8,4,200,36,204.0,40.0,147.64105224609375,147.40484619140625,0.2362060546875
ns_elephant_780,resnet50_tl_20250829,8,4,200,40,204.0,44.0,147.64105224609375,147.45053100585938,0.190521240234375
ns_elephant_780,resnet50_tl_20250829,8,4,200,44,204.0,48.0,147.64105224609375,147.3097686767578,0.3312835693359375
ns_elephant_780,resnet50_tl_20250829,8,4,200,48,204.0,52.0,147.64105224609375,147.34622192382812,0.294830322265625
ns_elephant_780,resnet50_tl_20250829,8,4,200,52,204.0,56.0,147.64105224609375,147.37184143066406,0.2692108154296875
ns_elephant_780,resnet50_tl_20250829,8,4,200,56,204.0,60.0,147.64105224609375,147.43817138671875,0.202880859375
ns_elephant_780,resnet50_tl_20250829,8,4,200,60,204.0,64.0,147.64105224609375,147.31210327148438,0.328948974609375
ns_elephant_780,resnet50_tl_20250829,8,4,200,64,204.0,68.0,147.64105224609375,147.34576416015625,0.2952880859375
ns_elephant_780,resnet50_tl_20250829,8,4,200,68,204.0,72.0,147.64105224609375,147.3645477294922,0.2765045166015625
ns_elephant_780,resnet50_tl_20250829,8,4,200,72,204.0,76.0,147.64105224609375,147.4273681640625,0.21368408203125
ns_elephant_780,resnet50_tl_20250829,8,4,200,76,204.0,80.0,147.64105224609375,147.3341064453125,0.30694580078125
ns_elephant_780,resnet50_tl_20250829,8,4,200,80,204.0,84.0,147.64105224609375,147.36024475097656,0.2808074951171875
ns_elephant_780,resnet50_tl_20250829,8,4,200,84,204.0,88.0,147.64105224609375,147.37559509277344,0.2654571533203125
ns_elephant_780,resnet50_tl_20250829,8,4,200,88,204.0,92.0,147.64105224609375,147.44007873535156,0.2009735107421875
ns_elephant_780,resnet50_tl_20250829,8,4,200,92,204.0,96.0,147.64105224609375,147.3448944091797,0.2961578369140625
ns_elephant_780,resnet50_tl_20250829,8,4,200,96,204.0,100.0,147.64105224609375,147.37799072265625,0.2630615234375
ns_elephant_780,resnet50_tl_20250829,8,4,200,100,204.0,104.0,147.64105224609375,147.3824462890625,0.25860595703125
ns_elephant_780,resnet50_tl_20250829,8,4,200,104,204.0,108.0,147.64105224609375,147.4401092529297,0.2009429931640625
ns_elephant_780,resnet50_tl_20250829,8,4,200,108,204.0,112.0,147.64105224609375,147.37586975097656,0.2651824951171875
ns_elephant_780,resnet50_tl_20250829,8,4,200,112,204.0,116.0,147.64105224609375,147.4178466796875,0.22320556640625
ns_elephant_780,resnet50_tl_20250829,8,4,200,116,204.0,120.0,147.64105224609375,147.42701721191406,0.2140350341796875
ns_elephant_780,resnet50_tl_20250829,8,4,200,120,204.0,124.0,147.64105224609375,147.4796905517578,0.1613616943359375
ns_elephant_780,resnet50_tl_20250829,8,4,200,124,204.0,128.0,147.64105224609375,147.3885040283203,0.2525482177734375
ns_elephant_780,resnet50_tl_20250829,8,4,200,128,204.0,132.0,147.64105224609375,147.43600463867188,0.205047607421875
ns_elephant_780,resnet50_tl_20250829,8,4,200,132,204.0,136.0,147.64105224609375,147.4380340576172,0.2030181884765625
ns_elephant_780,resnet50_tl_20250829,8,4,200,136,204.0,140.0,147.64105224609375,147.49913024902344,0.1419219970703125
ns_elephant_780,resnet50_tl_20250829,8,4,200,140,204.0,144.0,147.64105224609375,147.42056274414062,0.220489501953125
ns_elephant_780,resnet50_tl_20250829,8,4,200,144,204.0,148.0,147.64105224609375,147.4962615966797,0.1447906494140625
ns_elephant_780,resnet50_tl_20250829,8,4,200,148,204.0,152.0,147.64105224609375,147.5125732421875,0.12847900390625
ns_elephant_780,resnet50_tl_20250829,8,4,200,152,204.0,156.0,147.64105224609375,147.56614685058594,0.0749053955078125
ns_elephant_780,resnet50_tl_20250829,8,4,200,156,204.0,160.0,147.64105224609375,147.4530792236328,0.1879730224609375
ns_elephant_780,resnet50_tl_20250829,8,4,200,160,204.0,164.0,147.64105224609375,147.51710510253906,0.1239471435546875
ns_elephant_780,resnet50_tl_20250829,8,4,200,164,204.0,168.0,147.64105224609375,147.5379638671875,0.10308837890625
ns_elephant_780,resnet50_tl_20250829,8,4,200,168,204.0,172.0,147.64105224609375,147.60873413085938,0.032318115234375
ns_elephant_780,resnet50_tl_20250829,8,4,200,172,204.0,176.0,147.64105224609375,147.52099609375,0.12005615234375
ns_elephant_780,resnet50_tl_20250829,8,4,200,176,204.0,180.0,147.64105224609375,147.5675506591797,0.0735015869140625
ns_elephant_780,resnet50_tl_20250829,8,4,200,180,204.0,184.0,147.64105224609375,147.5893096923828,0.0517425537109375
ns_elephant_780,resnet50_tl_20250829,8,4,200,184,204.0,188.0,147.64105224609375,147.67538452148438,-0.034332275390625
ns_elephant_780,resnet50_tl_20250829,8,4,200,188,204.0,192.0,147.64105224609375,147.57203674316406,0.0690155029296875
ns_elephant_780,resnet50_tl_20250829,8,4,200,192,204.0,196.0,147.64105224609375,147.6419677734375,-0.00091552734375
ns_elephant_780,resnet50_tl_20250829,8,4,200,196,204.0,200.0,147.64105224609375,147.63267517089844,0.0083770751953125
ns_elephant_780,resnet50_tl_20250829,8,4,200,200,204.0,204.0,147.64105224609375,147.6875762939453,-0.0465240478515625
ns_elephant_780,resnet50_tl_20250829,8,4,200,204,204.0,208.0,147.64105224609375,147.63534545898438,0.005706787109375
ns_elephant_780,resnet50_tl_20250829,8,4,200,208,204.0,212.0,147.64105224609375,147.65603637695312,-0.014984130859375
ns_elephant_780,resnet50_tl_20250829,8,4,200,212,204.0,216.0,147.64105224609375,147.64413452148438,-0.003082275390625
ns_elephant_780,resnet50_tl_20250829,8,4,200,216,204.0,220.0,147.64105224609375,147.65496826171875,-0.013916015625
ns_elephant_780,resnet50_tl_20250829,8,4,204,0,208.0,4.0,147.64105224609375,147.29153442382812,0.349517822265625
ns_elephant_780,resnet50_tl_20250829,8,4,204,4,208.0,8.0,147.64105224609375,147.59544372558594,0.0456085205078125
ns_elephant_780,resnet50_tl_20250829,8,4,204,8,208.0,12.0,147.64105224609375,147.70225524902344,-0.0612030029296875
ns_elephant_780,resnet50_tl_20250829,8,4,204,12,208.0,16.0,147.64105224609375,147.4200439453125,0.22100830078125
ns_elephant_780,resnet50_tl_20250829,8,4,204,16,208.0,20.0,147.64105224609375,147.43862915039062,0.202423095703125
ns_elephant_780,resnet50_tl_20250829,8,4,204,20,208.0,24.0,147.64105224609375,147.58056640625,0.06048583984375
ns_elephant_780,resnet50_tl_20250829,8,4,204,24,208.0,28.0,147.64105224609375,147.6483917236328,-0.0073394775390625
ns_elephant_780,resnet50_tl_20250829,8,4,204,28,208.0,32.0,147.64105224609375,147.26629638671875,0.374755859375
ns_elephant_780,resnet50_tl_20250829,8,4,204,32,208.0,36.0,147.64105224609375,147.29476928710938,0.346282958984375
ns_elephant_780,resnet50_tl_20250829,8,4,204,36,208.0,40.0,147.64105224609375,147.48785400390625,0.1531982421875
ns_elephant_780,resnet50_tl_20250829,8,4,204,40,208.0,44.0,147.64105224609375,147.56771850585938,0.073333740234375
ns_elephant_780,resnet50_tl_20250829,8,4,204,44,208.0,48.0,147.64105224609375,147.23516845703125,0.4058837890625
ns_elephant_780,resnet50_tl_20250829,8,4,204,48,208.0,52.0,147.64105224609375,147.2615509033203,0.3795013427734375
ns_elephant_780,resnet50_tl_20250829,8,4,204,52,208.0,56.0,147.64105224609375,147.46409606933594,0.1769561767578125
ns_elephant_780,resnet50_tl_20250829,8,4,204,56,208.0,60.0,147.64105224609375,147.56422424316406,0.0768280029296875
ns_elephant_780,resnet50_tl_20250829,8,4,204,60,208.0,64.0,147.64105224609375,147.1885528564453,0.4524993896484375
ns_elephant_780,resnet50_tl_20250829,8,4,204,64,208.0,68.0,147.64105224609375,147.2251739501953,0.4158782958984375
ns_elephant_780,resnet50_tl_20250829,8,4,204,68,208.0,72.0,147.64105224609375,147.42312622070312,0.217926025390625
ns_elephant_780,resnet50_tl_20250829,8,4,204,72,208.0,76.0,147.64105224609375,147.5347442626953,0.1063079833984375
ns_elephant_780,resnet50_tl_20250829,8,4,204,76,208.0,80.0,147.64105224609375,147.24337768554688,0.397674560546875
ns_elephant_780,resnet50_tl_20250829,8,4,204,80,208.0,84.0,147.64105224609375,147.26475524902344,0.3762969970703125
ns_elephant_780,resnet50_tl_20250829,8,4,204,84,208.0,88.0,147.64105224609375,147.44696044921875,0.194091796875
ns_elephant_780,resnet50_tl_20250829,8,4,204,88,208.0,92.0,147.64105224609375,147.5547637939453,0.0862884521484375
ns_elephant_780,resnet50_tl_20250829,8,4,204,92,208.0,96.0,147.64105224609375,147.2471466064453,0.3939056396484375
ns_elephant_780,resnet50_tl_20250829,8,4,204,96,208.0,100.0,147.64105224609375,147.27743530273438,0.363616943359375
ns_elephant_780,resnet50_tl_20250829,8,4,204,100,208.0,104.0,147.64105224609375,147.43124389648438,0.209808349609375
ns_elephant_780,resnet50_tl_20250829,8,4,204,104,208.0,108.0,147.64105224609375,147.53338623046875,0.107666015625
ns_elephant_780,resnet50_tl_20250829,8,4,204,108,208.0,112.0,147.64105224609375,147.30685424804688,0.334197998046875
ns_elephant_780,resnet50_tl_20250829,8,4,204,112,208.0,116.0,147.64105224609375,147.34475708007812,0.296295166015625
ns_elephant_780,resnet50_tl_20250829,8,4,204,116,208.0,120.0,147.64105224609375,147.48556518554688,0.155487060546875
ns_elephant_780,resnet50_tl_20250829,8,4,204,120,208.0,124.0,147.64105224609375,147.5737762451172,0.0672760009765625
ns_elephant_780,resnet50_tl_20250829,8,4,204,124,208.0,128.0,147.64105224609375,147.2769012451172,0.3641510009765625
ns_elephant_780,resnet50_tl_20250829,8,4,204,128,208.0,132.0,147.64105224609375,147.3307342529297,0.3103179931640625
ns_elephant_780,resnet50_tl_20250829,8,4,204,132,208.0,136.0,147.64105224609375,147.47999572753906,0.1610565185546875
ns_elephant_780,resnet50_tl_20250829,8,4,204,136,208.0,140.0,147.64105224609375,147.57545471191406,0.0655975341796875
ns_elephant_780,resnet50_tl_20250829,8,4,204,140,208.0,144.0,147.64105224609375,147.3455047607422,0.2955474853515625
ns_elephant_780,resnet50_tl_20250829,8,4,204,144,208.0,148.0,147.64105224609375,147.41348266601562,0.227569580078125
ns_elephant_780,resnet50_tl_20250829,8,4,204,148,208.0,152.0,147.64105224609375,147.56478881835938,0.076263427734375
ns_elephant_780,resnet50_tl_20250829,8,4,204,152,208.0,156.0,147.64105224609375,147.6299285888672,0.0111236572265625
ns_elephant_780,resnet50_tl_20250829,8,4,204,156,208.0,160.0,147.64105224609375,147.30470275878906,0.3363494873046875
ns_elephant_780,resnet50_tl_20250829,8,4,204,160,208.0,164.0,147.64105224609375,147.372802734375,0.26824951171875
ns_elephant_780,resnet50_tl_20250829,8,4,204,164,208.0,168.0,147.64105224609375,147.55445861816406,0.0865936279296875
ns_elephant_780,resnet50_tl_20250829,8,4,204,168,208.0,172.0,147.64105224609375,147.6417694091797,-0.0007171630859375
ns_elephant_780,resnet50_tl_20250829,8,4,204,172,208.0,176.0,147.64105224609375,147.38783264160156,0.2532196044921875
ns_elephant_780,resnet50_tl_20250829,8,4,204,176,208.0,180.0,147.64105224609375,147.4209747314453,0.2200775146484375
ns_elephant_780,resnet50_tl_20250829,8,4,204,180,208.0,184.0,147.64105224609375,147.5782012939453,0.0628509521484375
ns_elephant_780,resnet50_tl_20250829,8,4,204,184,208.0,188.0,147.64105224609375,147.6912384033203,-0.0501861572265625
ns_elephant_780,resnet50_tl_20250829,8,4,204,188,208.0,192.0,147.64105224609375,147.427001953125,0.21405029296875
ns_elephant_780,resnet50_tl_20250829,8,4,204,192,208.0,196.0,147.64105224609375,147.4886474609375,0.15240478515625
ns_elephant_780,resnet50_tl_20250829,8,4,204,196,208.0,200.0,147.64105224609375,147.56239318847656,0.0786590576171875
ns_elephant_780,resnet50_tl_20250829,8,4,204,200,208.0,204.0,147.64105224609375,147.65199279785156,-0.0109405517578125
ns_elephant_780,resnet50_tl_20250829,8,4,204,204,208.0,208.0,147.64105224609375,147.5732421875,0.06781005859375
ns_elephant_780,resnet50_tl_20250829,8,4,204,208,208.0,212.0,147.64105224609375,147.58157348632812,0.059478759765625
ns_elephant_780,resnet50_tl_20250829,8,4,204,212,208.0,216.0,147.64105224609375,147.6116180419922,0.0294342041015625
ns_elephant_780,resnet50_tl_20250829,8,4,204,216,208.0,220.0,147.64105224609375,147.6343536376953,0.0066986083984375
ns_elephant_780,resnet50_tl_20250829,8,4,208,0,212.0,4.0,147.64105224609375,147.37086486816406,0.2701873779296875
ns_elephant_780,resnet50_tl_20250829,8,4,208,4,212.0,8.0,147.64105224609375,147.5790557861328,0.0619964599609375
ns_elephant_780,resnet50_tl_20250829,8,4,208,8,212.0,12.0,147.64105224609375,147.72718811035156,-0.0861358642578125
ns_elephant_780,resnet50_tl_20250829,8,4,208,12,212.0,16.0,147.64105224609375,147.45346069335938,0.187591552734375
ns_elephant_780,resnet50_tl_20250829,8,4,208,16,212.0,20.0,147.64105224609375,147.50083923339844,0.1402130126953125
ns_elephant_780,resnet50_tl_20250829,8,4,208,20,212.0,24.0,147.64105224609375,147.58596801757812,0.055084228515625
ns_elephant_780,resnet50_tl_20250829,8,4,208,24,212.0,28.0,147.64105224609375,147.6961212158203,-0.0550689697265625
ns_elephant_780,resnet50_tl_20250829,8,4,208,28,212.0,32.0,147.64105224609375,147.35394287109375,0.287109375
ns_elephant_780,resnet50_tl_20250829,8,4,208,32,212.0,36.0,147.64105224609375,147.39651489257812,0.244537353515625
ns_elephant_780,resnet50_tl_20250829,8,4,208,36,212.0,40.0,147.64105224609375,147.5533447265625,0.08770751953125
ns_elephant_780,resnet50_tl_20250829,8,4,208,40,212.0,44.0,147.64105224609375,147.64401245117188,-0.002960205078125
ns_elephant_780,resnet50_tl_20250829,8,4,208,44,212.0,48.0,147.64105224609375,147.3095245361328,0.3315277099609375
ns_elephant_780,resnet50_tl_20250829,8,4,208,48,212.0,52.0,147.64105224609375,147.36245727539062,0.278594970703125
ns_elephant_780,resnet50_tl_20250829,8,4,208,52,212.0,56.0,147.64105224609375,147.522705078125,0.11834716796875
ns_elephant_780,resnet50_tl_20250829,8,4,208,56,212.0,60.0,147.64105224609375,147.63528442382812,0.005767822265625
ns_elephant_780,resnet50_tl_20250829,8,4,208,60,212.0,64.0,147.64105224609375,147.29212951660156,0.3489227294921875
ns_elephant_780,resnet50_tl_20250829,8,4,208,64,212.0,68.0,147.64105224609375,147.3294677734375,0.31158447265625
ns_elephant_780,resnet50_tl_20250829,8,4,208,68,212.0,72.0,147.64105224609375,147.49948120117188,0.141571044921875
ns_elephant_780,resnet50_tl_20250829,8,4,208,72,212.0,76.0,147.64105224609375,147.60552978515625,0.0355224609375
ns_elephant_780,resnet50_tl_20250829,8,4,208,76,212.0,80.0,147.64105224609375,147.32044982910156,0.3206024169921875
ns_elephant_780,resnet50_tl_20250829,8,4,208,80,212.0,84.0,147.64105224609375,147.35546875,0.28558349609375
ns_elephant_780,resnet50_tl_20250829,8,4,208,84,212.0,88.0,147.64105224609375,147.5022735595703,0.1387786865234375
ns_elephant_780,resnet50_tl_20250829,8,4,208,88,212.0,92.0,147.64105224609375,147.61587524414062,0.025177001953125
ns_elephant_780,resnet50_tl_20250829,8,4,208,92,212.0,96.0,147.64105224609375,147.3397979736328,0.3012542724609375
ns_elephant_780,resnet50_tl_20250829,8,4,208,96,212.0,100.0,147.64105224609375,147.36676025390625,0.2742919921875
ns_elephant_780,resnet50_tl_20250829,8,4,208,100,212.0,104.0,147.64105224609375,147.49209594726562,0.148956298828125
ns_elephant_780,resnet50_tl_20250829,8,4,208,104,212.0,108.0,147.64105224609375,147.58941650390625,0.0516357421875
ns_elephant_780,resnet50_tl_20250829,8,4,208,108,212.0,112.0,147.64105224609375,147.36636352539062,0.274688720703125
ns_elephant_780,resnet50_tl_20250829,8,4,208,112,212.0,116.0,147.64105224609375,147.4153594970703,0.2256927490234375
ns_elephant_780,resnet50_tl_20250829,8,4,208,116,212.0,120.0,147.64105224609375,147.52781677246094,0.1132354736328125
ns_elephant_780,resnet50_tl_20250829,8,4,208,120,212.0,124.0,147.64105224609375,147.62356567382812,0.017486572265625
ns_elephant_780,resnet50_tl_20250829,8,4,208,124,212.0,128.0,147.64105224609375,147.36582946777344,0.2752227783203125
ns_elephant_780,resnet50_tl_20250829,8,4,208,128,212.0,132.0,147.64105224609375,147.4058837890625,0.23516845703125
ns_elephant_780,resnet50_tl_20250829,8,4,208,132,212.0,136.0,147.64105224609375,147.53274536132812,0.108306884765625
ns_elephant_780,resnet50_tl_20250829,8,4,208,136,212.0,140.0,147.64105224609375,147.62750244140625,0.0135498046875
ns_elephant_780,resnet50_tl_20250829,8,4,208,140,212.0,144.0,147.64105224609375,147.41201782226562,0.229034423828125
ns_elephant_780,resnet50_tl_20250829,8,4,208,144,212.0,148.0,147.64105224609375,147.4761962890625,0.16485595703125
ns_elephant_780,resnet50_tl_20250829,8,4,208,148,212.0,152.0,147.64105224609375,147.591064453125,0.04998779296875
ns_elephant_780,resnet50_tl_20250829,8,4,208,152,212.0,156.0,147.64105224609375,147.6760711669922,-0.0350189208984375
ns_elephant_780,resnet50_tl_20250829,8,4,208,156,212.0,160.0,147.64105224609375,147.40664672851562,0.234405517578125
ns_elephant_780,resnet50_tl_20250829,8,4,208,160,212.0,164.0,147.64105224609375,147.45932006835938,0.181732177734375
ns_elephant_780,resnet50_tl_20250829,8,4,208,164,212.0,168.0,147.64105224609375,147.5974884033203,0.0435638427734375
ns_elephant_780,resnet50_tl_20250829,8,4,208,168,212.0,172.0,147.64105224609375,147.69305419921875,-0.052001953125
ns_elephant_780,resnet50_tl_20250829,8,4,208,172,212.0,176.0,147.64105224609375,147.4672088623047,0.1738433837890625
ns_elephant_780,resnet50_tl_20250829,8,4,208,176,212.0,180.0,147.64105224609375,147.5109405517578,0.1301116943359375
ns_elephant_780,resnet50_tl_20250829,8,4,208,180,212.0,184.0,147.64105224609375,147.6108856201172,0.0301666259765625
ns_elephant_780,resnet50_tl_20250829,8,4,208,184,212.0,188.0,147.64105224609375,147.7239990234375,-0.08294677734375
ns_elephant_780,resnet50_tl_20250829,8,4,208,188,212.0,192.0,147.64105224609375,147.5241241455078,0.1169281005859375
ns_elephant_780,resnet50_tl_20250829,8,4,208,192,212.0,196.0,147.64105224609375,147.55955505371094,0.0814971923828125
ns_elephant_780,resnet50_tl_20250829,8,4,208,196,212.0,200.0,147.64105224609375,147.6102752685547,0.0307769775390625
ns_elephant_780,resnet50_tl_20250829,8,4,208,200,212.0,204.0,147.64105224609375,147.6846160888672,-0.0435638427734375
ns_elephant_780,resnet50_tl_20250829,8,4,208,204,212.0,208.0,147.64105224609375,147.61172485351562,0.029327392578125
ns_elephant_780,resnet50_tl_20250829,8,4,208,208,212.0,212.0,147.64105224609375,147.61935424804688,0.021697998046875
ns_elephant_780,resnet50_tl_20250829,8,4,208,212,212.0,216.0,147.64105224609375,147.61485290527344,0.0261993408203125
ns_elephant_780,resnet50_tl_20250829,8,4,208,216,212.0,220.0,147.64105224609375,147.63980102539062,0.001251220703125
ns_elephant_780,resnet50_tl_20250829,8,4,212,0,216.0,4.0,147.64105224609375,147.4886932373047,0.1523590087890625
ns_elephant_780,resnet50_tl_20250829,8,4,212,4,216.0,8.0,147.64105224609375,147.57435607910156,0.0666961669921875
ns_elephant_780,resnet50_tl_20250829,8,4,212,8,216.0,12.0,147.64105224609375,147.67886352539062,-0.037811279296875
ns_elephant_780,resnet50_tl_20250829,8,4,212,12,216.0,16.0,147.64105224609375,147.5883026123047,0.0527496337890625
ns_elephant_780,resnet50_tl_20250829,8,4,212,16,216.0,20.0,147.64105224609375,147.62371826171875,0.017333984375
ns_elephant_780,resnet50_tl_20250829,8,4,212,20,216.0,24.0,147.64105224609375,147.5843048095703,0.0567474365234375
ns_elephant_780,resnet50_tl_20250829,8,4,212,24,216.0,28.0,147.64105224609375,147.643310546875,-0.00225830078125
ns_elephant_780,resnet50_tl_20250829,8,4,212,28,216.0,32.0,147.64105224609375,147.5386962890625,0.10235595703125
ns_elephant_780,resnet50_tl_20250829,8,4,212,32,216.0,36.0,147.64105224609375,147.56637573242188,0.074676513671875
ns_elephant_780,resnet50_tl_20250829,8,4,212,36,216.0,40.0,147.64105224609375,147.55162048339844,0.0894317626953125
ns_elephant_780,resnet50_tl_20250829,8,4,212,40,216.0,44.0,147.64105224609375,147.5915985107422,0.0494537353515625
ns_elephant_780,resnet50_tl_20250829,8,4,212,44,216.0,48.0,147.64105224609375,147.51087951660156,0.1301727294921875
ns_elephant_780,resnet50_tl_20250829,8,4,212,48,216.0,52.0,147.64105224609375,147.5372772216797,0.1037750244140625
ns_elephant_780,resnet50_tl_20250829,8,4,212,52,216.0,56.0,147.64105224609375,147.53482055664062,0.106231689453125
ns_elephant_780,resnet50_tl_20250829,8,4,212,56,216.0,60.0,147.64105224609375,147.57969665527344,0.0613555908203125
ns_elephant_780,resnet50_tl_20250829,8,4,212,60,216.0,64.0,147.64105224609375,147.51654052734375,0.12451171875
ns_elephant_780,resnet50_tl_20250829,8,4,212,64,216.0,68.0,147.64105224609375,147.51905822753906,0.1219940185546875
ns_elephant_780,resnet50_tl_20250829,8,4,212,68,216.0,72.0,147.64105224609375,147.52529907226562,0.115753173828125
ns_elephant_780,resnet50_tl_20250829,8,4,212,72,216.0,76.0,147.64105224609375,147.5509490966797,0.0901031494140625
ns_elephant_780,resnet50_tl_20250829,8,4,212,76,216.0,80.0,147.64105224609375,147.51206970214844,0.1289825439453125
ns_elephant_780,resnet50_tl_20250829,8,4,212,80,216.0,84.0,147.64105224609375,147.50843811035156,0.1326141357421875
ns_elephant_780,resnet50_tl_20250829,8,4,212,84,216.0,88.0,147.64105224609375,147.5204620361328,0.1205902099609375
ns_elephant_780,resnet50_tl_20250829,8,4,212,88,216.0,92.0,147.64105224609375,147.56175231933594,0.0792999267578125
ns_elephant_780,resnet50_tl_20250829,8,4,212,92,216.0,96.0,147.64105224609375,147.52056884765625,0.1204833984375
ns_elephant_780,resnet50_tl_20250829,8,4,212,96,216.0,100.0,147.64105224609375,147.5146484375,0.12640380859375
ns_elephant_780,resnet50_tl_20250829,8,4,212,100,216.0,104.0,147.64105224609375,147.52536010742188,0.115692138671875
ns_elephant_780,resnet50_tl_20250829,8,4,212,104,216.0,108.0,147.64105224609375,147.5538330078125,0.08721923828125
ns_elephant_780,resnet50_tl_20250829,8,4,212,108,216.0,112.0,147.64105224609375,147.52346801757812,0.117584228515625
ns_elephant_780,resnet50_tl_20250829,8,4,212,112,216.0,116.0,147.64105224609375,147.5293426513672,0.1117095947265625
ns_elephant_780,resnet50_tl_20250829,8,4,212,116,216.0,120.0,147.64105224609375,147.541015625,0.10003662109375
ns_elephant_780,resnet50_tl_20250829,8,4,212,120,216.0,124.0,147.64105224609375,147.58828735351562,0.052764892578125
ns_elephant_780,resnet50_tl_20250829,8,4,212,124,216.0,128.0,147.64105224609375,147.54505920410156,0.0959930419921875
ns_elephant_780,resnet50_tl_20250829,8,4,212,128,216.0,132.0,147.64105224609375,147.55374145507812,0.087310791015625
ns_elephant_780,resnet50_tl_20250829,8,4,212,132,216.0,136.0,147.64105224609375,147.55299377441406,0.0880584716796875
ns_elephant_780,resnet50_tl_20250829,8,4,212,136,216.0,140.0,147.64105224609375,147.59201049804688,0.049041748046875
ns_elephant_780,resnet50_tl_20250829,8,4,212,140,216.0,144.0,147.64105224609375,147.55563354492188,0.085418701171875
ns_elephant_780,resnet50_tl_20250829,8,4,212,144,216.0,148.0,147.64105224609375,147.58326721191406,0.0577850341796875
ns_elephant_780,resnet50_tl_20250829,8,4,212,148,216.0,152.0,147.64105224609375,147.58482360839844,0.0562286376953125
ns_elephant_780,resnet50_tl_20250829,8,4,212,152,216.0,156.0,147.64105224609375,147.63975524902344,0.0012969970703125
ns_elephant_780,resnet50_tl_20250829,8,4,212,156,216.0,160.0,147.64105224609375,147.5858917236328,0.0551605224609375
ns_elephant_780,resnet50_tl_20250829,8,4,212,160,216.0,164.0,147.64105224609375,147.62074279785156,0.0203094482421875
ns_elephant_780,resnet50_tl_20250829,8,4,212,164,216.0,168.0,147.64105224609375,147.6013946533203,0.0396575927734375
ns_elephant_780,resnet50_tl_20250829,8,4,212,168,216.0,172.0,147.64105224609375,147.64671325683594,-0.0056610107421875
ns_elephant_780,resnet50_tl_20250829,8,4,212,172,216.0,176.0,147.64105224609375,147.6178741455078,0.0231781005859375
ns_elephant_780,resnet50_tl_20250829,8,4,212,176,216.0,180.0,147.64105224609375,147.65414428710938,-0.013092041015625
ns_elephant_780,resnet50_tl_20250829,8,4,212,180,216.0,184.0,147.64105224609375,147.6222381591797,0.0188140869140625
ns_elephant_780,resnet50_tl_20250829,8,4,212,184,216.0,188.0,147.64105224609375,147.6864013671875,-0.04534912109375
ns_elephant_780,resnet50_tl_20250829,8,4,212,188,216.0,192.0,147.64105224609375,147.63038635253906,0.0106658935546875
ns_elephant_780,resnet50_tl_20250829,8,4,212,192,216.0,196.0,147.64105224609375,147.67652893066406,-0.0354766845703125
ns_elephant_780,resnet50_tl_20250829,8,4,212,196,216.0,200.0,147.64105224609375,147.63424682617188,0.006805419921875
ns_elephant_780,resnet50_tl_20250829,8,4,212,200,216.0,204.0,147.64105224609375,147.67294311523438,-0.031890869140625
ns_elephant_780,resnet50_tl_20250829,8,4,212,204,216.0,208.0,147.64105224609375,147.64663696289062,-0.005584716796875
ns_elephant_780,resnet50_tl_20250829,8,4,212,208,216.0,212.0,147.64105224609375,147.6544189453125,-0.01336669921875
ns_elephant_780,resnet50_tl_20250829,8,4,212,212,216.0,216.0,147.64105224609375,147.63661193847656,0.0044403076171875
ns_elephant_780,resnet50_tl_20250829,8,4,212,216,216.0,220.0,147.64105224609375,147.63377380371094,0.0072784423828125
ns_elephant_780,resnet50_tl_20250829,8,4,216,0,220.0,4.0,147.64105224609375,147.55307006835938,0.087982177734375
ns_elephant_780,resnet50_tl_20250829,8,4,216,4,220.0,8.0,147.64105224609375,147.5806121826172,0.0604400634765625
ns_elephant_780,resnet50_tl_20250829,8,4,216,8,220.0,12.0,147.64105224609375,147.61387634277344,0.0271759033203125
ns_elephant_780,resnet50_tl_20250829,8,4,216,12,220.0,16.0,147.64105224609375,147.60902404785156,0.0320281982421875
ns_elephant_780,resnet50_tl_20250829,8,4,216,16,220.0,20.0,147.64105224609375,147.60031127929688,0.040740966796875
ns_elephant_780,resnet50_tl_20250829,8,4,216,20,220.0,24.0,147.64105224609375,147.57008361816406,0.0709686279296875
ns_elephant_780,resnet50_tl_20250829,8,4,216,24,220.0,28.0,147.64105224609375,147.57452392578125,0.0665283203125
ns_elephant_780,resnet50_tl_20250829,8,4,216,28,220.0,32.0,147.64105224609375,147.5792999267578,0.0617523193359375
ns_elephant_780,resnet50_tl_20250829,8,4,216,32,220.0,36.0,147.64105224609375,147.5705108642578,0.0705413818359375
ns_elephant_780,resnet50_tl_20250829,8,4,216,36,220.0,40.0,147.64105224609375,147.5397186279297,0.1013336181640625
ns_elephant_780,resnet50_tl_20250829,8,4,216,40,220.0,44.0,147.64105224609375,147.53997802734375,0.10107421875
ns_elephant_780,resnet50_tl_20250829,8,4,216,44,220.0,48.0,147.64105224609375,147.56765747070312,0.073394775390625
ns_elephant_780,resnet50_tl_20250829,8,4,216,48,220.0,52.0,147.64105224609375,147.55686950683594,0.0841827392578125
ns_elephant_780,resnet50_tl_20250829,8,4,216,52,220.0,56.0,147.64105224609375,147.53573608398438,0.105316162109375
ns_elephant_780,resnet50_tl_20250829,8,4,216,56,220.0,60.0,147.64105224609375,147.5312042236328,0.1098480224609375
ns_elephant_780,resnet50_tl_20250829,8,4,216,60,220.0,64.0,147.64105224609375,147.57127380371094,0.0697784423828125
ns_elephant_780,resnet50_tl_20250829,8,4,216,64,220.0,68.0,147.64105224609375,147.55581665039062,0.085235595703125
ns_elephant_780,resnet50_tl_20250829,8,4,216,68,220.0,72.0,147.64105224609375,147.53810119628906,0.1029510498046875
ns_elephant_780,resnet50_tl_20250829,8,4,216,72,220.0,76.0,147.64105224609375,147.52610778808594,0.1149444580078125
ns_elephant_780,resnet50_tl_20250829,8,4,216,76,220.0,80.0,147.64105224609375,147.57687377929688,0.064178466796875
ns_elephant_780,resnet50_tl_20250829,8,4,216,80,220.0,84.0,147.64105224609375,147.55189514160156,0.0891571044921875
ns_elephant_780,resnet50_tl_20250829,8,4,216,84,220.0,88.0,147.64105224609375,147.54002380371094,0.1010284423828125
ns_elephant_780,resnet50_tl_20250829,8,4,216,88,220.0,92.0,147.64105224609375,147.53359985351562,0.107452392578125
ns_elephant_780,resnet50_tl_20250829,8,4,216,92,220.0,96.0,147.64105224609375,147.57872009277344,0.0623321533203125
ns_elephant_780,resnet50_tl_20250829,8,4,216,96,220.0,100.0,147.64105224609375,147.5579376220703,0.0831146240234375
ns_elephant_780,resnet50_tl_20250829,8,4,216,100,220.0,104.0,147.64105224609375,147.5472869873047,0.0937652587890625
ns_elephant_780,resnet50_tl_20250829,8,4,216,104,220.0,108.0,147.64105224609375,147.53619384765625,0.1048583984375
ns_elephant_780,resnet50_tl_20250829,8,4,216,108,220.0,112.0,147.64105224609375,147.5853271484375,0.05572509765625
ns_elephant_780,resnet50_tl_20250829,8,4,216,112,220.0,116.0,147.64105224609375,147.5623016357422,0.0787506103515625
ns_elephant_780,resnet50_tl_20250829,8,4,216,116,220.0,120.0,147.64105224609375,147.55674743652344,0.0843048095703125
ns_elephant_780,resnet50_tl_20250829,8,4,216,120,220.0,124.0,147.64105224609375,147.55441284179688,0.086639404296875
ns_elephant_780,resnet50_tl_20250829,8,4,216,124,220.0,128.0,147.64105224609375,147.59791564941406,0.0431365966796875
ns_elephant_780,resnet50_tl_20250829,8,4,216,128,220.0,132.0,147.64105224609375,147.58200073242188,0.059051513671875
ns_elephant_780,resnet50_tl_20250829,8,4,216,132,220.0,136.0,147.64105224609375,147.5675811767578,0.0734710693359375
ns_elephant_780,resnet50_tl_20250829,8,4,216,136,220.0,140.0,147.64105224609375,147.5615692138672,0.0794830322265625
ns_elephant_780,resnet50_tl_20250829,8,4,216,140,220.0,144.0,147.64105224609375,147.60238647460938,0.038665771484375
ns_elephant_780,resnet50_tl_20250829,8,4,216,144,220.0,148.0,147.64105224609375,147.5952911376953,0.0457611083984375
ns_elephant_780,resnet50_tl_20250829,8,4,216,148,220.0,152.0,147.64105224609375,147.58216857910156,0.0588836669921875
ns_elephant_780,resnet50_tl_20250829,8,4,216,152,220.0,156.0,147.64105224609375,147.59112548828125,0.0499267578125
ns_elephant_780,resnet50_tl_20250829,8,4,216,156,220.0,160.0,147.64105224609375,147.61741638183594,0.0236358642578125
ns_elephant_780,resnet50_tl_20250829,8,4,216,160,220.0,164.0,147.64105224609375,147.62838745117188,0.012664794921875
ns_elephant_780,resnet50_tl_20250829,8,4,216,164,220.0,168.0,147.64105224609375,147.5987548828125,0.04229736328125
ns_elephant_780,resnet50_tl_20250829,8,4,216,168,220.0,172.0,147.64105224609375,147.6128692626953,0.0281829833984375
ns_elephant_780,resnet50_tl_20250829,8,4,216,172,220.0,176.0,147.64105224609375,147.64517211914062,-0.004119873046875
ns_elephant_780,resnet50_tl_20250829,8,4,216,176,220.0,180.0,147.64105224609375,147.6586456298828,-0.0175933837890625
ns_elephant_780,resnet50_tl_20250829,8,4,216,180,220.0,184.0,147.64105224609375,147.61817932128906,0.0228729248046875
ns_elephant_780,resnet50_tl_20250829,8,4,216,184,220.0,188.0,147.64105224609375,147.63775634765625,0.0032958984375
ns_elephant_780,resnet50_tl_20250829,8,4,216,188,220.0,192.0,147.64105224609375,147.63726806640625,0.0037841796875
ns_elephant_780,resnet50_tl_20250829,8,4,216,192,220.0,196.0,147.64105224609375,147.66629028320312,-0.025238037109375
ns_elephant_780,resnet50_tl_20250829,8,4,216,196,220.0,200.0,147.64105224609375,147.62496948242188,0.016082763671875
ns_elephant_780,resnet50_tl_20250829,8,4,216,200,220.0,204.0,147.64105224609375,147.64154052734375,-0.00048828125
ns_elephant_780,resnet50_tl_20250829,8,4,216,204,220.0,208.0,147.64105224609375,147.6419677734375,-0.00091552734375
ns_elephant_780,resnet50_tl_20250829,8,4,216,208,220.0,212.0,147.64105224609375,147.64845275878906,-0.0074005126953125
ns_elephant_780,resnet50_tl_20250829,8,4,216,212,220.0,216.0,147.64105224609375,147.6366729736328,0.0043792724609375
ns_elephant_780,resnet50_tl_20250829,8,4,216,216,220.0,220.0,147.64105224609375,147.6310272216797,0.0100250244140625
