case_id,model_type,occluder_size,stride,y0,x0,y_center,x_center,baseline_target_logit,post_occlusion_target_logit,target_logit_drop
s_fish_700,resnet50_geirhos_tl,8,4,0,0,4.0,4.0,5.651268482208252,5.506941795349121,0.14432668685913086
s_fish_700,resnet50_geirhos_tl,8,4,0,4,4.0,8.0,5.651268482208252,5.51888370513916,0.1323847770690918
s_fish_700,resnet50_geirhos_tl,8,4,0,8,4.0,12.0,5.651268482208252,5.516244411468506,0.1350240707397461
s_fish_700,resnet50_geirhos_tl,8,4,0,12,4.0,16.0,5.651268482208252,5.547562122344971,0.10370635986328125
s_fish_700,resnet50_geirhos_tl,8,4,0,16,4.0,20.0,5.651268482208252,5.508174419403076,0.14309406280517578
s_fish_700,resnet50_geirhos_tl,8,4,0,20,4.0,24.0,5.651268482208252,5.5291924476623535,0.12207603454589844
s_fish_700,resnet50_geirhos_tl,8,4,0,24,4.0,28.0,5.651268482208252,5.4949951171875,0.15627336502075195
s_fish_700,resnet50_geirhos_tl,8,4,0,28,4.0,32.0,5.651268482208252,5.5256500244140625,0.12561845779418945
s_fish_700,resnet50_geirhos_tl,8,4,0,32,4.0,36.0,5.651268482208252,5.467596054077148,0.18367242813110352
s_fish_700,resnet50_geirhos_tl,8,4,0,36,4.0,40.0,5.651268482208252,5.472467422485352,0.1788010597229004
s_fish_700,resnet50_geirhos_tl,8,4,0,40,4.0,44.0,5.651268482208252,5.446629047393799,0.20463943481445312
s_fish_700,resnet50_geirhos_tl,8,4,0,44,4.0,48.0,5.651268482208252,5.476861000061035,0.1744074821472168
s_fish_700,resnet50_geirhos_tl,8,4,0,48,4.0,52.0,5.651268482208252,5.441847801208496,0.20942068099975586
s_fish_700,resnet50_geirhos_tl,8,4,0,52,4.0,56.0,5.651268482208252,5.427587509155273,0.22368097305297852
s_fish_700,resnet50_geirhos_tl,8,4,0,56,4.0,60.0,5.651268482208252,5.402499675750732,0.24876880645751953
s_fish_700,resnet50_geirhos_tl,8,4,0,60,4.0,64.0,5.651268482208252,5.4042158126831055,0.24705266952514648
s_fish_700,resnet50_geirhos_tl,8,4,0,64,4.0,68.0,5.651268482208252,5.447568893432617,0.20369958877563477
s_fish_700,resnet50_geirhos_tl,8,4,0,68,4.0,72.0,5.651268482208252,5.5719380378723145,0.0793304443359375
s_fish_700,resnet50_geirhos_tl,8,4,0,72,4.0,76.0,5.651268482208252,5.649738311767578,0.0015301704406738281
s_fish_700,resnet50_geirhos_tl,8,4,0,76,4.0,80.0,5.651268482208252,5.655649662017822,-0.0043811798095703125
s_fish_700,resnet50_geirhos_tl,8,4,0,80,4.0,84.0,5.651268482208252,5.670997142791748,-0.019728660583496094
s_fish_700,resnet50_geirhos_tl,8,4,0,84,4.0,88.0,5.651268482208252,5.656703472137451,-0.005434989929199219
s_fish_700,resnet50_geirhos_tl,8,4,0,88,4.0,92.0,5.651268482208252,5.713451385498047,-0.06218290328979492
s_fish_700,resnet50_geirhos_tl,8,4,0,92,4.0,96.0,5.651268482208252,5.624513626098633,0.02675485610961914
s_fish_700,resnet50_geirhos_tl,8,4,0,96,4.0,100.0,5.651268482208252,5.612139701843262,0.039128780364990234
s_fish_700,resnet50_geirhos_tl,8,4,0,100,4.0,104.0,5.651268482208252,5.649784088134766,0.0014843940734863281
s_fish_700,resnet50_geirhos_tl,8,4,0,104,4.0,108.0,5.651268482208252,5.572059631347656,0.0792088508605957
s_fish_700,resnet50_geirhos_tl,8,4,0,108,4.0,112.0,5.651268482208252,5.495123863220215,0.1561446189880371
s_fish_700,resnet50_geirhos_tl,8,4,0,112,4.0,116.0,5.651268482208252,5.501805782318115,0.14946269989013672
s_fish_700,resnet50_geirhos_tl,8,4,0,116,4.0,120.0,5.651268482208252,5.52593994140625,0.12532854080200195
s_fish_700,resnet50_geirhos_tl,8,4,0,120,4.0,124.0,5.651268482208252,5.52384614944458,0.12742233276367188
s_fish_700,resnet50_geirhos_tl,8,4,0,124,4.0,128.0,5.651268482208252,5.521367073059082,0.12990140914916992
s_fish_700,resnet50_geirhos_tl,8,4,0,128,4.0,132.0,5.651268482208252,5.536491394042969,0.1147770881652832
s_fish_700,resnet50_geirhos_tl,8,4,0,132,4.0,136.0,5.651268482208252,5.536471366882324,0.11479711532592773
s_fish_700,resnet50_geirhos_tl,8,4,0,136,4.0,140.0,5.651268482208252,5.577234268188477,0.07403421401977539
s_fish_700,resnet50_geirhos_tl,8,4,0,140,4.0,144.0,5.651268482208252,5.589016914367676,0.06225156784057617
s_fish_700,resnet50_geirhos_tl,8,4,0,144,4.0,148.0,5.651268482208252,5.6464948654174805,0.004773616790771484
s_fish_700,resnet50_geirhos_tl,8,4,0,148,4.0,152.0,5.651268482208252,5.64451789855957,0.006750583648681641
s_fish_700,resnet50_geirhos_tl,8,4,0,152,4.0,156.0,5.651268482208252,5.683698654174805,-0.032430171966552734
s_fish_700,resnet50_geirhos_tl,8,4,0,156,4.0,160.0,5.651268482208252,5.671234607696533,-0.01996612548828125
s_fish_700,resnet50_geirhos_tl,8,4,0,160,4.0,164.0,5.651268482208252,5.67590856552124,-0.02464008331298828
s_fish_700,resnet50_geirhos_tl,8,4,0,164,4.0,168.0,5.651268482208252,5.665695667266846,-0.01442718505859375
s_fish_700,resnet50_geirhos_tl,8,4,0,168,4.0,172.0,5.651268482208252,5.676407337188721,-0.02513885498046875
s_fish_700,resnet50_geirhos_tl,8,4,0,172,4.0,176.0,5.651268482208252,5.681487560272217,-0.030219078063964844
s_fish_700,resnet50_geirhos_tl,8,4,0,176,4.0,180.0,5.651268482208252,5.68602180480957,-0.03475332260131836
s_fish_700,resnet50_geirhos_tl,8,4,0,180,4.0,184.0,5.651268482208252,5.674140453338623,-0.022871971130371094
s_fish_700,resnet50_geirhos_tl,8,4,0,184,4.0,188.0,5.651268482208252,5.64957332611084,0.0016951560974121094
s_fish_700,resnet50_geirhos_tl,8,4,0,188,4.0,192.0,5.651268482208252,5.647059917449951,0.004208564758300781
s_fish_700,resnet50_geirhos_tl,8,4,0,192,4.0,196.0,5.651268482208252,5.638697624206543,0.012570858001708984
s_fish_700,resnet50_geirhos_tl,8,4,0,196,4.0,200.0,5.651268482208252,5.635415077209473,0.015853404998779297
s_fish_700,resnet50_geirhos_tl,8,4,0,200,4.0,204.0,5.651268482208252,5.640105247497559,0.01116323471069336
s_fish_700,resnet50_geirhos_tl,8,4,0,204,4.0,208.0,5.651268482208252,5.657950401306152,-0.006681919097900391
s_fish_700,resnet50_geirhos_tl,8,4,0,208,4.0,212.0,5.651268482208252,5.651973724365234,-0.0007052421569824219
s_fish_700,resnet50_geirhos_tl,8,4,0,212,4.0,216.0,5.651268482208252,5.674084663391113,-0.022816181182861328
s_fish_700,resnet50_geirhos_tl,8,4,0,216,4.0,220.0,5.651268482208252,5.648837566375732,0.0024309158325195312
s_fish_700,resnet50_geirhos_tl,8,4,4,0,8.0,4.0,5.651268482208252,5.513333320617676,0.13793516159057617
s_fish_700,resnet50_geirhos_tl,8,4,4,4,8.0,8.0,5.651268482208252,5.537879943847656,0.1133885383605957
s_fish_700,resnet50_geirhos_tl,8,4,4,8,8.0,12.0,5.651268482208252,5.516184329986572,0.1350841522216797
s_fish_700,resnet50_geirhos_tl,8,4,4,12,8.0,16.0,5.651268482208252,5.515775680541992,0.13549280166625977
s_fish_700,resnet50_geirhos_tl,8,4,4,16,8.0,20.0,5.651268482208252,5.501025676727295,0.15024280548095703
s_fish_700,resnet50_geirhos_tl,8,4,4,20,8.0,24.0,5.651268482208252,5.500136852264404,0.15113162994384766
s_fish_700,resnet50_geirhos_tl,8,4,4,24,8.0,28.0,5.651268482208252,5.502900123596191,0.14836835861206055
s_fish_700,resnet50_geirhos_tl,8,4,4,28,8.0,32.0,5.651268482208252,5.496831893920898,0.15443658828735352
s_fish_700,resnet50_geirhos_tl,8,4,4,32,8.0,36.0,5.651268482208252,5.498736381530762,0.15253210067749023
s_fish_700,resnet50_geirhos_tl,8,4,4,36,8.0,40.0,5.651268482208252,5.482414722442627,0.168853759765625
s_fish_700,resnet50_geirhos_tl,8,4,4,40,8.0,44.0,5.651268482208252,5.444122791290283,0.20714569091796875
s_fish_700,resnet50_geirhos_tl,8,4,4,44,8.0,48.0,5.651268482208252,5.442824840545654,0.20844364166259766
s_fish_700,resnet50_geirhos_tl,8,4,4,48,8.0,52.0,5.651268482208252,5.433810710906982,0.21745777130126953
s_fish_700,resnet50_geirhos_tl,8,4,4,52,8.0,56.0,5.651268482208252,5.445964813232422,0.20530366897583008
s_fish_700,resnet50_geirhos_tl,8,4,4,56,8.0,60.0,5.651268482208252,5.430083274841309,0.22118520736694336
s_fish_700,resnet50_geirhos_tl,8,4,4,60,8.0,64.0,5.651268482208252,5.438632965087891,0.21263551712036133
s_fish_700,resnet50_geirhos_tl,8,4,4,64,8.0,68.0,5.651268482208252,5.485921859741211,0.16534662246704102
s_fish_700,resnet50_geirhos_tl,8,4,4,68,8.0,72.0,5.651268482208252,5.543161392211914,0.10810708999633789
s_fish_700,resnet50_geirhos_tl,8,4,4,72,8.0,76.0,5.651268482208252,5.587054252624512,0.06421422958374023
s_fish_700,resnet50_geirhos_tl,8,4,4,76,8.0,80.0,5.651268482208252,5.606070041656494,0.04519844055175781
s_fish_700,resnet50_geirhos_tl,8,4,4,80,8.0,84.0,5.651268482208252,5.591681003570557,0.05958747863769531
s_fish_700,resnet50_geirhos_tl,8,4,4,84,8.0,88.0,5.651268482208252,5.385626316070557,0.2656421661376953
s_fish_700,resnet50_geirhos_tl,8,4,4,88,8.0,92.0,5.651268482208252,5.488673210144043,0.16259527206420898
s_fish_700,resnet50_geirhos_tl,8,4,4,92,8.0,96.0,5.651268482208252,5.6311421394348145,0.0201263427734375
s_fish_700,resnet50_geirhos_tl,8,4,4,96,8.0,100.0,5.651268482208252,5.658356666564941,-0.007088184356689453
s_fish_700,resnet50_geirhos_tl,8,4,4,100,8.0,104.0,5.651268482208252,5.557009220123291,0.09425926208496094
s_fish_700,resnet50_geirhos_tl,8,4,4,104,8.0,108.0,5.651268482208252,5.509384632110596,0.14188385009765625
s_fish_700,resnet50_geirhos_tl,8,4,4,108,8.0,112.0,5.651268482208252,5.458677291870117,0.19259119033813477
s_fish_700,resnet50_geirhos_tl,8,4,4,112,8.0,116.0,5.651268482208252,5.4477338790893555,0.20353460311889648
s_fish_700,resnet50_geirhos_tl,8,4,4,116,8.0,120.0,5.651268482208252,5.460366249084473,0.1909022331237793
s_fish_700,resnet50_geirhos_tl,8,4,4,120,8.0,124.0,5.651268482208252,5.484768390655518,0.16650009155273438
s_fish_700,resnet50_geirhos_tl,8,4,4,124,8.0,128.0,5.651268482208252,5.515571117401123,0.1356973648071289
s_fish_700,resnet50_geirhos_tl,8,4,4,128,8.0,132.0,5.651268482208252,5.524442672729492,0.12682580947875977
s_fish_700,resnet50_geirhos_tl,8,4,4,132,8.0,136.0,5.651268482208252,5.532302379608154,0.11896610260009766
s_fish_700,resnet50_geirhos_tl,8,4,4,136,8.0,140.0,5.651268482208252,5.559839248657227,0.09142923355102539
s_fish_700,resnet50_geirhos_tl,8,4,4,140,8.0,144.0,5.651268482208252,5.580465793609619,0.07080268859863281
s_fish_700,resnet50_geirhos_tl,8,4,4,144,8.0,148.0,5.651268482208252,5.608919620513916,0.04234886169433594
s_fish_700,resnet50_geirhos_tl,8,4,4,148,8.0,152.0,5.651268482208252,5.640324115753174,0.010944366455078125
s_fish_700,resnet50_geirhos_tl,8,4,4,152,8.0,156.0,5.651268482208252,5.687352180480957,-0.03608369827270508
s_fish_700,resnet50_geirhos_tl,8,4,4,156,8.0,160.0,5.651268482208252,5.680245399475098,-0.028976917266845703
s_fish_700,resnet50_geirhos_tl,8,4,4,160,8.0,164.0,5.651268482208252,5.702804088592529,-0.051535606384277344
s_fish_700,resnet50_geirhos_tl,8,4,4,164,8.0,168.0,5.651268482208252,5.696105003356934,-0.04483652114868164
s_fish_700,resnet50_geirhos_tl,8,4,4,168,8.0,172.0,5.651268482208252,5.718395709991455,-0.06712722778320312
s_fish_700,resnet50_geirhos_tl,8,4,4,172,8.0,176.0,5.651268482208252,5.707857608795166,-0.05658912658691406
s_fish_700,resnet50_geirhos_tl,8,4,4,176,8.0,180.0,5.651268482208252,5.701132297515869,-0.04986381530761719
s_fish_700,resnet50_geirhos_tl,8,4,4,180,8.0,184.0,5.651268482208252,5.700565338134766,-0.04929685592651367
s_fish_700,resnet50_geirhos_tl,8,4,4,184,8.0,188.0,5.651268482208252,5.720553398132324,-0.06928491592407227
s_fish_700,resnet50_geirhos_tl,8,4,4,188,8.0,192.0,5.651268482208252,5.707528114318848,-0.0562596321105957
s_fish_700,resnet50_geirhos_tl,8,4,4,192,8.0,196.0,5.651268482208252,5.704941272735596,-0.05367279052734375
s_fish_700,resnet50_geirhos_tl,8,4,4,196,8.0,200.0,5.651268482208252,5.685958385467529,-0.034689903259277344
s_fish_700,resnet50_geirhos_tl,8,4,4,200,8.0,204.0,5.651268482208252,5.683937072753906,-0.0326685905456543
s_fish_700,resnet50_geirhos_tl,8,4,4,204,8.0,208.0,5.651268482208252,5.673702239990234,-0.022433757781982422
s_fish_700,resnet50_geirhos_tl,8,4,4,208,8.0,212.0,5.651268482208252,5.674770832061768,-0.023502349853515625
s_fish_700,resnet50_geirhos_tl,8,4,4,212,8.0,216.0,5.651268482208252,5.670207500457764,-0.01893901824951172
s_fish_700,resnet50_geirhos_tl,8,4,4,216,8.0,220.0,5.651268482208252,5.654092788696289,-0.0028243064880371094
s_fish_700,resnet50_geirhos_tl,8,4,8,0,12.0,4.0,5.651268482208252,5.520084381103516,0.13118410110473633
s_fish_700,resnet50_geirhos_tl,8,4,8,4,12.0,8.0,5.651268482208252,5.555611610412598,0.0956568717956543
s_fish_700,resnet50_geirhos_tl,8,4,8,8,12.0,12.0,5.651268482208252,5.5486273765563965,0.10264110565185547
s_fish_700,resnet50_geirhos_tl,8,4,8,12,12.0,16.0,5.651268482208252,5.564939975738525,0.08632850646972656
s_fish_700,resnet50_geirhos_tl,8,4,8,16,12.0,20.0,5.651268482208252,5.521770477294922,0.12949800491333008
s_fish_700,resnet50_geirhos_tl,8,4,8,20,12.0,24.0,5.651268482208252,5.541195392608643,0.11007308959960938
s_fish_700,resnet50_geirhos_tl,8,4,8,24,12.0,28.0,5.651268482208252,5.515493869781494,0.1357746124267578
s_fish_700,resnet50_geirhos_tl,8,4,8,28,12.0,32.0,5.651268482208252,5.511580467224121,0.13968801498413086
s_fish_700,resnet50_geirhos_tl,8,4,8,32,12.0,36.0,5.651268482208252,5.479276180267334,0.17199230194091797
s_fish_700,resnet50_geirhos_tl,8,4,8,36,12.0,40.0,5.651268482208252,5.458527565002441,0.19274091720581055
s_fish_700,resnet50_geirhos_tl,8,4,8,40,12.0,44.0,5.651268482208252,5.419543743133545,0.23172473907470703
s_fish_700,resnet50_geirhos_tl,8,4,8,44,12.0,48.0,5.651268482208252,5.415449619293213,0.23581886291503906
s_fish_700,resnet50_geirhos_tl,8,4,8,48,12.0,52.0,5.651268482208252,5.384217262268066,0.26705121994018555
s_fish_700,resnet50_geirhos_tl,8,4,8,52,12.0,56.0,5.651268482208252,5.423769950866699,0.22749853134155273
s_fish_700,resnet50_geirhos_tl,8,4,8,56,12.0,60.0,5.651268482208252,5.3967509269714355,0.2545175552368164
s_fish_700,resnet50_geirhos_tl,8,4,8,60,12.0,64.0,5.651268482208252,5.430179119110107,0.22108936309814453
s_fish_700,resnet50_geirhos_tl,8,4,8,64,12.0,68.0,5.651268482208252,5.502092361450195,0.14917612075805664
s_fish_700,resnet50_geirhos_tl,8,4,8,68,12.0,72.0,5.651268482208252,5.5999345779418945,0.05133390426635742
s_fish_700,resnet50_geirhos_tl,8,4,8,72,12.0,76.0,5.651268482208252,5.644183158874512,0.007085323333740234
s_fish_700,resnet50_geirhos_tl,8,4,8,76,12.0,80.0,5.651268482208252,5.674110412597656,-0.022841930389404297
s_fish_700,resnet50_geirhos_tl,8,4,8,80,12.0,84.0,5.651268482208252,5.537589073181152,0.11367940902709961
s_fish_700,resnet50_geirhos_tl,8,4,8,84,12.0,88.0,5.651268482208252,5.372645854949951,0.2786226272583008
s_fish_700,resnet50_geirhos_tl,8,4,8,88,12.0,92.0,5.651268482208252,5.584300518035889,0.06696796417236328
s_fish_700,resnet50_geirhos_tl,8,4,8,92,12.0,96.0,5.651268482208252,5.683881759643555,-0.032613277435302734
s_fish_700,resnet50_geirhos_tl,8,4,8,96,12.0,100.0,5.651268482208252,5.759108543395996,-0.10784006118774414
s_fish_700,resnet50_geirhos_tl,8,4,8,100,12.0,104.0,5.651268482208252,5.681073188781738,-0.029804706573486328
s_fish_700,resnet50_geirhos_tl,8,4,8,104,12.0,108.0,5.651268482208252,5.537167072296143,0.11410140991210938
s_fish_700,resnet50_geirhos_tl,8,4,8,108,12.0,112.0,5.651268482208252,5.405036449432373,0.2462320327758789
s_fish_700,resnet50_geirhos_tl,8,4,8,112,12.0,116.0,5.651268482208252,5.383501052856445,0.26776742935180664
s_fish_700,resnet50_geirhos_tl,8,4,8,116,12.0,120.0,5.651268482208252,5.404415607452393,0.24685287475585938
s_fish_700,resnet50_geirhos_tl,8,4,8,120,12.0,124.0,5.651268482208252,5.453911781311035,0.1973567008972168
s_fish_700,resnet50_geirhos_tl,8,4,8,124,12.0,128.0,5.651268482208252,5.49118185043335,0.16008663177490234
s_fish_700,resnet50_geirhos_tl,8,4,8,128,12.0,132.0,5.651268482208252,5.469069480895996,0.18219900131225586
s_fish_700,resnet50_geirhos_tl,8,4,8,132,12.0,136.0,5.651268482208252,5.506368160247803,0.14490032196044922
s_fish_700,resnet50_geirhos_tl,8,4,8,136,12.0,140.0,5.651268482208252,5.584728240966797,0.06654024124145508
s_fish_700,resnet50_geirhos_tl,8,4,8,140,12.0,144.0,5.651268482208252,5.583014965057373,0.0682535171508789
s_fish_700,resnet50_geirhos_tl,8,4,8,144,12.0,148.0,5.651268482208252,5.609129428863525,0.04213905334472656
s_fish_700,resnet50_geirhos_tl,8,4,8,148,12.0,152.0,5.651268482208252,5.665672779083252,-0.014404296875
s_fish_700,resnet50_geirhos_tl,8,4,8,152,12.0,156.0,5.651268482208252,5.705508232116699,-0.054239749908447266
s_fish_700,resnet50_geirhos_tl,8,4,8,156,12.0,160.0,5.651268482208252,5.710945129394531,-0.0596766471862793
s_fish_700,resnet50_geirhos_tl,8,4,8,160,12.0,164.0,5.651268482208252,5.732160568237305,-0.08089208602905273
s_fish_700,resnet50_geirhos_tl,8,4,8,164,12.0,168.0,5.651268482208252,5.735883712768555,-0.08461523056030273
s_fish_700,resnet50_geirhos_tl,8,4,8,168,12.0,172.0,5.651268482208252,5.735404968261719,-0.0841364860534668
s_fish_700,resnet50_geirhos_tl,8,4,8,172,12.0,176.0,5.651268482208252,5.726783752441406,-0.0755152702331543
s_fish_700,resnet50_geirhos_tl,8,4,8,176,12.0,180.0,5.651268482208252,5.714875221252441,-0.06360673904418945
s_fish_700,resnet50_geirhos_tl,8,4,8,180,12.0,184.0,5.651268482208252,5.720467567443848,-0.0691990852355957
s_fish_700,resnet50_geirhos_tl,8,4,8,184,12.0,188.0,5.651268482208252,5.707304954528809,-0.05603647232055664
s_fish_700,resnet50_geirhos_tl,8,4,8,188,12.0,192.0,5.651268482208252,5.709805011749268,-0.058536529541015625
s_fish_700,resnet50_geirhos_tl,8,4,8,192,12.0,196.0,5.651268482208252,5.684442043304443,-0.033173561096191406
s_fish_700,resnet50_geirhos_tl,8,4,8,196,12.0,200.0,5.651268482208252,5.696879863739014,-0.04561138153076172
s_fish_700,resnet50_geirhos_tl,8,4,8,200,12.0,204.0,5.651268482208252,5.67201042175293,-0.020741939544677734
s_fish_700,resnet50_geirhos_tl,8,4,8,204,12.0,208.0,5.651268482208252,5.670394420623779,-0.019125938415527344
s_fish_700,resnet50_geirhos_tl,8,4,8,208,12.0,212.0,5.651268482208252,5.653696060180664,-0.0024275779724121094
s_fish_700,resnet50_geirhos_tl,8,4,8,212,12.0,216.0,5.651268482208252,5.685554504394531,-0.0342860221862793
s_fish_700,resnet50_geirhos_tl,8,4,8,216,12.0,220.0,5.651268482208252,5.653940677642822,-0.0026721954345703125
s_fish_700,resnet50_geirhos_tl,8,4,12,0,16.0,4.0,5.651268482208252,5.494307041168213,0.15696144104003906
s_fish_700,resnet50_geirhos_tl,8,4,12,4,16.0,8.0,5.651268482208252,5.534246444702148,0.11702203750610352
s_fish_700,resnet50_geirhos_tl,8,4,12,8,16.0,12.0,5.651268482208252,5.527142524719238,0.12412595748901367
s_fish_700,resnet50_geirhos_tl,8,4,12,12,16.0,16.0,5.651268482208252,5.550211429595947,0.10105705261230469
s_fish_700,resnet50_geirhos_tl,8,4,12,16,16.0,20.0,5.651268482208252,5.557724952697754,0.09354352951049805
s_fish_700,resnet50_geirhos_tl,8,4,12,20,16.0,24.0,5.651268482208252,5.573531627655029,0.07773685455322266
s_fish_700,resnet50_geirhos_tl,8,4,12,24,16.0,28.0,5.651268482208252,5.558403015136719,0.0928654670715332
s_fish_700,resnet50_geirhos_tl,8,4,12,28,16.0,32.0,5.651268482208252,5.5259222984313965,0.12534618377685547
s_fish_700,resnet50_geirhos_tl,8,4,12,32,16.0,36.0,5.651268482208252,5.4903388023376465,0.16092967987060547
s_fish_700,resnet50_geirhos_tl,8,4,12,36,16.0,40.0,5.651268482208252,5.44980001449585,0.20146846771240234
s_fish_700,resnet50_geirhos_tl,8,4,12,40,16.0,44.0,5.651268482208252,5.436440467834473,0.2148280143737793
s_fish_700,resnet50_geirhos_tl,8,4,12,44,16.0,48.0,5.651268482208252,5.426117897033691,0.22515058517456055
s_fish_700,resnet50_geirhos_tl,8,4,12,48,16.0,52.0,5.651268482208252,5.424287796020508,0.22698068618774414
s_fish_700,resnet50_geirhos_tl,8,4,12,52,16.0,56.0,5.651268482208252,5.424632549285889,0.22663593292236328
s_fish_700,resnet50_geirhos_tl,8,4,12,56,16.0,60.0,5.651268482208252,5.451674938201904,0.19959354400634766
s_fish_700,resnet50_geirhos_tl,8,4,12,60,16.0,64.0,5.651268482208252,5.484426498413086,0.16684198379516602
s_fish_700,resnet50_geirhos_tl,8,4,12,64,16.0,68.0,5.651268482208252,5.551924228668213,0.09934425354003906
s_fish_700,resnet50_geirhos_tl,8,4,12,68,16.0,72.0,5.651268482208252,5.6498026847839355,0.0014657974243164062
s_fish_700,resnet50_geirhos_tl,8,4,12,72,16.0,76.0,5.651268482208252,5.7377424240112305,-0.08647394180297852
s_fish_700,resnet50_geirhos_tl,8,4,12,76,16.0,80.0,5.651268482208252,5.686440467834473,-0.0351719856262207
s_fish_700,resnet50_geirhos_tl,8,4,12,80,16.0,84.0,5.651268482208252,5.542022228240967,0.10924625396728516
s_fish_700,resnet50_geirhos_tl,8,4,12,84,16.0,88.0,5.651268482208252,5.476978302001953,0.17429018020629883
s_fish_700,resnet50_geirhos_tl,8,4,12,88,16.0,92.0,5.651268482208252,5.519921779632568,0.1313467025756836
s_fish_700,resnet50_geirhos_tl,8,4,12,92,16.0,96.0,5.651268482208252,5.561410903930664,0.08985757827758789
s_fish_700,resnet50_geirhos_tl,8,4,12,96,16.0,100.0,5.651268482208252,5.631552219390869,0.019716262817382812
s_fish_700,resnet50_geirhos_tl,8,4,12,100,16.0,104.0,5.651268482208252,5.673782825469971,-0.02251434326171875
s_fish_700,resnet50_geirhos_tl,8,4,12,104,16.0,108.0,5.651268482208252,5.578390121459961,0.07287836074829102
s_fish_700,resnet50_geirhos_tl,8,4,12,108,16.0,112.0,5.651268482208252,5.43458366394043,0.21668481826782227
s_fish_700,resnet50_geirhos_tl,8,4,12,112,16.0,116.0,5.651268482208252,5.411747455596924,0.23952102661132812
s_fish_700,resnet50_geirhos_tl,8,4,12,116,16.0,120.0,5.651268482208252,5.428406238555908,0.22286224365234375
s_fish_700,resnet50_geirhos_tl,8,4,12,120,16.0,124.0,5.651268482208252,5.436172962188721,0.21509552001953125
s_fish_700,resnet50_geirhos_tl,8,4,12,124,16.0,128.0,5.651268482208252,5.493547439575195,0.15772104263305664
s_fish_700,resnet50_geirhos_tl,8,4,12,128,16.0,132.0,5.651268482208252,5.490070343017578,0.16119813919067383
s_fish_700,resnet50_geirhos_tl,8,4,12,132,16.0,136.0,5.651268482208252,5.490288257598877,0.160980224609375
s_fish_700,resnet50_geirhos_tl,8,4,12,136,16.0,140.0,5.651268482208252,5.540971279144287,0.11029720306396484
s_fish_700,resnet50_geirhos_tl,8,4,12,140,16.0,144.0,5.651268482208252,5.589979648590088,0.06128883361816406
s_fish_700,resnet50_geirhos_tl,8,4,12,144,16.0,148.0,5.651268482208252,5.636543273925781,0.014725208282470703
s_fish_700,resnet50_geirhos_tl,8,4,12,148,16.0,152.0,5.651268482208252,5.665684700012207,-0.014416217803955078
s_fish_700,resnet50_geirhos_tl,8,4,12,152,16.0,156.0,5.651268482208252,5.676041603088379,-0.024773120880126953
s_fish_700,resnet50_geirhos_tl,8,4,12,156,16.0,160.0,5.651268482208252,5.700904846191406,-0.0496363639831543
s_fish_700,resnet50_geirhos_tl,8,4,12,160,16.0,164.0,5.651268482208252,5.71596097946167,-0.06469249725341797
s_fish_700,resnet50_geirhos_tl,8,4,12,164,16.0,168.0,5.651268482208252,5.731504917144775,-0.08023643493652344
s_fish_700,resnet50_geirhos_tl,8,4,12,168,16.0,172.0,5.651268482208252,5.722940444946289,-0.07167196273803711
s_fish_700,resnet50_geirhos_tl,8,4,12,172,16.0,176.0,5.651268482208252,5.711737632751465,-0.06046915054321289
s_fish_700,resnet50_geirhos_tl,8,4,12,176,16.0,180.0,5.651268482208252,5.70102596282959,-0.04975748062133789
s_fish_700,resnet50_geirhos_tl,8,4,12,180,16.0,184.0,5.651268482208252,5.717065811157227,-0.06579732894897461
s_fish_700,resnet50_geirhos_tl,8,4,12,184,16.0,188.0,5.651268482208252,5.7290849685668945,-0.07781648635864258
s_fish_700,resnet50_geirhos_tl,8,4,12,188,16.0,192.0,5.651268482208252,5.729313850402832,-0.07804536819458008
s_fish_700,resnet50_geirhos_tl,8,4,12,192,16.0,196.0,5.651268482208252,5.709836006164551,-0.05856752395629883
s_fish_700,resnet50_geirhos_tl,8,4,12,196,16.0,200.0,5.651268482208252,5.699578285217285,-0.0483098030090332
s_fish_700,resnet50_geirhos_tl,8,4,12,200,16.0,204.0,5.651268482208252,5.686343193054199,-0.035074710845947266
s_fish_700,resnet50_geirhos_tl,8,4,12,204,16.0,208.0,5.651268482208252,5.661646842956543,-0.010378360748291016
s_fish_700,resnet50_geirhos_tl,8,4,12,208,16.0,212.0,5.651268482208252,5.659297466278076,-0.008028984069824219
s_fish_700,resnet50_geirhos_tl,8,4,12,212,16.0,216.0,5.651268482208252,5.673417091369629,-0.022148609161376953
s_fish_700,resnet50_geirhos_tl,8,4,12,216,16.0,220.0,5.651268482208252,5.633779048919678,0.01748943328857422
s_fish_700,resnet50_geirhos_tl,8,4,16,0,20.0,4.0,5.651268482208252,5.483157634735107,0.16811084747314453
s_fish_700,resnet50_geirhos_tl,8,4,16,4,20.0,8.0,5.651268482208252,5.533651351928711,0.11761713027954102
s_fish_700,resnet50_geirhos_tl,8,4,16,8,20.0,12.0,5.651268482208252,5.516335487365723,0.1349329948425293
s_fish_700,resnet50_geirhos_tl,8,4,16,12,20.0,16.0,5.651268482208252,5.551390647888184,0.09987783432006836
s_fish_700,resnet50_geirhos_tl,8,4,16,16,20.0,20.0,5.651268482208252,5.53547477722168,0.11579370498657227
s_fish_700,resnet50_geirhos_tl,8,4,16,20,20.0,24.0,5.651268482208252,5.569274425506592,0.08199405670166016
s_fish_700,resnet50_geirhos_tl,8,4,16,24,20.0,28.0,5.651268482208252,5.5503644943237305,0.10090398788452148
s_fish_700,resnet50_geirhos_tl,8,4,16,28,20.0,32.0,5.651268482208252,5.524920463562012,0.12634801864624023
s_fish_700,resnet50_geirhos_tl,8,4,16,32,20.0,36.0,5.651268482208252,5.4961347579956055,0.15513372421264648
s_fish_700,resnet50_geirhos_tl,8,4,16,36,20.0,40.0,5.651268482208252,5.467371463775635,0.1838970184326172
s_fish_700,resnet50_geirhos_tl,8,4,16,40,20.0,44.0,5.651268482208252,5.43864631652832,0.21262216567993164
s_fish_700,resnet50_geirhos_tl,8,4,16,44,20.0,48.0,5.651268482208252,5.422060966491699,0.22920751571655273
s_fish_700,resnet50_geirhos_tl,8,4,16,48,20.0,52.0,5.651268482208252,5.4182233810424805,0.23304510116577148
s_fish_700,resnet50_geirhos_tl,8,4,16,52,20.0,56.0,5.651268482208252,5.435879230499268,0.21538925170898438
s_fish_700,resnet50_geirhos_tl,8,4,16,56,20.0,60.0,5.651268482208252,5.524739742279053,0.12652873992919922
s_fish_700,resnet50_geirhos_tl,8,4,16,60,20.0,64.0,5.651268482208252,5.550257205963135,0.10101127624511719
s_fish_700,resnet50_geirhos_tl,8,4,16,64,20.0,68.0,5.651268482208252,5.6241912841796875,0.027077198028564453
s_fish_700,resnet50_geirhos_tl,8,4,16,68,20.0,72.0,5.651268482208252,5.729619979858398,-0.07835149765014648
s_fish_700,resnet50_geirhos_tl,8,4,16,72,20.0,76.0,5.651268482208252,5.736368656158447,-0.08510017395019531
s_fish_700,resnet50_geirhos_tl,8,4,16,76,20.0,80.0,5.651268482208252,5.700467586517334,-0.04919910430908203
s_fish_700,resnet50_geirhos_tl,8,4,16,80,20.0,84.0,5.651268482208252,5.475217342376709,0.17605113983154297
s_fish_700,resnet50_geirhos_tl,8,4,16,84,20.0,88.0,5.651268482208252,5.44987678527832,0.20139169692993164
s_fish_700,resnet50_geirhos_tl,8,4,16,88,20.0,92.0,5.651268482208252,5.554746150970459,0.09652233123779297
s_fish_700,resnet50_geirhos_tl,8,4,16,92,20.0,96.0,5.651268482208252,5.61395263671875,0.03731584548950195
s_fish_700,resnet50_geirhos_tl,8,4,16,96,20.0,100.0,5.651268482208252,5.625906944274902,0.02536153793334961
s_fish_700,resnet50_geirhos_tl,8,4,16,100,20.0,104.0,5.651268482208252,5.7476487159729,-0.09638023376464844
s_fish_700,resnet50_geirhos_tl,8,4,16,104,20.0,108.0,5.651268482208252,5.640965938568115,0.010302543640136719
s_fish_700,resnet50_geirhos_tl,8,4,16,108,20.0,112.0,5.651268482208252,5.443302631378174,0.20796585083007812
s_fish_700,resnet50_geirhos_tl,8,4,16,112,20.0,116.0,5.651268482208252,5.4080586433410645,0.2432098388671875
s_fish_700,resnet50_geirhos_tl,8,4,16,116,20.0,120.0,5.651268482208252,5.404180526733398,0.24708795547485352
s_fish_700,resnet50_geirhos_tl,8,4,16,120,20.0,124.0,5.651268482208252,5.451503276824951,0.19976520538330078
s_fish_700,resnet50_geirhos_tl,8,4,16,124,20.0,128.0,5.651268482208252,5.516411304473877,0.134857177734375
s_fish_700,resnet50_geirhos_tl,8,4,16,128,20.0,132.0,5.651268482208252,5.505775451660156,0.1454930305480957
s_fish_700,resnet50_geirhos_tl,8,4,16,132,20.0,136.0,5.651268482208252,5.471516132354736,0.17975234985351562
s_fish_700,resnet50_geirhos_tl,8,4,16,136,20.0,140.0,5.651268482208252,5.4911699295043945,0.16009855270385742
s_fish_700,resnet50_geirhos_tl,8,4,16,140,20.0,144.0,5.651268482208252,5.56011438369751,0.09115409851074219
s_fish_700,resnet50_geirhos_tl,8,4,16,144,20.0,148.0,5.651268482208252,5.6625566482543945,-0.011288166046142578
s_fish_700,resnet50_geirhos_tl,8,4,16,148,20.0,152.0,5.651268482208252,5.6548004150390625,-0.003531932830810547
s_fish_700,resnet50_geirhos_tl,8,4,16,152,20.0,156.0,5.651268482208252,5.690279006958008,-0.03901052474975586
s_fish_700,resnet50_geirhos_tl,8,4,16,156,20.0,160.0,5.651268482208252,5.690827369689941,-0.03955888748168945
s_fish_700,resnet50_geirhos_tl,8,4,16,160,20.0,164.0,5.651268482208252,5.736818790435791,-0.08555030822753906
s_fish_700,resnet50_geirhos_tl,8,4,16,164,20.0,168.0,5.651268482208252,5.720348358154297,-0.06907987594604492
s_fish_700,resnet50_geirhos_tl,8,4,16,168,20.0,172.0,5.651268482208252,5.738584041595459,-0.08731555938720703
s_fish_700,resnet50_geirhos_tl,8,4,16,172,20.0,176.0,5.651268482208252,5.717495441436768,-0.06622695922851562
s_fish_700,resnet50_geirhos_tl,8,4,16,176,20.0,180.0,5.651268482208252,5.711841583251953,-0.06057310104370117
s_fish_700,resnet50_geirhos_tl,8,4,16,180,20.0,184.0,5.651268482208252,5.715946674346924,-0.06467819213867188
s_fish_700,resnet50_geirhos_tl,8,4,16,184,20.0,188.0,5.651268482208252,5.728033542633057,-0.07676506042480469
s_fish_700,resnet50_geirhos_tl,8,4,16,188,20.0,192.0,5.651268482208252,5.735579967498779,-0.08431148529052734
s_fish_700,resnet50_geirhos_tl,8,4,16,192,20.0,196.0,5.651268482208252,5.718499660491943,-0.0672311782836914
s_fish_700,resnet50_geirhos_tl,8,4,16,196,20.0,200.0,5.651268482208252,5.716750621795654,-0.06548213958740234
s_fish_700,resnet50_geirhos_tl,8,4,16,200,20.0,204.0,5.651268482208252,5.6787590980529785,-0.027490615844726562
s_fish_700,resnet50_geirhos_tl,8,4,16,204,20.0,208.0,5.651268482208252,5.669337272644043,-0.018068790435791016
s_fish_700,resnet50_geirhos_tl,8,4,16,208,20.0,212.0,5.651268482208252,5.642486572265625,0.008781909942626953
s_fish_700,resnet50_geirhos_tl,8,4,16,212,20.0,216.0,5.651268482208252,5.662342071533203,-0.011073589324951172
s_fish_700,resnet50_geirhos_tl,8,4,16,216,20.0,220.0,5.651268482208252,5.619155406951904,0.032113075256347656
s_fish_700,resnet50_geirhos_tl,8,4,20,0,24.0,4.0,5.651268482208252,5.458240032196045,0.19302845001220703
s_fish_700,resnet50_geirhos_tl,8,4,20,4,24.0,8.0,5.651268482208252,5.4956254959106445,0.15564298629760742
s_fish_700,resnet50_geirhos_tl,8,4,20,8,24.0,12.0,5.651268482208252,5.51162052154541,0.1396479606628418
s_fish_700,resnet50_geirhos_tl,8,4,20,12,24.0,16.0,5.651268482208252,5.527593612670898,0.12367486953735352
s_fish_700,resnet50_geirhos_tl,8,4,20,16,24.0,20.0,5.651268482208252,5.5577712059021,0.09349727630615234
s_fish_700,resnet50_geirhos_tl,8,4,20,20,24.0,24.0,5.651268482208252,5.540960311889648,0.11030817031860352
s_fish_700,resnet50_geirhos_tl,8,4,20,24,24.0,28.0,5.651268482208252,5.566954135894775,0.08431434631347656
s_fish_700,resnet50_geirhos_tl,8,4,20,28,24.0,32.0,5.651268482208252,5.539407730102539,0.11186075210571289
s_fish_700,resnet50_geirhos_tl,8,4,20,32,24.0,36.0,5.651268482208252,5.553289413452148,0.09797906875610352
s_fish_700,resnet50_geirhos_tl,8,4,20,36,24.0,40.0,5.651268482208252,5.520002365112305,0.13126611709594727
s_fish_700,resnet50_geirhos_tl,8,4,20,40,24.0,44.0,5.651268482208252,5.517155647277832,0.13411283493041992
s_fish_700,resnet50_geirhos_tl,8,4,20,44,24.0,48.0,5.651268482208252,5.49141263961792,0.15985584259033203
s_fish_700,resnet50_geirhos_tl,8,4,20,48,24.0,52.0,5.651268482208252,5.474982738494873,0.1762857437133789
s_fish_700,resnet50_geirhos_tl,8,4,20,52,24.0,56.0,5.651268482208252,5.501822471618652,0.1494460105895996
s_fish_700,resnet50_geirhos_tl,8,4,20,56,24.0,60.0,5.651268482208252,5.542769908905029,0.10849857330322266
s_fish_700,resnet50_geirhos_tl,8,4,20,60,24.0,64.0,5.651268482208252,5.5757222175598145,0.0755462646484375
s_fish_700,resnet50_geirhos_tl,8,4,20,64,24.0,68.0,5.651268482208252,5.645056247711182,0.0062122344970703125
s_fish_700,resnet50_geirhos_tl,8,4,20,68,24.0,72.0,5.651268482208252,5.7031354904174805,-0.051867008209228516
s_fish_700,resnet50_geirhos_tl,8,4,20,72,24.0,76.0,5.651268482208252,5.740180015563965,-0.08891153335571289
s_fish_700,resnet50_geirhos_tl,8,4,20,76,24.0,80.0,5.651268482208252,5.646650791168213,0.0046176910400390625
s_fish_700,resnet50_geirhos_tl,8,4,20,80,24.0,84.0,5.651268482208252,5.438718318939209,0.21255016326904297
s_fish_700,resnet50_geirhos_tl,8,4,20,84,24.0,88.0,5.651268482208252,5.349987983703613,0.30128049850463867
s_fish_700,resnet50_geirhos_tl,8,4,20,88,24.0,92.0,5.651268482208252,5.345590591430664,0.3056778907775879
s_fish_700,resnet50_geirhos_tl,8,4,20,92,24.0,96.0,5.651268482208252,5.430876731872559,0.22039175033569336
s_fish_700,resnet50_geirhos_tl,8,4,20,96,24.0,100.0,5.651268482208252,5.572639465332031,0.0786290168762207
s_fish_700,resnet50_geirhos_tl,8,4,20,100,24.0,104.0,5.651268482208252,5.683071136474609,-0.03180265426635742
s_fish_700,resnet50_geirhos_tl,8,4,20,104,24.0,108.0,5.651268482208252,5.615864276885986,0.035404205322265625
s_fish_700,resnet50_geirhos_tl,8,4,20,108,24.0,112.0,5.651268482208252,5.447604179382324,0.20366430282592773
s_fish_700,resnet50_geirhos_tl,8,4,20,112,24.0,116.0,5.651268482208252,5.455018043518066,0.19625043869018555
s_fish_700,resnet50_geirhos_tl,8,4,20,116,24.0,120.0,5.651268482208252,5.463098526000977,0.1881699562072754
s_fish_700,resnet50_geirhos_tl,8,4,20,120,24.0,124.0,5.651268482208252,5.478585243225098,0.1726832389831543
s_fish_700,resnet50_geirhos_tl,8,4,20,124,24.0,128.0,5.651268482208252,5.498708724975586,0.15255975723266602
s_fish_700,resnet50_geirhos_tl,8,4,20,128,24.0,132.0,5.651268482208252,5.484414577484131,0.1668539047241211
s_fish_700,resnet50_geirhos_tl,8,4,20,132,24.0,136.0,5.651268482208252,5.464122295379639,0.18714618682861328
s_fish_700,resnet50_geirhos_tl,8,4,20,136,24.0,140.0,5.651268482208252,5.555914402008057,0.09535408020019531
s_fish_700,resnet50_geirhos_tl,8,4,20,140,24.0,144.0,5.651268482208252,5.61161994934082,0.03964853286743164
s_fish_700,resnet50_geirhos_tl,8,4,20,144,24.0,148.0,5.651268482208252,5.671847343444824,-0.020578861236572266
s_fish_700,resnet50_geirhos_tl,8,4,20,148,24.0,152.0,5.651268482208252,5.654143810272217,-0.0028753280639648438
s_fish_700,resnet50_geirhos_tl,8,4,20,152,24.0,156.0,5.651268482208252,5.6657915115356445,-0.014523029327392578
s_fish_700,resnet50_geirhos_tl,8,4,20,156,24.0,160.0,5.651268482208252,5.6913371086120605,-0.040068626403808594
s_fish_700,resnet50_geirhos_tl,8,4,20,160,24.0,164.0,5.651268482208252,5.709162712097168,-0.057894229888916016
s_fish_700,resnet50_geirhos_tl,8,4,20,164,24.0,168.0,5.651268482208252,5.713409423828125,-0.06214094161987305
s_fish_700,resnet50_geirhos_tl,8,4,20,168,24.0,172.0,5.651268482208252,5.702062606811523,-0.050794124603271484
s_fish_700,resnet50_geirhos_tl,8,4,20,172,24.0,176.0,5.651268482208252,5.687777519226074,-0.036509037017822266
s_fish_700,resnet50_geirhos_tl,8,4,20,176,24.0,180.0,5.651268482208252,5.684676170349121,-0.03340768814086914
s_fish_700,resnet50_geirhos_tl,8,4,20,180,24.0,184.0,5.651268482208252,5.71314001083374,-0.06187152862548828
s_fish_700,resnet50_geirhos_tl,8,4,20,184,24.0,188.0,5.651268482208252,5.743711948394775,-0.09244346618652344
s_fish_700,resnet50_geirhos_tl,8,4,20,188,24.0,192.0,5.651268482208252,5.752984523773193,-0.1017160415649414
s_fish_700,resnet50_geirhos_tl,8,4,20,192,24.0,196.0,5.651268482208252,5.723604202270508,-0.07233572006225586
s_fish_700,resnet50_geirhos_tl,8,4,20,196,24.0,200.0,5.651268482208252,5.726035118103027,-0.07476663589477539
s_fish_700,resnet50_geirhos_tl,8,4,20,200,24.0,204.0,5.651268482208252,5.688973426818848,-0.0377049446105957
s_fish_700,resnet50_geirhos_tl,8,4,20,204,24.0,208.0,5.651268482208252,5.663455963134766,-0.012187480926513672
s_fish_700,resnet50_geirhos_tl,8,4,20,208,24.0,212.0,5.651268482208252,5.652502536773682,-0.0012340545654296875
s_fish_700,resnet50_geirhos_tl,8,4,20,212,24.0,216.0,5.651268482208252,5.65672492980957,-0.005456447601318359
s_fish_700,resnet50_geirhos_tl,8,4,20,216,24.0,220.0,5.651268482208252,5.634618759155273,0.016649723052978516
s_fish_700,resnet50_geirhos_tl,8,4,24,0,28.0,4.0,5.651268482208252,5.457091808319092,0.19417667388916016
s_fish_700,resnet50_geirhos_tl,8,4,24,4,28.0,8.0,5.651268482208252,5.488244533538818,0.1630239486694336
s_fish_700,resnet50_geirhos_tl,8,4,24,8,28.0,12.0,5.651268482208252,5.518468856811523,0.13279962539672852
s_fish_700,resnet50_geirhos_tl,8,4,24,12,28.0,16.0,5.651268482208252,5.55684757232666,0.0944209098815918
s_fish_700,resnet50_geirhos_tl,8,4,24,16,28.0,20.0,5.651268482208252,5.550556182861328,0.10071229934692383
s_fish_700,resnet50_geirhos_tl,8,4,24,20,28.0,24.0,5.651268482208252,5.55019998550415,0.10106849670410156
s_fish_700,resnet50_geirhos_tl,8,4,24,24,28.0,28.0,5.651268482208252,5.563647270202637,0.08762121200561523
s_fish_700,resnet50_geirhos_tl,8,4,24,28,28.0,32.0,5.651268482208252,5.56704568862915,0.08422279357910156
s_fish_700,resnet50_geirhos_tl,8,4,24,32,28.0,36.0,5.651268482208252,5.534678936004639,0.11658954620361328
s_fish_700,resnet50_geirhos_tl,8,4,24,36,28.0,40.0,5.651268482208252,5.556088924407959,0.09517955780029297
s_fish_700,resnet50_geirhos_tl,8,4,24,40,28.0,44.0,5.651268482208252,5.544338226318359,0.10693025588989258
s_fish_700,resnet50_geirhos_tl,8,4,24,44,28.0,48.0,5.651268482208252,5.51788854598999,0.13337993621826172
s_fish_700,resnet50_geirhos_tl,8,4,24,48,28.0,52.0,5.651268482208252,5.516561508178711,0.13470697402954102
s_fish_700,resnet50_geirhos_tl,8,4,24,52,28.0,56.0,5.651268482208252,5.591731071472168,0.059537410736083984
s_fish_700,resnet50_geirhos_tl,8,4,24,56,28.0,60.0,5.651268482208252,5.611763954162598,0.0395045280456543
s_fish_700,resnet50_geirhos_tl,8,4,24,60,28.0,64.0,5.651268482208252,5.611983299255371,0.03928518295288086
s_fish_700,resnet50_geirhos_tl,8,4,24,64,28.0,68.0,5.651268482208252,5.656198978424072,-0.0049304962158203125
s_fish_700,resnet50_geirhos_tl,8,4,24,68,28.0,72.0,5.651268482208252,5.669193744659424,-0.017925262451171875
s_fish_700,resnet50_geirhos_tl,8,4,24,72,28.0,76.0,5.651268482208252,5.630047798156738,0.021220684051513672
s_fish_700,resnet50_geirhos_tl,8,4,24,76,28.0,80.0,5.651268482208252,5.397834300994873,0.2534341812133789
s_fish_700,resnet50_geirhos_tl,8,4,24,80,28.0,84.0,5.651268482208252,5.358256816864014,0.2930116653442383
s_fish_700,resnet50_geirhos_tl,8,4,24,84,28.0,88.0,5.651268482208252,5.397372245788574,0.25389623641967773
s_fish_700,resnet50_geirhos_tl,8,4,24,88,28.0,92.0,5.651268482208252,5.473653793334961,0.17761468887329102
s_fish_700,resnet50_geirhos_tl,8,4,24,92,28.0,96.0,5.651268482208252,5.6209797859191895,0.0302886962890625
s_fish_700,resnet50_geirhos_tl,8,4,24,96,28.0,100.0,5.651268482208252,5.669783115386963,-0.018514633178710938
s_fish_700,resnet50_geirhos_tl,8,4,24,100,28.0,104.0,5.651268482208252,5.710712909698486,-0.059444427490234375
s_fish_700,resnet50_geirhos_tl,8,4,24,104,28.0,108.0,5.651268482208252,5.662306785583496,-0.01103830337524414
s_fish_700,resnet50_geirhos_tl,8,4,24,108,28.0,112.0,5.651268482208252,5.507400989532471,0.14386749267578125
s_fish_700,resnet50_geirhos_tl,8,4,24,112,28.0,116.0,5.651268482208252,5.464372158050537,0.18689632415771484
s_fish_700,resnet50_geirhos_tl,8,4,24,116,28.0,120.0,5.651268482208252,5.4647064208984375,0.18656206130981445
s_fish_700,resnet50_geirhos_tl,8,4,24,120,28.0,124.0,5.651268482208252,5.461041450500488,0.19022703170776367
s_fish_700,resnet50_geirhos_tl,8,4,24,124,28.0,128.0,5.651268482208252,5.492583274841309,0.15868520736694336
s_fish_700,resnet50_geirhos_tl,8,4,24,128,28.0,132.0,5.651268482208252,5.481509208679199,0.16975927352905273
s_fish_700,resnet50_geirhos_tl,8,4,24,132,28.0,136.0,5.651268482208252,5.479892253875732,0.17137622833251953
s_fish_700,resnet50_geirhos_tl,8,4,24,136,28.0,140.0,5.651268482208252,5.577628135681152,0.07364034652709961
s_fish_700,resnet50_geirhos_tl,8,4,24,140,28.0,144.0,5.651268482208252,5.637629508972168,0.013638973236083984
s_fish_700,resnet50_geirhos_tl,8,4,24,144,28.0,148.0,5.651268482208252,5.707366466522217,-0.056097984313964844
s_fish_700,resnet50_geirhos_tl,8,4,24,148,28.0,152.0,5.651268482208252,5.724462509155273,-0.07319402694702148
s_fish_700,resnet50_geirhos_tl,8,4,24,152,28.0,156.0,5.651268482208252,5.688856601715088,-0.03758811950683594
s_fish_700,resnet50_geirhos_tl,8,4,24,156,28.0,160.0,5.651268482208252,5.655492305755615,-0.004223823547363281
s_fish_700,resnet50_geirhos_tl,8,4,24,160,28.0,164.0,5.651268482208252,5.702305793762207,-0.05103731155395508
s_fish_700,resnet50_geirhos_tl,8,4,24,164,28.0,168.0,5.651268482208252,5.733181476593018,-0.08191299438476562
s_fish_700,resnet50_geirhos_tl,8,4,24,168,28.0,172.0,5.651268482208252,5.765789985656738,-0.11452150344848633
s_fish_700,resnet50_geirhos_tl,8,4,24,172,28.0,176.0,5.651268482208252,5.712574481964111,-0.061305999755859375
s_fish_700,resnet50_geirhos_tl,8,4,24,176,28.0,180.0,5.651268482208252,5.721803665161133,-0.07053518295288086
s_fish_700,resnet50_geirhos_tl,8,4,24,180,28.0,184.0,5.651268482208252,5.739194869995117,-0.08792638778686523
s_fish_700,resnet50_geirhos_tl,8,4,24,184,28.0,188.0,5.651268482208252,5.740824222564697,-0.08955574035644531
s_fish_700,resnet50_geirhos_tl,8,4,24,188,28.0,192.0,5.651268482208252,5.717615604400635,-0.06634712219238281
s_fish_700,resnet50_geirhos_tl,8,4,24,192,28.0,196.0,5.651268482208252,5.718008995056152,-0.06674051284790039
s_fish_700,resnet50_geirhos_tl,8,4,24,196,28.0,200.0,5.651268482208252,5.716280937194824,-0.06501245498657227
s_fish_700,resnet50_geirhos_tl,8,4,24,200,28.0,204.0,5.651268482208252,5.691666603088379,-0.04039812088012695
s_fish_700,resnet50_geirhos_tl,8,4,24,204,28.0,208.0,5.651268482208252,5.664700508117676,-0.013432025909423828
s_fish_700,resnet50_geirhos_tl,8,4,24,208,28.0,212.0,5.651268482208252,5.647688865661621,0.0035796165466308594
s_fish_700,resnet50_geirhos_tl,8,4,24,212,28.0,216.0,5.651268482208252,5.664068698883057,-0.012800216674804688
s_fish_700,resnet50_geirhos_tl,8,4,24,216,28.0,220.0,5.651268482208252,5.635144233703613,0.016124248504638672
s_fish_700,resnet50_geirhos_tl,8,4,28,0,32.0,4.0,5.651268482208252,5.4647369384765625,0.18653154373168945
s_fish_700,resnet50_geirhos_tl,8,4,28,4,32.0,8.0,5.651268482208252,5.478233337402344,0.1730351448059082
s_fish_700,resnet50_geirhos_tl,8,4,28,8,32.0,12.0,5.651268482208252,5.498956680297852,0.1523118019104004
s_fish_700,resnet50_geirhos_tl,8,4,28,12,32.0,16.0,5.651268482208252,5.534295082092285,0.1169734001159668
s_fish_700,resnet50_geirhos_tl,8,4,28,16,32.0,20.0,5.651268482208252,5.560394287109375,0.09087419509887695
s_fish_700,resnet50_geirhos_tl,8,4,28,20,32.0,24.0,5.651268482208252,5.549692153930664,0.10157632827758789
s_fish_700,resnet50_geirhos_tl,8,4,28,24,32.0,28.0,5.651268482208252,5.594976425170898,0.056292057037353516
s_fish_700,resnet50_geirhos_tl,8,4,28,28,32.0,32.0,5.651268482208252,5.571012020111084,0.08025646209716797
s_fish_700,resnet50_geirhos_tl,8,4,28,32,32.0,36.0,5.651268482208252,5.568231582641602,0.08303689956665039
s_fish_700,resnet50_geirhos_tl,8,4,28,36,32.0,40.0,5.651268482208252,5.577534198760986,0.07373428344726562
s_fish_700,resnet50_geirhos_tl,8,4,28,40,32.0,44.0,5.651268482208252,5.569682598114014,0.08158588409423828
s_fish_700,resnet50_geirhos_tl,8,4,28,44,32.0,48.0,5.651268482208252,5.561075210571289,0.09019327163696289
s_fish_700,resnet50_geirhos_tl,8,4,28,48,32.0,52.0,5.651268482208252,5.549614429473877,0.101654052734375
s_fish_700,resnet50_geirhos_tl,8,4,28,52,32.0,56.0,5.651268482208252,5.611573219299316,0.03969526290893555
s_fish_700,resnet50_geirhos_tl,8,4,28,56,32.0,60.0,5.651268482208252,5.656095504760742,-0.004827022552490234
s_fish_700,resnet50_geirhos_tl,8,4,28,60,32.0,64.0,5.651268482208252,5.6599202156066895,-0.0086517333984375
s_fish_700,resnet50_geirhos_tl,8,4,28,64,32.0,68.0,5.651268482208252,5.6960320472717285,-0.04476356506347656
s_fish_700,resnet50_geirhos_tl,8,4,28,68,32.0,72.0,5.651268482208252,5.6757612228393555,-0.024492740631103516
s_fish_700,resnet50_geirhos_tl,8,4,28,72,32.0,76.0,5.651268482208252,5.5765228271484375,0.07474565505981445
s_fish_700,resnet50_geirhos_tl,8,4,28,76,32.0,80.0,5.651268482208252,5.465002536773682,0.1862659454345703
s_fish_700,resnet50_geirhos_tl,8,4,28,80,32.0,84.0,5.651268482208252,5.452324867248535,0.1989436149597168
s_fish_700,resnet50_geirhos_tl,8,4,28,84,32.0,88.0,5.651268482208252,5.393642425537109,0.2576260566711426
s_fish_700,resnet50_geirhos_tl,8,4,28,88,32.0,92.0,5.651268482208252,5.433945655822754,0.21732282638549805
s_fish_700,resnet50_geirhos_tl,8,4,28,92,32.0,96.0,5.651268482208252,5.808300018310547,-0.15703153610229492
s_fish_700,resnet50_geirhos_tl,8,4,28,96,32.0,100.0,5.651268482208252,5.697875499725342,-0.046607017517089844
s_fish_700,resnet50_geirhos_tl,8,4,28,100,32.0,104.0,5.651268482208252,5.730344295501709,-0.07907581329345703
s_fish_700,resnet50_geirhos_tl,8,4,28,104,32.0,108.0,5.651268482208252,5.699423789978027,-0.04815530776977539
s_fish_700,resnet50_geirhos_tl,8,4,28,108,32.0,112.0,5.651268482208252,5.5908308029174805,0.060437679290771484
s_fish_700,resnet50_geirhos_tl,8,4,28,112,32.0,116.0,5.651268482208252,5.556282997131348,0.0949854850769043
s_fish_700,resnet50_geirhos_tl,8,4,28,116,32.0,120.0,5.651268482208252,5.507105827331543,0.14416265487670898
s_fish_700,resnet50_geirhos_tl,8,4,28,120,32.0,124.0,5.651268482208252,5.534112930297852,0.11715555191040039
s_fish_700,resnet50_geirhos_tl,8,4,28,124,32.0,128.0,5.651268482208252,5.589240550994873,0.062027931213378906
s_fish_700,resnet50_geirhos_tl,8,4,28,128,32.0,132.0,5.651268482208252,5.642393112182617,0.008875370025634766
s_fish_700,resnet50_geirhos_tl,8,4,28,132,32.0,136.0,5.651268482208252,5.789892196655273,-0.13862371444702148
s_fish_700,resnet50_geirhos_tl,8,4,28,136,32.0,140.0,5.651268482208252,5.802006721496582,-0.15073823928833008
s_fish_700,resnet50_geirhos_tl,8,4,28,140,32.0,144.0,5.651268482208252,5.755058765411377,-0.103790283203125
s_fish_700,resnet50_geirhos_tl,8,4,28,144,32.0,148.0,5.651268482208252,5.739694118499756,-0.0884256362915039
s_fish_700,resnet50_geirhos_tl,8,4,28,148,32.0,152.0,5.651268482208252,5.712230682373047,-0.06096220016479492
s_fish_700,resnet50_geirhos_tl,8,4,28,152,32.0,156.0,5.651268482208252,5.669861316680908,-0.01859283447265625
s_fish_700,resnet50_geirhos_tl,8,4,28,156,32.0,160.0,5.651268482208252,5.680297374725342,-0.029028892517089844
s_fish_700,resnet50_geirhos_tl,8,4,28,160,32.0,164.0,5.651268482208252,5.713356971740723,-0.0620884895324707
s_fish_700,resnet50_geirhos_tl,8,4,28,164,32.0,168.0,5.651268482208252,5.761949062347412,-0.11068058013916016
s_fish_700,resnet50_geirhos_tl,8,4,28,168,32.0,172.0,5.651268482208252,5.744902610778809,-0.09363412857055664
s_fish_700,resnet50_geirhos_tl,8,4,28,172,32.0,176.0,5.651268482208252,5.747108459472656,-0.0958399772644043
s_fish_700,resnet50_geirhos_tl,8,4,28,176,32.0,180.0,5.651268482208252,5.738945960998535,-0.0876774787902832
s_fish_700,resnet50_geirhos_tl,8,4,28,180,32.0,184.0,5.651268482208252,5.7794718742370605,-0.1282033920288086
s_fish_700,resnet50_geirhos_tl,8,4,28,184,32.0,188.0,5.651268482208252,5.763659477233887,-0.11239099502563477
s_fish_700,resnet50_geirhos_tl,8,4,28,188,32.0,192.0,5.651268482208252,5.744368553161621,-0.09310007095336914
s_fish_700,resnet50_geirhos_tl,8,4,28,192,32.0,196.0,5.651268482208252,5.727169990539551,-0.07590150833129883
s_fish_700,resnet50_geirhos_tl,8,4,28,196,32.0,200.0,5.651268482208252,5.7083740234375,-0.05710554122924805
s_fish_700,resnet50_geirhos_tl,8,4,28,200,32.0,204.0,5.651268482208252,5.698177337646484,-0.04690885543823242
s_fish_700,resnet50_geirhos_tl,8,4,28,204,32.0,208.0,5.651268482208252,5.652503967285156,-0.0012354850769042969
s_fish_700,resnet50_geirhos_tl,8,4,28,208,32.0,212.0,5.651268482208252,5.633701324462891,0.017567157745361328
s_fish_700,resnet50_geirhos_tl,8,4,28,212,32.0,216.0,5.651268482208252,5.63978385925293,0.011484622955322266
s_fish_700,resnet50_geirhos_tl,8,4,28,216,32.0,220.0,5.651268482208252,5.636447906494141,0.014820575714111328
s_fish_700,resnet50_geirhos_tl,8,4,32,0,36.0,4.0,5.651268482208252,5.438793182373047,0.21247529983520508
s_fish_700,resnet50_geirhos_tl,8,4,32,4,36.0,8.0,5.651268482208252,5.456601142883301,0.19466733932495117
s_fish_700,resnet50_geirhos_tl,8,4,32,8,36.0,12.0,5.651268482208252,5.449288845062256,0.2019796371459961
s_fish_700,resnet50_geirhos_tl,8,4,32,12,36.0,16.0,5.651268482208252,5.497115135192871,0.15415334701538086
s_fish_700,resnet50_geirhos_tl,8,4,32,16,36.0,20.0,5.651268482208252,5.5010223388671875,0.15024614334106445
s_fish_700,resnet50_geirhos_tl,8,4,32,20,36.0,24.0,5.651268482208252,5.563718318939209,0.08755016326904297
s_fish_700,resnet50_geirhos_tl,8,4,32,24,36.0,28.0,5.651268482208252,5.556178569793701,0.09508991241455078
s_fish_700,resnet50_geirhos_tl,8,4,32,28,36.0,32.0,5.651268482208252,5.585341453552246,0.06592702865600586
s_fish_700,resnet50_geirhos_tl,8,4,32,32,36.0,36.0,5.651268482208252,5.547351360321045,0.10391712188720703
s_fish_700,resnet50_geirhos_tl,8,4,32,36,36.0,40.0,5.651268482208252,5.57908821105957,0.07218027114868164
s_fish_700,resnet50_geirhos_tl,8,4,32,40,36.0,44.0,5.651268482208252,5.566354751586914,0.08491373062133789
s_fish_700,resnet50_geirhos_tl,8,4,32,44,36.0,48.0,5.651268482208252,5.580478668212891,0.07078981399536133
s_fish_700,resnet50_geirhos_tl,8,4,32,48,36.0,52.0,5.651268482208252,5.557833194732666,0.09343528747558594
s_fish_700,resnet50_geirhos_tl,8,4,32,52,36.0,56.0,5.651268482208252,5.5747857093811035,0.07648277282714844
s_fish_700,resnet50_geirhos_tl,8,4,32,56,36.0,60.0,5.651268482208252,5.59807825088501,0.05319023132324219
s_fish_700,resnet50_geirhos_tl,8,4,32,60,36.0,64.0,5.651268482208252,5.574156761169434,0.07711172103881836
s_fish_700,resnet50_geirhos_tl,8,4,32,64,36.0,68.0,5.651268482208252,5.6302170753479,0.021051406860351562
s_fish_700,resnet50_geirhos_tl,8,4,32,68,36.0,72.0,5.651268482208252,5.608969688415527,0.04229879379272461
s_fish_700,resnet50_geirhos_tl,8,4,32,72,36.0,76.0,5.651268482208252,5.576488494873047,0.07477998733520508
s_fish_700,resnet50_geirhos_tl,8,4,32,76,36.0,80.0,5.651268482208252,5.27402400970459,0.3772444725036621
s_fish_700,resnet50_geirhos_tl,8,4,32,80,36.0,84.0,5.651268482208252,5.313383102416992,0.33788537979125977
s_fish_700,resnet50_geirhos_tl,8,4,32,84,36.0,88.0,5.651268482208252,5.367337226867676,0.28393125534057617
s_fish_700,resnet50_geirhos_tl,8,4,32,88,36.0,92.0,5.651268482208252,5.5196709632873535,0.13159751892089844
s_fish_700,resnet50_geirhos_tl,8,4,32,92,36.0,96.0,5.651268482208252,5.560386657714844,0.0908818244934082
s_fish_700,resnet50_geirhos_tl,8,4,32,96,36.0,100.0,5.651268482208252,5.629161357879639,0.02210712432861328
s_fish_700,resnet50_geirhos_tl,8,4,32,100,36.0,104.0,5.651268482208252,5.669208526611328,-0.017940044403076172
s_fish_700,resnet50_geirhos_tl,8,4,32,104,36.0,108.0,5.651268482208252,5.613574028015137,0.037694454193115234
s_fish_700,resnet50_geirhos_tl,8,4,32,108,36.0,112.0,5.651268482208252,5.586311340332031,0.0649571418762207
s_fish_700,resnet50_geirhos_tl,8,4,32,112,36.0,116.0,5.651268482208252,5.511089324951172,0.14017915725708008
s_fish_700,resnet50_geirhos_tl,8,4,32,116,36.0,120.0,5.651268482208252,5.51940393447876,0.1318645477294922
s_fish_700,resnet50_geirhos_tl,8,4,32,120,36.0,124.0,5.651268482208252,5.5936279296875,0.05764055252075195
s_fish_700,resnet50_geirhos_tl,8,4,32,124,36.0,128.0,5.651268482208252,5.6624064445495605,-0.011137962341308594
s_fish_700,resnet50_geirhos_tl,8,4,32,128,36.0,132.0,5.651268482208252,5.760718822479248,-0.1094503402709961
s_fish_700,resnet50_geirhos_tl,8,4,32,132,36.0,136.0,5.651268482208252,5.781371116638184,-0.13010263442993164
s_fish_700,resnet50_geirhos_tl,8,4,32,136,36.0,140.0,5.651268482208252,5.761654376983643,-0.11038589477539062
s_fish_700,resnet50_geirhos_tl,8,4,32,140,36.0,144.0,5.651268482208252,5.820534706115723,-0.1692662239074707
s_fish_700,resnet50_geirhos_tl,8,4,32,144,36.0,148.0,5.651268482208252,5.84775447845459,-0.1964859962463379
s_fish_700,resnet50_geirhos_tl,8,4,32,148,36.0,152.0,5.651268482208252,5.790861129760742,-0.13959264755249023
s_fish_700,resnet50_geirhos_tl,8,4,32,152,36.0,156.0,5.651268482208252,5.752027988433838,-0.10075950622558594
s_fish_700,resnet50_geirhos_tl,8,4,32,156,36.0,160.0,5.651268482208252,5.700756072998047,-0.04948759078979492
s_fish_700,resnet50_geirhos_tl,8,4,32,160,36.0,164.0,5.651268482208252,5.812012195587158,-0.16074371337890625
s_fish_700,resnet50_geirhos_tl,8,4,32,164,36.0,168.0,5.651268482208252,5.816375255584717,-0.16510677337646484
s_fish_700,resnet50_geirhos_tl,8,4,32,168,36.0,172.0,5.651268482208252,5.860755920410156,-0.2094874382019043
s_fish_700,resnet50_geirhos_tl,8,4,32,172,36.0,176.0,5.651268482208252,5.785994529724121,-0.13472604751586914
s_fish_700,resnet50_geirhos_tl,8,4,32,176,36.0,180.0,5.651268482208252,5.803343772888184,-0.15207529067993164
s_fish_700,resnet50_geirhos_tl,8,4,32,180,36.0,184.0,5.651268482208252,5.773430824279785,-0.1221623420715332
s_fish_700,resnet50_geirhos_tl,8,4,32,184,36.0,188.0,5.651268482208252,5.781664848327637,-0.13039636611938477
s_fish_700,resnet50_geirhos_tl,8,4,32,188,36.0,192.0,5.651268482208252,5.695377349853516,-0.04410886764526367
s_fish_700,resnet50_geirhos_tl,8,4,32,192,36.0,196.0,5.651268482208252,5.6724748611450195,-0.021206378936767578
s_fish_700,resnet50_geirhos_tl,8,4,32,196,36.0,200.0,5.651268482208252,5.659798622131348,-0.008530139923095703
s_fish_700,resnet50_geirhos_tl,8,4,32,200,36.0,204.0,5.651268482208252,5.644547939300537,0.006720542907714844
s_fish_700,resnet50_geirhos_tl,8,4,32,204,36.0,208.0,5.651268482208252,5.635018825531006,0.016249656677246094
s_fish_700,resnet50_geirhos_tl,8,4,32,208,36.0,212.0,5.651268482208252,5.613945960998535,0.0373225212097168
s_fish_700,resnet50_geirhos_tl,8,4,32,212,36.0,216.0,5.651268482208252,5.632282733917236,0.018985748291015625
s_fish_700,resnet50_geirhos_tl,8,4,32,216,36.0,220.0,5.651268482208252,5.611910343170166,0.03935813903808594
s_fish_700,resnet50_geirhos_tl,8,4,36,0,40.0,4.0,5.651268482208252,5.4444580078125,0.20681047439575195
s_fish_700,resnet50_geirhos_tl,8,4,36,4,40.0,8.0,5.651268482208252,5.4371442794799805,0.21412420272827148
s_fish_700,resnet50_geirhos_tl,8,4,36,8,40.0,12.0,5.651268482208252,5.440344333648682,0.2109241485595703
s_fish_700,resnet50_geirhos_tl,8,4,36,12,40.0,16.0,5.651268482208252,5.465838432312012,0.18543004989624023
s_fish_700,resnet50_geirhos_tl,8,4,36,16,40.0,20.0,5.651268482208252,5.498566150665283,0.15270233154296875
s_fish_700,resnet50_geirhos_tl,8,4,36,20,40.0,24.0,5.651268482208252,5.532430171966553,0.11883831024169922
s_fish_700,resnet50_geirhos_tl,8,4,36,24,40.0,28.0,5.651268482208252,5.546385765075684,0.10488271713256836
s_fish_700,resnet50_geirhos_tl,8,4,36,28,40.0,32.0,5.651268482208252,5.551736831665039,0.09953165054321289
s_fish_700,resnet50_geirhos_tl,8,4,36,32,40.0,36.0,5.651268482208252,5.523235321044922,0.12803316116333008
s_fish_700,resnet50_geirhos_tl,8,4,36,36,40.0,40.0,5.651268482208252,5.521247863769531,0.1300206184387207
s_fish_700,resnet50_geirhos_tl,8,4,36,40,40.0,44.0,5.651268482208252,5.524352073669434,0.12691640853881836
s_fish_700,resnet50_geirhos_tl,8,4,36,44,40.0,48.0,5.651268482208252,5.562203407287598,0.0890650749206543
s_fish_700,resnet50_geirhos_tl,8,4,36,48,40.0,52.0,5.651268482208252,5.522449970245361,0.12881851196289062
s_fish_700,resnet50_geirhos_tl,8,4,36,52,40.0,56.0,5.651268482208252,5.558561325073242,0.09270715713500977
s_fish_700,resnet50_geirhos_tl,8,4,36,56,40.0,60.0,5.651268482208252,5.5208868980407715,0.13038158416748047
s_fish_700,resnet50_geirhos_tl,8,4,36,60,40.0,64.0,5.651268482208252,5.566775321960449,0.08449316024780273
s_fish_700,resnet50_geirhos_tl,8,4,36,64,40.0,68.0,5.651268482208252,5.6056365966796875,0.04563188552856445
s_fish_700,resnet50_geirhos_tl,8,4,36,68,40.0,72.0,5.651268482208252,5.6930975914001465,-0.04182910919189453
s_fish_700,resnet50_geirhos_tl,8,4,36,72,40.0,76.0,5.651268482208252,5.3580169677734375,0.29325151443481445
s_fish_700,resnet50_geirhos_tl,8,4,36,76,40.0,80.0,5.651268482208252,5.262202262878418,0.389066219329834
s_fish_700,resnet50_geirhos_tl,8,4,36,80,40.0,84.0,5.651268482208252,5.2230377197265625,0.42823076248168945
s_fish_700,resnet50_geirhos_tl,8,4,36,84,40.0,88.0,5.651268482208252,5.330260276794434,0.32100820541381836
s_fish_700,resnet50_geirhos_tl,8,4,36,88,40.0,92.0,5.651268482208252,5.339463233947754,0.31180524826049805
s_fish_700,resnet50_geirhos_tl,8,4,36,92,40.0,96.0,5.651268482208252,5.4708333015441895,0.1804351806640625
s_fish_700,resnet50_geirhos_tl,8,4,36,96,40.0,100.0,5.651268482208252,5.589087009429932,0.06218147277832031
s_fish_700,resnet50_geirhos_tl,8,4,36,100,40.0,104.0,5.651268482208252,5.624077796936035,0.027190685272216797
s_fish_700,resnet50_geirhos_tl,8,4,36,104,40.0,108.0,5.651268482208252,5.6607584953308105,-0.009490013122558594
s_fish_700,resnet50_geirhos_tl,8,4,36,108,40.0,112.0,5.651268482208252,5.539852142333984,0.11141633987426758
s_fish_700,resnet50_geirhos_tl,8,4,36,112,40.0,116.0,5.651268482208252,5.565455913543701,0.08581256866455078
s_fish_700,resnet50_geirhos_tl,8,4,36,116,40.0,120.0,5.651268482208252,5.617838382720947,0.03343009948730469
s_fish_700,resnet50_geirhos_tl,8,4,36,120,40.0,124.0,5.651268482208252,5.688110828399658,-0.03684234619140625
s_fish_700,resnet50_geirhos_tl,8,4,36,124,40.0,128.0,5.651268482208252,5.633430004119873,0.017838478088378906
s_fish_700,resnet50_geirhos_tl,8,4,36,128,40.0,132.0,5.651268482208252,5.7242326736450195,-0.07296419143676758
s_fish_700,resnet50_geirhos_tl,8,4,36,132,40.0,136.0,5.651268482208252,5.532611846923828,0.11865663528442383
s_fish_700,resnet50_geirhos_tl,8,4,36,136,40.0,140.0,5.651268482208252,5.684562683105469,-0.0332942008972168
s_fish_700,resnet50_geirhos_tl,8,4,36,140,40.0,144.0,5.651268482208252,5.701780319213867,-0.050511837005615234
s_fish_700,resnet50_geirhos_tl,8,4,36,144,40.0,148.0,5.651268482208252,5.840229034423828,-0.18896055221557617
s_fish_700,resnet50_geirhos_tl,8,4,36,148,40.0,152.0,5.651268482208252,5.795109748840332,-0.14384126663208008
s_fish_700,resnet50_geirhos_tl,8,4,36,152,40.0,156.0,5.651268482208252,5.761054039001465,-0.10978555679321289
s_fish_700,resnet50_geirhos_tl,8,4,36,156,40.0,160.0,5.651268482208252,5.7065043449401855,-0.055235862731933594
s_fish_700,resnet50_geirhos_tl,8,4,36,160,40.0,164.0,5.651268482208252,5.7787957191467285,-0.12752723693847656
s_fish_700,resnet50_geirhos_tl,8,4,36,164,40.0,168.0,5.651268482208252,5.812735557556152,-0.1614670753479004
s_fish_700,resnet50_geirhos_tl,8,4,36,168,40.0,172.0,5.651268482208252,5.7846574783325195,-0.13338899612426758
s_fish_700,resnet50_geirhos_tl,8,4,36,172,40.0,176.0,5.651268482208252,5.754079341888428,-0.10281085968017578
s_fish_700,resnet50_geirhos_tl,8,4,36,176,40.0,180.0,5.651268482208252,5.721269130706787,-0.07000064849853516
s_fish_700,resnet50_geirhos_tl,8,4,36,180,40.0,184.0,5.651268482208252,5.737592697143555,-0.08632421493530273
s_fish_700,resnet50_geirhos_tl,8,4,36,184,40.0,188.0,5.651268482208252,5.745588779449463,-0.09432029724121094
s_fish_700,resnet50_geirhos_tl,8,4,36,188,40.0,192.0,5.651268482208252,5.7195587158203125,-0.06829023361206055
s_fish_700,resnet50_geirhos_tl,8,4,36,192,40.0,196.0,5.651268482208252,5.677792072296143,-0.026523590087890625
s_fish_700,resnet50_geirhos_tl,8,4,36,196,40.0,200.0,5.651268482208252,5.670050144195557,-0.018781661987304688
s_fish_700,resnet50_geirhos_tl,8,4,36,200,40.0,204.0,5.651268482208252,5.664473533630371,-0.01320505142211914
s_fish_700,resnet50_geirhos_tl,8,4,36,204,40.0,208.0,5.651268482208252,5.637185573577881,0.014082908630371094
s_fish_700,resnet50_geirhos_tl,8,4,36,208,40.0,212.0,5.651268482208252,5.589863300323486,0.061405181884765625
s_fish_700,resnet50_geirhos_tl,8,4,36,212,40.0,216.0,5.651268482208252,5.6233134269714355,0.027955055236816406
s_fish_700,resnet50_geirhos_tl,8,4,36,216,40.0,220.0,5.651268482208252,5.633703231811523,0.017565250396728516
s_fish_700,resnet50_geirhos_tl,8,4,40,0,44.0,4.0,5.651268482208252,5.411340236663818,0.2399282455444336
s_fish_700,resnet50_geirhos_tl,8,4,40,4,44.0,8.0,5.651268482208252,5.387622833251953,0.26364564895629883
s_fish_700,resnet50_geirhos_tl,8,4,40,8,44.0,12.0,5.651268482208252,5.389340400695801,0.26192808151245117
s_fish_700,resnet50_geirhos_tl,8,4,40,12,44.0,16.0,5.651268482208252,5.4551849365234375,0.19608354568481445
s_fish_700,resnet50_geirhos_tl,8,4,40,16,44.0,20.0,5.651268482208252,5.455850124359131,0.1954183578491211
s_fish_700,resnet50_geirhos_tl,8,4,40,20,44.0,24.0,5.651268482208252,5.498237133026123,0.1530313491821289
s_fish_700,resnet50_geirhos_tl,8,4,40,24,44.0,28.0,5.651268482208252,5.511413097381592,0.13985538482666016
s_fish_700,resnet50_geirhos_tl,8,4,40,28,44.0,32.0,5.651268482208252,5.506361961364746,0.14490652084350586
s_fish_700,resnet50_geirhos_tl,8,4,40,32,44.0,36.0,5.651268482208252,5.482562065124512,0.16870641708374023
s_fish_700,resnet50_geirhos_tl,8,4,40,36,44.0,40.0,5.651268482208252,5.498570442199707,0.15269804000854492
s_fish_700,resnet50_geirhos_tl,8,4,40,40,44.0,44.0,5.651268482208252,5.528770446777344,0.1224980354309082
s_fish_700,resnet50_geirhos_tl,8,4,40,44,44.0,48.0,5.651268482208252,5.540610313415527,0.11065816879272461
s_fish_700,resnet50_geirhos_tl,8,4,40,48,44.0,52.0,5.651268482208252,5.495042324066162,0.15622615814208984
s_fish_700,resnet50_geirhos_tl,8,4,40,52,44.0,56.0,5.651268482208252,5.533665180206299,0.11760330200195312
s_fish_700,resnet50_geirhos_tl,8,4,40,56,44.0,60.0,5.651268482208252,5.499660015106201,0.15160846710205078
s_fish_700,resnet50_geirhos_tl,8,4,40,60,44.0,64.0,5.651268482208252,5.495212078094482,0.15605640411376953
s_fish_700,resnet50_geirhos_tl,8,4,40,64,44.0,68.0,5.651268482208252,5.534446716308594,0.1168217658996582
s_fish_700,resnet50_geirhos_tl,8,4,40,68,44.0,72.0,5.651268482208252,5.642776012420654,0.008492469787597656
s_fish_700,resnet50_geirhos_tl,8,4,40,72,44.0,76.0,5.651268482208252,5.220031261444092,0.43123722076416016
s_fish_700,resnet50_geirhos_tl,8,4,40,76,44.0,80.0,5.651268482208252,5.097537517547607,0.5537309646606445
s_fish_700,resnet50_geirhos_tl,8,4,40,80,44.0,84.0,5.651268482208252,5.3778157234191895,0.2734527587890625
s_fish_700,resnet50_geirhos_tl,8,4,40,84,44.0,88.0,5.651268482208252,5.311143398284912,0.34012508392333984
s_fish_700,resnet50_geirhos_tl,8,4,40,88,44.0,92.0,5.651268482208252,5.290328025817871,0.36094045639038086
s_fish_700,resnet50_geirhos_tl,8,4,40,92,44.0,96.0,5.651268482208252,5.442559719085693,0.2087087631225586
s_fish_700,resnet50_geirhos_tl,8,4,40,96,44.0,100.0,5.651268482208252,5.533912181854248,0.1173563003540039
s_fish_700,resnet50_geirhos_tl,8,4,40,100,44.0,104.0,5.651268482208252,5.538825511932373,0.1124429702758789
s_fish_700,resnet50_geirhos_tl,8,4,40,104,44.0,108.0,5.651268482208252,5.58399772644043,0.06727075576782227
s_fish_700,resnet50_geirhos_tl,8,4,40,108,44.0,112.0,5.651268482208252,5.519437313079834,0.13183116912841797
s_fish_700,resnet50_geirhos_tl,8,4,40,112,44.0,116.0,5.651268482208252,5.561676979064941,0.08959150314331055
s_fish_700,resnet50_geirhos_tl,8,4,40,116,44.0,120.0,5.651268482208252,5.621042251586914,0.03022623062133789
s_fish_700,resnet50_geirhos_tl,8,4,40,120,44.0,124.0,5.651268482208252,5.570394039154053,0.08087444305419922
s_fish_700,resnet50_geirhos_tl,8,4,40,124,44.0,128.0,5.651268482208252,5.5529632568359375,0.09830522537231445
s_fish_700,resnet50_geirhos_tl,8,4,40,128,44.0,132.0,5.651268482208252,5.57431697845459,0.07695150375366211
s_fish_700,resnet50_geirhos_tl,8,4,40,132,44.0,136.0,5.651268482208252,5.651394367218018,-0.000125885009765625
s_fish_700,resnet50_geirhos_tl,8,4,40,136,44.0,140.0,5.651268482208252,5.792332172393799,-0.14106369018554688
s_fish_700,resnet50_geirhos_tl,8,4,40,140,44.0,144.0,5.651268482208252,5.768386363983154,-0.11711788177490234
s_fish_700,resnet50_geirhos_tl,8,4,40,144,44.0,148.0,5.651268482208252,5.8166680335998535,-0.16539955139160156
s_fish_700,resnet50_geirhos_tl,8,4,40,148,44.0,152.0,5.651268482208252,5.780396938323975,-0.12912845611572266
s_fish_700,resnet50_geirhos_tl,8,4,40,152,44.0,156.0,5.651268482208252,5.831906795501709,-0.18063831329345703
s_fish_700,resnet50_geirhos_tl,8,4,40,156,44.0,160.0,5.651268482208252,5.729485988616943,-0.0782175064086914
s_fish_700,resnet50_geirhos_tl,8,4,40,160,44.0,164.0,5.651268482208252,5.850842475891113,-0.19957399368286133
s_fish_700,resnet50_geirhos_tl,8,4,40,164,44.0,168.0,5.651268482208252,5.8737993240356445,-0.22253084182739258
s_fish_700,resnet50_geirhos_tl,8,4,40,168,44.0,172.0,5.651268482208252,5.862150192260742,-0.21088171005249023
s_fish_700,resnet50_geirhos_tl,8,4,40,172,44.0,176.0,5.651268482208252,5.714661598205566,-0.06339311599731445
s_fish_700,resnet50_geirhos_tl,8,4,40,176,44.0,180.0,5.651268482208252,5.6949028968811035,-0.04363441467285156
s_fish_700,resnet50_geirhos_tl,8,4,40,180,44.0,184.0,5.651268482208252,5.688932418823242,-0.037663936614990234
s_fish_700,resnet50_geirhos_tl,8,4,40,184,44.0,188.0,5.651268482208252,5.710716724395752,-0.0594482421875
s_fish_700,resnet50_geirhos_tl,8,4,40,188,44.0,192.0,5.651268482208252,5.692539691925049,-0.041271209716796875
s_fish_700,resnet50_geirhos_tl,8,4,40,192,44.0,196.0,5.651268482208252,5.647183895111084,0.004084587097167969
s_fish_700,resnet50_geirhos_tl,8,4,40,196,44.0,200.0,5.651268482208252,5.632613658905029,0.018654823303222656
s_fish_700,resnet50_geirhos_tl,8,4,40,200,44.0,204.0,5.651268482208252,5.62416410446167,0.02710437774658203
s_fish_700,resnet50_geirhos_tl,8,4,40,204,44.0,208.0,5.651268482208252,5.60855770111084,0.04271078109741211
s_fish_700,resnet50_geirhos_tl,8,4,40,208,44.0,212.0,5.651268482208252,5.569594383239746,0.08167409896850586
s_fish_700,resnet50_geirhos_tl,8,4,40,212,44.0,216.0,5.651268482208252,5.614624977111816,0.03664350509643555
s_fish_700,resnet50_geirhos_tl,8,4,40,216,44.0,220.0,5.651268482208252,5.616940498352051,0.03432798385620117
s_fish_700,resnet50_geirhos_tl,8,4,44,0,48.0,4.0,5.651268482208252,5.44216775894165,0.20910072326660156
s_fish_700,resnet50_geirhos_tl,8,4,44,4,48.0,8.0,5.651268482208252,5.398610591888428,0.2526578903198242
s_fish_700,resnet50_geirhos_tl,8,4,44,8,48.0,12.0,5.651268482208252,5.403088569641113,0.24817991256713867
s_fish_700,resnet50_geirhos_tl,8,4,44,12,48.0,16.0,5.651268482208252,5.442116737365723,0.2091517448425293
s_fish_700,resnet50_geirhos_tl,8,4,44,16,48.0,20.0,5.651268482208252,5.461089611053467,0.19017887115478516
s_fish_700,resnet50_geirhos_tl,8,4,44,20,48.0,24.0,5.651268482208252,5.459939479827881,0.1913290023803711
s_fish_700,resnet50_geirhos_tl,8,4,44,24,48.0,28.0,5.651268482208252,5.490479946136475,0.16078853607177734
s_fish_700,resnet50_geirhos_tl,8,4,44,28,48.0,32.0,5.651268482208252,5.493247985839844,0.1580204963684082
s_fish_700,resnet50_geirhos_tl,8,4,44,32,48.0,36.0,5.651268482208252,5.4678053855896,0.18346309661865234
s_fish_700,resnet50_geirhos_tl,8,4,44,36,48.0,40.0,5.651268482208252,5.471071243286133,0.18019723892211914
s_fish_700,resnet50_geirhos_tl,8,4,44,40,48.0,44.0,5.651268482208252,5.492760181427002,0.15850830078125
s_fish_700,resnet50_geirhos_tl,8,4,44,44,48.0,48.0,5.651268482208252,5.523340702056885,0.1279277801513672
s_fish_700,resnet50_geirhos_tl,8,4,44,48,48.0,52.0,5.651268482208252,5.502390384674072,0.1488780975341797
s_fish_700,resnet50_geirhos_tl,8,4,44,52,48.0,56.0,5.651268482208252,5.536299228668213,0.11496925354003906
s_fish_700,resnet50_geirhos_tl,8,4,44,56,48.0,60.0,5.651268482208252,5.4943718910217285,0.15689659118652344
s_fish_700,resnet50_geirhos_tl,8,4,44,60,48.0,64.0,5.651268482208252,5.467566967010498,0.1837015151977539
s_fish_700,resnet50_geirhos_tl,8,4,44,64,48.0,68.0,5.651268482208252,5.603756904602051,0.04751157760620117
s_fish_700,resnet50_geirhos_tl,8,4,44,68,48.0,72.0,5.651268482208252,5.502905368804932,0.1483631134033203
s_fish_700,resnet50_geirhos_tl,8,4,44,72,48.0,76.0,5.651268482208252,5.259635925292969,0.3916325569152832
s_fish_700,resnet50_geirhos_tl,8,4,44,76,48.0,80.0,5.651268482208252,5.178775787353516,0.47249269485473633
s_fish_700,resnet50_geirhos_tl,8,4,44,80,48.0,84.0,5.651268482208252,5.162143230438232,0.48912525177001953
s_fish_700,resnet50_geirhos_tl,8,4,44,84,48.0,88.0,5.651268482208252,5.298734664916992,0.35253381729125977
s_fish_700,resnet50_geirhos_tl,8,4,44,88,48.0,92.0,5.651268482208252,5.17099666595459,0.4802718162536621
s_fish_700,resnet50_geirhos_tl,8,4,44,92,48.0,96.0,5.651268482208252,5.596385955810547,0.05488252639770508
s_fish_700,resnet50_geirhos_tl,8,4,44,96,48.0,100.0,5.651268482208252,5.5689873695373535,0.08228111267089844
s_fish_700,resnet50_geirhos_tl,8,4,44,100,48.0,104.0,5.651268482208252,5.5297322273254395,0.1215362548828125
s_fish_700,resnet50_geirhos_tl,8,4,44,104,48.0,108.0,5.651268482208252,5.619011402130127,0.032257080078125
s_fish_700,resnet50_geirhos_tl,8,4,44,108,48.0,112.0,5.651268482208252,5.569093704223633,0.08217477798461914
s_fish_700,resnet50_geirhos_tl,8,4,44,112,48.0,116.0,5.651268482208252,5.651600360870361,-0.000331878662109375
s_fish_700,resnet50_geirhos_tl,8,4,44,116,48.0,120.0,5.651268482208252,5.644697189331055,0.006571292877197266
s_fish_700,resnet50_geirhos_tl,8,4,44,120,48.0,124.0,5.651268482208252,5.688814640045166,-0.03754615783691406
s_fish_700,resnet50_geirhos_tl,8,4,44,124,48.0,128.0,5.651268482208252,5.594732284545898,0.056536197662353516
s_fish_700,resnet50_geirhos_tl,8,4,44,128,48.0,132.0,5.651268482208252,5.585819244384766,0.06544923782348633
s_fish_700,resnet50_geirhos_tl,8,4,44,132,48.0,136.0,5.651268482208252,5.815812587738037,-0.16454410552978516
s_fish_700,resnet50_geirhos_tl,8,4,44,136,48.0,140.0,5.651268482208252,5.893124103546143,-0.24185562133789062
s_fish_700,resnet50_geirhos_tl,8,4,44,140,48.0,144.0,5.651268482208252,5.817808628082275,-0.16654014587402344
s_fish_700,resnet50_geirhos_tl,8,4,44,144,48.0,148.0,5.651268482208252,5.7198805809021,-0.06861209869384766
s_fish_700,resnet50_geirhos_tl,8,4,44,148,48.0,152.0,5.651268482208252,5.715452194213867,-0.06418371200561523
s_fish_700,resnet50_geirhos_tl,8,4,44,152,48.0,156.0,5.651268482208252,5.7685747146606445,-0.11730623245239258
s_fish_700,resnet50_geirhos_tl,8,4,44,156,48.0,160.0,5.651268482208252,5.684146881103516,-0.03287839889526367
s_fish_700,resnet50_geirhos_tl,8,4,44,160,48.0,164.0,5.651268482208252,5.7423787117004395,-0.0911102294921875
s_fish_700,resnet50_geirhos_tl,8,4,44,164,48.0,168.0,5.651268482208252,5.773580551147461,-0.12231206893920898
s_fish_700,resnet50_geirhos_tl,8,4,44,168,48.0,172.0,5.651268482208252,5.783664226531982,-0.13239574432373047
s_fish_700,resnet50_geirhos_tl,8,4,44,172,48.0,176.0,5.651268482208252,5.694800853729248,-0.043532371520996094
s_fish_700,resnet50_geirhos_tl,8,4,44,176,48.0,180.0,5.651268482208252,5.670750141143799,-0.019481658935546875
s_fish_700,resnet50_geirhos_tl,8,4,44,180,48.0,184.0,5.651268482208252,5.679147243499756,-0.027878761291503906
s_fish_700,resnet50_geirhos_tl,8,4,44,184,48.0,188.0,5.651268482208252,5.693944931030273,-0.042676448822021484
s_fish_700,resnet50_geirhos_tl,8,4,44,188,48.0,192.0,5.651268482208252,5.762572288513184,-0.11130380630493164
s_fish_700,resnet50_geirhos_tl,8,4,44,192,48.0,196.0,5.651268482208252,5.682275295257568,-0.031006813049316406
s_fish_700,resnet50_geirhos_tl,8,4,44,196,48.0,200.0,5.651268482208252,5.672738075256348,-0.021469593048095703
s_fish_700,resnet50_geirhos_tl,8,4,44,200,48.0,204.0,5.651268482208252,5.6536545753479,-0.0023860931396484375
s_fish_700,resnet50_geirhos_tl,8,4,44,204,48.0,208.0,5.651268482208252,5.6035356521606445,0.04773283004760742
s_fish_700,resnet50_geirhos_tl,8,4,44,208,48.0,212.0,5.651268482208252,5.552016735076904,0.09925174713134766
s_fish_700,resnet50_geirhos_tl,8,4,44,212,48.0,216.0,5.651268482208252,5.60317850112915,0.04808998107910156
s_fish_700,resnet50_geirhos_tl,8,4,44,216,48.0,220.0,5.651268482208252,5.613650798797607,0.03761768341064453
s_fish_700,resnet50_geirhos_tl,8,4,48,0,52.0,4.0,5.651268482208252,5.44764518737793,0.20362329483032227
s_fish_700,resnet50_geirhos_tl,8,4,48,4,52.0,8.0,5.651268482208252,5.416591644287109,0.23467683792114258
s_fish_700,resnet50_geirhos_tl,8,4,48,8,52.0,12.0,5.651268482208252,5.367984294891357,0.28328418731689453
s_fish_700,resnet50_geirhos_tl,8,4,48,12,52.0,16.0,5.651268482208252,5.393357753753662,0.25791072845458984
s_fish_700,resnet50_geirhos_tl,8,4,48,16,52.0,20.0,5.651268482208252,5.401615142822266,0.24965333938598633
s_fish_700,resnet50_geirhos_tl,8,4,48,20,52.0,24.0,5.651268482208252,5.445926666259766,0.20534181594848633
s_fish_700,resnet50_geirhos_tl,8,4,48,24,52.0,28.0,5.651268482208252,5.457220077514648,0.19404840469360352
s_fish_700,resnet50_geirhos_tl,8,4,48,28,52.0,32.0,5.651268482208252,5.469786643981934,0.18148183822631836
s_fish_700,resnet50_geirhos_tl,8,4,48,32,52.0,36.0,5.651268482208252,5.448590278625488,0.20267820358276367
s_fish_700,resnet50_geirhos_tl,8,4,48,36,52.0,40.0,5.651268482208252,5.488840103149414,0.1624283790588379
s_fish_700,resnet50_geirhos_tl,8,4,48,40,52.0,44.0,5.651268482208252,5.464218616485596,0.18704986572265625
s_fish_700,resnet50_geirhos_tl,8,4,48,44,52.0,48.0,5.651268482208252,5.495558261871338,0.15571022033691406
s_fish_700,resnet50_geirhos_tl,8,4,48,48,52.0,52.0,5.651268482208252,5.4551777839660645,0.1960906982421875
s_fish_700,resnet50_geirhos_tl,8,4,48,52,52.0,56.0,5.651268482208252,5.478621482849121,0.17264699935913086
s_fish_700,resnet50_geirhos_tl,8,4,48,56,52.0,60.0,5.651268482208252,5.489283561706543,0.16198492050170898
s_fish_700,resnet50_geirhos_tl,8,4,48,60,52.0,64.0,5.651268482208252,5.4782514572143555,0.17301702499389648
s_fish_700,resnet50_geirhos_tl,8,4,48,64,52.0,68.0,5.651268482208252,5.630710601806641,0.020557880401611328
s_fish_700,resnet50_geirhos_tl,8,4,48,68,52.0,72.0,5.651268482208252,5.594133377075195,0.05713510513305664
s_fish_700,resnet50_geirhos_tl,8,4,48,72,52.0,76.0,5.651268482208252,5.44542932510376,0.2058391571044922
s_fish_700,resnet50_geirhos_tl,8,4,48,76,52.0,80.0,5.651268482208252,5.432061195373535,0.2192072868347168
s_fish_700,resnet50_geirhos_tl,8,4,48,80,52.0,84.0,5.651268482208252,5.422511577606201,0.22875690460205078
s_fish_700,resnet50_geirhos_tl,8,4,48,84,52.0,88.0,5.651268482208252,5.390580177307129,0.26068830490112305
s_fish_700,resnet50_geirhos_tl,8,4,48,88,52.0,92.0,5.651268482208252,5.267592430114746,0.38367605209350586
s_fish_700,resnet50_geirhos_tl,8,4,48,92,52.0,96.0,5.651268482208252,5.410990238189697,0.2402782440185547
s_fish_700,resnet50_geirhos_tl,8,4,48,96,52.0,100.0,5.651268482208252,5.463919162750244,0.1873493194580078
s_fish_700,resnet50_geirhos_tl,8,4,48,100,52.0,104.0,5.651268482208252,5.5225677490234375,0.12870073318481445
s_fish_700,resnet50_geirhos_tl,8,4,48,104,52.0,108.0,5.651268482208252,5.476871490478516,0.17439699172973633
s_fish_700,resnet50_geirhos_tl,8,4,48,108,52.0,112.0,5.651268482208252,5.575346946716309,0.07592153549194336
s_fish_700,resnet50_geirhos_tl,8,4,48,112,52.0,116.0,5.651268482208252,5.568327903747559,0.08294057846069336
s_fish_700,resnet50_geirhos_tl,8,4,48,116,52.0,120.0,5.651268482208252,5.604259014129639,0.04700946807861328
s_fish_700,resnet50_geirhos_tl,8,4,48,120,52.0,124.0,5.651268482208252,5.687427997589111,-0.036159515380859375
s_fish_700,resnet50_geirhos_tl,8,4,48,124,52.0,128.0,5.651268482208252,5.451501369476318,0.1997671127319336
s_fish_700,resnet50_geirhos_tl,8,4,48,128,52.0,132.0,5.651268482208252,5.709542751312256,-0.058274269104003906
s_fish_700,resnet50_geirhos_tl,8,4,48,132,52.0,136.0,5.651268482208252,5.76945686340332,-0.11818838119506836
s_fish_700,resnet50_geirhos_tl,8,4,48,136,52.0,140.0,5.651268482208252,5.869165897369385,-0.2178974151611328
s_fish_700,resnet50_geirhos_tl,8,4,48,140,52.0,144.0,5.651268482208252,5.770671367645264,-0.11940288543701172
s_fish_700,resnet50_geirhos_tl,8,4,48,144,52.0,148.0,5.651268482208252,5.678610801696777,-0.02734231948852539
s_fish_700,resnet50_geirhos_tl,8,4,48,148,52.0,152.0,5.651268482208252,5.655831336975098,-0.004562854766845703
s_fish_700,resnet50_geirhos_tl,8,4,48,152,52.0,156.0,5.651268482208252,5.7294182777404785,-0.07814979553222656
s_fish_700,resnet50_geirhos_tl,8,4,48,156,52.0,160.0,5.651268482208252,5.679518699645996,-0.02825021743774414
s_fish_700,resnet50_geirhos_tl,8,4,48,160,52.0,164.0,5.651268482208252,5.796154022216797,-0.14488554000854492
s_fish_700,resnet50_geirhos_tl,8,4,48,164,52.0,168.0,5.651268482208252,5.756137847900391,-0.10486936569213867
s_fish_700,resnet50_geirhos_tl,8,4,48,168,52.0,172.0,5.651268482208252,5.856112957000732,-0.20484447479248047
s_fish_700,resnet50_geirhos_tl,8,4,48,172,52.0,176.0,5.651268482208252,5.70319938659668,-0.051930904388427734
s_fish_700,resnet50_geirhos_tl,8,4,48,176,52.0,180.0,5.651268482208252,5.664403915405273,-0.013135433197021484
s_fish_700,resnet50_geirhos_tl,8,4,48,180,52.0,184.0,5.651268482208252,5.675044059753418,-0.023775577545166016
s_fish_700,resnet50_geirhos_tl,8,4,48,184,52.0,188.0,5.651268482208252,5.728368759155273,-0.07710027694702148
s_fish_700,resnet50_geirhos_tl,8,4,48,188,52.0,192.0,5.651268482208252,5.744694232940674,-0.09342575073242188
s_fish_700,resnet50_geirhos_tl,8,4,48,192,52.0,196.0,5.651268482208252,5.690971374511719,-0.0397028923034668
s_fish_700,resnet50_geirhos_tl,8,4,48,196,52.0,200.0,5.651268482208252,5.65449857711792,-0.0032300949096679688
s_fish_700,resnet50_geirhos_tl,8,4,48,200,52.0,204.0,5.651268482208252,5.642751693725586,0.008516788482666016
s_fish_700,resnet50_geirhos_tl,8,4,48,204,52.0,208.0,5.651268482208252,5.578574180603027,0.07269430160522461
s_fish_700,resnet50_geirhos_tl,8,4,48,208,52.0,212.0,5.651268482208252,5.561283111572266,0.08998537063598633
s_fish_700,resnet50_geirhos_tl,8,4,48,212,52.0,216.0,5.651268482208252,5.5837082862854,0.06756019592285156
s_fish_700,resnet50_geirhos_tl,8,4,48,216,52.0,220.0,5.651268482208252,5.591776371002197,0.05949211120605469
s_fish_700,resnet50_geirhos_tl,8,4,52,0,56.0,4.0,5.651268482208252,5.5152082443237305,0.13606023788452148
s_fish_700,resnet50_geirhos_tl,8,4,52,4,56.0,8.0,5.651268482208252,5.42473840713501,0.2265300750732422
s_fish_700,resnet50_geirhos_tl,8,4,52,8,56.0,12.0,5.651268482208252,5.414572715759277,0.2366957664489746
s_fish_700,resnet50_geirhos_tl,8,4,52,12,56.0,16.0,5.651268482208252,5.396092414855957,0.2551760673522949
s_fish_700,resnet50_geirhos_tl,8,4,52,16,56.0,20.0,5.651268482208252,5.4262800216674805,0.22498846054077148
s_fish_700,resnet50_geirhos_tl,8,4,52,20,56.0,24.0,5.651268482208252,5.431835651397705,0.21943283081054688
s_fish_700,resnet50_geirhos_tl,8,4,52,24,56.0,28.0,5.651268482208252,5.479195594787598,0.1720728874206543
s_fish_700,resnet50_geirhos_tl,8,4,52,28,56.0,32.0,5.651268482208252,5.470396995544434,0.18087148666381836
s_fish_700,resnet50_geirhos_tl,8,4,52,32,56.0,36.0,5.651268482208252,5.423108100891113,0.22816038131713867
s_fish_700,resnet50_geirhos_tl,8,4,52,36,56.0,40.0,5.651268482208252,5.43678092956543,0.21448755264282227
s_fish_700,resnet50_geirhos_tl,8,4,52,40,56.0,44.0,5.651268482208252,5.446879863739014,0.20438861846923828
s_fish_700,resnet50_geirhos_tl,8,4,52,44,56.0,48.0,5.651268482208252,5.426803112030029,0.22446537017822266
s_fish_700,resnet50_geirhos_tl,8,4,52,48,56.0,52.0,5.651268482208252,5.3977952003479,0.25347328186035156
s_fish_700,resnet50_geirhos_tl,8,4,52,52,56.0,56.0,5.651268482208252,5.4251298904418945,0.22613859176635742
s_fish_700,resnet50_geirhos_tl,8,4,52,56,56.0,60.0,5.651268482208252,5.527973651885986,0.12329483032226562
s_fish_700,resnet50_geirhos_tl,8,4,52,60,56.0,64.0,5.651268482208252,5.50045919418335,0.15080928802490234
s_fish_700,resnet50_geirhos_tl,8,4,52,64,56.0,68.0,5.651268482208252,5.687308311462402,-0.03603982925415039
s_fish_700,resnet50_geirhos_tl,8,4,52,68,56.0,72.0,5.651268482208252,5.528924942016602,0.12234354019165039
s_fish_700,resnet50_geirhos_tl,8,4,52,72,56.0,76.0,5.651268482208252,5.452173709869385,0.1990947723388672
s_fish_700,resnet50_geirhos_tl,8,4,52,76,56.0,80.0,5.651268482208252,5.587890148162842,0.06337833404541016
s_fish_700,resnet50_geirhos_tl,8,4,52,80,56.0,84.0,5.651268482208252,5.429361343383789,0.2219071388244629
s_fish_700,resnet50_geirhos_tl,8,4,52,84,56.0,88.0,5.651268482208252,5.561922073364258,0.08934640884399414
s_fish_700,resnet50_geirhos_tl,8,4,52,88,56.0,92.0,5.651268482208252,5.437108516693115,0.21415996551513672
s_fish_700,resnet50_geirhos_tl,8,4,52,92,56.0,96.0,5.651268482208252,5.338174819946289,0.3130936622619629
s_fish_700,resnet50_geirhos_tl,8,4,52,96,56.0,100.0,5.651268482208252,5.498059272766113,0.15320920944213867
s_fish_700,resnet50_geirhos_tl,8,4,52,100,56.0,104.0,5.651268482208252,5.682392597198486,-0.031124114990234375
s_fish_700,resnet50_geirhos_tl,8,4,52,104,56.0,108.0,5.651268482208252,5.610004425048828,0.04126405715942383
s_fish_700,resnet50_geirhos_tl,8,4,52,108,56.0,112.0,5.651268482208252,5.6018781661987305,0.049390316009521484
s_fish_700,resnet50_geirhos_tl,8,4,52,112,56.0,116.0,5.651268482208252,5.674893856048584,-0.02362537384033203
s_fish_700,resnet50_geirhos_tl,8,4,52,116,56.0,120.0,5.651268482208252,5.706616401672363,-0.05534791946411133
s_fish_700,resnet50_geirhos_tl,8,4,52,120,56.0,124.0,5.651268482208252,5.5661301612854,0.08513832092285156
s_fish_700,resnet50_geirhos_tl,8,4,52,124,56.0,128.0,5.651268482208252,5.193924903869629,0.45734357833862305
s_fish_700,resnet50_geirhos_tl,8,4,52,128,56.0,132.0,5.651268482208252,5.6301140785217285,0.021154403686523438
s_fish_700,resnet50_geirhos_tl,8,4,52,132,56.0,136.0,5.651268482208252,5.891725540161133,-0.24045705795288086
s_fish_700,resnet50_geirhos_tl,8,4,52,136,56.0,140.0,5.651268482208252,5.871079444885254,-0.21981096267700195
s_fish_700,resnet50_geirhos_tl,8,4,52,140,56.0,144.0,5.651268482208252,5.818695068359375,-0.16742658615112305
s_fish_700,resnet50_geirhos_tl,8,4,52,144,56.0,148.0,5.651268482208252,5.702575206756592,-0.051306724548339844
s_fish_700,resnet50_geirhos_tl,8,4,52,148,56.0,152.0,5.651268482208252,5.69211483001709,-0.04084634780883789
s_fish_700,resnet50_geirhos_tl,8,4,52,152,56.0,156.0,5.651268482208252,5.698432922363281,-0.0471644401550293
s_fish_700,resnet50_geirhos_tl,8,4,52,156,56.0,160.0,5.651268482208252,5.646832466125488,0.004436016082763672
s_fish_700,resnet50_geirhos_tl,8,4,52,160,56.0,164.0,5.651268482208252,5.6485490798950195,0.002719402313232422
s_fish_700,resnet50_geirhos_tl,8,4,52,164,56.0,168.0,5.651268482208252,5.682690620422363,-0.03142213821411133
s_fish_700,resnet50_geirhos_tl,8,4,52,168,56.0,172.0,5.651268482208252,5.706295967102051,-0.05502748489379883
s_fish_700,resnet50_geirhos_tl,8,4,52,172,56.0,176.0,5.651268482208252,5.638039588928223,0.013228893280029297
s_fish_700,resnet50_geirhos_tl,8,4,52,176,56.0,180.0,5.651268482208252,5.580502986907959,0.07076549530029297
s_fish_700,resnet50_geirhos_tl,8,4,52,180,56.0,184.0,5.651268482208252,5.605330467224121,0.04593801498413086
s_fish_700,resnet50_geirhos_tl,8,4,52,184,56.0,188.0,5.651268482208252,5.661297798156738,-0.010029315948486328
s_fish_700,resnet50_geirhos_tl,8,4,52,188,56.0,192.0,5.651268482208252,5.730836868286133,-0.07956838607788086
s_fish_700,resnet50_geirhos_tl,8,4,52,192,56.0,196.0,5.651268482208252,5.682415962219238,-0.031147480010986328
s_fish_700,resnet50_geirhos_tl,8,4,52,196,56.0,200.0,5.651268482208252,5.6534247398376465,-0.0021562576293945312
s_fish_700,resnet50_geirhos_tl,8,4,52,200,56.0,204.0,5.651268482208252,5.6099066734313965,0.04136180877685547
s_fish_700,resnet50_geirhos_tl,8,4,52,204,56.0,208.0,5.651268482208252,5.553353786468506,0.0979146957397461
s_fish_700,resnet50_geirhos_tl,8,4,52,208,56.0,212.0,5.651268482208252,5.533632278442383,0.11763620376586914
s_fish_700,resnet50_geirhos_tl,8,4,52,212,56.0,216.0,5.651268482208252,5.5649495124816895,0.0863189697265625
s_fish_700,resnet50_geirhos_tl,8,4,52,216,56.0,220.0,5.651268482208252,5.6066694259643555,0.044599056243896484
s_fish_700,resnet50_geirhos_tl,8,4,56,0,60.0,4.0,5.651268482208252,5.461640357971191,0.18962812423706055
s_fish_700,resnet50_geirhos_tl,8,4,56,4,60.0,8.0,5.651268482208252,5.413743495941162,0.23752498626708984
s_fish_700,resnet50_geirhos_tl,8,4,56,8,60.0,12.0,5.651268482208252,5.413425922393799,0.23784255981445312
s_fish_700,resnet50_geirhos_tl,8,4,56,12,60.0,16.0,5.651268482208252,5.409595489501953,0.24167299270629883
s_fish_700,resnet50_geirhos_tl,8,4,56,16,60.0,20.0,5.651268482208252,5.411284446716309,0.23998403549194336
s_fish_700,resnet50_geirhos_tl,8,4,56,20,60.0,24.0,5.651268482208252,5.454085350036621,0.19718313217163086
s_fish_700,resnet50_geirhos_tl,8,4,56,24,60.0,28.0,5.651268482208252,5.512724876403809,0.13854360580444336
s_fish_700,resnet50_geirhos_tl,8,4,56,28,60.0,32.0,5.651268482208252,5.509984016418457,0.14128446578979492
s_fish_700,resnet50_geirhos_tl,8,4,56,32,60.0,36.0,5.651268482208252,5.460258960723877,0.191009521484375
s_fish_700,resnet50_geirhos_tl,8,4,56,36,60.0,40.0,5.651268482208252,5.4726691246032715,0.17859935760498047
s_fish_700,resnet50_geirhos_tl,8,4,56,40,60.0,44.0,5.651268482208252,5.461093425750732,0.19017505645751953
s_fish_700,resnet50_geirhos_tl,8,4,56,44,60.0,48.0,5.651268482208252,5.449362277984619,0.2019062042236328
s_fish_700,resnet50_geirhos_tl,8,4,56,48,60.0,52.0,5.651268482208252,5.421413421630859,0.22985506057739258
s_fish_700,resnet50_geirhos_tl,8,4,56,52,60.0,56.0,5.651268482208252,5.466011047363281,0.1852574348449707
s_fish_700,resnet50_geirhos_tl,8,4,56,56,60.0,60.0,5.651268482208252,5.532878875732422,0.11838960647583008
s_fish_700,resnet50_geirhos_tl,8,4,56,60,60.0,64.0,5.651268482208252,5.629211902618408,0.02205657958984375
s_fish_700,resnet50_geirhos_tl,8,4,56,64,60.0,68.0,5.651268482208252,5.664031505584717,-0.012763023376464844
s_fish_700,resnet50_geirhos_tl,8,4,56,68,60.0,72.0,5.651268482208252,5.504722595214844,0.1465458869934082
s_fish_700,resnet50_geirhos_tl,8,4,56,72,60.0,76.0,5.651268482208252,5.476585865020752,0.1746826171875
s_fish_700,resnet50_geirhos_tl,8,4,56,76,60.0,80.0,5.651268482208252,5.432397842407227,0.2188706398010254
s_fish_700,resnet50_geirhos_tl,8,4,56,80,60.0,84.0,5.651268482208252,5.466931343078613,0.18433713912963867
s_fish_700,resnet50_geirhos_tl,8,4,56,84,60.0,88.0,5.651268482208252,5.497942924499512,0.15332555770874023
s_fish_700,resnet50_geirhos_tl,8,4,56,88,60.0,92.0,5.651268482208252,5.578181266784668,0.07308721542358398
s_fish_700,resnet50_geirhos_tl,8,4,56,92,60.0,96.0,5.651268482208252,5.417617321014404,0.23365116119384766
s_fish_700,resnet50_geirhos_tl,8,4,56,96,60.0,100.0,5.651268482208252,5.516005992889404,0.13526248931884766
s_fish_700,resnet50_geirhos_tl,8,4,56,100,60.0,104.0,5.651268482208252,5.632493495941162,0.018774986267089844
s_fish_700,resnet50_geirhos_tl,8,4,56,104,60.0,108.0,5.651268482208252,5.5564117431640625,0.09485673904418945
s_fish_700,resnet50_geirhos_tl,8,4,56,108,60.0,112.0,5.651268482208252,5.621922492980957,0.029345989227294922
s_fish_700,resnet50_geirhos_tl,8,4,56,112,60.0,116.0,5.651268482208252,5.719632148742676,-0.06836366653442383
s_fish_700,resnet50_geirhos_tl,8,4,56,116,60.0,120.0,5.651268482208252,5.7687602043151855,-0.1174917221069336
s_fish_700,resnet50_geirhos_tl,8,4,56,120,60.0,124.0,5.651268482208252,5.505613803863525,0.14565467834472656
s_fish_700,resnet50_geirhos_tl,8,4,56,124,60.0,128.0,5.651268482208252,5.693031311035156,-0.0417628288269043
s_fish_700,resnet50_geirhos_tl,8,4,56,128,60.0,132.0,5.651268482208252,5.859595775604248,-0.2083272933959961
s_fish_700,resnet50_geirhos_tl,8,4,56,132,60.0,136.0,5.651268482208252,5.960282802581787,-0.30901432037353516
s_fish_700,resnet50_geirhos_tl,8,4,56,136,60.0,140.0,5.651268482208252,5.953732967376709,-0.30246448516845703
s_fish_700,resnet50_geirhos_tl,8,4,56,140,60.0,144.0,5.651268482208252,5.822213172912598,-0.1709446907043457
s_fish_700,resnet50_geirhos_tl,8,4,56,144,60.0,148.0,5.651268482208252,5.765565872192383,-0.11429738998413086
s_fish_700,resnet50_geirhos_tl,8,4,56,148,60.0,152.0,5.651268482208252,5.73219633102417,-0.08092784881591797
s_fish_700,resnet50_geirhos_tl,8,4,56,152,60.0,156.0,5.651268482208252,5.739254951477051,-0.08798646926879883
s_fish_700,resnet50_geirhos_tl,8,4,56,156,60.0,160.0,5.651268482208252,5.686018466949463,-0.03474998474121094
s_fish_700,resnet50_geirhos_tl,8,4,56,160,60.0,164.0,5.651268482208252,5.718693256378174,-0.06742477416992188
s_fish_700,resnet50_geirhos_tl,8,4,56,164,60.0,168.0,5.651268482208252,5.755937099456787,-0.10466861724853516
s_fish_700,resnet50_geirhos_tl,8,4,56,168,60.0,172.0,5.651268482208252,5.754958629608154,-0.10369014739990234
s_fish_700,resnet50_geirhos_tl,8,4,56,172,60.0,176.0,5.651268482208252,5.59695291519165,0.05431556701660156
s_fish_700,resnet50_geirhos_tl,8,4,56,176,60.0,180.0,5.651268482208252,5.516907215118408,0.13436126708984375
s_fish_700,resnet50_geirhos_tl,8,4,56,180,60.0,184.0,5.651268482208252,5.556224346160889,0.09504413604736328
s_fish_700,resnet50_geirhos_tl,8,4,56,184,60.0,188.0,5.651268482208252,5.622359752655029,0.028908729553222656
s_fish_700,resnet50_geirhos_tl,8,4,56,188,60.0,192.0,5.651268482208252,5.696022987365723,-0.0447545051574707
s_fish_700,resnet50_geirhos_tl,8,4,56,192,60.0,196.0,5.651268482208252,5.684933662414551,-0.03366518020629883
s_fish_700,resnet50_geirhos_tl,8,4,56,196,60.0,200.0,5.651268482208252,5.621509075164795,0.02975940704345703
s_fish_700,resnet50_geirhos_tl,8,4,56,200,60.0,204.0,5.651268482208252,5.606759548187256,0.044508934020996094
s_fish_700,resnet50_geirhos_tl,8,4,56,204,60.0,208.0,5.651268482208252,5.534915924072266,0.11635255813598633
s_fish_700,resnet50_geirhos_tl,8,4,56,208,60.0,212.0,5.651268482208252,5.51420259475708,0.13706588745117188
s_fish_700,resnet50_geirhos_tl,8,4,56,212,60.0,216.0,5.651268482208252,5.57621431350708,0.07505416870117188
s_fish_700,resnet50_geirhos_tl,8,4,56,216,60.0,220.0,5.651268482208252,5.586277484893799,0.06499099731445312
s_fish_700,resnet50_geirhos_tl,8,4,60,0,64.0,4.0,5.651268482208252,5.446561813354492,0.20470666885375977
s_fish_700,resnet50_geirhos_tl,8,4,60,4,64.0,8.0,5.651268482208252,5.402797698974609,0.24847078323364258
s_fish_700,resnet50_geirhos_tl,8,4,60,8,64.0,12.0,5.651268482208252,5.428847312927246,0.22242116928100586
s_fish_700,resnet50_geirhos_tl,8,4,60,12,64.0,16.0,5.651268482208252,5.415058135986328,0.23621034622192383
s_fish_700,resnet50_geirhos_tl,8,4,60,16,64.0,20.0,5.651268482208252,5.442642688751221,0.20862579345703125
s_fish_700,resnet50_geirhos_tl,8,4,60,20,64.0,24.0,5.651268482208252,5.458444595336914,0.1928238868713379
s_fish_700,resnet50_geirhos_tl,8,4,60,24,64.0,28.0,5.651268482208252,5.503635883331299,0.14763259887695312
s_fish_700,resnet50_geirhos_tl,8,4,60,28,64.0,32.0,5.651268482208252,5.4972639083862305,0.15400457382202148
s_fish_700,resnet50_geirhos_tl,8,4,60,32,64.0,36.0,5.651268482208252,5.49934196472168,0.15192651748657227
s_fish_700,resnet50_geirhos_tl,8,4,60,36,64.0,40.0,5.651268482208252,5.485998153686523,0.16527032852172852
s_fish_700,resnet50_geirhos_tl,8,4,60,40,64.0,44.0,5.651268482208252,5.485454559326172,0.16581392288208008
s_fish_700,resnet50_geirhos_tl,8,4,60,44,64.0,48.0,5.651268482208252,5.44059419631958,0.21067428588867188
s_fish_700,resnet50_geirhos_tl,8,4,60,48,64.0,52.0,5.651268482208252,5.4578962326049805,0.19337224960327148
s_fish_700,resnet50_geirhos_tl,8,4,60,52,64.0,56.0,5.651268482208252,5.481161117553711,0.17010736465454102
s_fish_700,resnet50_geirhos_tl,8,4,60,56,64.0,60.0,5.651268482208252,5.5661420822143555,0.08512639999389648
s_fish_700,resnet50_geirhos_tl,8,4,60,60,64.0,64.0,5.651268482208252,5.658847808837891,-0.007579326629638672
s_fish_700,resnet50_geirhos_tl,8,4,60,64,64.0,68.0,5.651268482208252,5.665864944458008,-0.01459646224975586
s_fish_700,resnet50_geirhos_tl,8,4,60,68,64.0,72.0,5.651268482208252,5.56370210647583,0.08756637573242188
s_fish_700,resnet50_geirhos_tl,8,4,60,72,64.0,76.0,5.651268482208252,5.466859340667725,0.18440914154052734
s_fish_700,resnet50_geirhos_tl,8,4,60,76,64.0,80.0,5.651268482208252,5.488702774047852,0.1625657081604004
s_fish_700,resnet50_geirhos_tl,8,4,60,80,64.0,84.0,5.651268482208252,5.4252705574035645,0.2259979248046875
s_fish_700,resnet50_geirhos_tl,8,4,60,84,64.0,88.0,5.651268482208252,5.460205078125,0.19106340408325195
s_fish_700,resnet50_geirhos_tl,8,4,60,88,64.0,92.0,5.651268482208252,5.6122541427612305,0.039014339447021484
s_fish_700,resnet50_geirhos_tl,8,4,60,92,64.0,96.0,5.651268482208252,5.450682163238525,0.20058631896972656
s_fish_700,resnet50_geirhos_tl,8,4,60,96,64.0,100.0,5.651268482208252,5.525111198425293,0.12615728378295898
s_fish_700,resnet50_geirhos_tl,8,4,60,100,64.0,104.0,5.651268482208252,5.610719203948975,0.040549278259277344
s_fish_700,resnet50_geirhos_tl,8,4,60,104,64.0,108.0,5.651268482208252,5.534337997436523,0.11693048477172852
s_fish_700,resnet50_geirhos_tl,8,4,60,108,64.0,112.0,5.651268482208252,5.689688682556152,-0.03842020034790039
s_fish_700,resnet50_geirhos_tl,8,4,60,112,64.0,116.0,5.651268482208252,5.719882965087891,-0.06861448287963867
s_fish_700,resnet50_geirhos_tl,8,4,60,116,64.0,120.0,5.651268482208252,5.526548385620117,0.12472009658813477
s_fish_700,resnet50_geirhos_tl,8,4,60,120,64.0,124.0,5.651268482208252,5.608608245849609,0.04266023635864258
s_fish_700,resnet50_geirhos_tl,8,4,60,124,64.0,128.0,5.651268482208252,5.812509536743164,-0.1612410545349121
s_fish_700,resnet50_geirhos_tl,8,4,60,128,64.0,132.0,5.651268482208252,5.9601311683654785,-0.30886268615722656
s_fish_700,resnet50_geirhos_tl,8,4,60,132,64.0,136.0,5.651268482208252,5.8927693367004395,-0.2415008544921875
s_fish_700,resnet50_geirhos_tl,8,4,60,136,64.0,140.0,5.651268482208252,5.905135154724121,-0.25386667251586914
s_fish_700,resnet50_geirhos_tl,8,4,60,140,64.0,144.0,5.651268482208252,5.8143630027771,-0.16309452056884766
s_fish_700,resnet50_geirhos_tl,8,4,60,144,64.0,148.0,5.651268482208252,5.766312122344971,-0.11504364013671875
s_fish_700,resnet50_geirhos_tl,8,4,60,148,64.0,152.0,5.651268482208252,5.776078701019287,-0.12481021881103516
s_fish_700,resnet50_geirhos_tl,8,4,60,152,64.0,156.0,5.651268482208252,5.7518510818481445,-0.10058259963989258
s_fish_700,resnet50_geirhos_tl,8,4,60,156,64.0,160.0,5.651268482208252,5.695146560668945,-0.04387807846069336
s_fish_700,resnet50_geirhos_tl,8,4,60,160,64.0,164.0,5.651268482208252,5.634562015533447,0.016706466674804688
s_fish_700,resnet50_geirhos_tl,8,4,60,164,64.0,168.0,5.651268482208252,5.633208274841309,0.01806020736694336
s_fish_700,resnet50_geirhos_tl,8,4,60,168,64.0,172.0,5.651268482208252,5.6750102043151855,-0.023741722106933594
s_fish_700,resnet50_geirhos_tl,8,4,60,172,64.0,176.0,5.651268482208252,5.643928050994873,0.007340431213378906
s_fish_700,resnet50_geirhos_tl,8,4,60,176,64.0,180.0,5.651268482208252,5.577320098876953,0.07394838333129883
s_fish_700,resnet50_geirhos_tl,8,4,60,180,64.0,184.0,5.651268482208252,5.63746452331543,0.013803958892822266
s_fish_700,resnet50_geirhos_tl,8,4,60,184,64.0,188.0,5.651268482208252,5.662192344665527,-0.01092386245727539
s_fish_700,resnet50_geirhos_tl,8,4,60,188,64.0,192.0,5.651268482208252,5.689623832702637,-0.038355350494384766
s_fish_700,resnet50_geirhos_tl,8,4,60,192,64.0,196.0,5.651268482208252,5.637397766113281,0.013870716094970703
s_fish_700,resnet50_geirhos_tl,8,4,60,196,64.0,200.0,5.651268482208252,5.609258651733398,0.042009830474853516
s_fish_700,resnet50_geirhos_tl,8,4,60,200,64.0,204.0,5.651268482208252,5.581198692321777,0.07006978988647461
s_fish_700,resnet50_geirhos_tl,8,4,60,204,64.0,208.0,5.651268482208252,5.505273818969727,0.1459946632385254
s_fish_700,resnet50_geirhos_tl,8,4,60,208,64.0,212.0,5.651268482208252,5.462038993835449,0.18922948837280273
s_fish_700,resnet50_geirhos_tl,8,4,60,212,64.0,216.0,5.651268482208252,5.53265905380249,0.11860942840576172
s_fish_700,resnet50_geirhos_tl,8,4,60,216,64.0,220.0,5.651268482208252,5.555973529815674,0.09529495239257812
s_fish_700,resnet50_geirhos_tl,8,4,64,0,68.0,4.0,5.651268482208252,5.426886081695557,0.2243824005126953
s_fish_700,resnet50_geirhos_tl,8,4,64,4,68.0,8.0,5.651268482208252,5.397685527801514,0.2535829544067383
s_fish_700,resnet50_geirhos_tl,8,4,64,8,68.0,12.0,5.651268482208252,5.401941299438477,0.2493271827697754
s_fish_700,resnet50_geirhos_tl,8,4,64,12,68.0,16.0,5.651268482208252,5.414259433746338,0.23700904846191406
s_fish_700,resnet50_geirhos_tl,8,4,64,16,68.0,20.0,5.651268482208252,5.415863037109375,0.23540544509887695
s_fish_700,resnet50_geirhos_tl,8,4,64,20,68.0,24.0,5.651268482208252,5.484902381896973,0.1663661003112793
s_fish_700,resnet50_geirhos_tl,8,4,64,24,68.0,28.0,5.651268482208252,5.473886013031006,0.1773824691772461
s_fish_700,resnet50_geirhos_tl,8,4,64,28,68.0,32.0,5.651268482208252,5.490995407104492,0.16027307510375977
s_fish_700,resnet50_geirhos_tl,8,4,64,32,68.0,36.0,5.651268482208252,5.483463764190674,0.16780471801757812
s_fish_700,resnet50_geirhos_tl,8,4,64,36,68.0,40.0,5.651268482208252,5.536782264709473,0.1144862174987793
s_fish_700,resnet50_geirhos_tl,8,4,64,40,68.0,44.0,5.651268482208252,5.496608734130859,0.15465974807739258
s_fish_700,resnet50_geirhos_tl,8,4,64,44,68.0,48.0,5.651268482208252,5.4696879386901855,0.1815805435180664
s_fish_700,resnet50_geirhos_tl,8,4,64,48,68.0,52.0,5.651268482208252,5.459483623504639,0.19178485870361328
s_fish_700,resnet50_geirhos_tl,8,4,64,52,68.0,56.0,5.651268482208252,5.516275405883789,0.1349930763244629
s_fish_700,resnet50_geirhos_tl,8,4,64,56,68.0,60.0,5.651268482208252,5.572239875793457,0.07902860641479492
s_fish_700,resnet50_geirhos_tl,8,4,64,60,68.0,64.0,5.651268482208252,5.558811187744141,0.09245729446411133
s_fish_700,resnet50_geirhos_tl,8,4,64,64,68.0,68.0,5.651268482208252,5.606307506561279,0.044960975646972656
s_fish_700,resnet50_geirhos_tl,8,4,64,68,68.0,72.0,5.651268482208252,5.571444034576416,0.07982444763183594
s_fish_700,resnet50_geirhos_tl,8,4,64,72,68.0,76.0,5.651268482208252,5.65519905090332,-0.003930568695068359
s_fish_700,resnet50_geirhos_tl,8,4,64,76,68.0,80.0,5.651268482208252,5.551424980163574,0.09984350204467773
s_fish_700,resnet50_geirhos_tl,8,4,64,80,68.0,84.0,5.651268482208252,5.48361873626709,0.1676497459411621
s_fish_700,resnet50_geirhos_tl,8,4,64,84,68.0,88.0,5.651268482208252,5.526094436645508,0.12517404556274414
s_fish_700,resnet50_geirhos_tl,8,4,64,88,68.0,92.0,5.651268482208252,5.656896114349365,-0.005627632141113281
s_fish_700,resnet50_geirhos_tl,8,4,64,92,68.0,96.0,5.651268482208252,5.694936752319336,-0.043668270111083984
s_fish_700,resnet50_geirhos_tl,8,4,64,96,68.0,100.0,5.651268482208252,5.546678066253662,0.10459041595458984
s_fish_700,resnet50_geirhos_tl,8,4,64,100,68.0,104.0,5.651268482208252,5.61429500579834,0.03697347640991211
s_fish_700,resnet50_geirhos_tl,8,4,64,104,68.0,108.0,5.651268482208252,5.653376579284668,-0.0021080970764160156
s_fish_700,resnet50_geirhos_tl,8,4,64,108,68.0,112.0,5.651268482208252,5.7829670906066895,-0.1316986083984375
s_fish_700,resnet50_geirhos_tl,8,4,64,112,68.0,116.0,5.651268482208252,5.747342109680176,-0.09607362747192383
s_fish_700,resnet50_geirhos_tl,8,4,64,116,68.0,120.0,5.651268482208252,5.6207733154296875,0.030495166778564453
s_fish_700,resnet50_geirhos_tl,8,4,64,120,68.0,124.0,5.651268482208252,5.907041549682617,-0.25577306747436523
s_fish_700,resnet50_geirhos_tl,8,4,64,124,68.0,128.0,5.651268482208252,5.848025321960449,-0.19675683975219727
s_fish_700,resnet50_geirhos_tl,8,4,64,128,68.0,132.0,5.651268482208252,5.878717422485352,-0.2274489402770996
s_fish_700,resnet50_geirhos_tl,8,4,64,132,68.0,136.0,5.651268482208252,5.849190711975098,-0.1979222297668457
s_fish_700,resnet50_geirhos_tl,8,4,64,136,68.0,140.0,5.651268482208252,5.670825004577637,-0.019556522369384766
s_fish_700,resnet50_geirhos_tl,8,4,64,140,68.0,144.0,5.651268482208252,5.785750389099121,-0.13448190689086914
s_fish_700,resnet50_geirhos_tl,8,4,64,144,68.0,148.0,5.651268482208252,5.827858924865723,-0.1765904426574707
s_fish_700,resnet50_geirhos_tl,8,4,64,148,68.0,152.0,5.651268482208252,5.8447089195251465,-0.19344043731689453
s_fish_700,resnet50_geirhos_tl,8,4,64,152,68.0,156.0,5.651268482208252,5.812679767608643,-0.16141128540039062
s_fish_700,resnet50_geirhos_tl,8,4,64,156,68.0,160.0,5.651268482208252,5.741374969482422,-0.09010648727416992
s_fish_700,resnet50_geirhos_tl,8,4,64,160,68.0,164.0,5.651268482208252,5.642899036407471,0.00836944580078125
s_fish_700,resnet50_geirhos_tl,8,4,64,164,68.0,168.0,5.651268482208252,5.673277378082275,-0.022008895874023438
s_fish_700,resnet50_geirhos_tl,8,4,64,168,68.0,172.0,5.651268482208252,5.708499908447266,-0.05723142623901367
s_fish_700,resnet50_geirhos_tl,8,4,64,172,68.0,176.0,5.651268482208252,5.67460298538208,-0.023334503173828125
s_fish_700,resnet50_geirhos_tl,8,4,64,176,68.0,180.0,5.651268482208252,5.625066757202148,0.026201725006103516
s_fish_700,resnet50_geirhos_tl,8,4,64,180,68.0,184.0,5.651268482208252,5.624648094177246,0.02662038803100586
s_fish_700,resnet50_geirhos_tl,8,4,64,184,68.0,188.0,5.651268482208252,5.651541233062744,-0.0002727508544921875
s_fish_700,resnet50_geirhos_tl,8,4,64,188,68.0,192.0,5.651268482208252,5.643134593963623,0.008133888244628906
s_fish_700,resnet50_geirhos_tl,8,4,64,192,68.0,196.0,5.651268482208252,5.5741376876831055,0.07713079452514648
s_fish_700,resnet50_geirhos_tl,8,4,64,196,68.0,200.0,5.651268482208252,5.534073829650879,0.11719465255737305
s_fish_700,resnet50_geirhos_tl,8,4,64,200,68.0,204.0,5.651268482208252,5.513808250427246,0.13746023178100586
s_fish_700,resnet50_geirhos_tl,8,4,64,204,68.0,208.0,5.651268482208252,5.478472709655762,0.17279577255249023
s_fish_700,resnet50_geirhos_tl,8,4,64,208,68.0,212.0,5.651268482208252,5.47355842590332,0.17771005630493164
s_fish_700,resnet50_geirhos_tl,8,4,64,212,68.0,216.0,5.651268482208252,5.512801170349121,0.13846731185913086
s_fish_700,resnet50_geirhos_tl,8,4,64,216,68.0,220.0,5.651268482208252,5.545881748199463,0.10538673400878906
s_fish_700,resnet50_geirhos_tl,8,4,68,0,72.0,4.0,5.651268482208252,5.480736255645752,0.1705322265625
s_fish_700,resnet50_geirhos_tl,8,4,68,4,72.0,8.0,5.651268482208252,5.4110612869262695,0.24020719528198242
s_fish_700,resnet50_geirhos_tl,8,4,68,8,72.0,12.0,5.651268482208252,5.4332170486450195,0.21805143356323242
s_fish_700,resnet50_geirhos_tl,8,4,68,12,72.0,16.0,5.651268482208252,5.4080915451049805,0.24317693710327148
s_fish_700,resnet50_geirhos_tl,8,4,68,16,72.0,20.0,5.651268482208252,5.433213710784912,0.21805477142333984
s_fish_700,resnet50_geirhos_tl,8,4,68,20,72.0,24.0,5.651268482208252,5.445382595062256,0.2058858871459961
s_fish_700,resnet50_geirhos_tl,8,4,68,24,72.0,28.0,5.651268482208252,5.470931529998779,0.18033695220947266
s_fish_700,resnet50_geirhos_tl,8,4,68,28,72.0,32.0,5.651268482208252,5.487062931060791,0.16420555114746094
s_fish_700,resnet50_geirhos_tl,8,4,68,32,72.0,36.0,5.651268482208252,5.509438514709473,0.1418299674987793
s_fish_700,resnet50_geirhos_tl,8,4,68,36,72.0,40.0,5.651268482208252,5.51664924621582,0.13461923599243164
s_fish_700,resnet50_geirhos_tl,8,4,68,40,72.0,44.0,5.651268482208252,5.51201057434082,0.13925790786743164
s_fish_700,resnet50_geirhos_tl,8,4,68,44,72.0,48.0,5.651268482208252,5.507425785064697,0.1438426971435547
s_fish_700,resnet50_geirhos_tl,8,4,68,48,72.0,52.0,5.651268482208252,5.505854606628418,0.14541387557983398
s_fish_700,resnet50_geirhos_tl,8,4,68,52,72.0,56.0,5.651268482208252,5.515978813171387,0.13528966903686523
s_fish_700,resnet50_geirhos_tl,8,4,68,56,72.0,60.0,5.651268482208252,5.488234043121338,0.16303443908691406
s_fish_700,resnet50_geirhos_tl,8,4,68,60,72.0,64.0,5.651268482208252,5.596569061279297,0.05469942092895508
s_fish_700,resnet50_geirhos_tl,8,4,68,64,72.0,68.0,5.651268482208252,5.596916675567627,0.054351806640625
s_fish_700,resnet50_geirhos_tl,8,4,68,68,72.0,72.0,5.651268482208252,5.565546035766602,0.08572244644165039
s_fish_700,resnet50_geirhos_tl,8,4,68,72,72.0,76.0,5.651268482208252,5.577188491821289,0.07407999038696289
s_fish_700,resnet50_geirhos_tl,8,4,68,76,72.0,80.0,5.651268482208252,5.5900444984436035,0.06122398376464844
s_fish_700,resnet50_geirhos_tl,8,4,68,80,72.0,84.0,5.651268482208252,5.554567813873291,0.09670066833496094
s_fish_700,resnet50_geirhos_tl,8,4,68,84,72.0,88.0,5.651268482208252,5.476688385009766,0.17458009719848633
s_fish_700,resnet50_geirhos_tl,8,4,68,88,72.0,92.0,5.651268482208252,5.772923469543457,-0.12165498733520508
s_fish_700,resnet50_geirhos_tl,8,4,68,92,72.0,96.0,5.651268482208252,5.731159210205078,-0.07989072799682617
s_fish_700,resnet50_geirhos_tl,8,4,68,96,72.0,100.0,5.651268482208252,5.724091053009033,-0.07282257080078125
s_fish_700,resnet50_geirhos_tl,8,4,68,100,72.0,104.0,5.651268482208252,5.617154598236084,0.03411388397216797
s_fish_700,resnet50_geirhos_tl,8,4,68,104,72.0,108.0,5.651268482208252,5.8191986083984375,-0.16793012619018555
s_fish_700,resnet50_geirhos_tl,8,4,68,108,72.0,112.0,5.651268482208252,5.8154191970825195,-0.16415071487426758
s_fish_700,resnet50_geirhos_tl,8,4,68,112,72.0,116.0,5.651268482208252,5.68283224105835,-0.031563758850097656
s_fish_700,resnet50_geirhos_tl,8,4,68,116,72.0,120.0,5.651268482208252,5.645808696746826,0.005459785461425781
s_fish_700,resnet50_geirhos_tl,8,4,68,120,72.0,124.0,5.651268482208252,5.880582332611084,-0.22931385040283203
s_fish_700,resnet50_geirhos_tl,8,4,68,124,72.0,128.0,5.651268482208252,5.933156967163086,-0.281888484954834
s_fish_700,resnet50_geirhos_tl,8,4,68,128,72.0,132.0,5.651268482208252,6.0447096824646,-0.39344120025634766
s_fish_700,resnet50_geirhos_tl,8,4,68,132,72.0,136.0,5.651268482208252,6.035878658294678,-0.3846101760864258
s_fish_700,resnet50_geirhos_tl,8,4,68,136,72.0,140.0,5.651268482208252,5.783802032470703,-0.13253355026245117
s_fish_700,resnet50_geirhos_tl,8,4,68,140,72.0,144.0,5.651268482208252,5.843381881713867,-0.19211339950561523
s_fish_700,resnet50_geirhos_tl,8,4,68,144,72.0,148.0,5.651268482208252,5.886709213256836,-0.23544073104858398
s_fish_700,resnet50_geirhos_tl,8,4,68,148,72.0,152.0,5.651268482208252,5.828902721405029,-0.17763423919677734
s_fish_700,resnet50_geirhos_tl,8,4,68,152,72.0,156.0,5.651268482208252,5.793154239654541,-0.14188575744628906
s_fish_700,resnet50_geirhos_tl,8,4,68,156,72.0,160.0,5.651268482208252,5.742033958435059,-0.09076547622680664
s_fish_700,resnet50_geirhos_tl,8,4,68,160,72.0,164.0,5.651268482208252,5.657574653625488,-0.006306171417236328
s_fish_700,resnet50_geirhos_tl,8,4,68,164,72.0,168.0,5.651268482208252,5.666925430297852,-0.01565694808959961
s_fish_700,resnet50_geirhos_tl,8,4,68,168,72.0,172.0,5.651268482208252,5.725662708282471,-0.07439422607421875
s_fish_700,resnet50_geirhos_tl,8,4,68,172,72.0,176.0,5.651268482208252,5.681046009063721,-0.02977752685546875
s_fish_700,resnet50_geirhos_tl,8,4,68,176,72.0,180.0,5.651268482208252,5.642122745513916,0.009145736694335938
s_fish_700,resnet50_geirhos_tl,8,4,68,180,72.0,184.0,5.651268482208252,5.645893096923828,0.005375385284423828
s_fish_700,resnet50_geirhos_tl,8,4,68,184,72.0,188.0,5.651268482208252,5.6050801277160645,0.0461883544921875
s_fish_700,resnet50_geirhos_tl,8,4,68,188,72.0,192.0,5.651268482208252,5.621516704559326,0.02975177764892578
s_fish_700,resnet50_geirhos_tl,8,4,68,192,72.0,196.0,5.651268482208252,5.541660785675049,0.10960769653320312
s_fish_700,resnet50_geirhos_tl,8,4,68,196,72.0,200.0,5.651268482208252,5.486780166625977,0.1644883155822754
s_fish_700,resnet50_geirhos_tl,8,4,68,200,72.0,204.0,5.651268482208252,5.488205909729004,0.16306257247924805
s_fish_700,resnet50_geirhos_tl,8,4,68,204,72.0,208.0,5.651268482208252,5.4446516036987305,0.20661687850952148
s_fish_700,resnet50_geirhos_tl,8,4,68,208,72.0,212.0,5.651268482208252,5.440129280090332,0.21113920211791992
s_fish_700,resnet50_geirhos_tl,8,4,68,212,72.0,216.0,5.651268482208252,5.508094310760498,0.1431741714477539
s_fish_700,resnet50_geirhos_tl,8,4,68,216,72.0,220.0,5.651268482208252,5.5605878829956055,0.09068059921264648
s_fish_700,resnet50_geirhos_tl,8,4,72,0,76.0,4.0,5.651268482208252,5.501599311828613,0.14966917037963867
s_fish_700,resnet50_geirhos_tl,8,4,72,4,76.0,8.0,5.651268482208252,5.447551250457764,0.20371723175048828
s_fish_700,resnet50_geirhos_tl,8,4,72,8,76.0,12.0,5.651268482208252,5.405313014984131,0.2459554672241211
s_fish_700,resnet50_geirhos_tl,8,4,72,12,76.0,16.0,5.651268482208252,5.425051689147949,0.22621679306030273
s_fish_700,resnet50_geirhos_tl,8,4,72,16,76.0,20.0,5.651268482208252,5.404327392578125,0.24694108963012695
s_fish_700,resnet50_geirhos_tl,8,4,72,20,76.0,24.0,5.651268482208252,5.474401473999023,0.17686700820922852
s_fish_700,resnet50_geirhos_tl,8,4,72,24,76.0,28.0,5.651268482208252,5.483684062957764,0.16758441925048828
s_fish_700,resnet50_geirhos_tl,8,4,72,28,76.0,32.0,5.651268482208252,5.478863716125488,0.17240476608276367
s_fish_700,resnet50_geirhos_tl,8,4,72,32,76.0,36.0,5.651268482208252,5.470921993255615,0.18034648895263672
s_fish_700,resnet50_geirhos_tl,8,4,72,36,76.0,40.0,5.651268482208252,5.48114013671875,0.17012834548950195
s_fish_700,resnet50_geirhos_tl,8,4,72,40,76.0,44.0,5.651268482208252,5.53102445602417,0.12024402618408203
s_fish_700,resnet50_geirhos_tl,8,4,72,44,76.0,48.0,5.651268482208252,5.494223594665527,0.1570448875427246
s_fish_700,resnet50_geirhos_tl,8,4,72,48,76.0,52.0,5.651268482208252,5.51687479019165,0.13439369201660156
s_fish_700,resnet50_geirhos_tl,8,4,72,52,76.0,56.0,5.651268482208252,5.494452476501465,0.1568160057067871
s_fish_700,resnet50_geirhos_tl,8,4,72,56,76.0,60.0,5.651268482208252,5.526025772094727,0.1252427101135254
s_fish_700,resnet50_geirhos_tl,8,4,72,60,76.0,64.0,5.651268482208252,5.585650444030762,0.06561803817749023
s_fish_700,resnet50_geirhos_tl,8,4,72,64,76.0,68.0,5.651268482208252,5.6087493896484375,0.04251909255981445
s_fish_700,resnet50_geirhos_tl,8,4,72,68,76.0,72.0,5.651268482208252,5.613179683685303,0.03808879852294922
s_fish_700,resnet50_geirhos_tl,8,4,72,72,76.0,76.0,5.651268482208252,5.648740768432617,0.0025277137756347656
s_fish_700,resnet50_geirhos_tl,8,4,72,76,76.0,80.0,5.651268482208252,5.580604076385498,0.0706644058227539
s_fish_700,resnet50_geirhos_tl,8,4,72,80,76.0,84.0,5.651268482208252,5.518279075622559,0.13298940658569336
s_fish_700,resnet50_geirhos_tl,8,4,72,84,76.0,88.0,5.651268482208252,5.475411891937256,0.1758565902709961
s_fish_700,resnet50_geirhos_tl,8,4,72,88,76.0,92.0,5.651268482208252,5.75844144821167,-0.10717296600341797
s_fish_700,resnet50_geirhos_tl,8,4,72,92,76.0,96.0,5.651268482208252,5.748295307159424,-0.09702682495117188
s_fish_700,resnet50_geirhos_tl,8,4,72,96,76.0,100.0,5.651268482208252,5.693135738372803,-0.04186725616455078
s_fish_700,resnet50_geirhos_tl,8,4,72,100,76.0,104.0,5.651268482208252,5.582167625427246,0.06910085678100586
s_fish_700,resnet50_geirhos_tl,8,4,72,104,76.0,108.0,5.651268482208252,5.672746658325195,-0.02147817611694336
s_fish_700,resnet50_geirhos_tl,8,4,72,108,76.0,112.0,5.651268482208252,5.6809282302856445,-0.029659748077392578
s_fish_700,resnet50_geirhos_tl,8,4,72,112,76.0,116.0,5.651268482208252,5.6718621253967285,-0.020593643188476562
s_fish_700,resnet50_geirhos_tl,8,4,72,116,76.0,120.0,5.651268482208252,5.579215049743652,0.07205343246459961
s_fish_700,resnet50_geirhos_tl,8,4,72,120,76.0,124.0,5.651268482208252,5.794313430786133,-0.14304494857788086
s_fish_700,resnet50_geirhos_tl,8,4,72,124,76.0,128.0,5.651268482208252,5.904985427856445,-0.25371694564819336
s_fish_700,resnet50_geirhos_tl,8,4,72,128,76.0,132.0,5.651268482208252,5.982760429382324,-0.33149194717407227
s_fish_700,resnet50_geirhos_tl,8,4,72,132,76.0,136.0,5.651268482208252,6.0315728187561035,-0.38030433654785156
s_fish_700,resnet50_geirhos_tl,8,4,72,136,76.0,140.0,5.651268482208252,5.863492488861084,-0.21222400665283203
s_fish_700,resnet50_geirhos_tl,8,4,72,140,76.0,144.0,5.651268482208252,5.837294101715088,-0.18602561950683594
s_fish_700,resnet50_geirhos_tl,8,4,72,144,76.0,148.0,5.651268482208252,5.898446083068848,-0.2471776008605957
s_fish_700,resnet50_geirhos_tl,8,4,72,148,76.0,152.0,5.651268482208252,5.927855014801025,-0.27658653259277344
s_fish_700,resnet50_geirhos_tl,8,4,72,152,76.0,156.0,5.651268482208252,5.88601016998291,-0.2347416877746582
s_fish_700,resnet50_geirhos_tl,8,4,72,156,76.0,160.0,5.651268482208252,5.783288955688477,-0.1320204734802246
s_fish_700,resnet50_geirhos_tl,8,4,72,160,76.0,164.0,5.651268482208252,5.722479343414307,-0.07121086120605469
s_fish_700,resnet50_geirhos_tl,8,4,72,164,76.0,168.0,5.651268482208252,5.6967620849609375,-0.04549360275268555
s_fish_700,resnet50_geirhos_tl,8,4,72,168,76.0,172.0,5.651268482208252,5.652063846588135,-0.0007953643798828125
s_fish_700,resnet50_geirhos_tl,8,4,72,172,76.0,176.0,5.651268482208252,5.6124043464660645,0.0388641357421875
s_fish_700,resnet50_geirhos_tl,8,4,72,176,76.0,180.0,5.651268482208252,5.547199249267578,0.10406923294067383
s_fish_700,resnet50_geirhos_tl,8,4,72,180,76.0,184.0,5.651268482208252,5.522974491119385,0.1282939910888672
s_fish_700,resnet50_geirhos_tl,8,4,72,184,76.0,188.0,5.651268482208252,5.530562400817871,0.12070608139038086
s_fish_700,resnet50_geirhos_tl,8,4,72,188,76.0,192.0,5.651268482208252,5.583813667297363,0.06745481491088867
s_fish_700,resnet50_geirhos_tl,8,4,72,192,76.0,196.0,5.651268482208252,5.528568267822266,0.12270021438598633
s_fish_700,resnet50_geirhos_tl,8,4,72,196,76.0,200.0,5.651268482208252,5.460075378417969,0.1911931037902832
s_fish_700,resnet50_geirhos_tl,8,4,72,200,76.0,204.0,5.651268482208252,5.486590385437012,0.16467809677124023
s_fish_700,resnet50_geirhos_tl,8,4,72,204,76.0,208.0,5.651268482208252,5.463399410247803,0.18786907196044922
s_fish_700,resnet50_geirhos_tl,8,4,72,208,76.0,212.0,5.651268482208252,5.441102027893066,0.21016645431518555
s_fish_700,resnet50_geirhos_tl,8,4,72,212,76.0,216.0,5.651268482208252,5.505624771118164,0.1456437110900879
s_fish_700,resnet50_geirhos_tl,8,4,72,216,76.0,220.0,5.651268482208252,5.5565290451049805,0.09473943710327148
s_fish_700,resnet50_geirhos_tl,8,4,76,0,80.0,4.0,5.651268482208252,5.520195007324219,0.1310734748840332
s_fish_700,resnet50_geirhos_tl,8,4,76,4,80.0,8.0,5.651268482208252,5.4430341720581055,0.20823431015014648
s_fish_700,resnet50_geirhos_tl,8,4,76,8,80.0,12.0,5.651268482208252,5.439202785491943,0.2120656967163086
s_fish_700,resnet50_geirhos_tl,8,4,76,12,80.0,16.0,5.651268482208252,5.426947593688965,0.2243208885192871
s_fish_700,resnet50_geirhos_tl,8,4,76,16,80.0,20.0,5.651268482208252,5.42435359954834,0.2269148826599121
s_fish_700,resnet50_geirhos_tl,8,4,76,20,80.0,24.0,5.651268482208252,5.447434902191162,0.20383358001708984
s_fish_700,resnet50_geirhos_tl,8,4,76,24,80.0,28.0,5.651268482208252,5.483496189117432,0.1677722930908203
s_fish_700,resnet50_geirhos_tl,8,4,76,28,80.0,32.0,5.651268482208252,5.473908424377441,0.17736005783081055
s_fish_700,resnet50_geirhos_tl,8,4,76,32,80.0,36.0,5.651268482208252,5.4849677085876465,0.16630077362060547
s_fish_700,resnet50_geirhos_tl,8,4,76,36,80.0,40.0,5.651268482208252,5.493011474609375,0.15825700759887695
s_fish_700,resnet50_geirhos_tl,8,4,76,40,80.0,44.0,5.651268482208252,5.553120136260986,0.09814834594726562
s_fish_700,resnet50_geirhos_tl,8,4,76,44,80.0,48.0,5.651268482208252,5.513922691345215,0.1373457908630371
s_fish_700,resnet50_geirhos_tl,8,4,76,48,80.0,52.0,5.651268482208252,5.550872325897217,0.10039615631103516
s_fish_700,resnet50_geirhos_tl,8,4,76,52,80.0,56.0,5.651268482208252,5.533305644989014,0.11796283721923828
s_fish_700,resnet50_geirhos_tl,8,4,76,56,80.0,60.0,5.651268482208252,5.643835067749023,0.007433414459228516
s_fish_700,resnet50_geirhos_tl,8,4,76,60,80.0,64.0,5.651268482208252,5.609332084655762,0.041936397552490234
s_fish_700,resnet50_geirhos_tl,8,4,76,64,80.0,68.0,5.651268482208252,5.675746917724609,-0.024478435516357422
s_fish_700,resnet50_geirhos_tl,8,4,76,68,80.0,72.0,5.651268482208252,5.698122024536133,-0.04685354232788086
s_fish_700,resnet50_geirhos_tl,8,4,76,72,80.0,76.0,5.651268482208252,5.744633674621582,-0.09336519241333008
s_fish_700,resnet50_geirhos_tl,8,4,76,76,80.0,80.0,5.651268482208252,5.66112756729126,-0.009859085083007812
s_fish_700,resnet50_geirhos_tl,8,4,76,80,80.0,84.0,5.651268482208252,5.461906433105469,0.1893620491027832
s_fish_700,resnet50_geirhos_tl,8,4,76,84,80.0,88.0,5.651268482208252,5.487006187438965,0.1642622947692871
s_fish_700,resnet50_geirhos_tl,8,4,76,88,80.0,92.0,5.651268482208252,5.676031589508057,-0.024763107299804688
s_fish_700,resnet50_geirhos_tl,8,4,76,92,80.0,96.0,5.651268482208252,5.7329912185668945,-0.08172273635864258
s_fish_700,resnet50_geirhos_tl,8,4,76,96,80.0,100.0,5.651268482208252,5.777592182159424,-0.12632369995117188
s_fish_700,resnet50_geirhos_tl,8,4,76,100,80.0,104.0,5.651268482208252,5.591419219970703,0.05984926223754883
s_fish_700,resnet50_geirhos_tl,8,4,76,104,80.0,108.0,5.651268482208252,5.5335798263549805,0.11768865585327148
s_fish_700,resnet50_geirhos_tl,8,4,76,108,80.0,112.0,5.651268482208252,5.6378655433654785,0.013402938842773438
s_fish_700,resnet50_geirhos_tl,8,4,76,112,80.0,116.0,5.651268482208252,5.660193920135498,-0.008925437927246094
s_fish_700,resnet50_geirhos_tl,8,4,76,116,80.0,120.0,5.651268482208252,5.58761739730835,0.06365108489990234
s_fish_700,resnet50_geirhos_tl,8,4,76,120,80.0,124.0,5.651268482208252,5.818254470825195,-0.16698598861694336
s_fish_700,resnet50_geirhos_tl,8,4,76,124,80.0,128.0,5.651268482208252,5.907867431640625,-0.25659894943237305
s_fish_700,resnet50_geirhos_tl,8,4,76,128,80.0,132.0,5.651268482208252,5.847200393676758,-0.19593191146850586
s_fish_700,resnet50_geirhos_tl,8,4,76,132,80.0,136.0,5.651268482208252,5.795260429382324,-0.14399194717407227
s_fish_700,resnet50_geirhos_tl,8,4,76,136,80.0,140.0,5.651268482208252,5.816744327545166,-0.16547584533691406
s_fish_700,resnet50_geirhos_tl,8,4,76,140,80.0,144.0,5.651268482208252,5.804548263549805,-0.15327978134155273
s_fish_700,resnet50_geirhos_tl,8,4,76,144,80.0,148.0,5.651268482208252,5.884976863861084,-0.23370838165283203
s_fish_700,resnet50_geirhos_tl,8,4,76,148,80.0,152.0,5.651268482208252,5.901247024536133,-0.24997854232788086
s_fish_700,resnet50_geirhos_tl,8,4,76,152,80.0,156.0,5.651268482208252,5.854490280151367,-0.20322179794311523
s_fish_700,resnet50_geirhos_tl,8,4,76,156,80.0,160.0,5.651268482208252,5.805400371551514,-0.15413188934326172
s_fish_700,resnet50_geirhos_tl,8,4,76,160,80.0,164.0,5.651268482208252,5.757634162902832,-0.10636568069458008
s_fish_700,resnet50_geirhos_tl,8,4,76,164,80.0,168.0,5.651268482208252,5.720866680145264,-0.06959819793701172
s_fish_700,resnet50_geirhos_tl,8,4,76,168,80.0,172.0,5.651268482208252,5.688155174255371,-0.03688669204711914
s_fish_700,resnet50_geirhos_tl,8,4,76,172,80.0,176.0,5.651268482208252,5.710341930389404,-0.059073448181152344
s_fish_700,resnet50_geirhos_tl,8,4,76,176,80.0,180.0,5.651268482208252,5.620761394500732,0.03050708770751953
s_fish_700,resnet50_geirhos_tl,8,4,76,180,80.0,184.0,5.651268482208252,5.632262706756592,0.019005775451660156
s_fish_700,resnet50_geirhos_tl,8,4,76,184,80.0,188.0,5.651268482208252,5.640664577484131,0.010603904724121094
s_fish_700,resnet50_geirhos_tl,8,4,76,188,80.0,192.0,5.651268482208252,5.691622734069824,-0.040354251861572266
s_fish_700,resnet50_geirhos_tl,8,4,76,192,80.0,196.0,5.651268482208252,5.608152866363525,0.04311561584472656
s_fish_700,resnet50_geirhos_tl,8,4,76,196,80.0,200.0,5.651268482208252,5.566594123840332,0.08467435836791992
s_fish_700,resnet50_geirhos_tl,8,4,76,200,80.0,204.0,5.651268482208252,5.561310291290283,0.08995819091796875
s_fish_700,resnet50_geirhos_tl,8,4,76,204,80.0,208.0,5.651268482208252,5.514680862426758,0.13658761978149414
s_fish_700,resnet50_geirhos_tl,8,4,76,208,80.0,212.0,5.651268482208252,5.474156856536865,0.17711162567138672
s_fish_700,resnet50_geirhos_tl,8,4,76,212,80.0,216.0,5.651268482208252,5.528715133666992,0.12255334854125977
s_fish_700,resnet50_geirhos_tl,8,4,76,216,80.0,220.0,5.651268482208252,5.585310935974121,0.06595754623413086
s_fish_700,resnet50_geirhos_tl,8,4,80,0,84.0,4.0,5.651268482208252,5.535344123840332,0.11592435836791992
s_fish_700,resnet50_geirhos_tl,8,4,80,4,84.0,8.0,5.651268482208252,5.483309745788574,0.16795873641967773
s_fish_700,resnet50_geirhos_tl,8,4,80,8,84.0,12.0,5.651268482208252,5.433617115020752,0.2176513671875
s_fish_700,resnet50_geirhos_tl,8,4,80,12,84.0,16.0,5.651268482208252,5.408144950866699,0.24312353134155273
s_fish_700,resnet50_geirhos_tl,8,4,80,16,84.0,20.0,5.651268482208252,5.4007110595703125,0.25055742263793945
s_fish_700,resnet50_geirhos_tl,8,4,80,20,84.0,24.0,5.651268482208252,5.472982883453369,0.1782855987548828
s_fish_700,resnet50_geirhos_tl,8,4,80,24,84.0,28.0,5.651268482208252,5.492011070251465,0.1592574119567871
s_fish_700,resnet50_geirhos_tl,8,4,80,28,84.0,32.0,5.651268482208252,5.524682521820068,0.1265859603881836
s_fish_700,resnet50_geirhos_tl,8,4,80,32,84.0,36.0,5.651268482208252,5.5465826988220215,0.10468578338623047
s_fish_700,resnet50_geirhos_tl,8,4,80,36,84.0,40.0,5.651268482208252,5.541675567626953,0.10959291458129883
s_fish_700,resnet50_geirhos_tl,8,4,80,40,84.0,44.0,5.651268482208252,5.535016059875488,0.11625242233276367
s_fish_700,resnet50_geirhos_tl,8,4,80,44,84.0,48.0,5.651268482208252,5.565275192260742,0.08599328994750977
s_fish_700,resnet50_geirhos_tl,8,4,80,48,84.0,52.0,5.651268482208252,5.494398593902588,0.15686988830566406
s_fish_700,resnet50_geirhos_tl,8,4,80,52,84.0,56.0,5.651268482208252,5.600695610046387,0.050572872161865234
s_fish_700,resnet50_geirhos_tl,8,4,80,56,84.0,60.0,5.651268482208252,5.633699417114258,0.01756906509399414
s_fish_700,resnet50_geirhos_tl,8,4,80,60,84.0,64.0,5.651268482208252,5.6847124099731445,-0.03344392776489258
s_fish_700,resnet50_geirhos_tl,8,4,80,64,84.0,68.0,5.651268482208252,5.726620197296143,-0.07535171508789062
s_fish_700,resnet50_geirhos_tl,8,4,80,68,84.0,72.0,5.651268482208252,5.782142639160156,-0.1308741569519043
s_fish_700,resnet50_geirhos_tl,8,4,80,72,84.0,76.0,5.651268482208252,5.858587265014648,-0.20731878280639648
s_fish_700,resnet50_geirhos_tl,8,4,80,76,84.0,80.0,5.651268482208252,5.652604579925537,-0.0013360977172851562
s_fish_700,resnet50_geirhos_tl,8,4,80,80,84.0,84.0,5.651268482208252,5.563920974731445,0.08734750747680664
s_fish_700,resnet50_geirhos_tl,8,4,80,84,84.0,88.0,5.651268482208252,5.465054035186768,0.18621444702148438
s_fish_700,resnet50_geirhos_tl,8,4,80,88,84.0,92.0,5.651268482208252,5.617049217224121,0.03421926498413086
s_fish_700,resnet50_geirhos_tl,8,4,80,92,84.0,96.0,5.651268482208252,5.593156814575195,0.05811166763305664
s_fish_700,resnet50_geirhos_tl,8,4,80,96,84.0,100.0,5.651268482208252,5.805657863616943,-0.1543893814086914
s_fish_700,resnet50_geirhos_tl,8,4,80,100,84.0,104.0,5.651268482208252,5.647749423980713,0.0035190582275390625
s_fish_700,resnet50_geirhos_tl,8,4,80,104,84.0,108.0,5.651268482208252,5.660610198974609,-0.009341716766357422
s_fish_700,resnet50_geirhos_tl,8,4,80,108,84.0,112.0,5.651268482208252,5.71698522567749,-0.06571674346923828
s_fish_700,resnet50_geirhos_tl,8,4,80,112,84.0,116.0,5.651268482208252,5.773102283477783,-0.12183380126953125
s_fish_700,resnet50_geirhos_tl,8,4,80,116,84.0,120.0,5.651268482208252,5.655004024505615,-0.0037355422973632812
s_fish_700,resnet50_geirhos_tl,8,4,80,120,84.0,124.0,5.651268482208252,5.795291900634766,-0.14402341842651367
s_fish_700,resnet50_geirhos_tl,8,4,80,124,84.0,128.0,5.651268482208252,5.918628692626953,-0.26736021041870117
s_fish_700,resnet50_geirhos_tl,8,4,80,128,84.0,132.0,5.651268482208252,5.992717742919922,-0.3414492607116699
s_fish_700,resnet50_geirhos_tl,8,4,80,132,84.0,136.0,5.651268482208252,5.794276237487793,-0.14300775527954102
s_fish_700,resnet50_geirhos_tl,8,4,80,136,84.0,140.0,5.651268482208252,5.857936382293701,-0.20666790008544922
s_fish_700,resnet50_geirhos_tl,8,4,80,140,84.0,144.0,5.651268482208252,5.804318904876709,-0.15305042266845703
s_fish_700,resnet50_geirhos_tl,8,4,80,144,84.0,148.0,5.651268482208252,5.916568279266357,-0.26529979705810547
s_fish_700,resnet50_geirhos_tl,8,4,80,148,84.0,152.0,5.651268482208252,5.902538299560547,-0.2512698173522949
s_fish_700,resnet50_geirhos_tl,8,4,80,152,84.0,156.0,5.651268482208252,5.818569660186768,-0.16730117797851562
s_fish_700,resnet50_geirhos_tl,8,4,80,156,84.0,160.0,5.651268482208252,5.752486228942871,-0.10121774673461914
s_fish_700,resnet50_geirhos_tl,8,4,80,160,84.0,164.0,5.651268482208252,5.703638076782227,-0.05236959457397461
s_fish_700,resnet50_geirhos_tl,8,4,80,164,84.0,168.0,5.651268482208252,5.66703987121582,-0.01577138900756836
s_fish_700,resnet50_geirhos_tl,8,4,80,168,84.0,172.0,5.651268482208252,5.610133647918701,0.04113483428955078
s_fish_700,resnet50_geirhos_tl,8,4,80,172,84.0,176.0,5.651268482208252,5.639461517333984,0.011806964874267578
s_fish_700,resnet50_geirhos_tl,8,4,80,176,84.0,180.0,5.651268482208252,5.582536220550537,0.06873226165771484
s_fish_700,resnet50_geirhos_tl,8,4,80,180,84.0,184.0,5.651268482208252,5.585219860076904,0.06604862213134766
s_fish_700,resnet50_geirhos_tl,8,4,80,184,84.0,188.0,5.651268482208252,5.597533702850342,0.053734779357910156
s_fish_700,resnet50_geirhos_tl,8,4,80,188,84.0,192.0,5.651268482208252,5.6605305671691895,-0.0092620849609375
s_fish_700,resnet50_geirhos_tl,8,4,80,192,84.0,196.0,5.651268482208252,5.62793493270874,0.02333354949951172
s_fish_700,resnet50_geirhos_tl,8,4,80,196,84.0,200.0,5.651268482208252,5.589969635009766,0.06129884719848633
s_fish_700,resnet50_geirhos_tl,8,4,80,200,84.0,204.0,5.651268482208252,5.586803913116455,0.06446456909179688
s_fish_700,resnet50_geirhos_tl,8,4,80,204,84.0,208.0,5.651268482208252,5.535793781280518,0.11547470092773438
s_fish_700,resnet50_geirhos_tl,8,4,80,208,84.0,212.0,5.651268482208252,5.529681205749512,0.12158727645874023
s_fish_700,resnet50_geirhos_tl,8,4,80,212,84.0,216.0,5.651268482208252,5.539856910705566,0.11141157150268555
s_fish_700,resnet50_geirhos_tl,8,4,80,216,84.0,220.0,5.651268482208252,5.5695576667785645,0.0817108154296875
s_fish_700,resnet50_geirhos_tl,8,4,84,0,88.0,4.0,5.651268482208252,5.571086406707764,0.08018207550048828
s_fish_700,resnet50_geirhos_tl,8,4,84,4,88.0,8.0,5.651268482208252,5.505391597747803,0.14587688446044922
s_fish_700,resnet50_geirhos_tl,8,4,84,8,88.0,12.0,5.651268482208252,5.489506721496582,0.16176176071166992
s_fish_700,resnet50_geirhos_tl,8,4,84,12,88.0,16.0,5.651268482208252,5.411293983459473,0.2399744987487793
s_fish_700,resnet50_geirhos_tl,8,4,84,16,88.0,20.0,5.651268482208252,5.437175273895264,0.21409320831298828
s_fish_700,resnet50_geirhos_tl,8,4,84,20,88.0,24.0,5.651268482208252,5.451158046722412,0.20011043548583984
s_fish_700,resnet50_geirhos_tl,8,4,84,24,88.0,28.0,5.651268482208252,5.516623497009277,0.1346449851989746
s_fish_700,resnet50_geirhos_tl,8,4,84,28,88.0,32.0,5.651268482208252,5.514664649963379,0.13660383224487305
s_fish_700,resnet50_geirhos_tl,8,4,84,32,88.0,36.0,5.651268482208252,5.534051418304443,0.1172170639038086
s_fish_700,resnet50_geirhos_tl,8,4,84,36,88.0,40.0,5.651268482208252,5.597337245941162,0.053931236267089844
s_fish_700,resnet50_geirhos_tl,8,4,84,40,88.0,44.0,5.651268482208252,5.599271774291992,0.051996707916259766
s_fish_700,resnet50_geirhos_tl,8,4,84,44,88.0,48.0,5.651268482208252,5.57574462890625,0.07552385330200195
s_fish_700,resnet50_geirhos_tl,8,4,84,48,88.0,52.0,5.651268482208252,5.613147735595703,0.03812074661254883
s_fish_700,resnet50_geirhos_tl,8,4,84,52,88.0,56.0,5.651268482208252,5.614064693450928,0.03720378875732422
s_fish_700,resnet50_geirhos_tl,8,4,84,56,88.0,60.0,5.651268482208252,5.588209629058838,0.06305885314941406
s_fish_700,resnet50_geirhos_tl,8,4,84,60,88.0,64.0,5.651268482208252,5.611234188079834,0.04003429412841797
s_fish_700,resnet50_geirhos_tl,8,4,84,64,88.0,68.0,5.651268482208252,5.699398040771484,-0.04812955856323242
s_fish_700,resnet50_geirhos_tl,8,4,84,68,88.0,72.0,5.651268482208252,5.747054576873779,-0.09578609466552734
s_fish_700,resnet50_geirhos_tl,8,4,84,72,88.0,76.0,5.651268482208252,5.75213623046875,-0.10086774826049805
s_fish_700,resnet50_geirhos_tl,8,4,84,76,88.0,80.0,5.651268482208252,5.6209588050842285,0.030309677124023438
s_fish_700,resnet50_geirhos_tl,8,4,84,80,88.0,84.0,5.651268482208252,5.478879451751709,0.17238903045654297
s_fish_700,resnet50_geirhos_tl,8,4,84,84,88.0,88.0,5.651268482208252,5.460811138153076,0.19045734405517578
s_fish_700,resnet50_geirhos_tl,8,4,84,88,88.0,92.0,5.651268482208252,5.609376430511475,0.041892051696777344
s_fish_700,resnet50_geirhos_tl,8,4,84,92,88.0,96.0,5.651268482208252,5.56041955947876,0.09084892272949219
s_fish_700,resnet50_geirhos_tl,8,4,84,96,88.0,100.0,5.651268482208252,5.724292755126953,-0.07302427291870117
s_fish_700,resnet50_geirhos_tl,8,4,84,100,88.0,104.0,5.651268482208252,5.720980644226074,-0.06971216201782227
s_fish_700,resnet50_geirhos_tl,8,4,84,104,88.0,108.0,5.651268482208252,5.8161702156066895,-0.1649017333984375
s_fish_700,resnet50_geirhos_tl,8,4,84,108,88.0,112.0,5.651268482208252,6.0141448974609375,-0.36287641525268555
s_fish_700,resnet50_geirhos_tl,8,4,84,112,88.0,116.0,5.651268482208252,5.922922611236572,-0.2716541290283203
s_fish_700,resnet50_geirhos_tl,8,4,84,116,88.0,120.0,5.651268482208252,5.911581993103027,-0.2603135108947754
s_fish_700,resnet50_geirhos_tl,8,4,84,120,88.0,124.0,5.651268482208252,5.904507160186768,-0.2532386779785156
s_fish_700,resnet50_geirhos_tl,8,4,84,124,88.0,128.0,5.651268482208252,5.956984519958496,-0.30571603775024414
s_fish_700,resnet50_geirhos_tl,8,4,84,128,88.0,132.0,5.651268482208252,5.972088813781738,-0.32082033157348633
s_fish_700,resnet50_geirhos_tl,8,4,84,132,88.0,136.0,5.651268482208252,5.801274299621582,-0.15000581741333008
s_fish_700,resnet50_geirhos_tl,8,4,84,136,88.0,140.0,5.651268482208252,5.754929065704346,-0.10366058349609375
s_fish_700,resnet50_geirhos_tl,8,4,84,140,88.0,144.0,5.651268482208252,5.715748310089111,-0.06447982788085938
s_fish_700,resnet50_geirhos_tl,8,4,84,144,88.0,148.0,5.651268482208252,5.8052449226379395,-0.1539764404296875
s_fish_700,resnet50_geirhos_tl,8,4,84,148,88.0,152.0,5.651268482208252,5.816155433654785,-0.1648869514465332
s_fish_700,resnet50_geirhos_tl,8,4,84,152,88.0,156.0,5.651268482208252,5.687926292419434,-0.03665781021118164
s_fish_700,resnet50_geirhos_tl,8,4,84,156,88.0,160.0,5.651268482208252,5.601655006408691,0.04961347579956055
s_fish_700,resnet50_geirhos_tl,8,4,84,160,88.0,164.0,5.651268482208252,5.568226337432861,0.08304214477539062
s_fish_700,resnet50_geirhos_tl,8,4,84,164,88.0,168.0,5.651268482208252,5.608076572418213,0.04319190979003906
s_fish_700,resnet50_geirhos_tl,8,4,84,168,88.0,172.0,5.651268482208252,5.604528427124023,0.046740055084228516
s_fish_700,resnet50_geirhos_tl,8,4,84,172,88.0,176.0,5.651268482208252,5.639595985412598,0.011672496795654297
s_fish_700,resnet50_geirhos_tl,8,4,84,176,88.0,180.0,5.651268482208252,5.589837074279785,0.0614314079284668
s_fish_700,resnet50_geirhos_tl,8,4,84,180,88.0,184.0,5.651268482208252,5.601954460144043,0.049314022064208984
s_fish_700,resnet50_geirhos_tl,8,4,84,184,88.0,188.0,5.651268482208252,5.5750298500061035,0.07623863220214844
s_fish_700,resnet50_geirhos_tl,8,4,84,188,88.0,192.0,5.651268482208252,5.648673057556152,0.0025954246520996094
s_fish_700,resnet50_geirhos_tl,8,4,84,192,88.0,196.0,5.651268482208252,5.628732681274414,0.02253580093383789
s_fish_700,resnet50_geirhos_tl,8,4,84,196,88.0,200.0,5.651268482208252,5.623824119567871,0.02744436264038086
s_fish_700,resnet50_geirhos_tl,8,4,84,200,88.0,204.0,5.651268482208252,5.604172229766846,0.04709625244140625
s_fish_700,resnet50_geirhos_tl,8,4,84,204,88.0,208.0,5.651268482208252,5.548531532287598,0.1027369499206543
s_fish_700,resnet50_geirhos_tl,8,4,84,208,88.0,212.0,5.651268482208252,5.5213189125061035,0.12994956970214844
s_fish_700,resnet50_geirhos_tl,8,4,84,212,88.0,216.0,5.651268482208252,5.563310623168945,0.08795785903930664
s_fish_700,resnet50_geirhos_tl,8,4,84,216,88.0,220.0,5.651268482208252,5.604151248931885,0.04711723327636719
s_fish_700,resnet50_geirhos_tl,8,4,88,0,92.0,4.0,5.651268482208252,5.564958095550537,0.08631038665771484
s_fish_700,resnet50_geirhos_tl,8,4,88,4,92.0,8.0,5.651268482208252,5.519140720367432,0.1321277618408203
s_fish_700,resnet50_geirhos_tl,8,4,88,8,92.0,12.0,5.651268482208252,5.464743137359619,0.1865253448486328
s_fish_700,resnet50_geirhos_tl,8,4,88,12,92.0,16.0,5.651268482208252,5.437327861785889,0.21394062042236328
s_fish_700,resnet50_geirhos_tl,8,4,88,16,92.0,20.0,5.651268482208252,5.462560176849365,0.18870830535888672
s_fish_700,resnet50_geirhos_tl,8,4,88,20,92.0,24.0,5.651268482208252,5.513659477233887,0.13760900497436523
s_fish_700,resnet50_geirhos_tl,8,4,88,24,92.0,28.0,5.651268482208252,5.544468402862549,0.10680007934570312
s_fish_700,resnet50_geirhos_tl,8,4,88,28,92.0,32.0,5.651268482208252,5.547306060791016,0.10396242141723633
s_fish_700,resnet50_geirhos_tl,8,4,88,32,92.0,36.0,5.651268482208252,5.590452194213867,0.060816287994384766
s_fish_700,resnet50_geirhos_tl,8,4,88,36,92.0,40.0,5.651268482208252,5.63585901260376,0.015409469604492188
s_fish_700,resnet50_geirhos_tl,8,4,88,40,92.0,44.0,5.651268482208252,5.597460746765137,0.053807735443115234
s_fish_700,resnet50_geirhos_tl,8,4,88,44,92.0,48.0,5.651268482208252,5.632606029510498,0.018662452697753906
s_fish_700,resnet50_geirhos_tl,8,4,88,48,92.0,52.0,5.651268482208252,5.627058029174805,0.024210453033447266
s_fish_700,resnet50_geirhos_tl,8,4,88,52,92.0,56.0,5.651268482208252,5.619235515594482,0.03203296661376953
s_fish_700,resnet50_geirhos_tl,8,4,88,56,92.0,60.0,5.651268482208252,5.658009052276611,-0.006740570068359375
s_fish_700,resnet50_geirhos_tl,8,4,88,60,92.0,64.0,5.651268482208252,5.714937210083008,-0.06366872787475586
s_fish_700,resnet50_geirhos_tl,8,4,88,64,92.0,68.0,5.651268482208252,5.774350643157959,-0.12308216094970703
s_fish_700,resnet50_geirhos_tl,8,4,88,68,92.0,72.0,5.651268482208252,5.753363609313965,-0.10209512710571289
s_fish_700,resnet50_geirhos_tl,8,4,88,72,92.0,76.0,5.651268482208252,5.792044162750244,-0.1407756805419922
s_fish_700,resnet50_geirhos_tl,8,4,88,76,92.0,80.0,5.651268482208252,5.666697978973389,-0.015429496765136719
s_fish_700,resnet50_geirhos_tl,8,4,88,80,92.0,84.0,5.651268482208252,5.65242862701416,-0.0011601448059082031
s_fish_700,resnet50_geirhos_tl,8,4,88,84,92.0,88.0,5.651268482208252,5.637324810028076,0.013943672180175781
s_fish_700,resnet50_geirhos_tl,8,4,88,88,92.0,92.0,5.651268482208252,5.645605087280273,0.005663394927978516
s_fish_700,resnet50_geirhos_tl,8,4,88,92,92.0,96.0,5.651268482208252,5.653722763061523,-0.0024542808532714844
s_fish_700,resnet50_geirhos_tl,8,4,88,96,92.0,100.0,5.651268482208252,5.951756954193115,-0.3004884719848633
s_fish_700,resnet50_geirhos_tl,8,4,88,100,92.0,104.0,5.651268482208252,5.921105861663818,-0.2698373794555664
s_fish_700,resnet50_geirhos_tl,8,4,88,104,92.0,108.0,5.651268482208252,6.004375457763672,-0.3531069755554199
s_fish_700,resnet50_geirhos_tl,8,4,88,108,92.0,112.0,5.651268482208252,6.0731401443481445,-0.4218716621398926
s_fish_700,resnet50_geirhos_tl,8,4,88,112,92.0,116.0,5.651268482208252,6.041955947875977,-0.3906874656677246
s_fish_700,resnet50_geirhos_tl,8,4,88,116,92.0,120.0,5.651268482208252,6.05491828918457,-0.40364980697631836
s_fish_700,resnet50_geirhos_tl,8,4,88,120,92.0,124.0,5.651268482208252,6.026193141937256,-0.3749246597290039
s_fish_700,resnet50_geirhos_tl,8,4,88,124,92.0,128.0,5.651268482208252,6.036271095275879,-0.38500261306762695
s_fish_700,resnet50_geirhos_tl,8,4,88,128,92.0,132.0,5.651268482208252,6.041790962219238,-0.39052248001098633
s_fish_700,resnet50_geirhos_tl,8,4,88,132,92.0,136.0,5.651268482208252,5.792416572570801,-0.14114809036254883
s_fish_700,resnet50_geirhos_tl,8,4,88,136,92.0,140.0,5.651268482208252,5.759242534637451,-0.10797405242919922
s_fish_700,resnet50_geirhos_tl,8,4,88,140,92.0,144.0,5.651268482208252,5.656118869781494,-0.0048503875732421875
s_fish_700,resnet50_geirhos_tl,8,4,88,144,92.0,148.0,5.651268482208252,5.759923934936523,-0.10865545272827148
s_fish_700,resnet50_geirhos_tl,8,4,88,148,92.0,152.0,5.651268482208252,5.834033489227295,-0.18276500701904297
s_fish_700,resnet50_geirhos_tl,8,4,88,152,92.0,156.0,5.651268482208252,5.694327354431152,-0.04305887222290039
s_fish_700,resnet50_geirhos_tl,8,4,88,156,92.0,160.0,5.651268482208252,5.615150451660156,0.0361180305480957
s_fish_700,resnet50_geirhos_tl,8,4,88,160,92.0,164.0,5.651268482208252,5.521893501281738,0.12937498092651367
s_fish_700,resnet50_geirhos_tl,8,4,88,164,92.0,168.0,5.651268482208252,5.529916763305664,0.12135171890258789
s_fish_700,resnet50_geirhos_tl,8,4,88,168,92.0,172.0,5.651268482208252,5.5817365646362305,0.06953191757202148
s_fish_700,resnet50_geirhos_tl,8,4,88,172,92.0,176.0,5.651268482208252,5.600000381469727,0.05126810073852539
s_fish_700,resnet50_geirhos_tl,8,4,88,176,92.0,180.0,5.651268482208252,5.527281284332275,0.12398719787597656
s_fish_700,resnet50_geirhos_tl,8,4,88,180,92.0,184.0,5.651268482208252,5.546990871429443,0.1042776107788086
s_fish_700,resnet50_geirhos_tl,8,4,88,184,92.0,188.0,5.651268482208252,5.531736373901367,0.11953210830688477
s_fish_700,resnet50_geirhos_tl,8,4,88,188,92.0,192.0,5.651268482208252,5.622708797454834,0.02855968475341797
s_fish_700,resnet50_geirhos_tl,8,4,88,192,92.0,196.0,5.651268482208252,5.606537818908691,0.04473066329956055
s_fish_700,resnet50_geirhos_tl,8,4,88,196,92.0,200.0,5.651268482208252,5.575483322143555,0.07578516006469727
s_fish_700,resnet50_geirhos_tl,8,4,88,200,92.0,204.0,5.651268482208252,5.618271350860596,0.03299713134765625
s_fish_700,resnet50_geirhos_tl,8,4,88,204,92.0,208.0,5.651268482208252,5.555518627166748,0.0957498550415039
s_fish_700,resnet50_geirhos_tl,8,4,88,208,92.0,212.0,5.651268482208252,5.526887893676758,0.12438058853149414
s_fish_700,resnet50_geirhos_tl,8,4,88,212,92.0,216.0,5.651268482208252,5.579885005950928,0.07138347625732422
s_fish_700,resnet50_geirhos_tl,8,4,88,216,92.0,220.0,5.651268482208252,5.623192310333252,0.028076171875
s_fish_700,resnet50_geirhos_tl,8,4,92,0,96.0,4.0,5.651268482208252,5.605076789855957,0.04619169235229492
s_fish_700,resnet50_geirhos_tl,8,4,92,4,96.0,8.0,5.651268482208252,5.494531154632568,0.1567373275756836
s_fish_700,resnet50_geirhos_tl,8,4,92,8,96.0,12.0,5.651268482208252,5.465243339538574,0.18602514266967773
s_fish_700,resnet50_geirhos_tl,8,4,92,12,96.0,16.0,5.651268482208252,5.461114406585693,0.1901540756225586
s_fish_700,resnet50_geirhos_tl,8,4,92,16,96.0,20.0,5.651268482208252,5.499479293823242,0.15178918838500977
s_fish_700,resnet50_geirhos_tl,8,4,92,20,96.0,24.0,5.651268482208252,5.528257369995117,0.12301111221313477
s_fish_700,resnet50_geirhos_tl,8,4,92,24,96.0,28.0,5.651268482208252,5.520531177520752,0.1307373046875
s_fish_700,resnet50_geirhos_tl,8,4,92,28,96.0,32.0,5.651268482208252,5.543343544006348,0.1079249382019043
s_fish_700,resnet50_geirhos_tl,8,4,92,32,96.0,36.0,5.651268482208252,5.599996566772461,0.051271915435791016
s_fish_700,resnet50_geirhos_tl,8,4,92,36,96.0,40.0,5.651268482208252,5.5513434410095215,0.09992504119873047
s_fish_700,resnet50_geirhos_tl,8,4,92,40,96.0,44.0,5.651268482208252,5.631664752960205,0.019603729248046875
s_fish_700,resnet50_geirhos_tl,8,4,92,44,96.0,48.0,5.651268482208252,5.652978897094727,-0.0017104148864746094
s_fish_700,resnet50_geirhos_tl,8,4,92,48,96.0,52.0,5.651268482208252,5.637282371520996,0.01398611068725586
s_fish_700,resnet50_geirhos_tl,8,4,92,52,96.0,56.0,5.651268482208252,5.581869125366211,0.06939935684204102
s_fish_700,resnet50_geirhos_tl,8,4,92,56,96.0,60.0,5.651268482208252,5.6669392585754395,-0.0156707763671875
s_fish_700,resnet50_geirhos_tl,8,4,92,60,96.0,64.0,5.651268482208252,5.713960647583008,-0.06269216537475586
s_fish_700,resnet50_geirhos_tl,8,4,92,64,96.0,68.0,5.651268482208252,5.670252323150635,-0.018983840942382812
s_fish_700,resnet50_geirhos_tl,8,4,92,68,96.0,72.0,5.651268482208252,5.742552280426025,-0.09128379821777344
s_fish_700,resnet50_geirhos_tl,8,4,92,72,96.0,76.0,5.651268482208252,5.7543439865112305,-0.10307550430297852
s_fish_700,resnet50_geirhos_tl,8,4,92,76,96.0,80.0,5.651268482208252,5.774022579193115,-0.12275409698486328
s_fish_700,resnet50_geirhos_tl,8,4,92,80,96.0,84.0,5.651268482208252,5.847583293914795,-0.19631481170654297
s_fish_700,resnet50_geirhos_tl,8,4,92,84,96.0,88.0,5.651268482208252,5.757689476013184,-0.10642099380493164
s_fish_700,resnet50_geirhos_tl,8,4,92,88,96.0,92.0,5.651268482208252,5.790444374084473,-0.1391758918762207
s_fish_700,resnet50_geirhos_tl,8,4,92,92,96.0,96.0,5.651268482208252,5.764003753662109,-0.11273527145385742
s_fish_700,resnet50_geirhos_tl,8,4,92,96,96.0,100.0,5.651268482208252,5.9800519943237305,-0.3287835121154785
s_fish_700,resnet50_geirhos_tl,8,4,92,100,96.0,104.0,5.651268482208252,5.970993518829346,-0.31972503662109375
s_fish_700,resnet50_geirhos_tl,8,4,92,104,96.0,108.0,5.651268482208252,6.084413528442383,-0.43314504623413086
s_fish_700,resnet50_geirhos_tl,8,4,92,108,96.0,112.0,5.651268482208252,6.178123474121094,-0.5268549919128418
s_fish_700,resnet50_geirhos_tl,8,4,92,112,96.0,116.0,5.651268482208252,6.1707444190979,-0.5194759368896484
s_fish_700,resnet50_geirhos_tl,8,4,92,116,96.0,120.0,5.651268482208252,6.281439781188965,-0.6301712989807129
s_fish_700,resnet50_geirhos_tl,8,4,92,120,96.0,124.0,5.651268482208252,6.147757530212402,-0.4964890480041504
s_fish_700,resnet50_geirhos_tl,8,4,92,124,96.0,128.0,5.651268482208252,6.121459484100342,-0.47019100189208984
s_fish_700,resnet50_geirhos_tl,8,4,92,128,96.0,132.0,5.651268482208252,5.844546794891357,-0.19327831268310547
s_fish_700,resnet50_geirhos_tl,8,4,92,132,96.0,136.0,5.651268482208252,5.665157318115234,-0.013888835906982422
s_fish_700,resnet50_geirhos_tl,8,4,92,136,96.0,140.0,5.651268482208252,5.594424247741699,0.056844234466552734
s_fish_700,resnet50_geirhos_tl,8,4,92,140,96.0,144.0,5.651268482208252,5.497391700744629,0.15387678146362305
s_fish_700,resnet50_geirhos_tl,8,4,92,144,96.0,148.0,5.651268482208252,5.5961527824401855,0.055115699768066406
s_fish_700,resnet50_geirhos_tl,8,4,92,148,96.0,152.0,5.651268482208252,5.679709434509277,-0.02844095230102539
s_fish_700,resnet50_geirhos_tl,8,4,92,152,96.0,156.0,5.651268482208252,5.589053630828857,0.06221485137939453
s_fish_700,resnet50_geirhos_tl,8,4,92,156,96.0,160.0,5.651268482208252,5.568728446960449,0.08254003524780273
s_fish_700,resnet50_geirhos_tl,8,4,92,160,96.0,164.0,5.651268482208252,5.553006649017334,0.09826183319091797
s_fish_700,resnet50_geirhos_tl,8,4,92,164,96.0,168.0,5.651268482208252,5.571316242218018,0.07995223999023438
s_fish_700,resnet50_geirhos_tl,8,4,92,168,96.0,172.0,5.651268482208252,5.587177753448486,0.06409072875976562
s_fish_700,resnet50_geirhos_tl,8,4,92,172,96.0,176.0,5.651268482208252,5.640058517456055,0.011209964752197266
s_fish_700,resnet50_geirhos_tl,8,4,92,176,96.0,180.0,5.651268482208252,5.55966854095459,0.09159994125366211
s_fish_700,resnet50_geirhos_tl,8,4,92,180,96.0,184.0,5.651268482208252,5.5902299880981445,0.06103849411010742
s_fish_700,resnet50_geirhos_tl,8,4,92,184,96.0,188.0,5.651268482208252,5.618773937225342,0.032494544982910156
s_fish_700,resnet50_geirhos_tl,8,4,92,188,96.0,192.0,5.651268482208252,5.659625053405762,-0.008356571197509766
s_fish_700,resnet50_geirhos_tl,8,4,92,192,96.0,196.0,5.651268482208252,5.652599811553955,-0.001331329345703125
s_fish_700,resnet50_geirhos_tl,8,4,92,196,96.0,200.0,5.651268482208252,5.633194446563721,0.01807403564453125
s_fish_700,resnet50_geirhos_tl,8,4,92,200,96.0,204.0,5.651268482208252,5.650234222412109,0.0010342597961425781
s_fish_700,resnet50_geirhos_tl,8,4,92,204,96.0,208.0,5.651268482208252,5.577378749847412,0.07388973236083984
s_fish_700,resnet50_geirhos_tl,8,4,92,208,96.0,212.0,5.651268482208252,5.502691268920898,0.14857721328735352
s_fish_700,resnet50_geirhos_tl,8,4,92,212,96.0,216.0,5.651268482208252,5.573876857757568,0.0773916244506836
s_fish_700,resnet50_geirhos_tl,8,4,92,216,96.0,220.0,5.651268482208252,5.646877765655518,0.004390716552734375
s_fish_700,resnet50_geirhos_tl,8,4,96,0,100.0,4.0,5.651268482208252,5.575467109680176,0.07580137252807617
s_fish_700,resnet50_geirhos_tl,8,4,96,4,100.0,8.0,5.651268482208252,5.5086164474487305,0.14265203475952148
s_fish_700,resnet50_geirhos_tl,8,4,96,8,100.0,12.0,5.651268482208252,5.472694396972656,0.1785740852355957
s_fish_700,resnet50_geirhos_tl,8,4,96,12,100.0,16.0,5.651268482208252,5.46737003326416,0.1838984489440918
s_fish_700,resnet50_geirhos_tl,8,4,96,16,100.0,20.0,5.651268482208252,5.500030994415283,0.15123748779296875
s_fish_700,resnet50_geirhos_tl,8,4,96,20,100.0,24.0,5.651268482208252,5.548156261444092,0.10311222076416016
s_fish_700,resnet50_geirhos_tl,8,4,96,24,100.0,28.0,5.651268482208252,5.52427339553833,0.12699508666992188
s_fish_700,resnet50_geirhos_tl,8,4,96,28,100.0,32.0,5.651268482208252,5.566043853759766,0.08522462844848633
s_fish_700,resnet50_geirhos_tl,8,4,96,32,100.0,36.0,5.651268482208252,5.686951160430908,-0.03568267822265625
s_fish_700,resnet50_geirhos_tl,8,4,96,36,100.0,40.0,5.651268482208252,5.637209415435791,0.014059066772460938
s_fish_700,resnet50_geirhos_tl,8,4,96,40,100.0,44.0,5.651268482208252,5.641899108886719,0.009369373321533203
s_fish_700,resnet50_geirhos_tl,8,4,96,44,100.0,48.0,5.651268482208252,5.649081230163574,0.0021872520446777344
s_fish_700,resnet50_geirhos_tl,8,4,96,48,100.0,52.0,5.651268482208252,5.65688419342041,-0.005615711212158203
s_fish_700,resnet50_geirhos_tl,8,4,96,52,100.0,56.0,5.651268482208252,5.6688923835754395,-0.0176239013671875
s_fish_700,resnet50_geirhos_tl,8,4,96,56,100.0,60.0,5.651268482208252,5.728963375091553,-0.07769489288330078
s_fish_700,resnet50_geirhos_tl,8,4,96,60,100.0,64.0,5.651268482208252,5.758810043334961,-0.10754156112670898
s_fish_700,resnet50_geirhos_tl,8,4,96,64,100.0,68.0,5.651268482208252,5.765733242034912,-0.11446475982666016
s_fish_700,resnet50_geirhos_tl,8,4,96,68,100.0,72.0,5.651268482208252,5.728434085845947,-0.07716560363769531
s_fish_700,resnet50_geirhos_tl,8,4,96,72,100.0,76.0,5.651268482208252,5.838958263397217,-0.18768978118896484
s_fish_700,resnet50_geirhos_tl,8,4,96,76,100.0,80.0,5.651268482208252,5.831017971038818,-0.1797494888305664
s_fish_700,resnet50_geirhos_tl,8,4,96,80,100.0,84.0,5.651268482208252,5.907649993896484,-0.2563815116882324
s_fish_700,resnet50_geirhos_tl,8,4,96,84,100.0,88.0,5.651268482208252,5.8668999671936035,-0.21563148498535156
s_fish_700,resnet50_geirhos_tl,8,4,96,88,100.0,92.0,5.651268482208252,6.015464782714844,-0.3641963005065918
s_fish_700,resnet50_geirhos_tl,8,4,96,92,100.0,96.0,5.651268482208252,5.92423152923584,-0.2729630470275879
s_fish_700,resnet50_geirhos_tl,8,4,96,96,100.0,100.0,5.651268482208252,6.070409774780273,-0.4191412925720215
s_fish_700,resnet50_geirhos_tl,8,4,96,100,100.0,104.0,5.651268482208252,5.982967376708984,-0.3316988945007324
s_fish_700,resnet50_geirhos_tl,8,4,96,104,100.0,108.0,5.651268482208252,6.007104396820068,-0.3558359146118164
s_fish_700,resnet50_geirhos_tl,8,4,96,108,100.0,112.0,5.651268482208252,6.127697944641113,-0.47642946243286133
s_fish_700,resnet50_geirhos_tl,8,4,96,112,100.0,116.0,5.651268482208252,6.132230281829834,-0.48096179962158203
s_fish_700,resnet50_geirhos_tl,8,4,96,116,100.0,120.0,5.651268482208252,6.353404521942139,-0.7021360397338867
s_fish_700,resnet50_geirhos_tl,8,4,96,120,100.0,124.0,5.651268482208252,6.1807355880737305,-0.5294671058654785
s_fish_700,resnet50_geirhos_tl,8,4,96,124,100.0,128.0,5.651268482208252,6.105117321014404,-0.45384883880615234
s_fish_700,resnet50_geirhos_tl,8,4,96,128,100.0,132.0,5.651268482208252,5.926878452301025,-0.27560997009277344
s_fish_700,resnet50_geirhos_tl,8,4,96,132,100.0,136.0,5.651268482208252,5.630530834197998,0.020737648010253906
s_fish_700,resnet50_geirhos_tl,8,4,96,136,100.0,140.0,5.651268482208252,5.484732627868652,0.1665358543395996
s_fish_700,resnet50_geirhos_tl,8,4,96,140,100.0,144.0,5.651268482208252,5.422188758850098,0.2290797233581543
s_fish_700,resnet50_geirhos_tl,8,4,96,144,100.0,148.0,5.651268482208252,5.585395812988281,0.0658726692199707
s_fish_700,resnet50_geirhos_tl,8,4,96,148,100.0,152.0,5.651268482208252,5.567028999328613,0.08423948287963867
s_fish_700,resnet50_geirhos_tl,8,4,96,152,100.0,156.0,5.651268482208252,5.545253753662109,0.10601472854614258
s_fish_700,resnet50_geirhos_tl,8,4,96,156,100.0,160.0,5.651268482208252,5.57177209854126,0.07949638366699219
s_fish_700,resnet50_geirhos_tl,8,4,96,160,100.0,164.0,5.651268482208252,5.566967964172363,0.08430051803588867
s_fish_700,resnet50_geirhos_tl,8,4,96,164,100.0,168.0,5.651268482208252,5.606942653656006,0.044325828552246094
s_fish_700,resnet50_geirhos_tl,8,4,96,168,100.0,172.0,5.651268482208252,5.622435092926025,0.028833389282226562
s_fish_700,resnet50_geirhos_tl,8,4,96,172,100.0,176.0,5.651268482208252,5.6754560470581055,-0.024187564849853516
s_fish_700,resnet50_geirhos_tl,8,4,96,176,100.0,180.0,5.651268482208252,5.6119585037231445,0.03930997848510742
s_fish_700,resnet50_geirhos_tl,8,4,96,180,100.0,184.0,5.651268482208252,5.633172512054443,0.018095970153808594
s_fish_700,resnet50_geirhos_tl,8,4,96,184,100.0,188.0,5.651268482208252,5.633648872375488,0.017619609832763672
s_fish_700,resnet50_geirhos_tl,8,4,96,188,100.0,192.0,5.651268482208252,5.680359363555908,-0.02909088134765625
s_fish_700,resnet50_geirhos_tl,8,4,96,192,100.0,196.0,5.651268482208252,5.635846138000488,0.015422344207763672
s_fish_700,resnet50_geirhos_tl,8,4,96,196,100.0,200.0,5.651268482208252,5.625753402709961,0.025515079498291016
s_fish_700,resnet50_geirhos_tl,8,4,96,200,100.0,204.0,5.651268482208252,5.62744665145874,0.02382183074951172
s_fish_700,resnet50_geirhos_tl,8,4,96,204,100.0,208.0,5.651268482208252,5.574345111846924,0.07692337036132812
s_fish_700,resnet50_geirhos_tl,8,4,96,208,100.0,212.0,5.651268482208252,5.571565628051758,0.07970285415649414
s_fish_700,resnet50_geirhos_tl,8,4,96,212,100.0,216.0,5.651268482208252,5.5821404457092285,0.06912803649902344
s_fish_700,resnet50_geirhos_tl,8,4,96,216,100.0,220.0,5.651268482208252,5.661196231842041,-0.009927749633789062
s_fish_700,resnet50_geirhos_tl,8,4,100,0,104.0,4.0,5.651268482208252,5.5882954597473145,0.0629730224609375
s_fish_700,resnet50_geirhos_tl,8,4,100,4,104.0,8.0,5.651268482208252,5.519779682159424,0.13148880004882812
s_fish_700,resnet50_geirhos_tl,8,4,100,8,104.0,12.0,5.651268482208252,5.491814136505127,0.159454345703125
s_fish_700,resnet50_geirhos_tl,8,4,100,12,104.0,16.0,5.651268482208252,5.472533226013184,0.17873525619506836
s_fish_700,resnet50_geirhos_tl,8,4,100,16,104.0,20.0,5.651268482208252,5.520178318023682,0.1310901641845703
s_fish_700,resnet50_geirhos_tl,8,4,100,20,104.0,24.0,5.651268482208252,5.524185657501221,0.12708282470703125
s_fish_700,resnet50_geirhos_tl,8,4,100,24,104.0,28.0,5.651268482208252,5.504636764526367,0.14663171768188477
s_fish_700,resnet50_geirhos_tl,8,4,100,28,104.0,32.0,5.651268482208252,5.620701313018799,0.030567169189453125
s_fish_700,resnet50_geirhos_tl,8,4,100,32,104.0,36.0,5.651268482208252,5.708467960357666,-0.05719947814941406
s_fish_700,resnet50_geirhos_tl,8,4,100,36,104.0,40.0,5.651268482208252,5.661397457122803,-0.010128974914550781
s_fish_700,resnet50_geirhos_tl,8,4,100,40,104.0,44.0,5.651268482208252,5.6645050048828125,-0.013236522674560547
s_fish_700,resnet50_geirhos_tl,8,4,100,44,104.0,48.0,5.651268482208252,5.649783134460449,0.0014853477478027344
s_fish_700,resnet50_geirhos_tl,8,4,100,48,104.0,52.0,5.651268482208252,5.6959662437438965,-0.04469776153564453
s_fish_700,resnet50_geirhos_tl,8,4,100,52,104.0,56.0,5.651268482208252,5.701330661773682,-0.05006217956542969
s_fish_700,resnet50_geirhos_tl,8,4,100,56,104.0,60.0,5.651268482208252,5.700240135192871,-0.04897165298461914
s_fish_700,resnet50_geirhos_tl,8,4,100,60,104.0,64.0,5.651268482208252,5.736546993255615,-0.08527851104736328
s_fish_700,resnet50_geirhos_tl,8,4,100,64,104.0,68.0,5.651268482208252,5.726904392242432,-0.07563591003417969
s_fish_700,resnet50_geirhos_tl,8,4,100,68,104.0,72.0,5.651268482208252,5.6574506759643555,-0.006182193756103516
s_fish_700,resnet50_geirhos_tl,8,4,100,72,104.0,76.0,5.651268482208252,5.746407985687256,-0.0951395034790039
s_fish_700,resnet50_geirhos_tl,8,4,100,76,104.0,80.0,5.651268482208252,5.802609920501709,-0.15134143829345703
s_fish_700,resnet50_geirhos_tl,8,4,100,80,104.0,84.0,5.651268482208252,5.876223087310791,-0.22495460510253906
s_fish_700,resnet50_geirhos_tl,8,4,100,84,104.0,88.0,5.651268482208252,5.943592071533203,-0.29232358932495117
s_fish_700,resnet50_geirhos_tl,8,4,100,88,104.0,92.0,5.651268482208252,6.1242356300354,-0.47296714782714844
s_fish_700,resnet50_geirhos_tl,8,4,100,92,104.0,96.0,5.651268482208252,6.070266246795654,-0.41899776458740234
s_fish_700,resnet50_geirhos_tl,8,4,100,96,104.0,100.0,5.651268482208252,6.057962417602539,-0.4066939353942871
s_fish_700,resnet50_geirhos_tl,8,4,100,100,104.0,104.0,5.651268482208252,6.050886631011963,-0.39961814880371094
s_fish_700,resnet50_geirhos_tl,8,4,100,104,104.0,108.0,5.651268482208252,6.013321399688721,-0.36205291748046875
s_fish_700,resnet50_geirhos_tl,8,4,100,108,104.0,112.0,5.651268482208252,6.029402256011963,-0.37813377380371094
s_fish_700,resnet50_geirhos_tl,8,4,100,112,104.0,116.0,5.651268482208252,5.953492164611816,-0.30222368240356445
s_fish_700,resnet50_geirhos_tl,8,4,100,116,104.0,120.0,5.651268482208252,6.054602146148682,-0.4033336639404297
s_fish_700,resnet50_geirhos_tl,8,4,100,120,104.0,124.0,5.651268482208252,5.918174743652344,-0.2669062614440918
s_fish_700,resnet50_geirhos_tl,8,4,100,124,104.0,128.0,5.651268482208252,6.089761734008789,-0.4384932518005371
s_fish_700,resnet50_geirhos_tl,8,4,100,128,104.0,132.0,5.651268482208252,6.1151814460754395,-0.4639129638671875
s_fish_700,resnet50_geirhos_tl,8,4,100,132,104.0,136.0,5.651268482208252,5.667209625244141,-0.015941143035888672
s_fish_700,resnet50_geirhos_tl,8,4,100,136,104.0,140.0,5.651268482208252,5.426027297973633,0.22524118423461914
s_fish_700,resnet50_geirhos_tl,8,4,100,140,104.0,144.0,5.651268482208252,5.415094375610352,0.2361741065979004
s_fish_700,resnet50_geirhos_tl,8,4,100,144,104.0,148.0,5.651268482208252,5.525834560394287,0.12543392181396484
s_fish_700,resnet50_geirhos_tl,8,4,100,148,104.0,152.0,5.651268482208252,5.478299617767334,0.17296886444091797
s_fish_700,resnet50_geirhos_tl,8,4,100,152,104.0,156.0,5.651268482208252,5.466127395629883,0.18514108657836914
s_fish_700,resnet50_geirhos_tl,8,4,100,156,104.0,160.0,5.651268482208252,5.45497465133667,0.19629383087158203
s_fish_700,resnet50_geirhos_tl,8,4,100,160,104.0,164.0,5.651268482208252,5.503004550933838,0.14826393127441406
s_fish_700,resnet50_geirhos_tl,8,4,100,164,104.0,168.0,5.651268482208252,5.56486701965332,0.08640146255493164
s_fish_700,resnet50_geirhos_tl,8,4,100,168,104.0,172.0,5.651268482208252,5.613851070404053,0.03741741180419922
s_fish_700,resnet50_geirhos_tl,8,4,100,172,104.0,176.0,5.651268482208252,5.689423561096191,-0.03815507888793945
s_fish_700,resnet50_geirhos_tl,8,4,100,176,104.0,180.0,5.651268482208252,5.688105583190918,-0.036837100982666016
s_fish_700,resnet50_geirhos_tl,8,4,100,180,104.0,184.0,5.651268482208252,5.686241626739502,-0.03497314453125
s_fish_700,resnet50_geirhos_tl,8,4,100,184,104.0,188.0,5.651268482208252,5.657841682434082,-0.006573200225830078
s_fish_700,resnet50_geirhos_tl,8,4,100,188,104.0,192.0,5.651268482208252,5.691094398498535,-0.0398259162902832
s_fish_700,resnet50_geirhos_tl,8,4,100,192,104.0,196.0,5.651268482208252,5.6278276443481445,0.023440837860107422
s_fish_700,resnet50_geirhos_tl,8,4,100,196,104.0,200.0,5.651268482208252,5.59608793258667,0.05518054962158203
s_fish_700,resnet50_geirhos_tl,8,4,100,200,104.0,204.0,5.651268482208252,5.608710765838623,0.042557716369628906
s_fish_700,resnet50_geirhos_tl,8,4,100,204,104.0,208.0,5.651268482208252,5.574338436126709,0.07693004608154297
s_fish_700,resnet50_geirhos_tl,8,4,100,208,104.0,212.0,5.651268482208252,5.563054084777832,0.08821439743041992
s_fish_700,resnet50_geirhos_tl,8,4,100,212,104.0,216.0,5.651268482208252,5.601086616516113,0.05018186569213867
s_fish_700,resnet50_geirhos_tl,8,4,100,216,104.0,220.0,5.651268482208252,5.667439937591553,-0.01617145538330078
s_fish_700,resnet50_geirhos_tl,8,4,104,0,108.0,4.0,5.651268482208252,5.575034141540527,0.07623434066772461
s_fish_700,resnet50_geirhos_tl,8,4,104,4,108.0,8.0,5.651268482208252,5.530028343200684,0.12124013900756836
s_fish_700,resnet50_geirhos_tl,8,4,104,8,108.0,12.0,5.651268482208252,5.531604766845703,0.11966371536254883
s_fish_700,resnet50_geirhos_tl,8,4,104,12,108.0,16.0,5.651268482208252,5.527686595916748,0.1235818862915039
s_fish_700,resnet50_geirhos_tl,8,4,104,16,108.0,20.0,5.651268482208252,5.525569915771484,0.12569856643676758
s_fish_700,resnet50_geirhos_tl,8,4,104,20,108.0,24.0,5.651268482208252,5.550535678863525,0.10073280334472656
s_fish_700,resnet50_geirhos_tl,8,4,104,24,108.0,28.0,5.651268482208252,5.593285083770752,0.0579833984375
s_fish_700,resnet50_geirhos_tl,8,4,104,28,108.0,32.0,5.651268482208252,5.754704475402832,-0.10343599319458008
s_fish_700,resnet50_geirhos_tl,8,4,104,32,108.0,36.0,5.651268482208252,5.7072553634643555,-0.055986881256103516
s_fish_700,resnet50_geirhos_tl,8,4,104,36,108.0,40.0,5.651268482208252,5.719127178192139,-0.06785869598388672
s_fish_700,resnet50_geirhos_tl,8,4,104,40,108.0,44.0,5.651268482208252,5.58986759185791,0.0614008903503418
s_fish_700,resnet50_geirhos_tl,8,4,104,44,108.0,48.0,5.651268482208252,5.592680931091309,0.05858755111694336
s_fish_700,resnet50_geirhos_tl,8,4,104,48,108.0,52.0,5.651268482208252,5.69307804107666,-0.0418095588684082
s_fish_700,resnet50_geirhos_tl,8,4,104,52,108.0,56.0,5.651268482208252,5.729086875915527,-0.07781839370727539
s_fish_700,resnet50_geirhos_tl,8,4,104,56,108.0,60.0,5.651268482208252,5.759466171264648,-0.10819768905639648
s_fish_700,resnet50_geirhos_tl,8,4,104,60,108.0,64.0,5.651268482208252,5.842039108276367,-0.19077062606811523
s_fish_700,resnet50_geirhos_tl,8,4,104,64,108.0,68.0,5.651268482208252,5.8250861167907715,-0.17381763458251953
s_fish_700,resnet50_geirhos_tl,8,4,104,68,108.0,72.0,5.651268482208252,5.792182922363281,-0.1409144401550293
s_fish_700,resnet50_geirhos_tl,8,4,104,72,108.0,76.0,5.651268482208252,5.785277366638184,-0.13400888442993164
s_fish_700,resnet50_geirhos_tl,8,4,104,76,108.0,80.0,5.651268482208252,5.79463005065918,-0.14336156845092773
s_fish_700,resnet50_geirhos_tl,8,4,104,80,108.0,84.0,5.651268482208252,5.908048629760742,-0.25678014755249023
s_fish_700,resnet50_geirhos_tl,8,4,104,84,108.0,88.0,5.651268482208252,5.9675211906433105,-0.3162527084350586
s_fish_700,resnet50_geirhos_tl,8,4,104,88,108.0,92.0,5.651268482208252,6.0531463623046875,-0.40187788009643555
s_fish_700,resnet50_geirhos_tl,8,4,104,92,108.0,96.0,5.651268482208252,6.15451192855835,-0.5032434463500977
s_fish_700,resnet50_geirhos_tl,8,4,104,96,108.0,100.0,5.651268482208252,6.092398166656494,-0.4411296844482422
s_fish_700,resnet50_geirhos_tl,8,4,104,100,108.0,104.0,5.651268482208252,6.091930389404297,-0.4406619071960449
s_fish_700,resnet50_geirhos_tl,8,4,104,104,108.0,108.0,5.651268482208252,6.0139007568359375,-0.36263227462768555
s_fish_700,resnet50_geirhos_tl,8,4,104,108,108.0,112.0,5.651268482208252,5.997361183166504,-0.34609270095825195
s_fish_700,resnet50_geirhos_tl,8,4,104,112,108.0,116.0,5.651268482208252,5.864826679229736,-0.21355819702148438
s_fish_700,resnet50_geirhos_tl,8,4,104,116,108.0,120.0,5.651268482208252,5.774773597717285,-0.1235051155090332
s_fish_700,resnet50_geirhos_tl,8,4,104,120,108.0,124.0,5.651268482208252,5.90336799621582,-0.25209951400756836
s_fish_700,resnet50_geirhos_tl,8,4,104,124,108.0,128.0,5.651268482208252,6.036731243133545,-0.38546276092529297
s_fish_700,resnet50_geirhos_tl,8,4,104,128,108.0,132.0,5.651268482208252,5.948790550231934,-0.29752206802368164
s_fish_700,resnet50_geirhos_tl,8,4,104,132,108.0,136.0,5.651268482208252,5.71012544631958,-0.058856964111328125
s_fish_700,resnet50_geirhos_tl,8,4,104,136,108.0,140.0,5.651268482208252,5.504178047180176,0.14709043502807617
s_fish_700,resnet50_geirhos_tl,8,4,104,140,108.0,144.0,5.651268482208252,5.41261100769043,0.23865747451782227
s_fish_700,resnet50_geirhos_tl,8,4,104,144,108.0,148.0,5.651268482208252,5.486549377441406,0.1647191047668457
s_fish_700,resnet50_geirhos_tl,8,4,104,148,108.0,152.0,5.651268482208252,5.464886665344238,0.18638181686401367
s_fish_700,resnet50_geirhos_tl,8,4,104,152,108.0,156.0,5.651268482208252,5.479448318481445,0.17182016372680664
s_fish_700,resnet50_geirhos_tl,8,4,104,156,108.0,160.0,5.651268482208252,5.485407829284668,0.16586065292358398
s_fish_700,resnet50_geirhos_tl,8,4,104,160,108.0,164.0,5.651268482208252,5.424849510192871,0.22641897201538086
s_fish_700,resnet50_geirhos_tl,8,4,104,164,108.0,168.0,5.651268482208252,5.483707904815674,0.16756057739257812
s_fish_700,resnet50_geirhos_tl,8,4,104,168,108.0,172.0,5.651268482208252,5.615030288696289,0.03623819351196289
s_fish_700,resnet50_geirhos_tl,8,4,104,172,108.0,176.0,5.651268482208252,5.671122074127197,-0.019853591918945312
s_fish_700,resnet50_geirhos_tl,8,4,104,176,108.0,180.0,5.651268482208252,5.624770641326904,0.026497840881347656
s_fish_700,resnet50_geirhos_tl,8,4,104,180,108.0,184.0,5.651268482208252,5.642543315887451,0.008725166320800781
s_fish_700,resnet50_geirhos_tl,8,4,104,184,108.0,188.0,5.651268482208252,5.641562461853027,0.00970602035522461
s_fish_700,resnet50_geirhos_tl,8,4,104,188,108.0,192.0,5.651268482208252,5.672541618347168,-0.021273136138916016
s_fish_700,resnet50_geirhos_tl,8,4,104,192,108.0,196.0,5.651268482208252,5.59410285949707,0.05716562271118164
s_fish_700,resnet50_geirhos_tl,8,4,104,196,108.0,200.0,5.651268482208252,5.586038589477539,0.06522989273071289
s_fish_700,resnet50_geirhos_tl,8,4,104,200,108.0,204.0,5.651268482208252,5.609879016876221,0.04138946533203125
s_fish_700,resnet50_geirhos_tl,8,4,104,204,108.0,208.0,5.651268482208252,5.559023857116699,0.09224462509155273
s_fish_700,resnet50_geirhos_tl,8,4,104,208,108.0,212.0,5.651268482208252,5.54604959487915,0.10521888732910156
s_fish_700,resnet50_geirhos_tl,8,4,104,212,108.0,216.0,5.651268482208252,5.578417778015137,0.07285070419311523
s_fish_700,resnet50_geirhos_tl,8,4,104,216,108.0,220.0,5.651268482208252,5.653594970703125,-0.002326488494873047
s_fish_700,resnet50_geirhos_tl,8,4,108,0,112.0,4.0,5.651268482208252,5.595691680908203,0.05557680130004883
s_fish_700,resnet50_geirhos_tl,8,4,108,4,112.0,8.0,5.651268482208252,5.539792537689209,0.11147594451904297
s_fish_700,resnet50_geirhos_tl,8,4,108,8,112.0,12.0,5.651268482208252,5.5750579833984375,0.07621049880981445
s_fish_700,resnet50_geirhos_tl,8,4,108,12,112.0,16.0,5.651268482208252,5.5566864013671875,0.09458208084106445
s_fish_700,resnet50_geirhos_tl,8,4,108,16,112.0,20.0,5.651268482208252,5.544623374938965,0.10664510726928711
s_fish_700,resnet50_geirhos_tl,8,4,108,20,112.0,24.0,5.651268482208252,5.593125343322754,0.05814313888549805
s_fish_700,resnet50_geirhos_tl,8,4,108,24,112.0,28.0,5.651268482208252,5.678218841552734,-0.026950359344482422
s_fish_700,resnet50_geirhos_tl,8,4,108,28,112.0,32.0,5.651268482208252,5.690824508666992,-0.039556026458740234
s_fish_700,resnet50_geirhos_tl,8,4,108,32,112.0,36.0,5.651268482208252,5.643691539764404,0.007576942443847656
s_fish_700,resnet50_geirhos_tl,8,4,108,36,112.0,40.0,5.651268482208252,5.586845397949219,0.0644230842590332
s_fish_700,resnet50_geirhos_tl,8,4,108,40,112.0,44.0,5.651268482208252,5.584035873413086,0.06723260879516602
s_fish_700,resnet50_geirhos_tl,8,4,108,44,112.0,48.0,5.651268482208252,5.63931941986084,0.01194906234741211
s_fish_700,resnet50_geirhos_tl,8,4,108,48,112.0,52.0,5.651268482208252,5.761294364929199,-0.11002588272094727
s_fish_700,resnet50_geirhos_tl,8,4,108,52,112.0,56.0,5.651268482208252,5.744792461395264,-0.09352397918701172
s_fish_700,resnet50_geirhos_tl,8,4,108,56,112.0,60.0,5.651268482208252,5.780949115753174,-0.12968063354492188
s_fish_700,resnet50_geirhos_tl,8,4,108,60,112.0,64.0,5.651268482208252,5.8106279373168945,-0.15935945510864258
s_fish_700,resnet50_geirhos_tl,8,4,108,64,112.0,68.0,5.651268482208252,5.88873291015625,-0.23746442794799805
s_fish_700,resnet50_geirhos_tl,8,4,108,68,112.0,72.0,5.651268482208252,5.824126243591309,-0.17285776138305664
s_fish_700,resnet50_geirhos_tl,8,4,108,72,112.0,76.0,5.651268482208252,5.87230110168457,-0.22103261947631836
s_fish_700,resnet50_geirhos_tl,8,4,108,76,112.0,80.0,5.651268482208252,5.81257963180542,-0.16131114959716797
s_fish_700,resnet50_geirhos_tl,8,4,108,80,112.0,84.0,5.651268482208252,5.928318977355957,-0.2770504951477051
s_fish_700,resnet50_geirhos_tl,8,4,108,84,112.0,88.0,5.651268482208252,5.9541096687316895,-0.3028411865234375
s_fish_700,resnet50_geirhos_tl,8,4,108,88,112.0,92.0,5.651268482208252,6.062646389007568,-0.4113779067993164
s_fish_700,resnet50_geirhos_tl,8,4,108,92,112.0,96.0,5.651268482208252,6.194543838500977,-0.5432753562927246
s_fish_700,resnet50_geirhos_tl,8,4,108,96,112.0,100.0,5.651268482208252,6.154987335205078,-0.5037188529968262
s_fish_700,resnet50_geirhos_tl,8,4,108,100,112.0,104.0,5.651268482208252,6.116180419921875,-0.46491193771362305
s_fish_700,resnet50_geirhos_tl,8,4,108,104,112.0,108.0,5.651268482208252,6.074946403503418,-0.423677921295166
s_fish_700,resnet50_geirhos_tl,8,4,108,108,112.0,112.0,5.651268482208252,5.815680027008057,-0.1644115447998047
s_fish_700,resnet50_geirhos_tl,8,4,108,112,112.0,116.0,5.651268482208252,5.7620768547058105,-0.1108083724975586
s_fish_700,resnet50_geirhos_tl,8,4,108,116,112.0,120.0,5.651268482208252,5.699714660644531,-0.0484461784362793
s_fish_700,resnet50_geirhos_tl,8,4,108,120,112.0,124.0,5.651268482208252,5.840129375457764,-0.18886089324951172
s_fish_700,resnet50_geirhos_tl,8,4,108,124,112.0,128.0,5.651268482208252,5.855935573577881,-0.2046670913696289
s_fish_700,resnet50_geirhos_tl,8,4,108,128,112.0,132.0,5.651268482208252,5.906411647796631,-0.2551431655883789
s_fish_700,resnet50_geirhos_tl,8,4,108,132,112.0,136.0,5.651268482208252,5.726726531982422,-0.07545804977416992
s_fish_700,resnet50_geirhos_tl,8,4,108,136,112.0,140.0,5.651268482208252,5.542274475097656,0.1089940071105957
s_fish_700,resnet50_geirhos_tl,8,4,108,140,112.0,144.0,5.651268482208252,5.493344306945801,0.15792417526245117
s_fish_700,resnet50_geirhos_tl,8,4,108,144,112.0,148.0,5.651268482208252,5.457874298095703,0.19339418411254883
s_fish_700,resnet50_geirhos_tl,8,4,108,148,112.0,152.0,5.651268482208252,5.457695484161377,0.193572998046875
s_fish_700,resnet50_geirhos_tl,8,4,108,152,112.0,156.0,5.651268482208252,5.431873321533203,0.21939516067504883
s_fish_700,resnet50_geirhos_tl,8,4,108,156,112.0,160.0,5.651268482208252,5.434587001800537,0.21668148040771484
s_fish_700,resnet50_geirhos_tl,8,4,108,160,112.0,164.0,5.651268482208252,5.474812030792236,0.17645645141601562
s_fish_700,resnet50_geirhos_tl,8,4,108,164,112.0,168.0,5.651268482208252,5.510526180267334,0.14074230194091797
s_fish_700,resnet50_geirhos_tl,8,4,108,168,112.0,172.0,5.651268482208252,5.544581890106201,0.10668659210205078
s_fish_700,resnet50_geirhos_tl,8,4,108,172,112.0,176.0,5.651268482208252,5.649216175079346,0.00205230712890625
s_fish_700,resnet50_geirhos_tl,8,4,108,176,112.0,180.0,5.651268482208252,5.597067832946777,0.05420064926147461
s_fish_700,resnet50_geirhos_tl,8,4,108,180,112.0,184.0,5.651268482208252,5.587030410766602,0.06423807144165039
s_fish_700,resnet50_geirhos_tl,8,4,108,184,112.0,188.0,5.651268482208252,5.6148505210876465,0.03641796112060547
s_fish_700,resnet50_geirhos_tl,8,4,108,188,112.0,192.0,5.651268482208252,5.685447692871094,-0.0341792106628418
s_fish_700,resnet50_geirhos_tl,8,4,108,192,112.0,196.0,5.651268482208252,5.617469787597656,0.0337986946105957
s_fish_700,resnet50_geirhos_tl,8,4,108,196,112.0,200.0,5.651268482208252,5.6057515144348145,0.0455169677734375
s_fish_700,resnet50_geirhos_tl,8,4,108,200,112.0,204.0,5.651268482208252,5.613487720489502,0.03778076171875
s_fish_700,resnet50_geirhos_tl,8,4,108,204,112.0,208.0,5.651268482208252,5.57276725769043,0.07850122451782227
s_fish_700,resnet50_geirhos_tl,8,4,108,208,112.0,212.0,5.651268482208252,5.525417804718018,0.12585067749023438
s_fish_700,resnet50_geirhos_tl,8,4,108,212,112.0,216.0,5.651268482208252,5.575368881225586,0.07589960098266602
s_fish_700,resnet50_geirhos_tl,8,4,108,216,112.0,220.0,5.651268482208252,5.660699844360352,-0.00943136215209961
s_fish_700,resnet50_geirhos_tl,8,4,112,0,116.0,4.0,5.651268482208252,5.623382091522217,0.027886390686035156
s_fish_700,resnet50_geirhos_tl,8,4,112,4,116.0,8.0,5.651268482208252,5.605425834655762,0.045842647552490234
s_fish_700,resnet50_geirhos_tl,8,4,112,8,116.0,12.0,5.651268482208252,5.607584476470947,0.04368400573730469
s_fish_700,resnet50_geirhos_tl,8,4,112,12,116.0,16.0,5.651268482208252,5.585511207580566,0.06575727462768555
s_fish_700,resnet50_geirhos_tl,8,4,112,16,116.0,20.0,5.651268482208252,5.614432334899902,0.03683614730834961
s_fish_700,resnet50_geirhos_tl,8,4,112,20,116.0,24.0,5.651268482208252,5.78645658493042,-0.13518810272216797
s_fish_700,resnet50_geirhos_tl,8,4,112,24,116.0,28.0,5.651268482208252,5.798492431640625,-0.14722394943237305
s_fish_700,resnet50_geirhos_tl,8,4,112,28,116.0,32.0,5.651268482208252,5.687615394592285,-0.0363469123840332
s_fish_700,resnet50_geirhos_tl,8,4,112,32,116.0,36.0,5.651268482208252,5.605780601501465,0.04548788070678711
s_fish_700,resnet50_geirhos_tl,8,4,112,36,116.0,40.0,5.651268482208252,5.566495895385742,0.08477258682250977
s_fish_700,resnet50_geirhos_tl,8,4,112,40,116.0,44.0,5.651268482208252,5.6547746658325195,-0.003506183624267578
s_fish_700,resnet50_geirhos_tl,8,4,112,44,116.0,48.0,5.651268482208252,5.700495719909668,-0.049227237701416016
s_fish_700,resnet50_geirhos_tl,8,4,112,48,116.0,52.0,5.651268482208252,5.808002471923828,-0.15673398971557617
s_fish_700,resnet50_geirhos_tl,8,4,112,52,116.0,56.0,5.651268482208252,5.843401908874512,-0.19213342666625977
s_fish_700,resnet50_geirhos_tl,8,4,112,56,116.0,60.0,5.651268482208252,5.916847229003906,-0.2655787467956543
s_fish_700,resnet50_geirhos_tl,8,4,112,60,116.0,64.0,5.651268482208252,5.85761833190918,-0.20634984970092773
s_fish_700,resnet50_geirhos_tl,8,4,112,64,116.0,68.0,5.651268482208252,5.8692803382873535,-0.21801185607910156
s_fish_700,resnet50_geirhos_tl,8,4,112,68,116.0,72.0,5.651268482208252,5.822046756744385,-0.1707782745361328
s_fish_700,resnet50_geirhos_tl,8,4,112,72,116.0,76.0,5.651268482208252,5.834563732147217,-0.18329524993896484
s_fish_700,resnet50_geirhos_tl,8,4,112,76,116.0,80.0,5.651268482208252,5.775895118713379,-0.12462663650512695
s_fish_700,resnet50_geirhos_tl,8,4,112,80,116.0,84.0,5.651268482208252,5.847815990447998,-0.1965475082397461
s_fish_700,resnet50_geirhos_tl,8,4,112,84,116.0,88.0,5.651268482208252,5.873296737670898,-0.22202825546264648
s_fish_700,resnet50_geirhos_tl,8,4,112,88,116.0,92.0,5.651268482208252,5.922809600830078,-0.27154111862182617
s_fish_700,resnet50_geirhos_tl,8,4,112,92,116.0,96.0,5.651268482208252,6.043452262878418,-0.392183780670166
s_fish_700,resnet50_geirhos_tl,8,4,112,96,116.0,100.0,5.651268482208252,6.027524948120117,-0.37625646591186523
s_fish_700,resnet50_geirhos_tl,8,4,112,100,116.0,104.0,5.651268482208252,6.015768527984619,-0.3645000457763672
s_fish_700,resnet50_geirhos_tl,8,4,112,104,116.0,108.0,5.651268482208252,5.995802879333496,-0.34453439712524414
s_fish_700,resnet50_geirhos_tl,8,4,112,108,116.0,112.0,5.651268482208252,5.823843002319336,-0.17257452011108398
s_fish_700,resnet50_geirhos_tl,8,4,112,112,116.0,116.0,5.651268482208252,5.702547073364258,-0.05127859115600586
s_fish_700,resnet50_geirhos_tl,8,4,112,116,116.0,120.0,5.651268482208252,5.6736249923706055,-0.022356510162353516
s_fish_700,resnet50_geirhos_tl,8,4,112,120,116.0,124.0,5.651268482208252,5.8097147941589355,-0.1584463119506836
s_fish_700,resnet50_geirhos_tl,8,4,112,124,116.0,128.0,5.651268482208252,5.742088317871094,-0.0908198356628418
s_fish_700,resnet50_geirhos_tl,8,4,112,128,116.0,132.0,5.651268482208252,5.730091094970703,-0.07882261276245117
s_fish_700,resnet50_geirhos_tl,8,4,112,132,116.0,136.0,5.651268482208252,5.767678737640381,-0.1164102554321289
s_fish_700,resnet50_geirhos_tl,8,4,112,136,116.0,140.0,5.651268482208252,5.681981563568115,-0.03071308135986328
s_fish_700,resnet50_geirhos_tl,8,4,112,140,116.0,144.0,5.651268482208252,5.544818878173828,0.10644960403442383
s_fish_700,resnet50_geirhos_tl,8,4,112,144,116.0,148.0,5.651268482208252,5.48718786239624,0.16408061981201172
s_fish_700,resnet50_geirhos_tl,8,4,112,148,116.0,152.0,5.651268482208252,5.480493545532227,0.1707749366760254
s_fish_700,resnet50_geirhos_tl,8,4,112,152,116.0,156.0,5.651268482208252,5.467981815338135,0.1832866668701172
s_fish_700,resnet50_geirhos_tl,8,4,112,156,116.0,160.0,5.651268482208252,5.466029167175293,0.18523931503295898
s_fish_700,resnet50_geirhos_tl,8,4,112,160,116.0,164.0,5.651268482208252,5.464474678039551,0.18679380416870117
s_fish_700,resnet50_geirhos_tl,8,4,112,164,116.0,168.0,5.651268482208252,5.4825029373168945,0.16876554489135742
s_fish_700,resnet50_geirhos_tl,8,4,112,168,116.0,172.0,5.651268482208252,5.518371105194092,0.13289737701416016
s_fish_700,resnet50_geirhos_tl,8,4,112,172,116.0,176.0,5.651268482208252,5.571686744689941,0.07958173751831055
s_fish_700,resnet50_geirhos_tl,8,4,112,176,116.0,180.0,5.651268482208252,5.534131050109863,0.11713743209838867
s_fish_700,resnet50_geirhos_tl,8,4,112,180,116.0,184.0,5.651268482208252,5.5667595863342285,0.08450889587402344
s_fish_700,resnet50_geirhos_tl,8,4,112,184,116.0,188.0,5.651268482208252,5.612692356109619,0.03857612609863281
s_fish_700,resnet50_geirhos_tl,8,4,112,188,116.0,192.0,5.651268482208252,5.674112319946289,-0.02284383773803711
s_fish_700,resnet50_geirhos_tl,8,4,112,192,116.0,196.0,5.651268482208252,5.625680923461914,0.02558755874633789
s_fish_700,resnet50_geirhos_tl,8,4,112,196,116.0,200.0,5.651268482208252,5.596900463104248,0.054368019104003906
s_fish_700,resnet50_geirhos_tl,8,4,112,200,116.0,204.0,5.651268482208252,5.587154865264893,0.06411361694335938
s_fish_700,resnet50_geirhos_tl,8,4,112,204,116.0,208.0,5.651268482208252,5.554887771606445,0.09638071060180664
s_fish_700,resnet50_geirhos_tl,8,4,112,208,116.0,212.0,5.651268482208252,5.519158363342285,0.1321101188659668
s_fish_700,resnet50_geirhos_tl,8,4,112,212,116.0,216.0,5.651268482208252,5.526485919952393,0.12478256225585938
s_fish_700,resnet50_geirhos_tl,8,4,112,216,116.0,220.0,5.651268482208252,5.6161580085754395,0.0351104736328125
s_fish_700,resnet50_geirhos_tl,8,4,116,0,120.0,4.0,5.651268482208252,5.655224323272705,-0.003955841064453125
s_fish_700,resnet50_geirhos_tl,8,4,116,4,120.0,8.0,5.651268482208252,5.617527961730957,0.03374052047729492
s_fish_700,resnet50_geirhos_tl,8,4,116,8,120.0,12.0,5.651268482208252,5.6570868492126465,-0.005818367004394531
s_fish_700,resnet50_geirhos_tl,8,4,116,12,120.0,16.0,5.651268482208252,5.6406450271606445,0.010623455047607422
s_fish_700,resnet50_geirhos_tl,8,4,116,16,120.0,20.0,5.651268482208252,5.661459445953369,-0.010190963745117188
s_fish_700,resnet50_geirhos_tl,8,4,116,20,120.0,24.0,5.651268482208252,5.747065544128418,-0.09579706192016602
s_fish_700,resnet50_geirhos_tl,8,4,116,24,120.0,28.0,5.651268482208252,5.741969585418701,-0.09070110321044922
s_fish_700,resnet50_geirhos_tl,8,4,116,28,120.0,32.0,5.651268482208252,5.557371139526367,0.09389734268188477
s_fish_700,resnet50_geirhos_tl,8,4,116,32,120.0,36.0,5.651268482208252,5.585088729858398,0.06617975234985352
s_fish_700,resnet50_geirhos_tl,8,4,116,36,120.0,40.0,5.651268482208252,5.636104106903076,0.015164375305175781
s_fish_700,resnet50_geirhos_tl,8,4,116,40,120.0,44.0,5.651268482208252,5.75790548324585,-0.10663700103759766
s_fish_700,resnet50_geirhos_tl,8,4,116,44,120.0,48.0,5.651268482208252,5.821543216705322,-0.1702747344970703
s_fish_700,resnet50_geirhos_tl,8,4,116,48,120.0,52.0,5.651268482208252,5.903597354888916,-0.25232887268066406
s_fish_700,resnet50_geirhos_tl,8,4,116,52,120.0,56.0,5.651268482208252,5.856489181518555,-0.20522069931030273
s_fish_700,resnet50_geirhos_tl,8,4,116,56,120.0,60.0,5.651268482208252,5.871865749359131,-0.2205972671508789
s_fish_700,resnet50_geirhos_tl,8,4,116,60,120.0,64.0,5.651268482208252,5.866361141204834,-0.21509265899658203
s_fish_700,resnet50_geirhos_tl,8,4,116,64,120.0,68.0,5.651268482208252,5.831425666809082,-0.18015718460083008
s_fish_700,resnet50_geirhos_tl,8,4,116,68,120.0,72.0,5.651268482208252,5.863184452056885,-0.2119159698486328
s_fish_700,resnet50_geirhos_tl,8,4,116,72,120.0,76.0,5.651268482208252,5.775352478027344,-0.1240839958190918
s_fish_700,resnet50_geirhos_tl,8,4,116,76,120.0,80.0,5.651268482208252,5.699938774108887,-0.048670291900634766
s_fish_700,resnet50_geirhos_tl,8,4,116,80,120.0,84.0,5.651268482208252,5.791030406951904,-0.13976192474365234
s_fish_700,resnet50_geirhos_tl,8,4,116,84,120.0,88.0,5.651268482208252,5.82795524597168,-0.17668676376342773
s_fish_700,resnet50_geirhos_tl,8,4,116,88,120.0,92.0,5.651268482208252,5.865118026733398,-0.21384954452514648
s_fish_700,resnet50_geirhos_tl,8,4,116,92,120.0,96.0,5.651268482208252,5.961502552032471,-0.31023406982421875
s_fish_700,resnet50_geirhos_tl,8,4,116,96,120.0,100.0,5.651268482208252,6.048190116882324,-0.39692163467407227
s_fish_700,resnet50_geirhos_tl,8,4,116,100,120.0,104.0,5.651268482208252,6.089859962463379,-0.43859148025512695
s_fish_700,resnet50_geirhos_tl,8,4,116,104,120.0,108.0,5.651268482208252,5.90257453918457,-0.25130605697631836
s_fish_700,resnet50_geirhos_tl,8,4,116,108,120.0,112.0,5.651268482208252,5.5922627449035645,0.0590057373046875
s_fish_700,resnet50_geirhos_tl,8,4,116,112,120.0,116.0,5.651268482208252,5.619123935699463,0.03214454650878906
s_fish_700,resnet50_geirhos_tl,8,4,116,116,120.0,120.0,5.651268482208252,5.592190742492676,0.05907773971557617
s_fish_700,resnet50_geirhos_tl,8,4,116,120,120.0,124.0,5.651268482208252,5.626415252685547,0.024853229522705078
s_fish_700,resnet50_geirhos_tl,8,4,116,124,120.0,128.0,5.651268482208252,5.806251525878906,-0.1549830436706543
s_fish_700,resnet50_geirhos_tl,8,4,116,128,120.0,132.0,5.651268482208252,5.633607864379883,0.01766061782836914
s_fish_700,resnet50_geirhos_tl,8,4,116,132,120.0,136.0,5.651268482208252,5.651931285858154,-0.0006628036499023438
s_fish_700,resnet50_geirhos_tl,8,4,116,136,120.0,140.0,5.651268482208252,5.747918605804443,-0.0966501235961914
s_fish_700,resnet50_geirhos_tl,8,4,116,140,120.0,144.0,5.651268482208252,5.67518424987793,-0.023915767669677734
s_fish_700,resnet50_geirhos_tl,8,4,116,144,120.0,148.0,5.651268482208252,5.549030303955078,0.10223817825317383
s_fish_700,resnet50_geirhos_tl,8,4,116,148,120.0,152.0,5.651268482208252,5.460233211517334,0.19103527069091797
s_fish_700,resnet50_geirhos_tl,8,4,116,152,120.0,156.0,5.651268482208252,5.4810791015625,0.17018938064575195
s_fish_700,resnet50_geirhos_tl,8,4,116,156,120.0,160.0,5.651268482208252,5.517883777618408,0.13338470458984375
s_fish_700,resnet50_geirhos_tl,8,4,116,160,120.0,164.0,5.651268482208252,5.565568923950195,0.08569955825805664
s_fish_700,resnet50_geirhos_tl,8,4,116,164,120.0,168.0,5.651268482208252,5.563531875610352,0.08773660659790039
s_fish_700,resnet50_geirhos_tl,8,4,116,168,120.0,172.0,5.651268482208252,5.532246112823486,0.11902236938476562
s_fish_700,resnet50_geirhos_tl,8,4,116,172,120.0,176.0,5.651268482208252,5.568099498748779,0.08316898345947266
s_fish_700,resnet50_geirhos_tl,8,4,116,176,120.0,180.0,5.651268482208252,5.550509929656982,0.10075855255126953
s_fish_700,resnet50_geirhos_tl,8,4,116,180,120.0,184.0,5.651268482208252,5.58659029006958,0.06467819213867188
s_fish_700,resnet50_geirhos_tl,8,4,116,184,120.0,188.0,5.651268482208252,5.600785255432129,0.05048322677612305
s_fish_700,resnet50_geirhos_tl,8,4,116,188,120.0,192.0,5.651268482208252,5.640478610992432,0.010789871215820312
s_fish_700,resnet50_geirhos_tl,8,4,116,192,120.0,196.0,5.651268482208252,5.629470348358154,0.021798133850097656
s_fish_700,resnet50_geirhos_tl,8,4,116,196,120.0,200.0,5.651268482208252,5.583041667938232,0.06822681427001953
s_fish_700,resnet50_geirhos_tl,8,4,116,200,120.0,204.0,5.651268482208252,5.570293426513672,0.08097505569458008
s_fish_700,resnet50_geirhos_tl,8,4,116,204,120.0,208.0,5.651268482208252,5.5165886878967285,0.13467979431152344
s_fish_700,resnet50_geirhos_tl,8,4,116,208,120.0,212.0,5.651268482208252,5.518835067749023,0.13243341445922852
s_fish_700,resnet50_geirhos_tl,8,4,116,212,120.0,216.0,5.651268482208252,5.504731178283691,0.14653730392456055
s_fish_700,resnet50_geirhos_tl,8,4,116,216,120.0,220.0,5.651268482208252,5.601302146911621,0.04996633529663086
s_fish_700,resnet50_geirhos_tl,8,4,120,0,124.0,4.0,5.651268482208252,5.668262481689453,-0.016993999481201172
s_fish_700,resnet50_geirhos_tl,8,4,120,4,124.0,8.0,5.651268482208252,5.660869598388672,-0.009601116180419922
s_fish_700,resnet50_geirhos_tl,8,4,120,8,124.0,12.0,5.651268482208252,5.6939921379089355,-0.042723655700683594
s_fish_700,resnet50_geirhos_tl,8,4,120,12,124.0,16.0,5.651268482208252,5.708370208740234,-0.05710172653198242
s_fish_700,resnet50_geirhos_tl,8,4,120,16,124.0,20.0,5.651268482208252,5.784853935241699,-0.13358545303344727
s_fish_700,resnet50_geirhos_tl,8,4,120,20,124.0,24.0,5.651268482208252,5.7961649894714355,-0.1448965072631836
s_fish_700,resnet50_geirhos_tl,8,4,120,24,124.0,28.0,5.651268482208252,5.723941802978516,-0.07267332077026367
s_fish_700,resnet50_geirhos_tl,8,4,120,28,124.0,32.0,5.651268482208252,5.606513977050781,0.0447545051574707
s_fish_700,resnet50_geirhos_tl,8,4,120,32,124.0,36.0,5.651268482208252,5.649803638458252,0.00146484375
s_fish_700,resnet50_geirhos_tl,8,4,120,36,124.0,40.0,5.651268482208252,5.67680025100708,-0.025531768798828125
s_fish_700,resnet50_geirhos_tl,8,4,120,40,124.0,44.0,5.651268482208252,5.784295082092285,-0.1330265998840332
s_fish_700,resnet50_geirhos_tl,8,4,120,44,124.0,48.0,5.651268482208252,5.899386882781982,-0.24811840057373047
s_fish_700,resnet50_geirhos_tl,8,4,120,48,124.0,52.0,5.651268482208252,5.967159748077393,-0.3158912658691406
s_fish_700,resnet50_geirhos_tl,8,4,120,52,124.0,56.0,5.651268482208252,5.878095626831055,-0.22682714462280273
s_fish_700,resnet50_geirhos_tl,8,4,120,56,124.0,60.0,5.651268482208252,5.907537937164307,-0.2562694549560547
s_fish_700,resnet50_geirhos_tl,8,4,120,60,124.0,64.0,5.651268482208252,5.964239597320557,-0.3129711151123047
s_fish_700,resnet50_geirhos_tl,8,4,120,64,124.0,68.0,5.651268482208252,5.876929759979248,-0.2256612777709961
s_fish_700,resnet50_geirhos_tl,8,4,120,68,124.0,72.0,5.651268482208252,5.837550640106201,-0.18628215789794922
s_fish_700,resnet50_geirhos_tl,8,4,120,72,124.0,76.0,5.651268482208252,5.68655252456665,-0.03528404235839844
s_fish_700,resnet50_geirhos_tl,8,4,120,76,124.0,80.0,5.651268482208252,5.681996822357178,-0.03072834014892578
s_fish_700,resnet50_geirhos_tl,8,4,120,80,124.0,84.0,5.651268482208252,5.72710657119751,-0.07583808898925781
s_fish_700,resnet50_geirhos_tl,8,4,120,84,124.0,88.0,5.651268482208252,5.695962429046631,-0.044693946838378906
s_fish_700,resnet50_geirhos_tl,8,4,120,88,124.0,92.0,5.651268482208252,5.757837295532227,-0.10656881332397461
s_fish_700,resnet50_geirhos_tl,8,4,120,92,124.0,96.0,5.651268482208252,5.827856540679932,-0.1765880584716797
s_fish_700,resnet50_geirhos_tl,8,4,120,96,124.0,100.0,5.651268482208252,5.8421525955200195,-0.19088411331176758
s_fish_700,resnet50_geirhos_tl,8,4,120,100,124.0,104.0,5.651268482208252,5.874263763427734,-0.22299528121948242
s_fish_700,resnet50_geirhos_tl,8,4,120,104,124.0,108.0,5.651268482208252,5.660789966583252,-0.009521484375
s_fish_700,resnet50_geirhos_tl,8,4,120,108,124.0,112.0,5.651268482208252,5.6348066329956055,0.016461849212646484
s_fish_700,resnet50_geirhos_tl,8,4,120,112,124.0,116.0,5.651268482208252,5.472949028015137,0.17831945419311523
s_fish_700,resnet50_geirhos_tl,8,4,120,116,124.0,120.0,5.651268482208252,5.567234992980957,0.08403348922729492
s_fish_700,resnet50_geirhos_tl,8,4,120,120,124.0,124.0,5.651268482208252,5.61426305770874,0.03700542449951172
s_fish_700,resnet50_geirhos_tl,8,4,120,124,124.0,128.0,5.651268482208252,5.675339221954346,-0.02407073974609375
s_fish_700,resnet50_geirhos_tl,8,4,120,128,124.0,132.0,5.651268482208252,5.674059867858887,-0.022791385650634766
s_fish_700,resnet50_geirhos_tl,8,4,120,132,124.0,136.0,5.651268482208252,5.667555809020996,-0.01628732681274414
s_fish_700,resnet50_geirhos_tl,8,4,120,136,124.0,140.0,5.651268482208252,5.580035209655762,0.07123327255249023
s_fish_700,resnet50_geirhos_tl,8,4,120,140,124.0,144.0,5.651268482208252,5.682743072509766,-0.03147459030151367
s_fish_700,resnet50_geirhos_tl,8,4,120,144,124.0,148.0,5.651268482208252,5.621074199676514,0.03019428253173828
s_fish_700,resnet50_geirhos_tl,8,4,120,148,124.0,152.0,5.651268482208252,5.568255424499512,0.08301305770874023
s_fish_700,resnet50_geirhos_tl,8,4,120,152,124.0,156.0,5.651268482208252,5.5768961906433105,0.0743722915649414
s_fish_700,resnet50_geirhos_tl,8,4,120,156,124.0,160.0,5.651268482208252,5.626649856567383,0.02461862564086914
s_fish_700,resnet50_geirhos_tl,8,4,120,160,124.0,164.0,5.651268482208252,5.599949359893799,0.051319122314453125
s_fish_700,resnet50_geirhos_tl,8,4,120,164,124.0,168.0,5.651268482208252,5.575857162475586,0.07541131973266602
s_fish_700,resnet50_geirhos_tl,8,4,120,168,124.0,172.0,5.651268482208252,5.5340189933776855,0.1172494888305664
s_fish_700,resnet50_geirhos_tl,8,4,120,172,124.0,176.0,5.651268482208252,5.596324443817139,0.05494403839111328
s_fish_700,resnet50_geirhos_tl,8,4,120,176,124.0,180.0,5.651268482208252,5.520716667175293,0.13055181503295898
s_fish_700,resnet50_geirhos_tl,8,4,120,180,124.0,184.0,5.651268482208252,5.588067054748535,0.0632014274597168
s_fish_700,resnet50_geirhos_tl,8,4,120,184,124.0,188.0,5.651268482208252,5.5869364738464355,0.0643320083618164
s_fish_700,resnet50_geirhos_tl,8,4,120,188,124.0,192.0,5.651268482208252,5.593326568603516,0.05794191360473633
s_fish_700,resnet50_geirhos_tl,8,4,120,192,124.0,196.0,5.651268482208252,5.5463104248046875,0.10495805740356445
s_fish_700,resnet50_geirhos_tl,8,4,120,196,124.0,200.0,5.651268482208252,5.534726142883301,0.11654233932495117
s_fish_700,resnet50_geirhos_tl,8,4,120,200,124.0,204.0,5.651268482208252,5.552002906799316,0.09926557540893555
s_fish_700,resnet50_geirhos_tl,8,4,120,204,124.0,208.0,5.651268482208252,5.531703472137451,0.11956501007080078
s_fish_700,resnet50_geirhos_tl,8,4,120,208,124.0,212.0,5.651268482208252,5.504915237426758,0.14635324478149414
s_fish_700,resnet50_geirhos_tl,8,4,120,212,124.0,216.0,5.651268482208252,5.511563777923584,0.13970470428466797
s_fish_700,resnet50_geirhos_tl,8,4,120,216,124.0,220.0,5.651268482208252,5.58204984664917,0.06921863555908203
s_fish_700,resnet50_geirhos_tl,8,4,124,0,128.0,4.0,5.651268482208252,5.674799919128418,-0.023531436920166016
s_fish_700,resnet50_geirhos_tl,8,4,124,4,128.0,8.0,5.651268482208252,5.650979995727539,0.0002884864807128906
s_fish_700,resnet50_geirhos_tl,8,4,124,8,128.0,12.0,5.651268482208252,5.697003364562988,-0.04573488235473633
s_fish_700,resnet50_geirhos_tl,8,4,124,12,128.0,16.0,5.651268482208252,5.694897651672363,-0.04362916946411133
s_fish_700,resnet50_geirhos_tl,8,4,124,16,128.0,20.0,5.651268482208252,5.726060390472412,-0.07479190826416016
s_fish_700,resnet50_geirhos_tl,8,4,124,20,128.0,24.0,5.651268482208252,5.709140777587891,-0.05787229537963867
s_fish_700,resnet50_geirhos_tl,8,4,124,24,128.0,28.0,5.651268482208252,5.682831287384033,-0.03156280517578125
s_fish_700,resnet50_geirhos_tl,8,4,124,28,128.0,32.0,5.651268482208252,5.645977973937988,0.005290508270263672
s_fish_700,resnet50_geirhos_tl,8,4,124,32,128.0,36.0,5.651268482208252,5.667272567749023,-0.016004085540771484
s_fish_700,resnet50_geirhos_tl,8,4,124,36,128.0,40.0,5.651268482208252,5.661835670471191,-0.010567188262939453
s_fish_700,resnet50_geirhos_tl,8,4,124,40,128.0,44.0,5.651268482208252,5.822565078735352,-0.1712965965270996
s_fish_700,resnet50_geirhos_tl,8,4,124,44,128.0,48.0,5.651268482208252,5.916320323944092,-0.26505184173583984
s_fish_700,resnet50_geirhos_tl,8,4,124,48,128.0,52.0,5.651268482208252,5.916813850402832,-0.2655453681945801
s_fish_700,resnet50_geirhos_tl,8,4,124,52,128.0,56.0,5.651268482208252,5.833876132965088,-0.18260765075683594
s_fish_700,resnet50_geirhos_tl,8,4,124,56,128.0,60.0,5.651268482208252,5.798645496368408,-0.14737701416015625
s_fish_700,resnet50_geirhos_tl,8,4,124,60,128.0,64.0,5.651268482208252,5.853425025939941,-0.20215654373168945
s_fish_700,resnet50_geirhos_tl,8,4,124,64,128.0,68.0,5.651268482208252,5.902562141418457,-0.2512936592102051
s_fish_700,resnet50_geirhos_tl,8,4,124,68,128.0,72.0,5.651268482208252,5.778141498565674,-0.12687301635742188
s_fish_700,resnet50_geirhos_tl,8,4,124,72,128.0,76.0,5.651268482208252,5.742856979370117,-0.09158849716186523
s_fish_700,resnet50_geirhos_tl,8,4,124,76,128.0,80.0,5.651268482208252,5.685021877288818,-0.033753395080566406
s_fish_700,resnet50_geirhos_tl,8,4,124,80,128.0,84.0,5.651268482208252,5.816980361938477,-0.1657118797302246
s_fish_700,resnet50_geirhos_tl,8,4,124,84,128.0,88.0,5.651268482208252,5.785914897918701,-0.13464641571044922
s_fish_700,resnet50_geirhos_tl,8,4,124,88,128.0,92.0,5.651268482208252,5.69384241104126,-0.04257392883300781
s_fish_700,resnet50_geirhos_tl,8,4,124,92,128.0,96.0,5.651268482208252,5.707712650299072,-0.05644416809082031
s_fish_700,resnet50_geirhos_tl,8,4,124,96,128.0,100.0,5.651268482208252,5.745865345001221,-0.09459686279296875
s_fish_700,resnet50_geirhos_tl,8,4,124,100,128.0,104.0,5.651268482208252,5.8041839599609375,-0.15291547775268555
s_fish_700,resnet50_geirhos_tl,8,4,124,104,128.0,108.0,5.651268482208252,5.598016262054443,0.053252220153808594
s_fish_700,resnet50_geirhos_tl,8,4,124,108,128.0,112.0,5.651268482208252,5.692864418029785,-0.0415959358215332
s_fish_700,resnet50_geirhos_tl,8,4,124,112,128.0,116.0,5.651268482208252,5.665119647979736,-0.013851165771484375
s_fish_700,resnet50_geirhos_tl,8,4,124,116,128.0,120.0,5.651268482208252,5.705760478973389,-0.05449199676513672
s_fish_700,resnet50_geirhos_tl,8,4,124,120,128.0,124.0,5.651268482208252,5.65554666519165,-0.0042781829833984375
s_fish_700,resnet50_geirhos_tl,8,4,124,124,128.0,128.0,5.651268482208252,5.535477638244629,0.11579084396362305
s_fish_700,resnet50_geirhos_tl,8,4,124,128,128.0,132.0,5.651268482208252,5.612561225891113,0.03870725631713867
s_fish_700,resnet50_geirhos_tl,8,4,124,132,128.0,136.0,5.651268482208252,5.538240909576416,0.11302757263183594
s_fish_700,resnet50_geirhos_tl,8,4,124,136,128.0,140.0,5.651268482208252,5.5131378173828125,0.13813066482543945
s_fish_700,resnet50_geirhos_tl,8,4,124,140,128.0,144.0,5.651268482208252,5.624467372894287,0.026801109313964844
s_fish_700,resnet50_geirhos_tl,8,4,124,144,128.0,148.0,5.651268482208252,5.619585037231445,0.03168344497680664
s_fish_700,resnet50_geirhos_tl,8,4,124,148,128.0,152.0,5.651268482208252,5.569770812988281,0.0814976692199707
s_fish_700,resnet50_geirhos_tl,8,4,124,152,128.0,156.0,5.651268482208252,5.585310459136963,0.06595802307128906
s_fish_700,resnet50_geirhos_tl,8,4,124,156,128.0,160.0,5.651268482208252,5.638644218444824,0.012624263763427734
s_fish_700,resnet50_geirhos_tl,8,4,124,160,128.0,164.0,5.651268482208252,5.658085346221924,-0.006816864013671875
s_fish_700,resnet50_geirhos_tl,8,4,124,164,128.0,168.0,5.651268482208252,5.5900421142578125,0.06122636795043945
s_fish_700,resnet50_geirhos_tl,8,4,124,168,128.0,172.0,5.651268482208252,5.582525730133057,0.06874275207519531
s_fish_700,resnet50_geirhos_tl,8,4,124,172,128.0,176.0,5.651268482208252,5.567785739898682,0.08348274230957031
s_fish_700,resnet50_geirhos_tl,8,4,124,176,128.0,180.0,5.651268482208252,5.563754081726074,0.08751440048217773
s_fish_700,resnet50_geirhos_tl,8,4,124,180,128.0,184.0,5.651268482208252,5.545773506164551,0.10549497604370117
s_fish_700,resnet50_geirhos_tl,8,4,124,184,128.0,188.0,5.651268482208252,5.581249713897705,0.07001876831054688
s_fish_700,resnet50_geirhos_tl,8,4,124,188,128.0,192.0,5.651268482208252,5.562560558319092,0.08870792388916016
s_fish_700,resnet50_geirhos_tl,8,4,124,192,128.0,196.0,5.651268482208252,5.56809139251709,0.08317708969116211
s_fish_700,resnet50_geirhos_tl,8,4,124,196,128.0,200.0,5.651268482208252,5.534466743469238,0.11680173873901367
s_fish_700,resnet50_geirhos_tl,8,4,124,200,128.0,204.0,5.651268482208252,5.575490951538086,0.07577753067016602
s_fish_700,resnet50_geirhos_tl,8,4,124,204,128.0,208.0,5.651268482208252,5.51681661605835,0.13445186614990234
s_fish_700,resnet50_geirhos_tl,8,4,124,208,128.0,212.0,5.651268482208252,5.490053653717041,0.16121482849121094
s_fish_700,resnet50_geirhos_tl,8,4,124,212,128.0,216.0,5.651268482208252,5.511170864105225,0.14009761810302734
s_fish_700,resnet50_geirhos_tl,8,4,124,216,128.0,220.0,5.651268482208252,5.555155277252197,0.09611320495605469
s_fish_700,resnet50_geirhos_tl,8,4,128,0,132.0,4.0,5.651268482208252,5.652663230895996,-0.0013947486877441406
s_fish_700,resnet50_geirhos_tl,8,4,128,4,132.0,8.0,5.651268482208252,5.67746639251709,-0.02619791030883789
s_fish_700,resnet50_geirhos_tl,8,4,128,8,132.0,12.0,5.651268482208252,5.7192182540893555,-0.06794977188110352
s_fish_700,resnet50_geirhos_tl,8,4,128,12,132.0,16.0,5.651268482208252,5.7276082038879395,-0.0763397216796875
s_fish_700,resnet50_geirhos_tl,8,4,128,16,132.0,20.0,5.651268482208252,5.7277302742004395,-0.0764617919921875
s_fish_700,resnet50_geirhos_tl,8,4,128,20,132.0,24.0,5.651268482208252,5.729964733123779,-0.07869625091552734
s_fish_700,resnet50_geirhos_tl,8,4,128,24,132.0,28.0,5.651268482208252,5.782248020172119,-0.1309795379638672
s_fish_700,resnet50_geirhos_tl,8,4,128,28,132.0,32.0,5.651268482208252,5.708766937255859,-0.05749845504760742
s_fish_700,resnet50_geirhos_tl,8,4,128,32,132.0,36.0,5.651268482208252,5.631307125091553,0.01996135711669922
s_fish_700,resnet50_geirhos_tl,8,4,128,36,132.0,40.0,5.651268482208252,5.728219509124756,-0.0769510269165039
s_fish_700,resnet50_geirhos_tl,8,4,128,40,132.0,44.0,5.651268482208252,5.829476356506348,-0.1782078742980957
s_fish_700,resnet50_geirhos_tl,8,4,128,44,132.0,48.0,5.651268482208252,5.88535737991333,-0.23408889770507812
s_fish_700,resnet50_geirhos_tl,8,4,128,48,132.0,52.0,5.651268482208252,5.921038627624512,-0.26977014541625977
s_fish_700,resnet50_geirhos_tl,8,4,128,52,132.0,56.0,5.651268482208252,5.849408149719238,-0.19813966751098633
s_fish_700,resnet50_geirhos_tl,8,4,128,56,132.0,60.0,5.651268482208252,5.82826042175293,-0.17699193954467773
s_fish_700,resnet50_geirhos_tl,8,4,128,60,132.0,64.0,5.651268482208252,5.857094764709473,-0.2058262825012207
s_fish_700,resnet50_geirhos_tl,8,4,128,64,132.0,68.0,5.651268482208252,5.911623001098633,-0.26035451889038086
s_fish_700,resnet50_geirhos_tl,8,4,128,68,132.0,72.0,5.651268482208252,5.857202053070068,-0.2059335708618164
s_fish_700,resnet50_geirhos_tl,8,4,128,72,132.0,76.0,5.651268482208252,5.823126792907715,-0.1718583106994629
s_fish_700,resnet50_geirhos_tl,8,4,128,76,132.0,80.0,5.651268482208252,5.689859867095947,-0.03859138488769531
s_fish_700,resnet50_geirhos_tl,8,4,128,80,132.0,84.0,5.651268482208252,5.7872700691223145,-0.1360015869140625
s_fish_700,resnet50_geirhos_tl,8,4,128,84,132.0,88.0,5.651268482208252,5.761181831359863,-0.10991334915161133
s_fish_700,resnet50_geirhos_tl,8,4,128,88,132.0,92.0,5.651268482208252,5.7409563064575195,-0.08968782424926758
s_fish_700,resnet50_geirhos_tl,8,4,128,92,132.0,96.0,5.651268482208252,5.770370006561279,-0.11910152435302734
s_fish_700,resnet50_geirhos_tl,8,4,128,96,132.0,100.0,5.651268482208252,5.777570724487305,-0.12630224227905273
s_fish_700,resnet50_geirhos_tl,8,4,128,100,132.0,104.0,5.651268482208252,5.751587390899658,-0.10031890869140625
s_fish_700,resnet50_geirhos_tl,8,4,128,104,132.0,108.0,5.651268482208252,5.569775104522705,0.08149337768554688
s_fish_700,resnet50_geirhos_tl,8,4,128,108,132.0,112.0,5.651268482208252,5.615228652954102,0.03603982925415039
s_fish_700,resnet50_geirhos_tl,8,4,128,112,132.0,116.0,5.651268482208252,5.651858806610107,-0.0005903244018554688
s_fish_700,resnet50_geirhos_tl,8,4,128,116,132.0,120.0,5.651268482208252,5.647711277008057,0.0035572052001953125
s_fish_700,resnet50_geirhos_tl,8,4,128,120,132.0,124.0,5.651268482208252,5.528096675872803,0.12317180633544922
s_fish_700,resnet50_geirhos_tl,8,4,128,124,132.0,128.0,5.651268482208252,5.504475116729736,0.14679336547851562
s_fish_700,resnet50_geirhos_tl,8,4,128,128,132.0,132.0,5.651268482208252,5.508692264556885,0.1425762176513672
s_fish_700,resnet50_geirhos_tl,8,4,128,132,132.0,136.0,5.651268482208252,5.4420270919799805,0.20924139022827148
s_fish_700,resnet50_geirhos_tl,8,4,128,136,132.0,140.0,5.651268482208252,5.499702453613281,0.1515660285949707
s_fish_700,resnet50_geirhos_tl,8,4,128,140,132.0,144.0,5.651268482208252,5.556253433227539,0.09501504898071289
s_fish_700,resnet50_geirhos_tl,8,4,128,144,132.0,148.0,5.651268482208252,5.610708713531494,0.04055976867675781
s_fish_700,resnet50_geirhos_tl,8,4,128,148,132.0,152.0,5.651268482208252,5.604130744934082,0.04713773727416992
s_fish_700,resnet50_geirhos_tl,8,4,128,152,132.0,156.0,5.651268482208252,5.593070983886719,0.0581974983215332
s_fish_700,resnet50_geirhos_tl,8,4,128,156,132.0,160.0,5.651268482208252,5.68791389465332,-0.03664541244506836
s_fish_700,resnet50_geirhos_tl,8,4,128,160,132.0,164.0,5.651268482208252,5.697518348693848,-0.0462498664855957
s_fish_700,resnet50_geirhos_tl,8,4,128,164,132.0,168.0,5.651268482208252,5.6579365730285645,-0.0066680908203125
s_fish_700,resnet50_geirhos_tl,8,4,128,168,132.0,172.0,5.651268482208252,5.680360794067383,-0.02909231185913086
s_fish_700,resnet50_geirhos_tl,8,4,128,172,132.0,176.0,5.651268482208252,5.656793117523193,-0.005524635314941406
s_fish_700,resnet50_geirhos_tl,8,4,128,176,132.0,180.0,5.651268482208252,5.635498046875,0.015770435333251953
s_fish_700,resnet50_geirhos_tl,8,4,128,180,132.0,184.0,5.651268482208252,5.612327575683594,0.0389409065246582
s_fish_700,resnet50_geirhos_tl,8,4,128,184,132.0,188.0,5.651268482208252,5.6005425453186035,0.05072593688964844
s_fish_700,resnet50_geirhos_tl,8,4,128,188,132.0,192.0,5.651268482208252,5.599080562591553,0.05218791961669922
s_fish_700,resnet50_geirhos_tl,8,4,128,192,132.0,196.0,5.651268482208252,5.5688934326171875,0.08237504959106445
s_fish_700,resnet50_geirhos_tl,8,4,128,196,132.0,200.0,5.651268482208252,5.55117130279541,0.1000971794128418
s_fish_700,resnet50_geirhos_tl,8,4,128,200,132.0,204.0,5.651268482208252,5.549444675445557,0.10182380676269531
s_fish_700,resnet50_geirhos_tl,8,4,128,204,132.0,208.0,5.651268482208252,5.530707359313965,0.12056112289428711
s_fish_700,resnet50_geirhos_tl,8,4,128,208,132.0,212.0,5.651268482208252,5.537194728851318,0.1140737533569336
s_fish_700,resnet50_geirhos_tl,8,4,128,212,132.0,216.0,5.651268482208252,5.496214389801025,0.15505409240722656
s_fish_700,resnet50_geirhos_tl,8,4,128,216,132.0,220.0,5.651268482208252,5.505620002746582,0.14564847946166992
s_fish_700,resnet50_geirhos_tl,8,4,132,0,136.0,4.0,5.651268482208252,5.687946796417236,-0.036678314208984375
s_fish_700,resnet50_geirhos_tl,8,4,132,4,136.0,8.0,5.651268482208252,5.691283702850342,-0.040015220642089844
s_fish_700,resnet50_geirhos_tl,8,4,132,8,136.0,12.0,5.651268482208252,5.714339256286621,-0.06307077407836914
s_fish_700,resnet50_geirhos_tl,8,4,132,12,136.0,16.0,5.651268482208252,5.694684028625488,-0.04341554641723633
s_fish_700,resnet50_geirhos_tl,8,4,132,16,136.0,20.0,5.651268482208252,5.711127281188965,-0.05985879898071289
s_fish_700,resnet50_geirhos_tl,8,4,132,20,136.0,24.0,5.651268482208252,5.738073348999023,-0.08680486679077148
s_fish_700,resnet50_geirhos_tl,8,4,132,24,136.0,28.0,5.651268482208252,5.799369812011719,-0.1481013298034668
s_fish_700,resnet50_geirhos_tl,8,4,132,28,136.0,32.0,5.651268482208252,5.739199638366699,-0.08793115615844727
s_fish_700,resnet50_geirhos_tl,8,4,132,32,136.0,36.0,5.651268482208252,5.766232013702393,-0.11496353149414062
s_fish_700,resnet50_geirhos_tl,8,4,132,36,136.0,40.0,5.651268482208252,5.79152774810791,-0.1402592658996582
s_fish_700,resnet50_geirhos_tl,8,4,132,40,136.0,44.0,5.651268482208252,5.9398369789123535,-0.28856849670410156
s_fish_700,resnet50_geirhos_tl,8,4,132,44,136.0,48.0,5.651268482208252,5.913223743438721,-0.26195526123046875
s_fish_700,resnet50_geirhos_tl,8,4,132,48,136.0,52.0,5.651268482208252,5.895963668823242,-0.24469518661499023
s_fish_700,resnet50_geirhos_tl,8,4,132,52,136.0,56.0,5.651268482208252,5.8073015213012695,-0.15603303909301758
s_fish_700,resnet50_geirhos_tl,8,4,132,56,136.0,60.0,5.651268482208252,5.769166946411133,-0.11789846420288086
s_fish_700,resnet50_geirhos_tl,8,4,132,60,136.0,64.0,5.651268482208252,5.75423526763916,-0.1029667854309082
s_fish_700,resnet50_geirhos_tl,8,4,132,64,136.0,68.0,5.651268482208252,5.78950834274292,-0.13823986053466797
s_fish_700,resnet50_geirhos_tl,8,4,132,68,136.0,72.0,5.651268482208252,5.8245391845703125,-0.17327070236206055
s_fish_700,resnet50_geirhos_tl,8,4,132,72,136.0,76.0,5.651268482208252,5.865347385406494,-0.2140789031982422
s_fish_700,resnet50_geirhos_tl,8,4,132,76,136.0,80.0,5.651268482208252,5.773359775543213,-0.12209129333496094
s_fish_700,resnet50_geirhos_tl,8,4,132,80,136.0,84.0,5.651268482208252,5.8220534324646,-0.17078495025634766
s_fish_700,resnet50_geirhos_tl,8,4,132,84,136.0,88.0,5.651268482208252,5.76516056060791,-0.1138920783996582
s_fish_700,resnet50_geirhos_tl,8,4,132,88,136.0,92.0,5.651268482208252,5.681328773498535,-0.030060291290283203
s_fish_700,resnet50_geirhos_tl,8,4,132,92,136.0,96.0,5.651268482208252,5.729422092437744,-0.07815361022949219
s_fish_700,resnet50_geirhos_tl,8,4,132,96,136.0,100.0,5.651268482208252,5.875461101531982,-0.22419261932373047
s_fish_700,resnet50_geirhos_tl,8,4,132,100,136.0,104.0,5.651268482208252,5.748506546020508,-0.09723806381225586
s_fish_700,resnet50_geirhos_tl,8,4,132,104,136.0,108.0,5.651268482208252,5.5245561599731445,0.12671232223510742
s_fish_700,resnet50_geirhos_tl,8,4,132,108,136.0,112.0,5.651268482208252,5.533168315887451,0.11810016632080078
s_fish_700,resnet50_geirhos_tl,8,4,132,112,136.0,116.0,5.651268482208252,5.5385942459106445,0.11267423629760742
s_fish_700,resnet50_geirhos_tl,8,4,132,116,136.0,120.0,5.651268482208252,5.682528495788574,-0.031260013580322266
s_fish_700,resnet50_geirhos_tl,8,4,132,120,136.0,124.0,5.651268482208252,5.689456939697266,-0.03818845748901367
s_fish_700,resnet50_geirhos_tl,8,4,132,124,136.0,128.0,5.651268482208252,5.572137832641602,0.07913064956665039
s_fish_700,resnet50_geirhos_tl,8,4,132,128,136.0,132.0,5.651268482208252,5.398641586303711,0.252626895904541
s_fish_700,resnet50_geirhos_tl,8,4,132,132,136.0,136.0,5.651268482208252,5.5417094230651855,0.1095590591430664
s_fish_700,resnet50_geirhos_tl,8,4,132,136,136.0,140.0,5.651268482208252,5.585151195526123,0.0661172866821289
s_fish_700,resnet50_geirhos_tl,8,4,132,140,136.0,144.0,5.651268482208252,5.56196403503418,0.08930444717407227
s_fish_700,resnet50_geirhos_tl,8,4,132,144,136.0,148.0,5.651268482208252,5.615417957305908,0.03585052490234375
s_fish_700,resnet50_geirhos_tl,8,4,132,148,136.0,152.0,5.651268482208252,5.596057891845703,0.05521059036254883
s_fish_700,resnet50_geirhos_tl,8,4,132,152,136.0,156.0,5.651268482208252,5.558992862701416,0.09227561950683594
s_fish_700,resnet50_geirhos_tl,8,4,132,156,136.0,160.0,5.651268482208252,5.669042110443115,-0.01777362823486328
s_fish_700,resnet50_geirhos_tl,8,4,132,160,136.0,164.0,5.651268482208252,5.669611930847168,-0.018343448638916016
s_fish_700,resnet50_geirhos_tl,8,4,132,164,136.0,168.0,5.651268482208252,5.673345565795898,-0.022077083587646484
s_fish_700,resnet50_geirhos_tl,8,4,132,168,136.0,172.0,5.651268482208252,5.715567588806152,-0.06429910659790039
s_fish_700,resnet50_geirhos_tl,8,4,132,172,136.0,176.0,5.651268482208252,5.676390171051025,-0.025121688842773438
s_fish_700,resnet50_geirhos_tl,8,4,132,176,136.0,180.0,5.651268482208252,5.660101890563965,-0.00883340835571289
s_fish_700,resnet50_geirhos_tl,8,4,132,180,136.0,184.0,5.651268482208252,5.655526161193848,-0.004257678985595703
s_fish_700,resnet50_geirhos_tl,8,4,132,184,136.0,188.0,5.651268482208252,5.644587516784668,0.006680965423583984
s_fish_700,resnet50_geirhos_tl,8,4,132,188,136.0,192.0,5.651268482208252,5.612386703491211,0.038881778717041016
s_fish_700,resnet50_geirhos_tl,8,4,132,192,136.0,196.0,5.651268482208252,5.594335556030273,0.056932926177978516
s_fish_700,resnet50_geirhos_tl,8,4,132,196,136.0,200.0,5.651268482208252,5.538529396057129,0.11273908615112305
s_fish_700,resnet50_geirhos_tl,8,4,132,200,136.0,204.0,5.651268482208252,5.543919563293457,0.10734891891479492
s_fish_700,resnet50_geirhos_tl,8,4,132,204,136.0,208.0,5.651268482208252,5.565952301025391,0.08531618118286133
s_fish_700,resnet50_geirhos_tl,8,4,132,208,136.0,212.0,5.651268482208252,5.545027732849121,0.10624074935913086
s_fish_700,resnet50_geirhos_tl,8,4,132,212,136.0,216.0,5.651268482208252,5.508470058441162,0.14279842376708984
s_fish_700,resnet50_geirhos_tl,8,4,132,216,136.0,220.0,5.651268482208252,5.514160633087158,0.13710784912109375
s_fish_700,resnet50_geirhos_tl,8,4,136,0,140.0,4.0,5.651268482208252,5.682623863220215,-0.03135538101196289
s_fish_700,resnet50_geirhos_tl,8,4,136,4,140.0,8.0,5.651268482208252,5.674149036407471,-0.02288055419921875
s_fish_700,resnet50_geirhos_tl,8,4,136,8,140.0,12.0,5.651268482208252,5.688044548034668,-0.036776065826416016
s_fish_700,resnet50_geirhos_tl,8,4,136,12,140.0,16.0,5.651268482208252,5.687503814697266,-0.03623533248901367
s_fish_700,resnet50_geirhos_tl,8,4,136,16,140.0,20.0,5.651268482208252,5.701621055603027,-0.05035257339477539
s_fish_700,resnet50_geirhos_tl,8,4,136,20,140.0,24.0,5.651268482208252,5.7859086990356445,-0.13464021682739258
s_fish_700,resnet50_geirhos_tl,8,4,136,24,140.0,28.0,5.651268482208252,5.8947038650512695,-0.24343538284301758
s_fish_700,resnet50_geirhos_tl,8,4,136,28,140.0,32.0,5.651268482208252,5.765873432159424,-0.11460494995117188
s_fish_700,resnet50_geirhos_tl,8,4,136,32,140.0,36.0,5.651268482208252,5.7989420890808105,-0.1476736068725586
s_fish_700,resnet50_geirhos_tl,8,4,136,36,140.0,40.0,5.651268482208252,5.886959075927734,-0.23569059371948242
s_fish_700,resnet50_geirhos_tl,8,4,136,40,140.0,44.0,5.651268482208252,5.894146919250488,-0.24287843704223633
s_fish_700,resnet50_geirhos_tl,8,4,136,44,140.0,48.0,5.651268482208252,5.875823974609375,-0.22455549240112305
s_fish_700,resnet50_geirhos_tl,8,4,136,48,140.0,52.0,5.651268482208252,5.857996463775635,-0.2067279815673828
s_fish_700,resnet50_geirhos_tl,8,4,136,52,140.0,56.0,5.651268482208252,5.807466506958008,-0.15619802474975586
s_fish_700,resnet50_geirhos_tl,8,4,136,56,140.0,60.0,5.651268482208252,5.833337783813477,-0.1820693016052246
s_fish_700,resnet50_geirhos_tl,8,4,136,60,140.0,64.0,5.651268482208252,5.781991958618164,-0.1307234764099121
s_fish_700,resnet50_geirhos_tl,8,4,136,64,140.0,68.0,5.651268482208252,5.854843616485596,-0.20357513427734375
s_fish_700,resnet50_geirhos_tl,8,4,136,68,140.0,72.0,5.651268482208252,5.859201908111572,-0.2079334259033203
s_fish_700,resnet50_geirhos_tl,8,4,136,72,140.0,76.0,5.651268482208252,5.853750228881836,-0.20248174667358398
s_fish_700,resnet50_geirhos_tl,8,4,136,76,140.0,80.0,5.651268482208252,5.761855602264404,-0.11058712005615234
s_fish_700,resnet50_geirhos_tl,8,4,136,80,140.0,84.0,5.651268482208252,5.808994770050049,-0.15772628784179688
s_fish_700,resnet50_geirhos_tl,8,4,136,84,140.0,88.0,5.651268482208252,5.791281223297119,-0.1400127410888672
s_fish_700,resnet50_geirhos_tl,8,4,136,88,140.0,92.0,5.651268482208252,5.756106376647949,-0.10483789443969727
s_fish_700,resnet50_geirhos_tl,8,4,136,92,140.0,96.0,5.651268482208252,5.816292762756348,-0.1650242805480957
s_fish_700,resnet50_geirhos_tl,8,4,136,96,140.0,100.0,5.651268482208252,5.889864921569824,-0.23859643936157227
s_fish_700,resnet50_geirhos_tl,8,4,136,100,140.0,104.0,5.651268482208252,5.710984230041504,-0.05971574783325195
s_fish_700,resnet50_geirhos_tl,8,4,136,104,140.0,108.0,5.651268482208252,5.592563629150391,0.05870485305786133
s_fish_700,resnet50_geirhos_tl,8,4,136,108,140.0,112.0,5.651268482208252,5.62008810043335,0.031180381774902344
s_fish_700,resnet50_geirhos_tl,8,4,136,112,140.0,116.0,5.651268482208252,5.538973808288574,0.11229467391967773
s_fish_700,resnet50_geirhos_tl,8,4,136,116,140.0,120.0,5.651268482208252,5.732710838317871,-0.08144235610961914
s_fish_700,resnet50_geirhos_tl,8,4,136,120,140.0,124.0,5.651268482208252,5.630459785461426,0.020808696746826172
s_fish_700,resnet50_geirhos_tl,8,4,136,124,140.0,128.0,5.651268482208252,5.494359970092773,0.15690851211547852
s_fish_700,resnet50_geirhos_tl,8,4,136,128,140.0,132.0,5.651268482208252,5.4599714279174805,0.19129705429077148
s_fish_700,resnet50_geirhos_tl,8,4,136,132,140.0,136.0,5.651268482208252,5.450451850891113,0.20081663131713867
s_fish_700,resnet50_geirhos_tl,8,4,136,136,140.0,140.0,5.651268482208252,5.499197483062744,0.1520709991455078
s_fish_700,resnet50_geirhos_tl,8,4,136,140,140.0,144.0,5.651268482208252,5.604918956756592,0.046349525451660156
s_fish_700,resnet50_geirhos_tl,8,4,136,144,140.0,148.0,5.651268482208252,5.531248092651367,0.12002038955688477
s_fish_700,resnet50_geirhos_tl,8,4,136,148,140.0,152.0,5.651268482208252,5.572385787963867,0.07888269424438477
s_fish_700,resnet50_geirhos_tl,8,4,136,152,140.0,156.0,5.651268482208252,5.553343772888184,0.09792470932006836
s_fish_700,resnet50_geirhos_tl,8,4,136,156,140.0,160.0,5.651268482208252,5.642171382904053,0.009097099304199219
s_fish_700,resnet50_geirhos_tl,8,4,136,160,140.0,164.0,5.651268482208252,5.6950907707214355,-0.043822288513183594
s_fish_700,resnet50_geirhos_tl,8,4,136,164,140.0,168.0,5.651268482208252,5.710730075836182,-0.05946159362792969
s_fish_700,resnet50_geirhos_tl,8,4,136,168,140.0,172.0,5.651268482208252,5.7348198890686035,-0.08355140686035156
s_fish_700,resnet50_geirhos_tl,8,4,136,172,140.0,176.0,5.651268482208252,5.706719398498535,-0.0554509162902832
s_fish_700,resnet50_geirhos_tl,8,4,136,176,140.0,180.0,5.651268482208252,5.650363445281982,0.0009050369262695312
s_fish_700,resnet50_geirhos_tl,8,4,136,180,140.0,184.0,5.651268482208252,5.605759620666504,0.04550886154174805
s_fish_700,resnet50_geirhos_tl,8,4,136,184,140.0,188.0,5.651268482208252,5.5817131996154785,0.06955528259277344
s_fish_700,resnet50_geirhos_tl,8,4,136,188,140.0,192.0,5.651268482208252,5.575824737548828,0.07544374465942383
s_fish_700,resnet50_geirhos_tl,8,4,136,192,140.0,196.0,5.651268482208252,5.529157638549805,0.12211084365844727
s_fish_700,resnet50_geirhos_tl,8,4,136,196,140.0,200.0,5.651268482208252,5.501914978027344,0.1493535041809082
s_fish_700,resnet50_geirhos_tl,8,4,136,200,140.0,204.0,5.651268482208252,5.531388282775879,0.11988019943237305
s_fish_700,resnet50_geirhos_tl,8,4,136,204,140.0,208.0,5.651268482208252,5.530807018280029,0.12046146392822266
s_fish_700,resnet50_geirhos_tl,8,4,136,208,140.0,212.0,5.651268482208252,5.532476902008057,0.11879158020019531
s_fish_700,resnet50_geirhos_tl,8,4,136,212,140.0,216.0,5.651268482208252,5.493781089782715,0.1574873924255371
s_fish_700,resnet50_geirhos_tl,8,4,136,216,140.0,220.0,5.651268482208252,5.47749662399292,0.17377185821533203
s_fish_700,resnet50_geirhos_tl,8,4,140,0,144.0,4.0,5.651268482208252,5.719478607177734,-0.06821012496948242
s_fish_700,resnet50_geirhos_tl,8,4,140,4,144.0,8.0,5.651268482208252,5.694770336151123,-0.043501853942871094
s_fish_700,resnet50_geirhos_tl,8,4,140,8,144.0,12.0,5.651268482208252,5.7039055824279785,-0.05263710021972656
s_fish_700,resnet50_geirhos_tl,8,4,140,12,144.0,16.0,5.651268482208252,5.689416408538818,-0.038147926330566406
s_fish_700,resnet50_geirhos_tl,8,4,140,16,144.0,20.0,5.651268482208252,5.704904556274414,-0.05363607406616211
s_fish_700,resnet50_geirhos_tl,8,4,140,20,144.0,24.0,5.651268482208252,5.6958417892456055,-0.044573307037353516
s_fish_700,resnet50_geirhos_tl,8,4,140,24,144.0,28.0,5.651268482208252,5.803437232971191,-0.15216875076293945
s_fish_700,resnet50_geirhos_tl,8,4,140,28,144.0,32.0,5.651268482208252,5.785007476806641,-0.13373899459838867
s_fish_700,resnet50_geirhos_tl,8,4,140,32,144.0,36.0,5.651268482208252,5.801374435424805,-0.15010595321655273
s_fish_700,resnet50_geirhos_tl,8,4,140,36,144.0,40.0,5.651268482208252,5.8346266746521,-0.18335819244384766
s_fish_700,resnet50_geirhos_tl,8,4,140,40,144.0,44.0,5.651268482208252,5.8849568367004395,-0.2336883544921875
s_fish_700,resnet50_geirhos_tl,8,4,140,44,144.0,48.0,5.651268482208252,5.841571807861328,-0.19030332565307617
s_fish_700,resnet50_geirhos_tl,8,4,140,48,144.0,52.0,5.651268482208252,5.8427252769470215,-0.19145679473876953
s_fish_700,resnet50_geirhos_tl,8,4,140,52,144.0,56.0,5.651268482208252,5.741555213928223,-0.0902867317199707
s_fish_700,resnet50_geirhos_tl,8,4,140,56,144.0,60.0,5.651268482208252,5.784768104553223,-0.1334996223449707
s_fish_700,resnet50_geirhos_tl,8,4,140,60,144.0,64.0,5.651268482208252,5.729850769042969,-0.0785822868347168
s_fish_700,resnet50_geirhos_tl,8,4,140,64,144.0,68.0,5.651268482208252,5.71431303024292,-0.06304454803466797
s_fish_700,resnet50_geirhos_tl,8,4,140,68,144.0,72.0,5.651268482208252,5.727285385131836,-0.07601690292358398
s_fish_700,resnet50_geirhos_tl,8,4,140,72,144.0,76.0,5.651268482208252,5.792181491851807,-0.1409130096435547
s_fish_700,resnet50_geirhos_tl,8,4,140,76,144.0,80.0,5.651268482208252,5.759561061859131,-0.1082925796508789
s_fish_700,resnet50_geirhos_tl,8,4,140,80,144.0,84.0,5.651268482208252,5.87984561920166,-0.2285771369934082
s_fish_700,resnet50_geirhos_tl,8,4,140,84,144.0,88.0,5.651268482208252,5.800178527832031,-0.1489100456237793
s_fish_700,resnet50_geirhos_tl,8,4,140,88,144.0,92.0,5.651268482208252,5.748757362365723,-0.0974888801574707
s_fish_700,resnet50_geirhos_tl,8,4,140,92,144.0,96.0,5.651268482208252,5.815677165985107,-0.16440868377685547
s_fish_700,resnet50_geirhos_tl,8,4,140,96,144.0,100.0,5.651268482208252,5.87183141708374,-0.22056293487548828
s_fish_700,resnet50_geirhos_tl,8,4,140,100,144.0,104.0,5.651268482208252,5.618460655212402,0.03280782699584961
s_fish_700,resnet50_geirhos_tl,8,4,140,104,144.0,108.0,5.651268482208252,5.607794761657715,0.04347372055053711
s_fish_700,resnet50_geirhos_tl,8,4,140,108,144.0,112.0,5.651268482208252,5.653894901275635,-0.0026264190673828125
s_fish_700,resnet50_geirhos_tl,8,4,140,112,144.0,116.0,5.651268482208252,5.556684494018555,0.09458398818969727
s_fish_700,resnet50_geirhos_tl,8,4,140,116,144.0,120.0,5.651268482208252,5.726893901824951,-0.07562541961669922
s_fish_700,resnet50_geirhos_tl,8,4,140,120,144.0,124.0,5.651268482208252,5.613446235656738,0.03782224655151367
s_fish_700,resnet50_geirhos_tl,8,4,140,124,144.0,128.0,5.651268482208252,5.5004706382751465,0.15079784393310547
s_fish_700,resnet50_geirhos_tl,8,4,140,128,144.0,132.0,5.651268482208252,5.4741668701171875,0.17710161209106445
s_fish_700,resnet50_geirhos_tl,8,4,140,132,144.0,136.0,5.651268482208252,5.498615741729736,0.15265274047851562
s_fish_700,resnet50_geirhos_tl,8,4,140,136,144.0,140.0,5.651268482208252,5.613926410675049,0.037342071533203125
s_fish_700,resnet50_geirhos_tl,8,4,140,140,144.0,144.0,5.651268482208252,5.623169422149658,0.02809906005859375
s_fish_700,resnet50_geirhos_tl,8,4,140,144,144.0,148.0,5.651268482208252,5.604981422424316,0.04628705978393555
s_fish_700,resnet50_geirhos_tl,8,4,140,148,144.0,152.0,5.651268482208252,5.572760581970215,0.07850790023803711
s_fish_700,resnet50_geirhos_tl,8,4,140,152,144.0,156.0,5.651268482208252,5.634203910827637,0.017064571380615234
s_fish_700,resnet50_geirhos_tl,8,4,140,156,144.0,160.0,5.651268482208252,5.679738521575928,-0.02847003936767578
s_fish_700,resnet50_geirhos_tl,8,4,140,160,144.0,164.0,5.651268482208252,5.6967597007751465,-0.04549121856689453
s_fish_700,resnet50_geirhos_tl,8,4,140,164,144.0,168.0,5.651268482208252,5.741544246673584,-0.09027576446533203
s_fish_700,resnet50_geirhos_tl,8,4,140,168,144.0,172.0,5.651268482208252,5.73677921295166,-0.0855107307434082
s_fish_700,resnet50_geirhos_tl,8,4,140,172,144.0,176.0,5.651268482208252,5.732377052307129,-0.08110857009887695
s_fish_700,resnet50_geirhos_tl,8,4,140,176,144.0,180.0,5.651268482208252,5.6726393699646,-0.021370887756347656
s_fish_700,resnet50_geirhos_tl,8,4,140,180,144.0,184.0,5.651268482208252,5.637870788574219,0.013397693634033203
s_fish_700,resnet50_geirhos_tl,8,4,140,184,144.0,188.0,5.651268482208252,5.616115093231201,0.03515338897705078
s_fish_700,resnet50_geirhos_tl,8,4,140,188,144.0,192.0,5.651268482208252,5.599261283874512,0.052007198333740234
s_fish_700,resnet50_geirhos_tl,8,4,140,192,144.0,196.0,5.651268482208252,5.573537826538086,0.07773065567016602
s_fish_700,resnet50_geirhos_tl,8,4,140,196,144.0,200.0,5.651268482208252,5.541219711303711,0.11004877090454102
s_fish_700,resnet50_geirhos_tl,8,4,140,200,144.0,204.0,5.651268482208252,5.566067695617676,0.08520078659057617
s_fish_700,resnet50_geirhos_tl,8,4,140,204,144.0,208.0,5.651268482208252,5.534026145935059,0.11724233627319336
s_fish_700,resnet50_geirhos_tl,8,4,140,208,144.0,212.0,5.651268482208252,5.516550540924072,0.1347179412841797
s_fish_700,resnet50_geirhos_tl,8,4,140,212,144.0,216.0,5.651268482208252,5.518883228302002,0.13238525390625
s_fish_700,resnet50_geirhos_tl,8,4,140,216,144.0,220.0,5.651268482208252,5.521078109741211,0.13019037246704102
s_fish_700,resnet50_geirhos_tl,8,4,144,0,148.0,4.0,5.651268482208252,5.686934471130371,-0.03566598892211914
s_fish_700,resnet50_geirhos_tl,8,4,144,4,148.0,8.0,5.651268482208252,5.692670822143555,-0.041402339935302734
s_fish_700,resnet50_geirhos_tl,8,4,144,8,148.0,12.0,5.651268482208252,5.702575206756592,-0.051306724548339844
s_fish_700,resnet50_geirhos_tl,8,4,144,12,148.0,16.0,5.651268482208252,5.673863410949707,-0.022594928741455078
s_fish_700,resnet50_geirhos_tl,8,4,144,16,148.0,20.0,5.651268482208252,5.680071830749512,-0.028803348541259766
s_fish_700,resnet50_geirhos_tl,8,4,144,20,148.0,24.0,5.651268482208252,5.659356594085693,-0.008088111877441406
s_fish_700,resnet50_geirhos_tl,8,4,144,24,148.0,28.0,5.651268482208252,5.726485729217529,-0.07521724700927734
s_fish_700,resnet50_geirhos_tl,8,4,144,28,148.0,32.0,5.651268482208252,5.783493518829346,-0.13222503662109375
s_fish_700,resnet50_geirhos_tl,8,4,144,32,148.0,36.0,5.651268482208252,5.781233310699463,-0.12996482849121094
s_fish_700,resnet50_geirhos_tl,8,4,144,36,148.0,40.0,5.651268482208252,5.7886223793029785,-0.13735389709472656
s_fish_700,resnet50_geirhos_tl,8,4,144,40,148.0,44.0,5.651268482208252,5.846436500549316,-0.19516801834106445
s_fish_700,resnet50_geirhos_tl,8,4,144,44,148.0,48.0,5.651268482208252,5.813513278961182,-0.1622447967529297
s_fish_700,resnet50_geirhos_tl,8,4,144,48,148.0,52.0,5.651268482208252,5.809453010559082,-0.15818452835083008
s_fish_700,resnet50_geirhos_tl,8,4,144,52,148.0,56.0,5.651268482208252,5.771317005157471,-0.12004852294921875
s_fish_700,resnet50_geirhos_tl,8,4,144,56,148.0,60.0,5.651268482208252,5.794686317443848,-0.1434178352355957
s_fish_700,resnet50_geirhos_tl,8,4,144,60,148.0,64.0,5.651268482208252,5.783664703369141,-0.13239622116088867
s_fish_700,resnet50_geirhos_tl,8,4,144,64,148.0,68.0,5.651268482208252,5.7586259841918945,-0.10735750198364258
s_fish_700,resnet50_geirhos_tl,8,4,144,68,148.0,72.0,5.651268482208252,5.7128167152404785,-0.06154823303222656
s_fish_700,resnet50_geirhos_tl,8,4,144,72,148.0,76.0,5.651268482208252,5.685108661651611,-0.033840179443359375
s_fish_700,resnet50_geirhos_tl,8,4,144,76,148.0,80.0,5.651268482208252,5.7100982666015625,-0.05882978439331055
s_fish_700,resnet50_geirhos_tl,8,4,144,80,148.0,84.0,5.651268482208252,5.811702251434326,-0.16043376922607422
s_fish_700,resnet50_geirhos_tl,8,4,144,84,148.0,88.0,5.651268482208252,5.906523704528809,-0.25525522232055664
s_fish_700,resnet50_geirhos_tl,8,4,144,88,148.0,92.0,5.651268482208252,5.907710552215576,-0.2564420700073242
s_fish_700,resnet50_geirhos_tl,8,4,144,92,148.0,96.0,5.651268482208252,5.907873630523682,-0.2566051483154297
s_fish_700,resnet50_geirhos_tl,8,4,144,96,148.0,100.0,5.651268482208252,5.816933631896973,-0.1656651496887207
s_fish_700,resnet50_geirhos_tl,8,4,144,100,148.0,104.0,5.651268482208252,5.61874532699585,0.032523155212402344
s_fish_700,resnet50_geirhos_tl,8,4,144,104,148.0,108.0,5.651268482208252,5.76078987121582,-0.10952138900756836
s_fish_700,resnet50_geirhos_tl,8,4,144,108,148.0,112.0,5.651268482208252,5.663790702819824,-0.012522220611572266
s_fish_700,resnet50_geirhos_tl,8,4,144,112,148.0,116.0,5.651268482208252,5.607151031494141,0.04411745071411133
s_fish_700,resnet50_geirhos_tl,8,4,144,116,148.0,120.0,5.651268482208252,5.631043434143066,0.020225048065185547
s_fish_700,resnet50_geirhos_tl,8,4,144,120,148.0,124.0,5.651268482208252,5.654543399810791,-0.0032749176025390625
s_fish_700,resnet50_geirhos_tl,8,4,144,124,148.0,128.0,5.651268482208252,5.470303535461426,0.18096494674682617
s_fish_700,resnet50_geirhos_tl,8,4,144,128,148.0,132.0,5.651268482208252,5.426142692565918,0.22512578964233398
s_fish_700,resnet50_geirhos_tl,8,4,144,132,148.0,136.0,5.651268482208252,5.49494743347168,0.15632104873657227
s_fish_700,resnet50_geirhos_tl,8,4,144,136,148.0,140.0,5.651268482208252,5.619591236114502,0.03167724609375
s_fish_700,resnet50_geirhos_tl,8,4,144,140,148.0,144.0,5.651268482208252,5.624129295349121,0.02713918685913086
s_fish_700,resnet50_geirhos_tl,8,4,144,144,148.0,148.0,5.651268482208252,5.65128231048584,-1.3828277587890625e-05
s_fish_700,resnet50_geirhos_tl,8,4,144,148,148.0,152.0,5.651268482208252,5.683838844299316,-0.03257036209106445
s_fish_700,resnet50_geirhos_tl,8,4,144,152,148.0,156.0,5.651268482208252,5.719216823577881,-0.0679483413696289
s_fish_700,resnet50_geirhos_tl,8,4,144,156,148.0,160.0,5.651268482208252,5.722254753112793,-0.07098627090454102
s_fish_700,resnet50_geirhos_tl,8,4,144,160,148.0,164.0,5.651268482208252,5.725729465484619,-0.07446098327636719
s_fish_700,resnet50_geirhos_tl,8,4,144,164,148.0,168.0,5.651268482208252,5.771963119506836,-0.12069463729858398
s_fish_700,resnet50_geirhos_tl,8,4,144,168,148.0,172.0,5.651268482208252,5.812453269958496,-0.16118478775024414
s_fish_700,resnet50_geirhos_tl,8,4,144,172,148.0,176.0,5.651268482208252,5.753295421600342,-0.10202693939208984
s_fish_700,resnet50_geirhos_tl,8,4,144,176,148.0,180.0,5.651268482208252,5.7171783447265625,-0.06590986251831055
s_fish_700,resnet50_geirhos_tl,8,4,144,180,148.0,184.0,5.651268482208252,5.655698776245117,-0.004430294036865234
s_fish_700,resnet50_geirhos_tl,8,4,144,184,148.0,188.0,5.651268482208252,5.645947456359863,0.005321025848388672
s_fish_700,resnet50_geirhos_tl,8,4,144,188,148.0,192.0,5.651268482208252,5.639532566070557,0.011735916137695312
s_fish_700,resnet50_geirhos_tl,8,4,144,192,148.0,196.0,5.651268482208252,5.59538459777832,0.05588388442993164
s_fish_700,resnet50_geirhos_tl,8,4,144,196,148.0,200.0,5.651268482208252,5.571354389190674,0.07991409301757812
s_fish_700,resnet50_geirhos_tl,8,4,144,200,148.0,204.0,5.651268482208252,5.587821006774902,0.06344747543334961
s_fish_700,resnet50_geirhos_tl,8,4,144,204,148.0,208.0,5.651268482208252,5.5526227951049805,0.09864568710327148
s_fish_700,resnet50_geirhos_tl,8,4,144,208,148.0,212.0,5.651268482208252,5.5299177169799805,0.12135076522827148
s_fish_700,resnet50_geirhos_tl,8,4,144,212,148.0,216.0,5.651268482208252,5.5010504722595215,0.15021800994873047
s_fish_700,resnet50_geirhos_tl,8,4,144,216,148.0,220.0,5.651268482208252,5.495460510253906,0.1558079719543457
s_fish_700,resnet50_geirhos_tl,8,4,148,0,152.0,4.0,5.651268482208252,5.691872596740723,-0.0406041145324707
s_fish_700,resnet50_geirhos_tl,8,4,148,4,152.0,8.0,5.651268482208252,5.685527801513672,-0.03425931930541992
s_fish_700,resnet50_geirhos_tl,8,4,148,8,152.0,12.0,5.651268482208252,5.695336818695068,-0.044068336486816406
s_fish_700,resnet50_geirhos_tl,8,4,148,12,152.0,16.0,5.651268482208252,5.666744709014893,-0.015476226806640625
s_fish_700,resnet50_geirhos_tl,8,4,148,16,152.0,20.0,5.651268482208252,5.660510540008545,-0.009242057800292969
s_fish_700,resnet50_geirhos_tl,8,4,148,20,152.0,24.0,5.651268482208252,5.650188446044922,0.0010800361633300781
s_fish_700,resnet50_geirhos_tl,8,4,148,24,152.0,28.0,5.651268482208252,5.669437885284424,-0.018169403076171875
s_fish_700,resnet50_geirhos_tl,8,4,148,28,152.0,32.0,5.651268482208252,5.787280559539795,-0.13601207733154297
s_fish_700,resnet50_geirhos_tl,8,4,148,32,152.0,36.0,5.651268482208252,5.794428825378418,-0.14316034317016602
s_fish_700,resnet50_geirhos_tl,8,4,148,36,152.0,40.0,5.651268482208252,5.861899375915527,-0.2106308937072754
s_fish_700,resnet50_geirhos_tl,8,4,148,40,152.0,44.0,5.651268482208252,5.92417573928833,-0.2729072570800781
s_fish_700,resnet50_geirhos_tl,8,4,148,44,152.0,48.0,5.651268482208252,5.8384623527526855,-0.1871938705444336
s_fish_700,resnet50_geirhos_tl,8,4,148,48,152.0,52.0,5.651268482208252,5.7784271240234375,-0.12715864181518555
s_fish_700,resnet50_geirhos_tl,8,4,148,52,152.0,56.0,5.651268482208252,5.69929838180542,-0.04802989959716797
s_fish_700,resnet50_geirhos_tl,8,4,148,56,152.0,60.0,5.651268482208252,5.759408473968506,-0.1081399917602539
s_fish_700,resnet50_geirhos_tl,8,4,148,60,152.0,64.0,5.651268482208252,5.694736480712891,-0.04346799850463867
s_fish_700,resnet50_geirhos_tl,8,4,148,64,152.0,68.0,5.651268482208252,5.721393585205078,-0.07012510299682617
s_fish_700,resnet50_geirhos_tl,8,4,148,68,152.0,72.0,5.651268482208252,5.698905944824219,-0.0476374626159668
s_fish_700,resnet50_geirhos_tl,8,4,148,72,152.0,76.0,5.651268482208252,5.645833492279053,0.005434989929199219
s_fish_700,resnet50_geirhos_tl,8,4,148,76,152.0,80.0,5.651268482208252,5.620087146759033,0.03118133544921875
s_fish_700,resnet50_geirhos_tl,8,4,148,80,152.0,84.0,5.651268482208252,5.6961188316345215,-0.04485034942626953
s_fish_700,resnet50_geirhos_tl,8,4,148,84,152.0,88.0,5.651268482208252,5.817968845367432,-0.1667003631591797
s_fish_700,resnet50_geirhos_tl,8,4,148,88,152.0,92.0,5.651268482208252,5.8253068923950195,-0.17403841018676758
s_fish_700,resnet50_geirhos_tl,8,4,148,92,152.0,96.0,5.651268482208252,5.836188316345215,-0.1849198341369629
s_fish_700,resnet50_geirhos_tl,8,4,148,96,152.0,100.0,5.651268482208252,5.687402248382568,-0.036133766174316406
s_fish_700,resnet50_geirhos_tl,8,4,148,100,152.0,104.0,5.651268482208252,5.561202049255371,0.09006643295288086
s_fish_700,resnet50_geirhos_tl,8,4,148,104,152.0,108.0,5.651268482208252,5.646875381469727,0.004393100738525391
s_fish_700,resnet50_geirhos_tl,8,4,148,108,152.0,112.0,5.651268482208252,5.713938236236572,-0.06266975402832031
s_fish_700,resnet50_geirhos_tl,8,4,148,112,152.0,116.0,5.651268482208252,5.587092876434326,0.06417560577392578
s_fish_700,resnet50_geirhos_tl,8,4,148,116,152.0,120.0,5.651268482208252,5.6613054275512695,-0.010036945343017578
s_fish_700,resnet50_geirhos_tl,8,4,148,120,152.0,124.0,5.651268482208252,5.69421911239624,-0.04295063018798828
s_fish_700,resnet50_geirhos_tl,8,4,148,124,152.0,128.0,5.651268482208252,5.620659828186035,0.030608654022216797
s_fish_700,resnet50_geirhos_tl,8,4,148,128,152.0,132.0,5.651268482208252,5.549764156341553,0.10150432586669922
s_fish_700,resnet50_geirhos_tl,8,4,148,132,152.0,136.0,5.651268482208252,5.523396015167236,0.12787246704101562
s_fish_700,resnet50_geirhos_tl,8,4,148,136,152.0,140.0,5.651268482208252,5.586460590362549,0.06480789184570312
s_fish_700,resnet50_geirhos_tl,8,4,148,140,152.0,144.0,5.651268482208252,5.580765724182129,0.07050275802612305
s_fish_700,resnet50_geirhos_tl,8,4,148,144,152.0,148.0,5.651268482208252,5.622768878936768,0.028499603271484375
s_fish_700,resnet50_geirhos_tl,8,4,148,148,152.0,152.0,5.651268482208252,5.726495265960693,-0.0752267837524414
s_fish_700,resnet50_geirhos_tl,8,4,148,152,152.0,156.0,5.651268482208252,5.736084938049316,-0.08481645584106445
s_fish_700,resnet50_geirhos_tl,8,4,148,156,152.0,160.0,5.651268482208252,5.715696811676025,-0.06442832946777344
s_fish_700,resnet50_geirhos_tl,8,4,148,160,152.0,164.0,5.651268482208252,5.697236061096191,-0.04596757888793945
s_fish_700,resnet50_geirhos_tl,8,4,148,164,152.0,168.0,5.651268482208252,5.754804611206055,-0.10353612899780273
s_fish_700,resnet50_geirhos_tl,8,4,148,168,152.0,172.0,5.651268482208252,5.766485214233398,-0.11521673202514648
s_fish_700,resnet50_geirhos_tl,8,4,148,172,152.0,176.0,5.651268482208252,5.728117942810059,-0.07684946060180664
s_fish_700,resnet50_geirhos_tl,8,4,148,176,152.0,180.0,5.651268482208252,5.691276550292969,-0.0400080680847168
s_fish_700,resnet50_geirhos_tl,8,4,148,180,152.0,184.0,5.651268482208252,5.67850399017334,-0.02723550796508789
s_fish_700,resnet50_geirhos_tl,8,4,148,184,152.0,188.0,5.651268482208252,5.6634416580200195,-0.012173175811767578
s_fish_700,resnet50_geirhos_tl,8,4,148,188,152.0,192.0,5.651268482208252,5.656921863555908,-0.00565338134765625
s_fish_700,resnet50_geirhos_tl,8,4,148,192,152.0,196.0,5.651268482208252,5.635585308074951,0.01568317413330078
s_fish_700,resnet50_geirhos_tl,8,4,148,196,152.0,200.0,5.651268482208252,5.594825744628906,0.0564427375793457
s_fish_700,resnet50_geirhos_tl,8,4,148,200,152.0,204.0,5.651268482208252,5.599717617034912,0.051550865173339844
s_fish_700,resnet50_geirhos_tl,8,4,148,204,152.0,208.0,5.651268482208252,5.54434871673584,0.10691976547241211
s_fish_700,resnet50_geirhos_tl,8,4,148,208,152.0,212.0,5.651268482208252,5.568392753601074,0.08287572860717773
s_fish_700,resnet50_geirhos_tl,8,4,148,212,152.0,216.0,5.651268482208252,5.516502380371094,0.1347661018371582
s_fish_700,resnet50_geirhos_tl,8,4,148,216,152.0,220.0,5.651268482208252,5.506732940673828,0.14453554153442383
s_fish_700,resnet50_geirhos_tl,8,4,152,0,156.0,4.0,5.651268482208252,5.663552284240723,-0.012283802032470703
s_fish_700,resnet50_geirhos_tl,8,4,152,4,156.0,8.0,5.651268482208252,5.6962432861328125,-0.04497480392456055
s_fish_700,resnet50_geirhos_tl,8,4,152,8,156.0,12.0,5.651268482208252,5.670327186584473,-0.019058704376220703
s_fish_700,resnet50_geirhos_tl,8,4,152,12,156.0,16.0,5.651268482208252,5.666445255279541,-0.015176773071289062
s_fish_700,resnet50_geirhos_tl,8,4,152,16,156.0,20.0,5.651268482208252,5.651640892028809,-0.0003724098205566406
s_fish_700,resnet50_geirhos_tl,8,4,152,20,156.0,24.0,5.651268482208252,5.653604984283447,-0.0023365020751953125
s_fish_700,resnet50_geirhos_tl,8,4,152,24,156.0,28.0,5.651268482208252,5.680091381072998,-0.028822898864746094
s_fish_700,resnet50_geirhos_tl,8,4,152,28,156.0,32.0,5.651268482208252,5.71782922744751,-0.06656074523925781
s_fish_700,resnet50_geirhos_tl,8,4,152,32,156.0,36.0,5.651268482208252,5.730092525482178,-0.07882404327392578
s_fish_700,resnet50_geirhos_tl,8,4,152,36,156.0,40.0,5.651268482208252,5.738503932952881,-0.0872354507446289
s_fish_700,resnet50_geirhos_tl,8,4,152,40,156.0,44.0,5.651268482208252,5.76429557800293,-0.11302709579467773
s_fish_700,resnet50_geirhos_tl,8,4,152,44,156.0,48.0,5.651268482208252,5.756562232971191,-0.10529375076293945
s_fish_700,resnet50_geirhos_tl,8,4,152,48,156.0,52.0,5.651268482208252,5.808844089508057,-0.1575756072998047
s_fish_700,resnet50_geirhos_tl,8,4,152,52,156.0,56.0,5.651268482208252,5.764852046966553,-0.11358356475830078
s_fish_700,resnet50_geirhos_tl,8,4,152,56,156.0,60.0,5.651268482208252,5.735780239105225,-0.08451175689697266
s_fish_700,resnet50_geirhos_tl,8,4,152,60,156.0,64.0,5.651268482208252,5.70879602432251,-0.05752754211425781
s_fish_700,resnet50_geirhos_tl,8,4,152,64,156.0,68.0,5.651268482208252,5.669711112976074,-0.018442630767822266
s_fish_700,resnet50_geirhos_tl,8,4,152,68,156.0,72.0,5.651268482208252,5.647918701171875,0.003349781036376953
s_fish_700,resnet50_geirhos_tl,8,4,152,72,156.0,76.0,5.651268482208252,5.599992752075195,0.05127573013305664
s_fish_700,resnet50_geirhos_tl,8,4,152,76,156.0,80.0,5.651268482208252,5.570704460144043,0.08056402206420898
s_fish_700,resnet50_geirhos_tl,8,4,152,80,156.0,84.0,5.651268482208252,5.669881820678711,-0.018613338470458984
s_fish_700,resnet50_geirhos_tl,8,4,152,84,156.0,88.0,5.651268482208252,5.755671977996826,-0.10440349578857422
s_fish_700,resnet50_geirhos_tl,8,4,152,88,156.0,92.0,5.651268482208252,5.76459264755249,-0.11332416534423828
s_fish_700,resnet50_geirhos_tl,8,4,152,92,156.0,96.0,5.651268482208252,5.728654384613037,-0.07738590240478516
s_fish_700,resnet50_geirhos_tl,8,4,152,96,156.0,100.0,5.651268482208252,5.5808234214782715,0.07044506072998047
s_fish_700,resnet50_geirhos_tl,8,4,152,100,156.0,104.0,5.651268482208252,5.562392711639404,0.08887577056884766
s_fish_700,resnet50_geirhos_tl,8,4,152,104,156.0,108.0,5.651268482208252,5.561202526092529,0.09006595611572266
s_fish_700,resnet50_geirhos_tl,8,4,152,108,156.0,112.0,5.651268482208252,5.504059791564941,0.14720869064331055
s_fish_700,resnet50_geirhos_tl,8,4,152,112,156.0,116.0,5.651268482208252,5.588949680328369,0.06231880187988281
s_fish_700,resnet50_geirhos_tl,8,4,152,116,156.0,120.0,5.651268482208252,5.646693706512451,0.004574775695800781
s_fish_700,resnet50_geirhos_tl,8,4,152,120,156.0,124.0,5.651268482208252,5.596419811248779,0.054848670959472656
s_fish_700,resnet50_geirhos_tl,8,4,152,124,156.0,128.0,5.651268482208252,5.548548698425293,0.10271978378295898
s_fish_700,resnet50_geirhos_tl,8,4,152,128,156.0,132.0,5.651268482208252,5.547302722930908,0.10396575927734375
s_fish_700,resnet50_geirhos_tl,8,4,152,132,156.0,136.0,5.651268482208252,5.561117649078369,0.09015083312988281
s_fish_700,resnet50_geirhos_tl,8,4,152,136,156.0,140.0,5.651268482208252,5.658158302307129,-0.006889820098876953
s_fish_700,resnet50_geirhos_tl,8,4,152,140,156.0,144.0,5.651268482208252,5.603493690490723,0.0477747917175293
s_fish_700,resnet50_geirhos_tl,8,4,152,144,156.0,148.0,5.651268482208252,5.6058878898620605,0.045380592346191406
s_fish_700,resnet50_geirhos_tl,8,4,152,148,156.0,152.0,5.651268482208252,5.700242042541504,-0.04897356033325195
s_fish_700,resnet50_geirhos_tl,8,4,152,152,156.0,156.0,5.651268482208252,5.73098611831665,-0.07971763610839844
s_fish_700,resnet50_geirhos_tl,8,4,152,156,156.0,160.0,5.651268482208252,5.678738594055176,-0.027470111846923828
s_fish_700,resnet50_geirhos_tl,8,4,152,160,156.0,164.0,5.651268482208252,5.656991004943848,-0.005722522735595703
s_fish_700,resnet50_geirhos_tl,8,4,152,164,156.0,168.0,5.651268482208252,5.6551337242126465,-0.0038652420043945312
s_fish_700,resnet50_geirhos_tl,8,4,152,168,156.0,172.0,5.651268482208252,5.684277057647705,-0.033008575439453125
s_fish_700,resnet50_geirhos_tl,8,4,152,172,156.0,176.0,5.651268482208252,5.6435675621032715,0.007700920104980469
s_fish_700,resnet50_geirhos_tl,8,4,152,176,156.0,180.0,5.651268482208252,5.616303443908691,0.03496503829956055
s_fish_700,resnet50_geirhos_tl,8,4,152,180,156.0,184.0,5.651268482208252,5.608671188354492,0.042597293853759766
s_fish_700,resnet50_geirhos_tl,8,4,152,184,156.0,188.0,5.651268482208252,5.609825134277344,0.0414433479309082
s_fish_700,resnet50_geirhos_tl,8,4,152,188,156.0,192.0,5.651268482208252,5.5889787673950195,0.06228971481323242
s_fish_700,resnet50_geirhos_tl,8,4,152,192,156.0,196.0,5.651268482208252,5.581393241882324,0.06987524032592773
s_fish_700,resnet50_geirhos_tl,8,4,152,196,156.0,200.0,5.651268482208252,5.5746612548828125,0.07660722732543945
s_fish_700,resnet50_geirhos_tl,8,4,152,200,156.0,204.0,5.651268482208252,5.572690486907959,0.07857799530029297
s_fish_700,resnet50_geirhos_tl,8,4,152,204,156.0,208.0,5.651268482208252,5.546926975250244,0.10434150695800781
s_fish_700,resnet50_geirhos_tl,8,4,152,208,156.0,212.0,5.651268482208252,5.538882255554199,0.11238622665405273
s_fish_700,resnet50_geirhos_tl,8,4,152,212,156.0,216.0,5.651268482208252,5.527558326721191,0.12371015548706055
s_fish_700,resnet50_geirhos_tl,8,4,152,216,156.0,220.0,5.651268482208252,5.49577522277832,0.15549325942993164
s_fish_700,resnet50_geirhos_tl,8,4,156,0,160.0,4.0,5.651268482208252,5.6544904708862305,-0.0032219886779785156
s_fish_700,resnet50_geirhos_tl,8,4,156,4,160.0,8.0,5.651268482208252,5.678535461425781,-0.027266979217529297
s_fish_700,resnet50_geirhos_tl,8,4,156,8,160.0,12.0,5.651268482208252,5.679601669311523,-0.028333187103271484
s_fish_700,resnet50_geirhos_tl,8,4,156,12,160.0,16.0,5.651268482208252,5.666083335876465,-0.01481485366821289
s_fish_700,resnet50_geirhos_tl,8,4,156,16,160.0,20.0,5.651268482208252,5.701333522796631,-0.050065040588378906
s_fish_700,resnet50_geirhos_tl,8,4,156,20,160.0,24.0,5.651268482208252,5.710728645324707,-0.05946016311645508
s_fish_700,resnet50_geirhos_tl,8,4,156,24,160.0,28.0,5.651268482208252,5.689409255981445,-0.03814077377319336
s_fish_700,resnet50_geirhos_tl,8,4,156,28,160.0,32.0,5.651268482208252,5.6827592849731445,-0.03149080276489258
s_fish_700,resnet50_geirhos_tl,8,4,156,32,160.0,36.0,5.651268482208252,5.698827743530273,-0.047559261322021484
s_fish_700,resnet50_geirhos_tl,8,4,156,36,160.0,40.0,5.651268482208252,5.696512222290039,-0.04524374008178711
s_fish_700,resnet50_geirhos_tl,8,4,156,40,160.0,44.0,5.651268482208252,5.732021808624268,-0.08075332641601562
s_fish_700,resnet50_geirhos_tl,8,4,156,44,160.0,48.0,5.651268482208252,5.707597255706787,-0.056328773498535156
s_fish_700,resnet50_geirhos_tl,8,4,156,48,160.0,52.0,5.651268482208252,5.776066303253174,-0.12479782104492188
s_fish_700,resnet50_geirhos_tl,8,4,156,52,160.0,56.0,5.651268482208252,5.7473249435424805,-0.09605646133422852
s_fish_700,resnet50_geirhos_tl,8,4,156,56,160.0,60.0,5.651268482208252,5.7205634117126465,-0.06929492950439453
s_fish_700,resnet50_geirhos_tl,8,4,156,60,160.0,64.0,5.651268482208252,5.731257915496826,-0.07998943328857422
s_fish_700,resnet50_geirhos_tl,8,4,156,64,160.0,68.0,5.651268482208252,5.711822032928467,-0.060553550720214844
s_fish_700,resnet50_geirhos_tl,8,4,156,68,160.0,72.0,5.651268482208252,5.642203330993652,0.00906515121459961
s_fish_700,resnet50_geirhos_tl,8,4,156,72,160.0,76.0,5.651268482208252,5.637388229370117,0.013880252838134766
s_fish_700,resnet50_geirhos_tl,8,4,156,76,160.0,80.0,5.651268482208252,5.638237953186035,0.013030529022216797
s_fish_700,resnet50_geirhos_tl,8,4,156,80,160.0,84.0,5.651268482208252,5.6754469871521,-0.024178504943847656
s_fish_700,resnet50_geirhos_tl,8,4,156,84,160.0,88.0,5.651268482208252,5.712761402130127,-0.061492919921875
s_fish_700,resnet50_geirhos_tl,8,4,156,88,160.0,92.0,5.651268482208252,5.727977752685547,-0.07670927047729492
s_fish_700,resnet50_geirhos_tl,8,4,156,92,160.0,96.0,5.651268482208252,5.774502754211426,-0.12323427200317383
s_fish_700,resnet50_geirhos_tl,8,4,156,96,160.0,100.0,5.651268482208252,5.543461799621582,0.10780668258666992
s_fish_700,resnet50_geirhos_tl,8,4,156,100,160.0,104.0,5.651268482208252,5.544894218444824,0.10637426376342773
s_fish_700,resnet50_geirhos_tl,8,4,156,104,160.0,108.0,5.651268482208252,5.4947123527526855,0.1565561294555664
s_fish_700,resnet50_geirhos_tl,8,4,156,108,160.0,112.0,5.651268482208252,5.587494373321533,0.06377410888671875
s_fish_700,resnet50_geirhos_tl,8,4,156,112,160.0,116.0,5.651268482208252,5.563146114349365,0.08812236785888672
s_fish_700,resnet50_geirhos_tl,8,4,156,116,160.0,120.0,5.651268482208252,5.580817699432373,0.0704507827758789
s_fish_700,resnet50_geirhos_tl,8,4,156,120,160.0,124.0,5.651268482208252,5.57526159286499,0.07600688934326172
s_fish_700,resnet50_geirhos_tl,8,4,156,124,160.0,128.0,5.651268482208252,5.574392795562744,0.07687568664550781
s_fish_700,resnet50_geirhos_tl,8,4,156,128,160.0,132.0,5.651268482208252,5.614383220672607,0.03688526153564453
s_fish_700,resnet50_geirhos_tl,8,4,156,132,160.0,136.0,5.651268482208252,5.6837053298950195,-0.03243684768676758
s_fish_700,resnet50_geirhos_tl,8,4,156,136,160.0,140.0,5.651268482208252,5.671662330627441,-0.020393848419189453
s_fish_700,resnet50_geirhos_tl,8,4,156,140,160.0,144.0,5.651268482208252,5.667415618896484,-0.016147136688232422
s_fish_700,resnet50_geirhos_tl,8,4,156,144,160.0,148.0,5.651268482208252,5.677617073059082,-0.026348590850830078
s_fish_700,resnet50_geirhos_tl,8,4,156,148,160.0,152.0,5.651268482208252,5.709101676940918,-0.057833194732666016
s_fish_700,resnet50_geirhos_tl,8,4,156,152,160.0,156.0,5.651268482208252,5.709939956665039,-0.05867147445678711
s_fish_700,resnet50_geirhos_tl,8,4,156,156,160.0,160.0,5.651268482208252,5.661093711853027,-0.00982522964477539
s_fish_700,resnet50_geirhos_tl,8,4,156,160,160.0,164.0,5.651268482208252,5.635838031768799,0.015430450439453125
s_fish_700,resnet50_geirhos_tl,8,4,156,164,160.0,168.0,5.651268482208252,5.634977340698242,0.016291141510009766
s_fish_700,resnet50_geirhos_tl,8,4,156,168,160.0,172.0,5.651268482208252,5.627314567565918,0.023953914642333984
s_fish_700,resnet50_geirhos_tl,8,4,156,172,160.0,176.0,5.651268482208252,5.610171794891357,0.04109668731689453
s_fish_700,resnet50_geirhos_tl,8,4,156,176,160.0,180.0,5.651268482208252,5.55454158782959,0.09672689437866211
s_fish_700,resnet50_geirhos_tl,8,4,156,180,160.0,184.0,5.651268482208252,5.545071601867676,0.10619688034057617
s_fish_700,resnet50_geirhos_tl,8,4,156,184,160.0,188.0,5.651268482208252,5.567230701446533,0.08403778076171875
s_fish_700,resnet50_geirhos_tl,8,4,156,188,160.0,192.0,5.651268482208252,5.553943634033203,0.09732484817504883
s_fish_700,resnet50_geirhos_tl,8,4,156,192,160.0,196.0,5.651268482208252,5.559796333312988,0.09147214889526367
s_fish_700,resnet50_geirhos_tl,8,4,156,196,160.0,200.0,5.651268482208252,5.570882797241211,0.08038568496704102
s_fish_700,resnet50_geirhos_tl,8,4,156,200,160.0,204.0,5.651268482208252,5.6053080558776855,0.045960426330566406
s_fish_700,resnet50_geirhos_tl,8,4,156,204,160.0,208.0,5.651268482208252,5.5275559425354,0.12371253967285156
s_fish_700,resnet50_geirhos_tl,8,4,156,208,160.0,212.0,5.651268482208252,5.521862030029297,0.12940645217895508
s_fish_700,resnet50_geirhos_tl,8,4,156,212,160.0,216.0,5.651268482208252,5.5223541259765625,0.12891435623168945
s_fish_700,resnet50_geirhos_tl,8,4,156,216,160.0,220.0,5.651268482208252,5.488890647888184,0.16237783432006836
s_fish_700,resnet50_geirhos_tl,8,4,160,0,164.0,4.0,5.651268482208252,5.659234523773193,-0.007966041564941406
s_fish_700,resnet50_geirhos_tl,8,4,160,4,164.0,8.0,5.651268482208252,5.674251079559326,-0.02298259735107422
s_fish_700,resnet50_geirhos_tl,8,4,160,8,164.0,12.0,5.651268482208252,5.663549423217773,-0.012280941009521484
s_fish_700,resnet50_geirhos_tl,8,4,160,12,164.0,16.0,5.651268482208252,5.6701436042785645,-0.0188751220703125
s_fish_700,resnet50_geirhos_tl,8,4,160,16,164.0,20.0,5.651268482208252,5.6735944747924805,-0.022325992584228516
s_fish_700,resnet50_geirhos_tl,8,4,160,20,164.0,24.0,5.651268482208252,5.711589813232422,-0.06032133102416992
s_fish_700,resnet50_geirhos_tl,8,4,160,24,164.0,28.0,5.651268482208252,5.701021194458008,-0.04975271224975586
s_fish_700,resnet50_geirhos_tl,8,4,160,28,164.0,32.0,5.651268482208252,5.666765213012695,-0.01549673080444336
s_fish_700,resnet50_geirhos_tl,8,4,160,32,164.0,36.0,5.651268482208252,5.592659950256348,0.0586085319519043
s_fish_700,resnet50_geirhos_tl,8,4,160,36,164.0,40.0,5.651268482208252,5.623403549194336,0.027864933013916016
s_fish_700,resnet50_geirhos_tl,8,4,160,40,164.0,44.0,5.651268482208252,5.666658401489258,-0.01538991928100586
s_fish_700,resnet50_geirhos_tl,8,4,160,44,164.0,48.0,5.651268482208252,5.671721935272217,-0.020453453063964844
s_fish_700,resnet50_geirhos_tl,8,4,160,48,164.0,52.0,5.651268482208252,5.740254878997803,-0.08898639678955078
s_fish_700,resnet50_geirhos_tl,8,4,160,52,164.0,56.0,5.651268482208252,5.710117340087891,-0.05884885787963867
s_fish_700,resnet50_geirhos_tl,8,4,160,56,164.0,60.0,5.651268482208252,5.700043678283691,-0.04877519607543945
s_fish_700,resnet50_geirhos_tl,8,4,160,60,164.0,64.0,5.651268482208252,5.758313179016113,-0.10704469680786133
s_fish_700,resnet50_geirhos_tl,8,4,160,64,164.0,68.0,5.651268482208252,5.718899726867676,-0.06763124465942383
s_fish_700,resnet50_geirhos_tl,8,4,160,68,164.0,72.0,5.651268482208252,5.672275066375732,-0.02100658416748047
s_fish_700,resnet50_geirhos_tl,8,4,160,72,164.0,76.0,5.651268482208252,5.712083339691162,-0.060814857482910156
s_fish_700,resnet50_geirhos_tl,8,4,160,76,164.0,80.0,5.651268482208252,5.681604385375977,-0.03033590316772461
s_fish_700,resnet50_geirhos_tl,8,4,160,80,164.0,84.0,5.651268482208252,5.663912296295166,-0.012643814086914062
s_fish_700,resnet50_geirhos_tl,8,4,160,84,164.0,88.0,5.651268482208252,5.666449546813965,-0.01518106460571289
s_fish_700,resnet50_geirhos_tl,8,4,160,88,164.0,92.0,5.651268482208252,5.740364074707031,-0.0890955924987793
s_fish_700,resnet50_geirhos_tl,8,4,160,92,164.0,96.0,5.651268482208252,5.647758960723877,0.003509521484375
s_fish_700,resnet50_geirhos_tl,8,4,160,96,164.0,100.0,5.651268482208252,5.5498270988464355,0.1014413833618164
s_fish_700,resnet50_geirhos_tl,8,4,160,100,164.0,104.0,5.651268482208252,5.5611891746521,0.09007930755615234
s_fish_700,resnet50_geirhos_tl,8,4,160,104,164.0,108.0,5.651268482208252,5.555581092834473,0.0956873893737793
s_fish_700,resnet50_geirhos_tl,8,4,160,108,164.0,112.0,5.651268482208252,5.635324001312256,0.015944480895996094
s_fish_700,resnet50_geirhos_tl,8,4,160,112,164.0,116.0,5.651268482208252,5.616591453552246,0.03467702865600586
s_fish_700,resnet50_geirhos_tl,8,4,160,116,164.0,120.0,5.651268482208252,5.665996551513672,-0.014728069305419922
s_fish_700,resnet50_geirhos_tl,8,4,160,120,164.0,124.0,5.651268482208252,5.64955472946167,0.0017137527465820312
s_fish_700,resnet50_geirhos_tl,8,4,160,124,164.0,128.0,5.651268482208252,5.66819429397583,-0.016925811767578125
s_fish_700,resnet50_geirhos_tl,8,4,160,128,164.0,132.0,5.651268482208252,5.718865871429443,-0.0675973892211914
s_fish_700,resnet50_geirhos_tl,8,4,160,132,164.0,136.0,5.651268482208252,5.7857561111450195,-0.13448762893676758
s_fish_700,resnet50_geirhos_tl,8,4,160,136,164.0,140.0,5.651268482208252,5.7783355712890625,-0.12706708908081055
s_fish_700,resnet50_geirhos_tl,8,4,160,140,164.0,144.0,5.651268482208252,5.720932483673096,-0.06966400146484375
s_fish_700,resnet50_geirhos_tl,8,4,160,144,164.0,148.0,5.651268482208252,5.6920576095581055,-0.040789127349853516
s_fish_700,resnet50_geirhos_tl,8,4,160,148,164.0,152.0,5.651268482208252,5.702397346496582,-0.05112886428833008
s_fish_700,resnet50_geirhos_tl,8,4,160,152,164.0,156.0,5.651268482208252,5.699585437774658,-0.04831695556640625
s_fish_700,resnet50_geirhos_tl,8,4,160,156,164.0,160.0,5.651268482208252,5.654046058654785,-0.002777576446533203
s_fish_700,resnet50_geirhos_tl,8,4,160,160,164.0,164.0,5.651268482208252,5.650392532348633,0.0008759498596191406
s_fish_700,resnet50_geirhos_tl,8,4,160,164,164.0,168.0,5.651268482208252,5.6367082595825195,0.014560222625732422
s_fish_700,resnet50_geirhos_tl,8,4,160,168,164.0,172.0,5.651268482208252,5.613537311553955,0.037731170654296875
s_fish_700,resnet50_geirhos_tl,8,4,160,172,164.0,176.0,5.651268482208252,5.585470676422119,0.06579780578613281
s_fish_700,resnet50_geirhos_tl,8,4,160,176,164.0,180.0,5.651268482208252,5.565703392028809,0.08556509017944336
s_fish_700,resnet50_geirhos_tl,8,4,160,180,164.0,184.0,5.651268482208252,5.562076568603516,0.08919191360473633
s_fish_700,resnet50_geirhos_tl,8,4,160,184,164.0,188.0,5.651268482208252,5.547900199890137,0.10336828231811523
s_fish_700,resnet50_geirhos_tl,8,4,160,188,164.0,192.0,5.651268482208252,5.516202449798584,0.13506603240966797
s_fish_700,resnet50_geirhos_tl,8,4,160,192,164.0,196.0,5.651268482208252,5.523421287536621,0.12784719467163086
s_fish_700,resnet50_geirhos_tl,8,4,160,196,164.0,200.0,5.651268482208252,5.575006484985352,0.07626199722290039
s_fish_700,resnet50_geirhos_tl,8,4,160,200,164.0,204.0,5.651268482208252,5.571073532104492,0.08019495010375977
s_fish_700,resnet50_geirhos_tl,8,4,160,204,164.0,208.0,5.651268482208252,5.519197940826416,0.13207054138183594
s_fish_700,resnet50_geirhos_tl,8,4,160,208,164.0,212.0,5.651268482208252,5.521015167236328,0.13025331497192383
s_fish_700,resnet50_geirhos_tl,8,4,160,212,164.0,216.0,5.651268482208252,5.522490501403809,0.12877798080444336
s_fish_700,resnet50_geirhos_tl,8,4,160,216,164.0,220.0,5.651268482208252,5.501808166503906,0.1494603157043457
s_fish_700,resnet50_geirhos_tl,8,4,164,0,168.0,4.0,5.651268482208252,5.662721157073975,-0.011452674865722656
s_fish_700,resnet50_geirhos_tl,8,4,164,4,168.0,8.0,5.651268482208252,5.677180290222168,-0.025911808013916016
s_fish_700,resnet50_geirhos_tl,8,4,164,8,168.0,12.0,5.651268482208252,5.681923866271973,-0.030655384063720703
s_fish_700,resnet50_geirhos_tl,8,4,164,12,168.0,16.0,5.651268482208252,5.677315711975098,-0.026047229766845703
s_fish_700,resnet50_geirhos_tl,8,4,164,16,168.0,20.0,5.651268482208252,5.7020955085754395,-0.0508270263671875
s_fish_700,resnet50_geirhos_tl,8,4,164,20,168.0,24.0,5.651268482208252,5.720012187957764,-0.06874370574951172
s_fish_700,resnet50_geirhos_tl,8,4,164,24,168.0,28.0,5.651268482208252,5.711622714996338,-0.06035423278808594
s_fish_700,resnet50_geirhos_tl,8,4,164,28,168.0,32.0,5.651268482208252,5.688899993896484,-0.03763151168823242
s_fish_700,resnet50_geirhos_tl,8,4,164,32,168.0,36.0,5.651268482208252,5.701617240905762,-0.050348758697509766
s_fish_700,resnet50_geirhos_tl,8,4,164,36,168.0,40.0,5.651268482208252,5.613399028778076,0.03786945343017578
s_fish_700,resnet50_geirhos_tl,8,4,164,40,168.0,44.0,5.651268482208252,5.610838890075684,0.04042959213256836
s_fish_700,resnet50_geirhos_tl,8,4,164,44,168.0,48.0,5.651268482208252,5.658740043640137,-0.007471561431884766
s_fish_700,resnet50_geirhos_tl,8,4,164,48,168.0,52.0,5.651268482208252,5.7448835372924805,-0.09361505508422852
s_fish_700,resnet50_geirhos_tl,8,4,164,52,168.0,56.0,5.651268482208252,5.732448101043701,-0.08117961883544922
s_fish_700,resnet50_geirhos_tl,8,4,164,56,168.0,60.0,5.651268482208252,5.708581924438477,-0.05731344223022461
s_fish_700,resnet50_geirhos_tl,8,4,164,60,168.0,64.0,5.651268482208252,5.754894733428955,-0.10362625122070312
s_fish_700,resnet50_geirhos_tl,8,4,164,64,168.0,68.0,5.651268482208252,5.713068008422852,-0.06179952621459961
s_fish_700,resnet50_geirhos_tl,8,4,164,68,168.0,72.0,5.651268482208252,5.718442440032959,-0.06717395782470703
s_fish_700,resnet50_geirhos_tl,8,4,164,72,168.0,76.0,5.651268482208252,5.719611644744873,-0.0683431625366211
s_fish_700,resnet50_geirhos_tl,8,4,164,76,168.0,80.0,5.651268482208252,5.77141809463501,-0.12014961242675781
s_fish_700,resnet50_geirhos_tl,8,4,164,80,168.0,84.0,5.651268482208252,5.760685920715332,-0.10941743850708008
s_fish_700,resnet50_geirhos_tl,8,4,164,84,168.0,88.0,5.651268482208252,5.78279447555542,-0.13152599334716797
s_fish_700,resnet50_geirhos_tl,8,4,164,88,168.0,92.0,5.651268482208252,5.717393398284912,-0.06612491607666016
s_fish_700,resnet50_geirhos_tl,8,4,164,92,168.0,96.0,5.651268482208252,5.65164852142334,-0.0003800392150878906
s_fish_700,resnet50_geirhos_tl,8,4,164,96,168.0,100.0,5.651268482208252,5.617746353149414,0.03352212905883789
s_fish_700,resnet50_geirhos_tl,8,4,164,100,168.0,104.0,5.651268482208252,5.615882396697998,0.035386085510253906
s_fish_700,resnet50_geirhos_tl,8,4,164,104,168.0,108.0,5.651268482208252,5.63078498840332,0.02048349380493164
s_fish_700,resnet50_geirhos_tl,8,4,164,108,168.0,112.0,5.651268482208252,5.728969573974609,-0.07770109176635742
s_fish_700,resnet50_geirhos_tl,8,4,164,112,168.0,116.0,5.651268482208252,5.723841190338135,-0.07257270812988281
s_fish_700,resnet50_geirhos_tl,8,4,164,116,168.0,120.0,5.651268482208252,5.728601455688477,-0.07733297348022461
s_fish_700,resnet50_geirhos_tl,8,4,164,120,168.0,124.0,5.651268482208252,5.7054548263549805,-0.054186344146728516
s_fish_700,resnet50_geirhos_tl,8,4,164,124,168.0,128.0,5.651268482208252,5.769290447235107,-0.11802196502685547
s_fish_700,resnet50_geirhos_tl,8,4,164,128,168.0,132.0,5.651268482208252,5.855685234069824,-0.20441675186157227
s_fish_700,resnet50_geirhos_tl,8,4,164,132,168.0,136.0,5.651268482208252,5.879274368286133,-0.22800588607788086
s_fish_700,resnet50_geirhos_tl,8,4,164,136,168.0,140.0,5.651268482208252,5.792004585266113,-0.14073610305786133
s_fish_700,resnet50_geirhos_tl,8,4,164,140,168.0,144.0,5.651268482208252,5.787765026092529,-0.13649654388427734
s_fish_700,resnet50_geirhos_tl,8,4,164,144,168.0,148.0,5.651268482208252,5.7357683181762695,-0.08449983596801758
s_fish_700,resnet50_geirhos_tl,8,4,164,148,168.0,152.0,5.651268482208252,5.736773490905762,-0.08550500869750977
s_fish_700,resnet50_geirhos_tl,8,4,164,152,168.0,156.0,5.651268482208252,5.694096088409424,-0.042827606201171875
s_fish_700,resnet50_geirhos_tl,8,4,164,156,168.0,160.0,5.651268482208252,5.663258075714111,-0.011989593505859375
s_fish_700,resnet50_geirhos_tl,8,4,164,160,168.0,164.0,5.651268482208252,5.649025917053223,0.002242565155029297
s_fish_700,resnet50_geirhos_tl,8,4,164,164,168.0,168.0,5.651268482208252,5.627671241760254,0.023597240447998047
s_fish_700,resnet50_geirhos_tl,8,4,164,168,168.0,172.0,5.651268482208252,5.588575839996338,0.06269264221191406
s_fish_700,resnet50_geirhos_tl,8,4,164,172,168.0,176.0,5.651268482208252,5.609601020812988,0.04166746139526367
s_fish_700,resnet50_geirhos_tl,8,4,164,176,168.0,180.0,5.651268482208252,5.556708335876465,0.09456014633178711
s_fish_700,resnet50_geirhos_tl,8,4,164,180,168.0,184.0,5.651268482208252,5.5635833740234375,0.08768510818481445
s_fish_700,resnet50_geirhos_tl,8,4,164,184,168.0,188.0,5.651268482208252,5.545621395111084,0.10564708709716797
s_fish_700,resnet50_geirhos_tl,8,4,164,188,168.0,192.0,5.651268482208252,5.5232954025268555,0.12797307968139648
s_fish_700,resnet50_geirhos_tl,8,4,164,192,168.0,196.0,5.651268482208252,5.517081260681152,0.1341872215270996
s_fish_700,resnet50_geirhos_tl,8,4,164,196,168.0,200.0,5.651268482208252,5.519718170166016,0.13155031204223633
s_fish_700,resnet50_geirhos_tl,8,4,164,200,168.0,204.0,5.651268482208252,5.536371231079102,0.11489725112915039
s_fish_700,resnet50_geirhos_tl,8,4,164,204,168.0,208.0,5.651268482208252,5.5211286544799805,0.13013982772827148
s_fish_700,resnet50_geirhos_tl,8,4,164,208,168.0,212.0,5.651268482208252,5.546126842498779,0.10514163970947266
s_fish_700,resnet50_geirhos_tl,8,4,164,212,168.0,216.0,5.651268482208252,5.539343357086182,0.11192512512207031
s_fish_700,resnet50_geirhos_tl,8,4,164,216,168.0,220.0,5.651268482208252,5.5177226066589355,0.1335458755493164
s_fish_700,resnet50_geirhos_tl,8,4,168,0,172.0,4.0,5.651268482208252,5.660000801086426,-0.008732318878173828
s_fish_700,resnet50_geirhos_tl,8,4,168,4,172.0,8.0,5.651268482208252,5.689410209655762,-0.038141727447509766
s_fish_700,resnet50_geirhos_tl,8,4,168,8,172.0,12.0,5.651268482208252,5.663209438323975,-0.011940956115722656
s_fish_700,resnet50_geirhos_tl,8,4,168,12,172.0,16.0,5.651268482208252,5.664502143859863,-0.013233661651611328
s_fish_700,resnet50_geirhos_tl,8,4,168,16,172.0,20.0,5.651268482208252,5.673645496368408,-0.02237701416015625
s_fish_700,resnet50_geirhos_tl,8,4,168,20,172.0,24.0,5.651268482208252,5.708359718322754,-0.05709123611450195
s_fish_700,resnet50_geirhos_tl,8,4,168,24,172.0,28.0,5.651268482208252,5.713813781738281,-0.0625452995300293
s_fish_700,resnet50_geirhos_tl,8,4,168,28,172.0,32.0,5.651268482208252,5.712239742279053,-0.06097126007080078
s_fish_700,resnet50_geirhos_tl,8,4,168,32,172.0,36.0,5.651268482208252,5.741293430328369,-0.09002494812011719
s_fish_700,resnet50_geirhos_tl,8,4,168,36,172.0,40.0,5.651268482208252,5.62634801864624,0.02492046356201172
s_fish_700,resnet50_geirhos_tl,8,4,168,40,172.0,44.0,5.651268482208252,5.533079624176025,0.11818885803222656
s_fish_700,resnet50_geirhos_tl,8,4,168,44,172.0,48.0,5.651268482208252,5.546227931976318,0.1050405502319336
s_fish_700,resnet50_geirhos_tl,8,4,168,48,172.0,52.0,5.651268482208252,5.674437522888184,-0.02316904067993164
s_fish_700,resnet50_geirhos_tl,8,4,168,52,172.0,56.0,5.651268482208252,5.695559978485107,-0.04429149627685547
s_fish_700,resnet50_geirhos_tl,8,4,168,56,172.0,60.0,5.651268482208252,5.731112957000732,-0.07984447479248047
s_fish_700,resnet50_geirhos_tl,8,4,168,60,172.0,64.0,5.651268482208252,5.821052074432373,-0.1697835922241211
s_fish_700,resnet50_geirhos_tl,8,4,168,64,172.0,68.0,5.651268482208252,5.8724751472473145,-0.2212066650390625
s_fish_700,resnet50_geirhos_tl,8,4,168,68,172.0,72.0,5.651268482208252,5.8448357582092285,-0.19356727600097656
s_fish_700,resnet50_geirhos_tl,8,4,168,72,172.0,76.0,5.651268482208252,5.870086193084717,-0.21881771087646484
s_fish_700,resnet50_geirhos_tl,8,4,168,76,172.0,80.0,5.651268482208252,5.841793060302734,-0.19052457809448242
s_fish_700,resnet50_geirhos_tl,8,4,168,80,172.0,84.0,5.651268482208252,5.742403984069824,-0.09113550186157227
s_fish_700,resnet50_geirhos_tl,8,4,168,84,172.0,88.0,5.651268482208252,5.739467144012451,-0.08819866180419922
s_fish_700,resnet50_geirhos_tl,8,4,168,88,172.0,92.0,5.651268482208252,5.6330695152282715,0.01819896697998047
s_fish_700,resnet50_geirhos_tl,8,4,168,92,172.0,96.0,5.651268482208252,5.674620151519775,-0.023351669311523438
s_fish_700,resnet50_geirhos_tl,8,4,168,96,172.0,100.0,5.651268482208252,5.62725305557251,0.024015426635742188
s_fish_700,resnet50_geirhos_tl,8,4,168,100,172.0,104.0,5.651268482208252,5.619691371917725,0.031577110290527344
s_fish_700,resnet50_geirhos_tl,8,4,168,104,172.0,108.0,5.651268482208252,5.646645545959473,0.004622936248779297
s_fish_700,resnet50_geirhos_tl,8,4,168,108,172.0,112.0,5.651268482208252,5.74699592590332,-0.09572744369506836
s_fish_700,resnet50_geirhos_tl,8,4,168,112,172.0,116.0,5.651268482208252,5.7461628913879395,-0.0948944091796875
s_fish_700,resnet50_geirhos_tl,8,4,168,116,172.0,120.0,5.651268482208252,5.727301597595215,-0.07603311538696289
s_fish_700,resnet50_geirhos_tl,8,4,168,120,172.0,124.0,5.651268482208252,5.744760513305664,-0.09349203109741211
s_fish_700,resnet50_geirhos_tl,8,4,168,124,172.0,128.0,5.651268482208252,5.751932621002197,-0.10066413879394531
s_fish_700,resnet50_geirhos_tl,8,4,168,128,172.0,132.0,5.651268482208252,5.746059417724609,-0.09479093551635742
s_fish_700,resnet50_geirhos_tl,8,4,168,132,172.0,136.0,5.651268482208252,5.778589248657227,-0.1273207664489746
s_fish_700,resnet50_geirhos_tl,8,4,168,136,172.0,140.0,5.651268482208252,5.728112697601318,-0.0768442153930664
s_fish_700,resnet50_geirhos_tl,8,4,168,140,172.0,144.0,5.651268482208252,5.71664571762085,-0.06537723541259766
s_fish_700,resnet50_geirhos_tl,8,4,168,144,172.0,148.0,5.651268482208252,5.677407741546631,-0.026139259338378906
s_fish_700,resnet50_geirhos_tl,8,4,168,148,172.0,152.0,5.651268482208252,5.652486801147461,-0.0012183189392089844
s_fish_700,resnet50_geirhos_tl,8,4,168,152,172.0,156.0,5.651268482208252,5.644477844238281,0.006790637969970703
s_fish_700,resnet50_geirhos_tl,8,4,168,156,172.0,160.0,5.651268482208252,5.643317222595215,0.00795125961303711
s_fish_700,resnet50_geirhos_tl,8,4,168,160,172.0,164.0,5.651268482208252,5.577663421630859,0.07360506057739258
s_fish_700,resnet50_geirhos_tl,8,4,168,164,172.0,168.0,5.651268482208252,5.5739922523498535,0.07727622985839844
s_fish_700,resnet50_geirhos_tl,8,4,168,168,172.0,172.0,5.651268482208252,5.587440490722656,0.0638279914855957
s_fish_700,resnet50_geirhos_tl,8,4,168,172,172.0,176.0,5.651268482208252,5.583134174346924,0.06813430786132812
s_fish_700,resnet50_geirhos_tl,8,4,168,176,172.0,180.0,5.651268482208252,5.549732685089111,0.10153579711914062
s_fish_700,resnet50_geirhos_tl,8,4,168,180,172.0,184.0,5.651268482208252,5.550557613372803,0.10071086883544922
s_fish_700,resnet50_geirhos_tl,8,4,168,184,172.0,188.0,5.651268482208252,5.5433669090271,0.10790157318115234
s_fish_700,resnet50_geirhos_tl,8,4,168,188,172.0,192.0,5.651268482208252,5.500467777252197,0.1508007049560547
s_fish_700,resnet50_geirhos_tl,8,4,168,192,172.0,196.0,5.651268482208252,5.461867332458496,0.18940114974975586
s_fish_700,resnet50_geirhos_tl,8,4,168,196,172.0,200.0,5.651268482208252,5.486628532409668,0.16463994979858398
s_fish_700,resnet50_geirhos_tl,8,4,168,200,172.0,204.0,5.651268482208252,5.497239589691162,0.15402889251708984
s_fish_700,resnet50_geirhos_tl,8,4,168,204,172.0,208.0,5.651268482208252,5.515141487121582,0.13612699508666992
s_fish_700,resnet50_geirhos_tl,8,4,168,208,172.0,212.0,5.651268482208252,5.52662467956543,0.12464380264282227
s_fish_700,resnet50_geirhos_tl,8,4,168,212,172.0,216.0,5.651268482208252,5.522918701171875,0.12834978103637695
s_fish_700,resnet50_geirhos_tl,8,4,168,216,172.0,220.0,5.651268482208252,5.504092693328857,0.14717578887939453
s_fish_700,resnet50_geirhos_tl,8,4,172,0,176.0,4.0,5.651268482208252,5.659342288970947,-0.008073806762695312
s_fish_700,resnet50_geirhos_tl,8,4,172,4,176.0,8.0,5.651268482208252,5.692306041717529,-0.041037559509277344
s_fish_700,resnet50_geirhos_tl,8,4,172,8,176.0,12.0,5.651268482208252,5.6724700927734375,-0.021201610565185547
s_fish_700,resnet50_geirhos_tl,8,4,172,12,176.0,16.0,5.651268482208252,5.6382155418396,0.013052940368652344
s_fish_700,resnet50_geirhos_tl,8,4,172,16,176.0,20.0,5.651268482208252,5.671577453613281,-0.020308971405029297
s_fish_700,resnet50_geirhos_tl,8,4,172,20,176.0,24.0,5.651268482208252,5.6788458824157715,-0.02757740020751953
s_fish_700,resnet50_geirhos_tl,8,4,172,24,176.0,28.0,5.651268482208252,5.710501194000244,-0.05923271179199219
s_fish_700,resnet50_geirhos_tl,8,4,172,28,176.0,32.0,5.651268482208252,5.71183967590332,-0.06057119369506836
s_fish_700,resnet50_geirhos_tl,8,4,172,32,176.0,36.0,5.651268482208252,5.69453239440918,-0.043263912200927734
s_fish_700,resnet50_geirhos_tl,8,4,172,36,176.0,40.0,5.651268482208252,5.655792713165283,-0.00452423095703125
s_fish_700,resnet50_geirhos_tl,8,4,172,40,176.0,44.0,5.651268482208252,5.562891960144043,0.08837652206420898
s_fish_700,resnet50_geirhos_tl,8,4,172,44,176.0,48.0,5.651268482208252,5.536108016967773,0.11516046524047852
s_fish_700,resnet50_geirhos_tl,8,4,172,48,176.0,52.0,5.651268482208252,5.612756252288818,0.038512229919433594
s_fish_700,resnet50_geirhos_tl,8,4,172,52,176.0,56.0,5.651268482208252,5.728623390197754,-0.07735490798950195
s_fish_700,resnet50_geirhos_tl,8,4,172,56,176.0,60.0,5.651268482208252,5.708423137664795,-0.05715465545654297
s_fish_700,resnet50_geirhos_tl,8,4,172,60,176.0,64.0,5.651268482208252,5.77910041809082,-0.12783193588256836
s_fish_700,resnet50_geirhos_tl,8,4,172,64,176.0,68.0,5.651268482208252,5.846278667449951,-0.19501018524169922
s_fish_700,resnet50_geirhos_tl,8,4,172,68,176.0,72.0,5.651268482208252,5.838963508605957,-0.18769502639770508
s_fish_700,resnet50_geirhos_tl,8,4,172,72,176.0,76.0,5.651268482208252,5.796207427978516,-0.14493894577026367
s_fish_700,resnet50_geirhos_tl,8,4,172,76,176.0,80.0,5.651268482208252,5.846078872680664,-0.1948103904724121
s_fish_700,resnet50_geirhos_tl,8,4,172,80,176.0,84.0,5.651268482208252,5.763653755187988,-0.11238527297973633
s_fish_700,resnet50_geirhos_tl,8,4,172,84,176.0,88.0,5.651268482208252,5.7316718101501465,-0.08040332794189453
s_fish_700,resnet50_geirhos_tl,8,4,172,88,176.0,92.0,5.651268482208252,5.695810317993164,-0.04454183578491211
s_fish_700,resnet50_geirhos_tl,8,4,172,92,176.0,96.0,5.651268482208252,5.695733547210693,-0.044465065002441406
s_fish_700,resnet50_geirhos_tl,8,4,172,96,176.0,100.0,5.651268482208252,5.690122127532959,-0.03885364532470703
s_fish_700,resnet50_geirhos_tl,8,4,172,100,176.0,104.0,5.651268482208252,5.6968994140625,-0.04563093185424805
s_fish_700,resnet50_geirhos_tl,8,4,172,104,176.0,108.0,5.651268482208252,5.699191570281982,-0.04792308807373047
s_fish_700,resnet50_geirhos_tl,8,4,172,108,176.0,112.0,5.651268482208252,5.770583629608154,-0.11931514739990234
s_fish_700,resnet50_geirhos_tl,8,4,172,112,176.0,116.0,5.651268482208252,5.773028373718262,-0.12175989151000977
s_fish_700,resnet50_geirhos_tl,8,4,172,116,176.0,120.0,5.651268482208252,5.784610748291016,-0.13334226608276367
s_fish_700,resnet50_geirhos_tl,8,4,172,120,176.0,124.0,5.651268482208252,5.798635482788086,-0.14736700057983398
s_fish_700,resnet50_geirhos_tl,8,4,172,124,176.0,128.0,5.651268482208252,5.795845985412598,-0.1445775032043457
s_fish_700,resnet50_geirhos_tl,8,4,172,128,176.0,132.0,5.651268482208252,5.72598123550415,-0.07471275329589844
s_fish_700,resnet50_geirhos_tl,8,4,172,132,176.0,136.0,5.651268482208252,5.709676742553711,-0.058408260345458984
s_fish_700,resnet50_geirhos_tl,8,4,172,136,176.0,140.0,5.651268482208252,5.632866859436035,0.018401622772216797
s_fish_700,resnet50_geirhos_tl,8,4,172,140,176.0,144.0,5.651268482208252,5.661489009857178,-0.010220527648925781
s_fish_700,resnet50_geirhos_tl,8,4,172,144,176.0,148.0,5.651268482208252,5.646210193634033,0.00505828857421875
s_fish_700,resnet50_geirhos_tl,8,4,172,148,176.0,152.0,5.651268482208252,5.623074531555176,0.028193950653076172
s_fish_700,resnet50_geirhos_tl,8,4,172,152,176.0,156.0,5.651268482208252,5.605118751525879,0.04614973068237305
s_fish_700,resnet50_geirhos_tl,8,4,172,156,176.0,160.0,5.651268482208252,5.606136798858643,0.045131683349609375
s_fish_700,resnet50_geirhos_tl,8,4,172,160,176.0,164.0,5.651268482208252,5.535398006439209,0.11587047576904297
s_fish_700,resnet50_geirhos_tl,8,4,172,164,176.0,168.0,5.651268482208252,5.535985946655273,0.11528253555297852
s_fish_700,resnet50_geirhos_tl,8,4,172,168,176.0,172.0,5.651268482208252,5.561346530914307,0.08992195129394531
s_fish_700,resnet50_geirhos_tl,8,4,172,172,176.0,176.0,5.651268482208252,5.581686973571777,0.06958150863647461
s_fish_700,resnet50_geirhos_tl,8,4,172,176,176.0,180.0,5.651268482208252,5.524296283721924,0.12697219848632812
s_fish_700,resnet50_geirhos_tl,8,4,172,180,176.0,184.0,5.651268482208252,5.5308732986450195,0.12039518356323242
s_fish_700,resnet50_geirhos_tl,8,4,172,184,176.0,188.0,5.651268482208252,5.551469326019287,0.09979915618896484
s_fish_700,resnet50_geirhos_tl,8,4,172,188,176.0,192.0,5.651268482208252,5.512977123260498,0.1382913589477539
s_fish_700,resnet50_geirhos_tl,8,4,172,192,176.0,196.0,5.651268482208252,5.490053653717041,0.16121482849121094
s_fish_700,resnet50_geirhos_tl,8,4,172,196,176.0,200.0,5.651268482208252,5.478076934814453,0.17319154739379883
s_fish_700,resnet50_geirhos_tl,8,4,172,200,176.0,204.0,5.651268482208252,5.514665126800537,0.13660335540771484
s_fish_700,resnet50_geirhos_tl,8,4,172,204,176.0,208.0,5.651268482208252,5.5221147537231445,0.12915372848510742
s_fish_700,resnet50_geirhos_tl,8,4,172,208,176.0,212.0,5.651268482208252,5.539920806884766,0.11134767532348633
s_fish_700,resnet50_geirhos_tl,8,4,172,212,176.0,216.0,5.651268482208252,5.526044845581055,0.12522363662719727
s_fish_700,resnet50_geirhos_tl,8,4,172,216,176.0,220.0,5.651268482208252,5.513765811920166,0.13750267028808594
s_fish_700,resnet50_geirhos_tl,8,4,176,0,180.0,4.0,5.651268482208252,5.678943634033203,-0.027675151824951172
s_fish_700,resnet50_geirhos_tl,8,4,176,4,180.0,8.0,5.651268482208252,5.697922706604004,-0.04665422439575195
s_fish_700,resnet50_geirhos_tl,8,4,176,8,180.0,12.0,5.651268482208252,5.669919967651367,-0.018651485443115234
s_fish_700,resnet50_geirhos_tl,8,4,176,12,180.0,16.0,5.651268482208252,5.676118850708008,-0.02485036849975586
s_fish_700,resnet50_geirhos_tl,8,4,176,16,180.0,20.0,5.651268482208252,5.686922073364258,-0.03565359115600586
s_fish_700,resnet50_geirhos_tl,8,4,176,20,180.0,24.0,5.651268482208252,5.673742771148682,-0.022474288940429688
s_fish_700,resnet50_geirhos_tl,8,4,176,24,180.0,28.0,5.651268482208252,5.683228969573975,-0.031960487365722656
s_fish_700,resnet50_geirhos_tl,8,4,176,28,180.0,32.0,5.651268482208252,5.701294898986816,-0.05002641677856445
s_fish_700,resnet50_geirhos_tl,8,4,176,32,180.0,36.0,5.651268482208252,5.691613674163818,-0.040345191955566406
s_fish_700,resnet50_geirhos_tl,8,4,176,36,180.0,40.0,5.651268482208252,5.663965225219727,-0.01269674301147461
s_fish_700,resnet50_geirhos_tl,8,4,176,40,180.0,44.0,5.651268482208252,5.673816680908203,-0.022548198699951172
s_fish_700,resnet50_geirhos_tl,8,4,176,44,180.0,48.0,5.651268482208252,5.626183986663818,0.025084495544433594
s_fish_700,resnet50_geirhos_tl,8,4,176,48,180.0,52.0,5.651268482208252,5.594609260559082,0.05665922164916992
s_fish_700,resnet50_geirhos_tl,8,4,176,52,180.0,56.0,5.651268482208252,5.732340335845947,-0.08107185363769531
s_fish_700,resnet50_geirhos_tl,8,4,176,56,180.0,60.0,5.651268482208252,5.724295616149902,-0.07302713394165039
s_fish_700,resnet50_geirhos_tl,8,4,176,60,180.0,64.0,5.651268482208252,5.8046979904174805,-0.15342950820922852
s_fish_700,resnet50_geirhos_tl,8,4,176,64,180.0,68.0,5.651268482208252,5.774481773376465,-0.12321329116821289
s_fish_700,resnet50_geirhos_tl,8,4,176,68,180.0,72.0,5.651268482208252,5.755500793457031,-0.1042323112487793
s_fish_700,resnet50_geirhos_tl,8,4,176,72,180.0,76.0,5.651268482208252,5.708484649658203,-0.05721616744995117
s_fish_700,resnet50_geirhos_tl,8,4,176,76,180.0,80.0,5.651268482208252,5.668201446533203,-0.016932964324951172
s_fish_700,resnet50_geirhos_tl,8,4,176,80,180.0,84.0,5.651268482208252,5.655184745788574,-0.003916263580322266
s_fish_700,resnet50_geirhos_tl,8,4,176,84,180.0,88.0,5.651268482208252,5.685487270355225,-0.034218788146972656
s_fish_700,resnet50_geirhos_tl,8,4,176,88,180.0,92.0,5.651268482208252,5.6844682693481445,-0.03319978713989258
s_fish_700,resnet50_geirhos_tl,8,4,176,92,180.0,96.0,5.651268482208252,5.695699214935303,-0.04443073272705078
s_fish_700,resnet50_geirhos_tl,8,4,176,96,180.0,100.0,5.651268482208252,5.667119979858398,-0.015851497650146484
s_fish_700,resnet50_geirhos_tl,8,4,176,100,180.0,104.0,5.651268482208252,5.663066864013672,-0.011798381805419922
s_fish_700,resnet50_geirhos_tl,8,4,176,104,180.0,108.0,5.651268482208252,5.691646099090576,-0.04037761688232422
s_fish_700,resnet50_geirhos_tl,8,4,176,108,180.0,112.0,5.651268482208252,5.705482482910156,-0.0542140007019043
s_fish_700,resnet50_geirhos_tl,8,4,176,112,180.0,116.0,5.651268482208252,5.692045211791992,-0.040776729583740234
s_fish_700,resnet50_geirhos_tl,8,4,176,116,180.0,120.0,5.651268482208252,5.6990532875061035,-0.04778480529785156
s_fish_700,resnet50_geirhos_tl,8,4,176,120,180.0,124.0,5.651268482208252,5.709403038024902,-0.05813455581665039
s_fish_700,resnet50_geirhos_tl,8,4,176,124,180.0,128.0,5.651268482208252,5.697832107543945,-0.04656362533569336
s_fish_700,resnet50_geirhos_tl,8,4,176,128,180.0,132.0,5.651268482208252,5.6543402671813965,-0.0030717849731445312
s_fish_700,resnet50_geirhos_tl,8,4,176,132,180.0,136.0,5.651268482208252,5.637199401855469,0.014069080352783203
s_fish_700,resnet50_geirhos_tl,8,4,176,136,180.0,140.0,5.651268482208252,5.570298194885254,0.08097028732299805
s_fish_700,resnet50_geirhos_tl,8,4,176,140,180.0,144.0,5.651268482208252,5.569561004638672,0.08170747756958008
s_fish_700,resnet50_geirhos_tl,8,4,176,144,180.0,148.0,5.651268482208252,5.542555809020996,0.10871267318725586
s_fish_700,resnet50_geirhos_tl,8,4,176,148,180.0,152.0,5.651268482208252,5.557354927062988,0.09391355514526367
s_fish_700,resnet50_geirhos_tl,8,4,176,152,180.0,156.0,5.651268482208252,5.571835994720459,0.07943248748779297
s_fish_700,resnet50_geirhos_tl,8,4,176,156,180.0,160.0,5.651268482208252,5.5667338371276855,0.0845346450805664
s_fish_700,resnet50_geirhos_tl,8,4,176,160,180.0,164.0,5.651268482208252,5.544209003448486,0.10705947875976562
s_fish_700,resnet50_geirhos_tl,8,4,176,164,180.0,168.0,5.651268482208252,5.513852119445801,0.13741636276245117
s_fish_700,resnet50_geirhos_tl,8,4,176,168,180.0,172.0,5.651268482208252,5.549081325531006,0.1021871566772461
s_fish_700,resnet50_geirhos_tl,8,4,176,172,180.0,176.0,5.651268482208252,5.54020357131958,0.11106491088867188
s_fish_700,resnet50_geirhos_tl,8,4,176,176,180.0,180.0,5.651268482208252,5.512881755828857,0.13838672637939453
s_fish_700,resnet50_geirhos_tl,8,4,176,180,180.0,184.0,5.651268482208252,5.5264787673950195,0.12478971481323242
s_fish_700,resnet50_geirhos_tl,8,4,176,184,180.0,188.0,5.651268482208252,5.514811992645264,0.13645648956298828
s_fish_700,resnet50_geirhos_tl,8,4,176,188,180.0,192.0,5.651268482208252,5.491186141967773,0.16008234024047852
s_fish_700,resnet50_geirhos_tl,8,4,176,192,180.0,196.0,5.651268482208252,5.491633892059326,0.15963459014892578
s_fish_700,resnet50_geirhos_tl,8,4,176,196,180.0,200.0,5.651268482208252,5.515129089355469,0.1361393928527832
s_fish_700,resnet50_geirhos_tl,8,4,176,200,180.0,204.0,5.651268482208252,5.536437034606934,0.11483144760131836
s_fish_700,resnet50_geirhos_tl,8,4,176,204,180.0,208.0,5.651268482208252,5.528651714324951,0.12261676788330078
s_fish_700,resnet50_geirhos_tl,8,4,176,208,180.0,212.0,5.651268482208252,5.527369976043701,0.12389850616455078
s_fish_700,resnet50_geirhos_tl,8,4,176,212,180.0,216.0,5.651268482208252,5.5283637046813965,0.12290477752685547
s_fish_700,resnet50_geirhos_tl,8,4,176,216,180.0,220.0,5.651268482208252,5.5042405128479,0.14702796936035156
s_fish_700,resnet50_geirhos_tl,8,4,180,0,184.0,4.0,5.651268482208252,5.678511142730713,-0.027242660522460938
s_fish_700,resnet50_geirhos_tl,8,4,180,4,184.0,8.0,5.651268482208252,5.694181442260742,-0.042912960052490234
s_fish_700,resnet50_geirhos_tl,8,4,180,8,184.0,12.0,5.651268482208252,5.687539577484131,-0.036271095275878906
s_fish_700,resnet50_geirhos_tl,8,4,180,12,184.0,16.0,5.651268482208252,5.691797733306885,-0.04052925109863281
s_fish_700,resnet50_geirhos_tl,8,4,180,16,184.0,20.0,5.651268482208252,5.693024158477783,-0.04175567626953125
s_fish_700,resnet50_geirhos_tl,8,4,180,20,184.0,24.0,5.651268482208252,5.66448450088501,-0.013216018676757812
s_fish_700,resnet50_geirhos_tl,8,4,180,24,184.0,28.0,5.651268482208252,5.668527126312256,-0.017258644104003906
s_fish_700,resnet50_geirhos_tl,8,4,180,28,184.0,32.0,5.651268482208252,5.688263893127441,-0.03699541091918945
s_fish_700,resnet50_geirhos_tl,8,4,180,32,184.0,36.0,5.651268482208252,5.723201751708984,-0.07193326950073242
s_fish_700,resnet50_geirhos_tl,8,4,180,36,184.0,40.0,5.651268482208252,5.708237171173096,-0.05696868896484375
s_fish_700,resnet50_geirhos_tl,8,4,180,40,184.0,44.0,5.651268482208252,5.7092742919921875,-0.05800580978393555
s_fish_700,resnet50_geirhos_tl,8,4,180,44,184.0,48.0,5.651268482208252,5.711507797241211,-0.060239315032958984
s_fish_700,resnet50_geirhos_tl,8,4,180,48,184.0,52.0,5.651268482208252,5.66590690612793,-0.014638423919677734
s_fish_700,resnet50_geirhos_tl,8,4,180,52,184.0,56.0,5.651268482208252,5.7336578369140625,-0.08238935470581055
s_fish_700,resnet50_geirhos_tl,8,4,180,56,184.0,60.0,5.651268482208252,5.754345893859863,-0.10307741165161133
s_fish_700,resnet50_geirhos_tl,8,4,180,60,184.0,64.0,5.651268482208252,5.787545680999756,-0.1362771987915039
s_fish_700,resnet50_geirhos_tl,8,4,180,64,184.0,68.0,5.651268482208252,5.746331214904785,-0.0950627326965332
s_fish_700,resnet50_geirhos_tl,8,4,180,68,184.0,72.0,5.651268482208252,5.76350736618042,-0.11223888397216797
s_fish_700,resnet50_geirhos_tl,8,4,180,72,184.0,76.0,5.651268482208252,5.703997611999512,-0.052729129791259766
s_fish_700,resnet50_geirhos_tl,8,4,180,76,184.0,80.0,5.651268482208252,5.684661388397217,-0.033392906188964844
s_fish_700,resnet50_geirhos_tl,8,4,180,80,184.0,84.0,5.651268482208252,5.66176700592041,-0.010498523712158203
s_fish_700,resnet50_geirhos_tl,8,4,180,84,184.0,88.0,5.651268482208252,5.6595916748046875,-0.008323192596435547
s_fish_700,resnet50_geirhos_tl,8,4,180,88,184.0,92.0,5.651268482208252,5.768183708190918,-0.11691522598266602
s_fish_700,resnet50_geirhos_tl,8,4,180,92,184.0,96.0,5.651268482208252,5.748891353607178,-0.09762287139892578
s_fish_700,resnet50_geirhos_tl,8,4,180,96,184.0,100.0,5.651268482208252,5.715106964111328,-0.06383848190307617
s_fish_700,resnet50_geirhos_tl,8,4,180,100,184.0,104.0,5.651268482208252,5.700194358825684,-0.04892587661743164
s_fish_700,resnet50_geirhos_tl,8,4,180,104,184.0,108.0,5.651268482208252,5.685117244720459,-0.03384876251220703
s_fish_700,resnet50_geirhos_tl,8,4,180,108,184.0,112.0,5.651268482208252,5.684645175933838,-0.03337669372558594
s_fish_700,resnet50_geirhos_tl,8,4,180,112,184.0,116.0,5.651268482208252,5.6388325691223145,0.0124359130859375
s_fish_700,resnet50_geirhos_tl,8,4,180,116,184.0,120.0,5.651268482208252,5.6203742027282715,0.03089427947998047
s_fish_700,resnet50_geirhos_tl,8,4,180,120,184.0,124.0,5.651268482208252,5.616392612457275,0.03487586975097656
s_fish_700,resnet50_geirhos_tl,8,4,180,124,184.0,128.0,5.651268482208252,5.627006530761719,0.024261951446533203
s_fish_700,resnet50_geirhos_tl,8,4,180,128,184.0,132.0,5.651268482208252,5.584523677825928,0.06674480438232422
s_fish_700,resnet50_geirhos_tl,8,4,180,132,184.0,136.0,5.651268482208252,5.580084800720215,0.07118368148803711
s_fish_700,resnet50_geirhos_tl,8,4,180,136,184.0,140.0,5.651268482208252,5.550560474395752,0.1007080078125
s_fish_700,resnet50_geirhos_tl,8,4,180,140,184.0,144.0,5.651268482208252,5.570127010345459,0.08114147186279297
s_fish_700,resnet50_geirhos_tl,8,4,180,144,184.0,148.0,5.651268482208252,5.550041198730469,0.1012272834777832
s_fish_700,resnet50_geirhos_tl,8,4,180,148,184.0,152.0,5.651268482208252,5.540524959564209,0.11074352264404297
s_fish_700,resnet50_geirhos_tl,8,4,180,152,184.0,156.0,5.651268482208252,5.550263404846191,0.10100507736206055
s_fish_700,resnet50_geirhos_tl,8,4,180,156,184.0,160.0,5.651268482208252,5.550289154052734,0.10097932815551758
s_fish_700,resnet50_geirhos_tl,8,4,180,160,184.0,164.0,5.651268482208252,5.528013229370117,0.12325525283813477
s_fish_700,resnet50_geirhos_tl,8,4,180,164,184.0,168.0,5.651268482208252,5.562544345855713,0.08872413635253906
s_fish_700,resnet50_geirhos_tl,8,4,180,168,184.0,172.0,5.651268482208252,5.5654473304748535,0.08582115173339844
s_fish_700,resnet50_geirhos_tl,8,4,180,172,184.0,176.0,5.651268482208252,5.53920316696167,0.11206531524658203
s_fish_700,resnet50_geirhos_tl,8,4,180,176,184.0,180.0,5.651268482208252,5.506544589996338,0.14472389221191406
s_fish_700,resnet50_geirhos_tl,8,4,180,180,184.0,184.0,5.651268482208252,5.53018856048584,0.12107992172241211
s_fish_700,resnet50_geirhos_tl,8,4,180,184,184.0,188.0,5.651268482208252,5.5610833168029785,0.09018516540527344
s_fish_700,resnet50_geirhos_tl,8,4,180,188,184.0,192.0,5.651268482208252,5.543950080871582,0.10731840133666992
s_fish_700,resnet50_geirhos_tl,8,4,180,192,184.0,196.0,5.651268482208252,5.539409637451172,0.11185884475708008
s_fish_700,resnet50_geirhos_tl,8,4,180,196,184.0,200.0,5.651268482208252,5.544783115386963,0.10648536682128906
s_fish_700,resnet50_geirhos_tl,8,4,180,200,184.0,204.0,5.651268482208252,5.5672807693481445,0.08398771286010742
s_fish_700,resnet50_geirhos_tl,8,4,180,204,184.0,208.0,5.651268482208252,5.550594329833984,0.10067415237426758
s_fish_700,resnet50_geirhos_tl,8,4,180,208,184.0,212.0,5.651268482208252,5.576550483703613,0.07471799850463867
s_fish_700,resnet50_geirhos_tl,8,4,180,212,184.0,216.0,5.651268482208252,5.533812522888184,0.11745595932006836
s_fish_700,resnet50_geirhos_tl,8,4,180,216,184.0,220.0,5.651268482208252,5.53511905670166,0.1161494255065918
s_fish_700,resnet50_geirhos_tl,8,4,184,0,188.0,4.0,5.651268482208252,5.697582244873047,-0.04631376266479492
s_fish_700,resnet50_geirhos_tl,8,4,184,4,188.0,8.0,5.651268482208252,5.714259147644043,-0.06299066543579102
s_fish_700,resnet50_geirhos_tl,8,4,184,8,188.0,12.0,5.651268482208252,5.698947906494141,-0.04767942428588867
s_fish_700,resnet50_geirhos_tl,8,4,184,12,188.0,16.0,5.651268482208252,5.714607238769531,-0.0633387565612793
s_fish_700,resnet50_geirhos_tl,8,4,184,16,188.0,20.0,5.651268482208252,5.698077201843262,-0.046808719635009766
s_fish_700,resnet50_geirhos_tl,8,4,184,20,188.0,24.0,5.651268482208252,5.675204277038574,-0.023935794830322266
s_fish_700,resnet50_geirhos_tl,8,4,184,24,188.0,28.0,5.651268482208252,5.653602600097656,-0.002334117889404297
s_fish_700,resnet50_geirhos_tl,8,4,184,28,188.0,32.0,5.651268482208252,5.703078269958496,-0.05180978775024414
s_fish_700,resnet50_geirhos_tl,8,4,184,32,188.0,36.0,5.651268482208252,5.685011863708496,-0.03374338150024414
s_fish_700,resnet50_geirhos_tl,8,4,184,36,188.0,40.0,5.651268482208252,5.69598388671875,-0.04471540451049805
s_fish_700,resnet50_geirhos_tl,8,4,184,40,188.0,44.0,5.651268482208252,5.702960968017578,-0.05169248580932617
s_fish_700,resnet50_geirhos_tl,8,4,184,44,188.0,48.0,5.651268482208252,5.695096015930176,-0.04382753372192383
s_fish_700,resnet50_geirhos_tl,8,4,184,48,188.0,52.0,5.651268482208252,5.707530975341797,-0.05626249313354492
s_fish_700,resnet50_geirhos_tl,8,4,184,52,188.0,56.0,5.651268482208252,5.769932746887207,-0.11866426467895508
s_fish_700,resnet50_geirhos_tl,8,4,184,56,188.0,60.0,5.651268482208252,5.830377101898193,-0.1791086196899414
s_fish_700,resnet50_geirhos_tl,8,4,184,60,188.0,64.0,5.651268482208252,5.8262810707092285,-0.17501258850097656
s_fish_700,resnet50_geirhos_tl,8,4,184,64,188.0,68.0,5.651268482208252,5.767630577087402,-0.11636209487915039
s_fish_700,resnet50_geirhos_tl,8,4,184,68,188.0,72.0,5.651268482208252,5.739003658294678,-0.08773517608642578
s_fish_700,resnet50_geirhos_tl,8,4,184,72,188.0,76.0,5.651268482208252,5.641048431396484,0.010220050811767578
s_fish_700,resnet50_geirhos_tl,8,4,184,76,188.0,80.0,5.651268482208252,5.687103748321533,-0.03583526611328125
s_fish_700,resnet50_geirhos_tl,8,4,184,80,188.0,84.0,5.651268482208252,5.6333794593811035,0.017889022827148438
s_fish_700,resnet50_geirhos_tl,8,4,184,84,188.0,88.0,5.651268482208252,5.6912007331848145,-0.0399322509765625
s_fish_700,resnet50_geirhos_tl,8,4,184,88,188.0,92.0,5.651268482208252,5.779458045959473,-0.1281895637512207
s_fish_700,resnet50_geirhos_tl,8,4,184,92,188.0,96.0,5.651268482208252,5.840002536773682,-0.1887340545654297
s_fish_700,resnet50_geirhos_tl,8,4,184,96,188.0,100.0,5.651268482208252,5.786866188049316,-0.13559770584106445
s_fish_700,resnet50_geirhos_tl,8,4,184,100,188.0,104.0,5.651268482208252,5.7505974769592285,-0.09932899475097656
s_fish_700,resnet50_geirhos_tl,8,4,184,104,188.0,108.0,5.651268482208252,5.743609428405762,-0.09234094619750977
s_fish_700,resnet50_geirhos_tl,8,4,184,108,188.0,112.0,5.651268482208252,5.694188594818115,-0.04292011260986328
s_fish_700,resnet50_geirhos_tl,8,4,184,112,188.0,116.0,5.651268482208252,5.616291046142578,0.03497743606567383
s_fish_700,resnet50_geirhos_tl,8,4,184,116,188.0,120.0,5.651268482208252,5.6130499839782715,0.03821849822998047
s_fish_700,resnet50_geirhos_tl,8,4,184,120,188.0,124.0,5.651268482208252,5.569758892059326,0.08150959014892578
s_fish_700,resnet50_geirhos_tl,8,4,184,124,188.0,128.0,5.651268482208252,5.577065944671631,0.0742025375366211
s_fish_700,resnet50_geirhos_tl,8,4,184,128,188.0,132.0,5.651268482208252,5.528985977172852,0.12228250503540039
s_fish_700,resnet50_geirhos_tl,8,4,184,132,188.0,136.0,5.651268482208252,5.516547679901123,0.1347208023071289
s_fish_700,resnet50_geirhos_tl,8,4,184,136,188.0,140.0,5.651268482208252,5.482475280761719,0.1687932014465332
s_fish_700,resnet50_geirhos_tl,8,4,184,140,188.0,144.0,5.651268482208252,5.5207929611206055,0.13047552108764648
s_fish_700,resnet50_geirhos_tl,8,4,184,144,188.0,148.0,5.651268482208252,5.479875087738037,0.17139339447021484
s_fish_700,resnet50_geirhos_tl,8,4,184,148,188.0,152.0,5.651268482208252,5.459198474884033,0.19207000732421875
s_fish_700,resnet50_geirhos_tl,8,4,184,152,188.0,156.0,5.651268482208252,5.470241069793701,0.18102741241455078
s_fish_700,resnet50_geirhos_tl,8,4,184,156,188.0,160.0,5.651268482208252,5.490372657775879,0.16089582443237305
s_fish_700,resnet50_geirhos_tl,8,4,184,160,188.0,164.0,5.651268482208252,5.477420806884766,0.17384767532348633
s_fish_700,resnet50_geirhos_tl,8,4,184,164,188.0,168.0,5.651268482208252,5.5165863037109375,0.13468217849731445
s_fish_700,resnet50_geirhos_tl,8,4,184,168,188.0,172.0,5.651268482208252,5.536421775817871,0.11484670639038086
s_fish_700,resnet50_geirhos_tl,8,4,184,172,188.0,176.0,5.651268482208252,5.514177322387695,0.13709115982055664
s_fish_700,resnet50_geirhos_tl,8,4,184,176,188.0,180.0,5.651268482208252,5.49286413192749,0.15840435028076172
s_fish_700,resnet50_geirhos_tl,8,4,184,180,188.0,184.0,5.651268482208252,5.527627468109131,0.1236410140991211
s_fish_700,resnet50_geirhos_tl,8,4,184,184,188.0,188.0,5.651268482208252,5.549098968505859,0.10216951370239258
s_fish_700,resnet50_geirhos_tl,8,4,184,188,188.0,192.0,5.651268482208252,5.534936904907227,0.11633157730102539
s_fish_700,resnet50_geirhos_tl,8,4,184,192,188.0,196.0,5.651268482208252,5.535048007965088,0.11622047424316406
s_fish_700,resnet50_geirhos_tl,8,4,184,196,188.0,200.0,5.651268482208252,5.564521789550781,0.0867466926574707
s_fish_700,resnet50_geirhos_tl,8,4,184,200,188.0,204.0,5.651268482208252,5.565782070159912,0.08548641204833984
s_fish_700,resnet50_geirhos_tl,8,4,184,204,188.0,208.0,5.651268482208252,5.582948684692383,0.06831979751586914
s_fish_700,resnet50_geirhos_tl,8,4,184,208,188.0,212.0,5.651268482208252,5.572210311889648,0.07905817031860352
s_fish_700,resnet50_geirhos_tl,8,4,184,212,188.0,216.0,5.651268482208252,5.540409088134766,0.11085939407348633
s_fish_700,resnet50_geirhos_tl,8,4,184,216,188.0,220.0,5.651268482208252,5.521860122680664,0.1294083595275879
s_fish_700,resnet50_geirhos_tl,8,4,188,0,192.0,4.0,5.651268482208252,5.677403450012207,-0.026134967803955078
s_fish_700,resnet50_geirhos_tl,8,4,188,4,192.0,8.0,5.651268482208252,5.716497421264648,-0.06522893905639648
s_fish_700,resnet50_geirhos_tl,8,4,188,8,192.0,12.0,5.651268482208252,5.716630935668945,-0.06536245346069336
s_fish_700,resnet50_geirhos_tl,8,4,188,12,192.0,16.0,5.651268482208252,5.695316791534424,-0.044048309326171875
s_fish_700,resnet50_geirhos_tl,8,4,188,16,192.0,20.0,5.651268482208252,5.704213619232178,-0.05294513702392578
s_fish_700,resnet50_geirhos_tl,8,4,188,20,192.0,24.0,5.651268482208252,5.702943325042725,-0.051674842834472656
s_fish_700,resnet50_geirhos_tl,8,4,188,24,192.0,28.0,5.651268482208252,5.697291374206543,-0.046022891998291016
s_fish_700,resnet50_geirhos_tl,8,4,188,28,192.0,32.0,5.651268482208252,5.705942153930664,-0.05467367172241211
s_fish_700,resnet50_geirhos_tl,8,4,188,32,192.0,36.0,5.651268482208252,5.703439712524414,-0.05217123031616211
s_fish_700,resnet50_geirhos_tl,8,4,188,36,192.0,40.0,5.651268482208252,5.69427490234375,-0.04300642013549805
s_fish_700,resnet50_geirhos_tl,8,4,188,40,192.0,44.0,5.651268482208252,5.7131266593933105,-0.061858177185058594
s_fish_700,resnet50_geirhos_tl,8,4,188,44,192.0,48.0,5.651268482208252,5.717094421386719,-0.0658259391784668
s_fish_700,resnet50_geirhos_tl,8,4,188,48,192.0,52.0,5.651268482208252,5.73082971572876,-0.07956123352050781
s_fish_700,resnet50_geirhos_tl,8,4,188,52,192.0,56.0,5.651268482208252,5.725456714630127,-0.074188232421875
s_fish_700,resnet50_geirhos_tl,8,4,188,56,192.0,60.0,5.651268482208252,5.785803318023682,-0.1345348358154297
s_fish_700,resnet50_geirhos_tl,8,4,188,60,192.0,64.0,5.651268482208252,5.881822109222412,-0.23055362701416016
s_fish_700,resnet50_geirhos_tl,8,4,188,64,192.0,68.0,5.651268482208252,5.823318958282471,-0.17205047607421875
s_fish_700,resnet50_geirhos_tl,8,4,188,68,192.0,72.0,5.651268482208252,5.6579694747924805,-0.006700992584228516
s_fish_700,resnet50_geirhos_tl,8,4,188,72,192.0,76.0,5.651268482208252,5.502048969268799,0.14921951293945312
s_fish_700,resnet50_geirhos_tl,8,4,188,76,192.0,80.0,5.651268482208252,5.655849933624268,-0.004581451416015625
s_fish_700,resnet50_geirhos_tl,8,4,188,80,192.0,84.0,5.651268482208252,5.616981029510498,0.034287452697753906
s_fish_700,resnet50_geirhos_tl,8,4,188,84,192.0,88.0,5.651268482208252,5.736587047576904,-0.08531856536865234
s_fish_700,resnet50_geirhos_tl,8,4,188,88,192.0,92.0,5.651268482208252,5.852807521820068,-0.2015390396118164
s_fish_700,resnet50_geirhos_tl,8,4,188,92,192.0,96.0,5.651268482208252,5.857241630554199,-0.20597314834594727
s_fish_700,resnet50_geirhos_tl,8,4,188,96,192.0,100.0,5.651268482208252,5.808567047119141,-0.15729856491088867
s_fish_700,resnet50_geirhos_tl,8,4,188,100,192.0,104.0,5.651268482208252,5.811767578125,-0.16049909591674805
s_fish_700,resnet50_geirhos_tl,8,4,188,104,192.0,108.0,5.651268482208252,5.803084850311279,-0.15181636810302734
s_fish_700,resnet50_geirhos_tl,8,4,188,108,192.0,112.0,5.651268482208252,5.713413715362549,-0.062145233154296875
s_fish_700,resnet50_geirhos_tl,8,4,188,112,192.0,116.0,5.651268482208252,5.651909828186035,-0.0006413459777832031
s_fish_700,resnet50_geirhos_tl,8,4,188,116,192.0,120.0,5.651268482208252,5.631073951721191,0.020194530487060547
s_fish_700,resnet50_geirhos_tl,8,4,188,120,192.0,124.0,5.651268482208252,5.6035308837890625,0.04773759841918945
s_fish_700,resnet50_geirhos_tl,8,4,188,124,192.0,128.0,5.651268482208252,5.596920490264893,0.054347991943359375
s_fish_700,resnet50_geirhos_tl,8,4,188,128,192.0,132.0,5.651268482208252,5.584518909454346,0.06674957275390625
s_fish_700,resnet50_geirhos_tl,8,4,188,132,192.0,136.0,5.651268482208252,5.537594318389893,0.11367416381835938
s_fish_700,resnet50_geirhos_tl,8,4,188,136,192.0,140.0,5.651268482208252,5.523399353027344,0.1278691291809082
s_fish_700,resnet50_geirhos_tl,8,4,188,140,192.0,144.0,5.651268482208252,5.547611713409424,0.10365676879882812
s_fish_700,resnet50_geirhos_tl,8,4,188,144,192.0,148.0,5.651268482208252,5.502068996429443,0.1491994857788086
s_fish_700,resnet50_geirhos_tl,8,4,188,148,192.0,152.0,5.651268482208252,5.438738822937012,0.21252965927124023
s_fish_700,resnet50_geirhos_tl,8,4,188,152,192.0,156.0,5.651268482208252,5.446834564208984,0.20443391799926758
s_fish_700,resnet50_geirhos_tl,8,4,188,156,192.0,160.0,5.651268482208252,5.459949016571045,0.19131946563720703
s_fish_700,resnet50_geirhos_tl,8,4,188,160,192.0,164.0,5.651268482208252,5.4650068283081055,0.18626165390014648
s_fish_700,resnet50_geirhos_tl,8,4,188,164,192.0,168.0,5.651268482208252,5.469956874847412,0.18131160736083984
s_fish_700,resnet50_geirhos_tl,8,4,188,168,192.0,172.0,5.651268482208252,5.485374450683594,0.1658940315246582
s_fish_700,resnet50_geirhos_tl,8,4,188,172,192.0,176.0,5.651268482208252,5.482728481292725,0.16854000091552734
s_fish_700,resnet50_geirhos_tl,8,4,188,176,192.0,180.0,5.651268482208252,5.491687774658203,0.15958070755004883
s_fish_700,resnet50_geirhos_tl,8,4,188,180,192.0,184.0,5.651268482208252,5.49808931350708,0.15317916870117188
s_fish_700,resnet50_geirhos_tl,8,4,188,184,192.0,188.0,5.651268482208252,5.512780666351318,0.1384878158569336
s_fish_700,resnet50_geirhos_tl,8,4,188,188,192.0,192.0,5.651268482208252,5.535603046417236,0.11566543579101562
s_fish_700,resnet50_geirhos_tl,8,4,188,192,192.0,196.0,5.651268482208252,5.549001216888428,0.10226726531982422
s_fish_700,resnet50_geirhos_tl,8,4,188,196,192.0,200.0,5.651268482208252,5.546502113342285,0.1047663688659668
s_fish_700,resnet50_geirhos_tl,8,4,188,200,192.0,204.0,5.651268482208252,5.563050746917725,0.08821773529052734
s_fish_700,resnet50_geirhos_tl,8,4,188,204,192.0,208.0,5.651268482208252,5.5753326416015625,0.07593584060668945
s_fish_700,resnet50_geirhos_tl,8,4,188,208,192.0,212.0,5.651268482208252,5.576949119567871,0.07431936264038086
s_fish_700,resnet50_geirhos_tl,8,4,188,212,192.0,216.0,5.651268482208252,5.555981636047363,0.09528684616088867
s_fish_700,resnet50_geirhos_tl,8,4,188,216,192.0,220.0,5.651268482208252,5.527525901794434,0.12374258041381836
s_fish_700,resnet50_geirhos_tl,8,4,192,0,196.0,4.0,5.651268482208252,5.68855094909668,-0.037282466888427734
s_fish_700,resnet50_geirhos_tl,8,4,192,4,196.0,8.0,5.651268482208252,5.704555988311768,-0.053287506103515625
s_fish_700,resnet50_geirhos_tl,8,4,192,8,196.0,12.0,5.651268482208252,5.696965217590332,-0.04569673538208008
s_fish_700,resnet50_geirhos_tl,8,4,192,12,196.0,16.0,5.651268482208252,5.716777324676514,-0.06550884246826172
s_fish_700,resnet50_geirhos_tl,8,4,192,16,196.0,20.0,5.651268482208252,5.713412284851074,-0.062143802642822266
s_fish_700,resnet50_geirhos_tl,8,4,192,20,196.0,24.0,5.651268482208252,5.69572114944458,-0.044452667236328125
s_fish_700,resnet50_geirhos_tl,8,4,192,24,196.0,28.0,5.651268482208252,5.665224552154541,-0.013956069946289062
s_fish_700,resnet50_geirhos_tl,8,4,192,28,196.0,32.0,5.651268482208252,5.657190322875977,-0.005921840667724609
s_fish_700,resnet50_geirhos_tl,8,4,192,32,196.0,36.0,5.651268482208252,5.646378517150879,0.004889965057373047
s_fish_700,resnet50_geirhos_tl,8,4,192,36,196.0,40.0,5.651268482208252,5.665272235870361,-0.014003753662109375
s_fish_700,resnet50_geirhos_tl,8,4,192,40,196.0,44.0,5.651268482208252,5.6770758628845215,-0.02580738067626953
s_fish_700,resnet50_geirhos_tl,8,4,192,44,196.0,48.0,5.651268482208252,5.698347568511963,-0.04707908630371094
s_fish_700,resnet50_geirhos_tl,8,4,192,48,196.0,52.0,5.651268482208252,5.725462436676025,-0.07419395446777344
s_fish_700,resnet50_geirhos_tl,8,4,192,52,196.0,56.0,5.651268482208252,5.7266740798950195,-0.07540559768676758
s_fish_700,resnet50_geirhos_tl,8,4,192,56,196.0,60.0,5.651268482208252,5.7802348136901855,-0.1289663314819336
s_fish_700,resnet50_geirhos_tl,8,4,192,60,196.0,64.0,5.651268482208252,5.810740947723389,-0.15947246551513672
s_fish_700,resnet50_geirhos_tl,8,4,192,64,196.0,68.0,5.651268482208252,5.747746467590332,-0.09647798538208008
s_fish_700,resnet50_geirhos_tl,8,4,192,68,196.0,72.0,5.651268482208252,5.625548839569092,0.025719642639160156
s_fish_700,resnet50_geirhos_tl,8,4,192,72,196.0,76.0,5.651268482208252,5.558851718902588,0.09241676330566406
s_fish_700,resnet50_geirhos_tl,8,4,192,76,196.0,80.0,5.651268482208252,5.592211723327637,0.059056758880615234
s_fish_700,resnet50_geirhos_tl,8,4,192,80,196.0,84.0,5.651268482208252,5.611052989959717,0.040215492248535156
s_fish_700,resnet50_geirhos_tl,8,4,192,84,196.0,88.0,5.651268482208252,5.646881580352783,0.00438690185546875
s_fish_700,resnet50_geirhos_tl,8,4,192,88,196.0,92.0,5.651268482208252,5.729421615600586,-0.07815313339233398
s_fish_700,resnet50_geirhos_tl,8,4,192,92,196.0,96.0,5.651268482208252,5.83804988861084,-0.1867814064025879
s_fish_700,resnet50_geirhos_tl,8,4,192,96,196.0,100.0,5.651268482208252,5.806140899658203,-0.15487241744995117
s_fish_700,resnet50_geirhos_tl,8,4,192,100,196.0,104.0,5.651268482208252,5.794938564300537,-0.14367008209228516
s_fish_700,resnet50_geirhos_tl,8,4,192,104,196.0,108.0,5.651268482208252,5.771808624267578,-0.12054014205932617
s_fish_700,resnet50_geirhos_tl,8,4,192,108,196.0,112.0,5.651268482208252,5.697127819061279,-0.045859336853027344
s_fish_700,resnet50_geirhos_tl,8,4,192,112,196.0,116.0,5.651268482208252,5.66766357421875,-0.016395092010498047
s_fish_700,resnet50_geirhos_tl,8,4,192,116,196.0,120.0,5.651268482208252,5.627971649169922,0.023296833038330078
s_fish_700,resnet50_geirhos_tl,8,4,192,120,196.0,124.0,5.651268482208252,5.5847249031066895,0.0665435791015625
s_fish_700,resnet50_geirhos_tl,8,4,192,124,196.0,128.0,5.651268482208252,5.620013236999512,0.031255245208740234
s_fish_700,resnet50_geirhos_tl,8,4,192,128,196.0,132.0,5.651268482208252,5.585842132568359,0.06542634963989258
s_fish_700,resnet50_geirhos_tl,8,4,192,132,196.0,136.0,5.651268482208252,5.572223663330078,0.07904481887817383
s_fish_700,resnet50_geirhos_tl,8,4,192,136,196.0,140.0,5.651268482208252,5.548266887664795,0.10300159454345703
s_fish_700,resnet50_geirhos_tl,8,4,192,140,196.0,144.0,5.651268482208252,5.549317359924316,0.10195112228393555
s_fish_700,resnet50_geirhos_tl,8,4,192,144,196.0,148.0,5.651268482208252,5.52029275894165,0.13097572326660156
s_fish_700,resnet50_geirhos_tl,8,4,192,148,196.0,152.0,5.651268482208252,5.473807334899902,0.1774611473083496
s_fish_700,resnet50_geirhos_tl,8,4,192,152,196.0,156.0,5.651268482208252,5.481517791748047,0.16975069046020508
s_fish_700,resnet50_geirhos_tl,8,4,192,156,196.0,160.0,5.651268482208252,5.47773551940918,0.17353296279907227
s_fish_700,resnet50_geirhos_tl,8,4,192,160,196.0,164.0,5.651268482208252,5.487861633300781,0.1634068489074707
s_fish_700,resnet50_geirhos_tl,8,4,192,164,196.0,168.0,5.651268482208252,5.499388694763184,0.15187978744506836
s_fish_700,resnet50_geirhos_tl,8,4,192,168,196.0,172.0,5.651268482208252,5.509793281555176,0.14147520065307617
s_fish_700,resnet50_geirhos_tl,8,4,192,172,196.0,176.0,5.651268482208252,5.497311592102051,0.15395689010620117
s_fish_700,resnet50_geirhos_tl,8,4,192,176,196.0,180.0,5.651268482208252,5.510786533355713,0.14048194885253906
s_fish_700,resnet50_geirhos_tl,8,4,192,180,196.0,184.0,5.651268482208252,5.528631687164307,0.12263679504394531
s_fish_700,resnet50_geirhos_tl,8,4,192,184,196.0,188.0,5.651268482208252,5.513201713562012,0.13806676864624023
s_fish_700,resnet50_geirhos_tl,8,4,192,188,196.0,192.0,5.651268482208252,5.519234657287598,0.1320338249206543
s_fish_700,resnet50_geirhos_tl,8,4,192,192,196.0,196.0,5.651268482208252,5.541932582855225,0.10933589935302734
s_fish_700,resnet50_geirhos_tl,8,4,192,196,196.0,200.0,5.651268482208252,5.570460796356201,0.08080768585205078
s_fish_700,resnet50_geirhos_tl,8,4,192,200,196.0,204.0,5.651268482208252,5.571977138519287,0.07929134368896484
s_fish_700,resnet50_geirhos_tl,8,4,192,204,196.0,208.0,5.651268482208252,5.57021427154541,0.0810542106628418
s_fish_700,resnet50_geirhos_tl,8,4,192,208,196.0,212.0,5.651268482208252,5.557547569274902,0.09372091293334961
s_fish_700,resnet50_geirhos_tl,8,4,192,212,196.0,216.0,5.651268482208252,5.559149265289307,0.09211921691894531
s_fish_700,resnet50_geirhos_tl,8,4,192,216,196.0,220.0,5.651268482208252,5.5154876708984375,0.13578081130981445
s_fish_700,resnet50_geirhos_tl,8,4,196,0,200.0,4.0,5.651268482208252,5.695938587188721,-0.04467010498046875
s_fish_700,resnet50_geirhos_tl,8,4,196,4,200.0,8.0,5.651268482208252,5.6910881996154785,-0.03981971740722656
s_fish_700,resnet50_geirhos_tl,8,4,196,8,200.0,12.0,5.651268482208252,5.682125091552734,-0.030856609344482422
s_fish_700,resnet50_geirhos_tl,8,4,196,12,200.0,16.0,5.651268482208252,5.70408821105957,-0.05281972885131836
s_fish_700,resnet50_geirhos_tl,8,4,196,16,200.0,20.0,5.651268482208252,5.705663681030273,-0.054395198822021484
s_fish_700,resnet50_geirhos_tl,8,4,196,20,200.0,24.0,5.651268482208252,5.6817946434021,-0.030526161193847656
s_fish_700,resnet50_geirhos_tl,8,4,196,24,200.0,28.0,5.651268482208252,5.655243873596191,-0.003975391387939453
s_fish_700,resnet50_geirhos_tl,8,4,196,28,200.0,32.0,5.651268482208252,5.654241561889648,-0.0029730796813964844
s_fish_700,resnet50_geirhos_tl,8,4,196,32,200.0,36.0,5.651268482208252,5.64308500289917,0.008183479309082031
s_fish_700,resnet50_geirhos_tl,8,4,196,36,200.0,40.0,5.651268482208252,5.626481056213379,0.024787425994873047
s_fish_700,resnet50_geirhos_tl,8,4,196,40,200.0,44.0,5.651268482208252,5.678334712982178,-0.02706623077392578
s_fish_700,resnet50_geirhos_tl,8,4,196,44,200.0,48.0,5.651268482208252,5.689859390258789,-0.03859090805053711
s_fish_700,resnet50_geirhos_tl,8,4,196,48,200.0,52.0,5.651268482208252,5.734941482543945,-0.08367300033569336
s_fish_700,resnet50_geirhos_tl,8,4,196,52,200.0,56.0,5.651268482208252,5.775022029876709,-0.12375354766845703
s_fish_700,resnet50_geirhos_tl,8,4,196,56,200.0,60.0,5.651268482208252,5.79829216003418,-0.14702367782592773
s_fish_700,resnet50_geirhos_tl,8,4,196,60,200.0,64.0,5.651268482208252,5.782179832458496,-0.13091135025024414
s_fish_700,resnet50_geirhos_tl,8,4,196,64,200.0,68.0,5.651268482208252,5.756191730499268,-0.10492324829101562
s_fish_700,resnet50_geirhos_tl,8,4,196,68,200.0,72.0,5.651268482208252,5.686496734619141,-0.03522825241088867
s_fish_700,resnet50_geirhos_tl,8,4,196,72,200.0,76.0,5.651268482208252,5.649855613708496,0.0014128684997558594
s_fish_700,resnet50_geirhos_tl,8,4,196,76,200.0,80.0,5.651268482208252,5.625972747802734,0.025295734405517578
s_fish_700,resnet50_geirhos_tl,8,4,196,80,200.0,84.0,5.651268482208252,5.569019794464111,0.08224868774414062
s_fish_700,resnet50_geirhos_tl,8,4,196,84,200.0,88.0,5.651268482208252,5.623348236083984,0.027920246124267578
s_fish_700,resnet50_geirhos_tl,8,4,196,88,200.0,92.0,5.651268482208252,5.7580671310424805,-0.10679864883422852
s_fish_700,resnet50_geirhos_tl,8,4,196,92,200.0,96.0,5.651268482208252,5.8495330810546875,-0.19826459884643555
s_fish_700,resnet50_geirhos_tl,8,4,196,96,200.0,100.0,5.651268482208252,5.801776885986328,-0.15050840377807617
s_fish_700,resnet50_geirhos_tl,8,4,196,100,200.0,104.0,5.651268482208252,5.781640529632568,-0.1303720474243164
s_fish_700,resnet50_geirhos_tl,8,4,196,104,200.0,108.0,5.651268482208252,5.775705814361572,-0.12443733215332031
s_fish_700,resnet50_geirhos_tl,8,4,196,108,200.0,112.0,5.651268482208252,5.688836097717285,-0.0375676155090332
s_fish_700,resnet50_geirhos_tl,8,4,196,112,200.0,116.0,5.651268482208252,5.637476444244385,0.013792037963867188
s_fish_700,resnet50_geirhos_tl,8,4,196,116,200.0,120.0,5.651268482208252,5.61741304397583,0.033855438232421875
s_fish_700,resnet50_geirhos_tl,8,4,196,120,200.0,124.0,5.651268482208252,5.577580451965332,0.07368803024291992
s_fish_700,resnet50_geirhos_tl,8,4,196,124,200.0,128.0,5.651268482208252,5.588330268859863,0.06293821334838867
s_fish_700,resnet50_geirhos_tl,8,4,196,128,200.0,132.0,5.651268482208252,5.5799174308776855,0.0713510513305664
s_fish_700,resnet50_geirhos_tl,8,4,196,132,200.0,136.0,5.651268482208252,5.559503555297852,0.09176492691040039
s_fish_700,resnet50_geirhos_tl,8,4,196,136,200.0,140.0,5.651268482208252,5.565245628356934,0.08602285385131836
s_fish_700,resnet50_geirhos_tl,8,4,196,140,200.0,144.0,5.651268482208252,5.562130928039551,0.08913755416870117
s_fish_700,resnet50_geirhos_tl,8,4,196,144,200.0,148.0,5.651268482208252,5.540475368499756,0.1107931137084961
s_fish_700,resnet50_geirhos_tl,8,4,196,148,200.0,152.0,5.651268482208252,5.502890586853027,0.1483778953552246
s_fish_700,resnet50_geirhos_tl,8,4,196,152,200.0,156.0,5.651268482208252,5.504183769226074,0.14708471298217773
s_fish_700,resnet50_geirhos_tl,8,4,196,156,200.0,160.0,5.651268482208252,5.506843566894531,0.1444249153137207
s_fish_700,resnet50_geirhos_tl,8,4,196,160,200.0,164.0,5.651268482208252,5.514806270599365,0.13646221160888672
s_fish_700,resnet50_geirhos_tl,8,4,196,164,200.0,168.0,5.651268482208252,5.514869689941406,0.1363987922668457
s_fish_700,resnet50_geirhos_tl,8,4,196,168,200.0,172.0,5.651268482208252,5.545780658721924,0.10548782348632812
s_fish_700,resnet50_geirhos_tl,8,4,196,172,200.0,176.0,5.651268482208252,5.5392231941223145,0.1120452880859375
s_fish_700,resnet50_geirhos_tl,8,4,196,176,200.0,180.0,5.651268482208252,5.5535969734191895,0.0976715087890625
s_fish_700,resnet50_geirhos_tl,8,4,196,180,200.0,184.0,5.651268482208252,5.557092666625977,0.09417581558227539
s_fish_700,resnet50_geirhos_tl,8,4,196,184,200.0,188.0,5.651268482208252,5.532453536987305,0.11881494522094727
s_fish_700,resnet50_geirhos_tl,8,4,196,188,200.0,192.0,5.651268482208252,5.531076908111572,0.12019157409667969
s_fish_700,resnet50_geirhos_tl,8,4,196,192,200.0,196.0,5.651268482208252,5.531620502471924,0.11964797973632812
s_fish_700,resnet50_geirhos_tl,8,4,196,196,200.0,200.0,5.651268482208252,5.555663108825684,0.09560537338256836
s_fish_700,resnet50_geirhos_tl,8,4,196,200,200.0,204.0,5.651268482208252,5.572713851928711,0.07855463027954102
s_fish_700,resnet50_geirhos_tl,8,4,196,204,200.0,208.0,5.651268482208252,5.577054500579834,0.07421398162841797
s_fish_700,resnet50_geirhos_tl,8,4,196,208,200.0,212.0,5.651268482208252,5.57277774810791,0.0784907341003418
s_fish_700,resnet50_geirhos_tl,8,4,196,212,200.0,216.0,5.651268482208252,5.5627546310424805,0.08851385116577148
s_fish_700,resnet50_geirhos_tl,8,4,196,216,200.0,220.0,5.651268482208252,5.545961380004883,0.10530710220336914
s_fish_700,resnet50_geirhos_tl,8,4,200,0,204.0,4.0,5.651268482208252,5.713407516479492,-0.062139034271240234
s_fish_700,resnet50_geirhos_tl,8,4,200,4,204.0,8.0,5.651268482208252,5.713020324707031,-0.0617518424987793
s_fish_700,resnet50_geirhos_tl,8,4,200,8,204.0,12.0,5.651268482208252,5.683815002441406,-0.0325465202331543
s_fish_700,resnet50_geirhos_tl,8,4,200,12,204.0,16.0,5.651268482208252,5.690976142883301,-0.03970766067504883
s_fish_700,resnet50_geirhos_tl,8,4,200,16,204.0,20.0,5.651268482208252,5.703488349914551,-0.05221986770629883
s_fish_700,resnet50_geirhos_tl,8,4,200,20,204.0,24.0,5.651268482208252,5.685100078582764,-0.03383159637451172
s_fish_700,resnet50_geirhos_tl,8,4,200,24,204.0,28.0,5.651268482208252,5.6799821853637695,-0.028713703155517578
s_fish_700,resnet50_geirhos_tl,8,4,200,28,204.0,32.0,5.651268482208252,5.658850193023682,-0.0075817108154296875
s_fish_700,resnet50_geirhos_tl,8,4,200,32,204.0,36.0,5.651268482208252,5.622527122497559,0.02874135971069336
s_fish_700,resnet50_geirhos_tl,8,4,200,36,204.0,40.0,5.651268482208252,5.617954254150391,0.03331422805786133
s_fish_700,resnet50_geirhos_tl,8,4,200,40,204.0,44.0,5.651268482208252,5.620841979980469,0.030426502227783203
s_fish_700,resnet50_geirhos_tl,8,4,200,44,204.0,48.0,5.651268482208252,5.673150062561035,-0.021881580352783203
s_fish_700,resnet50_geirhos_tl,8,4,200,48,204.0,52.0,5.651268482208252,5.732370376586914,-0.08110189437866211
s_fish_700,resnet50_geirhos_tl,8,4,200,52,204.0,56.0,5.651268482208252,5.7719831466674805,-0.12071466445922852
s_fish_700,resnet50_geirhos_tl,8,4,200,56,204.0,60.0,5.651268482208252,5.770164489746094,-0.1188960075378418
s_fish_700,resnet50_geirhos_tl,8,4,200,60,204.0,64.0,5.651268482208252,5.747381687164307,-0.09611320495605469
s_fish_700,resnet50_geirhos_tl,8,4,200,64,204.0,68.0,5.651268482208252,5.751064300537109,-0.09979581832885742
s_fish_700,resnet50_geirhos_tl,8,4,200,68,204.0,72.0,5.651268482208252,5.624571800231934,0.02669668197631836
s_fish_700,resnet50_geirhos_tl,8,4,200,72,204.0,76.0,5.651268482208252,5.63499641418457,0.01627206802368164
s_fish_700,resnet50_geirhos_tl,8,4,200,76,204.0,80.0,5.651268482208252,5.628781795501709,0.02248668670654297
s_fish_700,resnet50_geirhos_tl,8,4,200,80,204.0,84.0,5.651268482208252,5.597110748291016,0.05415773391723633
s_fish_700,resnet50_geirhos_tl,8,4,200,84,204.0,88.0,5.651268482208252,5.662088871002197,-0.010820388793945312
s_fish_700,resnet50_geirhos_tl,8,4,200,88,204.0,92.0,5.651268482208252,5.745439052581787,-0.09417057037353516
s_fish_700,resnet50_geirhos_tl,8,4,200,92,204.0,96.0,5.651268482208252,5.833555221557617,-0.18228673934936523
s_fish_700,resnet50_geirhos_tl,8,4,200,96,204.0,100.0,5.651268482208252,5.793426990509033,-0.14215850830078125
s_fish_700,resnet50_geirhos_tl,8,4,200,100,204.0,104.0,5.651268482208252,5.768604278564453,-0.11733579635620117
s_fish_700,resnet50_geirhos_tl,8,4,200,104,204.0,108.0,5.651268482208252,5.740032196044922,-0.08876371383666992
s_fish_700,resnet50_geirhos_tl,8,4,200,108,204.0,112.0,5.651268482208252,5.696950435638428,-0.04568195343017578
s_fish_700,resnet50_geirhos_tl,8,4,200,112,204.0,116.0,5.651268482208252,5.606918811798096,0.04434967041015625
s_fish_700,resnet50_geirhos_tl,8,4,200,116,204.0,120.0,5.651268482208252,5.57621955871582,0.07504892349243164
s_fish_700,resnet50_geirhos_tl,8,4,200,120,204.0,124.0,5.651268482208252,5.548275947570801,0.10299253463745117
s_fish_700,resnet50_geirhos_tl,8,4,200,124,204.0,128.0,5.651268482208252,5.566882133483887,0.08438634872436523
s_fish_700,resnet50_geirhos_tl,8,4,200,128,204.0,132.0,5.651268482208252,5.542181491851807,0.10908699035644531
s_fish_700,resnet50_geirhos_tl,8,4,200,132,204.0,136.0,5.651268482208252,5.545922756195068,0.1053457260131836
s_fish_700,resnet50_geirhos_tl,8,4,200,136,204.0,140.0,5.651268482208252,5.543953895568848,0.1073145866394043
s_fish_700,resnet50_geirhos_tl,8,4,200,140,204.0,144.0,5.651268482208252,5.555918216705322,0.09535026550292969
s_fish_700,resnet50_geirhos_tl,8,4,200,144,204.0,148.0,5.651268482208252,5.534364700317383,0.11690378189086914
s_fish_700,resnet50_geirhos_tl,8,4,200,148,204.0,152.0,5.651268482208252,5.508221626281738,0.14304685592651367
s_fish_700,resnet50_geirhos_tl,8,4,200,152,204.0,156.0,5.651268482208252,5.514970302581787,0.13629817962646484
s_fish_700,resnet50_geirhos_tl,8,4,200,156,204.0,160.0,5.651268482208252,5.51376485824585,0.13750362396240234
s_fish_700,resnet50_geirhos_tl,8,4,200,160,204.0,164.0,5.651268482208252,5.521095275878906,0.1301732063293457
s_fish_700,resnet50_geirhos_tl,8,4,200,164,204.0,168.0,5.651268482208252,5.519018173217773,0.13225030899047852
s_fish_700,resnet50_geirhos_tl,8,4,200,168,204.0,172.0,5.651268482208252,5.572972297668457,0.07829618453979492
s_fish_700,resnet50_geirhos_tl,8,4,200,172,204.0,176.0,5.651268482208252,5.567957878112793,0.08331060409545898
s_fish_700,resnet50_geirhos_tl,8,4,200,176,204.0,180.0,5.651268482208252,5.594470500946045,0.05679798126220703
s_fish_700,resnet50_geirhos_tl,8,4,200,180,204.0,184.0,5.651268482208252,5.568190574645996,0.08307790756225586
s_fish_700,resnet50_geirhos_tl,8,4,200,184,204.0,188.0,5.651268482208252,5.564725399017334,0.08654308319091797
s_fish_700,resnet50_geirhos_tl,8,4,200,188,204.0,192.0,5.651268482208252,5.538789749145508,0.11247873306274414
s_fish_700,resnet50_geirhos_tl,8,4,200,192,204.0,196.0,5.651268482208252,5.537618637084961,0.11364984512329102
s_fish_700,resnet50_geirhos_tl,8,4,200,196,204.0,200.0,5.651268482208252,5.554628372192383,0.09664011001586914
s_fish_700,resnet50_geirhos_tl,8,4,200,200,204.0,204.0,5.651268482208252,5.574566841125488,0.07670164108276367
s_fish_700,resnet50_geirhos_tl,8,4,200,204,204.0,208.0,5.651268482208252,5.564128398895264,0.08714008331298828
s_fish_700,resnet50_geirhos_tl,8,4,200,208,204.0,212.0,5.651268482208252,5.555398464202881,0.0958700180053711
s_fish_700,resnet50_geirhos_tl,8,4,200,212,204.0,216.0,5.651268482208252,5.558318614959717,0.09294986724853516
s_fish_700,resnet50_geirhos_tl,8,4,200,216,204.0,220.0,5.651268482208252,5.545987129211426,0.10528135299682617
s_fish_700,resnet50_geirhos_tl,8,4,204,0,208.0,4.0,5.651268482208252,5.690263748168945,-0.03899526596069336
s_fish_700,resnet50_geirhos_tl,8,4,204,4,208.0,8.0,5.651268482208252,5.713659763336182,-0.06239128112792969
s_fish_700,resnet50_geirhos_tl,8,4,204,8,208.0,12.0,5.651268482208252,5.689714431762695,-0.03844594955444336
s_fish_700,resnet50_geirhos_tl,8,4,204,12,208.0,16.0,5.651268482208252,5.688532829284668,-0.037264347076416016
s_fish_700,resnet50_geirhos_tl,8,4,204,16,208.0,20.0,5.651268482208252,5.684928894042969,-0.0336604118347168
s_fish_700,resnet50_geirhos_tl,8,4,204,20,208.0,24.0,5.651268482208252,5.688494682312012,-0.037226200103759766
s_fish_700,resnet50_geirhos_tl,8,4,204,24,208.0,28.0,5.651268482208252,5.676309108734131,-0.025040626525878906
s_fish_700,resnet50_geirhos_tl,8,4,204,28,208.0,32.0,5.651268482208252,5.639482021331787,0.011786460876464844
s_fish_700,resnet50_geirhos_tl,8,4,204,32,208.0,36.0,5.651268482208252,5.6372504234313965,0.014018058776855469
s_fish_700,resnet50_geirhos_tl,8,4,204,36,208.0,40.0,5.651268482208252,5.617182731628418,0.034085750579833984
s_fish_700,resnet50_geirhos_tl,8,4,204,40,208.0,44.0,5.651268482208252,5.6242804527282715,0.02698802947998047
s_fish_700,resnet50_geirhos_tl,8,4,204,44,208.0,48.0,5.651268482208252,5.627937316894531,0.023331165313720703
s_fish_700,resnet50_geirhos_tl,8,4,204,48,208.0,52.0,5.651268482208252,5.68657922744751,-0.03531074523925781
s_fish_700,resnet50_geirhos_tl,8,4,204,52,208.0,56.0,5.651268482208252,5.735713958740234,-0.08444547653198242
s_fish_700,resnet50_geirhos_tl,8,4,204,56,208.0,60.0,5.651268482208252,5.752505779266357,-0.10123729705810547
s_fish_700,resnet50_geirhos_tl,8,4,204,60,208.0,64.0,5.651268482208252,5.775485038757324,-0.12421655654907227
s_fish_700,resnet50_geirhos_tl,8,4,204,64,208.0,68.0,5.651268482208252,5.763460159301758,-0.11219167709350586
s_fish_700,resnet50_geirhos_tl,8,4,204,68,208.0,72.0,5.651268482208252,5.734745502471924,-0.08347702026367188
s_fish_700,resnet50_geirhos_tl,8,4,204,72,208.0,76.0,5.651268482208252,5.700117111206055,-0.048848628997802734
s_fish_700,resnet50_geirhos_tl,8,4,204,76,208.0,80.0,5.651268482208252,5.664758682250977,-0.01349020004272461
s_fish_700,resnet50_geirhos_tl,8,4,204,80,208.0,84.0,5.651268482208252,5.611564636230469,0.0397038459777832
s_fish_700,resnet50_geirhos_tl,8,4,204,84,208.0,88.0,5.651268482208252,5.680403709411621,-0.02913522720336914
s_fish_700,resnet50_geirhos_tl,8,4,204,88,208.0,92.0,5.651268482208252,5.7476654052734375,-0.09639692306518555
s_fish_700,resnet50_geirhos_tl,8,4,204,92,208.0,96.0,5.651268482208252,5.762836933135986,-0.11156845092773438
s_fish_700,resnet50_geirhos_tl,8,4,204,96,208.0,100.0,5.651268482208252,5.725430965423584,-0.07416248321533203
s_fish_700,resnet50_geirhos_tl,8,4,204,100,208.0,104.0,5.651268482208252,5.707710266113281,-0.0564417839050293
s_fish_700,resnet50_geirhos_tl,8,4,204,104,208.0,108.0,5.651268482208252,5.711638450622559,-0.06036996841430664
s_fish_700,resnet50_geirhos_tl,8,4,204,108,208.0,112.0,5.651268482208252,5.691030502319336,-0.039762020111083984
s_fish_700,resnet50_geirhos_tl,8,4,204,112,208.0,116.0,5.651268482208252,5.635744094848633,0.01552438735961914
s_fish_700,resnet50_geirhos_tl,8,4,204,116,208.0,120.0,5.651268482208252,5.589207649230957,0.06206083297729492
s_fish_700,resnet50_geirhos_tl,8,4,204,120,208.0,124.0,5.651268482208252,5.573561668395996,0.07770681381225586
s_fish_700,resnet50_geirhos_tl,8,4,204,124,208.0,128.0,5.651268482208252,5.556252479553223,0.0950160026550293
s_fish_700,resnet50_geirhos_tl,8,4,204,128,208.0,132.0,5.651268482208252,5.541195869445801,0.11007261276245117
s_fish_700,resnet50_geirhos_tl,8,4,204,132,208.0,136.0,5.651268482208252,5.518969535827637,0.13229894638061523
s_fish_700,resnet50_geirhos_tl,8,4,204,136,208.0,140.0,5.651268482208252,5.551479816436768,0.09978866577148438
s_fish_700,resnet50_geirhos_tl,8,4,204,140,208.0,144.0,5.651268482208252,5.550447940826416,0.10082054138183594
s_fish_700,resnet50_geirhos_tl,8,4,204,144,208.0,148.0,5.651268482208252,5.55682897567749,0.09443950653076172
s_fish_700,resnet50_geirhos_tl,8,4,204,148,208.0,152.0,5.651268482208252,5.514185905456543,0.13708257675170898
s_fish_700,resnet50_geirhos_tl,8,4,204,152,208.0,156.0,5.651268482208252,5.520904064178467,0.13036441802978516
s_fish_700,resnet50_geirhos_tl,8,4,204,156,208.0,160.0,5.651268482208252,5.514294624328613,0.13697385787963867
s_fish_700,resnet50_geirhos_tl,8,4,204,160,208.0,164.0,5.651268482208252,5.51397180557251,0.1372966766357422
s_fish_700,resnet50_geirhos_tl,8,4,204,164,208.0,168.0,5.651268482208252,5.52061653137207,0.13065195083618164
s_fish_700,resnet50_geirhos_tl,8,4,204,168,208.0,172.0,5.651268482208252,5.568572998046875,0.08269548416137695
s_fish_700,resnet50_geirhos_tl,8,4,204,172,208.0,176.0,5.651268482208252,5.5869035720825195,0.06436491012573242
s_fish_700,resnet50_geirhos_tl,8,4,204,176,208.0,180.0,5.651268482208252,5.571779251098633,0.07948923110961914
s_fish_700,resnet50_geirhos_tl,8,4,204,180,208.0,184.0,5.651268482208252,5.55598258972168,0.09528589248657227
s_fish_700,resnet50_geirhos_tl,8,4,204,184,208.0,188.0,5.651268482208252,5.573008060455322,0.07826042175292969
s_fish_700,resnet50_geirhos_tl,8,4,204,188,208.0,192.0,5.651268482208252,5.563109874725342,0.08815860748291016
s_fish_700,resnet50_geirhos_tl,8,4,204,192,208.0,196.0,5.651268482208252,5.557509899139404,0.09375858306884766
s_fish_700,resnet50_geirhos_tl,8,4,204,196,208.0,200.0,5.651268482208252,5.55397367477417,0.09729480743408203
s_fish_700,resnet50_geirhos_tl,8,4,204,200,208.0,204.0,5.651268482208252,5.556034088134766,0.09523439407348633
s_fish_700,resnet50_geirhos_tl,8,4,204,204,208.0,208.0,5.651268482208252,5.568521499633789,0.08274698257446289
s_fish_700,resnet50_geirhos_tl,8,4,204,208,208.0,212.0,5.651268482208252,5.566429615020752,0.0848388671875
s_fish_700,resnet50_geirhos_tl,8,4,204,212,208.0,216.0,5.651268482208252,5.55273962020874,0.09852886199951172
s_fish_700,resnet50_geirhos_tl,8,4,204,216,208.0,220.0,5.651268482208252,5.553873538970947,0.09739494323730469
s_fish_700,resnet50_geirhos_tl,8,4,208,0,212.0,4.0,5.651268482208252,5.710740566253662,-0.059472084045410156
s_fish_700,resnet50_geirhos_tl,8,4,208,4,212.0,8.0,5.651268482208252,5.700469970703125,-0.04920148849487305
s_fish_700,resnet50_geirhos_tl,8,4,208,8,212.0,12.0,5.651268482208252,5.67509126663208,-0.023822784423828125
s_fish_700,resnet50_geirhos_tl,8,4,208,12,212.0,16.0,5.651268482208252,5.678396701812744,-0.027128219604492188
s_fish_700,resnet50_geirhos_tl,8,4,208,16,212.0,20.0,5.651268482208252,5.672171592712402,-0.02090311050415039
s_fish_700,resnet50_geirhos_tl,8,4,208,20,212.0,24.0,5.651268482208252,5.6614990234375,-0.010230541229248047
s_fish_700,resnet50_geirhos_tl,8,4,208,24,212.0,28.0,5.651268482208252,5.6573166847229,-0.0060482025146484375
s_fish_700,resnet50_geirhos_tl,8,4,208,28,212.0,32.0,5.651268482208252,5.642725944519043,0.008542537689208984
s_fish_700,resnet50_geirhos_tl,8,4,208,32,212.0,36.0,5.651268482208252,5.652416229248047,-0.0011477470397949219
s_fish_700,resnet50_geirhos_tl,8,4,208,36,212.0,40.0,5.651268482208252,5.624894618988037,0.026373863220214844
s_fish_700,resnet50_geirhos_tl,8,4,208,40,212.0,44.0,5.651268482208252,5.6278462409973145,0.0234222412109375
s_fish_700,resnet50_geirhos_tl,8,4,208,44,212.0,48.0,5.651268482208252,5.633469581604004,0.017798900604248047
s_fish_700,resnet50_geirhos_tl,8,4,208,48,212.0,52.0,5.651268482208252,5.665529251098633,-0.01426076889038086
s_fish_700,resnet50_geirhos_tl,8,4,208,52,212.0,56.0,5.651268482208252,5.710885524749756,-0.059617042541503906
s_fish_700,resnet50_geirhos_tl,8,4,208,56,212.0,60.0,5.651268482208252,5.7559814453125,-0.10471296310424805
s_fish_700,resnet50_geirhos_tl,8,4,208,60,212.0,64.0,5.651268482208252,5.777271270751953,-0.12600278854370117
s_fish_700,resnet50_geirhos_tl,8,4,208,64,212.0,68.0,5.651268482208252,5.782690525054932,-0.1314220428466797
s_fish_700,resnet50_geirhos_tl,8,4,208,68,212.0,72.0,5.651268482208252,5.762120723724365,-0.11085224151611328
s_fish_700,resnet50_geirhos_tl,8,4,208,72,212.0,76.0,5.651268482208252,5.721049785614014,-0.06978130340576172
s_fish_700,resnet50_geirhos_tl,8,4,208,76,212.0,80.0,5.651268482208252,5.664571762084961,-0.013303279876708984
s_fish_700,resnet50_geirhos_tl,8,4,208,80,212.0,84.0,5.651268482208252,5.645975112915039,0.005293369293212891
s_fish_700,resnet50_geirhos_tl,8,4,208,84,212.0,88.0,5.651268482208252,5.694487571716309,-0.04321908950805664
s_fish_700,resnet50_geirhos_tl,8,4,208,88,212.0,92.0,5.651268482208252,5.714076042175293,-0.06280755996704102
s_fish_700,resnet50_geirhos_tl,8,4,208,92,212.0,96.0,5.651268482208252,5.7070183753967285,-0.05574989318847656
s_fish_700,resnet50_geirhos_tl,8,4,208,96,212.0,100.0,5.651268482208252,5.651166915893555,0.00010156631469726562
s_fish_700,resnet50_geirhos_tl,8,4,208,100,212.0,104.0,5.651268482208252,5.679172039031982,-0.02790355682373047
s_fish_700,resnet50_geirhos_tl,8,4,208,104,212.0,108.0,5.651268482208252,5.640339374542236,0.010929107666015625
s_fish_700,resnet50_geirhos_tl,8,4,208,108,212.0,112.0,5.651268482208252,5.664754867553711,-0.013486385345458984
s_fish_700,resnet50_geirhos_tl,8,4,208,112,212.0,116.0,5.651268482208252,5.615150451660156,0.0361180305480957
s_fish_700,resnet50_geirhos_tl,8,4,208,116,212.0,120.0,5.651268482208252,5.587844371795654,0.06342411041259766
s_fish_700,resnet50_geirhos_tl,8,4,208,120,212.0,124.0,5.651268482208252,5.551784515380859,0.09948396682739258
s_fish_700,resnet50_geirhos_tl,8,4,208,124,212.0,128.0,5.651268482208252,5.548595428466797,0.10267305374145508
s_fish_700,resnet50_geirhos_tl,8,4,208,128,212.0,132.0,5.651268482208252,5.534171104431152,0.11709737777709961
s_fish_700,resnet50_geirhos_tl,8,4,208,132,212.0,136.0,5.651268482208252,5.5205488204956055,0.13071966171264648
s_fish_700,resnet50_geirhos_tl,8,4,208,136,212.0,140.0,5.651268482208252,5.530600547790527,0.12066793441772461
s_fish_700,resnet50_geirhos_tl,8,4,208,140,212.0,144.0,5.651268482208252,5.510468006134033,0.14080047607421875
s_fish_700,resnet50_geirhos_tl,8,4,208,144,212.0,148.0,5.651268482208252,5.520497798919678,0.13077068328857422
s_fish_700,resnet50_geirhos_tl,8,4,208,148,212.0,152.0,5.651268482208252,5.507704734802246,0.14356374740600586
s_fish_700,resnet50_geirhos_tl,8,4,208,152,212.0,156.0,5.651268482208252,5.504971981048584,0.14629650115966797
s_fish_700,resnet50_geirhos_tl,8,4,208,156,212.0,160.0,5.651268482208252,5.496033668518066,0.15523481369018555
s_fish_700,resnet50_geirhos_tl,8,4,208,160,212.0,164.0,5.651268482208252,5.502762317657471,0.14850616455078125
s_fish_700,resnet50_geirhos_tl,8,4,208,164,212.0,168.0,5.651268482208252,5.520699977874756,0.1305685043334961
s_fish_700,resnet50_geirhos_tl,8,4,208,168,212.0,172.0,5.651268482208252,5.541661739349365,0.10960674285888672
s_fish_700,resnet50_geirhos_tl,8,4,208,172,212.0,176.0,5.651268482208252,5.558105945587158,0.09316253662109375
s_fish_700,resnet50_geirhos_tl,8,4,208,176,212.0,180.0,5.651268482208252,5.537613868713379,0.11365461349487305
s_fish_700,resnet50_geirhos_tl,8,4,208,180,212.0,184.0,5.651268482208252,5.552494049072266,0.09877443313598633
s_fish_700,resnet50_geirhos_tl,8,4,208,184,212.0,188.0,5.651268482208252,5.5532355308532715,0.09803295135498047
s_fish_700,resnet50_geirhos_tl,8,4,208,188,212.0,192.0,5.651268482208252,5.548715114593506,0.1025533676147461
s_fish_700,resnet50_geirhos_tl,8,4,208,192,212.0,196.0,5.651268482208252,5.5368428230285645,0.1144256591796875
s_fish_700,resnet50_geirhos_tl,8,4,208,196,212.0,200.0,5.651268482208252,5.548930644989014,0.10233783721923828
s_fish_700,resnet50_geirhos_tl,8,4,208,200,212.0,204.0,5.651268482208252,5.542460918426514,0.10880756378173828
s_fish_700,resnet50_geirhos_tl,8,4,208,204,212.0,208.0,5.651268482208252,5.552549839019775,0.09871864318847656
s_fish_700,resnet50_geirhos_tl,8,4,208,208,212.0,212.0,5.651268482208252,5.544972896575928,0.10629558563232422
s_fish_700,resnet50_geirhos_tl,8,4,208,212,212.0,216.0,5.651268482208252,5.5521769523620605,0.0990915298461914
s_fish_700,resnet50_geirhos_tl,8,4,208,216,212.0,220.0,5.651268482208252,5.555397033691406,0.0958714485168457
s_fish_700,resnet50_geirhos_tl,8,4,212,0,216.0,4.0,5.651268482208252,5.695961952209473,-0.0446934700012207
s_fish_700,resnet50_geirhos_tl,8,4,212,4,216.0,8.0,5.651268482208252,5.677918434143066,-0.026649951934814453
s_fish_700,resnet50_geirhos_tl,8,4,212,8,216.0,12.0,5.651268482208252,5.65693998336792,-0.005671501159667969
s_fish_700,resnet50_geirhos_tl,8,4,212,12,216.0,16.0,5.651268482208252,5.654138565063477,-0.0028700828552246094
s_fish_700,resnet50_geirhos_tl,8,4,212,16,216.0,20.0,5.651268482208252,5.6410112380981445,0.010257244110107422
s_fish_700,resnet50_geirhos_tl,8,4,212,20,216.0,24.0,5.651268482208252,5.631826400756836,0.019442081451416016
s_fish_700,resnet50_geirhos_tl,8,4,212,24,216.0,28.0,5.651268482208252,5.645465850830078,0.005802631378173828
s_fish_700,resnet50_geirhos_tl,8,4,212,28,216.0,32.0,5.651268482208252,5.635837078094482,0.015431404113769531
s_fish_700,resnet50_geirhos_tl,8,4,212,32,216.0,36.0,5.651268482208252,5.640165328979492,0.011103153228759766
s_fish_700,resnet50_geirhos_tl,8,4,212,36,216.0,40.0,5.651268482208252,5.612842082977295,0.03842639923095703
s_fish_700,resnet50_geirhos_tl,8,4,212,40,216.0,44.0,5.651268482208252,5.644164562225342,0.007103919982910156
s_fish_700,resnet50_geirhos_tl,8,4,212,44,216.0,48.0,5.651268482208252,5.638352870941162,0.012915611267089844
s_fish_700,resnet50_geirhos_tl,8,4,212,48,216.0,52.0,5.651268482208252,5.6865081787109375,-0.03523969650268555
s_fish_700,resnet50_geirhos_tl,8,4,212,52,216.0,56.0,5.651268482208252,5.690692901611328,-0.03942441940307617
s_fish_700,resnet50_geirhos_tl,8,4,212,56,216.0,60.0,5.651268482208252,5.730362892150879,-0.07909440994262695
s_fish_700,resnet50_geirhos_tl,8,4,212,60,216.0,64.0,5.651268482208252,5.769524574279785,-0.1182560920715332
s_fish_700,resnet50_geirhos_tl,8,4,212,64,216.0,68.0,5.651268482208252,5.77446174621582,-0.12319326400756836
s_fish_700,resnet50_geirhos_tl,8,4,212,68,216.0,72.0,5.651268482208252,5.716352939605713,-0.06508445739746094
s_fish_700,resnet50_geirhos_tl,8,4,212,72,216.0,76.0,5.651268482208252,5.627889633178711,0.023378849029541016
s_fish_700,resnet50_geirhos_tl,8,4,212,76,216.0,80.0,5.651268482208252,5.604171276092529,0.047097206115722656
s_fish_700,resnet50_geirhos_tl,8,4,212,80,216.0,84.0,5.651268482208252,5.610306739807129,0.04096174240112305
s_fish_700,resnet50_geirhos_tl,8,4,212,84,216.0,88.0,5.651268482208252,5.622014999389648,0.029253482818603516
s_fish_700,resnet50_geirhos_tl,8,4,212,88,216.0,92.0,5.651268482208252,5.718198299407959,-0.06692981719970703
s_fish_700,resnet50_geirhos_tl,8,4,212,92,216.0,96.0,5.651268482208252,5.708430767059326,-0.05716228485107422
s_fish_700,resnet50_geirhos_tl,8,4,212,96,216.0,100.0,5.651268482208252,5.671214580535889,-0.01994609832763672
s_fish_700,resnet50_geirhos_tl,8,4,212,100,216.0,104.0,5.651268482208252,5.676183223724365,-0.02491474151611328
s_fish_700,resnet50_geirhos_tl,8,4,212,104,216.0,108.0,5.651268482208252,5.649557590484619,0.0017108917236328125
s_fish_700,resnet50_geirhos_tl,8,4,212,108,216.0,112.0,5.651268482208252,5.632793426513672,0.018475055694580078
s_fish_700,resnet50_geirhos_tl,8,4,212,112,216.0,116.0,5.651268482208252,5.605276107788086,0.045992374420166016
s_fish_700,resnet50_geirhos_tl,8,4,212,116,216.0,120.0,5.651268482208252,5.589458465576172,0.06181001663208008
s_fish_700,resnet50_geirhos_tl,8,4,212,120,216.0,124.0,5.651268482208252,5.569443702697754,0.08182477951049805
s_fish_700,resnet50_geirhos_tl,8,4,212,124,216.0,128.0,5.651268482208252,5.538303375244141,0.11296510696411133
s_fish_700,resnet50_geirhos_tl,8,4,212,128,216.0,132.0,5.651268482208252,5.524216651916504,0.12705183029174805
s_fish_700,resnet50_geirhos_tl,8,4,212,132,216.0,136.0,5.651268482208252,5.5084757804870605,0.1427927017211914
s_fish_700,resnet50_geirhos_tl,8,4,212,136,216.0,140.0,5.651268482208252,5.4983978271484375,0.15287065505981445
s_fish_700,resnet50_geirhos_tl,8,4,212,140,216.0,144.0,5.651268482208252,5.488578796386719,0.1626896858215332
s_fish_700,resnet50_geirhos_tl,8,4,212,144,216.0,148.0,5.651268482208252,5.487692832946777,0.1635756492614746
s_fish_700,resnet50_geirhos_tl,8,4,212,148,216.0,152.0,5.651268482208252,5.476278305053711,0.17499017715454102
s_fish_700,resnet50_geirhos_tl,8,4,212,152,216.0,156.0,5.651268482208252,5.4874420166015625,0.16382646560668945
s_fish_700,resnet50_geirhos_tl,8,4,212,156,216.0,160.0,5.651268482208252,5.48878812789917,0.16248035430908203
s_fish_700,resnet50_geirhos_tl,8,4,212,160,216.0,164.0,5.651268482208252,5.476778984069824,0.17448949813842773
s_fish_700,resnet50_geirhos_tl,8,4,212,164,216.0,168.0,5.651268482208252,5.483665943145752,0.1676025390625
s_fish_700,resnet50_geirhos_tl,8,4,212,168,216.0,172.0,5.651268482208252,5.494683742523193,0.1565847396850586
s_fish_700,resnet50_geirhos_tl,8,4,212,172,216.0,176.0,5.651268482208252,5.502415180206299,0.14885330200195312
s_fish_700,resnet50_geirhos_tl,8,4,212,176,216.0,180.0,5.651268482208252,5.5042266845703125,0.14704179763793945
s_fish_700,resnet50_geirhos_tl,8,4,212,180,216.0,184.0,5.651268482208252,5.526012897491455,0.12525558471679688
s_fish_700,resnet50_geirhos_tl,8,4,212,184,216.0,188.0,5.651268482208252,5.526798248291016,0.12447023391723633
s_fish_700,resnet50_geirhos_tl,8,4,212,188,216.0,192.0,5.651268482208252,5.528961181640625,0.12230730056762695
s_fish_700,resnet50_geirhos_tl,8,4,212,192,216.0,196.0,5.651268482208252,5.530396938323975,0.12087154388427734
s_fish_700,resnet50_geirhos_tl,8,4,212,196,216.0,200.0,5.651268482208252,5.534177303314209,0.11709117889404297
s_fish_700,resnet50_geirhos_tl,8,4,212,200,216.0,204.0,5.651268482208252,5.537617206573486,0.11365127563476562
s_fish_700,resnet50_geirhos_tl,8,4,212,204,216.0,208.0,5.651268482208252,5.554709434509277,0.09655904769897461
s_fish_700,resnet50_geirhos_tl,8,4,212,208,216.0,212.0,5.651268482208252,5.558152675628662,0.09311580657958984
s_fish_700,resnet50_geirhos_tl,8,4,212,212,216.0,216.0,5.651268482208252,5.545543193817139,0.10572528839111328
s_fish_700,resnet50_geirhos_tl,8,4,212,216,216.0,220.0,5.651268482208252,5.564174175262451,0.08709430694580078
s_fish_700,resnet50_geirhos_tl,8,4,216,0,220.0,4.0,5.651268482208252,5.690937042236328,-0.03966856002807617
s_fish_700,resnet50_geirhos_tl,8,4,216,4,220.0,8.0,5.651268482208252,5.713231086730957,-0.06196260452270508
s_fish_700,resnet50_geirhos_tl,8,4,216,8,220.0,12.0,5.651268482208252,5.735121250152588,-0.08385276794433594
s_fish_700,resnet50_geirhos_tl,8,4,216,12,220.0,16.0,5.651268482208252,5.738819599151611,-0.08755111694335938
s_fish_700,resnet50_geirhos_tl,8,4,216,16,220.0,20.0,5.651268482208252,5.713431358337402,-0.06216287612915039
s_fish_700,resnet50_geirhos_tl,8,4,216,20,220.0,24.0,5.651268482208252,5.707559585571289,-0.05629110336303711
s_fish_700,resnet50_geirhos_tl,8,4,216,24,220.0,28.0,5.651268482208252,5.702287197113037,-0.051018714904785156
s_fish_700,resnet50_geirhos_tl,8,4,216,28,220.0,32.0,5.651268482208252,5.69932222366333,-0.048053741455078125
s_fish_700,resnet50_geirhos_tl,8,4,216,32,220.0,36.0,5.651268482208252,5.685614109039307,-0.03434562683105469
s_fish_700,resnet50_geirhos_tl,8,4,216,36,220.0,40.0,5.651268482208252,5.66799783706665,-0.016729354858398438
s_fish_700,resnet50_geirhos_tl,8,4,216,40,220.0,44.0,5.651268482208252,5.677383899688721,-0.02611541748046875
s_fish_700,resnet50_geirhos_tl,8,4,216,44,220.0,48.0,5.651268482208252,5.687188625335693,-0.035920143127441406
s_fish_700,resnet50_geirhos_tl,8,4,216,48,220.0,52.0,5.651268482208252,5.693243980407715,-0.04197549819946289
s_fish_700,resnet50_geirhos_tl,8,4,216,52,220.0,56.0,5.651268482208252,5.692662715911865,-0.04139423370361328
s_fish_700,resnet50_geirhos_tl,8,4,216,56,220.0,60.0,5.651268482208252,5.7197771072387695,-0.06850862503051758
s_fish_700,resnet50_geirhos_tl,8,4,216,60,220.0,64.0,5.651268482208252,5.775546550750732,-0.12427806854248047
s_fish_700,resnet50_geirhos_tl,8,4,216,64,220.0,68.0,5.651268482208252,5.766716957092285,-0.1154484748840332
s_fish_700,resnet50_geirhos_tl,8,4,216,68,220.0,72.0,5.651268482208252,5.763236999511719,-0.1119685173034668
s_fish_700,resnet50_geirhos_tl,8,4,216,72,220.0,76.0,5.651268482208252,5.735260009765625,-0.08399152755737305
s_fish_700,resnet50_geirhos_tl,8,4,216,76,220.0,80.0,5.651268482208252,5.654905319213867,-0.0036368370056152344
s_fish_700,resnet50_geirhos_tl,8,4,216,80,220.0,84.0,5.651268482208252,5.64198637008667,0.009282112121582031
s_fish_700,resnet50_geirhos_tl,8,4,216,84,220.0,88.0,5.651268482208252,5.686285018920898,-0.035016536712646484
s_fish_700,resnet50_geirhos_tl,8,4,216,88,220.0,92.0,5.651268482208252,5.705345153808594,-0.0540766716003418
s_fish_700,resnet50_geirhos_tl,8,4,216,92,220.0,96.0,5.651268482208252,5.693362236022949,-0.042093753814697266
s_fish_700,resnet50_geirhos_tl,8,4,216,96,220.0,100.0,5.651268482208252,5.665002822875977,-0.01373434066772461
s_fish_700,resnet50_geirhos_tl,8,4,216,100,220.0,104.0,5.651268482208252,5.660284996032715,-0.00901651382446289
s_fish_700,resnet50_geirhos_tl,8,4,216,104,220.0,108.0,5.651268482208252,5.627419948577881,0.023848533630371094
s_fish_700,resnet50_geirhos_tl,8,4,216,108,220.0,112.0,5.651268482208252,5.629597187042236,0.021671295166015625
s_fish_700,resnet50_geirhos_tl,8,4,216,112,220.0,116.0,5.651268482208252,5.6111063957214355,0.040162086486816406
s_fish_700,resnet50_geirhos_tl,8,4,216,116,220.0,120.0,5.651268482208252,5.619718551635742,0.031549930572509766
s_fish_700,resnet50_geirhos_tl,8,4,216,120,220.0,124.0,5.651268482208252,5.601994037628174,0.049274444580078125
s_fish_700,resnet50_geirhos_tl,8,4,216,124,220.0,128.0,5.651268482208252,5.591144561767578,0.06012392044067383
s_fish_700,resnet50_geirhos_tl,8,4,216,128,220.0,132.0,5.651268482208252,5.563676834106445,0.08759164810180664
s_fish_700,resnet50_geirhos_tl,8,4,216,132,220.0,136.0,5.651268482208252,5.566927433013916,0.08434104919433594
s_fish_700,resnet50_geirhos_tl,8,4,216,136,220.0,140.0,5.651268482208252,5.559069633483887,0.09219884872436523
s_fish_700,resnet50_geirhos_tl,8,4,216,140,220.0,144.0,5.651268482208252,5.554533958435059,0.09673452377319336
s_fish_700,resnet50_geirhos_tl,8,4,216,144,220.0,148.0,5.651268482208252,5.529836177825928,0.12143230438232422
s_fish_700,resnet50_geirhos_tl,8,4,216,148,220.0,152.0,5.651268482208252,5.528946399688721,0.12232208251953125
s_fish_700,resnet50_geirhos_tl,8,4,216,152,220.0,156.0,5.651268482208252,5.527499675750732,0.12376880645751953
s_fish_700,resnet50_geirhos_tl,8,4,216,156,220.0,160.0,5.651268482208252,5.522477149963379,0.12879133224487305
s_fish_700,resnet50_geirhos_tl,8,4,216,160,220.0,164.0,5.651268482208252,5.49924373626709,0.1520247459411621
s_fish_700,resnet50_geirhos_tl,8,4,216,164,220.0,168.0,5.651268482208252,5.503020286560059,0.14824819564819336
s_fish_700,resnet50_geirhos_tl,8,4,216,168,220.0,172.0,5.651268482208252,5.524867534637451,0.12640094757080078
s_fish_700,resnet50_geirhos_tl,8,4,216,172,220.0,176.0,5.651268482208252,5.535320281982422,0.11594820022583008
s_fish_700,resnet50_geirhos_tl,8,4,216,176,220.0,180.0,5.651268482208252,5.538448810577393,0.11281967163085938
s_fish_700,resnet50_geirhos_tl,8,4,216,180,220.0,184.0,5.651268482208252,5.552865505218506,0.0984029769897461
s_fish_700,resnet50_geirhos_tl,8,4,216,184,220.0,188.0,5.651268482208252,5.565307140350342,0.08596134185791016
s_fish_700,resnet50_geirhos_tl,8,4,216,188,220.0,192.0,5.651268482208252,5.572273254394531,0.0789952278137207
s_fish_700,resnet50_geirhos_tl,8,4,216,192,220.0,196.0,5.651268482208252,5.561565399169922,0.08970308303833008
s_fish_700,resnet50_geirhos_tl,8,4,216,196,220.0,200.0,5.651268482208252,5.557081699371338,0.09418678283691406
s_fish_700,resnet50_geirhos_tl,8,4,216,200,220.0,204.0,5.651268482208252,5.569889545440674,0.08137893676757812
s_fish_700,resnet50_geirhos_tl,8,4,216,204,220.0,208.0,5.651268482208252,5.575542449951172,0.07572603225708008
s_fish_700,resnet50_geirhos_tl,8,4,216,208,220.0,212.0,5.651268482208252,5.5739617347717285,0.07730674743652344
s_fish_700,resnet50_geirhos_tl,8,4,216,212,220.0,216.0,5.651268482208252,5.56995964050293,0.08130884170532227
s_fish_700,resnet50_geirhos_tl,8,4,216,216,220.0,220.0,5.651268482208252,5.5664849281311035,0.08478355407714844
