case_id,model_type,occluder_size,stride,y0,x0,y_center,x_center,baseline_target_logit,post_occlusion_target_logit,target_logit_drop
s_bird_137,resnet50_tl_20250829,8,4,0,0,4.0,4.0,146.9634246826172,146.84619140625,0.1172332763671875
s_bird_137,resnet50_tl_20250829,8,4,0,4,4.0,8.0,146.9634246826172,147.11102294921875,-0.1475982666015625
s_bird_137,resnet50_tl_20250829,8,4,0,8,4.0,12.0,146.9634246826172,147.1264190673828,-0.162994384765625
s_bird_137,resnet50_tl_20250829,8,4,0,12,4.0,16.0,146.9634246826172,147.15097045898438,-0.1875457763671875
s_bird_137,resnet50_tl_20250829,8,4,0,16,4.0,20.0,146.9634246826172,147.22314453125,-0.2597198486328125
s_bird_137,resnet50_tl_20250829,8,4,0,20,4.0,24.0,146.9634246826172,147.22930908203125,-0.2658843994140625
s_bird_137,resnet50_tl_20250829,8,4,0,24,4.0,28.0,146.9634246826172,147.1537628173828,-0.190338134765625
s_bird_137,resnet50_tl_20250829,8,4,0,28,4.0,32.0,146.9634246826172,147.04457092285156,-0.081146240234375
s_bird_137,resnet50_tl_20250829,8,4,0,32,4.0,36.0,146.9634246826172,147.07699584960938,-0.1135711669921875
s_bird_137,resnet50_tl_20250829,8,4,0,36,4.0,40.0,146.9634246826172,147.1226348876953,-0.159210205078125
s_bird_137,resnet50_tl_20250829,8,4,0,40,4.0,44.0,146.9634246826172,147.1383056640625,-0.1748809814453125
s_bird_137,resnet50_tl_20250829,8,4,0,44,4.0,48.0,146.9634246826172,147.13087463378906,-0.167449951171875
s_bird_137,resnet50_tl_20250829,8,4,0,48,4.0,52.0,146.9634246826172,147.1429443359375,-0.1795196533203125
s_bird_137,resnet50_tl_20250829,8,4,0,52,4.0,56.0,146.9634246826172,147.19708251953125,-0.2336578369140625
s_bird_137,resnet50_tl_20250829,8,4,0,56,4.0,60.0,146.9634246826172,147.17579650878906,-0.212371826171875
s_bird_137,resnet50_tl_20250829,8,4,0,60,4.0,64.0,146.9634246826172,147.03172302246094,-0.06829833984375
s_bird_137,resnet50_tl_20250829,8,4,0,64,4.0,68.0,146.9634246826172,146.98333740234375,-0.0199127197265625
s_bird_137,resnet50_tl_20250829,8,4,0,68,4.0,72.0,146.9634246826172,147.07041931152344,-0.10699462890625
s_bird_137,resnet50_tl_20250829,8,4,0,72,4.0,76.0,146.9634246826172,147.0284423828125,-0.0650177001953125
s_bird_137,resnet50_tl_20250829,8,4,0,76,4.0,80.0,146.9634246826172,146.92837524414062,0.0350494384765625
s_bird_137,resnet50_tl_20250829,8,4,0,80,4.0,84.0,146.9634246826172,146.8450927734375,0.1183319091796875
s_bird_137,resnet50_tl_20250829,8,4,0,84,4.0,88.0,146.9634246826172,146.9366455078125,0.0267791748046875
s_bird_137,resnet50_tl_20250829,8,4,0,88,4.0,92.0,146.9634246826172,146.98822021484375,-0.0247955322265625
s_bird_137,resnet50_tl_20250829,8,4,0,92,4.0,96.0,146.9634246826172,146.79421997070312,0.1692047119140625
s_bird_137,resnet50_tl_20250829,8,4,0,96,4.0,100.0,146.9634246826172,146.78366088867188,0.1797637939453125
s_bird_137,resnet50_tl_20250829,8,4,0,100,4.0,104.0,146.9634246826172,146.89822387695312,0.0652008056640625
s_bird_137,resnet50_tl_20250829,8,4,0,104,4.0,108.0,146.9634246826172,146.93162536621094,0.03179931640625
s_bird_137,resnet50_tl_20250829,8,4,0,108,4.0,112.0,146.9634246826172,146.92027282714844,0.04315185546875
s_bird_137,resnet50_tl_20250829,8,4,0,112,4.0,116.0,146.9634246826172,146.87451171875,0.0889129638671875
s_bird_137,resnet50_tl_20250829,8,4,0,116,4.0,120.0,146.9634246826172,146.93006896972656,0.033355712890625
s_bird_137,resnet50_tl_20250829,8,4,0,120,4.0,124.0,146.9634246826172,146.98683166503906,-0.023406982421875
s_bird_137,resnet50_tl_20250829,8,4,0,124,4.0,128.0,146.9634246826172,146.8348388671875,0.1285858154296875
s_bird_137,resnet50_tl_20250829,8,4,0,128,4.0,132.0,146.9634246826172,146.83486938476562,0.1285552978515625
s_bird_137,resnet50_tl_20250829,8,4,0,132,4.0,136.0,146.9634246826172,146.90968322753906,0.053741455078125
s_bird_137,resnet50_tl_20250829,8,4,0,136,4.0,140.0,146.9634246826172,146.9409942626953,0.022430419921875
s_bird_137,resnet50_tl_20250829,8,4,0,140,4.0,144.0,146.9634246826172,146.94178771972656,0.021636962890625
s_bird_137,resnet50_tl_20250829,8,4,0,144,4.0,148.0,146.9634246826172,146.90643310546875,0.0569915771484375
s_bird_137,resnet50_tl_20250829,8,4,0,148,4.0,152.0,146.9634246826172,146.9184112548828,0.045013427734375
s_bird_137,resnet50_tl_20250829,8,4,0,152,4.0,156.0,146.9634246826172,146.9855194091797,-0.0220947265625
s_bird_137,resnet50_tl_20250829,8,4,0,156,4.0,160.0,146.9634246826172,146.92446899414062,0.0389556884765625
s_bird_137,resnet50_tl_20250829,8,4,0,160,4.0,164.0,146.9634246826172,146.93592834472656,0.027496337890625
s_bird_137,resnet50_tl_20250829,8,4,0,164,4.0,168.0,146.9634246826172,146.94590759277344,0.01751708984375
s_bird_137,resnet50_tl_20250829,8,4,0,168,4.0,172.0,146.9634246826172,146.95977783203125,0.0036468505859375
s_bird_137,resnet50_tl_20250829,8,4,0,172,4.0,176.0,146.9634246826172,146.9456024169922,0.017822265625
s_bird_137,resnet50_tl_20250829,8,4,0,176,4.0,180.0,146.9634246826172,146.91331481933594,0.05010986328125
s_bird_137,resnet50_tl_20250829,8,4,0,180,4.0,184.0,146.9634246826172,146.90249633789062,0.0609283447265625
s_bird_137,resnet50_tl_20250829,8,4,0,184,4.0,188.0,146.9634246826172,146.9406280517578,0.022796630859375
s_bird_137,resnet50_tl_20250829,8,4,0,188,4.0,192.0,146.9634246826172,146.85780334472656,0.105621337890625
s_bird_137,resnet50_tl_20250829,8,4,0,192,4.0,196.0,146.9634246826172,146.8552703857422,0.108154296875
s_bird_137,resnet50_tl_20250829,8,4,0,196,4.0,200.0,146.9634246826172,146.89317321777344,0.07025146484375
s_bird_137,resnet50_tl_20250829,8,4,0,200,4.0,204.0,146.9634246826172,146.94264221191406,0.020782470703125
s_bird_137,resnet50_tl_20250829,8,4,0,204,4.0,208.0,146.9634246826172,146.9156036376953,0.047821044921875
s_bird_137,resnet50_tl_20250829,8,4,0,208,4.0,212.0,146.9634246826172,146.86289978027344,0.10052490234375
s_bird_137,resnet50_tl_20250829,8,4,0,212,4.0,216.0,146.9634246826172,146.86810302734375,0.0953216552734375
s_bird_137,resnet50_tl_20250829,8,4,0,216,4.0,220.0,146.9634246826172,146.9228057861328,0.040618896484375
s_bird_137,resnet50_tl_20250829,8,4,4,0,8.0,4.0,146.9634246826172,147.3981475830078,-0.434722900390625
s_bird_137,resnet50_tl_20250829,8,4,4,4,8.0,8.0,146.9634246826172,147.1375732421875,-0.1741485595703125
s_bird_137,resnet50_tl_20250829,8,4,4,8,8.0,12.0,146.9634246826172,147.1046142578125,-0.1411895751953125
s_bird_137,resnet50_tl_20250829,8,4,4,12,8.0,16.0,146.9634246826172,147.17465209960938,-0.2112274169921875
s_bird_137,resnet50_tl_20250829,8,4,4,16,8.0,20.0,146.9634246826172,147.20938110351562,-0.2459564208984375
s_bird_137,resnet50_tl_20250829,8,4,4,20,8.0,24.0,146.9634246826172,147.2371368408203,-0.273712158203125
s_bird_137,resnet50_tl_20250829,8,4,4,24,8.0,28.0,146.9634246826172,147.2503662109375,-0.2869415283203125
s_bird_137,resnet50_tl_20250829,8,4,4,28,8.0,32.0,146.9634246826172,147.2995147705078,-0.336090087890625
s_bird_137,resnet50_tl_20250829,8,4,4,32,8.0,36.0,146.9634246826172,147.2670135498047,-0.3035888671875
s_bird_137,resnet50_tl_20250829,8,4,4,36,8.0,40.0,146.9634246826172,147.17098999023438,-0.2075653076171875
s_bird_137,resnet50_tl_20250829,8,4,4,40,8.0,44.0,146.9634246826172,147.16868591308594,-0.20526123046875
s_bird_137,resnet50_tl_20250829,8,4,4,44,8.0,48.0,146.9634246826172,147.2313232421875,-0.2678985595703125
s_bird_137,resnet50_tl_20250829,8,4,4,48,8.0,52.0,146.9634246826172,147.16004943847656,-0.196624755859375
s_bird_137,resnet50_tl_20250829,8,4,4,52,8.0,56.0,146.9634246826172,147.21124267578125,-0.2478179931640625
s_bird_137,resnet50_tl_20250829,8,4,4,56,8.0,60.0,146.9634246826172,147.1861572265625,-0.2227325439453125
s_bird_137,resnet50_tl_20250829,8,4,4,60,8.0,64.0,146.9634246826172,147.2048797607422,-0.241455078125
s_bird_137,resnet50_tl_20250829,8,4,4,64,8.0,68.0,146.9634246826172,147.0757293701172,-0.1123046875
s_bird_137,resnet50_tl_20250829,8,4,4,68,8.0,72.0,146.9634246826172,147.07716369628906,-0.113739013671875
s_bird_137,resnet50_tl_20250829,8,4,4,72,8.0,76.0,146.9634246826172,147.0124969482422,-0.049072265625
s_bird_137,resnet50_tl_20250829,8,4,4,76,8.0,80.0,146.9634246826172,147.04510498046875,-0.0816802978515625
s_bird_137,resnet50_tl_20250829,8,4,4,80,8.0,84.0,146.9634246826172,146.93026733398438,0.0331573486328125
s_bird_137,resnet50_tl_20250829,8,4,4,84,8.0,88.0,146.9634246826172,147.00648498535156,-0.043060302734375
s_bird_137,resnet50_tl_20250829,8,4,4,88,8.0,92.0,146.9634246826172,147.00462341308594,-0.04119873046875
s_bird_137,resnet50_tl_20250829,8,4,4,92,8.0,96.0,146.9634246826172,147.04669189453125,-0.0832672119140625
s_bird_137,resnet50_tl_20250829,8,4,4,96,8.0,100.0,146.9634246826172,146.95620727539062,0.0072174072265625
s_bird_137,resnet50_tl_20250829,8,4,4,100,8.0,104.0,146.9634246826172,146.98086547851562,-0.0174407958984375
s_bird_137,resnet50_tl_20250829,8,4,4,104,8.0,108.0,146.9634246826172,146.96099853515625,0.0024261474609375
s_bird_137,resnet50_tl_20250829,8,4,4,108,8.0,112.0,146.9634246826172,147.00413513183594,-0.04071044921875
s_bird_137,resnet50_tl_20250829,8,4,4,112,8.0,116.0,146.9634246826172,146.9370880126953,0.026336669921875
s_bird_137,resnet50_tl_20250829,8,4,4,116,8.0,120.0,146.9634246826172,146.98989868164062,-0.0264739990234375
s_bird_137,resnet50_tl_20250829,8,4,4,120,8.0,124.0,146.9634246826172,147.02761840820312,-0.0641937255859375
s_bird_137,resnet50_tl_20250829,8,4,4,124,8.0,128.0,146.9634246826172,147.05606079101562,-0.0926361083984375
s_bird_137,resnet50_tl_20250829,8,4,4,128,8.0,132.0,146.9634246826172,146.9958953857422,-0.032470703125
s_bird_137,resnet50_tl_20250829,8,4,4,132,8.0,136.0,146.9634246826172,146.97410583496094,-0.01068115234375
s_bird_137,resnet50_tl_20250829,8,4,4,136,8.0,140.0,146.9634246826172,146.97756958007812,-0.0141448974609375
s_bird_137,resnet50_tl_20250829,8,4,4,140,8.0,144.0,146.9634246826172,147.02877807617188,-0.0653533935546875
s_bird_137,resnet50_tl_20250829,8,4,4,144,8.0,148.0,146.9634246826172,146.97755432128906,-0.014129638671875
s_bird_137,resnet50_tl_20250829,8,4,4,148,8.0,152.0,146.9634246826172,146.9905548095703,-0.027130126953125
s_bird_137,resnet50_tl_20250829,8,4,4,152,8.0,156.0,146.9634246826172,147.05886840820312,-0.0954437255859375
s_bird_137,resnet50_tl_20250829,8,4,4,156,8.0,160.0,146.9634246826172,147.10450744628906,-0.141082763671875
s_bird_137,resnet50_tl_20250829,8,4,4,160,8.0,164.0,146.9634246826172,147.05654907226562,-0.0931243896484375
s_bird_137,resnet50_tl_20250829,8,4,4,164,8.0,168.0,146.9634246826172,147.03160095214844,-0.06817626953125
s_bird_137,resnet50_tl_20250829,8,4,4,168,8.0,172.0,146.9634246826172,147.03488159179688,-0.0714569091796875
s_bird_137,resnet50_tl_20250829,8,4,4,172,8.0,176.0,146.9634246826172,147.07186889648438,-0.1084442138671875
s_bird_137,resnet50_tl_20250829,8,4,4,176,8.0,180.0,146.9634246826172,146.98825073242188,-0.0248260498046875
s_bird_137,resnet50_tl_20250829,8,4,4,180,8.0,184.0,146.9634246826172,147.0263214111328,-0.062896728515625
s_bird_137,resnet50_tl_20250829,8,4,4,184,8.0,188.0,146.9634246826172,147.04141235351562,-0.0779876708984375
s_bird_137,resnet50_tl_20250829,8,4,4,188,8.0,192.0,146.9634246826172,147.074951171875,-0.1115264892578125
s_bird_137,resnet50_tl_20250829,8,4,4,192,8.0,196.0,146.9634246826172,147.02720642089844,-0.06378173828125
s_bird_137,resnet50_tl_20250829,8,4,4,196,8.0,200.0,146.9634246826172,147.0391845703125,-0.0757598876953125
s_bird_137,resnet50_tl_20250829,8,4,4,200,8.0,204.0,146.9634246826172,147.00465393066406,-0.041229248046875
s_bird_137,resnet50_tl_20250829,8,4,4,204,8.0,208.0,146.9634246826172,147.0081024169922,-0.044677734375
s_bird_137,resnet50_tl_20250829,8,4,4,208,8.0,212.0,146.9634246826172,146.95578002929688,0.0076446533203125
s_bird_137,resnet50_tl_20250829,8,4,4,212,8.0,216.0,146.9634246826172,146.9200439453125,0.0433807373046875
s_bird_137,resnet50_tl_20250829,8,4,4,216,8.0,220.0,146.9634246826172,146.92022705078125,0.0431976318359375
s_bird_137,resnet50_tl_20250829,8,4,8,0,12.0,4.0,146.9634246826172,146.95938110351562,0.0040435791015625
s_bird_137,resnet50_tl_20250829,8,4,8,4,12.0,8.0,146.9634246826172,146.92945861816406,0.033966064453125
s_bird_137,resnet50_tl_20250829,8,4,8,8,12.0,12.0,146.9634246826172,147.02427673339844,-0.06085205078125
s_bird_137,resnet50_tl_20250829,8,4,8,12,12.0,16.0,146.9634246826172,147.0329132080078,-0.069488525390625
s_bird_137,resnet50_tl_20250829,8,4,8,16,12.0,20.0,146.9634246826172,146.9515838623047,0.0118408203125
s_bird_137,resnet50_tl_20250829,8,4,8,20,12.0,24.0,146.9634246826172,147.061767578125,-0.0983428955078125
s_bird_137,resnet50_tl_20250829,8,4,8,24,12.0,28.0,146.9634246826172,147.11302185058594,-0.14959716796875
s_bird_137,resnet50_tl_20250829,8,4,8,28,12.0,32.0,146.9634246826172,147.09182739257812,-0.1284027099609375
s_bird_137,resnet50_tl_20250829,8,4,8,32,12.0,36.0,146.9634246826172,147.06854248046875,-0.1051177978515625
s_bird_137,resnet50_tl_20250829,8,4,8,36,12.0,40.0,146.9634246826172,147.1178741455078,-0.154449462890625
s_bird_137,resnet50_tl_20250829,8,4,8,40,12.0,44.0,146.9634246826172,147.0452423095703,-0.081817626953125
s_bird_137,resnet50_tl_20250829,8,4,8,44,12.0,48.0,146.9634246826172,146.92259216308594,0.04083251953125
s_bird_137,resnet50_tl_20250829,8,4,8,48,12.0,52.0,146.9634246826172,146.84732055664062,0.1161041259765625
s_bird_137,resnet50_tl_20250829,8,4,8,52,12.0,56.0,146.9634246826172,146.9936981201172,-0.0302734375
s_bird_137,resnet50_tl_20250829,8,4,8,56,12.0,60.0,146.9634246826172,146.95831298828125,0.0051116943359375
s_bird_137,resnet50_tl_20250829,8,4,8,60,12.0,64.0,146.9634246826172,146.832275390625,0.1311492919921875
s_bird_137,resnet50_tl_20250829,8,4,8,64,12.0,68.0,146.9634246826172,146.74334716796875,0.2200775146484375
s_bird_137,resnet50_tl_20250829,8,4,8,68,12.0,72.0,146.9634246826172,146.8907470703125,0.0726776123046875
s_bird_137,resnet50_tl_20250829,8,4,8,72,12.0,76.0,146.9634246826172,146.8349609375,0.1284637451171875
s_bird_137,resnet50_tl_20250829,8,4,8,76,12.0,80.0,146.9634246826172,146.70458984375,0.2588348388671875
s_bird_137,resnet50_tl_20250829,8,4,8,80,12.0,84.0,146.9634246826172,146.6348419189453,0.328582763671875
s_bird_137,resnet50_tl_20250829,8,4,8,84,12.0,88.0,146.9634246826172,146.80975341796875,0.1536712646484375
s_bird_137,resnet50_tl_20250829,8,4,8,88,12.0,92.0,146.9634246826172,146.8529510498047,0.1104736328125
s_bird_137,resnet50_tl_20250829,8,4,8,92,12.0,96.0,146.9634246826172,146.77601623535156,0.187408447265625
s_bird_137,resnet50_tl_20250829,8,4,8,96,12.0,100.0,146.9634246826172,146.7347869873047,0.2286376953125
s_bird_137,resnet50_tl_20250829,8,4,8,100,12.0,104.0,146.9634246826172,146.8472900390625,0.1161346435546875
s_bird_137,resnet50_tl_20250829,8,4,8,104,12.0,108.0,146.9634246826172,146.84963989257812,0.1137847900390625
s_bird_137,resnet50_tl_20250829,8,4,8,108,12.0,112.0,146.9634246826172,146.76080322265625,0.2026214599609375
s_bird_137,resnet50_tl_20250829,8,4,8,112,12.0,116.0,146.9634246826172,146.7201385498047,0.2432861328125
s_bird_137,resnet50_tl_20250829,8,4,8,116,12.0,120.0,146.9634246826172,146.857666015625,0.1057586669921875
s_bird_137,resnet50_tl_20250829,8,4,8,120,12.0,124.0,146.9634246826172,146.9120635986328,0.051361083984375
s_bird_137,resnet50_tl_20250829,8,4,8,124,12.0,128.0,146.9634246826172,146.8496551513672,0.11376953125
s_bird_137,resnet50_tl_20250829,8,4,8,128,12.0,132.0,146.9634246826172,146.8242645263672,0.13916015625
s_bird_137,resnet50_tl_20250829,8,4,8,132,12.0,136.0,146.9634246826172,146.8981475830078,0.065277099609375
s_bird_137,resnet50_tl_20250829,8,4,8,136,12.0,140.0,146.9634246826172,146.9073486328125,0.0560760498046875
s_bird_137,resnet50_tl_20250829,8,4,8,140,12.0,144.0,146.9634246826172,146.814208984375,0.1492156982421875
s_bird_137,resnet50_tl_20250829,8,4,8,144,12.0,148.0,146.9634246826172,146.795166015625,0.1682586669921875
s_bird_137,resnet50_tl_20250829,8,4,8,148,12.0,152.0,146.9634246826172,146.90965270996094,0.05377197265625
s_bird_137,resnet50_tl_20250829,8,4,8,152,12.0,156.0,146.9634246826172,146.96214294433594,0.00128173828125
s_bird_137,resnet50_tl_20250829,8,4,8,156,12.0,160.0,146.9634246826172,146.88409423828125,0.0793304443359375
s_bird_137,resnet50_tl_20250829,8,4,8,160,12.0,164.0,146.9634246826172,146.86590576171875,0.0975189208984375
s_bird_137,resnet50_tl_20250829,8,4,8,164,12.0,168.0,146.9634246826172,146.9554901123047,0.0079345703125
s_bird_137,resnet50_tl_20250829,8,4,8,168,12.0,172.0,146.9634246826172,146.94610595703125,0.0173187255859375
s_bird_137,resnet50_tl_20250829,8,4,8,172,12.0,176.0,146.9634246826172,146.82867431640625,0.1347503662109375
s_bird_137,resnet50_tl_20250829,8,4,8,176,12.0,180.0,146.9634246826172,146.80055236816406,0.162872314453125
s_bird_137,resnet50_tl_20250829,8,4,8,180,12.0,184.0,146.9634246826172,146.92507934570312,0.0383453369140625
s_bird_137,resnet50_tl_20250829,8,4,8,184,12.0,188.0,146.9634246826172,146.97601318359375,-0.0125885009765625
s_bird_137,resnet50_tl_20250829,8,4,8,188,12.0,192.0,146.9634246826172,146.89710998535156,0.066314697265625
s_bird_137,resnet50_tl_20250829,8,4,8,192,12.0,196.0,146.9634246826172,146.8518829345703,0.111541748046875
s_bird_137,resnet50_tl_20250829,8,4,8,196,12.0,200.0,146.9634246826172,146.93206787109375,0.0313568115234375
s_bird_137,resnet50_tl_20250829,8,4,8,200,12.0,204.0,146.9634246826172,146.982666015625,-0.0192413330078125
s_bird_137,resnet50_tl_20250829,8,4,8,204,12.0,208.0,146.9634246826172,146.92996215820312,0.0334625244140625
s_bird_137,resnet50_tl_20250829,8,4,8,208,12.0,212.0,146.9634246826172,146.8859100341797,0.0775146484375
s_bird_137,resnet50_tl_20250829,8,4,8,212,12.0,216.0,146.9634246826172,146.88522338867188,0.0782012939453125
s_bird_137,resnet50_tl_20250829,8,4,8,216,12.0,220.0,146.9634246826172,146.9271240234375,0.0363006591796875
s_bird_137,resnet50_tl_20250829,8,4,12,0,16.0,4.0,146.9634246826172,146.52525329589844,0.43817138671875
s_bird_137,resnet50_tl_20250829,8,4,12,4,16.0,8.0,146.9634246826172,146.77398681640625,0.1894378662109375
s_bird_137,resnet50_tl_20250829,8,4,12,8,16.0,12.0,146.9634246826172,146.9772186279297,-0.0137939453125
s_bird_137,resnet50_tl_20250829,8,4,12,12,16.0,16.0,146.9634246826172,146.82102966308594,0.14239501953125
s_bird_137,resnet50_tl_20250829,8,4,12,16,16.0,20.0,146.9634246826172,146.86911010742188,0.0943145751953125
s_bird_137,resnet50_tl_20250829,8,4,12,20,16.0,24.0,146.9634246826172,146.99737548828125,-0.0339508056640625
s_bird_137,resnet50_tl_20250829,8,4,12,24,16.0,28.0,146.9634246826172,146.93789672851562,0.0255279541015625
s_bird_137,resnet50_tl_20250829,8,4,12,28,16.0,32.0,146.9634246826172,146.82997131347656,0.133453369140625
s_bird_137,resnet50_tl_20250829,8,4,12,32,16.0,36.0,146.9634246826172,146.8592987060547,0.1041259765625
s_bird_137,resnet50_tl_20250829,8,4,12,36,16.0,40.0,146.9634246826172,147.05926513671875,-0.0958404541015625
s_bird_137,resnet50_tl_20250829,8,4,12,40,16.0,44.0,146.9634246826172,146.99240112304688,-0.0289764404296875
s_bird_137,resnet50_tl_20250829,8,4,12,44,16.0,48.0,146.9634246826172,146.72312927246094,0.24029541015625
s_bird_137,resnet50_tl_20250829,8,4,12,48,16.0,52.0,146.9634246826172,146.63958740234375,0.3238372802734375
s_bird_137,resnet50_tl_20250829,8,4,12,52,16.0,56.0,146.9634246826172,146.8691864013672,0.09423828125
s_bird_137,resnet50_tl_20250829,8,4,12,56,16.0,60.0,146.9634246826172,146.8707733154297,0.0926513671875
s_bird_137,resnet50_tl_20250829,8,4,12,60,16.0,64.0,146.9634246826172,146.54689025878906,0.416534423828125
s_bird_137,resnet50_tl_20250829,8,4,12,64,16.0,68.0,146.9634246826172,146.52696228027344,0.43646240234375
s_bird_137,resnet50_tl_20250829,8,4,12,68,16.0,72.0,146.9634246826172,146.8294219970703,0.134002685546875
s_bird_137,resnet50_tl_20250829,8,4,12,72,16.0,76.0,146.9634246826172,146.83340454101562,0.1300201416015625
s_bird_137,resnet50_tl_20250829,8,4,12,76,16.0,80.0,146.9634246826172,146.47882080078125,0.4846038818359375
s_bird_137,resnet50_tl_20250829,8,4,12,80,16.0,84.0,146.9634246826172,146.42030334472656,0.543121337890625
s_bird_137,resnet50_tl_20250829,8,4,12,84,16.0,88.0,146.9634246826172,146.7303924560547,0.2330322265625
s_bird_137,resnet50_tl_20250829,8,4,12,88,16.0,92.0,146.9634246826172,146.83099365234375,0.1324310302734375
s_bird_137,resnet50_tl_20250829,8,4,12,92,16.0,96.0,146.9634246826172,146.5465087890625,0.4169158935546875
s_bird_137,resnet50_tl_20250829,8,4,12,96,16.0,100.0,146.9634246826172,146.56480407714844,0.39862060546875
s_bird_137,resnet50_tl_20250829,8,4,12,100,16.0,104.0,146.9634246826172,146.8235321044922,0.139892578125
s_bird_137,resnet50_tl_20250829,8,4,12,104,16.0,108.0,146.9634246826172,146.86009216308594,0.10333251953125
s_bird_137,resnet50_tl_20250829,8,4,12,108,16.0,112.0,146.9634246826172,146.5689697265625,0.3944549560546875
s_bird_137,resnet50_tl_20250829,8,4,12,112,16.0,116.0,146.9634246826172,146.55801391601562,0.4054107666015625
s_bird_137,resnet50_tl_20250829,8,4,12,116,16.0,120.0,146.9634246826172,146.78570556640625,0.1777191162109375
s_bird_137,resnet50_tl_20250829,8,4,12,120,16.0,124.0,146.9634246826172,146.89346313476562,0.0699615478515625
s_bird_137,resnet50_tl_20250829,8,4,12,124,16.0,128.0,146.9634246826172,146.64210510253906,0.321319580078125
s_bird_137,resnet50_tl_20250829,8,4,12,128,16.0,132.0,146.9634246826172,146.68295288085938,0.2804718017578125
s_bird_137,resnet50_tl_20250829,8,4,12,132,16.0,136.0,146.9634246826172,146.88270568847656,0.080718994140625
s_bird_137,resnet50_tl_20250829,8,4,12,136,16.0,140.0,146.9634246826172,146.9244842529297,0.0389404296875
s_bird_137,resnet50_tl_20250829,8,4,12,140,16.0,144.0,146.9634246826172,146.60935974121094,0.35406494140625
s_bird_137,resnet50_tl_20250829,8,4,12,144,16.0,148.0,146.9634246826172,146.6282501220703,0.335174560546875
s_bird_137,resnet50_tl_20250829,8,4,12,148,16.0,152.0,146.9634246826172,146.85914611816406,0.104278564453125
s_bird_137,resnet50_tl_20250829,8,4,12,152,16.0,156.0,146.9634246826172,146.9561767578125,0.0072479248046875
s_bird_137,resnet50_tl_20250829,8,4,12,156,16.0,160.0,146.9634246826172,146.6224365234375,0.3409881591796875
s_bird_137,resnet50_tl_20250829,8,4,12,160,16.0,164.0,146.9634246826172,146.68426513671875,0.2791595458984375
s_bird_137,resnet50_tl_20250829,8,4,12,164,16.0,168.0,146.9634246826172,146.93572998046875,0.0276947021484375
s_bird_137,resnet50_tl_20250829,8,4,12,168,16.0,172.0,146.9634246826172,146.97019958496094,-0.00677490234375
s_bird_137,resnet50_tl_20250829,8,4,12,172,16.0,176.0,146.9634246826172,146.61761474609375,0.3458099365234375
s_bird_137,resnet50_tl_20250829,8,4,12,176,16.0,180.0,146.9634246826172,146.62698364257812,0.3364410400390625
s_bird_137,resnet50_tl_20250829,8,4,12,180,16.0,184.0,146.9634246826172,146.8795166015625,0.0839080810546875
s_bird_137,resnet50_tl_20250829,8,4,12,184,16.0,188.0,146.9634246826172,146.97390747070312,-0.0104827880859375
s_bird_137,resnet50_tl_20250829,8,4,12,188,16.0,192.0,146.9634246826172,146.64146423339844,0.32196044921875
s_bird_137,resnet50_tl_20250829,8,4,12,192,16.0,196.0,146.9634246826172,146.69271850585938,0.2707061767578125
s_bird_137,resnet50_tl_20250829,8,4,12,196,16.0,200.0,146.9634246826172,146.86720275878906,0.096221923828125
s_bird_137,resnet50_tl_20250829,8,4,12,200,16.0,204.0,146.9634246826172,146.98031616210938,-0.0168914794921875
s_bird_137,resnet50_tl_20250829,8,4,12,204,16.0,208.0,146.9634246826172,146.82826232910156,0.135162353515625
s_bird_137,resnet50_tl_20250829,8,4,12,208,16.0,212.0,146.9634246826172,146.8116912841797,0.1517333984375
s_bird_137,resnet50_tl_20250829,8,4,12,212,16.0,216.0,146.9634246826172,146.86199951171875,0.1014251708984375
s_bird_137,resnet50_tl_20250829,8,4,12,216,16.0,220.0,146.9634246826172,146.9027862548828,0.060638427734375
s_bird_137,resnet50_tl_20250829,8,4,16,0,20.0,4.0,146.9634246826172,146.56333923339844,0.40008544921875
s_bird_137,resnet50_tl_20250829,8,4,16,4,20.0,8.0,146.9634246826172,146.65655517578125,0.3068695068359375
s_bird_137,resnet50_tl_20250829,8,4,16,8,20.0,12.0,146.9634246826172,146.9381561279297,0.0252685546875
s_bird_137,resnet50_tl_20250829,8,4,16,12,20.0,16.0,146.9634246826172,146.86541748046875,0.0980072021484375
s_bird_137,resnet50_tl_20250829,8,4,16,16,20.0,20.0,146.9634246826172,146.78880310058594,0.17462158203125
s_bird_137,resnet50_tl_20250829,8,4,16,20,20.0,24.0,146.9634246826172,146.97976684570312,-0.0163421630859375
s_bird_137,resnet50_tl_20250829,8,4,16,24,20.0,28.0,146.9634246826172,146.86968994140625,0.0937347412109375
s_bird_137,resnet50_tl_20250829,8,4,16,28,20.0,32.0,146.9634246826172,146.65818786621094,0.30523681640625
s_bird_137,resnet50_tl_20250829,8,4,16,32,20.0,36.0,146.9634246826172,146.75990295410156,0.203521728515625
s_bird_137,resnet50_tl_20250829,8,4,16,36,20.0,40.0,146.9634246826172,146.86558532714844,0.09783935546875
s_bird_137,resnet50_tl_20250829,8,4,16,40,20.0,44.0,146.9634246826172,147.00204467773438,-0.0386199951171875
s_bird_137,resnet50_tl_20250829,8,4,16,44,20.0,48.0,146.9634246826172,146.70494079589844,0.25848388671875
s_bird_137,resnet50_tl_20250829,8,4,16,48,20.0,52.0,146.9634246826172,146.6674346923828,0.295989990234375
s_bird_137,resnet50_tl_20250829,8,4,16,52,20.0,56.0,146.9634246826172,146.7283935546875,0.2350311279296875
s_bird_137,resnet50_tl_20250829,8,4,16,56,20.0,60.0,146.9634246826172,146.82827758789062,0.1351470947265625
s_bird_137,resnet50_tl_20250829,8,4,16,60,20.0,64.0,146.9634246826172,146.54061889648438,0.4228057861328125
s_bird_137,resnet50_tl_20250829,8,4,16,64,20.0,68.0,146.9634246826172,146.5540008544922,0.409423828125
s_bird_137,resnet50_tl_20250829,8,4,16,68,20.0,72.0,146.9634246826172,146.69656372070312,0.2668609619140625
s_bird_137,resnet50_tl_20250829,8,4,16,72,20.0,76.0,146.9634246826172,146.79959106445312,0.1638336181640625
s_bird_137,resnet50_tl_20250829,8,4,16,76,20.0,80.0,146.9634246826172,146.45762634277344,0.50579833984375
s_bird_137,resnet50_tl_20250829,8,4,16,80,20.0,84.0,146.9634246826172,146.4633026123047,0.5001220703125
s_bird_137,resnet50_tl_20250829,8,4,16,84,20.0,88.0,146.9634246826172,146.60765075683594,0.35577392578125
s_bird_137,resnet50_tl_20250829,8,4,16,88,20.0,92.0,146.9634246826172,146.7926025390625,0.1708221435546875
s_bird_137,resnet50_tl_20250829,8,4,16,92,20.0,96.0,146.9634246826172,146.54022216796875,0.4232025146484375
s_bird_137,resnet50_tl_20250829,8,4,16,96,20.0,100.0,146.9634246826172,146.59266662597656,0.370758056640625
s_bird_137,resnet50_tl_20250829,8,4,16,100,20.0,104.0,146.9634246826172,146.72181701660156,0.241607666015625
s_bird_137,resnet50_tl_20250829,8,4,16,104,20.0,108.0,146.9634246826172,146.82662963867188,0.1367950439453125
s_bird_137,resnet50_tl_20250829,8,4,16,108,20.0,112.0,146.9634246826172,146.5627899169922,0.400634765625
s_bird_137,resnet50_tl_20250829,8,4,16,112,20.0,116.0,146.9634246826172,146.59786987304688,0.3655548095703125
s_bird_137,resnet50_tl_20250829,8,4,16,116,20.0,120.0,146.9634246826172,146.6953125,0.2681121826171875
s_bird_137,resnet50_tl_20250829,8,4,16,120,20.0,124.0,146.9634246826172,146.85862731933594,0.10479736328125
s_bird_137,resnet50_tl_20250829,8,4,16,124,20.0,128.0,146.9634246826172,146.66091918945312,0.3025054931640625
s_bird_137,resnet50_tl_20250829,8,4,16,128,20.0,132.0,146.9634246826172,146.71371459960938,0.2497100830078125
s_bird_137,resnet50_tl_20250829,8,4,16,132,20.0,136.0,146.9634246826172,146.80392456054688,0.1595001220703125
s_bird_137,resnet50_tl_20250829,8,4,16,136,20.0,140.0,146.9634246826172,146.90487670898438,0.0585479736328125
s_bird_137,resnet50_tl_20250829,8,4,16,140,20.0,144.0,146.9634246826172,146.63790893554688,0.3255157470703125
s_bird_137,resnet50_tl_20250829,8,4,16,144,20.0,148.0,146.9634246826172,146.6826934814453,0.280731201171875
s_bird_137,resnet50_tl_20250829,8,4,16,148,20.0,152.0,146.9634246826172,146.77479553222656,0.188629150390625
s_bird_137,resnet50_tl_20250829,8,4,16,152,20.0,156.0,146.9634246826172,146.92550659179688,0.0379180908203125
s_bird_137,resnet50_tl_20250829,8,4,16,156,20.0,160.0,146.9634246826172,146.66159057617188,0.3018341064453125
s_bird_137,resnet50_tl_20250829,8,4,16,160,20.0,164.0,146.9634246826172,146.7169647216797,0.2464599609375
s_bird_137,resnet50_tl_20250829,8,4,16,164,20.0,168.0,146.9634246826172,146.82876586914062,0.1346588134765625
s_bird_137,resnet50_tl_20250829,8,4,16,168,20.0,172.0,146.9634246826172,146.93235778808594,0.03106689453125
s_bird_137,resnet50_tl_20250829,8,4,16,172,20.0,176.0,146.9634246826172,146.63465881347656,0.328765869140625
s_bird_137,resnet50_tl_20250829,8,4,16,176,20.0,180.0,146.9634246826172,146.6640625,0.2993621826171875
s_bird_137,resnet50_tl_20250829,8,4,16,180,20.0,184.0,146.9634246826172,146.7748260498047,0.1885986328125
s_bird_137,resnet50_tl_20250829,8,4,16,184,20.0,188.0,146.9634246826172,146.93081665039062,0.0326080322265625
s_bird_137,resnet50_tl_20250829,8,4,16,188,20.0,192.0,146.9634246826172,146.6841278076172,0.279296875
s_bird_137,resnet50_tl_20250829,8,4,16,192,20.0,196.0,146.9634246826172,146.71783447265625,0.2455902099609375
s_bird_137,resnet50_tl_20250829,8,4,16,196,20.0,200.0,146.9634246826172,146.80751037597656,0.155914306640625
s_bird_137,resnet50_tl_20250829,8,4,16,200,20.0,204.0,146.9634246826172,146.9320831298828,0.031341552734375
s_bird_137,resnet50_tl_20250829,8,4,16,204,20.0,208.0,146.9634246826172,146.82159423828125,0.1418304443359375
s_bird_137,resnet50_tl_20250829,8,4,16,208,20.0,212.0,146.9634246826172,146.82908630371094,0.13433837890625
s_bird_137,resnet50_tl_20250829,8,4,16,212,20.0,216.0,146.9634246826172,146.8377227783203,0.125701904296875
s_bird_137,resnet50_tl_20250829,8,4,16,216,20.0,220.0,146.9634246826172,146.88282775878906,0.080596923828125
s_bird_137,resnet50_tl_20250829,8,4,20,0,24.0,4.0,146.9634246826172,146.93760681152344,0.02581787109375
s_bird_137,resnet50_tl_20250829,8,4,20,4,24.0,8.0,146.9634246826172,146.713134765625,0.2502899169921875
s_bird_137,resnet50_tl_20250829,8,4,20,8,24.0,12.0,146.9634246826172,146.76930236816406,0.194122314453125
s_bird_137,resnet50_tl_20250829,8,4,20,12,24.0,16.0,146.9634246826172,146.85498046875,0.1084442138671875
s_bird_137,resnet50_tl_20250829,8,4,20,16,24.0,20.0,146.9634246826172,146.82505798339844,0.13836669921875
s_bird_137,resnet50_tl_20250829,8,4,20,20,24.0,24.0,146.9634246826172,146.72113037109375,0.2422943115234375
s_bird_137,resnet50_tl_20250829,8,4,20,24,24.0,28.0,146.9634246826172,146.8170623779297,0.1463623046875
s_bird_137,resnet50_tl_20250829,8,4,20,28,24.0,32.0,146.9634246826172,146.9452667236328,0.018157958984375
s_bird_137,resnet50_tl_20250829,8,4,20,32,24.0,36.0,146.9634246826172,146.84127807617188,0.1221466064453125
s_bird_137,resnet50_tl_20250829,8,4,20,36,24.0,40.0,146.9634246826172,146.9053192138672,0.05810546875
s_bird_137,resnet50_tl_20250829,8,4,20,40,24.0,44.0,146.9634246826172,146.98931884765625,-0.0258941650390625
s_bird_137,resnet50_tl_20250829,8,4,20,44,24.0,48.0,146.9634246826172,147.06260681152344,-0.09918212890625
s_bird_137,resnet50_tl_20250829,8,4,20,48,24.0,52.0,146.9634246826172,147.02261352539062,-0.0591888427734375
s_bird_137,resnet50_tl_20250829,8,4,20,52,24.0,56.0,146.9634246826172,146.95286560058594,0.01055908203125
s_bird_137,resnet50_tl_20250829,8,4,20,56,24.0,60.0,146.9634246826172,146.8911590576172,0.072265625
s_bird_137,resnet50_tl_20250829,8,4,20,60,24.0,64.0,146.9634246826172,146.85740661621094,0.10601806640625
s_bird_137,resnet50_tl_20250829,8,4,20,64,24.0,68.0,146.9634246826172,146.8263702392578,0.137054443359375
s_bird_137,resnet50_tl_20250829,8,4,20,68,24.0,72.0,146.9634246826172,146.8589324951172,0.1044921875
s_bird_137,resnet50_tl_20250829,8,4,20,72,24.0,76.0,146.9634246826172,146.8013153076172,0.162109375
s_bird_137,resnet50_tl_20250829,8,4,20,76,24.0,80.0,146.9634246826172,146.78594970703125,0.1774749755859375
s_bird_137,resnet50_tl_20250829,8,4,20,80,24.0,84.0,146.9634246826172,146.779296875,0.1841278076171875
s_bird_137,resnet50_tl_20250829,8,4,20,84,24.0,88.0,146.9634246826172,146.79310607910156,0.170318603515625
s_bird_137,resnet50_tl_20250829,8,4,20,88,24.0,92.0,146.9634246826172,146.80068969726562,0.1627349853515625
s_bird_137,resnet50_tl_20250829,8,4,20,92,24.0,96.0,146.9634246826172,146.8016357421875,0.1617889404296875
s_bird_137,resnet50_tl_20250829,8,4,20,96,24.0,100.0,146.9634246826172,146.84075927734375,0.1226654052734375
s_bird_137,resnet50_tl_20250829,8,4,20,100,24.0,104.0,146.9634246826172,146.82955932617188,0.1338653564453125
s_bird_137,resnet50_tl_20250829,8,4,20,104,24.0,108.0,146.9634246826172,146.8077850341797,0.1556396484375
s_bird_137,resnet50_tl_20250829,8,4,20,108,24.0,112.0,146.9634246826172,146.79710388183594,0.16632080078125
s_bird_137,resnet50_tl_20250829,8,4,20,112,24.0,116.0,146.9634246826172,146.84335327148438,0.1200714111328125
s_bird_137,resnet50_tl_20250829,8,4,20,116,24.0,120.0,146.9634246826172,146.82015991210938,0.1432647705078125
s_bird_137,resnet50_tl_20250829,8,4,20,120,24.0,124.0,146.9634246826172,146.8553924560547,0.1080322265625
s_bird_137,resnet50_tl_20250829,8,4,20,124,24.0,128.0,146.9634246826172,146.85243225097656,0.110992431640625
s_bird_137,resnet50_tl_20250829,8,4,20,128,24.0,132.0,146.9634246826172,146.9138641357422,0.049560546875
s_bird_137,resnet50_tl_20250829,8,4,20,132,24.0,136.0,146.9634246826172,146.88290405273438,0.0805206298828125
s_bird_137,resnet50_tl_20250829,8,4,20,136,24.0,140.0,146.9634246826172,146.8933868408203,0.070037841796875
s_bird_137,resnet50_tl_20250829,8,4,20,140,24.0,144.0,146.9634246826172,146.86947631835938,0.0939483642578125
s_bird_137,resnet50_tl_20250829,8,4,20,144,24.0,148.0,146.9634246826172,146.93154907226562,0.0318756103515625
s_bird_137,resnet50_tl_20250829,8,4,20,148,24.0,152.0,146.9634246826172,146.8873291015625,0.0760955810546875
s_bird_137,resnet50_tl_20250829,8,4,20,152,24.0,156.0,146.9634246826172,146.9404754638672,0.02294921875
s_bird_137,resnet50_tl_20250829,8,4,20,156,24.0,160.0,146.9634246826172,146.91212463378906,0.051300048828125
s_bird_137,resnet50_tl_20250829,8,4,20,160,24.0,164.0,146.9634246826172,146.98353576660156,-0.020111083984375
s_bird_137,resnet50_tl_20250829,8,4,20,164,24.0,168.0,146.9634246826172,146.93539428710938,0.0280303955078125
s_bird_137,resnet50_tl_20250829,8,4,20,168,24.0,172.0,146.9634246826172,146.96107482910156,0.002349853515625
s_bird_137,resnet50_tl_20250829,8,4,20,172,24.0,176.0,146.9634246826172,146.9270782470703,0.036346435546875
s_bird_137,resnet50_tl_20250829,8,4,20,176,24.0,180.0,146.9634246826172,146.9809112548828,-0.017486572265625
s_bird_137,resnet50_tl_20250829,8,4,20,180,24.0,184.0,146.9634246826172,146.91943359375,0.0439910888671875
s_bird_137,resnet50_tl_20250829,8,4,20,184,24.0,188.0,146.9634246826172,146.96017456054688,0.0032501220703125
s_bird_137,resnet50_tl_20250829,8,4,20,188,24.0,192.0,146.9634246826172,146.9232635498047,0.0401611328125
s_bird_137,resnet50_tl_20250829,8,4,20,192,24.0,196.0,146.9634246826172,147.0016326904297,-0.0382080078125
s_bird_137,resnet50_tl_20250829,8,4,20,196,24.0,200.0,146.9634246826172,146.93112182617188,0.0323028564453125
s_bird_137,resnet50_tl_20250829,8,4,20,200,24.0,204.0,146.9634246826172,146.94313049316406,0.020294189453125
s_bird_137,resnet50_tl_20250829,8,4,20,204,24.0,208.0,146.9634246826172,146.95962524414062,0.0037994384765625
s_bird_137,resnet50_tl_20250829,8,4,20,208,24.0,212.0,146.9634246826172,147.0091552734375,-0.0457305908203125
s_bird_137,resnet50_tl_20250829,8,4,20,212,24.0,216.0,146.9634246826172,146.9208984375,0.0425262451171875
s_bird_137,resnet50_tl_20250829,8,4,20,216,24.0,220.0,146.9634246826172,146.8719940185547,0.0914306640625
s_bird_137,resnet50_tl_20250829,8,4,24,0,28.0,4.0,146.9634246826172,146.79820251464844,0.16522216796875
s_bird_137,resnet50_tl_20250829,8,4,24,4,28.0,8.0,146.9634246826172,146.7731475830078,0.190277099609375
s_bird_137,resnet50_tl_20250829,8,4,24,8,28.0,12.0,146.9634246826172,146.85484313964844,0.10858154296875
s_bird_137,resnet50_tl_20250829,8,4,24,12,28.0,16.0,146.9634246826172,146.83956909179688,0.1238555908203125
s_bird_137,resnet50_tl_20250829,8,4,24,16,28.0,20.0,146.9634246826172,146.81533813476562,0.1480865478515625
s_bird_137,resnet50_tl_20250829,8,4,24,20,28.0,24.0,146.9634246826172,146.74024963378906,0.223175048828125
s_bird_137,resnet50_tl_20250829,8,4,24,24,28.0,28.0,146.9634246826172,146.78237915039062,0.1810455322265625
s_bird_137,resnet50_tl_20250829,8,4,24,28,28.0,32.0,146.9634246826172,146.88539123535156,0.078033447265625
s_bird_137,resnet50_tl_20250829,8,4,24,32,28.0,36.0,146.9634246826172,146.80682373046875,0.1566009521484375
s_bird_137,resnet50_tl_20250829,8,4,24,36,28.0,40.0,146.9634246826172,146.77337646484375,0.1900482177734375
s_bird_137,resnet50_tl_20250829,8,4,24,40,28.0,44.0,146.9634246826172,146.8243865966797,0.1390380859375
s_bird_137,resnet50_tl_20250829,8,4,24,44,28.0,48.0,146.9634246826172,146.71951293945312,0.2439117431640625
s_bird_137,resnet50_tl_20250829,8,4,24,48,28.0,52.0,146.9634246826172,146.76181030273438,0.2016143798828125
s_bird_137,resnet50_tl_20250829,8,4,24,52,28.0,56.0,146.9634246826172,146.78273010253906,0.180694580078125
s_bird_137,resnet50_tl_20250829,8,4,24,56,28.0,60.0,146.9634246826172,146.78228759765625,0.1811370849609375
s_bird_137,resnet50_tl_20250829,8,4,24,60,28.0,64.0,146.9634246826172,146.63111877441406,0.332305908203125
s_bird_137,resnet50_tl_20250829,8,4,24,64,28.0,68.0,146.9634246826172,146.62460327148438,0.3388214111328125
s_bird_137,resnet50_tl_20250829,8,4,24,68,28.0,72.0,146.9634246826172,146.66268920898438,0.3007354736328125
s_bird_137,resnet50_tl_20250829,8,4,24,72,28.0,76.0,146.9634246826172,146.72210693359375,0.2413177490234375
s_bird_137,resnet50_tl_20250829,8,4,24,76,28.0,80.0,146.9634246826172,146.57711791992188,0.3863067626953125
s_bird_137,resnet50_tl_20250829,8,4,24,80,28.0,84.0,146.9634246826172,146.61973571777344,0.34368896484375
s_bird_137,resnet50_tl_20250829,8,4,24,84,28.0,88.0,146.9634246826172,146.62277221679688,0.3406524658203125
s_bird_137,resnet50_tl_20250829,8,4,24,88,28.0,92.0,146.9634246826172,146.73561096191406,0.227813720703125
s_bird_137,resnet50_tl_20250829,8,4,24,92,28.0,96.0,146.9634246826172,146.6131134033203,0.350311279296875
s_bird_137,resnet50_tl_20250829,8,4,24,96,28.0,100.0,146.9634246826172,146.67449951171875,0.2889251708984375
s_bird_137,resnet50_tl_20250829,8,4,24,100,28.0,104.0,146.9634246826172,146.68136596679688,0.2820587158203125
s_bird_137,resnet50_tl_20250829,8,4,24,104,28.0,108.0,146.9634246826172,146.77342224121094,0.19000244140625
s_bird_137,resnet50_tl_20250829,8,4,24,108,28.0,112.0,146.9634246826172,146.69070434570312,0.2727203369140625
s_bird_137,resnet50_tl_20250829,8,4,24,112,28.0,116.0,146.9634246826172,146.75393676757812,0.2094879150390625
s_bird_137,resnet50_tl_20250829,8,4,24,116,28.0,120.0,146.9634246826172,146.73390197753906,0.229522705078125
s_bird_137,resnet50_tl_20250829,8,4,24,120,28.0,124.0,146.9634246826172,146.82577514648438,0.1376495361328125
s_bird_137,resnet50_tl_20250829,8,4,24,124,28.0,128.0,146.9634246826172,146.7443084716797,0.2191162109375
s_bird_137,resnet50_tl_20250829,8,4,24,128,28.0,132.0,146.9634246826172,146.81201171875,0.1514129638671875
s_bird_137,resnet50_tl_20250829,8,4,24,132,28.0,136.0,146.9634246826172,146.8046112060547,0.1588134765625
s_bird_137,resnet50_tl_20250829,8,4,24,136,28.0,140.0,146.9634246826172,146.87429809570312,0.0891265869140625
s_bird_137,resnet50_tl_20250829,8,4,24,140,28.0,144.0,146.9634246826172,146.77732849121094,0.18609619140625
s_bird_137,resnet50_tl_20250829,8,4,24,144,28.0,148.0,146.9634246826172,146.8413848876953,0.122039794921875
s_bird_137,resnet50_tl_20250829,8,4,24,148,28.0,152.0,146.9634246826172,146.82254028320312,0.1408843994140625
s_bird_137,resnet50_tl_20250829,8,4,24,152,28.0,156.0,146.9634246826172,146.90365600585938,0.0597686767578125
s_bird_137,resnet50_tl_20250829,8,4,24,156,28.0,160.0,146.9634246826172,146.784423828125,0.1790008544921875
s_bird_137,resnet50_tl_20250829,8,4,24,160,28.0,164.0,146.9634246826172,146.85267639160156,0.110748291015625
s_bird_137,resnet50_tl_20250829,8,4,24,164,28.0,168.0,146.9634246826172,146.84310913085938,0.1203155517578125
s_bird_137,resnet50_tl_20250829,8,4,24,168,28.0,172.0,146.9634246826172,146.9227294921875,0.0406951904296875
s_bird_137,resnet50_tl_20250829,8,4,24,172,28.0,176.0,146.9634246826172,146.80174255371094,0.16168212890625
s_bird_137,resnet50_tl_20250829,8,4,24,176,28.0,180.0,146.9634246826172,146.86087036132812,0.1025543212890625
s_bird_137,resnet50_tl_20250829,8,4,24,180,28.0,184.0,146.9634246826172,146.8406982421875,0.1227264404296875
s_bird_137,resnet50_tl_20250829,8,4,24,184,28.0,188.0,146.9634246826172,146.92880249023438,0.0346221923828125
s_bird_137,resnet50_tl_20250829,8,4,24,188,28.0,192.0,146.9634246826172,146.80726623535156,0.156158447265625
s_bird_137,resnet50_tl_20250829,8,4,24,192,28.0,196.0,146.9634246826172,146.87759399414062,0.0858306884765625
s_bird_137,resnet50_tl_20250829,8,4,24,196,28.0,200.0,146.9634246826172,146.85520935058594,0.10821533203125
s_bird_137,resnet50_tl_20250829,8,4,24,200,28.0,204.0,146.9634246826172,146.9252166748047,0.0382080078125
s_bird_137,resnet50_tl_20250829,8,4,24,204,28.0,208.0,146.9634246826172,146.9103546142578,0.053070068359375
s_bird_137,resnet50_tl_20250829,8,4,24,208,28.0,212.0,146.9634246826172,146.944091796875,0.0193328857421875
s_bird_137,resnet50_tl_20250829,8,4,24,212,28.0,216.0,146.9634246826172,146.87696838378906,0.086456298828125
s_bird_137,resnet50_tl_20250829,8,4,24,216,28.0,220.0,146.9634246826172,146.88494873046875,0.0784759521484375
s_bird_137,resnet50_tl_20250829,8,4,28,0,32.0,4.0,146.9634246826172,146.48121643066406,0.482208251953125
s_bird_137,resnet50_tl_20250829,8,4,28,4,32.0,8.0,146.9634246826172,146.73194885253906,0.231475830078125
s_bird_137,resnet50_tl_20250829,8,4,28,8,32.0,12.0,146.9634246826172,146.85203552246094,0.11138916015625
s_bird_137,resnet50_tl_20250829,8,4,28,12,32.0,16.0,146.9634246826172,146.85768127441406,0.105743408203125
s_bird_137,resnet50_tl_20250829,8,4,28,16,32.0,20.0,146.9634246826172,146.79019165039062,0.1732330322265625
s_bird_137,resnet50_tl_20250829,8,4,28,20,32.0,24.0,146.9634246826172,146.74899291992188,0.2144317626953125
s_bird_137,resnet50_tl_20250829,8,4,28,24,32.0,28.0,146.9634246826172,146.751220703125,0.2122039794921875
s_bird_137,resnet50_tl_20250829,8,4,28,28,32.0,32.0,146.9634246826172,146.8121795654297,0.1512451171875
s_bird_137,resnet50_tl_20250829,8,4,28,32,32.0,36.0,146.9634246826172,146.806640625,0.1567840576171875
s_bird_137,resnet50_tl_20250829,8,4,28,36,32.0,40.0,146.9634246826172,146.87901306152344,0.08441162109375
s_bird_137,resnet50_tl_20250829,8,4,28,40,32.0,44.0,146.9634246826172,146.82542419433594,0.13800048828125
s_bird_137,resnet50_tl_20250829,8,4,28,44,32.0,48.0,146.9634246826172,146.61590576171875,0.3475189208984375
s_bird_137,resnet50_tl_20250829,8,4,28,48,32.0,52.0,146.9634246826172,146.5716552734375,0.3917694091796875
s_bird_137,resnet50_tl_20250829,8,4,28,52,32.0,56.0,146.9634246826172,146.92417907714844,0.03924560546875
s_bird_137,resnet50_tl_20250829,8,4,28,56,32.0,60.0,146.9634246826172,146.9086456298828,0.054779052734375
s_bird_137,resnet50_tl_20250829,8,4,28,60,32.0,64.0,146.9634246826172,146.49273681640625,0.4706878662109375
s_bird_137,resnet50_tl_20250829,8,4,28,64,32.0,68.0,146.9634246826172,146.4065399169922,0.556884765625
s_bird_137,resnet50_tl_20250829,8,4,28,68,32.0,72.0,146.9634246826172,146.78707885742188,0.1763458251953125
s_bird_137,resnet50_tl_20250829,8,4,28,72,32.0,76.0,146.9634246826172,146.81353759765625,0.1498870849609375
s_bird_137,resnet50_tl_20250829,8,4,28,76,32.0,80.0,146.9634246826172,146.55711364746094,0.40631103515625
s_bird_137,resnet50_tl_20250829,8,4,28,80,32.0,84.0,146.9634246826172,146.50645446777344,0.45697021484375
s_bird_137,resnet50_tl_20250829,8,4,28,84,32.0,88.0,146.9634246826172,146.76202392578125,0.2014007568359375
s_bird_137,resnet50_tl_20250829,8,4,28,88,32.0,92.0,146.9634246826172,146.83474731445312,0.1286773681640625
s_bird_137,resnet50_tl_20250829,8,4,28,92,32.0,96.0,146.9634246826172,146.527587890625,0.4358367919921875
s_bird_137,resnet50_tl_20250829,8,4,28,96,32.0,100.0,146.9634246826172,146.53773498535156,0.425689697265625
s_bird_137,resnet50_tl_20250829,8,4,28,100,32.0,104.0,146.9634246826172,146.77464294433594,0.18878173828125
s_bird_137,resnet50_tl_20250829,8,4,28,104,32.0,108.0,146.9634246826172,146.85055541992188,0.1128692626953125
s_bird_137,resnet50_tl_20250829,8,4,28,108,32.0,112.0,146.9634246826172,146.71458435058594,0.24884033203125
s_bird_137,resnet50_tl_20250829,8,4,28,112,32.0,116.0,146.9634246826172,146.69996643066406,0.263458251953125
s_bird_137,resnet50_tl_20250829,8,4,28,116,32.0,120.0,146.9634246826172,146.8656005859375,0.0978240966796875
s_bird_137,resnet50_tl_20250829,8,4,28,120,32.0,124.0,146.9634246826172,146.91143798828125,0.0519866943359375
s_bird_137,resnet50_tl_20250829,8,4,28,124,32.0,128.0,146.9634246826172,146.69358825683594,0.26983642578125
s_bird_137,resnet50_tl_20250829,8,4,28,128,32.0,132.0,146.9634246826172,146.70684814453125,0.2565765380859375
s_bird_137,resnet50_tl_20250829,8,4,28,132,32.0,136.0,146.9634246826172,146.90701293945312,0.0564117431640625
s_bird_137,resnet50_tl_20250829,8,4,28,136,32.0,140.0,146.9634246826172,146.9364776611328,0.026947021484375
s_bird_137,resnet50_tl_20250829,8,4,28,140,32.0,144.0,146.9634246826172,146.7432403564453,0.220184326171875
s_bird_137,resnet50_tl_20250829,8,4,28,144,32.0,148.0,146.9634246826172,146.74842834472656,0.214996337890625
s_bird_137,resnet50_tl_20250829,8,4,28,148,32.0,152.0,146.9634246826172,146.9446563720703,0.018768310546875
s_bird_137,resnet50_tl_20250829,8,4,28,152,32.0,156.0,146.9634246826172,146.97744750976562,-0.0140228271484375
s_bird_137,resnet50_tl_20250829,8,4,28,156,32.0,160.0,146.9634246826172,146.6916046142578,0.271820068359375
s_bird_137,resnet50_tl_20250829,8,4,28,160,32.0,164.0,146.9634246826172,146.71766662597656,0.245758056640625
s_bird_137,resnet50_tl_20250829,8,4,28,164,32.0,168.0,146.9634246826172,146.93246459960938,0.0309600830078125
s_bird_137,resnet50_tl_20250829,8,4,28,168,32.0,172.0,146.9634246826172,146.9782257080078,-0.014801025390625
s_bird_137,resnet50_tl_20250829,8,4,28,172,32.0,176.0,146.9634246826172,146.73439025878906,0.229034423828125
s_bird_137,resnet50_tl_20250829,8,4,28,176,32.0,180.0,146.9634246826172,146.74154663085938,0.2218780517578125
s_bird_137,resnet50_tl_20250829,8,4,28,180,32.0,184.0,146.9634246826172,146.9321746826172,0.03125
s_bird_137,resnet50_tl_20250829,8,4,28,184,32.0,188.0,146.9634246826172,147.0020294189453,-0.038604736328125
s_bird_137,resnet50_tl_20250829,8,4,28,188,32.0,192.0,146.9634246826172,146.70697021484375,0.2564544677734375
s_bird_137,resnet50_tl_20250829,8,4,28,192,32.0,196.0,146.9634246826172,146.75167846679688,0.2117462158203125
s_bird_137,resnet50_tl_20250829,8,4,28,196,32.0,200.0,146.9634246826172,146.86865234375,0.0947723388671875
s_bird_137,resnet50_tl_20250829,8,4,28,200,32.0,204.0,146.9634246826172,146.98318481445312,-0.0197601318359375
s_bird_137,resnet50_tl_20250829,8,4,28,204,32.0,208.0,146.9634246826172,146.8438720703125,0.1195526123046875
s_bird_137,resnet50_tl_20250829,8,4,28,208,32.0,212.0,146.9634246826172,146.84959411621094,0.11383056640625
s_bird_137,resnet50_tl_20250829,8,4,28,212,32.0,216.0,146.9634246826172,146.87232971191406,0.091094970703125
s_bird_137,resnet50_tl_20250829,8,4,28,216,32.0,220.0,146.9634246826172,146.8997344970703,0.063690185546875
s_bird_137,resnet50_tl_20250829,8,4,32,0,36.0,4.0,146.9634246826172,146.6290740966797,0.3343505859375
s_bird_137,resnet50_tl_20250829,8,4,32,4,36.0,8.0,146.9634246826172,146.7377471923828,0.225677490234375
s_bird_137,resnet50_tl_20250829,8,4,32,8,36.0,12.0,146.9634246826172,146.74722290039062,0.2162017822265625
s_bird_137,resnet50_tl_20250829,8,4,32,12,36.0,16.0,146.9634246826172,146.77035522460938,0.1930694580078125
s_bird_137,resnet50_tl_20250829,8,4,32,16,36.0,20.0,146.9634246826172,146.8114013671875,0.1520233154296875
s_bird_137,resnet50_tl_20250829,8,4,32,20,36.0,24.0,146.9634246826172,146.75067138671875,0.2127532958984375
s_bird_137,resnet50_tl_20250829,8,4,32,24,36.0,28.0,146.9634246826172,146.77427673339844,0.18914794921875
s_bird_137,resnet50_tl_20250829,8,4,32,28,36.0,32.0,146.9634246826172,146.76197814941406,0.201446533203125
s_bird_137,resnet50_tl_20250829,8,4,32,32,36.0,36.0,146.9634246826172,146.84617614746094,0.11724853515625
s_bird_137,resnet50_tl_20250829,8,4,32,36,36.0,40.0,146.9634246826172,146.88385009765625,0.0795745849609375
s_bird_137,resnet50_tl_20250829,8,4,32,40,36.0,44.0,146.9634246826172,146.69369506835938,0.2697296142578125
s_bird_137,resnet50_tl_20250829,8,4,32,44,36.0,48.0,146.9634246826172,146.50791931152344,0.45550537109375
s_bird_137,resnet50_tl_20250829,8,4,32,48,36.0,52.0,146.9634246826172,146.5182647705078,0.445159912109375
s_bird_137,resnet50_tl_20250829,8,4,32,52,36.0,56.0,146.9634246826172,146.76539611816406,0.198028564453125
s_bird_137,resnet50_tl_20250829,8,4,32,56,36.0,60.0,146.9634246826172,146.8700714111328,0.093353271484375
s_bird_137,resnet50_tl_20250829,8,4,32,60,36.0,64.0,146.9634246826172,146.4790496826172,0.484375
s_bird_137,resnet50_tl_20250829,8,4,32,64,36.0,68.0,146.9634246826172,146.44419860839844,0.51922607421875
s_bird_137,resnet50_tl_20250829,8,4,32,68,36.0,72.0,146.9634246826172,146.65505981445312,0.3083648681640625
s_bird_137,resnet50_tl_20250829,8,4,32,72,36.0,76.0,146.9634246826172,146.7587127685547,0.2047119140625
s_bird_137,resnet50_tl_20250829,8,4,32,76,36.0,80.0,146.9634246826172,146.48402404785156,0.479400634765625
s_bird_137,resnet50_tl_20250829,8,4,32,80,36.0,84.0,146.9634246826172,146.5155029296875,0.4479217529296875
s_bird_137,resnet50_tl_20250829,8,4,32,84,36.0,88.0,146.9634246826172,146.6473388671875,0.3160858154296875
s_bird_137,resnet50_tl_20250829,8,4,32,88,36.0,92.0,146.9634246826172,146.78871154785156,0.174713134765625
s_bird_137,resnet50_tl_20250829,8,4,32,92,36.0,96.0,146.9634246826172,146.50047302246094,0.46295166015625
s_bird_137,resnet50_tl_20250829,8,4,32,96,36.0,100.0,146.9634246826172,146.56312561035156,0.400299072265625
s_bird_137,resnet50_tl_20250829,8,4,32,100,36.0,104.0,146.9634246826172,146.6980743408203,0.265350341796875
s_bird_137,resnet50_tl_20250829,8,4,32,104,36.0,108.0,146.9634246826172,146.81369018554688,0.1497344970703125
s_bird_137,resnet50_tl_20250829,8,4,32,108,36.0,112.0,146.9634246826172,146.6439208984375,0.3195037841796875
s_bird_137,resnet50_tl_20250829,8,4,32,112,36.0,116.0,146.9634246826172,146.6896514892578,0.273773193359375
s_bird_137,resnet50_tl_20250829,8,4,32,116,36.0,120.0,146.9634246826172,146.77896118164062,0.1844635009765625
s_bird_137,resnet50_tl_20250829,8,4,32,120,36.0,124.0,146.9634246826172,146.8755645751953,0.087860107421875
s_bird_137,resnet50_tl_20250829,8,4,32,124,36.0,128.0,146.9634246826172,146.68692016601562,0.2765045166015625
s_bird_137,resnet50_tl_20250829,8,4,32,128,36.0,132.0,146.9634246826172,146.7325439453125,0.2308807373046875
s_bird_137,resnet50_tl_20250829,8,4,32,132,36.0,136.0,146.9634246826172,146.84860229492188,0.1148223876953125
s_bird_137,resnet50_tl_20250829,8,4,32,136,36.0,140.0,146.9634246826172,146.904541015625,0.0588836669921875
s_bird_137,resnet50_tl_20250829,8,4,32,140,36.0,144.0,146.9634246826172,146.7390594482422,0.224365234375
s_bird_137,resnet50_tl_20250829,8,4,32,144,36.0,148.0,146.9634246826172,146.76255798339844,0.20086669921875
s_bird_137,resnet50_tl_20250829,8,4,32,148,36.0,152.0,146.9634246826172,146.86949157714844,0.09393310546875
s_bird_137,resnet50_tl_20250829,8,4,32,152,36.0,156.0,146.9634246826172,146.94065856933594,0.02276611328125
s_bird_137,resnet50_tl_20250829,8,4,32,156,36.0,160.0,146.9634246826172,146.71238708496094,0.25103759765625
s_bird_137,resnet50_tl_20250829,8,4,32,160,36.0,164.0,146.9634246826172,146.7344512939453,0.228973388671875
s_bird_137,resnet50_tl_20250829,8,4,32,164,36.0,168.0,146.9634246826172,146.8720245361328,0.091400146484375
s_bird_137,resnet50_tl_20250829,8,4,32,168,36.0,172.0,146.9634246826172,146.93141174316406,0.032012939453125
s_bird_137,resnet50_tl_20250829,8,4,32,172,36.0,176.0,146.9634246826172,146.73484802246094,0.22857666015625
s_bird_137,resnet50_tl_20250829,8,4,32,176,36.0,180.0,146.9634246826172,146.7465057373047,0.2169189453125
s_bird_137,resnet50_tl_20250829,8,4,32,180,36.0,184.0,146.9634246826172,146.86239624023438,0.1010284423828125
s_bird_137,resnet50_tl_20250829,8,4,32,184,36.0,188.0,146.9634246826172,146.9584503173828,0.004974365234375
s_bird_137,resnet50_tl_20250829,8,4,32,188,36.0,192.0,146.9634246826172,146.7354278564453,0.227996826171875
s_bird_137,resnet50_tl_20250829,8,4,32,192,36.0,196.0,146.9634246826172,146.77316284179688,0.1902618408203125
s_bird_137,resnet50_tl_20250829,8,4,32,196,36.0,200.0,146.9634246826172,146.85496520996094,0.10845947265625
s_bird_137,resnet50_tl_20250829,8,4,32,200,36.0,204.0,146.9634246826172,146.94969177246094,0.01373291015625
s_bird_137,resnet50_tl_20250829,8,4,32,204,36.0,208.0,146.9634246826172,146.8489532470703,0.114471435546875
s_bird_137,resnet50_tl_20250829,8,4,32,208,36.0,212.0,146.9634246826172,146.851318359375,0.1121063232421875
s_bird_137,resnet50_tl_20250829,8,4,32,212,36.0,216.0,146.9634246826172,146.86146545410156,0.101959228515625
s_bird_137,resnet50_tl_20250829,8,4,32,216,36.0,220.0,146.9634246826172,146.91481018066406,0.048614501953125
s_bird_137,resnet50_tl_20250829,8,4,36,0,40.0,4.0,146.9634246826172,147.03280639648438,-0.0693817138671875
s_bird_137,resnet50_tl_20250829,8,4,36,4,40.0,8.0,146.9634246826172,146.83155822753906,0.131866455078125
s_bird_137,resnet50_tl_20250829,8,4,36,8,40.0,12.0,146.9634246826172,146.74322509765625,0.2201995849609375
s_bird_137,resnet50_tl_20250829,8,4,36,12,40.0,16.0,146.9634246826172,146.76324462890625,0.2001800537109375
s_bird_137,resnet50_tl_20250829,8,4,36,16,40.0,20.0,146.9634246826172,146.74945068359375,0.2139739990234375
s_bird_137,resnet50_tl_20250829,8,4,36,20,40.0,24.0,146.9634246826172,146.64549255371094,0.31793212890625
s_bird_137,resnet50_tl_20250829,8,4,36,24,40.0,28.0,146.9634246826172,146.6747589111328,0.288665771484375
s_bird_137,resnet50_tl_20250829,8,4,36,28,40.0,32.0,146.9634246826172,146.7052459716797,0.2581787109375
s_bird_137,resnet50_tl_20250829,8,4,36,32,40.0,36.0,146.9634246826172,146.76361083984375,0.1998138427734375
s_bird_137,resnet50_tl_20250829,8,4,36,36,40.0,40.0,146.9634246826172,146.81283569335938,0.1505889892578125
s_bird_137,resnet50_tl_20250829,8,4,36,40,40.0,44.0,146.9634246826172,146.8455810546875,0.1178436279296875
s_bird_137,resnet50_tl_20250829,8,4,36,44,40.0,48.0,146.9634246826172,146.89747619628906,0.065948486328125
s_bird_137,resnet50_tl_20250829,8,4,36,48,40.0,52.0,146.9634246826172,146.92276000976562,0.0406646728515625
s_bird_137,resnet50_tl_20250829,8,4,36,52,40.0,56.0,146.9634246826172,147.03848266601562,-0.0750579833984375
s_bird_137,resnet50_tl_20250829,8,4,36,56,40.0,60.0,146.9634246826172,146.96267700195312,0.0007476806640625
s_bird_137,resnet50_tl_20250829,8,4,36,60,40.0,64.0,146.9634246826172,146.89593505859375,0.0674896240234375
s_bird_137,resnet50_tl_20250829,8,4,36,64,40.0,68.0,146.9634246826172,146.7890625,0.1743621826171875
s_bird_137,resnet50_tl_20250829,8,4,36,68,40.0,72.0,146.9634246826172,146.85952758789062,0.1038970947265625
s_bird_137,resnet50_tl_20250829,8,4,36,72,40.0,76.0,146.9634246826172,146.77464294433594,0.18878173828125
s_bird_137,resnet50_tl_20250829,8,4,36,76,40.0,80.0,146.9634246826172,146.82066345214844,0.14276123046875
s_bird_137,resnet50_tl_20250829,8,4,36,80,40.0,84.0,146.9634246826172,146.82565307617188,0.1377716064453125
s_bird_137,resnet50_tl_20250829,8,4,36,84,40.0,88.0,146.9634246826172,146.89114379882812,0.0722808837890625
s_bird_137,resnet50_tl_20250829,8,4,36,88,40.0,92.0,146.9634246826172,146.85107421875,0.1123504638671875
s_bird_137,resnet50_tl_20250829,8,4,36,92,40.0,96.0,146.9634246826172,146.8459014892578,0.117523193359375
s_bird_137,resnet50_tl_20250829,8,4,36,96,40.0,100.0,146.9634246826172,146.86111450195312,0.1023101806640625
s_bird_137,resnet50_tl_20250829,8,4,36,100,40.0,104.0,146.9634246826172,146.88624572753906,0.077178955078125
s_bird_137,resnet50_tl_20250829,8,4,36,104,40.0,108.0,146.9634246826172,146.82933044433594,0.13409423828125
s_bird_137,resnet50_tl_20250829,8,4,36,108,40.0,112.0,146.9634246826172,146.8543701171875,0.1090545654296875
s_bird_137,resnet50_tl_20250829,8,4,36,112,40.0,116.0,146.9634246826172,146.87252807617188,0.0908966064453125
s_bird_137,resnet50_tl_20250829,8,4,36,116,40.0,120.0,146.9634246826172,146.93008422851562,0.0333404541015625
s_bird_137,resnet50_tl_20250829,8,4,36,120,40.0,124.0,146.9634246826172,146.90139770507812,0.0620269775390625
s_bird_137,resnet50_tl_20250829,8,4,36,124,40.0,128.0,146.9634246826172,146.9085235595703,0.054901123046875
s_bird_137,resnet50_tl_20250829,8,4,36,128,40.0,132.0,146.9634246826172,146.93807983398438,0.0253448486328125
s_bird_137,resnet50_tl_20250829,8,4,36,132,40.0,136.0,146.9634246826172,146.9609832763672,0.00244140625
s_bird_137,resnet50_tl_20250829,8,4,36,136,40.0,140.0,146.9634246826172,146.9169464111328,0.046478271484375
s_bird_137,resnet50_tl_20250829,8,4,36,140,40.0,144.0,146.9634246826172,146.94175720214844,0.02166748046875
s_bird_137,resnet50_tl_20250829,8,4,36,144,40.0,148.0,146.9634246826172,146.947265625,0.0161590576171875
s_bird_137,resnet50_tl_20250829,8,4,36,148,40.0,152.0,146.9634246826172,146.99693298339844,-0.03350830078125
s_bird_137,resnet50_tl_20250829,8,4,36,152,40.0,156.0,146.9634246826172,146.96705627441406,-0.003631591796875
s_bird_137,resnet50_tl_20250829,8,4,36,156,40.0,160.0,146.9634246826172,146.98182678222656,-0.018402099609375
s_bird_137,resnet50_tl_20250829,8,4,36,160,40.0,164.0,146.9634246826172,146.9863739013672,-0.02294921875
s_bird_137,resnet50_tl_20250829,8,4,36,164,40.0,168.0,146.9634246826172,146.9918212890625,-0.0283966064453125
s_bird_137,resnet50_tl_20250829,8,4,36,168,40.0,172.0,146.9634246826172,146.96124267578125,0.0021820068359375
s_bird_137,resnet50_tl_20250829,8,4,36,172,40.0,176.0,146.9634246826172,146.99026489257812,-0.0268402099609375
s_bird_137,resnet50_tl_20250829,8,4,36,176,40.0,180.0,146.9634246826172,146.98345947265625,-0.0200347900390625
s_bird_137,resnet50_tl_20250829,8,4,36,180,40.0,184.0,146.9634246826172,146.9838409423828,-0.020416259765625
s_bird_137,resnet50_tl_20250829,8,4,36,184,40.0,188.0,146.9634246826172,146.9857940673828,-0.022369384765625
s_bird_137,resnet50_tl_20250829,8,4,36,188,40.0,192.0,146.9634246826172,146.97897338867188,-0.0155487060546875
s_bird_137,resnet50_tl_20250829,8,4,36,192,40.0,196.0,146.9634246826172,147.0172576904297,-0.0538330078125
s_bird_137,resnet50_tl_20250829,8,4,36,196,40.0,200.0,146.9634246826172,146.94432067871094,0.01910400390625
s_bird_137,resnet50_tl_20250829,8,4,36,200,40.0,204.0,146.9634246826172,146.94833374023438,0.0150909423828125
s_bird_137,resnet50_tl_20250829,8,4,36,204,40.0,208.0,146.9634246826172,146.96803283691406,-0.004608154296875
s_bird_137,resnet50_tl_20250829,8,4,36,208,40.0,212.0,146.9634246826172,147.00390625,-0.0404815673828125
s_bird_137,resnet50_tl_20250829,8,4,36,212,40.0,216.0,146.9634246826172,146.92689514160156,0.036529541015625
s_bird_137,resnet50_tl_20250829,8,4,36,216,40.0,220.0,146.9634246826172,146.90359497070312,0.0598297119140625
s_bird_137,resnet50_tl_20250829,8,4,40,0,44.0,4.0,146.9634246826172,147.00547790527344,-0.04205322265625
s_bird_137,resnet50_tl_20250829,8,4,40,4,44.0,8.0,146.9634246826172,146.91212463378906,0.051300048828125
s_bird_137,resnet50_tl_20250829,8,4,40,8,44.0,12.0,146.9634246826172,146.7839813232422,0.179443359375
s_bird_137,resnet50_tl_20250829,8,4,40,12,44.0,16.0,146.9634246826172,146.79904174804688,0.1643829345703125
s_bird_137,resnet50_tl_20250829,8,4,40,16,44.0,20.0,146.9634246826172,146.79632568359375,0.1670989990234375
s_bird_137,resnet50_tl_20250829,8,4,40,20,44.0,24.0,146.9634246826172,146.7703857421875,0.1930389404296875
s_bird_137,resnet50_tl_20250829,8,4,40,24,44.0,28.0,146.9634246826172,146.5869598388672,0.37646484375
s_bird_137,resnet50_tl_20250829,8,4,40,28,44.0,32.0,146.9634246826172,146.62591552734375,0.3375091552734375
s_bird_137,resnet50_tl_20250829,8,4,40,32,44.0,36.0,146.9634246826172,146.64501953125,0.3184051513671875
s_bird_137,resnet50_tl_20250829,8,4,40,36,44.0,40.0,146.9634246826172,146.7583770751953,0.205047607421875
s_bird_137,resnet50_tl_20250829,8,4,40,40,44.0,44.0,146.9634246826172,146.78787231445312,0.1755523681640625
s_bird_137,resnet50_tl_20250829,8,4,40,44,44.0,48.0,146.9634246826172,146.62120056152344,0.34222412109375
s_bird_137,resnet50_tl_20250829,8,4,40,48,44.0,52.0,146.9634246826172,146.65892028808594,0.30450439453125
s_bird_137,resnet50_tl_20250829,8,4,40,52,44.0,56.0,146.9634246826172,146.7679443359375,0.1954803466796875
s_bird_137,resnet50_tl_20250829,8,4,40,56,44.0,60.0,146.9634246826172,146.8411102294922,0.122314453125
s_bird_137,resnet50_tl_20250829,8,4,40,60,44.0,64.0,146.9634246826172,146.62936401367188,0.3340606689453125
s_bird_137,resnet50_tl_20250829,8,4,40,64,44.0,68.0,146.9634246826172,146.5474853515625,0.4159393310546875
s_bird_137,resnet50_tl_20250829,8,4,40,68,44.0,72.0,146.9634246826172,146.63455200195312,0.3288726806640625
s_bird_137,resnet50_tl_20250829,8,4,40,72,44.0,76.0,146.9634246826172,146.71951293945312,0.2439117431640625
s_bird_137,resnet50_tl_20250829,8,4,40,76,44.0,80.0,146.9634246826172,146.6023406982422,0.361083984375
s_bird_137,resnet50_tl_20250829,8,4,40,80,44.0,84.0,146.9634246826172,146.64805603027344,0.31536865234375
s_bird_137,resnet50_tl_20250829,8,4,40,84,44.0,88.0,146.9634246826172,146.69125366210938,0.2721710205078125
s_bird_137,resnet50_tl_20250829,8,4,40,88,44.0,92.0,146.9634246826172,146.80140686035156,0.162017822265625
s_bird_137,resnet50_tl_20250829,8,4,40,92,44.0,96.0,146.9634246826172,146.6748046875,0.2886199951171875
s_bird_137,resnet50_tl_20250829,8,4,40,96,44.0,100.0,146.9634246826172,146.70152282714844,0.26190185546875
s_bird_137,resnet50_tl_20250829,8,4,40,100,44.0,104.0,146.9634246826172,146.69444274902344,0.26898193359375
s_bird_137,resnet50_tl_20250829,8,4,40,104,44.0,108.0,146.9634246826172,146.81332397460938,0.1501007080078125
s_bird_137,resnet50_tl_20250829,8,4,40,108,44.0,112.0,146.9634246826172,146.71910095214844,0.24432373046875
s_bird_137,resnet50_tl_20250829,8,4,40,112,44.0,116.0,146.9634246826172,146.7667999267578,0.196624755859375
s_bird_137,resnet50_tl_20250829,8,4,40,116,44.0,120.0,146.9634246826172,146.78414916992188,0.1792755126953125
s_bird_137,resnet50_tl_20250829,8,4,40,120,44.0,124.0,146.9634246826172,146.88050842285156,0.082916259765625
s_bird_137,resnet50_tl_20250829,8,4,40,124,44.0,128.0,146.9634246826172,146.80152893066406,0.161895751953125
s_bird_137,resnet50_tl_20250829,8,4,40,128,44.0,132.0,146.9634246826172,146.84524536132812,0.1181793212890625
s_bird_137,resnet50_tl_20250829,8,4,40,132,44.0,136.0,146.9634246826172,146.8456573486328,0.117767333984375
s_bird_137,resnet50_tl_20250829,8,4,40,136,44.0,140.0,146.9634246826172,146.90176391601562,0.0616607666015625
s_bird_137,resnet50_tl_20250829,8,4,40,140,44.0,144.0,146.9634246826172,146.84388732910156,0.119537353515625
s_bird_137,resnet50_tl_20250829,8,4,40,144,44.0,148.0,146.9634246826172,146.8651123046875,0.0983123779296875
s_bird_137,resnet50_tl_20250829,8,4,40,148,44.0,152.0,146.9634246826172,146.88470458984375,0.0787200927734375
s_bird_137,resnet50_tl_20250829,8,4,40,152,44.0,156.0,146.9634246826172,146.94529724121094,0.01812744140625
s_bird_137,resnet50_tl_20250829,8,4,40,156,44.0,160.0,146.9634246826172,146.88629150390625,0.0771331787109375
s_bird_137,resnet50_tl_20250829,8,4,40,160,44.0,164.0,146.9634246826172,146.9016571044922,0.061767578125
s_bird_137,resnet50_tl_20250829,8,4,40,164,44.0,168.0,146.9634246826172,146.8927459716797,0.0706787109375
s_bird_137,resnet50_tl_20250829,8,4,40,168,44.0,172.0,146.9634246826172,146.94744873046875,0.0159759521484375
s_bird_137,resnet50_tl_20250829,8,4,40,172,44.0,176.0,146.9634246826172,146.9112548828125,0.0521697998046875
s_bird_137,resnet50_tl_20250829,8,4,40,176,44.0,180.0,146.9634246826172,146.92959594726562,0.0338287353515625
s_bird_137,resnet50_tl_20250829,8,4,40,180,44.0,184.0,146.9634246826172,146.90452575683594,0.05889892578125
s_bird_137,resnet50_tl_20250829,8,4,40,184,44.0,188.0,146.9634246826172,146.98312377929688,-0.0196990966796875
s_bird_137,resnet50_tl_20250829,8,4,40,188,44.0,192.0,146.9634246826172,146.96957397460938,-0.0061492919921875
s_bird_137,resnet50_tl_20250829,8,4,40,192,44.0,196.0,146.9634246826172,146.99757385253906,-0.034149169921875
s_bird_137,resnet50_tl_20250829,8,4,40,196,44.0,200.0,146.9634246826172,146.92747497558594,0.03594970703125
s_bird_137,resnet50_tl_20250829,8,4,40,200,44.0,204.0,146.9634246826172,146.93820190429688,0.0252227783203125
s_bird_137,resnet50_tl_20250829,8,4,40,204,44.0,208.0,146.9634246826172,146.95115661621094,0.01226806640625
s_bird_137,resnet50_tl_20250829,8,4,40,208,44.0,212.0,146.9634246826172,146.96356201171875,-0.0001373291015625
s_bird_137,resnet50_tl_20250829,8,4,40,212,44.0,216.0,146.9634246826172,146.91229248046875,0.0511322021484375
s_bird_137,resnet50_tl_20250829,8,4,40,216,44.0,220.0,146.9634246826172,146.91908264160156,0.044342041015625
s_bird_137,resnet50_tl_20250829,8,4,44,0,48.0,4.0,146.9634246826172,146.74868774414062,0.2147369384765625
s_bird_137,resnet50_tl_20250829,8,4,44,4,48.0,8.0,146.9634246826172,146.9048614501953,0.058563232421875
s_bird_137,resnet50_tl_20250829,8,4,44,8,48.0,12.0,146.9634246826172,146.84774780273438,0.1156768798828125
s_bird_137,resnet50_tl_20250829,8,4,44,12,48.0,16.0,146.9634246826172,146.8483123779297,0.1151123046875
s_bird_137,resnet50_tl_20250829,8,4,44,16,48.0,20.0,146.9634246826172,146.8469696044922,0.116455078125
s_bird_137,resnet50_tl_20250829,8,4,44,20,48.0,24.0,146.9634246826172,146.80079650878906,0.162628173828125
s_bird_137,resnet50_tl_20250829,8,4,44,24,48.0,28.0,146.9634246826172,146.6444091796875,0.3190155029296875
s_bird_137,resnet50_tl_20250829,8,4,44,28,48.0,32.0,146.9634246826172,146.5742950439453,0.389129638671875
s_bird_137,resnet50_tl_20250829,8,4,44,32,48.0,36.0,146.9634246826172,146.5449676513672,0.41845703125
s_bird_137,resnet50_tl_20250829,8,4,44,36,48.0,40.0,146.9634246826172,146.76780700683594,0.19561767578125
s_bird_137,resnet50_tl_20250829,8,4,44,40,48.0,44.0,146.9634246826172,146.7619171142578,0.201507568359375
s_bird_137,resnet50_tl_20250829,8,4,44,44,48.0,48.0,146.9634246826172,146.37200927734375,0.5914154052734375
s_bird_137,resnet50_tl_20250829,8,4,44,48,48.0,52.0,146.9634246826172,146.4816436767578,0.481781005859375
s_bird_137,resnet50_tl_20250829,8,4,44,52,48.0,56.0,146.9634246826172,146.8874053955078,0.076019287109375
s_bird_137,resnet50_tl_20250829,8,4,44,56,48.0,60.0,146.9634246826172,146.87716674804688,0.0862579345703125
s_bird_137,resnet50_tl_20250829,8,4,44,60,48.0,64.0,146.9634246826172,146.45184326171875,0.5115814208984375
s_bird_137,resnet50_tl_20250829,8,4,44,64,48.0,68.0,146.9634246826172,146.3279266357422,0.635498046875
s_bird_137,resnet50_tl_20250829,8,4,44,68,48.0,72.0,146.9634246826172,146.62600708007812,0.3374176025390625
s_bird_137,resnet50_tl_20250829,8,4,44,72,48.0,76.0,146.9634246826172,146.73355102539062,0.2298736572265625
s_bird_137,resnet50_tl_20250829,8,4,44,76,48.0,80.0,146.9634246826172,146.467041015625,0.4963836669921875
s_bird_137,resnet50_tl_20250829,8,4,44,80,48.0,84.0,146.9634246826172,146.48472595214844,0.47869873046875
s_bird_137,resnet50_tl_20250829,8,4,44,84,48.0,88.0,146.9634246826172,146.71560668945312,0.2478179931640625
s_bird_137,resnet50_tl_20250829,8,4,44,88,48.0,92.0,146.9634246826172,146.8527374267578,0.110687255859375
s_bird_137,resnet50_tl_20250829,8,4,44,92,48.0,96.0,146.9634246826172,146.5931854248047,0.3702392578125
s_bird_137,resnet50_tl_20250829,8,4,44,96,48.0,100.0,146.9634246826172,146.6242218017578,0.339202880859375
s_bird_137,resnet50_tl_20250829,8,4,44,100,48.0,104.0,146.9634246826172,146.7526092529297,0.2108154296875
s_bird_137,resnet50_tl_20250829,8,4,44,104,48.0,108.0,146.9634246826172,146.87680053710938,0.0866241455078125
s_bird_137,resnet50_tl_20250829,8,4,44,108,48.0,112.0,146.9634246826172,146.69320678710938,0.2702178955078125
s_bird_137,resnet50_tl_20250829,8,4,44,112,48.0,116.0,146.9634246826172,146.6937713623047,0.2696533203125
s_bird_137,resnet50_tl_20250829,8,4,44,116,48.0,120.0,146.9634246826172,146.8479461669922,0.115478515625
s_bird_137,resnet50_tl_20250829,8,4,44,120,48.0,124.0,146.9634246826172,146.92648315429688,0.0369415283203125
s_bird_137,resnet50_tl_20250829,8,4,44,124,48.0,128.0,146.9634246826172,146.75222778320312,0.2111968994140625
s_bird_137,resnet50_tl_20250829,8,4,44,128,48.0,132.0,146.9634246826172,146.7851104736328,0.178314208984375
s_bird_137,resnet50_tl_20250829,8,4,44,132,48.0,136.0,146.9634246826172,146.88986206054688,0.0735626220703125
s_bird_137,resnet50_tl_20250829,8,4,44,136,48.0,140.0,146.9634246826172,146.93380737304688,0.0296173095703125
s_bird_137,resnet50_tl_20250829,8,4,44,140,48.0,144.0,146.9634246826172,146.80690002441406,0.156524658203125
s_bird_137,resnet50_tl_20250829,8,4,44,144,48.0,148.0,146.9634246826172,146.7939453125,0.1694793701171875
s_bird_137,resnet50_tl_20250829,8,4,44,148,48.0,152.0,146.9634246826172,146.95159912109375,0.0118255615234375
s_bird_137,resnet50_tl_20250829,8,4,44,152,48.0,156.0,146.9634246826172,146.99212646484375,-0.0287017822265625
s_bird_137,resnet50_tl_20250829,8,4,44,156,48.0,160.0,146.9634246826172,146.8253173828125,0.1381072998046875
s_bird_137,resnet50_tl_20250829,8,4,44,160,48.0,164.0,146.9634246826172,146.83148193359375,0.1319427490234375
s_bird_137,resnet50_tl_20250829,8,4,44,164,48.0,168.0,146.9634246826172,146.93951416015625,0.0239105224609375
s_bird_137,resnet50_tl_20250829,8,4,44,168,48.0,172.0,146.9634246826172,146.98672485351562,-0.0233001708984375
s_bird_137,resnet50_tl_20250829,8,4,44,172,48.0,176.0,146.9634246826172,146.8535614013672,0.10986328125
s_bird_137,resnet50_tl_20250829,8,4,44,176,48.0,180.0,146.9634246826172,146.8372344970703,0.126190185546875
s_bird_137,resnet50_tl_20250829,8,4,44,180,48.0,184.0,146.9634246826172,146.94345092773438,0.0199737548828125
s_bird_137,resnet50_tl_20250829,8,4,44,184,48.0,188.0,146.9634246826172,147.01722717285156,-0.053802490234375
s_bird_137,resnet50_tl_20250829,8,4,44,188,48.0,192.0,146.9634246826172,146.91616821289062,0.0472564697265625
s_bird_137,resnet50_tl_20250829,8,4,44,192,48.0,196.0,146.9634246826172,146.94448852539062,0.0189361572265625
s_bird_137,resnet50_tl_20250829,8,4,44,196,48.0,200.0,146.9634246826172,146.89418029785156,0.069244384765625
s_bird_137,resnet50_tl_20250829,8,4,44,200,48.0,204.0,146.9634246826172,146.95333862304688,0.0100860595703125
s_bird_137,resnet50_tl_20250829,8,4,44,204,48.0,208.0,146.9634246826172,146.8700408935547,0.0933837890625
s_bird_137,resnet50_tl_20250829,8,4,44,208,48.0,212.0,146.9634246826172,146.8760223388672,0.08740234375
s_bird_137,resnet50_tl_20250829,8,4,44,212,48.0,216.0,146.9634246826172,146.88430786132812,0.0791168212890625
s_bird_137,resnet50_tl_20250829,8,4,44,216,48.0,220.0,146.9634246826172,146.9178466796875,0.0455780029296875
s_bird_137,resnet50_tl_20250829,8,4,48,0,52.0,4.0,146.9634246826172,146.78778076171875,0.1756439208984375
s_bird_137,resnet50_tl_20250829,8,4,48,4,52.0,8.0,146.9634246826172,146.8181915283203,0.145233154296875
s_bird_137,resnet50_tl_20250829,8,4,48,8,52.0,12.0,146.9634246826172,146.6996307373047,0.2637939453125
s_bird_137,resnet50_tl_20250829,8,4,48,12,52.0,16.0,146.9634246826172,146.7818145751953,0.181610107421875
s_bird_137,resnet50_tl_20250829,8,4,48,16,52.0,20.0,146.9634246826172,146.84254455566406,0.120880126953125
s_bird_137,resnet50_tl_20250829,8,4,48,20,52.0,24.0,146.9634246826172,146.82749938964844,0.13592529296875
s_bird_137,resnet50_tl_20250829,8,4,48,24,52.0,28.0,146.9634246826172,146.70555114746094,0.25787353515625
s_bird_137,resnet50_tl_20250829,8,4,48,28,52.0,32.0,146.9634246826172,146.57965087890625,0.3837738037109375
s_bird_137,resnet50_tl_20250829,8,4,48,32,52.0,36.0,146.9634246826172,146.5800018310547,0.3834228515625
s_bird_137,resnet50_tl_20250829,8,4,48,36,52.0,40.0,146.9634246826172,146.79466247558594,0.16876220703125
s_bird_137,resnet50_tl_20250829,8,4,48,40,52.0,44.0,146.9634246826172,146.67007446289062,0.2933502197265625
s_bird_137,resnet50_tl_20250829,8,4,48,44,52.0,48.0,146.9634246826172,146.40533447265625,0.5580902099609375
s_bird_137,resnet50_tl_20250829,8,4,48,48,52.0,52.0,146.9634246826172,146.4890594482422,0.474365234375
s_bird_137,resnet50_tl_20250829,8,4,48,52,52.0,56.0,146.9634246826172,146.77584838867188,0.1875762939453125
s_bird_137,resnet50_tl_20250829,8,4,48,56,52.0,60.0,146.9634246826172,146.84579467773438,0.1176300048828125
s_bird_137,resnet50_tl_20250829,8,4,48,60,52.0,64.0,146.9634246826172,146.4730682373047,0.4903564453125
s_bird_137,resnet50_tl_20250829,8,4,48,64,52.0,68.0,146.9634246826172,146.4442138671875,0.5192108154296875
s_bird_137,resnet50_tl_20250829,8,4,48,68,52.0,72.0,146.9634246826172,146.58177185058594,0.38165283203125
s_bird_137,resnet50_tl_20250829,8,4,48,72,52.0,76.0,146.9634246826172,146.7515411376953,0.211883544921875
s_bird_137,resnet50_tl_20250829,8,4,48,76,52.0,80.0,146.9634246826172,146.41964721679688,0.5437774658203125
s_bird_137,resnet50_tl_20250829,8,4,48,80,52.0,84.0,146.9634246826172,146.53045654296875,0.4329681396484375
s_bird_137,resnet50_tl_20250829,8,4,48,84,52.0,88.0,146.9634246826172,146.70965576171875,0.2537689208984375
s_bird_137,resnet50_tl_20250829,8,4,48,88,52.0,92.0,146.9634246826172,146.85971069335938,0.1037139892578125
s_bird_137,resnet50_tl_20250829,8,4,48,92,52.0,96.0,146.9634246826172,146.61248779296875,0.3509368896484375
s_bird_137,resnet50_tl_20250829,8,4,48,96,52.0,100.0,146.9634246826172,146.67111206054688,0.2923126220703125
s_bird_137,resnet50_tl_20250829,8,4,48,100,52.0,104.0,146.9634246826172,146.75135803222656,0.212066650390625
s_bird_137,resnet50_tl_20250829,8,4,48,104,52.0,108.0,146.9634246826172,146.87814331054688,0.0852813720703125
s_bird_137,resnet50_tl_20250829,8,4,48,108,52.0,112.0,146.9634246826172,146.6727294921875,0.2906951904296875
s_bird_137,resnet50_tl_20250829,8,4,48,112,52.0,116.0,146.9634246826172,146.73898315429688,0.2244415283203125
s_bird_137,resnet50_tl_20250829,8,4,48,116,52.0,120.0,146.9634246826172,146.8148651123047,0.1485595703125
s_bird_137,resnet50_tl_20250829,8,4,48,120,52.0,124.0,146.9634246826172,146.90838623046875,0.0550384521484375
s_bird_137,resnet50_tl_20250829,8,4,48,124,52.0,128.0,146.9634246826172,146.74513244628906,0.218292236328125
s_bird_137,resnet50_tl_20250829,8,4,48,128,52.0,132.0,146.9634246826172,146.8079833984375,0.1554412841796875
s_bird_137,resnet50_tl_20250829,8,4,48,132,52.0,136.0,146.9634246826172,146.8609161376953,0.102508544921875
s_bird_137,resnet50_tl_20250829,8,4,48,136,52.0,140.0,146.9634246826172,146.93585205078125,0.0275726318359375
s_bird_137,resnet50_tl_20250829,8,4,48,140,52.0,144.0,146.9634246826172,146.8020477294922,0.161376953125
s_bird_137,resnet50_tl_20250829,8,4,48,144,52.0,148.0,146.9634246826172,146.8223114013672,0.14111328125
s_bird_137,resnet50_tl_20250829,8,4,48,148,52.0,152.0,146.9634246826172,146.90199279785156,0.061431884765625
s_bird_137,resnet50_tl_20250829,8,4,48,152,52.0,156.0,146.9634246826172,146.9727783203125,-0.0093536376953125
s_bird_137,resnet50_tl_20250829,8,4,48,156,52.0,160.0,146.9634246826172,146.82723999023438,0.1361846923828125
s_bird_137,resnet50_tl_20250829,8,4,48,160,52.0,164.0,146.9634246826172,146.85708618164062,0.1063385009765625
s_bird_137,resnet50_tl_20250829,8,4,48,164,52.0,168.0,146.9634246826172,146.9140625,0.0493621826171875
s_bird_137,resnet50_tl_20250829,8,4,48,168,52.0,172.0,146.9634246826172,146.98428344726562,-0.0208587646484375
s_bird_137,resnet50_tl_20250829,8,4,48,172,52.0,176.0,146.9634246826172,146.8645782470703,0.098846435546875
s_bird_137,resnet50_tl_20250829,8,4,48,176,52.0,180.0,146.9634246826172,146.8739471435547,0.0894775390625
s_bird_137,resnet50_tl_20250829,8,4,48,180,52.0,184.0,146.9634246826172,146.92752075195312,0.0359039306640625
s_bird_137,resnet50_tl_20250829,8,4,48,184,52.0,188.0,146.9634246826172,147.00567626953125,-0.0422515869140625
s_bird_137,resnet50_tl_20250829,8,4,48,188,52.0,192.0,146.9634246826172,146.93841552734375,0.0250091552734375
s_bird_137,resnet50_tl_20250829,8,4,48,192,52.0,196.0,146.9634246826172,146.96238708496094,0.00103759765625
s_bird_137,resnet50_tl_20250829,8,4,48,196,52.0,200.0,146.9634246826172,146.9403076171875,0.0231170654296875
s_bird_137,resnet50_tl_20250829,8,4,48,200,52.0,204.0,146.9634246826172,146.9623260498047,0.0010986328125
s_bird_137,resnet50_tl_20250829,8,4,48,204,52.0,208.0,146.9634246826172,146.90682983398438,0.0565948486328125
s_bird_137,resnet50_tl_20250829,8,4,48,208,52.0,212.0,146.9634246826172,146.89642333984375,0.0670013427734375
s_bird_137,resnet50_tl_20250829,8,4,48,212,52.0,216.0,146.9634246826172,146.89419555664062,0.0692291259765625
s_bird_137,resnet50_tl_20250829,8,4,48,216,52.0,220.0,146.9634246826172,146.93421936035156,0.029205322265625
s_bird_137,resnet50_tl_20250829,8,4,52,0,56.0,4.0,146.9634246826172,146.90211486816406,0.061309814453125
s_bird_137,resnet50_tl_20250829,8,4,52,4,56.0,8.0,146.9634246826172,146.85079956054688,0.1126251220703125
s_bird_137,resnet50_tl_20250829,8,4,52,8,56.0,12.0,146.9634246826172,146.7390899658203,0.224334716796875
s_bird_137,resnet50_tl_20250829,8,4,52,12,56.0,16.0,146.9634246826172,146.79527282714844,0.16815185546875
s_bird_137,resnet50_tl_20250829,8,4,52,16,56.0,20.0,146.9634246826172,146.799072265625,0.1643524169921875
s_bird_137,resnet50_tl_20250829,8,4,52,20,56.0,24.0,146.9634246826172,146.7604522705078,0.202972412109375
s_bird_137,resnet50_tl_20250829,8,4,52,24,56.0,28.0,146.9634246826172,146.6825408935547,0.2808837890625
s_bird_137,resnet50_tl_20250829,8,4,52,28,56.0,32.0,146.9634246826172,146.6569366455078,0.306488037109375
s_bird_137,resnet50_tl_20250829,8,4,52,32,56.0,36.0,146.9634246826172,146.6482696533203,0.315155029296875
s_bird_137,resnet50_tl_20250829,8,4,52,36,56.0,40.0,146.9634246826172,146.6229705810547,0.3404541015625
s_bird_137,resnet50_tl_20250829,8,4,52,40,56.0,44.0,146.9634246826172,146.74693298339844,0.21649169921875
s_bird_137,resnet50_tl_20250829,8,4,52,44,56.0,48.0,146.9634246826172,146.79458618164062,0.1688385009765625
s_bird_137,resnet50_tl_20250829,8,4,52,48,56.0,52.0,146.9634246826172,146.72769165039062,0.2357330322265625
s_bird_137,resnet50_tl_20250829,8,4,52,52,56.0,56.0,146.9634246826172,146.8792266845703,0.084197998046875
s_bird_137,resnet50_tl_20250829,8,4,52,56,56.0,60.0,146.9634246826172,146.8774871826172,0.0859375
s_bird_137,resnet50_tl_20250829,8,4,52,60,56.0,64.0,146.9634246826172,146.91510009765625,0.0483245849609375
s_bird_137,resnet50_tl_20250829,8,4,52,64,56.0,68.0,146.9634246826172,146.8467254638672,0.11669921875
s_bird_137,resnet50_tl_20250829,8,4,52,68,56.0,72.0,146.9634246826172,146.76382446289062,0.1996002197265625
s_bird_137,resnet50_tl_20250829,8,4,52,72,56.0,76.0,146.9634246826172,146.69900512695312,0.2644195556640625
s_bird_137,resnet50_tl_20250829,8,4,52,76,56.0,80.0,146.9634246826172,146.67007446289062,0.2933502197265625
s_bird_137,resnet50_tl_20250829,8,4,52,80,56.0,84.0,146.9634246826172,146.77963256835938,0.1837921142578125
s_bird_137,resnet50_tl_20250829,8,4,52,84,56.0,88.0,146.9634246826172,146.7625732421875,0.2008514404296875
s_bird_137,resnet50_tl_20250829,8,4,52,88,56.0,92.0,146.9634246826172,146.76809692382812,0.1953277587890625
s_bird_137,resnet50_tl_20250829,8,4,52,92,56.0,96.0,146.9634246826172,146.84225463867188,0.1211700439453125
s_bird_137,resnet50_tl_20250829,8,4,52,96,56.0,100.0,146.9634246826172,146.90992736816406,0.053497314453125
s_bird_137,resnet50_tl_20250829,8,4,52,100,56.0,104.0,146.9634246826172,146.89727783203125,0.0661468505859375
s_bird_137,resnet50_tl_20250829,8,4,52,104,56.0,108.0,146.9634246826172,146.87265014648438,0.0907745361328125
s_bird_137,resnet50_tl_20250829,8,4,52,108,56.0,112.0,146.9634246826172,146.8874969482422,0.075927734375
s_bird_137,resnet50_tl_20250829,8,4,52,112,56.0,116.0,146.9634246826172,146.9512939453125,0.0121307373046875
s_bird_137,resnet50_tl_20250829,8,4,52,116,56.0,120.0,146.9634246826172,146.9397430419922,0.023681640625
s_bird_137,resnet50_tl_20250829,8,4,52,120,56.0,124.0,146.9634246826172,146.92520141601562,0.0382232666015625
s_bird_137,resnet50_tl_20250829,8,4,52,124,56.0,128.0,146.9634246826172,146.90130615234375,0.0621185302734375
s_bird_137,resnet50_tl_20250829,8,4,52,128,56.0,132.0,146.9634246826172,146.96786499023438,-0.0044403076171875
s_bird_137,resnet50_tl_20250829,8,4,52,132,56.0,136.0,146.9634246826172,146.9529571533203,0.010467529296875
s_bird_137,resnet50_tl_20250829,8,4,52,136,56.0,140.0,146.9634246826172,146.94308471679688,0.0203399658203125
s_bird_137,resnet50_tl_20250829,8,4,52,140,56.0,144.0,146.9634246826172,146.96141052246094,0.00201416015625
s_bird_137,resnet50_tl_20250829,8,4,52,144,56.0,148.0,146.9634246826172,146.99575805664062,-0.0323333740234375
s_bird_137,resnet50_tl_20250829,8,4,52,148,56.0,152.0,146.9634246826172,147.0082550048828,-0.044830322265625
s_bird_137,resnet50_tl_20250829,8,4,52,152,56.0,156.0,146.9634246826172,146.99539184570312,-0.0319671630859375
s_bird_137,resnet50_tl_20250829,8,4,52,156,56.0,160.0,146.9634246826172,147.0046844482422,-0.041259765625
s_bird_137,resnet50_tl_20250829,8,4,52,160,56.0,164.0,146.9634246826172,147.042236328125,-0.0788116455078125
s_bird_137,resnet50_tl_20250829,8,4,52,164,56.0,168.0,146.9634246826172,147.02291870117188,-0.0594940185546875
s_bird_137,resnet50_tl_20250829,8,4,52,168,56.0,172.0,146.9634246826172,147.01731872558594,-0.05389404296875
s_bird_137,resnet50_tl_20250829,8,4,52,172,56.0,176.0,146.9634246826172,147.04434204101562,-0.0809173583984375
s_bird_137,resnet50_tl_20250829,8,4,52,176,56.0,180.0,146.9634246826172,147.0703887939453,-0.106964111328125
s_bird_137,resnet50_tl_20250829,8,4,52,180,56.0,184.0,146.9634246826172,147.02621459960938,-0.0627899169921875
s_bird_137,resnet50_tl_20250829,8,4,52,184,56.0,188.0,146.9634246826172,147.04112243652344,-0.07769775390625
s_bird_137,resnet50_tl_20250829,8,4,52,188,56.0,192.0,146.9634246826172,147.04443359375,-0.0810089111328125
s_bird_137,resnet50_tl_20250829,8,4,52,192,56.0,196.0,146.9634246826172,147.0793914794922,-0.115966796875
s_bird_137,resnet50_tl_20250829,8,4,52,196,56.0,200.0,146.9634246826172,146.9829559326172,-0.01953125
s_bird_137,resnet50_tl_20250829,8,4,52,200,56.0,204.0,146.9634246826172,146.97125244140625,-0.0078277587890625
s_bird_137,resnet50_tl_20250829,8,4,52,204,56.0,208.0,146.9634246826172,146.96388244628906,-0.000457763671875
s_bird_137,resnet50_tl_20250829,8,4,52,208,56.0,212.0,146.9634246826172,147.0028839111328,-0.039459228515625
s_bird_137,resnet50_tl_20250829,8,4,52,212,56.0,216.0,146.9634246826172,146.95172119140625,0.0117034912109375
s_bird_137,resnet50_tl_20250829,8,4,52,216,56.0,220.0,146.9634246826172,146.93695068359375,0.0264739990234375
s_bird_137,resnet50_tl_20250829,8,4,56,0,60.0,4.0,146.9634246826172,146.88272094726562,0.0807037353515625
s_bird_137,resnet50_tl_20250829,8,4,56,4,60.0,8.0,146.9634246826172,146.86439514160156,0.099029541015625
s_bird_137,resnet50_tl_20250829,8,4,56,8,60.0,12.0,146.9634246826172,146.82565307617188,0.1377716064453125
s_bird_137,resnet50_tl_20250829,8,4,56,12,60.0,16.0,146.9634246826172,146.84088134765625,0.1225433349609375
s_bird_137,resnet50_tl_20250829,8,4,56,16,60.0,20.0,146.9634246826172,146.85577392578125,0.1076507568359375
s_bird_137,resnet50_tl_20250829,8,4,56,20,60.0,24.0,146.9634246826172,146.7365264892578,0.226898193359375
s_bird_137,resnet50_tl_20250829,8,4,56,24,60.0,28.0,146.9634246826172,146.6920623779297,0.2713623046875
s_bird_137,resnet50_tl_20250829,8,4,56,28,60.0,32.0,146.9634246826172,146.74566650390625,0.2177581787109375
s_bird_137,resnet50_tl_20250829,8,4,56,32,60.0,36.0,146.9634246826172,146.74554443359375,0.2178802490234375
s_bird_137,resnet50_tl_20250829,8,4,56,36,60.0,40.0,146.9634246826172,146.70159912109375,0.2618255615234375
s_bird_137,resnet50_tl_20250829,8,4,56,40,60.0,44.0,146.9634246826172,146.86105346679688,0.1023712158203125
s_bird_137,resnet50_tl_20250829,8,4,56,44,60.0,48.0,146.9634246826172,146.85272216796875,0.1107025146484375
s_bird_137,resnet50_tl_20250829,8,4,56,48,60.0,52.0,146.9634246826172,146.6897430419922,0.273681640625
s_bird_137,resnet50_tl_20250829,8,4,56,52,60.0,56.0,146.9634246826172,146.77920532226562,0.1842193603515625
s_bird_137,resnet50_tl_20250829,8,4,56,56,60.0,60.0,146.9634246826172,146.80645751953125,0.1569671630859375
s_bird_137,resnet50_tl_20250829,8,4,56,60,60.0,64.0,146.9634246826172,146.7430419921875,0.2203826904296875
s_bird_137,resnet50_tl_20250829,8,4,56,64,60.0,68.0,146.9634246826172,146.7086639404297,0.2547607421875
s_bird_137,resnet50_tl_20250829,8,4,56,68,60.0,72.0,146.9634246826172,146.6367950439453,0.326629638671875
s_bird_137,resnet50_tl_20250829,8,4,56,72,60.0,76.0,146.9634246826172,146.7947235107422,0.168701171875
s_bird_137,resnet50_tl_20250829,8,4,56,76,60.0,80.0,146.9634246826172,146.7702178955078,0.193206787109375
s_bird_137,resnet50_tl_20250829,8,4,56,80,60.0,84.0,146.9634246826172,146.87667846679688,0.0867462158203125
s_bird_137,resnet50_tl_20250829,8,4,56,84,60.0,88.0,146.9634246826172,146.71481323242188,0.2486114501953125
s_bird_137,resnet50_tl_20250829,8,4,56,88,60.0,92.0,146.9634246826172,146.6987762451172,0.2646484375
s_bird_137,resnet50_tl_20250829,8,4,56,92,60.0,96.0,146.9634246826172,146.74989318847656,0.213531494140625
s_bird_137,resnet50_tl_20250829,8,4,56,96,60.0,100.0,146.9634246826172,146.88636779785156,0.077056884765625
s_bird_137,resnet50_tl_20250829,8,4,56,100,60.0,104.0,146.9634246826172,146.82586669921875,0.1375579833984375
s_bird_137,resnet50_tl_20250829,8,4,56,104,60.0,108.0,146.9634246826172,146.89697265625,0.0664520263671875
s_bird_137,resnet50_tl_20250829,8,4,56,108,60.0,112.0,146.9634246826172,146.8841552734375,0.0792694091796875
s_bird_137,resnet50_tl_20250829,8,4,56,112,60.0,116.0,146.9634246826172,146.93014526367188,0.0332794189453125
s_bird_137,resnet50_tl_20250829,8,4,56,116,60.0,120.0,146.9634246826172,146.85154724121094,0.11187744140625
s_bird_137,resnet50_tl_20250829,8,4,56,120,60.0,124.0,146.9634246826172,146.90931701660156,0.054107666015625
s_bird_137,resnet50_tl_20250829,8,4,56,124,60.0,128.0,146.9634246826172,146.86431884765625,0.0991058349609375
s_bird_137,resnet50_tl_20250829,8,4,56,128,60.0,132.0,146.9634246826172,146.93475341796875,0.0286712646484375
s_bird_137,resnet50_tl_20250829,8,4,56,132,60.0,136.0,146.9634246826172,146.87307739257812,0.0903472900390625
s_bird_137,resnet50_tl_20250829,8,4,56,136,60.0,140.0,146.9634246826172,146.92295837402344,0.04046630859375
s_bird_137,resnet50_tl_20250829,8,4,56,140,60.0,144.0,146.9634246826172,146.91372680664062,0.0496978759765625
s_bird_137,resnet50_tl_20250829,8,4,56,144,60.0,148.0,146.9634246826172,146.95298767089844,0.01043701171875
s_bird_137,resnet50_tl_20250829,8,4,56,148,60.0,152.0,146.9634246826172,146.9259033203125,0.0375213623046875
s_bird_137,resnet50_tl_20250829,8,4,56,152,60.0,156.0,146.9634246826172,146.9708709716797,-0.0074462890625
s_bird_137,resnet50_tl_20250829,8,4,56,156,60.0,160.0,146.9634246826172,146.91648864746094,0.04693603515625
s_bird_137,resnet50_tl_20250829,8,4,56,160,60.0,164.0,146.9634246826172,146.9488983154297,0.0145263671875
s_bird_137,resnet50_tl_20250829,8,4,56,164,60.0,168.0,146.9634246826172,146.93507385253906,0.028350830078125
s_bird_137,resnet50_tl_20250829,8,4,56,168,60.0,172.0,146.9634246826172,146.99490356445312,-0.0314788818359375
s_bird_137,resnet50_tl_20250829,8,4,56,172,60.0,176.0,146.9634246826172,146.99887084960938,-0.0354461669921875
s_bird_137,resnet50_tl_20250829,8,4,56,176,60.0,180.0,146.9634246826172,147.0287628173828,-0.065338134765625
s_bird_137,resnet50_tl_20250829,8,4,56,180,60.0,184.0,146.9634246826172,146.98487854003906,-0.021453857421875
s_bird_137,resnet50_tl_20250829,8,4,56,184,60.0,188.0,146.9634246826172,147.03878784179688,-0.0753631591796875
s_bird_137,resnet50_tl_20250829,8,4,56,188,60.0,192.0,146.9634246826172,147.0181884765625,-0.0547637939453125
s_bird_137,resnet50_tl_20250829,8,4,56,192,60.0,196.0,146.9634246826172,147.03089904785156,-0.067474365234375
s_bird_137,resnet50_tl_20250829,8,4,56,196,60.0,200.0,146.9634246826172,146.97030639648438,-0.0068817138671875
s_bird_137,resnet50_tl_20250829,8,4,56,200,60.0,204.0,146.9634246826172,146.97271728515625,-0.0092926025390625
s_bird_137,resnet50_tl_20250829,8,4,56,204,60.0,208.0,146.9634246826172,146.9934844970703,-0.030059814453125
s_bird_137,resnet50_tl_20250829,8,4,56,208,60.0,212.0,146.9634246826172,147.0020294189453,-0.038604736328125
s_bird_137,resnet50_tl_20250829,8,4,56,212,60.0,216.0,146.9634246826172,146.95664978027344,0.00677490234375
s_bird_137,resnet50_tl_20250829,8,4,56,216,60.0,220.0,146.9634246826172,146.94921875,0.0142059326171875
s_bird_137,resnet50_tl_20250829,8,4,60,0,64.0,4.0,146.9634246826172,146.68531799316406,0.278106689453125
s_bird_137,resnet50_tl_20250829,8,4,60,4,64.0,8.0,146.9634246826172,146.88536071777344,0.07806396484375
s_bird_137,resnet50_tl_20250829,8,4,60,8,64.0,12.0,146.9634246826172,146.91339111328125,0.0500335693359375
s_bird_137,resnet50_tl_20250829,8,4,60,12,64.0,16.0,146.9634246826172,146.94491577148438,0.0185089111328125
s_bird_137,resnet50_tl_20250829,8,4,60,16,64.0,20.0,146.9634246826172,146.94259643554688,0.0208282470703125
s_bird_137,resnet50_tl_20250829,8,4,60,20,64.0,24.0,146.9634246826172,146.78248596191406,0.180938720703125
s_bird_137,resnet50_tl_20250829,8,4,60,24,64.0,28.0,146.9634246826172,146.72621154785156,0.237213134765625
s_bird_137,resnet50_tl_20250829,8,4,60,28,64.0,32.0,146.9634246826172,146.8081512451172,0.1552734375
s_bird_137,resnet50_tl_20250829,8,4,60,32,64.0,36.0,146.9634246826172,146.769287109375,0.1941375732421875
s_bird_137,resnet50_tl_20250829,8,4,60,36,64.0,40.0,146.9634246826172,146.73048400878906,0.232940673828125
s_bird_137,resnet50_tl_20250829,8,4,60,40,64.0,44.0,146.9634246826172,146.87289428710938,0.0905303955078125
s_bird_137,resnet50_tl_20250829,8,4,60,44,64.0,48.0,146.9634246826172,146.82276916503906,0.140655517578125
s_bird_137,resnet50_tl_20250829,8,4,60,48,64.0,52.0,146.9634246826172,146.80006408691406,0.163360595703125
s_bird_137,resnet50_tl_20250829,8,4,60,52,64.0,56.0,146.9634246826172,146.8782958984375,0.0851287841796875
s_bird_137,resnet50_tl_20250829,8,4,60,56,64.0,60.0,146.9634246826172,146.8113555908203,0.152069091796875
s_bird_137,resnet50_tl_20250829,8,4,60,60,64.0,64.0,146.9634246826172,146.65304565429688,0.3103790283203125
s_bird_137,resnet50_tl_20250829,8,4,60,64,64.0,68.0,146.9634246826172,146.58383178710938,0.3795928955078125
s_bird_137,resnet50_tl_20250829,8,4,60,68,64.0,72.0,146.9634246826172,146.72789001464844,0.23553466796875
s_bird_137,resnet50_tl_20250829,8,4,60,72,64.0,76.0,146.9634246826172,146.84051513671875,0.1229095458984375
s_bird_137,resnet50_tl_20250829,8,4,60,76,64.0,80.0,146.9634246826172,146.8026123046875,0.1608123779296875
s_bird_137,resnet50_tl_20250829,8,4,60,80,64.0,84.0,146.9634246826172,146.85121154785156,0.112213134765625
s_bird_137,resnet50_tl_20250829,8,4,60,84,64.0,88.0,146.9634246826172,146.84796142578125,0.1154632568359375
s_bird_137,resnet50_tl_20250829,8,4,60,88,64.0,92.0,146.9634246826172,146.76547241210938,0.1979522705078125
s_bird_137,resnet50_tl_20250829,8,4,60,92,64.0,96.0,146.9634246826172,146.7004852294922,0.262939453125
s_bird_137,resnet50_tl_20250829,8,4,60,96,64.0,100.0,146.9634246826172,146.77737426757812,0.1860504150390625
s_bird_137,resnet50_tl_20250829,8,4,60,100,64.0,104.0,146.9634246826172,146.89820861816406,0.065216064453125
s_bird_137,resnet50_tl_20250829,8,4,60,104,64.0,108.0,146.9634246826172,146.90194702148438,0.0614776611328125
s_bird_137,resnet50_tl_20250829,8,4,60,108,64.0,112.0,146.9634246826172,147.052978515625,-0.0895538330078125
s_bird_137,resnet50_tl_20250829,8,4,60,112,64.0,116.0,146.9634246826172,147.0016632080078,-0.038238525390625
s_bird_137,resnet50_tl_20250829,8,4,60,116,64.0,120.0,146.9634246826172,146.9662628173828,-0.002838134765625
s_bird_137,resnet50_tl_20250829,8,4,60,120,64.0,124.0,146.9634246826172,146.96682739257812,-0.0034027099609375
s_bird_137,resnet50_tl_20250829,8,4,60,124,64.0,128.0,146.9634246826172,146.94827270507812,0.0151519775390625
s_bird_137,resnet50_tl_20250829,8,4,60,128,64.0,132.0,146.9634246826172,146.95687866210938,0.0065460205078125
s_bird_137,resnet50_tl_20250829,8,4,60,132,64.0,136.0,146.9634246826172,146.96176147460938,0.0016632080078125
s_bird_137,resnet50_tl_20250829,8,4,60,136,64.0,140.0,146.9634246826172,146.96627807617188,-0.0028533935546875
s_bird_137,resnet50_tl_20250829,8,4,60,140,64.0,144.0,146.9634246826172,147.0213165283203,-0.057891845703125
s_bird_137,resnet50_tl_20250829,8,4,60,144,64.0,148.0,146.9634246826172,146.99139404296875,-0.0279693603515625
s_bird_137,resnet50_tl_20250829,8,4,60,148,64.0,152.0,146.9634246826172,147.03253173828125,-0.0691070556640625
s_bird_137,resnet50_tl_20250829,8,4,60,152,64.0,156.0,146.9634246826172,147.02267456054688,-0.0592498779296875
s_bird_137,resnet50_tl_20250829,8,4,60,156,64.0,160.0,146.9634246826172,146.88113403320312,0.0822906494140625
s_bird_137,resnet50_tl_20250829,8,4,60,160,64.0,164.0,146.9634246826172,146.8904571533203,0.072967529296875
s_bird_137,resnet50_tl_20250829,8,4,60,164,64.0,168.0,146.9634246826172,146.9939727783203,-0.030548095703125
s_bird_137,resnet50_tl_20250829,8,4,60,168,64.0,172.0,146.9634246826172,147.0260467529297,-0.0626220703125
s_bird_137,resnet50_tl_20250829,8,4,60,172,64.0,176.0,146.9634246826172,147.02914428710938,-0.0657196044921875
s_bird_137,resnet50_tl_20250829,8,4,60,176,64.0,180.0,146.9634246826172,147.01121520996094,-0.04779052734375
s_bird_137,resnet50_tl_20250829,8,4,60,180,64.0,184.0,146.9634246826172,147.0461883544922,-0.082763671875
s_bird_137,resnet50_tl_20250829,8,4,60,184,64.0,188.0,146.9634246826172,147.0722198486328,-0.108795166015625
s_bird_137,resnet50_tl_20250829,8,4,60,188,64.0,192.0,146.9634246826172,146.98233032226562,-0.0189056396484375
s_bird_137,resnet50_tl_20250829,8,4,60,192,64.0,196.0,146.9634246826172,146.98458862304688,-0.0211639404296875
s_bird_137,resnet50_tl_20250829,8,4,60,196,64.0,200.0,146.9634246826172,146.943603515625,0.0198211669921875
s_bird_137,resnet50_tl_20250829,8,4,60,200,64.0,204.0,146.9634246826172,146.98556518554688,-0.0221405029296875
s_bird_137,resnet50_tl_20250829,8,4,60,204,64.0,208.0,146.9634246826172,146.971435546875,-0.0080108642578125
s_bird_137,resnet50_tl_20250829,8,4,60,208,64.0,212.0,146.9634246826172,146.97547912597656,-0.012054443359375
s_bird_137,resnet50_tl_20250829,8,4,60,212,64.0,216.0,146.9634246826172,146.95721435546875,0.0062103271484375
s_bird_137,resnet50_tl_20250829,8,4,60,216,64.0,220.0,146.9634246826172,146.95936584472656,0.004058837890625
s_bird_137,resnet50_tl_20250829,8,4,64,0,68.0,4.0,146.9634246826172,146.74154663085938,0.2218780517578125
s_bird_137,resnet50_tl_20250829,8,4,64,4,68.0,8.0,146.9634246826172,146.8643798828125,0.0990447998046875
s_bird_137,resnet50_tl_20250829,8,4,64,8,68.0,12.0,146.9634246826172,146.86416625976562,0.0992584228515625
s_bird_137,resnet50_tl_20250829,8,4,64,12,68.0,16.0,146.9634246826172,146.82879638671875,0.1346282958984375
s_bird_137,resnet50_tl_20250829,8,4,64,16,68.0,20.0,146.9634246826172,146.943603515625,0.0198211669921875
s_bird_137,resnet50_tl_20250829,8,4,64,20,68.0,24.0,146.9634246826172,146.77760314941406,0.185821533203125
s_bird_137,resnet50_tl_20250829,8,4,64,24,68.0,28.0,146.9634246826172,146.77212524414062,0.1912994384765625
s_bird_137,resnet50_tl_20250829,8,4,64,28,68.0,32.0,146.9634246826172,146.81436157226562,0.1490631103515625
s_bird_137,resnet50_tl_20250829,8,4,64,32,68.0,36.0,146.9634246826172,146.80648803710938,0.1569366455078125
s_bird_137,resnet50_tl_20250829,8,4,64,36,68.0,40.0,146.9634246826172,146.76861572265625,0.1948089599609375
s_bird_137,resnet50_tl_20250829,8,4,64,40,68.0,44.0,146.9634246826172,146.78956604003906,0.173858642578125
s_bird_137,resnet50_tl_20250829,8,4,64,44,68.0,48.0,146.9634246826172,146.81671142578125,0.1467132568359375
s_bird_137,resnet50_tl_20250829,8,4,64,48,68.0,52.0,146.9634246826172,146.83168029785156,0.131744384765625
s_bird_137,resnet50_tl_20250829,8,4,64,52,68.0,56.0,146.9634246826172,146.87606811523438,0.0873565673828125
s_bird_137,resnet50_tl_20250829,8,4,64,56,68.0,60.0,146.9634246826172,146.82968139648438,0.1337432861328125
s_bird_137,resnet50_tl_20250829,8,4,64,60,68.0,64.0,146.9634246826172,146.6632537841797,0.3001708984375
s_bird_137,resnet50_tl_20250829,8,4,64,64,68.0,68.0,146.9634246826172,146.6488800048828,0.314544677734375
s_bird_137,resnet50_tl_20250829,8,4,64,68,68.0,72.0,146.9634246826172,146.80784606933594,0.15557861328125
s_bird_137,resnet50_tl_20250829,8,4,64,72,68.0,76.0,146.9634246826172,146.81507873535156,0.148345947265625
s_bird_137,resnet50_tl_20250829,8,4,64,76,68.0,80.0,146.9634246826172,146.71432495117188,0.2490997314453125
s_bird_137,resnet50_tl_20250829,8,4,64,80,68.0,84.0,146.9634246826172,146.85699462890625,0.1064300537109375
s_bird_137,resnet50_tl_20250829,8,4,64,84,68.0,88.0,146.9634246826172,146.8054962158203,0.157928466796875
s_bird_137,resnet50_tl_20250829,8,4,64,88,68.0,92.0,146.9634246826172,146.7706756591797,0.1927490234375
s_bird_137,resnet50_tl_20250829,8,4,64,92,68.0,96.0,146.9634246826172,146.7151641845703,0.248260498046875
s_bird_137,resnet50_tl_20250829,8,4,64,96,68.0,100.0,146.9634246826172,146.7579803466797,0.2054443359375
s_bird_137,resnet50_tl_20250829,8,4,64,100,68.0,104.0,146.9634246826172,146.876953125,0.0864715576171875
s_bird_137,resnet50_tl_20250829,8,4,64,104,68.0,108.0,146.9634246826172,146.90240478515625,0.0610198974609375
s_bird_137,resnet50_tl_20250829,8,4,64,108,68.0,112.0,146.9634246826172,146.95103454589844,0.01239013671875
s_bird_137,resnet50_tl_20250829,8,4,64,112,68.0,116.0,146.9634246826172,146.97586059570312,-0.0124359130859375
s_bird_137,resnet50_tl_20250829,8,4,64,116,68.0,120.0,146.9634246826172,146.94985961914062,0.0135650634765625
s_bird_137,resnet50_tl_20250829,8,4,64,120,68.0,124.0,146.9634246826172,146.966552734375,-0.0031280517578125
s_bird_137,resnet50_tl_20250829,8,4,64,124,68.0,128.0,146.9634246826172,146.8907928466797,0.0726318359375
s_bird_137,resnet50_tl_20250829,8,4,64,128,68.0,132.0,146.9634246826172,146.92567443847656,0.037750244140625
s_bird_137,resnet50_tl_20250829,8,4,64,132,68.0,136.0,146.9634246826172,146.93251037597656,0.030914306640625
s_bird_137,resnet50_tl_20250829,8,4,64,136,68.0,140.0,146.9634246826172,146.9554443359375,0.0079803466796875
s_bird_137,resnet50_tl_20250829,8,4,64,140,68.0,144.0,146.9634246826172,146.94024658203125,0.0231781005859375
s_bird_137,resnet50_tl_20250829,8,4,64,144,68.0,148.0,146.9634246826172,146.95359802246094,0.00982666015625
s_bird_137,resnet50_tl_20250829,8,4,64,148,68.0,152.0,146.9634246826172,146.97488403320312,-0.0114593505859375
s_bird_137,resnet50_tl_20250829,8,4,64,152,68.0,156.0,146.9634246826172,147.0061798095703,-0.042755126953125
s_bird_137,resnet50_tl_20250829,8,4,64,156,68.0,160.0,146.9634246826172,146.88504028320312,0.0783843994140625
s_bird_137,resnet50_tl_20250829,8,4,64,160,68.0,164.0,146.9634246826172,146.90036010742188,0.0630645751953125
s_bird_137,resnet50_tl_20250829,8,4,64,164,68.0,168.0,146.9634246826172,146.9680633544922,-0.004638671875
s_bird_137,resnet50_tl_20250829,8,4,64,168,68.0,172.0,146.9634246826172,147.0033416748047,-0.0399169921875
s_bird_137,resnet50_tl_20250829,8,4,64,172,68.0,176.0,146.9634246826172,146.9879150390625,-0.0244903564453125
s_bird_137,resnet50_tl_20250829,8,4,64,176,68.0,180.0,146.9634246826172,146.99952697753906,-0.036102294921875
s_bird_137,resnet50_tl_20250829,8,4,64,180,68.0,184.0,146.9634246826172,147.0039520263672,-0.04052734375
s_bird_137,resnet50_tl_20250829,8,4,64,184,68.0,188.0,146.9634246826172,147.04388427734375,-0.0804595947265625
s_bird_137,resnet50_tl_20250829,8,4,64,188,68.0,192.0,146.9634246826172,146.97999572753906,-0.016571044921875
s_bird_137,resnet50_tl_20250829,8,4,64,192,68.0,196.0,146.9634246826172,146.99191284179688,-0.0284881591796875
s_bird_137,resnet50_tl_20250829,8,4,64,196,68.0,200.0,146.9634246826172,146.98214721679688,-0.0187225341796875
s_bird_137,resnet50_tl_20250829,8,4,64,200,68.0,204.0,146.9634246826172,146.98406982421875,-0.0206451416015625
s_bird_137,resnet50_tl_20250829,8,4,64,204,68.0,208.0,146.9634246826172,146.97972106933594,-0.01629638671875
s_bird_137,resnet50_tl_20250829,8,4,64,208,68.0,212.0,146.9634246826172,146.97256469726562,-0.0091400146484375
s_bird_137,resnet50_tl_20250829,8,4,64,212,68.0,216.0,146.9634246826172,146.9625244140625,0.0009002685546875
s_bird_137,resnet50_tl_20250829,8,4,64,216,68.0,220.0,146.9634246826172,146.97296142578125,-0.0095367431640625
s_bird_137,resnet50_tl_20250829,8,4,68,0,72.0,4.0,146.9634246826172,146.91082763671875,0.0525970458984375
s_bird_137,resnet50_tl_20250829,8,4,68,4,72.0,8.0,146.9634246826172,146.93484497070312,0.0285797119140625
s_bird_137,resnet50_tl_20250829,8,4,68,8,72.0,12.0,146.9634246826172,146.85943603515625,0.1039886474609375
s_bird_137,resnet50_tl_20250829,8,4,68,12,72.0,16.0,146.9634246826172,146.7923583984375,0.1710662841796875
s_bird_137,resnet50_tl_20250829,8,4,68,16,72.0,20.0,146.9634246826172,146.9114532470703,0.051971435546875
s_bird_137,resnet50_tl_20250829,8,4,68,20,72.0,24.0,146.9634246826172,146.7736358642578,0.189788818359375
s_bird_137,resnet50_tl_20250829,8,4,68,24,72.0,28.0,146.9634246826172,146.71426391601562,0.2491607666015625
s_bird_137,resnet50_tl_20250829,8,4,68,28,72.0,32.0,146.9634246826172,146.82015991210938,0.1432647705078125
s_bird_137,resnet50_tl_20250829,8,4,68,32,72.0,36.0,146.9634246826172,146.7916259765625,0.1717987060546875
s_bird_137,resnet50_tl_20250829,8,4,68,36,72.0,40.0,146.9634246826172,146.7421875,0.2212371826171875
s_bird_137,resnet50_tl_20250829,8,4,68,40,72.0,44.0,146.9634246826172,146.78904724121094,0.17437744140625
s_bird_137,resnet50_tl_20250829,8,4,68,44,72.0,48.0,146.9634246826172,146.83084106445312,0.1325836181640625
s_bird_137,resnet50_tl_20250829,8,4,68,48,72.0,52.0,146.9634246826172,146.8056182861328,0.157806396484375
s_bird_137,resnet50_tl_20250829,8,4,68,52,72.0,56.0,146.9634246826172,146.90843200683594,0.05499267578125
s_bird_137,resnet50_tl_20250829,8,4,68,56,72.0,60.0,146.9634246826172,146.85206604003906,0.111358642578125
s_bird_137,resnet50_tl_20250829,8,4,68,60,72.0,64.0,146.9634246826172,146.94000244140625,0.0234222412109375
s_bird_137,resnet50_tl_20250829,8,4,68,64,72.0,68.0,146.9634246826172,146.9108123779297,0.0526123046875
s_bird_137,resnet50_tl_20250829,8,4,68,68,72.0,72.0,146.9634246826172,146.9885711669922,-0.025146484375
s_bird_137,resnet50_tl_20250829,8,4,68,72,72.0,76.0,146.9634246826172,146.9143524169922,0.049072265625
s_bird_137,resnet50_tl_20250829,8,4,68,76,72.0,80.0,146.9634246826172,147.00299072265625,-0.0395660400390625
s_bird_137,resnet50_tl_20250829,8,4,68,80,72.0,84.0,146.9634246826172,146.79415893554688,0.1692657470703125
s_bird_137,resnet50_tl_20250829,8,4,68,84,72.0,88.0,146.9634246826172,146.8936767578125,0.0697479248046875
s_bird_137,resnet50_tl_20250829,8,4,68,88,72.0,92.0,146.9634246826172,146.88148498535156,0.081939697265625
s_bird_137,resnet50_tl_20250829,8,4,68,92,72.0,96.0,146.9634246826172,146.87913513183594,0.08428955078125
s_bird_137,resnet50_tl_20250829,8,4,68,96,72.0,100.0,146.9634246826172,146.80870056152344,0.15472412109375
s_bird_137,resnet50_tl_20250829,8,4,68,100,72.0,104.0,146.9634246826172,146.84913635253906,0.114288330078125
s_bird_137,resnet50_tl_20250829,8,4,68,104,72.0,108.0,146.9634246826172,146.84881591796875,0.1146087646484375
s_bird_137,resnet50_tl_20250829,8,4,68,108,72.0,112.0,146.9634246826172,146.93531799316406,0.028106689453125
s_bird_137,resnet50_tl_20250829,8,4,68,112,72.0,116.0,146.9634246826172,146.97445678710938,-0.0110321044921875
s_bird_137,resnet50_tl_20250829,8,4,68,116,72.0,120.0,146.9634246826172,147.111083984375,-0.1476593017578125
s_bird_137,resnet50_tl_20250829,8,4,68,120,72.0,124.0,146.9634246826172,147.0412139892578,-0.077789306640625
s_bird_137,resnet50_tl_20250829,8,4,68,124,72.0,128.0,146.9634246826172,147.00201416015625,-0.0385894775390625
s_bird_137,resnet50_tl_20250829,8,4,68,128,72.0,132.0,146.9634246826172,146.97341918945312,-0.0099945068359375
s_bird_137,resnet50_tl_20250829,8,4,68,132,72.0,136.0,146.9634246826172,147.0496826171875,-0.0862579345703125
s_bird_137,resnet50_tl_20250829,8,4,68,136,72.0,140.0,146.9634246826172,146.99874877929688,-0.0353240966796875
s_bird_137,resnet50_tl_20250829,8,4,68,140,72.0,144.0,146.9634246826172,147.02252197265625,-0.0590972900390625
s_bird_137,resnet50_tl_20250829,8,4,68,144,72.0,148.0,146.9634246826172,147.019287109375,-0.0558624267578125
s_bird_137,resnet50_tl_20250829,8,4,68,148,72.0,152.0,146.9634246826172,147.0909881591797,-0.1275634765625
s_bird_137,resnet50_tl_20250829,8,4,68,152,72.0,156.0,146.9634246826172,147.04307556152344,-0.07965087890625
s_bird_137,resnet50_tl_20250829,8,4,68,156,72.0,160.0,146.9634246826172,147.0553741455078,-0.091949462890625
s_bird_137,resnet50_tl_20250829,8,4,68,160,72.0,164.0,146.9634246826172,147.06048583984375,-0.0970611572265625
s_bird_137,resnet50_tl_20250829,8,4,68,164,72.0,168.0,146.9634246826172,147.08189392089844,-0.11846923828125
s_bird_137,resnet50_tl_20250829,8,4,68,168,72.0,172.0,146.9634246826172,147.04827880859375,-0.0848541259765625
s_bird_137,resnet50_tl_20250829,8,4,68,172,72.0,176.0,146.9634246826172,147.09432983398438,-0.1309051513671875
s_bird_137,resnet50_tl_20250829,8,4,68,176,72.0,180.0,146.9634246826172,147.0794677734375,-0.1160430908203125
s_bird_137,resnet50_tl_20250829,8,4,68,180,72.0,184.0,146.9634246826172,147.08245849609375,-0.1190338134765625
s_bird_137,resnet50_tl_20250829,8,4,68,184,72.0,188.0,146.9634246826172,147.06869506835938,-0.1052703857421875
s_bird_137,resnet50_tl_20250829,8,4,68,188,72.0,192.0,146.9634246826172,147.09170532226562,-0.1282806396484375
s_bird_137,resnet50_tl_20250829,8,4,68,192,72.0,196.0,146.9634246826172,147.09312438964844,-0.12969970703125
s_bird_137,resnet50_tl_20250829,8,4,68,196,72.0,200.0,146.9634246826172,147.00613403320312,-0.0427093505859375
s_bird_137,resnet50_tl_20250829,8,4,68,200,72.0,204.0,146.9634246826172,146.980712890625,-0.0172882080078125
s_bird_137,resnet50_tl_20250829,8,4,68,204,72.0,208.0,146.9634246826172,146.9722900390625,-0.0088653564453125
s_bird_137,resnet50_tl_20250829,8,4,68,208,72.0,212.0,146.9634246826172,146.99169921875,-0.0282745361328125
s_bird_137,resnet50_tl_20250829,8,4,68,212,72.0,216.0,146.9634246826172,146.96969604492188,-0.0062713623046875
s_bird_137,resnet50_tl_20250829,8,4,68,216,72.0,220.0,146.9634246826172,146.95980834960938,0.0036163330078125
s_bird_137,resnet50_tl_20250829,8,4,72,0,76.0,4.0,146.9634246826172,146.9210662841797,0.0423583984375
s_bird_137,resnet50_tl_20250829,8,4,72,4,76.0,8.0,146.9634246826172,146.9252471923828,0.038177490234375
s_bird_137,resnet50_tl_20250829,8,4,72,8,76.0,12.0,146.9634246826172,146.99996948242188,-0.0365447998046875
s_bird_137,resnet50_tl_20250829,8,4,72,12,76.0,16.0,146.9634246826172,146.91868591308594,0.04473876953125
s_bird_137,resnet50_tl_20250829,8,4,72,16,76.0,20.0,146.9634246826172,146.9359893798828,0.027435302734375
s_bird_137,resnet50_tl_20250829,8,4,72,20,76.0,24.0,146.9634246826172,146.8338623046875,0.1295623779296875
s_bird_137,resnet50_tl_20250829,8,4,72,24,76.0,28.0,146.9634246826172,146.7714385986328,0.191986083984375
s_bird_137,resnet50_tl_20250829,8,4,72,28,76.0,32.0,146.9634246826172,146.81578063964844,0.14764404296875
s_bird_137,resnet50_tl_20250829,8,4,72,32,76.0,36.0,146.9634246826172,146.88552856445312,0.0778961181640625
s_bird_137,resnet50_tl_20250829,8,4,72,36,76.0,40.0,146.9634246826172,146.79331970214844,0.17010498046875
s_bird_137,resnet50_tl_20250829,8,4,72,40,76.0,44.0,146.9634246826172,146.782470703125,0.1809539794921875
s_bird_137,resnet50_tl_20250829,8,4,72,44,76.0,48.0,146.9634246826172,146.8224334716797,0.1409912109375
s_bird_137,resnet50_tl_20250829,8,4,72,48,76.0,52.0,146.9634246826172,146.83604431152344,0.12738037109375
s_bird_137,resnet50_tl_20250829,8,4,72,52,76.0,56.0,146.9634246826172,146.8794708251953,0.083953857421875
s_bird_137,resnet50_tl_20250829,8,4,72,56,76.0,60.0,146.9634246826172,146.9862823486328,-0.022857666015625
s_bird_137,resnet50_tl_20250829,8,4,72,60,76.0,64.0,146.9634246826172,146.8229217529297,0.1405029296875
s_bird_137,resnet50_tl_20250829,8,4,72,64,76.0,68.0,146.9634246826172,146.76760864257812,0.1958160400390625
s_bird_137,resnet50_tl_20250829,8,4,72,68,76.0,72.0,146.9634246826172,146.87411499023438,0.0893096923828125
s_bird_137,resnet50_tl_20250829,8,4,72,72,76.0,76.0,146.9634246826172,146.87631225585938,0.0871124267578125
s_bird_137,resnet50_tl_20250829,8,4,72,76,76.0,80.0,146.9634246826172,146.88633728027344,0.07708740234375
s_bird_137,resnet50_tl_20250829,8,4,72,80,76.0,84.0,146.9634246826172,146.8408966064453,0.122528076171875
s_bird_137,resnet50_tl_20250829,8,4,72,84,76.0,88.0,146.9634246826172,146.86495971679688,0.0984649658203125
s_bird_137,resnet50_tl_20250829,8,4,72,88,76.0,92.0,146.9634246826172,146.84628295898438,0.1171417236328125
s_bird_137,resnet50_tl_20250829,8,4,72,92,76.0,96.0,146.9634246826172,146.79721069335938,0.1662139892578125
s_bird_137,resnet50_tl_20250829,8,4,72,96,76.0,100.0,146.9634246826172,146.84857177734375,0.1148529052734375
s_bird_137,resnet50_tl_20250829,8,4,72,100,76.0,104.0,146.9634246826172,146.8247833251953,0.138641357421875
s_bird_137,resnet50_tl_20250829,8,4,72,104,76.0,108.0,146.9634246826172,146.82073974609375,0.1426849365234375
s_bird_137,resnet50_tl_20250829,8,4,72,108,76.0,112.0,146.9634246826172,146.7849578857422,0.178466796875
s_bird_137,resnet50_tl_20250829,8,4,72,112,76.0,116.0,146.9634246826172,146.896484375,0.0669403076171875
s_bird_137,resnet50_tl_20250829,8,4,72,116,76.0,120.0,146.9634246826172,146.9496307373047,0.0137939453125
s_bird_137,resnet50_tl_20250829,8,4,72,120,76.0,124.0,146.9634246826172,146.99221801757812,-0.0287933349609375
s_bird_137,resnet50_tl_20250829,8,4,72,124,76.0,128.0,146.9634246826172,146.86692810058594,0.09649658203125
s_bird_137,resnet50_tl_20250829,8,4,72,128,76.0,132.0,146.9634246826172,146.84967041015625,0.1137542724609375
s_bird_137,resnet50_tl_20250829,8,4,72,132,76.0,136.0,146.9634246826172,146.89212036132812,0.0713043212890625
s_bird_137,resnet50_tl_20250829,8,4,72,136,76.0,140.0,146.9634246826172,146.97970581054688,-0.0162811279296875
s_bird_137,resnet50_tl_20250829,8,4,72,140,76.0,144.0,146.9634246826172,146.9220428466797,0.0413818359375
s_bird_137,resnet50_tl_20250829,8,4,72,144,76.0,148.0,146.9634246826172,146.91665649414062,0.0467681884765625
s_bird_137,resnet50_tl_20250829,8,4,72,148,76.0,152.0,146.9634246826172,146.95452880859375,0.0088958740234375
s_bird_137,resnet50_tl_20250829,8,4,72,152,76.0,156.0,146.9634246826172,147.03421020507812,-0.0707855224609375
s_bird_137,resnet50_tl_20250829,8,4,72,156,76.0,160.0,146.9634246826172,146.9820098876953,-0.018585205078125
s_bird_137,resnet50_tl_20250829,8,4,72,160,76.0,164.0,146.9634246826172,146.9711456298828,-0.007720947265625
s_bird_137,resnet50_tl_20250829,8,4,72,164,76.0,168.0,146.9634246826172,146.9764862060547,-0.0130615234375
s_bird_137,resnet50_tl_20250829,8,4,72,168,76.0,172.0,146.9634246826172,147.03126525878906,-0.067840576171875
s_bird_137,resnet50_tl_20250829,8,4,72,172,76.0,176.0,146.9634246826172,147.02734375,-0.0639190673828125
s_bird_137,resnet50_tl_20250829,8,4,72,176,76.0,180.0,146.9634246826172,147.01718139648438,-0.0537567138671875
s_bird_137,resnet50_tl_20250829,8,4,72,180,76.0,184.0,146.9634246826172,146.9976806640625,-0.0342559814453125
s_bird_137,resnet50_tl_20250829,8,4,72,184,76.0,188.0,146.9634246826172,147.07064819335938,-0.1072235107421875
s_bird_137,resnet50_tl_20250829,8,4,72,188,76.0,192.0,146.9634246826172,147.0891571044922,-0.125732421875
s_bird_137,resnet50_tl_20250829,8,4,72,192,76.0,196.0,146.9634246826172,147.0790557861328,-0.115631103515625
s_bird_137,resnet50_tl_20250829,8,4,72,196,76.0,200.0,146.9634246826172,147.00039672851562,-0.0369720458984375
s_bird_137,resnet50_tl_20250829,8,4,72,200,76.0,204.0,146.9634246826172,146.97718811035156,-0.013763427734375
s_bird_137,resnet50_tl_20250829,8,4,72,204,76.0,208.0,146.9634246826172,146.9768524169922,-0.013427734375
s_bird_137,resnet50_tl_20250829,8,4,72,208,76.0,212.0,146.9634246826172,146.96681213378906,-0.003387451171875
s_bird_137,resnet50_tl_20250829,8,4,72,212,76.0,216.0,146.9634246826172,146.96263122558594,0.00079345703125
s_bird_137,resnet50_tl_20250829,8,4,72,216,76.0,220.0,146.9634246826172,146.96286010742188,0.0005645751953125
s_bird_137,resnet50_tl_20250829,8,4,76,0,80.0,4.0,146.9634246826172,146.8297119140625,0.1337127685546875
s_bird_137,resnet50_tl_20250829,8,4,76,4,80.0,8.0,146.9634246826172,146.95687866210938,0.0065460205078125
s_bird_137,resnet50_tl_20250829,8,4,76,8,80.0,12.0,146.9634246826172,147.0491943359375,-0.0857696533203125
s_bird_137,resnet50_tl_20250829,8,4,76,12,80.0,16.0,146.9634246826172,147.186767578125,-0.2233428955078125
s_bird_137,resnet50_tl_20250829,8,4,76,16,80.0,20.0,146.9634246826172,147.1419677734375,-0.1785430908203125
s_bird_137,resnet50_tl_20250829,8,4,76,20,80.0,24.0,146.9634246826172,146.8834228515625,0.0800018310546875
s_bird_137,resnet50_tl_20250829,8,4,76,24,80.0,28.0,146.9634246826172,146.8191375732422,0.144287109375
s_bird_137,resnet50_tl_20250829,8,4,76,28,80.0,32.0,146.9634246826172,146.8393096923828,0.124114990234375
s_bird_137,resnet50_tl_20250829,8,4,76,32,80.0,36.0,146.9634246826172,146.7992706298828,0.164154052734375
s_bird_137,resnet50_tl_20250829,8,4,76,36,80.0,40.0,146.9634246826172,146.7997283935547,0.1636962890625
s_bird_137,resnet50_tl_20250829,8,4,76,40,80.0,44.0,146.9634246826172,146.755615234375,0.2078094482421875
s_bird_137,resnet50_tl_20250829,8,4,76,44,80.0,48.0,146.9634246826172,146.74713134765625,0.2162933349609375
s_bird_137,resnet50_tl_20250829,8,4,76,48,80.0,52.0,146.9634246826172,146.74020385742188,0.2232208251953125
s_bird_137,resnet50_tl_20250829,8,4,76,52,80.0,56.0,146.9634246826172,146.85804748535156,0.105377197265625
s_bird_137,resnet50_tl_20250829,8,4,76,56,80.0,60.0,146.9634246826172,146.9031219482422,0.060302734375
s_bird_137,resnet50_tl_20250829,8,4,76,60,80.0,64.0,146.9634246826172,146.6148223876953,0.348602294921875
s_bird_137,resnet50_tl_20250829,8,4,76,64,80.0,68.0,146.9634246826172,146.53311157226562,0.4303131103515625
s_bird_137,resnet50_tl_20250829,8,4,76,68,80.0,72.0,146.9634246826172,146.84133911132812,0.1220855712890625
s_bird_137,resnet50_tl_20250829,8,4,76,72,80.0,76.0,146.9634246826172,146.9254608154297,0.0379638671875
s_bird_137,resnet50_tl_20250829,8,4,76,76,80.0,80.0,146.9634246826172,146.81837463378906,0.145050048828125
s_bird_137,resnet50_tl_20250829,8,4,76,80,80.0,84.0,146.9634246826172,146.87020874023438,0.0932159423828125
s_bird_137,resnet50_tl_20250829,8,4,76,84,80.0,88.0,146.9634246826172,146.8109893798828,0.152435302734375
s_bird_137,resnet50_tl_20250829,8,4,76,88,80.0,92.0,146.9634246826172,146.78436279296875,0.1790618896484375
s_bird_137,resnet50_tl_20250829,8,4,76,92,80.0,96.0,146.9634246826172,146.90586853027344,0.05755615234375
s_bird_137,resnet50_tl_20250829,8,4,76,96,80.0,100.0,146.9634246826172,146.85360717773438,0.1098175048828125
s_bird_137,resnet50_tl_20250829,8,4,76,100,80.0,104.0,146.9634246826172,146.9099884033203,0.053436279296875
s_bird_137,resnet50_tl_20250829,8,4,76,104,80.0,108.0,146.9634246826172,146.92698669433594,0.03643798828125
s_bird_137,resnet50_tl_20250829,8,4,76,108,80.0,112.0,146.9634246826172,146.87123107910156,0.092193603515625
s_bird_137,resnet50_tl_20250829,8,4,76,112,80.0,116.0,146.9634246826172,146.92086791992188,0.0425567626953125
s_bird_137,resnet50_tl_20250829,8,4,76,116,80.0,120.0,146.9634246826172,147.03945922851562,-0.0760345458984375
s_bird_137,resnet50_tl_20250829,8,4,76,120,80.0,124.0,146.9634246826172,146.99954223632812,-0.0361175537109375
s_bird_137,resnet50_tl_20250829,8,4,76,124,80.0,128.0,146.9634246826172,146.90757751464844,0.05584716796875
s_bird_137,resnet50_tl_20250829,8,4,76,128,80.0,132.0,146.9634246826172,146.83840942382812,0.1250152587890625
s_bird_137,resnet50_tl_20250829,8,4,76,132,80.0,136.0,146.9634246826172,146.93409729003906,0.029327392578125
s_bird_137,resnet50_tl_20250829,8,4,76,136,80.0,140.0,146.9634246826172,147.00254821777344,-0.03912353515625
s_bird_137,resnet50_tl_20250829,8,4,76,140,80.0,144.0,146.9634246826172,146.9337921142578,0.029632568359375
s_bird_137,resnet50_tl_20250829,8,4,76,144,80.0,148.0,146.9634246826172,146.88803100585938,0.0753936767578125
s_bird_137,resnet50_tl_20250829,8,4,76,148,80.0,152.0,146.9634246826172,147.01644897460938,-0.0530242919921875
s_bird_137,resnet50_tl_20250829,8,4,76,152,80.0,156.0,146.9634246826172,147.0609893798828,-0.097564697265625
s_bird_137,resnet50_tl_20250829,8,4,76,156,80.0,160.0,146.9634246826172,146.9696502685547,-0.0062255859375
s_bird_137,resnet50_tl_20250829,8,4,76,160,80.0,164.0,146.9634246826172,146.9384307861328,0.024993896484375
s_bird_137,resnet50_tl_20250829,8,4,76,164,80.0,168.0,146.9634246826172,147.0333251953125,-0.0699005126953125
s_bird_137,resnet50_tl_20250829,8,4,76,168,80.0,172.0,146.9634246826172,147.0532684326172,-0.08984375
s_bird_137,resnet50_tl_20250829,8,4,76,172,80.0,176.0,146.9634246826172,147.0322265625,-0.0688018798828125
s_bird_137,resnet50_tl_20250829,8,4,76,176,80.0,180.0,146.9634246826172,146.98574829101562,-0.0223236083984375
s_bird_137,resnet50_tl_20250829,8,4,76,180,80.0,184.0,146.9634246826172,147.04034423828125,-0.0769195556640625
s_bird_137,resnet50_tl_20250829,8,4,76,184,80.0,188.0,146.9634246826172,147.07870483398438,-0.1152801513671875
s_bird_137,resnet50_tl_20250829,8,4,76,188,80.0,192.0,146.9634246826172,147.07383728027344,-0.11041259765625
s_bird_137,resnet50_tl_20250829,8,4,76,192,80.0,196.0,146.9634246826172,147.06797790527344,-0.10455322265625
s_bird_137,resnet50_tl_20250829,8,4,76,196,80.0,200.0,146.9634246826172,146.9717254638672,-0.00830078125
s_bird_137,resnet50_tl_20250829,8,4,76,200,80.0,204.0,146.9634246826172,146.96987915039062,-0.0064544677734375
s_bird_137,resnet50_tl_20250829,8,4,76,204,80.0,208.0,146.9634246826172,146.9413299560547,0.0220947265625
s_bird_137,resnet50_tl_20250829,8,4,76,208,80.0,212.0,146.9634246826172,146.94546508789062,0.0179595947265625
s_bird_137,resnet50_tl_20250829,8,4,76,212,80.0,216.0,146.9634246826172,146.93287658691406,0.030548095703125
s_bird_137,resnet50_tl_20250829,8,4,76,216,80.0,220.0,146.9634246826172,146.95404052734375,0.0093841552734375
s_bird_137,resnet50_tl_20250829,8,4,80,0,84.0,4.0,146.9634246826172,146.87242126464844,0.09100341796875
s_bird_137,resnet50_tl_20250829,8,4,80,4,84.0,8.0,146.9634246826172,146.93939208984375,0.0240325927734375
s_bird_137,resnet50_tl_20250829,8,4,80,8,84.0,12.0,146.9634246826172,147.05567932128906,-0.092254638671875
s_bird_137,resnet50_tl_20250829,8,4,80,12,84.0,16.0,146.9634246826172,147.15255737304688,-0.1891326904296875
s_bird_137,resnet50_tl_20250829,8,4,80,16,84.0,20.0,146.9634246826172,147.1343994140625,-0.1709747314453125
s_bird_137,resnet50_tl_20250829,8,4,80,20,84.0,24.0,146.9634246826172,146.91152954101562,0.0518951416015625
s_bird_137,resnet50_tl_20250829,8,4,80,24,84.0,28.0,146.9634246826172,146.86520385742188,0.0982208251953125
s_bird_137,resnet50_tl_20250829,8,4,80,28,84.0,32.0,146.9634246826172,146.78900146484375,0.1744232177734375
s_bird_137,resnet50_tl_20250829,8,4,80,32,84.0,36.0,146.9634246826172,146.8232879638672,0.14013671875
s_bird_137,resnet50_tl_20250829,8,4,80,36,84.0,40.0,146.9634246826172,146.8009796142578,0.162445068359375
s_bird_137,resnet50_tl_20250829,8,4,80,40,84.0,44.0,146.9634246826172,146.81851196289062,0.1449127197265625
s_bird_137,resnet50_tl_20250829,8,4,80,44,84.0,48.0,146.9634246826172,146.76992797851562,0.1934967041015625
s_bird_137,resnet50_tl_20250829,8,4,80,48,84.0,52.0,146.9634246826172,146.7972412109375,0.1661834716796875
s_bird_137,resnet50_tl_20250829,8,4,80,52,84.0,56.0,146.9634246826172,146.85748291015625,0.1059417724609375
s_bird_137,resnet50_tl_20250829,8,4,80,56,84.0,60.0,146.9634246826172,146.9469757080078,0.016448974609375
s_bird_137,resnet50_tl_20250829,8,4,80,60,84.0,64.0,146.9634246826172,146.79721069335938,0.1662139892578125
s_bird_137,resnet50_tl_20250829,8,4,80,64,84.0,68.0,146.9634246826172,146.65805053710938,0.3053741455078125
s_bird_137,resnet50_tl_20250829,8,4,80,68,84.0,72.0,146.9634246826172,146.8247833251953,0.138641357421875
s_bird_137,resnet50_tl_20250829,8,4,80,72,84.0,76.0,146.9634246826172,146.80795288085938,0.1554718017578125
s_bird_137,resnet50_tl_20250829,8,4,80,76,84.0,80.0,146.9634246826172,146.81655883789062,0.1468658447265625
s_bird_137,resnet50_tl_20250829,8,4,80,80,84.0,84.0,146.9634246826172,146.86448669433594,0.09893798828125
s_bird_137,resnet50_tl_20250829,8,4,80,84,84.0,88.0,146.9634246826172,146.83062744140625,0.1327972412109375
s_bird_137,resnet50_tl_20250829,8,4,80,88,84.0,92.0,146.9634246826172,146.80374145507812,0.1596832275390625
s_bird_137,resnet50_tl_20250829,8,4,80,92,84.0,96.0,146.9634246826172,146.8904571533203,0.072967529296875
s_bird_137,resnet50_tl_20250829,8,4,80,96,84.0,100.0,146.9634246826172,146.85426330566406,0.109161376953125
s_bird_137,resnet50_tl_20250829,8,4,80,100,84.0,104.0,146.9634246826172,146.8556671142578,0.107757568359375
s_bird_137,resnet50_tl_20250829,8,4,80,104,84.0,108.0,146.9634246826172,146.85797119140625,0.1054534912109375
s_bird_137,resnet50_tl_20250829,8,4,80,108,84.0,112.0,146.9634246826172,146.7999267578125,0.1634979248046875
s_bird_137,resnet50_tl_20250829,8,4,80,112,84.0,116.0,146.9634246826172,146.83657836914062,0.1268463134765625
s_bird_137,resnet50_tl_20250829,8,4,80,116,84.0,120.0,146.9634246826172,146.87306213378906,0.090362548828125
s_bird_137,resnet50_tl_20250829,8,4,80,120,84.0,124.0,146.9634246826172,146.92926025390625,0.0341644287109375
s_bird_137,resnet50_tl_20250829,8,4,80,124,84.0,128.0,146.9634246826172,146.84078979492188,0.1226348876953125
s_bird_137,resnet50_tl_20250829,8,4,80,128,84.0,132.0,146.9634246826172,146.82037353515625,0.1430511474609375
s_bird_137,resnet50_tl_20250829,8,4,80,132,84.0,136.0,146.9634246826172,146.83612060546875,0.1273040771484375
s_bird_137,resnet50_tl_20250829,8,4,80,136,84.0,140.0,146.9634246826172,146.97262573242188,-0.0092010498046875
s_bird_137,resnet50_tl_20250829,8,4,80,140,84.0,144.0,146.9634246826172,146.8665313720703,0.096893310546875
s_bird_137,resnet50_tl_20250829,8,4,80,144,84.0,148.0,146.9634246826172,146.88552856445312,0.0778961181640625
s_bird_137,resnet50_tl_20250829,8,4,80,148,84.0,152.0,146.9634246826172,146.92771911621094,0.03570556640625
s_bird_137,resnet50_tl_20250829,8,4,80,152,84.0,156.0,146.9634246826172,147.0259246826172,-0.0625
s_bird_137,resnet50_tl_20250829,8,4,80,156,84.0,160.0,146.9634246826172,146.9342498779297,0.0291748046875
s_bird_137,resnet50_tl_20250829,8,4,80,160,84.0,164.0,146.9634246826172,146.9412841796875,0.0221405029296875
s_bird_137,resnet50_tl_20250829,8,4,80,164,84.0,168.0,146.9634246826172,146.9746856689453,-0.011260986328125
s_bird_137,resnet50_tl_20250829,8,4,80,168,84.0,172.0,146.9634246826172,147.03651428222656,-0.073089599609375
s_bird_137,resnet50_tl_20250829,8,4,80,172,84.0,176.0,146.9634246826172,147.0022735595703,-0.038848876953125
s_bird_137,resnet50_tl_20250829,8,4,80,176,84.0,180.0,146.9634246826172,146.9945068359375,-0.0310821533203125
s_bird_137,resnet50_tl_20250829,8,4,80,180,84.0,184.0,146.9634246826172,146.99761962890625,-0.0341949462890625
s_bird_137,resnet50_tl_20250829,8,4,80,184,84.0,188.0,146.9634246826172,147.05633544921875,-0.0929107666015625
s_bird_137,resnet50_tl_20250829,8,4,80,188,84.0,192.0,146.9634246826172,147.05555725097656,-0.092132568359375
s_bird_137,resnet50_tl_20250829,8,4,80,192,84.0,196.0,146.9634246826172,147.06881713867188,-0.1053924560546875
s_bird_137,resnet50_tl_20250829,8,4,80,196,84.0,200.0,146.9634246826172,147.01174926757812,-0.0483245849609375
s_bird_137,resnet50_tl_20250829,8,4,80,200,84.0,204.0,146.9634246826172,146.98593139648438,-0.0225067138671875
s_bird_137,resnet50_tl_20250829,8,4,80,204,84.0,208.0,146.9634246826172,146.97007751464844,-0.00665283203125
s_bird_137,resnet50_tl_20250829,8,4,80,208,84.0,212.0,146.9634246826172,146.95191955566406,0.011505126953125
s_bird_137,resnet50_tl_20250829,8,4,80,212,84.0,216.0,146.9634246826172,146.9461212158203,0.017303466796875
s_bird_137,resnet50_tl_20250829,8,4,80,216,84.0,220.0,146.9634246826172,146.95947265625,0.0039520263671875
s_bird_137,resnet50_tl_20250829,8,4,84,0,88.0,4.0,146.9634246826172,146.95858764648438,0.0048370361328125
s_bird_137,resnet50_tl_20250829,8,4,84,4,88.0,8.0,146.9634246826172,147.0154571533203,-0.052032470703125
s_bird_137,resnet50_tl_20250829,8,4,84,8,88.0,12.0,146.9634246826172,147.06710815429688,-0.1036834716796875
s_bird_137,resnet50_tl_20250829,8,4,84,12,88.0,16.0,146.9634246826172,147.01220703125,-0.0487823486328125
s_bird_137,resnet50_tl_20250829,8,4,84,16,88.0,20.0,146.9634246826172,146.98046875,-0.0170440673828125
s_bird_137,resnet50_tl_20250829,8,4,84,20,88.0,24.0,146.9634246826172,146.96788024902344,-0.00445556640625
s_bird_137,resnet50_tl_20250829,8,4,84,24,88.0,28.0,146.9634246826172,146.81622314453125,0.1472015380859375
s_bird_137,resnet50_tl_20250829,8,4,84,28,88.0,32.0,146.9634246826172,146.82342529296875,0.1399993896484375
s_bird_137,resnet50_tl_20250829,8,4,84,32,88.0,36.0,146.9634246826172,146.80413818359375,0.1592864990234375
s_bird_137,resnet50_tl_20250829,8,4,84,36,88.0,40.0,146.9634246826172,146.7562255859375,0.2071990966796875
s_bird_137,resnet50_tl_20250829,8,4,84,40,88.0,44.0,146.9634246826172,146.7794189453125,0.1840057373046875
s_bird_137,resnet50_tl_20250829,8,4,84,44,88.0,48.0,146.9634246826172,146.80320739746094,0.16021728515625
s_bird_137,resnet50_tl_20250829,8,4,84,48,88.0,52.0,146.9634246826172,146.7949676513672,0.16845703125
s_bird_137,resnet50_tl_20250829,8,4,84,52,88.0,56.0,146.9634246826172,146.81541442871094,0.14801025390625
s_bird_137,resnet50_tl_20250829,8,4,84,56,88.0,60.0,146.9634246826172,146.8653564453125,0.0980682373046875
s_bird_137,resnet50_tl_20250829,8,4,84,60,88.0,64.0,146.9634246826172,146.9202117919922,0.043212890625
s_bird_137,resnet50_tl_20250829,8,4,84,64,88.0,68.0,146.9634246826172,147.1076202392578,-0.144195556640625
s_bird_137,resnet50_tl_20250829,8,4,84,68,88.0,72.0,146.9634246826172,146.84629821777344,0.11712646484375
s_bird_137,resnet50_tl_20250829,8,4,84,72,88.0,76.0,146.9634246826172,146.72659301757812,0.2368316650390625
s_bird_137,resnet50_tl_20250829,8,4,84,76,88.0,80.0,146.9634246826172,146.87596130371094,0.08746337890625
s_bird_137,resnet50_tl_20250829,8,4,84,80,88.0,84.0,146.9634246826172,146.87136840820312,0.0920562744140625
s_bird_137,resnet50_tl_20250829,8,4,84,84,88.0,88.0,146.9634246826172,146.77288818359375,0.1905364990234375
s_bird_137,resnet50_tl_20250829,8,4,84,88,88.0,92.0,146.9634246826172,146.80291748046875,0.1605072021484375
s_bird_137,resnet50_tl_20250829,8,4,84,92,88.0,96.0,146.9634246826172,146.80848693847656,0.154937744140625
s_bird_137,resnet50_tl_20250829,8,4,84,96,88.0,100.0,146.9634246826172,146.7615966796875,0.2018280029296875
s_bird_137,resnet50_tl_20250829,8,4,84,100,88.0,104.0,146.9634246826172,146.79457092285156,0.168853759765625
s_bird_137,resnet50_tl_20250829,8,4,84,104,88.0,108.0,146.9634246826172,146.83963012695312,0.1237945556640625
s_bird_137,resnet50_tl_20250829,8,4,84,108,88.0,112.0,146.9634246826172,146.87344360351562,0.0899810791015625
s_bird_137,resnet50_tl_20250829,8,4,84,112,88.0,116.0,146.9634246826172,146.83499145507812,0.1284332275390625
s_bird_137,resnet50_tl_20250829,8,4,84,116,88.0,120.0,146.9634246826172,147.02560424804688,-0.0621795654296875
s_bird_137,resnet50_tl_20250829,8,4,84,120,88.0,124.0,146.9634246826172,147.00485229492188,-0.0414276123046875
s_bird_137,resnet50_tl_20250829,8,4,84,124,88.0,128.0,146.9634246826172,147.01409912109375,-0.0506744384765625
s_bird_137,resnet50_tl_20250829,8,4,84,128,88.0,132.0,146.9634246826172,146.93226623535156,0.031158447265625
s_bird_137,resnet50_tl_20250829,8,4,84,132,88.0,136.0,146.9634246826172,147.0183563232422,-0.054931640625
s_bird_137,resnet50_tl_20250829,8,4,84,136,88.0,140.0,146.9634246826172,146.9945526123047,-0.0311279296875
s_bird_137,resnet50_tl_20250829,8,4,84,140,88.0,144.0,146.9634246826172,147.02276611328125,-0.0593414306640625
s_bird_137,resnet50_tl_20250829,8,4,84,144,88.0,148.0,146.9634246826172,147.02853393554688,-0.0651092529296875
s_bird_137,resnet50_tl_20250829,8,4,84,148,88.0,152.0,146.9634246826172,147.0806427001953,-0.117218017578125
s_bird_137,resnet50_tl_20250829,8,4,84,152,88.0,156.0,146.9634246826172,147.0495147705078,-0.086090087890625
s_bird_137,resnet50_tl_20250829,8,4,84,156,88.0,160.0,146.9634246826172,147.0809783935547,-0.1175537109375
s_bird_137,resnet50_tl_20250829,8,4,84,160,88.0,164.0,146.9634246826172,147.09347534179688,-0.1300506591796875
s_bird_137,resnet50_tl_20250829,8,4,84,164,88.0,168.0,146.9634246826172,147.10816955566406,-0.144744873046875
s_bird_137,resnet50_tl_20250829,8,4,84,168,88.0,172.0,146.9634246826172,147.06614685058594,-0.10272216796875
s_bird_137,resnet50_tl_20250829,8,4,84,172,88.0,176.0,146.9634246826172,147.11993408203125,-0.1565093994140625
s_bird_137,resnet50_tl_20250829,8,4,84,176,88.0,180.0,146.9634246826172,147.1121063232422,-0.148681640625
s_bird_137,resnet50_tl_20250829,8,4,84,180,88.0,184.0,146.9634246826172,147.09735107421875,-0.1339263916015625
s_bird_137,resnet50_tl_20250829,8,4,84,184,88.0,188.0,146.9634246826172,147.07861328125,-0.1151885986328125
s_bird_137,resnet50_tl_20250829,8,4,84,188,88.0,192.0,146.9634246826172,147.11370849609375,-0.1502838134765625
s_bird_137,resnet50_tl_20250829,8,4,84,192,88.0,196.0,146.9634246826172,147.11801147460938,-0.1545867919921875
s_bird_137,resnet50_tl_20250829,8,4,84,196,88.0,200.0,146.9634246826172,147.03103637695312,-0.0676116943359375
s_bird_137,resnet50_tl_20250829,8,4,84,200,88.0,204.0,146.9634246826172,146.98507690429688,-0.0216522216796875
s_bird_137,resnet50_tl_20250829,8,4,84,204,88.0,208.0,146.9634246826172,146.97669982910156,-0.013275146484375
s_bird_137,resnet50_tl_20250829,8,4,84,208,88.0,212.0,146.9634246826172,147.000244140625,-0.0368194580078125
s_bird_137,resnet50_tl_20250829,8,4,84,212,88.0,216.0,146.9634246826172,146.96371459960938,-0.0002899169921875
s_bird_137,resnet50_tl_20250829,8,4,84,216,88.0,220.0,146.9634246826172,146.95436096191406,0.009063720703125
s_bird_137,resnet50_tl_20250829,8,4,88,0,92.0,4.0,146.9634246826172,146.88243103027344,0.08099365234375
s_bird_137,resnet50_tl_20250829,8,4,88,4,92.0,8.0,146.9634246826172,146.9291534423828,0.034271240234375
s_bird_137,resnet50_tl_20250829,8,4,88,8,92.0,12.0,146.9634246826172,146.9869384765625,-0.0235137939453125
s_bird_137,resnet50_tl_20250829,8,4,88,12,92.0,16.0,146.9634246826172,146.914306640625,0.0491180419921875
s_bird_137,resnet50_tl_20250829,8,4,88,16,92.0,20.0,146.9634246826172,146.86868286132812,0.0947418212890625
s_bird_137,resnet50_tl_20250829,8,4,88,20,92.0,24.0,146.9634246826172,146.96316528320312,0.0002593994140625
s_bird_137,resnet50_tl_20250829,8,4,88,24,92.0,28.0,146.9634246826172,146.86270141601562,0.1007232666015625
s_bird_137,resnet50_tl_20250829,8,4,88,28,92.0,32.0,146.9634246826172,146.88970947265625,0.0737152099609375
s_bird_137,resnet50_tl_20250829,8,4,88,32,92.0,36.0,146.9634246826172,146.88626098632812,0.0771636962890625
s_bird_137,resnet50_tl_20250829,8,4,88,36,92.0,40.0,146.9634246826172,146.78465270996094,0.17877197265625
s_bird_137,resnet50_tl_20250829,8,4,88,40,92.0,44.0,146.9634246826172,146.797119140625,0.1663055419921875
s_bird_137,resnet50_tl_20250829,8,4,88,44,92.0,48.0,146.9634246826172,146.851806640625,0.1116180419921875
s_bird_137,resnet50_tl_20250829,8,4,88,48,92.0,52.0,146.9634246826172,146.83935546875,0.1240692138671875
s_bird_137,resnet50_tl_20250829,8,4,88,52,92.0,56.0,146.9634246826172,146.79010009765625,0.1733245849609375
s_bird_137,resnet50_tl_20250829,8,4,88,56,92.0,60.0,146.9634246826172,146.76113891601562,0.2022857666015625
s_bird_137,resnet50_tl_20250829,8,4,88,60,92.0,64.0,146.9634246826172,146.8409881591797,0.1224365234375
s_bird_137,resnet50_tl_20250829,8,4,88,64,92.0,68.0,146.9634246826172,146.91831970214844,0.04510498046875
s_bird_137,resnet50_tl_20250829,8,4,88,68,92.0,72.0,146.9634246826172,146.74603271484375,0.2173919677734375
s_bird_137,resnet50_tl_20250829,8,4,88,72,92.0,76.0,146.9634246826172,146.722900390625,0.2405242919921875
s_bird_137,resnet50_tl_20250829,8,4,88,76,92.0,80.0,146.9634246826172,146.8543243408203,0.109100341796875
s_bird_137,resnet50_tl_20250829,8,4,88,80,92.0,84.0,146.9634246826172,146.79734802246094,0.16607666015625
s_bird_137,resnet50_tl_20250829,8,4,88,84,92.0,88.0,146.9634246826172,146.7488250732422,0.214599609375
s_bird_137,resnet50_tl_20250829,8,4,88,88,92.0,92.0,146.9634246826172,146.81739807128906,0.146026611328125
s_bird_137,resnet50_tl_20250829,8,4,88,92,92.0,96.0,146.9634246826172,146.7936248779297,0.1697998046875
s_bird_137,resnet50_tl_20250829,8,4,88,96,92.0,100.0,146.9634246826172,146.77735900878906,0.186065673828125
s_bird_137,resnet50_tl_20250829,8,4,88,100,92.0,104.0,146.9634246826172,146.7692413330078,0.194183349609375
s_bird_137,resnet50_tl_20250829,8,4,88,104,92.0,108.0,146.9634246826172,146.87673950195312,0.0866851806640625
s_bird_137,resnet50_tl_20250829,8,4,88,108,92.0,112.0,146.9634246826172,146.8048858642578,0.158538818359375
s_bird_137,resnet50_tl_20250829,8,4,88,112,92.0,116.0,146.9634246826172,146.78131103515625,0.1821136474609375
s_bird_137,resnet50_tl_20250829,8,4,88,116,92.0,120.0,146.9634246826172,146.86312866210938,0.1002960205078125
s_bird_137,resnet50_tl_20250829,8,4,88,120,92.0,124.0,146.9634246826172,146.90350341796875,0.0599212646484375
s_bird_137,resnet50_tl_20250829,8,4,88,124,92.0,128.0,146.9634246826172,146.74009704589844,0.22332763671875
s_bird_137,resnet50_tl_20250829,8,4,88,128,92.0,132.0,146.9634246826172,146.7187042236328,0.244720458984375
s_bird_137,resnet50_tl_20250829,8,4,88,132,92.0,136.0,146.9634246826172,146.79110717773438,0.1723175048828125
s_bird_137,resnet50_tl_20250829,8,4,88,136,92.0,140.0,146.9634246826172,146.9386444091797,0.0247802734375
s_bird_137,resnet50_tl_20250829,8,4,88,140,92.0,144.0,146.9634246826172,146.8665771484375,0.0968475341796875
s_bird_137,resnet50_tl_20250829,8,4,88,144,92.0,148.0,146.9634246826172,146.88824462890625,0.0751800537109375
s_bird_137,resnet50_tl_20250829,8,4,88,148,92.0,152.0,146.9634246826172,146.91586303710938,0.0475616455078125
s_bird_137,resnet50_tl_20250829,8,4,88,152,92.0,156.0,146.9634246826172,146.99913024902344,-0.03570556640625
s_bird_137,resnet50_tl_20250829,8,4,88,156,92.0,160.0,146.9634246826172,146.91932678222656,0.044097900390625
s_bird_137,resnet50_tl_20250829,8,4,88,160,92.0,164.0,146.9634246826172,146.91397094726562,0.0494537353515625
s_bird_137,resnet50_tl_20250829,8,4,88,164,92.0,168.0,146.9634246826172,146.93948364257812,0.0239410400390625
s_bird_137,resnet50_tl_20250829,8,4,88,168,92.0,172.0,146.9634246826172,147.00804138183594,-0.04461669921875
s_bird_137,resnet50_tl_20250829,8,4,88,172,92.0,176.0,146.9634246826172,147.0222930908203,-0.058868408203125
s_bird_137,resnet50_tl_20250829,8,4,88,176,92.0,180.0,146.9634246826172,147.01303100585938,-0.0496063232421875
s_bird_137,resnet50_tl_20250829,8,4,88,180,92.0,184.0,146.9634246826172,147.0006561279297,-0.0372314453125
s_bird_137,resnet50_tl_20250829,8,4,88,184,92.0,188.0,146.9634246826172,147.0549774169922,-0.091552734375
s_bird_137,resnet50_tl_20250829,8,4,88,188,92.0,192.0,146.9634246826172,147.05441284179688,-0.0909881591796875
s_bird_137,resnet50_tl_20250829,8,4,88,192,92.0,196.0,146.9634246826172,147.0342254638672,-0.07080078125
s_bird_137,resnet50_tl_20250829,8,4,88,196,92.0,200.0,146.9634246826172,146.9838104248047,-0.0203857421875
s_bird_137,resnet50_tl_20250829,8,4,88,200,92.0,204.0,146.9634246826172,146.9798583984375,-0.0164337158203125
s_bird_137,resnet50_tl_20250829,8,4,88,204,92.0,208.0,146.9634246826172,147.0156707763672,-0.05224609375
s_bird_137,resnet50_tl_20250829,8,4,88,208,92.0,212.0,146.9634246826172,147.00730895996094,-0.04388427734375
s_bird_137,resnet50_tl_20250829,8,4,88,212,92.0,216.0,146.9634246826172,146.9742889404297,-0.0108642578125
s_bird_137,resnet50_tl_20250829,8,4,88,216,92.0,220.0,146.9634246826172,146.96234130859375,0.0010833740234375
s_bird_137,resnet50_tl_20250829,8,4,92,0,96.0,4.0,146.9634246826172,146.70748901367188,0.2559356689453125
s_bird_137,resnet50_tl_20250829,8,4,92,4,96.0,8.0,146.9634246826172,146.91909790039062,0.0443267822265625
s_bird_137,resnet50_tl_20250829,8,4,92,8,96.0,12.0,146.9634246826172,146.9662322998047,-0.0028076171875
s_bird_137,resnet50_tl_20250829,8,4,92,12,96.0,16.0,146.9634246826172,147.00088500976562,-0.0374603271484375
s_bird_137,resnet50_tl_20250829,8,4,92,16,96.0,20.0,146.9634246826172,146.8997039794922,0.063720703125
s_bird_137,resnet50_tl_20250829,8,4,92,20,96.0,24.0,146.9634246826172,146.8699188232422,0.093505859375
s_bird_137,resnet50_tl_20250829,8,4,92,24,96.0,28.0,146.9634246826172,146.98329162597656,-0.019866943359375
s_bird_137,resnet50_tl_20250829,8,4,92,28,96.0,32.0,146.9634246826172,147.01693725585938,-0.0535125732421875
s_bird_137,resnet50_tl_20250829,8,4,92,32,96.0,36.0,146.9634246826172,146.90243530273438,0.0609893798828125
s_bird_137,resnet50_tl_20250829,8,4,92,36,96.0,40.0,146.9634246826172,146.8341522216797,0.1292724609375
s_bird_137,resnet50_tl_20250829,8,4,92,40,96.0,44.0,146.9634246826172,146.8683319091797,0.0950927734375
s_bird_137,resnet50_tl_20250829,8,4,92,44,96.0,48.0,146.9634246826172,146.93353271484375,0.0298919677734375
s_bird_137,resnet50_tl_20250829,8,4,92,48,96.0,52.0,146.9634246826172,146.91021728515625,0.0532073974609375
s_bird_137,resnet50_tl_20250829,8,4,92,52,96.0,56.0,146.9634246826172,146.81057739257812,0.1528472900390625
s_bird_137,resnet50_tl_20250829,8,4,92,56,96.0,60.0,146.9634246826172,146.7652130126953,0.198211669921875
s_bird_137,resnet50_tl_20250829,8,4,92,60,96.0,64.0,146.9634246826172,146.7900390625,0.1733856201171875
s_bird_137,resnet50_tl_20250829,8,4,92,64,96.0,68.0,146.9634246826172,146.75816345214844,0.20526123046875
s_bird_137,resnet50_tl_20250829,8,4,92,68,96.0,72.0,146.9634246826172,146.7259063720703,0.237518310546875
s_bird_137,resnet50_tl_20250829,8,4,92,72,96.0,76.0,146.9634246826172,146.77178955078125,0.1916351318359375
s_bird_137,resnet50_tl_20250829,8,4,92,76,96.0,80.0,146.9634246826172,146.79141235351562,0.1720123291015625
s_bird_137,resnet50_tl_20250829,8,4,92,80,96.0,84.0,146.9634246826172,146.78785705566406,0.175567626953125
s_bird_137,resnet50_tl_20250829,8,4,92,84,96.0,88.0,146.9634246826172,146.8256072998047,0.1378173828125
s_bird_137,resnet50_tl_20250829,8,4,92,88,96.0,92.0,146.9634246826172,146.79537963867188,0.1680450439453125
s_bird_137,resnet50_tl_20250829,8,4,92,92,96.0,96.0,146.9634246826172,146.70242309570312,0.2610015869140625
s_bird_137,resnet50_tl_20250829,8,4,92,96,96.0,100.0,146.9634246826172,146.69195556640625,0.2714691162109375
s_bird_137,resnet50_tl_20250829,8,4,92,100,96.0,104.0,146.9634246826172,146.68270874023438,0.2807159423828125
s_bird_137,resnet50_tl_20250829,8,4,92,104,96.0,108.0,146.9634246826172,146.76275634765625,0.2006683349609375
s_bird_137,resnet50_tl_20250829,8,4,92,108,96.0,112.0,146.9634246826172,146.6016845703125,0.3617401123046875
s_bird_137,resnet50_tl_20250829,8,4,92,112,96.0,116.0,146.9634246826172,146.67210388183594,0.29132080078125
s_bird_137,resnet50_tl_20250829,8,4,92,116,96.0,120.0,146.9634246826172,146.93356323242188,0.0298614501953125
s_bird_137,resnet50_tl_20250829,8,4,92,120,96.0,124.0,146.9634246826172,146.94113159179688,0.0222930908203125
s_bird_137,resnet50_tl_20250829,8,4,92,124,96.0,128.0,146.9634246826172,146.73580932617188,0.2276153564453125
s_bird_137,resnet50_tl_20250829,8,4,92,128,96.0,132.0,146.9634246826172,146.6189727783203,0.344451904296875
s_bird_137,resnet50_tl_20250829,8,4,92,132,96.0,136.0,146.9634246826172,146.8574676513672,0.10595703125
s_bird_137,resnet50_tl_20250829,8,4,92,136,96.0,140.0,146.9634246826172,146.9840087890625,-0.0205841064453125
s_bird_137,resnet50_tl_20250829,8,4,92,140,96.0,144.0,146.9634246826172,146.9054718017578,0.057952880859375
s_bird_137,resnet50_tl_20250829,8,4,92,144,96.0,148.0,146.9634246826172,146.85658264160156,0.106842041015625
s_bird_137,resnet50_tl_20250829,8,4,92,148,96.0,152.0,146.9634246826172,147.0131072998047,-0.0496826171875
s_bird_137,resnet50_tl_20250829,8,4,92,152,96.0,156.0,146.9634246826172,147.0441436767578,-0.080718994140625
s_bird_137,resnet50_tl_20250829,8,4,92,156,96.0,160.0,146.9634246826172,146.8283233642578,0.135101318359375
s_bird_137,resnet50_tl_20250829,8,4,92,160,96.0,164.0,146.9634246826172,146.80784606933594,0.15557861328125
s_bird_137,resnet50_tl_20250829,8,4,92,164,96.0,168.0,146.9634246826172,146.9813690185547,-0.0179443359375
s_bird_137,resnet50_tl_20250829,8,4,92,168,96.0,172.0,146.9634246826172,147.03395080566406,-0.070526123046875
s_bird_137,resnet50_tl_20250829,8,4,92,172,96.0,176.0,146.9634246826172,147.0415496826172,-0.078125
s_bird_137,resnet50_tl_20250829,8,4,92,176,96.0,180.0,146.9634246826172,146.98753356933594,-0.02410888671875
s_bird_137,resnet50_tl_20250829,8,4,92,180,96.0,184.0,146.9634246826172,147.0491943359375,-0.0857696533203125
s_bird_137,resnet50_tl_20250829,8,4,92,184,96.0,188.0,146.9634246826172,147.07485961914062,-0.1114349365234375
s_bird_137,resnet50_tl_20250829,8,4,92,188,96.0,192.0,146.9634246826172,147.0095672607422,-0.046142578125
s_bird_137,resnet50_tl_20250829,8,4,92,192,96.0,196.0,146.9634246826172,146.9799346923828,-0.016510009765625
s_bird_137,resnet50_tl_20250829,8,4,92,196,96.0,200.0,146.9634246826172,146.94129943847656,0.022125244140625
s_bird_137,resnet50_tl_20250829,8,4,92,200,96.0,204.0,146.9634246826172,146.9789276123047,-0.0155029296875
s_bird_137,resnet50_tl_20250829,8,4,92,204,96.0,208.0,146.9634246826172,147.03160095214844,-0.06817626953125
s_bird_137,resnet50_tl_20250829,8,4,92,208,96.0,212.0,146.9634246826172,147.01950073242188,-0.0560760498046875
s_bird_137,resnet50_tl_20250829,8,4,92,212,96.0,216.0,146.9634246826172,146.9806365966797,-0.0172119140625
s_bird_137,resnet50_tl_20250829,8,4,92,216,96.0,220.0,146.9634246826172,146.9766387939453,-0.013214111328125
s_bird_137,resnet50_tl_20250829,8,4,96,0,100.0,4.0,146.9634246826172,146.7712860107422,0.192138671875
s_bird_137,resnet50_tl_20250829,8,4,96,4,100.0,8.0,146.9634246826172,146.87765502929688,0.0857696533203125
s_bird_137,resnet50_tl_20250829,8,4,96,8,100.0,12.0,146.9634246826172,146.9278106689453,0.035614013671875
s_bird_137,resnet50_tl_20250829,8,4,96,12,100.0,16.0,146.9634246826172,146.9263153076172,0.037109375
s_bird_137,resnet50_tl_20250829,8,4,96,16,100.0,20.0,146.9634246826172,146.9161834716797,0.0472412109375
s_bird_137,resnet50_tl_20250829,8,4,96,20,100.0,24.0,146.9634246826172,146.87306213378906,0.090362548828125
s_bird_137,resnet50_tl_20250829,8,4,96,24,100.0,28.0,146.9634246826172,146.95480346679688,0.0086212158203125
s_bird_137,resnet50_tl_20250829,8,4,96,28,100.0,32.0,146.9634246826172,146.9987030029297,-0.0352783203125
s_bird_137,resnet50_tl_20250829,8,4,96,32,100.0,36.0,146.9634246826172,146.91873168945312,0.0446929931640625
s_bird_137,resnet50_tl_20250829,8,4,96,36,100.0,40.0,146.9634246826172,146.85797119140625,0.1054534912109375
s_bird_137,resnet50_tl_20250829,8,4,96,40,100.0,44.0,146.9634246826172,146.87132263183594,0.09210205078125
s_bird_137,resnet50_tl_20250829,8,4,96,44,100.0,48.0,146.9634246826172,146.9322509765625,0.0311737060546875
s_bird_137,resnet50_tl_20250829,8,4,96,48,100.0,52.0,146.9634246826172,146.93394470214844,0.02947998046875
s_bird_137,resnet50_tl_20250829,8,4,96,52,100.0,56.0,146.9634246826172,146.82977294921875,0.1336517333984375
s_bird_137,resnet50_tl_20250829,8,4,96,56,100.0,60.0,146.9634246826172,146.8111114501953,0.152313232421875
s_bird_137,resnet50_tl_20250829,8,4,96,60,100.0,64.0,146.9634246826172,146.80361938476562,0.1598052978515625
s_bird_137,resnet50_tl_20250829,8,4,96,64,100.0,68.0,146.9634246826172,146.80027770996094,0.16314697265625
s_bird_137,resnet50_tl_20250829,8,4,96,68,100.0,72.0,146.9634246826172,146.7657470703125,0.1976776123046875
s_bird_137,resnet50_tl_20250829,8,4,96,72,100.0,76.0,146.9634246826172,146.81100463867188,0.1524200439453125
s_bird_137,resnet50_tl_20250829,8,4,96,76,100.0,80.0,146.9634246826172,146.79701232910156,0.166412353515625
s_bird_137,resnet50_tl_20250829,8,4,96,80,100.0,84.0,146.9634246826172,146.86978149414062,0.0936431884765625
s_bird_137,resnet50_tl_20250829,8,4,96,84,100.0,88.0,146.9634246826172,146.87440490722656,0.089019775390625
s_bird_137,resnet50_tl_20250829,8,4,96,88,100.0,92.0,146.9634246826172,146.8650665283203,0.098358154296875
s_bird_137,resnet50_tl_20250829,8,4,96,92,100.0,96.0,146.9634246826172,146.726318359375,0.2371063232421875
s_bird_137,resnet50_tl_20250829,8,4,96,96,100.0,100.0,146.9634246826172,146.71969604492188,0.2437286376953125
s_bird_137,resnet50_tl_20250829,8,4,96,100,100.0,104.0,146.9634246826172,146.70826721191406,0.255157470703125
s_bird_137,resnet50_tl_20250829,8,4,96,104,100.0,108.0,146.9634246826172,146.77432250976562,0.1891021728515625
s_bird_137,resnet50_tl_20250829,8,4,96,108,100.0,112.0,146.9634246826172,146.7000732421875,0.2633514404296875
s_bird_137,resnet50_tl_20250829,8,4,96,112,100.0,116.0,146.9634246826172,146.71002197265625,0.2534027099609375
s_bird_137,resnet50_tl_20250829,8,4,96,116,100.0,120.0,146.9634246826172,146.85739135742188,0.1060333251953125
s_bird_137,resnet50_tl_20250829,8,4,96,120,100.0,124.0,146.9634246826172,146.9210968017578,0.042327880859375
s_bird_137,resnet50_tl_20250829,8,4,96,124,100.0,128.0,146.9634246826172,146.68408203125,0.2793426513671875
s_bird_137,resnet50_tl_20250829,8,4,96,128,100.0,132.0,146.9634246826172,146.63381958007812,0.3296051025390625
s_bird_137,resnet50_tl_20250829,8,4,96,132,100.0,136.0,146.9634246826172,146.7643585205078,0.199066162109375
s_bird_137,resnet50_tl_20250829,8,4,96,136,100.0,140.0,146.9634246826172,146.92767333984375,0.0357513427734375
s_bird_137,resnet50_tl_20250829,8,4,96,140,100.0,144.0,146.9634246826172,146.80072021484375,0.1627044677734375
s_bird_137,resnet50_tl_20250829,8,4,96,144,100.0,148.0,146.9634246826172,146.8362579345703,0.127166748046875
s_bird_137,resnet50_tl_20250829,8,4,96,148,100.0,152.0,146.9634246826172,146.90771484375,0.0557098388671875
s_bird_137,resnet50_tl_20250829,8,4,96,152,100.0,156.0,146.9634246826172,147.0043182373047,-0.0408935546875
s_bird_137,resnet50_tl_20250829,8,4,96,156,100.0,160.0,146.9634246826172,146.82278442382812,0.1406402587890625
s_bird_137,resnet50_tl_20250829,8,4,96,160,100.0,164.0,146.9634246826172,146.82797241210938,0.1354522705078125
s_bird_137,resnet50_tl_20250829,8,4,96,164,100.0,168.0,146.9634246826172,146.93063354492188,0.0327911376953125
s_bird_137,resnet50_tl_20250829,8,4,96,168,100.0,172.0,146.9634246826172,147.00094604492188,-0.0375213623046875
s_bird_137,resnet50_tl_20250829,8,4,96,172,100.0,176.0,146.9634246826172,146.9821014404297,-0.0186767578125
s_bird_137,resnet50_tl_20250829,8,4,96,176,100.0,180.0,146.9634246826172,146.97450256347656,-0.011077880859375
s_bird_137,resnet50_tl_20250829,8,4,96,180,100.0,184.0,146.9634246826172,146.98831176757812,-0.0248870849609375
s_bird_137,resnet50_tl_20250829,8,4,96,184,100.0,188.0,146.9634246826172,147.0450439453125,-0.0816192626953125
s_bird_137,resnet50_tl_20250829,8,4,96,188,100.0,192.0,146.9634246826172,146.99557495117188,-0.0321502685546875
s_bird_137,resnet50_tl_20250829,8,4,96,192,100.0,196.0,146.9634246826172,146.98745727539062,-0.0240325927734375
s_bird_137,resnet50_tl_20250829,8,4,96,196,100.0,200.0,146.9634246826172,146.97171020507812,-0.0082855224609375
s_bird_137,resnet50_tl_20250829,8,4,96,200,100.0,204.0,146.9634246826172,146.9741973876953,-0.010772705078125
s_bird_137,resnet50_tl_20250829,8,4,96,204,100.0,208.0,146.9634246826172,147.0109405517578,-0.047515869140625
s_bird_137,resnet50_tl_20250829,8,4,96,208,100.0,212.0,146.9634246826172,147.00462341308594,-0.04119873046875
s_bird_137,resnet50_tl_20250829,8,4,96,212,100.0,216.0,146.9634246826172,146.98309326171875,-0.0196685791015625
s_bird_137,resnet50_tl_20250829,8,4,96,216,100.0,220.0,146.9634246826172,146.983642578125,-0.0202178955078125
s_bird_137,resnet50_tl_20250829,8,4,100,0,104.0,4.0,146.9634246826172,146.9066162109375,0.0568084716796875
s_bird_137,resnet50_tl_20250829,8,4,100,4,104.0,8.0,146.9634246826172,146.918212890625,0.0452117919921875
s_bird_137,resnet50_tl_20250829,8,4,100,8,104.0,12.0,146.9634246826172,146.9805908203125,-0.0171661376953125
s_bird_137,resnet50_tl_20250829,8,4,100,12,104.0,16.0,146.9634246826172,146.98733520507812,-0.0239105224609375
s_bird_137,resnet50_tl_20250829,8,4,100,16,104.0,20.0,146.9634246826172,146.94093322753906,0.022491455078125
s_bird_137,resnet50_tl_20250829,8,4,100,20,104.0,24.0,146.9634246826172,146.93907165527344,0.02435302734375
s_bird_137,resnet50_tl_20250829,8,4,100,24,104.0,28.0,146.9634246826172,146.921630859375,0.0417938232421875
s_bird_137,resnet50_tl_20250829,8,4,100,28,104.0,32.0,146.9634246826172,147.00732421875,-0.0438995361328125
s_bird_137,resnet50_tl_20250829,8,4,100,32,104.0,36.0,146.9634246826172,146.94374084472656,0.019683837890625
s_bird_137,resnet50_tl_20250829,8,4,100,36,104.0,40.0,146.9634246826172,146.83929443359375,0.1241302490234375
s_bird_137,resnet50_tl_20250829,8,4,100,40,104.0,44.0,146.9634246826172,146.79237365722656,0.171051025390625
s_bird_137,resnet50_tl_20250829,8,4,100,44,104.0,48.0,146.9634246826172,146.85679626464844,0.10662841796875
s_bird_137,resnet50_tl_20250829,8,4,100,48,104.0,52.0,146.9634246826172,146.83070373535156,0.132720947265625
s_bird_137,resnet50_tl_20250829,8,4,100,52,104.0,56.0,146.9634246826172,146.73329162597656,0.230133056640625
s_bird_137,resnet50_tl_20250829,8,4,100,56,104.0,60.0,146.9634246826172,146.67628479003906,0.287139892578125
s_bird_137,resnet50_tl_20250829,8,4,100,60,104.0,64.0,146.9634246826172,146.75494384765625,0.2084808349609375
s_bird_137,resnet50_tl_20250829,8,4,100,64,104.0,68.0,146.9634246826172,146.73974609375,0.2236785888671875
s_bird_137,resnet50_tl_20250829,8,4,100,68,104.0,72.0,146.9634246826172,146.75518798828125,0.2082366943359375
s_bird_137,resnet50_tl_20250829,8,4,100,72,104.0,76.0,146.9634246826172,146.83583068847656,0.127593994140625
s_bird_137,resnet50_tl_20250829,8,4,100,76,104.0,80.0,146.9634246826172,146.83697509765625,0.1264495849609375
s_bird_137,resnet50_tl_20250829,8,4,100,80,104.0,84.0,146.9634246826172,146.83743286132812,0.1259918212890625
s_bird_137,resnet50_tl_20250829,8,4,100,84,104.0,88.0,146.9634246826172,146.82217407226562,0.1412506103515625
s_bird_137,resnet50_tl_20250829,8,4,100,88,104.0,92.0,146.9634246826172,146.75424194335938,0.2091827392578125
s_bird_137,resnet50_tl_20250829,8,4,100,92,104.0,96.0,146.9634246826172,146.68038940429688,0.2830352783203125
s_bird_137,resnet50_tl_20250829,8,4,100,96,104.0,100.0,146.9634246826172,146.64834594726562,0.3150787353515625
s_bird_137,resnet50_tl_20250829,8,4,100,100,104.0,104.0,146.9634246826172,146.67367553710938,0.2897491455078125
s_bird_137,resnet50_tl_20250829,8,4,100,104,104.0,108.0,146.9634246826172,146.78829956054688,0.1751251220703125
s_bird_137,resnet50_tl_20250829,8,4,100,108,104.0,112.0,146.9634246826172,146.66656494140625,0.2968597412109375
s_bird_137,resnet50_tl_20250829,8,4,100,112,104.0,116.0,146.9634246826172,146.7104949951172,0.2529296875
s_bird_137,resnet50_tl_20250829,8,4,100,116,104.0,120.0,146.9634246826172,146.97369384765625,-0.0102691650390625
s_bird_137,resnet50_tl_20250829,8,4,100,120,104.0,124.0,146.9634246826172,146.90609741210938,0.0573272705078125
s_bird_137,resnet50_tl_20250829,8,4,100,124,104.0,128.0,146.9634246826172,146.9429473876953,0.020477294921875
s_bird_137,resnet50_tl_20250829,8,4,100,128,104.0,132.0,146.9634246826172,146.86203002929688,0.1013946533203125
s_bird_137,resnet50_tl_20250829,8,4,100,132,104.0,136.0,146.9634246826172,146.96356201171875,-0.0001373291015625
s_bird_137,resnet50_tl_20250829,8,4,100,136,104.0,140.0,146.9634246826172,146.93011474609375,0.0333099365234375
s_bird_137,resnet50_tl_20250829,8,4,100,140,104.0,144.0,146.9634246826172,146.99447631835938,-0.0310516357421875
s_bird_137,resnet50_tl_20250829,8,4,100,144,104.0,148.0,146.9634246826172,146.9919891357422,-0.028564453125
s_bird_137,resnet50_tl_20250829,8,4,100,148,104.0,152.0,146.9634246826172,147.08395385742188,-0.1205291748046875
s_bird_137,resnet50_tl_20250829,8,4,100,152,104.0,156.0,146.9634246826172,147.02166748046875,-0.0582427978515625
s_bird_137,resnet50_tl_20250829,8,4,100,156,104.0,160.0,146.9634246826172,147.07240295410156,-0.108978271484375
s_bird_137,resnet50_tl_20250829,8,4,100,160,104.0,164.0,146.9634246826172,147.05227661132812,-0.0888519287109375
s_bird_137,resnet50_tl_20250829,8,4,100,164,104.0,168.0,146.9634246826172,147.08148193359375,-0.1180572509765625
s_bird_137,resnet50_tl_20250829,8,4,100,168,104.0,172.0,146.9634246826172,147.02743530273438,-0.0640106201171875
s_bird_137,resnet50_tl_20250829,8,4,100,172,104.0,176.0,146.9634246826172,147.1124267578125,-0.1490020751953125
s_bird_137,resnet50_tl_20250829,8,4,100,176,104.0,180.0,146.9634246826172,147.0742950439453,-0.110870361328125
s_bird_137,resnet50_tl_20250829,8,4,100,180,104.0,184.0,146.9634246826172,147.09349060058594,-0.13006591796875
s_bird_137,resnet50_tl_20250829,8,4,100,184,104.0,188.0,146.9634246826172,147.05581665039062,-0.0923919677734375
s_bird_137,resnet50_tl_20250829,8,4,100,188,104.0,192.0,146.9634246826172,147.10694885253906,-0.143524169921875
s_bird_137,resnet50_tl_20250829,8,4,100,192,104.0,196.0,146.9634246826172,147.09320068359375,-0.1297760009765625
s_bird_137,resnet50_tl_20250829,8,4,100,196,104.0,200.0,146.9634246826172,147.01329040527344,-0.04986572265625
s_bird_137,resnet50_tl_20250829,8,4,100,200,104.0,204.0,146.9634246826172,146.9624786376953,0.000946044921875
s_bird_137,resnet50_tl_20250829,8,4,100,204,104.0,208.0,146.9634246826172,146.98574829101562,-0.0223236083984375
s_bird_137,resnet50_tl_20250829,8,4,100,208,104.0,212.0,146.9634246826172,146.99746704101562,-0.0340423583984375
s_bird_137,resnet50_tl_20250829,8,4,100,212,104.0,216.0,146.9634246826172,146.976318359375,-0.0128936767578125
s_bird_137,resnet50_tl_20250829,8,4,100,216,104.0,220.0,146.9634246826172,146.96365356445312,-0.0002288818359375
s_bird_137,resnet50_tl_20250829,8,4,104,0,108.0,4.0,146.9634246826172,146.82672119140625,0.1367034912109375
s_bird_137,resnet50_tl_20250829,8,4,104,4,108.0,8.0,146.9634246826172,146.83482360839844,0.12860107421875
s_bird_137,resnet50_tl_20250829,8,4,104,8,108.0,12.0,146.9634246826172,146.9675750732422,-0.004150390625
s_bird_137,resnet50_tl_20250829,8,4,104,12,108.0,16.0,146.9634246826172,146.94717407226562,0.0162506103515625
s_bird_137,resnet50_tl_20250829,8,4,104,16,108.0,20.0,146.9634246826172,146.8894805908203,0.073944091796875
s_bird_137,resnet50_tl_20250829,8,4,104,20,108.0,24.0,146.9634246826172,146.86944580078125,0.0939788818359375
s_bird_137,resnet50_tl_20250829,8,4,104,24,108.0,28.0,146.9634246826172,146.93392944335938,0.0294952392578125
s_bird_137,resnet50_tl_20250829,8,4,104,28,108.0,32.0,146.9634246826172,147.05714416503906,-0.093719482421875
s_bird_137,resnet50_tl_20250829,8,4,104,32,108.0,36.0,146.9634246826172,146.9365997314453,0.026824951171875
s_bird_137,resnet50_tl_20250829,8,4,104,36,108.0,40.0,146.9634246826172,146.8287811279297,0.1346435546875
s_bird_137,resnet50_tl_20250829,8,4,104,40,108.0,44.0,146.9634246826172,146.7524871826172,0.2109375
s_bird_137,resnet50_tl_20250829,8,4,104,44,108.0,48.0,146.9634246826172,146.79360961914062,0.1698150634765625
s_bird_137,resnet50_tl_20250829,8,4,104,48,108.0,52.0,146.9634246826172,146.8400421142578,0.123382568359375
s_bird_137,resnet50_tl_20250829,8,4,104,52,108.0,56.0,146.9634246826172,146.7108917236328,0.252532958984375
s_bird_137,resnet50_tl_20250829,8,4,104,56,108.0,60.0,146.9634246826172,146.71884155273438,0.2445831298828125
s_bird_137,resnet50_tl_20250829,8,4,104,60,108.0,64.0,146.9634246826172,146.8063507080078,0.157073974609375
s_bird_137,resnet50_tl_20250829,8,4,104,64,108.0,68.0,146.9634246826172,146.82113647460938,0.1422882080078125
s_bird_137,resnet50_tl_20250829,8,4,104,68,108.0,72.0,146.9634246826172,146.83145141601562,0.1319732666015625
s_bird_137,resnet50_tl_20250829,8,4,104,72,108.0,76.0,146.9634246826172,146.88433837890625,0.0790863037109375
s_bird_137,resnet50_tl_20250829,8,4,104,76,108.0,80.0,146.9634246826172,146.90151977539062,0.0619049072265625
s_bird_137,resnet50_tl_20250829,8,4,104,80,108.0,84.0,146.9634246826172,146.91993713378906,0.043487548828125
s_bird_137,resnet50_tl_20250829,8,4,104,84,108.0,88.0,146.9634246826172,146.8988494873047,0.0645751953125
s_bird_137,resnet50_tl_20250829,8,4,104,88,108.0,92.0,146.9634246826172,146.78965759277344,0.17376708984375
s_bird_137,resnet50_tl_20250829,8,4,104,92,108.0,96.0,146.9634246826172,146.7178497314453,0.245574951171875
s_bird_137,resnet50_tl_20250829,8,4,104,96,108.0,100.0,146.9634246826172,146.68661499023438,0.2768096923828125
s_bird_137,resnet50_tl_20250829,8,4,104,100,108.0,104.0,146.9634246826172,146.5469970703125,0.4164276123046875
s_bird_137,resnet50_tl_20250829,8,4,104,104,108.0,108.0,146.9634246826172,146.7053985595703,0.258026123046875
s_bird_137,resnet50_tl_20250829,8,4,104,108,108.0,112.0,146.9634246826172,146.7069091796875,0.2565155029296875
s_bird_137,resnet50_tl_20250829,8,4,104,112,108.0,116.0,146.9634246826172,146.7737274169922,0.189697265625
s_bird_137,resnet50_tl_20250829,8,4,104,116,108.0,120.0,146.9634246826172,146.87574768066406,0.087677001953125
s_bird_137,resnet50_tl_20250829,8,4,104,120,108.0,124.0,146.9634246826172,146.80990600585938,0.1535186767578125
s_bird_137,resnet50_tl_20250829,8,4,104,124,108.0,128.0,146.9634246826172,146.64981079101562,0.3136138916015625
s_bird_137,resnet50_tl_20250829,8,4,104,128,108.0,132.0,146.9634246826172,146.6666717529297,0.2967529296875
s_bird_137,resnet50_tl_20250829,8,4,104,132,108.0,136.0,146.9634246826172,146.73643493652344,0.22698974609375
s_bird_137,resnet50_tl_20250829,8,4,104,136,108.0,140.0,146.9634246826172,146.88839721679688,0.0750274658203125
s_bird_137,resnet50_tl_20250829,8,4,104,140,108.0,144.0,146.9634246826172,146.8312225341797,0.1322021484375
s_bird_137,resnet50_tl_20250829,8,4,104,144,108.0,148.0,146.9634246826172,146.85806274414062,0.1053619384765625
s_bird_137,resnet50_tl_20250829,8,4,104,148,108.0,152.0,146.9634246826172,146.90138244628906,0.062042236328125
s_bird_137,resnet50_tl_20250829,8,4,104,152,108.0,156.0,146.9634246826172,146.98049926757812,-0.0170745849609375
s_bird_137,resnet50_tl_20250829,8,4,104,156,108.0,160.0,146.9634246826172,146.9097137451172,0.0537109375
s_bird_137,resnet50_tl_20250829,8,4,104,160,108.0,164.0,146.9634246826172,146.89633178710938,0.0670928955078125
s_bird_137,resnet50_tl_20250829,8,4,104,164,108.0,168.0,146.9634246826172,146.9193572998047,0.0440673828125
s_bird_137,resnet50_tl_20250829,8,4,104,168,108.0,172.0,146.9634246826172,146.97589111328125,-0.0124664306640625
s_bird_137,resnet50_tl_20250829,8,4,104,172,108.0,176.0,146.9634246826172,146.9640655517578,-0.000640869140625
s_bird_137,resnet50_tl_20250829,8,4,104,176,108.0,180.0,146.9634246826172,146.9419708251953,0.021453857421875
s_bird_137,resnet50_tl_20250829,8,4,104,180,108.0,184.0,146.9634246826172,146.94297790527344,0.02044677734375
s_bird_137,resnet50_tl_20250829,8,4,104,184,108.0,188.0,146.9634246826172,147.03659057617188,-0.0731658935546875
s_bird_137,resnet50_tl_20250829,8,4,104,188,108.0,192.0,146.9634246826172,147.06692504882812,-0.1035003662109375
s_bird_137,resnet50_tl_20250829,8,4,104,192,108.0,196.0,146.9634246826172,147.04885864257812,-0.0854339599609375
s_bird_137,resnet50_tl_20250829,8,4,104,196,108.0,200.0,146.9634246826172,146.9740753173828,-0.010650634765625
s_bird_137,resnet50_tl_20250829,8,4,104,200,108.0,204.0,146.9634246826172,146.9510955810547,0.0123291015625
s_bird_137,resnet50_tl_20250829,8,4,104,204,108.0,208.0,146.9634246826172,146.9721221923828,-0.008697509765625
s_bird_137,resnet50_tl_20250829,8,4,104,208,108.0,212.0,146.9634246826172,146.95750427246094,0.00592041015625
s_bird_137,resnet50_tl_20250829,8,4,104,212,108.0,216.0,146.9634246826172,146.95497131347656,0.008453369140625
s_bird_137,resnet50_tl_20250829,8,4,104,216,108.0,220.0,146.9634246826172,146.95835876464844,0.00506591796875
s_bird_137,resnet50_tl_20250829,8,4,108,0,112.0,4.0,146.9634246826172,146.72299194335938,0.2404327392578125
s_bird_137,resnet50_tl_20250829,8,4,108,4,112.0,8.0,146.9634246826172,146.84710693359375,0.1163177490234375
s_bird_137,resnet50_tl_20250829,8,4,108,8,112.0,12.0,146.9634246826172,146.98455810546875,-0.0211334228515625
s_bird_137,resnet50_tl_20250829,8,4,108,12,112.0,16.0,146.9634246826172,146.91607666015625,0.0473480224609375
s_bird_137,resnet50_tl_20250829,8,4,108,16,112.0,20.0,146.9634246826172,146.83810424804688,0.1253204345703125
s_bird_137,resnet50_tl_20250829,8,4,108,20,112.0,24.0,146.9634246826172,146.92279052734375,0.0406341552734375
s_bird_137,resnet50_tl_20250829,8,4,108,24,112.0,28.0,146.9634246826172,147.02658081054688,-0.0631561279296875
s_bird_137,resnet50_tl_20250829,8,4,108,28,112.0,32.0,146.9634246826172,147.1295166015625,-0.1660919189453125
s_bird_137,resnet50_tl_20250829,8,4,108,32,112.0,36.0,146.9634246826172,146.98239135742188,-0.0189666748046875
s_bird_137,resnet50_tl_20250829,8,4,108,36,112.0,40.0,146.9634246826172,146.90182495117188,0.0615997314453125
s_bird_137,resnet50_tl_20250829,8,4,108,40,112.0,44.0,146.9634246826172,146.77882385253906,0.184600830078125
s_bird_137,resnet50_tl_20250829,8,4,108,44,112.0,48.0,146.9634246826172,146.84738159179688,0.1160430908203125
s_bird_137,resnet50_tl_20250829,8,4,108,48,112.0,52.0,146.9634246826172,146.8695831298828,0.093841552734375
s_bird_137,resnet50_tl_20250829,8,4,108,52,112.0,56.0,146.9634246826172,146.77008056640625,0.1933441162109375
s_bird_137,resnet50_tl_20250829,8,4,108,56,112.0,60.0,146.9634246826172,146.77891540527344,0.18450927734375
s_bird_137,resnet50_tl_20250829,8,4,108,60,112.0,64.0,146.9634246826172,146.85227966308594,0.11114501953125
s_bird_137,resnet50_tl_20250829,8,4,108,64,112.0,68.0,146.9634246826172,146.8145751953125,0.1488494873046875
s_bird_137,resnet50_tl_20250829,8,4,108,68,112.0,72.0,146.9634246826172,146.8020782470703,0.161346435546875
s_bird_137,resnet50_tl_20250829,8,4,108,72,112.0,76.0,146.9634246826172,146.78338623046875,0.1800384521484375
s_bird_137,resnet50_tl_20250829,8,4,108,76,112.0,80.0,146.9634246826172,147.05914306640625,-0.0957183837890625
s_bird_137,resnet50_tl_20250829,8,4,108,80,112.0,84.0,146.9634246826172,147.11654663085938,-0.1531219482421875
s_bird_137,resnet50_tl_20250829,8,4,108,84,112.0,88.0,146.9634246826172,147.078125,-0.1147003173828125
s_bird_137,resnet50_tl_20250829,8,4,108,88,112.0,92.0,146.9634246826172,146.94906616210938,0.0143585205078125
s_bird_137,resnet50_tl_20250829,8,4,108,92,112.0,96.0,146.9634246826172,146.7238006591797,0.2396240234375
s_bird_137,resnet50_tl_20250829,8,4,108,96,112.0,100.0,146.9634246826172,146.6170196533203,0.346405029296875
s_bird_137,resnet50_tl_20250829,8,4,108,100,112.0,104.0,146.9634246826172,146.6362762451172,0.3271484375
s_bird_137,resnet50_tl_20250829,8,4,108,104,112.0,108.0,146.9634246826172,146.75164794921875,0.2117767333984375
s_bird_137,resnet50_tl_20250829,8,4,108,108,112.0,112.0,146.9634246826172,146.73426818847656,0.229156494140625
s_bird_137,resnet50_tl_20250829,8,4,108,112,112.0,116.0,146.9634246826172,146.7204132080078,0.243011474609375
s_bird_137,resnet50_tl_20250829,8,4,108,116,112.0,120.0,146.9634246826172,146.80821228027344,0.15521240234375
s_bird_137,resnet50_tl_20250829,8,4,108,120,112.0,124.0,146.9634246826172,146.75460815429688,0.2088165283203125
s_bird_137,resnet50_tl_20250829,8,4,108,124,112.0,128.0,146.9634246826172,146.63250732421875,0.3309173583984375
s_bird_137,resnet50_tl_20250829,8,4,108,128,112.0,132.0,146.9634246826172,146.54156494140625,0.4218597412109375
s_bird_137,resnet50_tl_20250829,8,4,108,132,112.0,136.0,146.9634246826172,146.7970733642578,0.166351318359375
s_bird_137,resnet50_tl_20250829,8,4,108,136,112.0,140.0,146.9634246826172,146.9396514892578,0.023773193359375
s_bird_137,resnet50_tl_20250829,8,4,108,140,112.0,144.0,146.9634246826172,146.83740234375,0.1260223388671875
s_bird_137,resnet50_tl_20250829,8,4,108,144,112.0,148.0,146.9634246826172,146.79632568359375,0.1670989990234375
s_bird_137,resnet50_tl_20250829,8,4,108,148,112.0,152.0,146.9634246826172,146.9833221435547,-0.0198974609375
s_bird_137,resnet50_tl_20250829,8,4,108,152,112.0,156.0,146.9634246826172,147.0248565673828,-0.061431884765625
s_bird_137,resnet50_tl_20250829,8,4,108,156,112.0,160.0,146.9634246826172,146.87557983398438,0.0878448486328125
s_bird_137,resnet50_tl_20250829,8,4,108,160,112.0,164.0,146.9634246826172,146.84371948242188,0.1197052001953125
s_bird_137,resnet50_tl_20250829,8,4,108,164,112.0,168.0,146.9634246826172,146.97723388671875,-0.0138092041015625
s_bird_137,resnet50_tl_20250829,8,4,108,168,112.0,172.0,146.9634246826172,147.01614379882812,-0.0527191162109375
s_bird_137,resnet50_tl_20250829,8,4,108,172,112.0,176.0,146.9634246826172,146.93959045410156,0.023834228515625
s_bird_137,resnet50_tl_20250829,8,4,108,176,112.0,180.0,146.9634246826172,146.87303161621094,0.09039306640625
s_bird_137,resnet50_tl_20250829,8,4,108,180,112.0,184.0,146.9634246826172,146.9781036376953,-0.014678955078125
s_bird_137,resnet50_tl_20250829,8,4,108,184,112.0,188.0,146.9634246826172,147.05126953125,-0.0878448486328125
s_bird_137,resnet50_tl_20250829,8,4,108,188,112.0,192.0,146.9634246826172,147.04351806640625,-0.0800933837890625
s_bird_137,resnet50_tl_20250829,8,4,108,192,112.0,196.0,146.9634246826172,147.0211944580078,-0.057769775390625
s_bird_137,resnet50_tl_20250829,8,4,108,196,112.0,200.0,146.9634246826172,146.945068359375,0.0183563232421875
s_bird_137,resnet50_tl_20250829,8,4,108,200,112.0,204.0,146.9634246826172,146.94981384277344,0.01361083984375
s_bird_137,resnet50_tl_20250829,8,4,108,204,112.0,208.0,146.9634246826172,146.95816040039062,0.0052642822265625
s_bird_137,resnet50_tl_20250829,8,4,108,208,112.0,212.0,146.9634246826172,146.94410705566406,0.019317626953125
s_bird_137,resnet50_tl_20250829,8,4,108,212,112.0,216.0,146.9634246826172,146.92808532714844,0.03533935546875
s_bird_137,resnet50_tl_20250829,8,4,108,216,112.0,220.0,146.9634246826172,146.95584106445312,0.0075836181640625
s_bird_137,resnet50_tl_20250829,8,4,112,0,116.0,4.0,146.9634246826172,146.75143432617188,0.2119903564453125
s_bird_137,resnet50_tl_20250829,8,4,112,4,116.0,8.0,146.9634246826172,146.78294372558594,0.18048095703125
s_bird_137,resnet50_tl_20250829,8,4,112,8,116.0,12.0,146.9634246826172,146.93841552734375,0.0250091552734375
s_bird_137,resnet50_tl_20250829,8,4,112,12,116.0,16.0,146.9634246826172,146.8629150390625,0.1005096435546875
s_bird_137,resnet50_tl_20250829,8,4,112,16,116.0,20.0,146.9634246826172,146.85153198242188,0.1118927001953125
s_bird_137,resnet50_tl_20250829,8,4,112,20,116.0,24.0,146.9634246826172,146.89401245117188,0.0694122314453125
s_bird_137,resnet50_tl_20250829,8,4,112,24,116.0,28.0,146.9634246826172,147.00262451171875,-0.0391998291015625
s_bird_137,resnet50_tl_20250829,8,4,112,28,116.0,32.0,146.9634246826172,146.97027587890625,-0.0068511962890625
s_bird_137,resnet50_tl_20250829,8,4,112,32,116.0,36.0,146.9634246826172,146.91136169433594,0.05206298828125
s_bird_137,resnet50_tl_20250829,8,4,112,36,116.0,40.0,146.9634246826172,146.89830017089844,0.06512451171875
s_bird_137,resnet50_tl_20250829,8,4,112,40,116.0,44.0,146.9634246826172,146.80999755859375,0.1534271240234375
s_bird_137,resnet50_tl_20250829,8,4,112,44,116.0,48.0,146.9634246826172,146.85723876953125,0.1061859130859375
s_bird_137,resnet50_tl_20250829,8,4,112,48,116.0,52.0,146.9634246826172,146.89431762695312,0.0691070556640625
s_bird_137,resnet50_tl_20250829,8,4,112,52,116.0,56.0,146.9634246826172,146.76393127441406,0.199493408203125
s_bird_137,resnet50_tl_20250829,8,4,112,56,116.0,60.0,146.9634246826172,146.8328399658203,0.130584716796875
s_bird_137,resnet50_tl_20250829,8,4,112,60,116.0,64.0,146.9634246826172,146.87188720703125,0.0915374755859375
s_bird_137,resnet50_tl_20250829,8,4,112,64,116.0,68.0,146.9634246826172,146.82237243652344,0.14105224609375
s_bird_137,resnet50_tl_20250829,8,4,112,68,116.0,72.0,146.9634246826172,146.79100036621094,0.17242431640625
s_bird_137,resnet50_tl_20250829,8,4,112,72,116.0,76.0,146.9634246826172,146.7480010986328,0.215423583984375
s_bird_137,resnet50_tl_20250829,8,4,112,76,116.0,80.0,146.9634246826172,146.94747924804688,0.0159454345703125
s_bird_137,resnet50_tl_20250829,8,4,112,80,116.0,84.0,146.9634246826172,147.0072784423828,-0.043853759765625
s_bird_137,resnet50_tl_20250829,8,4,112,84,116.0,88.0,146.9634246826172,147.12217712402344,-0.15875244140625
s_bird_137,resnet50_tl_20250829,8,4,112,88,116.0,92.0,146.9634246826172,146.9320068359375,0.0314178466796875
s_bird_137,resnet50_tl_20250829,8,4,112,92,116.0,96.0,146.9634246826172,146.6675567626953,0.295867919921875
s_bird_137,resnet50_tl_20250829,8,4,112,96,116.0,100.0,146.9634246826172,146.60044860839844,0.36297607421875
s_bird_137,resnet50_tl_20250829,8,4,112,100,116.0,104.0,146.9634246826172,146.5428924560547,0.4205322265625
s_bird_137,resnet50_tl_20250829,8,4,112,104,116.0,108.0,146.9634246826172,146.74530029296875,0.2181243896484375
s_bird_137,resnet50_tl_20250829,8,4,112,108,116.0,112.0,146.9634246826172,146.81019592285156,0.153228759765625
s_bird_137,resnet50_tl_20250829,8,4,112,112,116.0,116.0,146.9634246826172,146.67376708984375,0.2896575927734375
s_bird_137,resnet50_tl_20250829,8,4,112,116,116.0,120.0,146.9634246826172,146.69277954101562,0.2706451416015625
s_bird_137,resnet50_tl_20250829,8,4,112,120,116.0,124.0,146.9634246826172,146.6593475341797,0.3040771484375
s_bird_137,resnet50_tl_20250829,8,4,112,124,116.0,128.0,146.9634246826172,146.5002899169922,0.463134765625
s_bird_137,resnet50_tl_20250829,8,4,112,128,116.0,132.0,146.9634246826172,146.55020141601562,0.4132232666015625
s_bird_137,resnet50_tl_20250829,8,4,112,132,116.0,136.0,146.9634246826172,146.69651794433594,0.26690673828125
s_bird_137,resnet50_tl_20250829,8,4,112,136,116.0,140.0,146.9634246826172,146.88026428222656,0.083160400390625
s_bird_137,resnet50_tl_20250829,8,4,112,140,116.0,144.0,146.9634246826172,146.73220825195312,0.2312164306640625
s_bird_137,resnet50_tl_20250829,8,4,112,144,116.0,148.0,146.9634246826172,146.8050994873047,0.1583251953125
s_bird_137,resnet50_tl_20250829,8,4,112,148,116.0,152.0,146.9634246826172,146.88836669921875,0.0750579833984375
s_bird_137,resnet50_tl_20250829,8,4,112,152,116.0,156.0,146.9634246826172,146.97686767578125,-0.0134429931640625
s_bird_137,resnet50_tl_20250829,8,4,112,156,116.0,160.0,146.9634246826172,146.8397979736328,0.123626708984375
s_bird_137,resnet50_tl_20250829,8,4,112,160,116.0,164.0,146.9634246826172,146.85272216796875,0.1107025146484375
s_bird_137,resnet50_tl_20250829,8,4,112,164,116.0,168.0,146.9634246826172,146.90591430664062,0.0575103759765625
s_bird_137,resnet50_tl_20250829,8,4,112,168,116.0,172.0,146.9634246826172,146.9811553955078,-0.017730712890625
s_bird_137,resnet50_tl_20250829,8,4,112,172,116.0,176.0,146.9634246826172,146.90081787109375,0.0626068115234375
s_bird_137,resnet50_tl_20250829,8,4,112,176,116.0,180.0,146.9634246826172,146.89340209960938,0.0700225830078125
s_bird_137,resnet50_tl_20250829,8,4,112,180,116.0,184.0,146.9634246826172,146.9292449951172,0.0341796875
s_bird_137,resnet50_tl_20250829,8,4,112,184,116.0,188.0,146.9634246826172,147.0164337158203,-0.053009033203125
s_bird_137,resnet50_tl_20250829,8,4,112,188,116.0,192.0,146.9634246826172,147.0058135986328,-0.042388916015625
s_bird_137,resnet50_tl_20250829,8,4,112,192,116.0,196.0,146.9634246826172,147.02320861816406,-0.059783935546875
s_bird_137,resnet50_tl_20250829,8,4,112,196,116.0,200.0,146.9634246826172,146.98072814941406,-0.017303466796875
s_bird_137,resnet50_tl_20250829,8,4,112,200,116.0,204.0,146.9634246826172,146.96339416503906,3.0517578125e-05
s_bird_137,resnet50_tl_20250829,8,4,112,204,116.0,208.0,146.9634246826172,146.95541381835938,0.0080108642578125
s_bird_137,resnet50_tl_20250829,8,4,112,208,116.0,212.0,146.9634246826172,146.94357299804688,0.0198516845703125
s_bird_137,resnet50_tl_20250829,8,4,112,212,116.0,216.0,146.9634246826172,146.93618774414062,0.0272369384765625
s_bird_137,resnet50_tl_20250829,8,4,112,216,116.0,220.0,146.9634246826172,146.9561004638672,0.00732421875
s_bird_137,resnet50_tl_20250829,8,4,116,0,120.0,4.0,146.9634246826172,146.90721130371094,0.05621337890625
s_bird_137,resnet50_tl_20250829,8,4,116,4,120.0,8.0,146.9634246826172,146.875732421875,0.0876922607421875
s_bird_137,resnet50_tl_20250829,8,4,116,8,120.0,12.0,146.9634246826172,146.9957275390625,-0.0323028564453125
s_bird_137,resnet50_tl_20250829,8,4,116,12,120.0,16.0,146.9634246826172,147.01773071289062,-0.0543060302734375
s_bird_137,resnet50_tl_20250829,8,4,116,16,120.0,20.0,146.9634246826172,146.95802307128906,0.005401611328125
s_bird_137,resnet50_tl_20250829,8,4,116,20,120.0,24.0,146.9634246826172,146.9970245361328,-0.033599853515625
s_bird_137,resnet50_tl_20250829,8,4,116,24,120.0,28.0,146.9634246826172,146.85513305664062,0.1082916259765625
s_bird_137,resnet50_tl_20250829,8,4,116,28,120.0,32.0,146.9634246826172,146.79812622070312,0.1652984619140625
s_bird_137,resnet50_tl_20250829,8,4,116,32,120.0,36.0,146.9634246826172,146.77845764160156,0.184967041015625
s_bird_137,resnet50_tl_20250829,8,4,116,36,120.0,40.0,146.9634246826172,146.77789306640625,0.1855316162109375
s_bird_137,resnet50_tl_20250829,8,4,116,40,120.0,44.0,146.9634246826172,146.67462158203125,0.2888031005859375
s_bird_137,resnet50_tl_20250829,8,4,116,44,120.0,48.0,146.9634246826172,146.72491455078125,0.2385101318359375
s_bird_137,resnet50_tl_20250829,8,4,116,48,120.0,52.0,146.9634246826172,146.7740478515625,0.1893768310546875
s_bird_137,resnet50_tl_20250829,8,4,116,52,120.0,56.0,146.9634246826172,146.71530151367188,0.2481231689453125
s_bird_137,resnet50_tl_20250829,8,4,116,56,120.0,60.0,146.9634246826172,146.77532958984375,0.1880950927734375
s_bird_137,resnet50_tl_20250829,8,4,116,60,120.0,64.0,146.9634246826172,146.76536560058594,0.19805908203125
s_bird_137,resnet50_tl_20250829,8,4,116,64,120.0,68.0,146.9634246826172,146.73426818847656,0.229156494140625
s_bird_137,resnet50_tl_20250829,8,4,116,68,120.0,72.0,146.9634246826172,146.75399780273438,0.2094268798828125
s_bird_137,resnet50_tl_20250829,8,4,116,72,120.0,76.0,146.9634246826172,146.80892944335938,0.1544952392578125
s_bird_137,resnet50_tl_20250829,8,4,116,76,120.0,80.0,146.9634246826172,146.94895935058594,0.01446533203125
s_bird_137,resnet50_tl_20250829,8,4,116,80,120.0,84.0,146.9634246826172,147.08299255371094,-0.11956787109375
s_bird_137,resnet50_tl_20250829,8,4,116,84,120.0,88.0,146.9634246826172,147.14041137695312,-0.1769866943359375
s_bird_137,resnet50_tl_20250829,8,4,116,88,120.0,92.0,146.9634246826172,146.82598876953125,0.1374359130859375
s_bird_137,resnet50_tl_20250829,8,4,116,92,120.0,96.0,146.9634246826172,146.60153198242188,0.3618927001953125
s_bird_137,resnet50_tl_20250829,8,4,116,96,120.0,100.0,146.9634246826172,146.48350524902344,0.47991943359375
s_bird_137,resnet50_tl_20250829,8,4,116,100,120.0,104.0,146.9634246826172,146.5486297607422,0.414794921875
s_bird_137,resnet50_tl_20250829,8,4,116,104,120.0,108.0,146.9634246826172,146.4961395263672,0.46728515625
s_bird_137,resnet50_tl_20250829,8,4,116,108,120.0,112.0,146.9634246826172,146.58071899414062,0.3827056884765625
s_bird_137,resnet50_tl_20250829,8,4,116,112,120.0,116.0,146.9634246826172,146.5682830810547,0.3951416015625
s_bird_137,resnet50_tl_20250829,8,4,116,116,120.0,120.0,146.9634246826172,146.87879943847656,0.084625244140625
s_bird_137,resnet50_tl_20250829,8,4,116,120,120.0,124.0,146.9634246826172,146.7383575439453,0.225067138671875
s_bird_137,resnet50_tl_20250829,8,4,116,124,120.0,128.0,146.9634246826172,146.791748046875,0.1716766357421875
s_bird_137,resnet50_tl_20250829,8,4,116,128,120.0,132.0,146.9634246826172,146.76226806640625,0.2011566162109375
s_bird_137,resnet50_tl_20250829,8,4,116,132,120.0,136.0,146.9634246826172,146.88140869140625,0.0820159912109375
s_bird_137,resnet50_tl_20250829,8,4,116,136,120.0,140.0,146.9634246826172,146.84820556640625,0.1152191162109375
s_bird_137,resnet50_tl_20250829,8,4,116,140,120.0,144.0,146.9634246826172,146.94081115722656,0.022613525390625
s_bird_137,resnet50_tl_20250829,8,4,116,144,120.0,148.0,146.9634246826172,146.98126220703125,-0.0178375244140625
s_bird_137,resnet50_tl_20250829,8,4,116,148,120.0,152.0,146.9634246826172,147.0435028076172,-0.080078125
s_bird_137,resnet50_tl_20250829,8,4,116,152,120.0,156.0,146.9634246826172,146.97970581054688,-0.0162811279296875
s_bird_137,resnet50_tl_20250829,8,4,116,156,120.0,160.0,146.9634246826172,147.0390625,-0.0756378173828125
s_bird_137,resnet50_tl_20250829,8,4,116,160,120.0,164.0,146.9634246826172,147.03720092773438,-0.0737762451171875
s_bird_137,resnet50_tl_20250829,8,4,116,164,120.0,168.0,146.9634246826172,147.0715789794922,-0.108154296875
s_bird_137,resnet50_tl_20250829,8,4,116,168,120.0,172.0,146.9634246826172,146.99392700195312,-0.0305023193359375
s_bird_137,resnet50_tl_20250829,8,4,116,172,120.0,176.0,146.9634246826172,147.08839416503906,-0.124969482421875
s_bird_137,resnet50_tl_20250829,8,4,116,176,120.0,180.0,146.9634246826172,147.0711669921875,-0.1077423095703125
s_bird_137,resnet50_tl_20250829,8,4,116,180,120.0,184.0,146.9634246826172,147.06712341308594,-0.10369873046875
s_bird_137,resnet50_tl_20250829,8,4,116,184,120.0,188.0,146.9634246826172,147.02560424804688,-0.0621795654296875
s_bird_137,resnet50_tl_20250829,8,4,116,188,120.0,192.0,146.9634246826172,147.08694458007812,-0.1235198974609375
s_bird_137,resnet50_tl_20250829,8,4,116,192,120.0,196.0,146.9634246826172,147.09686279296875,-0.1334381103515625
s_bird_137,resnet50_tl_20250829,8,4,116,196,120.0,200.0,146.9634246826172,147.01968383789062,-0.0562591552734375
s_bird_137,resnet50_tl_20250829,8,4,116,200,120.0,204.0,146.9634246826172,146.9508514404297,0.0125732421875
s_bird_137,resnet50_tl_20250829,8,4,116,204,120.0,208.0,146.9634246826172,146.97373962402344,-0.01031494140625
s_bird_137,resnet50_tl_20250829,8,4,116,208,120.0,212.0,146.9634246826172,146.99819946289062,-0.0347747802734375
s_bird_137,resnet50_tl_20250829,8,4,116,212,120.0,216.0,146.9634246826172,146.95980834960938,0.0036163330078125
s_bird_137,resnet50_tl_20250829,8,4,116,216,120.0,220.0,146.9634246826172,146.95310974121094,0.01031494140625
s_bird_137,resnet50_tl_20250829,8,4,120,0,124.0,4.0,146.9634246826172,146.7933349609375,0.1700897216796875
s_bird_137,resnet50_tl_20250829,8,4,120,4,124.0,8.0,146.9634246826172,146.7965850830078,0.166839599609375
s_bird_137,resnet50_tl_20250829,8,4,120,8,124.0,12.0,146.9634246826172,146.91246032714844,0.05096435546875
s_bird_137,resnet50_tl_20250829,8,4,120,12,124.0,16.0,146.9634246826172,146.8519287109375,0.1114959716796875
s_bird_137,resnet50_tl_20250829,8,4,120,16,124.0,20.0,146.9634246826172,146.80372619628906,0.159698486328125
s_bird_137,resnet50_tl_20250829,8,4,120,20,124.0,24.0,146.9634246826172,146.90106201171875,0.0623626708984375
s_bird_137,resnet50_tl_20250829,8,4,120,24,124.0,28.0,146.9634246826172,146.82379150390625,0.1396331787109375
s_bird_137,resnet50_tl_20250829,8,4,120,28,124.0,32.0,146.9634246826172,146.76686096191406,0.196563720703125
s_bird_137,resnet50_tl_20250829,8,4,120,32,124.0,36.0,146.9634246826172,146.74937438964844,0.21405029296875
s_bird_137,resnet50_tl_20250829,8,4,120,36,124.0,40.0,146.9634246826172,146.7528076171875,0.2106170654296875
s_bird_137,resnet50_tl_20250829,8,4,120,40,124.0,44.0,146.9634246826172,146.6541748046875,0.3092498779296875
s_bird_137,resnet50_tl_20250829,8,4,120,44,124.0,48.0,146.9634246826172,146.6774444580078,0.285980224609375
s_bird_137,resnet50_tl_20250829,8,4,120,48,124.0,52.0,146.9634246826172,146.67715454101562,0.2862701416015625
s_bird_137,resnet50_tl_20250829,8,4,120,52,124.0,56.0,146.9634246826172,146.6551055908203,0.308319091796875
s_bird_137,resnet50_tl_20250829,8,4,120,56,124.0,60.0,146.9634246826172,146.74124145507812,0.2221832275390625
s_bird_137,resnet50_tl_20250829,8,4,120,60,124.0,64.0,146.9634246826172,146.79031372070312,0.1731109619140625
s_bird_137,resnet50_tl_20250829,8,4,120,64,124.0,68.0,146.9634246826172,146.76754760742188,0.1958770751953125
s_bird_137,resnet50_tl_20250829,8,4,120,68,124.0,72.0,146.9634246826172,146.7452392578125,0.2181854248046875
s_bird_137,resnet50_tl_20250829,8,4,120,72,124.0,76.0,146.9634246826172,146.8304443359375,0.1329803466796875
s_bird_137,resnet50_tl_20250829,8,4,120,76,124.0,80.0,146.9634246826172,147.01608276367188,-0.0526580810546875
s_bird_137,resnet50_tl_20250829,8,4,120,80,124.0,84.0,146.9634246826172,147.01260375976562,-0.0491790771484375
s_bird_137,resnet50_tl_20250829,8,4,120,84,124.0,88.0,146.9634246826172,146.92514038085938,0.0382843017578125
s_bird_137,resnet50_tl_20250829,8,4,120,88,124.0,92.0,146.9634246826172,146.84347534179688,0.1199493408203125
s_bird_137,resnet50_tl_20250829,8,4,120,92,124.0,96.0,146.9634246826172,146.78500366210938,0.1784210205078125
s_bird_137,resnet50_tl_20250829,8,4,120,96,124.0,100.0,146.9634246826172,146.69642639160156,0.266998291015625
s_bird_137,resnet50_tl_20250829,8,4,120,100,124.0,104.0,146.9634246826172,146.86439514160156,0.099029541015625
s_bird_137,resnet50_tl_20250829,8,4,120,104,124.0,108.0,146.9634246826172,146.72030639648438,0.2431182861328125
s_bird_137,resnet50_tl_20250829,8,4,120,108,124.0,112.0,146.9634246826172,146.585205078125,0.3782196044921875
s_bird_137,resnet50_tl_20250829,8,4,120,112,124.0,116.0,146.9634246826172,146.538330078125,0.4250946044921875
s_bird_137,resnet50_tl_20250829,8,4,120,116,124.0,120.0,146.9634246826172,146.59799194335938,0.3654327392578125
s_bird_137,resnet50_tl_20250829,8,4,120,120,124.0,124.0,146.9634246826172,146.71017456054688,0.2532501220703125
s_bird_137,resnet50_tl_20250829,8,4,120,124,124.0,128.0,146.9634246826172,146.62014770507812,0.3432769775390625
s_bird_137,resnet50_tl_20250829,8,4,120,128,124.0,132.0,146.9634246826172,146.61697387695312,0.3464508056640625
s_bird_137,resnet50_tl_20250829,8,4,120,132,124.0,136.0,146.9634246826172,146.6827392578125,0.2806854248046875
s_bird_137,resnet50_tl_20250829,8,4,120,136,124.0,140.0,146.9634246826172,146.82081604003906,0.142608642578125
s_bird_137,resnet50_tl_20250829,8,4,120,140,124.0,144.0,146.9634246826172,146.80494689941406,0.158477783203125
s_bird_137,resnet50_tl_20250829,8,4,120,144,124.0,148.0,146.9634246826172,146.83164978027344,0.13177490234375
s_bird_137,resnet50_tl_20250829,8,4,120,148,124.0,152.0,146.9634246826172,146.8866424560547,0.0767822265625
s_bird_137,resnet50_tl_20250829,8,4,120,152,124.0,156.0,146.9634246826172,146.92588806152344,0.03753662109375
s_bird_137,resnet50_tl_20250829,8,4,120,156,124.0,160.0,146.9634246826172,146.86163330078125,0.1017913818359375
s_bird_137,resnet50_tl_20250829,8,4,120,160,124.0,164.0,146.9634246826172,146.84341430664062,0.1200103759765625
s_bird_137,resnet50_tl_20250829,8,4,120,164,124.0,168.0,146.9634246826172,146.8848114013672,0.07861328125
s_bird_137,resnet50_tl_20250829,8,4,120,168,124.0,172.0,146.9634246826172,146.92466735839844,0.03875732421875
s_bird_137,resnet50_tl_20250829,8,4,120,172,124.0,176.0,146.9634246826172,146.9615020751953,0.001922607421875
s_bird_137,resnet50_tl_20250829,8,4,120,176,124.0,180.0,146.9634246826172,146.9559326171875,0.0074920654296875
s_bird_137,resnet50_tl_20250829,8,4,120,180,124.0,184.0,146.9634246826172,146.94808959960938,0.0153350830078125
s_bird_137,resnet50_tl_20250829,8,4,120,184,124.0,188.0,146.9634246826172,146.99932861328125,-0.0359039306640625
s_bird_137,resnet50_tl_20250829,8,4,120,188,124.0,192.0,146.9634246826172,147.00967407226562,-0.0462493896484375
s_bird_137,resnet50_tl_20250829,8,4,120,192,124.0,196.0,146.9634246826172,146.98883056640625,-0.0254058837890625
s_bird_137,resnet50_tl_20250829,8,4,120,196,124.0,200.0,146.9634246826172,146.9525146484375,0.0109100341796875
s_bird_137,resnet50_tl_20250829,8,4,120,200,124.0,204.0,146.9634246826172,146.9478759765625,0.0155487060546875
s_bird_137,resnet50_tl_20250829,8,4,120,204,124.0,208.0,146.9634246826172,147.00682067871094,-0.04339599609375
s_bird_137,resnet50_tl_20250829,8,4,120,208,124.0,212.0,146.9634246826172,146.9994659423828,-0.036041259765625
s_bird_137,resnet50_tl_20250829,8,4,120,212,124.0,216.0,146.9634246826172,146.96560668945312,-0.0021820068359375
s_bird_137,resnet50_tl_20250829,8,4,120,216,124.0,220.0,146.9634246826172,146.9561309814453,0.007293701171875
s_bird_137,resnet50_tl_20250829,8,4,124,0,128.0,4.0,146.9634246826172,146.71176147460938,0.2516632080078125
s_bird_137,resnet50_tl_20250829,8,4,124,4,128.0,8.0,146.9634246826172,146.8588409423828,0.104583740234375
s_bird_137,resnet50_tl_20250829,8,4,124,8,128.0,12.0,146.9634246826172,146.96365356445312,-0.0002288818359375
s_bird_137,resnet50_tl_20250829,8,4,124,12,128.0,16.0,146.9634246826172,146.91676330566406,0.046661376953125
s_bird_137,resnet50_tl_20250829,8,4,124,16,128.0,20.0,146.9634246826172,146.77357482910156,0.189849853515625
s_bird_137,resnet50_tl_20250829,8,4,124,20,128.0,24.0,146.9634246826172,146.84249877929688,0.1209259033203125
s_bird_137,resnet50_tl_20250829,8,4,124,24,128.0,28.0,146.9634246826172,146.83731079101562,0.1261138916015625
s_bird_137,resnet50_tl_20250829,8,4,124,28,128.0,32.0,146.9634246826172,146.58731079101562,0.3761138916015625
s_bird_137,resnet50_tl_20250829,8,4,124,32,128.0,36.0,146.9634246826172,146.5812530517578,0.382171630859375
s_bird_137,resnet50_tl_20250829,8,4,124,36,128.0,40.0,146.9634246826172,146.6685028076172,0.294921875
s_bird_137,resnet50_tl_20250829,8,4,124,40,128.0,44.0,146.9634246826172,146.7027130126953,0.260711669921875
s_bird_137,resnet50_tl_20250829,8,4,124,44,128.0,48.0,146.9634246826172,146.8217010498047,0.1417236328125
s_bird_137,resnet50_tl_20250829,8,4,124,48,128.0,52.0,146.9634246826172,146.7496337890625,0.2137908935546875
s_bird_137,resnet50_tl_20250829,8,4,124,52,128.0,56.0,146.9634246826172,146.7259521484375,0.2374725341796875
s_bird_137,resnet50_tl_20250829,8,4,124,56,128.0,60.0,146.9634246826172,146.76345825195312,0.1999664306640625
s_bird_137,resnet50_tl_20250829,8,4,124,60,128.0,64.0,146.9634246826172,146.85745239257812,0.1059722900390625
s_bird_137,resnet50_tl_20250829,8,4,124,64,128.0,68.0,146.9634246826172,146.79698181152344,0.16644287109375
s_bird_137,resnet50_tl_20250829,8,4,124,68,128.0,72.0,146.9634246826172,146.780517578125,0.1829071044921875
s_bird_137,resnet50_tl_20250829,8,4,124,72,128.0,76.0,146.9634246826172,146.77073669433594,0.19268798828125
s_bird_137,resnet50_tl_20250829,8,4,124,76,128.0,80.0,146.9634246826172,146.859619140625,0.1038055419921875
s_bird_137,resnet50_tl_20250829,8,4,124,80,128.0,84.0,146.9634246826172,146.87918090820312,0.0842437744140625
s_bird_137,resnet50_tl_20250829,8,4,124,84,128.0,88.0,146.9634246826172,147.05532836914062,-0.0919036865234375
s_bird_137,resnet50_tl_20250829,8,4,124,88,128.0,92.0,146.9634246826172,146.93362426757812,0.0298004150390625
s_bird_137,resnet50_tl_20250829,8,4,124,92,128.0,96.0,146.9634246826172,147.1122283935547,-0.1488037109375
s_bird_137,resnet50_tl_20250829,8,4,124,96,128.0,100.0,146.9634246826172,146.79847717285156,0.164947509765625
s_bird_137,resnet50_tl_20250829,8,4,124,100,128.0,104.0,146.9634246826172,147.03834533691406,-0.074920654296875
s_bird_137,resnet50_tl_20250829,8,4,124,104,128.0,108.0,146.9634246826172,146.93763732910156,0.025787353515625
s_bird_137,resnet50_tl_20250829,8,4,124,108,128.0,112.0,146.9634246826172,146.84469604492188,0.1187286376953125
s_bird_137,resnet50_tl_20250829,8,4,124,112,128.0,116.0,146.9634246826172,146.548828125,0.4145965576171875
s_bird_137,resnet50_tl_20250829,8,4,124,116,128.0,120.0,146.9634246826172,146.7740020751953,0.189422607421875
s_bird_137,resnet50_tl_20250829,8,4,124,120,128.0,124.0,146.9634246826172,146.80409240722656,0.159332275390625
s_bird_137,resnet50_tl_20250829,8,4,124,124,128.0,128.0,146.9634246826172,146.6259002685547,0.3375244140625
s_bird_137,resnet50_tl_20250829,8,4,124,128,128.0,132.0,146.9634246826172,146.531982421875,0.4314422607421875
s_bird_137,resnet50_tl_20250829,8,4,124,132,128.0,136.0,146.9634246826172,146.7787322998047,0.1846923828125
s_bird_137,resnet50_tl_20250829,8,4,124,136,128.0,140.0,146.9634246826172,146.90345764160156,0.059967041015625
s_bird_137,resnet50_tl_20250829,8,4,124,140,128.0,144.0,146.9634246826172,146.90545654296875,0.0579681396484375
s_bird_137,resnet50_tl_20250829,8,4,124,144,128.0,148.0,146.9634246826172,146.8279571533203,0.135467529296875
s_bird_137,resnet50_tl_20250829,8,4,124,148,128.0,152.0,146.9634246826172,147.01454162597656,-0.051116943359375
s_bird_137,resnet50_tl_20250829,8,4,124,152,128.0,156.0,146.9634246826172,146.9931182861328,-0.029693603515625
s_bird_137,resnet50_tl_20250829,8,4,124,156,128.0,160.0,146.9634246826172,146.7724609375,0.1909637451171875
s_bird_137,resnet50_tl_20250829,8,4,124,160,128.0,164.0,146.9634246826172,146.7199249267578,0.243499755859375
s_bird_137,resnet50_tl_20250829,8,4,124,164,128.0,168.0,146.9634246826172,146.96005249023438,0.0033721923828125
s_bird_137,resnet50_tl_20250829,8,4,124,168,128.0,172.0,146.9634246826172,146.9814910888672,-0.01806640625
s_bird_137,resnet50_tl_20250829,8,4,124,172,128.0,176.0,146.9634246826172,146.9924774169922,-0.029052734375
s_bird_137,resnet50_tl_20250829,8,4,124,176,128.0,180.0,146.9634246826172,146.91348266601562,0.0499420166015625
s_bird_137,resnet50_tl_20250829,8,4,124,180,128.0,184.0,146.9634246826172,147.01315307617188,-0.0497283935546875
s_bird_137,resnet50_tl_20250829,8,4,124,184,128.0,188.0,146.9634246826172,147.035400390625,-0.0719757080078125
s_bird_137,resnet50_tl_20250829,8,4,124,188,128.0,192.0,146.9634246826172,146.94622802734375,0.0171966552734375
s_bird_137,resnet50_tl_20250829,8,4,124,192,128.0,196.0,146.9634246826172,146.90354919433594,0.05987548828125
s_bird_137,resnet50_tl_20250829,8,4,124,196,128.0,200.0,146.9634246826172,146.9042510986328,0.059173583984375
s_bird_137,resnet50_tl_20250829,8,4,124,200,128.0,204.0,146.9634246826172,146.9500732421875,0.0133514404296875
s_bird_137,resnet50_tl_20250829,8,4,124,204,128.0,208.0,146.9634246826172,147.0358428955078,-0.072418212890625
s_bird_137,resnet50_tl_20250829,8,4,124,208,128.0,212.0,146.9634246826172,147.01101684570312,-0.0475921630859375
s_bird_137,resnet50_tl_20250829,8,4,124,212,128.0,216.0,146.9634246826172,146.97923278808594,-0.01580810546875
s_bird_137,resnet50_tl_20250829,8,4,124,216,128.0,220.0,146.9634246826172,146.98011779785156,-0.016693115234375
s_bird_137,resnet50_tl_20250829,8,4,128,0,132.0,4.0,146.9634246826172,146.72544860839844,0.23797607421875
s_bird_137,resnet50_tl_20250829,8,4,128,4,132.0,8.0,146.9634246826172,146.8094482421875,0.1539764404296875
s_bird_137,resnet50_tl_20250829,8,4,128,8,132.0,12.0,146.9634246826172,146.9393310546875,0.0240936279296875
s_bird_137,resnet50_tl_20250829,8,4,128,12,132.0,16.0,146.9634246826172,146.7755584716797,0.1878662109375
s_bird_137,resnet50_tl_20250829,8,4,128,16,132.0,20.0,146.9634246826172,146.76318359375,0.2002410888671875
s_bird_137,resnet50_tl_20250829,8,4,128,20,132.0,24.0,146.9634246826172,146.7819366455078,0.181488037109375
s_bird_137,resnet50_tl_20250829,8,4,128,24,132.0,28.0,146.9634246826172,146.9693603515625,-0.0059356689453125
s_bird_137,resnet50_tl_20250829,8,4,128,28,132.0,32.0,146.9634246826172,146.84896850585938,0.1144561767578125
s_bird_137,resnet50_tl_20250829,8,4,128,32,132.0,36.0,146.9634246826172,146.73219299316406,0.231231689453125
s_bird_137,resnet50_tl_20250829,8,4,128,36,132.0,40.0,146.9634246826172,146.5891571044922,0.374267578125
s_bird_137,resnet50_tl_20250829,8,4,128,40,132.0,44.0,146.9634246826172,146.68679809570312,0.2766265869140625
s_bird_137,resnet50_tl_20250829,8,4,128,44,132.0,48.0,146.9634246826172,146.77786254882812,0.1855621337890625
s_bird_137,resnet50_tl_20250829,8,4,128,48,132.0,52.0,146.9634246826172,146.7324981689453,0.230926513671875
s_bird_137,resnet50_tl_20250829,8,4,128,52,132.0,56.0,146.9634246826172,146.70632934570312,0.2570953369140625
s_bird_137,resnet50_tl_20250829,8,4,128,56,132.0,60.0,146.9634246826172,146.7720947265625,0.1913299560546875
s_bird_137,resnet50_tl_20250829,8,4,128,60,132.0,64.0,146.9634246826172,146.8206787109375,0.1427459716796875
s_bird_137,resnet50_tl_20250829,8,4,128,64,132.0,68.0,146.9634246826172,146.78262329101562,0.1808013916015625
s_bird_137,resnet50_tl_20250829,8,4,128,68,132.0,72.0,146.9634246826172,146.70481872558594,0.25860595703125
s_bird_137,resnet50_tl_20250829,8,4,128,72,132.0,76.0,146.9634246826172,146.79391479492188,0.1695098876953125
s_bird_137,resnet50_tl_20250829,8,4,128,76,132.0,80.0,146.9634246826172,146.85385131835938,0.1095733642578125
s_bird_137,resnet50_tl_20250829,8,4,128,80,132.0,84.0,146.9634246826172,146.8097686767578,0.153656005859375
s_bird_137,resnet50_tl_20250829,8,4,128,84,132.0,88.0,146.9634246826172,146.9065704345703,0.056854248046875
s_bird_137,resnet50_tl_20250829,8,4,128,88,132.0,92.0,146.9634246826172,146.86929321289062,0.0941314697265625
s_bird_137,resnet50_tl_20250829,8,4,128,92,132.0,96.0,146.9634246826172,146.7894287109375,0.1739959716796875
s_bird_137,resnet50_tl_20250829,8,4,128,96,132.0,100.0,146.9634246826172,146.73265075683594,0.23077392578125
s_bird_137,resnet50_tl_20250829,8,4,128,100,132.0,104.0,146.9634246826172,146.78237915039062,0.1810455322265625
s_bird_137,resnet50_tl_20250829,8,4,128,104,132.0,108.0,146.9634246826172,146.88059997558594,0.08282470703125
s_bird_137,resnet50_tl_20250829,8,4,128,108,132.0,112.0,146.9634246826172,146.67941284179688,0.2840118408203125
s_bird_137,resnet50_tl_20250829,8,4,128,112,132.0,116.0,146.9634246826172,146.58639526367188,0.3770294189453125
s_bird_137,resnet50_tl_20250829,8,4,128,116,132.0,120.0,146.9634246826172,146.67909240722656,0.284332275390625
s_bird_137,resnet50_tl_20250829,8,4,128,120,132.0,124.0,146.9634246826172,146.77325439453125,0.1901702880859375
s_bird_137,resnet50_tl_20250829,8,4,128,124,132.0,128.0,146.9634246826172,146.55638122558594,0.40704345703125
s_bird_137,resnet50_tl_20250829,8,4,128,128,132.0,132.0,146.9634246826172,146.56150817871094,0.40191650390625
s_bird_137,resnet50_tl_20250829,8,4,128,132,132.0,136.0,146.9634246826172,146.6920623779297,0.2713623046875
s_bird_137,resnet50_tl_20250829,8,4,128,136,132.0,140.0,146.9634246826172,146.8444061279297,0.1190185546875
s_bird_137,resnet50_tl_20250829,8,4,128,140,132.0,144.0,146.9634246826172,146.7450408935547,0.2183837890625
s_bird_137,resnet50_tl_20250829,8,4,128,144,132.0,148.0,146.9634246826172,146.7766876220703,0.186737060546875
s_bird_137,resnet50_tl_20250829,8,4,128,148,132.0,152.0,146.9634246826172,146.8843231201172,0.0791015625
s_bird_137,resnet50_tl_20250829,8,4,128,152,132.0,156.0,146.9634246826172,146.9381866455078,0.025238037109375
s_bird_137,resnet50_tl_20250829,8,4,128,156,132.0,160.0,146.9634246826172,146.7479705810547,0.2154541015625
s_bird_137,resnet50_tl_20250829,8,4,128,160,132.0,164.0,146.9634246826172,146.72637939453125,0.2370452880859375
s_bird_137,resnet50_tl_20250829,8,4,128,164,132.0,168.0,146.9634246826172,146.87696838378906,0.086456298828125
s_bird_137,resnet50_tl_20250829,8,4,128,168,132.0,172.0,146.9634246826172,146.9297332763672,0.03369140625
s_bird_137,resnet50_tl_20250829,8,4,128,172,132.0,176.0,146.9634246826172,146.89453125,0.0688934326171875
s_bird_137,resnet50_tl_20250829,8,4,128,176,132.0,180.0,146.9634246826172,146.8802947998047,0.0831298828125
s_bird_137,resnet50_tl_20250829,8,4,128,180,132.0,184.0,146.9634246826172,146.9266357421875,0.0367889404296875
s_bird_137,resnet50_tl_20250829,8,4,128,184,132.0,188.0,146.9634246826172,146.98110961914062,-0.0176849365234375
s_bird_137,resnet50_tl_20250829,8,4,128,188,132.0,192.0,146.9634246826172,146.9103240966797,0.0531005859375
s_bird_137,resnet50_tl_20250829,8,4,128,192,132.0,196.0,146.9634246826172,146.8978729248047,0.0655517578125
s_bird_137,resnet50_tl_20250829,8,4,128,196,132.0,200.0,146.9634246826172,146.91673278808594,0.04669189453125
s_bird_137,resnet50_tl_20250829,8,4,128,200,132.0,204.0,146.9634246826172,146.93106079101562,0.0323638916015625
s_bird_137,resnet50_tl_20250829,8,4,128,204,132.0,208.0,146.9634246826172,146.98477172851562,-0.0213470458984375
s_bird_137,resnet50_tl_20250829,8,4,128,208,132.0,212.0,146.9634246826172,146.9803009033203,-0.016876220703125
s_bird_137,resnet50_tl_20250829,8,4,128,212,132.0,216.0,146.9634246826172,146.96803283691406,-0.004608154296875
s_bird_137,resnet50_tl_20250829,8,4,128,216,132.0,220.0,146.9634246826172,146.98016357421875,-0.0167388916015625
s_bird_137,resnet50_tl_20250829,8,4,132,0,136.0,4.0,146.9634246826172,146.88914489746094,0.07427978515625
s_bird_137,resnet50_tl_20250829,8,4,132,4,136.0,8.0,146.9634246826172,146.91375732421875,0.0496673583984375
s_bird_137,resnet50_tl_20250829,8,4,132,8,136.0,12.0,146.9634246826172,147.0144500732422,-0.051025390625
s_bird_137,resnet50_tl_20250829,8,4,132,12,136.0,16.0,146.9634246826172,146.98007202148438,-0.0166473388671875
s_bird_137,resnet50_tl_20250829,8,4,132,16,136.0,20.0,146.9634246826172,146.9363250732422,0.027099609375
s_bird_137,resnet50_tl_20250829,8,4,132,20,136.0,24.0,146.9634246826172,147.00953674316406,-0.046112060546875
s_bird_137,resnet50_tl_20250829,8,4,132,24,136.0,28.0,146.9634246826172,147.07281494140625,-0.1093902587890625
s_bird_137,resnet50_tl_20250829,8,4,132,28,136.0,32.0,146.9634246826172,147.1162567138672,-0.15283203125
s_bird_137,resnet50_tl_20250829,8,4,132,32,136.0,36.0,146.9634246826172,146.97882080078125,-0.0153961181640625
s_bird_137,resnet50_tl_20250829,8,4,132,36,136.0,40.0,146.9634246826172,146.83189392089844,0.13153076171875
s_bird_137,resnet50_tl_20250829,8,4,132,40,136.0,44.0,146.9634246826172,146.76060485839844,0.20281982421875
s_bird_137,resnet50_tl_20250829,8,4,132,44,136.0,48.0,146.9634246826172,146.8282012939453,0.135223388671875
s_bird_137,resnet50_tl_20250829,8,4,132,48,136.0,52.0,146.9634246826172,146.74488830566406,0.218536376953125
s_bird_137,resnet50_tl_20250829,8,4,132,52,136.0,56.0,146.9634246826172,146.7448272705078,0.218597412109375
s_bird_137,resnet50_tl_20250829,8,4,132,56,136.0,60.0,146.9634246826172,146.73745727539062,0.2259674072265625
s_bird_137,resnet50_tl_20250829,8,4,132,60,136.0,64.0,146.9634246826172,146.7793426513672,0.18408203125
s_bird_137,resnet50_tl_20250829,8,4,132,64,136.0,68.0,146.9634246826172,146.7404327392578,0.222991943359375
s_bird_137,resnet50_tl_20250829,8,4,132,68,136.0,72.0,146.9634246826172,146.6115264892578,0.351898193359375
s_bird_137,resnet50_tl_20250829,8,4,132,72,136.0,76.0,146.9634246826172,146.68603515625,0.2773895263671875
s_bird_137,resnet50_tl_20250829,8,4,132,76,136.0,80.0,146.9634246826172,146.76963806152344,0.19378662109375
s_bird_137,resnet50_tl_20250829,8,4,132,80,136.0,84.0,146.9634246826172,146.81069946289062,0.1527252197265625
s_bird_137,resnet50_tl_20250829,8,4,132,84,136.0,88.0,146.9634246826172,146.9966278076172,-0.033203125
s_bird_137,resnet50_tl_20250829,8,4,132,88,136.0,92.0,146.9634246826172,146.8158721923828,0.147552490234375
s_bird_137,resnet50_tl_20250829,8,4,132,92,136.0,96.0,146.9634246826172,147.05516052246094,-0.09173583984375
s_bird_137,resnet50_tl_20250829,8,4,132,96,136.0,100.0,146.9634246826172,146.87611389160156,0.087310791015625
s_bird_137,resnet50_tl_20250829,8,4,132,100,136.0,104.0,146.9634246826172,146.9502410888672,0.01318359375
s_bird_137,resnet50_tl_20250829,8,4,132,104,136.0,108.0,146.9634246826172,146.80206298828125,0.1613616943359375
s_bird_137,resnet50_tl_20250829,8,4,132,108,136.0,112.0,146.9634246826172,146.88255310058594,0.08087158203125
s_bird_137,resnet50_tl_20250829,8,4,132,112,136.0,116.0,146.9634246826172,146.76222229003906,0.201202392578125
s_bird_137,resnet50_tl_20250829,8,4,132,116,136.0,120.0,146.9634246826172,146.94125366210938,0.0221710205078125
s_bird_137,resnet50_tl_20250829,8,4,132,120,136.0,124.0,146.9634246826172,146.814453125,0.1489715576171875
s_bird_137,resnet50_tl_20250829,8,4,132,124,136.0,128.0,146.9634246826172,146.89584350585938,0.0675811767578125
s_bird_137,resnet50_tl_20250829,8,4,132,128,136.0,132.0,146.9634246826172,146.8323974609375,0.1310272216796875
s_bird_137,resnet50_tl_20250829,8,4,132,132,136.0,136.0,146.9634246826172,146.96871948242188,-0.0052947998046875
s_bird_137,resnet50_tl_20250829,8,4,132,136,136.0,140.0,146.9634246826172,146.84701538085938,0.1164093017578125
s_bird_137,resnet50_tl_20250829,8,4,132,140,136.0,144.0,146.9634246826172,146.98260498046875,-0.0191802978515625
s_bird_137,resnet50_tl_20250829,8,4,132,144,136.0,148.0,146.9634246826172,146.94064331054688,0.0227813720703125
s_bird_137,resnet50_tl_20250829,8,4,132,148,136.0,152.0,146.9634246826172,147.09451293945312,-0.1310882568359375
s_bird_137,resnet50_tl_20250829,8,4,132,152,136.0,156.0,146.9634246826172,146.9610595703125,0.0023651123046875
s_bird_137,resnet50_tl_20250829,8,4,132,156,136.0,160.0,146.9634246826172,147.06582641601562,-0.1024017333984375
s_bird_137,resnet50_tl_20250829,8,4,132,160,136.0,164.0,146.9634246826172,146.98187255859375,-0.0184478759765625
s_bird_137,resnet50_tl_20250829,8,4,132,164,136.0,168.0,146.9634246826172,147.0760955810547,-0.1126708984375
s_bird_137,resnet50_tl_20250829,8,4,132,168,136.0,172.0,146.9634246826172,146.96206665039062,0.0013580322265625
s_bird_137,resnet50_tl_20250829,8,4,132,172,136.0,176.0,146.9634246826172,147.0933380126953,-0.129913330078125
s_bird_137,resnet50_tl_20250829,8,4,132,176,136.0,180.0,146.9634246826172,147.00363159179688,-0.0402069091796875
s_bird_137,resnet50_tl_20250829,8,4,132,180,136.0,184.0,146.9634246826172,147.06976318359375,-0.1063385009765625
s_bird_137,resnet50_tl_20250829,8,4,132,184,136.0,188.0,146.9634246826172,146.99749755859375,-0.0340728759765625
s_bird_137,resnet50_tl_20250829,8,4,132,188,136.0,192.0,146.9634246826172,147.07801818847656,-0.114593505859375
s_bird_137,resnet50_tl_20250829,8,4,132,192,136.0,196.0,146.9634246826172,147.04359436035156,-0.080169677734375
s_bird_137,resnet50_tl_20250829,8,4,132,196,136.0,200.0,146.9634246826172,146.99404907226562,-0.0306243896484375
s_bird_137,resnet50_tl_20250829,8,4,132,200,136.0,204.0,146.9634246826172,146.92190551757812,0.0415191650390625
s_bird_137,resnet50_tl_20250829,8,4,132,204,136.0,208.0,146.9634246826172,146.97012329101562,-0.0066986083984375
s_bird_137,resnet50_tl_20250829,8,4,132,208,136.0,212.0,146.9634246826172,146.97573852539062,-0.0123138427734375
s_bird_137,resnet50_tl_20250829,8,4,132,212,136.0,216.0,146.9634246826172,146.97373962402344,-0.01031494140625
s_bird_137,resnet50_tl_20250829,8,4,132,216,136.0,220.0,146.9634246826172,146.9593048095703,0.004119873046875
s_bird_137,resnet50_tl_20250829,8,4,136,0,140.0,4.0,146.9634246826172,146.76168823242188,0.2017364501953125
s_bird_137,resnet50_tl_20250829,8,4,136,4,140.0,8.0,146.9634246826172,146.79754638671875,0.1658782958984375
s_bird_137,resnet50_tl_20250829,8,4,136,8,140.0,12.0,146.9634246826172,146.8905792236328,0.072845458984375
s_bird_137,resnet50_tl_20250829,8,4,136,12,140.0,16.0,146.9634246826172,146.7447967529297,0.2186279296875
s_bird_137,resnet50_tl_20250829,8,4,136,16,140.0,20.0,146.9634246826172,146.75167846679688,0.2117462158203125
s_bird_137,resnet50_tl_20250829,8,4,136,20,140.0,24.0,146.9634246826172,146.81593322753906,0.147491455078125
s_bird_137,resnet50_tl_20250829,8,4,136,24,140.0,28.0,146.9634246826172,146.982421875,-0.0189971923828125
s_bird_137,resnet50_tl_20250829,8,4,136,28,140.0,32.0,146.9634246826172,146.83367919921875,0.1297454833984375
s_bird_137,resnet50_tl_20250829,8,4,136,32,140.0,36.0,146.9634246826172,146.7301483154297,0.2332763671875
s_bird_137,resnet50_tl_20250829,8,4,136,36,140.0,40.0,146.9634246826172,146.73178100585938,0.2316436767578125
s_bird_137,resnet50_tl_20250829,8,4,136,40,140.0,44.0,146.9634246826172,146.8376007080078,0.125823974609375
s_bird_137,resnet50_tl_20250829,8,4,136,44,140.0,48.0,146.9634246826172,146.8359832763672,0.12744140625
s_bird_137,resnet50_tl_20250829,8,4,136,48,140.0,52.0,146.9634246826172,146.84747314453125,0.1159515380859375
s_bird_137,resnet50_tl_20250829,8,4,136,52,140.0,56.0,146.9634246826172,146.79571533203125,0.1677093505859375
s_bird_137,resnet50_tl_20250829,8,4,136,56,140.0,60.0,146.9634246826172,146.71006774902344,0.25335693359375
s_bird_137,resnet50_tl_20250829,8,4,136,60,140.0,64.0,146.9634246826172,146.71531677246094,0.24810791015625
s_bird_137,resnet50_tl_20250829,8,4,136,64,140.0,68.0,146.9634246826172,146.74867248535156,0.214752197265625
s_bird_137,resnet50_tl_20250829,8,4,136,68,140.0,72.0,146.9634246826172,146.602783203125,0.3606414794921875
s_bird_137,resnet50_tl_20250829,8,4,136,72,140.0,76.0,146.9634246826172,146.57681274414062,0.3866119384765625
s_bird_137,resnet50_tl_20250829,8,4,136,76,140.0,80.0,146.9634246826172,146.68325805664062,0.2801666259765625
s_bird_137,resnet50_tl_20250829,8,4,136,80,140.0,84.0,146.9634246826172,146.6009063720703,0.362518310546875
s_bird_137,resnet50_tl_20250829,8,4,136,84,140.0,88.0,146.9634246826172,146.67141723632812,0.2920074462890625
s_bird_137,resnet50_tl_20250829,8,4,136,88,140.0,92.0,146.9634246826172,146.76866149902344,0.19476318359375
s_bird_137,resnet50_tl_20250829,8,4,136,92,140.0,96.0,146.9634246826172,146.6344757080078,0.328948974609375
s_bird_137,resnet50_tl_20250829,8,4,136,96,140.0,100.0,146.9634246826172,146.58595275878906,0.377471923828125
s_bird_137,resnet50_tl_20250829,8,4,136,100,140.0,104.0,146.9634246826172,146.6417236328125,0.3217010498046875
s_bird_137,resnet50_tl_20250829,8,4,136,104,140.0,108.0,146.9634246826172,146.69216918945312,0.2712554931640625
s_bird_137,resnet50_tl_20250829,8,4,136,108,140.0,112.0,146.9634246826172,146.58847045898438,0.3749542236328125
s_bird_137,resnet50_tl_20250829,8,4,136,112,140.0,116.0,146.9634246826172,146.48757934570312,0.4758453369140625
s_bird_137,resnet50_tl_20250829,8,4,136,116,140.0,120.0,146.9634246826172,146.5147247314453,0.448699951171875
s_bird_137,resnet50_tl_20250829,8,4,136,120,140.0,124.0,146.9634246826172,146.67312622070312,0.2902984619140625
s_bird_137,resnet50_tl_20250829,8,4,136,124,140.0,128.0,146.9634246826172,146.57180786132812,0.3916168212890625
s_bird_137,resnet50_tl_20250829,8,4,136,128,140.0,132.0,146.9634246826172,146.54940795898438,0.4140167236328125
s_bird_137,resnet50_tl_20250829,8,4,136,132,140.0,136.0,146.9634246826172,146.64093017578125,0.3224945068359375
s_bird_137,resnet50_tl_20250829,8,4,136,136,140.0,140.0,146.9634246826172,146.77044677734375,0.1929779052734375
s_bird_137,resnet50_tl_20250829,8,4,136,140,140.0,144.0,146.9634246826172,146.71701049804688,0.2464141845703125
s_bird_137,resnet50_tl_20250829,8,4,136,144,140.0,148.0,146.9634246826172,146.6940155029297,0.2694091796875
s_bird_137,resnet50_tl_20250829,8,4,136,148,140.0,152.0,146.9634246826172,146.80238342285156,0.161041259765625
s_bird_137,resnet50_tl_20250829,8,4,136,152,140.0,156.0,146.9634246826172,146.87672424316406,0.086700439453125
s_bird_137,resnet50_tl_20250829,8,4,136,156,140.0,160.0,146.9634246826172,146.8397674560547,0.1236572265625
s_bird_137,resnet50_tl_20250829,8,4,136,160,140.0,164.0,146.9634246826172,146.77577209472656,0.187652587890625
s_bird_137,resnet50_tl_20250829,8,4,136,164,140.0,168.0,146.9634246826172,146.85061645507812,0.1128082275390625
s_bird_137,resnet50_tl_20250829,8,4,136,168,140.0,172.0,146.9634246826172,146.87078857421875,0.0926361083984375
s_bird_137,resnet50_tl_20250829,8,4,136,172,140.0,176.0,146.9634246826172,146.86672973632812,0.0966949462890625
s_bird_137,resnet50_tl_20250829,8,4,136,176,140.0,180.0,146.9634246826172,146.80743408203125,0.1559906005859375
s_bird_137,resnet50_tl_20250829,8,4,136,180,140.0,184.0,146.9634246826172,146.85299682617188,0.1104278564453125
s_bird_137,resnet50_tl_20250829,8,4,136,184,140.0,188.0,146.9634246826172,146.93995666503906,0.023468017578125
s_bird_137,resnet50_tl_20250829,8,4,136,188,140.0,192.0,146.9634246826172,146.97518920898438,-0.0117645263671875
s_bird_137,resnet50_tl_20250829,8,4,136,192,140.0,196.0,146.9634246826172,146.94052124023438,0.0229034423828125
s_bird_137,resnet50_tl_20250829,8,4,136,196,140.0,200.0,146.9634246826172,146.9027099609375,0.0607147216796875
s_bird_137,resnet50_tl_20250829,8,4,136,200,140.0,204.0,146.9634246826172,146.89910888671875,0.0643157958984375
s_bird_137,resnet50_tl_20250829,8,4,136,204,140.0,208.0,146.9634246826172,146.94248962402344,0.02093505859375
s_bird_137,resnet50_tl_20250829,8,4,136,208,140.0,212.0,146.9634246826172,146.91830444335938,0.0451202392578125
s_bird_137,resnet50_tl_20250829,8,4,136,212,140.0,216.0,146.9634246826172,146.92709350585938,0.0363311767578125
s_bird_137,resnet50_tl_20250829,8,4,136,216,140.0,220.0,146.9634246826172,146.94471740722656,0.018707275390625
s_bird_137,resnet50_tl_20250829,8,4,140,0,144.0,4.0,146.9634246826172,146.55242919921875,0.4109954833984375
s_bird_137,resnet50_tl_20250829,8,4,140,4,144.0,8.0,146.9634246826172,146.8428192138672,0.12060546875
s_bird_137,resnet50_tl_20250829,8,4,140,8,144.0,12.0,146.9634246826172,146.9407501220703,0.022674560546875
s_bird_137,resnet50_tl_20250829,8,4,140,12,144.0,16.0,146.9634246826172,146.61453247070312,0.3488922119140625
s_bird_137,resnet50_tl_20250829,8,4,140,16,144.0,20.0,146.9634246826172,146.6013641357422,0.362060546875
s_bird_137,resnet50_tl_20250829,8,4,140,20,144.0,24.0,146.9634246826172,146.87875366210938,0.0846710205078125
s_bird_137,resnet50_tl_20250829,8,4,140,24,144.0,28.0,146.9634246826172,146.96983337402344,-0.00640869140625
s_bird_137,resnet50_tl_20250829,8,4,140,28,144.0,32.0,146.9634246826172,146.64468383789062,0.3187408447265625
s_bird_137,resnet50_tl_20250829,8,4,140,32,144.0,36.0,146.9634246826172,146.4622802734375,0.5011444091796875
s_bird_137,resnet50_tl_20250829,8,4,140,36,144.0,40.0,146.9634246826172,146.74411010742188,0.2193145751953125
s_bird_137,resnet50_tl_20250829,8,4,140,40,144.0,44.0,146.9634246826172,147.03045654296875,-0.0670318603515625
s_bird_137,resnet50_tl_20250829,8,4,140,44,144.0,48.0,146.9634246826172,147.03347778320312,-0.0700531005859375
s_bird_137,resnet50_tl_20250829,8,4,140,48,144.0,52.0,146.9634246826172,146.9781036376953,-0.014678955078125
s_bird_137,resnet50_tl_20250829,8,4,140,52,144.0,56.0,146.9634246826172,146.8319091796875,0.1315155029296875
s_bird_137,resnet50_tl_20250829,8,4,140,56,144.0,60.0,146.9634246826172,146.70741271972656,0.256011962890625
s_bird_137,resnet50_tl_20250829,8,4,140,60,144.0,64.0,146.9634246826172,146.76930236816406,0.194122314453125
s_bird_137,resnet50_tl_20250829,8,4,140,64,144.0,68.0,146.9634246826172,146.775634765625,0.1877899169921875
s_bird_137,resnet50_tl_20250829,8,4,140,68,144.0,72.0,146.9634246826172,146.57749938964844,0.38592529296875
s_bird_137,resnet50_tl_20250829,8,4,140,72,144.0,76.0,146.9634246826172,146.4692840576172,0.494140625
s_bird_137,resnet50_tl_20250829,8,4,140,76,144.0,80.0,146.9634246826172,146.41407775878906,0.549346923828125
s_bird_137,resnet50_tl_20250829,8,4,140,80,144.0,84.0,146.9634246826172,146.4074249267578,0.555999755859375
s_bird_137,resnet50_tl_20250829,8,4,140,84,144.0,88.0,146.9634246826172,146.6262664794922,0.337158203125
s_bird_137,resnet50_tl_20250829,8,4,140,88,144.0,92.0,146.9634246826172,146.74334716796875,0.2200775146484375
s_bird_137,resnet50_tl_20250829,8,4,140,92,144.0,96.0,146.9634246826172,146.59194946289062,0.3714752197265625
s_bird_137,resnet50_tl_20250829,8,4,140,96,144.0,100.0,146.9634246826172,146.4530792236328,0.510345458984375
s_bird_137,resnet50_tl_20250829,8,4,140,100,144.0,104.0,146.9634246826172,146.83546447753906,0.127960205078125
s_bird_137,resnet50_tl_20250829,8,4,140,104,144.0,108.0,146.9634246826172,146.85047912597656,0.112945556640625
s_bird_137,resnet50_tl_20250829,8,4,140,108,144.0,112.0,146.9634246826172,146.60830688476562,0.3551177978515625
s_bird_137,resnet50_tl_20250829,8,4,140,112,144.0,116.0,146.9634246826172,146.3826904296875,0.5807342529296875
s_bird_137,resnet50_tl_20250829,8,4,140,116,144.0,120.0,146.9634246826172,146.65185546875,0.3115692138671875
s_bird_137,resnet50_tl_20250829,8,4,140,120,144.0,124.0,146.9634246826172,146.76898193359375,0.1944427490234375
s_bird_137,resnet50_tl_20250829,8,4,140,124,144.0,128.0,146.9634246826172,146.5309295654297,0.4324951171875
s_bird_137,resnet50_tl_20250829,8,4,140,128,144.0,132.0,146.9634246826172,146.4305419921875,0.5328826904296875
s_bird_137,resnet50_tl_20250829,8,4,140,132,144.0,136.0,146.9634246826172,146.71348571777344,0.24993896484375
s_bird_137,resnet50_tl_20250829,8,4,140,136,144.0,140.0,146.9634246826172,146.85035705566406,0.113067626953125
s_bird_137,resnet50_tl_20250829,8,4,140,140,144.0,144.0,146.9634246826172,146.7239227294922,0.239501953125
s_bird_137,resnet50_tl_20250829,8,4,140,144,144.0,148.0,146.9634246826172,146.61424255371094,0.34918212890625
s_bird_137,resnet50_tl_20250829,8,4,140,148,144.0,152.0,146.9634246826172,146.91207885742188,0.0513458251953125
s_bird_137,resnet50_tl_20250829,8,4,140,152,144.0,156.0,146.9634246826172,146.9453582763672,0.01806640625
s_bird_137,resnet50_tl_20250829,8,4,140,156,144.0,160.0,146.9634246826172,146.79322814941406,0.170196533203125
s_bird_137,resnet50_tl_20250829,8,4,140,160,144.0,164.0,146.9634246826172,146.69091796875,0.2725067138671875
s_bird_137,resnet50_tl_20250829,8,4,140,164,144.0,168.0,146.9634246826172,146.94166564941406,0.021759033203125
s_bird_137,resnet50_tl_20250829,8,4,140,168,144.0,172.0,146.9634246826172,146.9368438720703,0.026580810546875
s_bird_137,resnet50_tl_20250829,8,4,140,172,144.0,176.0,146.9634246826172,146.82192993164062,0.1414947509765625
s_bird_137,resnet50_tl_20250829,8,4,140,176,144.0,180.0,146.9634246826172,146.70957946777344,0.25384521484375
s_bird_137,resnet50_tl_20250829,8,4,140,180,144.0,184.0,146.9634246826172,146.89930725097656,0.064117431640625
s_bird_137,resnet50_tl_20250829,8,4,140,184,144.0,188.0,146.9634246826172,146.9772491455078,-0.013824462890625
s_bird_137,resnet50_tl_20250829,8,4,140,188,144.0,192.0,146.9634246826172,146.92172241210938,0.0417022705078125
s_bird_137,resnet50_tl_20250829,8,4,140,192,144.0,196.0,146.9634246826172,146.87710571289062,0.0863189697265625
s_bird_137,resnet50_tl_20250829,8,4,140,196,144.0,200.0,146.9634246826172,146.8655242919922,0.097900390625
s_bird_137,resnet50_tl_20250829,8,4,140,200,144.0,204.0,146.9634246826172,146.90713500976562,0.0562896728515625
s_bird_137,resnet50_tl_20250829,8,4,140,204,144.0,208.0,146.9634246826172,146.93016052246094,0.03326416015625
s_bird_137,resnet50_tl_20250829,8,4,140,208,144.0,212.0,146.9634246826172,146.90330505371094,0.06011962890625
s_bird_137,resnet50_tl_20250829,8,4,140,212,144.0,216.0,146.9634246826172,146.91091918945312,0.0525054931640625
s_bird_137,resnet50_tl_20250829,8,4,140,216,144.0,220.0,146.9634246826172,146.9375457763672,0.02587890625
s_bird_137,resnet50_tl_20250829,8,4,144,0,148.0,4.0,146.9634246826172,146.5785369873047,0.3848876953125
s_bird_137,resnet50_tl_20250829,8,4,144,4,148.0,8.0,146.9634246826172,146.7335662841797,0.2298583984375
s_bird_137,resnet50_tl_20250829,8,4,144,8,148.0,12.0,146.9634246826172,146.92071533203125,0.0427093505859375
s_bird_137,resnet50_tl_20250829,8,4,144,12,148.0,16.0,146.9634246826172,146.5883331298828,0.375091552734375
s_bird_137,resnet50_tl_20250829,8,4,144,16,148.0,20.0,146.9634246826172,146.60340881347656,0.360015869140625
s_bird_137,resnet50_tl_20250829,8,4,144,20,148.0,24.0,146.9634246826172,146.67247009277344,0.29095458984375
s_bird_137,resnet50_tl_20250829,8,4,144,24,148.0,28.0,146.9634246826172,146.81649780273438,0.1469268798828125
s_bird_137,resnet50_tl_20250829,8,4,144,28,148.0,32.0,146.9634246826172,146.5168914794922,0.446533203125
s_bird_137,resnet50_tl_20250829,8,4,144,32,148.0,36.0,146.9634246826172,146.49293518066406,0.470489501953125
s_bird_137,resnet50_tl_20250829,8,4,144,36,148.0,40.0,146.9634246826172,146.64707946777344,0.31634521484375
s_bird_137,resnet50_tl_20250829,8,4,144,40,148.0,44.0,146.9634246826172,146.7988739013672,0.16455078125
s_bird_137,resnet50_tl_20250829,8,4,144,44,148.0,48.0,146.9634246826172,146.93572998046875,0.0276947021484375
s_bird_137,resnet50_tl_20250829,8,4,144,48,148.0,52.0,146.9634246826172,146.914794921875,0.0486297607421875
s_bird_137,resnet50_tl_20250829,8,4,144,52,148.0,56.0,146.9634246826172,146.76025390625,0.2031707763671875
s_bird_137,resnet50_tl_20250829,8,4,144,56,148.0,60.0,146.9634246826172,146.6855926513672,0.27783203125
s_bird_137,resnet50_tl_20250829,8,4,144,60,148.0,64.0,146.9634246826172,146.74916076660156,0.214263916015625
s_bird_137,resnet50_tl_20250829,8,4,144,64,148.0,68.0,146.9634246826172,146.80685424804688,0.1565704345703125
s_bird_137,resnet50_tl_20250829,8,4,144,68,148.0,72.0,146.9634246826172,146.60523986816406,0.358184814453125
s_bird_137,resnet50_tl_20250829,8,4,144,72,148.0,76.0,146.9634246826172,146.42991638183594,0.53350830078125
s_bird_137,resnet50_tl_20250829,8,4,144,76,148.0,80.0,146.9634246826172,146.34840393066406,0.615020751953125
s_bird_137,resnet50_tl_20250829,8,4,144,80,148.0,84.0,146.9634246826172,146.30772399902344,0.65570068359375
s_bird_137,resnet50_tl_20250829,8,4,144,84,148.0,88.0,146.9634246826172,146.44407653808594,0.51934814453125
s_bird_137,resnet50_tl_20250829,8,4,144,88,148.0,92.0,146.9634246826172,146.67669677734375,0.2867279052734375
s_bird_137,resnet50_tl_20250829,8,4,144,92,148.0,96.0,146.9634246826172,146.45587158203125,0.5075531005859375
s_bird_137,resnet50_tl_20250829,8,4,144,96,148.0,100.0,146.9634246826172,146.33935546875,0.6240692138671875
s_bird_137,resnet50_tl_20250829,8,4,144,100,148.0,104.0,146.9634246826172,146.59056091308594,0.37286376953125
s_bird_137,resnet50_tl_20250829,8,4,144,104,148.0,108.0,146.9634246826172,146.75363159179688,0.2097930908203125
s_bird_137,resnet50_tl_20250829,8,4,144,108,148.0,112.0,146.9634246826172,146.40391540527344,0.55950927734375
s_bird_137,resnet50_tl_20250829,8,4,144,112,148.0,116.0,146.9634246826172,146.358642578125,0.6047821044921875
s_bird_137,resnet50_tl_20250829,8,4,144,116,148.0,120.0,146.9634246826172,146.47634887695312,0.4870758056640625
s_bird_137,resnet50_tl_20250829,8,4,144,120,148.0,124.0,146.9634246826172,146.67520141601562,0.2882232666015625
s_bird_137,resnet50_tl_20250829,8,4,144,124,148.0,128.0,146.9634246826172,146.3704071044922,0.593017578125
s_bird_137,resnet50_tl_20250829,8,4,144,128,148.0,132.0,146.9634246826172,146.42051696777344,0.54290771484375
s_bird_137,resnet50_tl_20250829,8,4,144,132,148.0,136.0,146.9634246826172,146.5695037841797,0.3939208984375
s_bird_137,resnet50_tl_20250829,8,4,144,136,148.0,140.0,146.9634246826172,146.78932189941406,0.174102783203125
s_bird_137,resnet50_tl_20250829,8,4,144,140,148.0,144.0,146.9634246826172,146.5556182861328,0.407806396484375
s_bird_137,resnet50_tl_20250829,8,4,144,144,148.0,148.0,146.9634246826172,146.58995056152344,0.37347412109375
s_bird_137,resnet50_tl_20250829,8,4,144,148,148.0,152.0,146.9634246826172,146.74684143066406,0.216583251953125
s_bird_137,resnet50_tl_20250829,8,4,144,152,148.0,156.0,146.9634246826172,146.8782958984375,0.0851287841796875
s_bird_137,resnet50_tl_20250829,8,4,144,156,148.0,160.0,146.9634246826172,146.6790008544922,0.284423828125
s_bird_137,resnet50_tl_20250829,8,4,144,160,148.0,164.0,146.9634246826172,146.68414306640625,0.2792816162109375
s_bird_137,resnet50_tl_20250829,8,4,144,164,148.0,168.0,146.9634246826172,146.8125457763672,0.15087890625
s_bird_137,resnet50_tl_20250829,8,4,144,168,148.0,172.0,146.9634246826172,146.89186096191406,0.071563720703125
s_bird_137,resnet50_tl_20250829,8,4,144,172,148.0,176.0,146.9634246826172,146.73583984375,0.2275848388671875
s_bird_137,resnet50_tl_20250829,8,4,144,176,148.0,180.0,146.9634246826172,146.719482421875,0.2439422607421875
s_bird_137,resnet50_tl_20250829,8,4,144,180,148.0,184.0,146.9634246826172,146.80860900878906,0.154815673828125
s_bird_137,resnet50_tl_20250829,8,4,144,184,148.0,188.0,146.9634246826172,146.930908203125,0.0325164794921875
s_bird_137,resnet50_tl_20250829,8,4,144,188,148.0,192.0,146.9634246826172,146.8556671142578,0.107757568359375
s_bird_137,resnet50_tl_20250829,8,4,144,192,148.0,196.0,146.9634246826172,146.872802734375,0.0906219482421875
s_bird_137,resnet50_tl_20250829,8,4,144,196,148.0,200.0,146.9634246826172,146.87709045410156,0.086334228515625
s_bird_137,resnet50_tl_20250829,8,4,144,200,148.0,204.0,146.9634246826172,146.91294860839844,0.05047607421875
s_bird_137,resnet50_tl_20250829,8,4,144,204,148.0,208.0,146.9634246826172,146.90611267089844,0.05731201171875
s_bird_137,resnet50_tl_20250829,8,4,144,208,148.0,212.0,146.9634246826172,146.89666748046875,0.0667572021484375
s_bird_137,resnet50_tl_20250829,8,4,144,212,148.0,216.0,146.9634246826172,146.898681640625,0.0647430419921875
s_bird_137,resnet50_tl_20250829,8,4,144,216,148.0,220.0,146.9634246826172,146.93312072753906,0.030303955078125
s_bird_137,resnet50_tl_20250829,8,4,148,0,152.0,4.0,146.9634246826172,146.84019470214844,0.12322998046875
s_bird_137,resnet50_tl_20250829,8,4,148,4,152.0,8.0,146.9634246826172,146.88101196289062,0.0824127197265625
s_bird_137,resnet50_tl_20250829,8,4,148,8,152.0,12.0,146.9634246826172,146.98989868164062,-0.0264739990234375
s_bird_137,resnet50_tl_20250829,8,4,148,12,152.0,16.0,146.9634246826172,146.92723083496094,0.03619384765625
s_bird_137,resnet50_tl_20250829,8,4,148,16,152.0,20.0,146.9634246826172,146.90643310546875,0.0569915771484375
s_bird_137,resnet50_tl_20250829,8,4,148,20,152.0,24.0,146.9634246826172,146.8977508544922,0.065673828125
s_bird_137,resnet50_tl_20250829,8,4,148,24,152.0,28.0,146.9634246826172,146.86338806152344,0.10003662109375
s_bird_137,resnet50_tl_20250829,8,4,148,28,152.0,32.0,146.9634246826172,146.92007446289062,0.0433502197265625
s_bird_137,resnet50_tl_20250829,8,4,148,32,152.0,36.0,146.9634246826172,146.89083862304688,0.0725860595703125
s_bird_137,resnet50_tl_20250829,8,4,148,36,152.0,40.0,146.9634246826172,146.87571716308594,0.08770751953125
s_bird_137,resnet50_tl_20250829,8,4,148,40,152.0,44.0,146.9634246826172,146.7159881591797,0.2474365234375
s_bird_137,resnet50_tl_20250829,8,4,148,44,152.0,48.0,146.9634246826172,146.85977172851562,0.1036529541015625
s_bird_137,resnet50_tl_20250829,8,4,148,48,152.0,52.0,146.9634246826172,146.85960388183594,0.10382080078125
s_bird_137,resnet50_tl_20250829,8,4,148,52,152.0,56.0,146.9634246826172,146.655029296875,0.3083953857421875
s_bird_137,resnet50_tl_20250829,8,4,148,56,152.0,60.0,146.9634246826172,146.57606506347656,0.387359619140625
s_bird_137,resnet50_tl_20250829,8,4,148,60,152.0,64.0,146.9634246826172,146.6618194580078,0.301605224609375
s_bird_137,resnet50_tl_20250829,8,4,148,64,152.0,68.0,146.9634246826172,146.68714904785156,0.276275634765625
s_bird_137,resnet50_tl_20250829,8,4,148,68,152.0,72.0,146.9634246826172,146.49172973632812,0.4716949462890625
s_bird_137,resnet50_tl_20250829,8,4,148,72,152.0,76.0,146.9634246826172,146.33790588378906,0.625518798828125
s_bird_137,resnet50_tl_20250829,8,4,148,76,152.0,80.0,146.9634246826172,146.32278442382812,0.6406402587890625
s_bird_137,resnet50_tl_20250829,8,4,148,80,152.0,84.0,146.9634246826172,146.3682861328125,0.5951385498046875
s_bird_137,resnet50_tl_20250829,8,4,148,84,152.0,88.0,146.9634246826172,146.5226593017578,0.440765380859375
s_bird_137,resnet50_tl_20250829,8,4,148,88,152.0,92.0,146.9634246826172,146.737060546875,0.2263641357421875
s_bird_137,resnet50_tl_20250829,8,4,148,92,152.0,96.0,146.9634246826172,147.01104736328125,-0.0476226806640625
s_bird_137,resnet50_tl_20250829,8,4,148,96,152.0,100.0,146.9634246826172,146.798828125,0.1645965576171875
s_bird_137,resnet50_tl_20250829,8,4,148,100,152.0,104.0,146.9634246826172,147.0625457763672,-0.09912109375
s_bird_137,resnet50_tl_20250829,8,4,148,104,152.0,108.0,146.9634246826172,146.8579864501953,0.105438232421875
s_bird_137,resnet50_tl_20250829,8,4,148,108,152.0,112.0,146.9634246826172,146.87295532226562,0.0904693603515625
s_bird_137,resnet50_tl_20250829,8,4,148,112,152.0,116.0,146.9634246826172,146.69618225097656,0.267242431640625
s_bird_137,resnet50_tl_20250829,8,4,148,116,152.0,120.0,146.9634246826172,146.8291015625,0.1343231201171875
s_bird_137,resnet50_tl_20250829,8,4,148,120,152.0,124.0,146.9634246826172,146.72032165527344,0.24310302734375
s_bird_137,resnet50_tl_20250829,8,4,148,124,152.0,128.0,146.9634246826172,146.8022003173828,0.161224365234375
s_bird_137,resnet50_tl_20250829,8,4,148,128,152.0,132.0,146.9634246826172,146.79261779785156,0.170806884765625
s_bird_137,resnet50_tl_20250829,8,4,148,132,152.0,136.0,146.9634246826172,146.91635131835938,0.0470733642578125
s_bird_137,resnet50_tl_20250829,8,4,148,136,152.0,140.0,146.9634246826172,146.81082153320312,0.1526031494140625
s_bird_137,resnet50_tl_20250829,8,4,148,140,152.0,144.0,146.9634246826172,146.90968322753906,0.053741455078125
s_bird_137,resnet50_tl_20250829,8,4,148,144,152.0,148.0,146.9634246826172,146.90512084960938,0.0583038330078125
s_bird_137,resnet50_tl_20250829,8,4,148,148,152.0,152.0,146.9634246826172,147.03268432617188,-0.0692596435546875
s_bird_137,resnet50_tl_20250829,8,4,148,152,152.0,156.0,146.9634246826172,146.91981506347656,0.043609619140625
s_bird_137,resnet50_tl_20250829,8,4,148,156,152.0,160.0,146.9634246826172,147.01541137695312,-0.0519866943359375
s_bird_137,resnet50_tl_20250829,8,4,148,160,152.0,164.0,146.9634246826172,146.97792053222656,-0.014495849609375
s_bird_137,resnet50_tl_20250829,8,4,148,164,152.0,168.0,146.9634246826172,147.0641632080078,-0.100738525390625
s_bird_137,resnet50_tl_20250829,8,4,148,168,152.0,172.0,146.9634246826172,146.9400634765625,0.0233612060546875
s_bird_137,resnet50_tl_20250829,8,4,148,172,152.0,176.0,146.9634246826172,147.03372192382812,-0.0702972412109375
s_bird_137,resnet50_tl_20250829,8,4,148,176,152.0,180.0,146.9634246826172,146.99273681640625,-0.0293121337890625
s_bird_137,resnet50_tl_20250829,8,4,148,180,152.0,184.0,146.9634246826172,147.01966857910156,-0.056243896484375
s_bird_137,resnet50_tl_20250829,8,4,148,184,152.0,188.0,146.9634246826172,146.9650115966797,-0.0015869140625
s_bird_137,resnet50_tl_20250829,8,4,148,188,152.0,192.0,146.9634246826172,147.01658630371094,-0.05316162109375
s_bird_137,resnet50_tl_20250829,8,4,148,192,152.0,196.0,146.9634246826172,147.03457641601562,-0.0711517333984375
s_bird_137,resnet50_tl_20250829,8,4,148,196,152.0,200.0,146.9634246826172,146.98397827148438,-0.0205535888671875
s_bird_137,resnet50_tl_20250829,8,4,148,200,152.0,204.0,146.9634246826172,146.91932678222656,0.044097900390625
s_bird_137,resnet50_tl_20250829,8,4,148,204,152.0,208.0,146.9634246826172,146.94688415527344,0.01654052734375
s_bird_137,resnet50_tl_20250829,8,4,148,208,152.0,212.0,146.9634246826172,146.98114013671875,-0.0177154541015625
s_bird_137,resnet50_tl_20250829,8,4,148,212,152.0,216.0,146.9634246826172,146.94544982910156,0.017974853515625
s_bird_137,resnet50_tl_20250829,8,4,148,216,152.0,220.0,146.9634246826172,146.9187774658203,0.044647216796875
s_bird_137,resnet50_tl_20250829,8,4,152,0,156.0,4.0,146.9634246826172,146.7050323486328,0.258392333984375
s_bird_137,resnet50_tl_20250829,8,4,152,4,156.0,8.0,146.9634246826172,146.73464965820312,0.2287750244140625
s_bird_137,resnet50_tl_20250829,8,4,152,8,156.0,12.0,146.9634246826172,146.8695526123047,0.0938720703125
s_bird_137,resnet50_tl_20250829,8,4,152,12,156.0,16.0,146.9634246826172,146.67669677734375,0.2867279052734375
s_bird_137,resnet50_tl_20250829,8,4,152,16,156.0,20.0,146.9634246826172,146.707763671875,0.2556610107421875
s_bird_137,resnet50_tl_20250829,8,4,152,20,156.0,24.0,146.9634246826172,146.681640625,0.2817840576171875
s_bird_137,resnet50_tl_20250829,8,4,152,24,156.0,28.0,146.9634246826172,146.8024444580078,0.160980224609375
s_bird_137,resnet50_tl_20250829,8,4,152,28,156.0,32.0,146.9634246826172,146.6844482421875,0.2789764404296875
s_bird_137,resnet50_tl_20250829,8,4,152,32,156.0,36.0,146.9634246826172,146.6986846923828,0.264739990234375
s_bird_137,resnet50_tl_20250829,8,4,152,36,156.0,40.0,146.9634246826172,146.7218780517578,0.241546630859375
s_bird_137,resnet50_tl_20250829,8,4,152,40,156.0,44.0,146.9634246826172,146.7191925048828,0.244232177734375
s_bird_137,resnet50_tl_20250829,8,4,152,44,156.0,48.0,146.9634246826172,146.85447692871094,0.10894775390625
s_bird_137,resnet50_tl_20250829,8,4,152,48,156.0,52.0,146.9634246826172,146.81106567382812,0.1523590087890625
s_bird_137,resnet50_tl_20250829,8,4,152,52,156.0,56.0,146.9634246826172,146.72215270996094,0.24127197265625
s_bird_137,resnet50_tl_20250829,8,4,152,56,156.0,60.0,146.9634246826172,146.5787811279297,0.3846435546875
s_bird_137,resnet50_tl_20250829,8,4,152,60,156.0,64.0,146.9634246826172,146.6368865966797,0.3265380859375
s_bird_137,resnet50_tl_20250829,8,4,152,64,156.0,68.0,146.9634246826172,146.7649688720703,0.198455810546875
s_bird_137,resnet50_tl_20250829,8,4,152,68,156.0,72.0,146.9634246826172,146.49295043945312,0.4704742431640625
s_bird_137,resnet50_tl_20250829,8,4,152,72,156.0,76.0,146.9634246826172,146.28076171875,0.6826629638671875
s_bird_137,resnet50_tl_20250829,8,4,152,76,156.0,80.0,146.9634246826172,146.34971618652344,0.61370849609375
s_bird_137,resnet50_tl_20250829,8,4,152,80,156.0,84.0,146.9634246826172,146.529296875,0.4341278076171875
s_bird_137,resnet50_tl_20250829,8,4,152,84,156.0,88.0,146.9634246826172,146.42454528808594,0.53887939453125
s_bird_137,resnet50_tl_20250829,8,4,152,88,156.0,92.0,146.9634246826172,146.67074584960938,0.2926788330078125
s_bird_137,resnet50_tl_20250829,8,4,152,92,156.0,96.0,146.9634246826172,146.46035766601562,0.5030670166015625
s_bird_137,resnet50_tl_20250829,8,4,152,96,156.0,100.0,146.9634246826172,146.38211059570312,0.5813140869140625
s_bird_137,resnet50_tl_20250829,8,4,152,100,156.0,104.0,146.9634246826172,146.64671325683594,0.31671142578125
s_bird_137,resnet50_tl_20250829,8,4,152,104,156.0,108.0,146.9634246826172,146.72348022460938,0.2399444580078125
s_bird_137,resnet50_tl_20250829,8,4,152,108,156.0,112.0,146.9634246826172,146.409423828125,0.5540008544921875
s_bird_137,resnet50_tl_20250829,8,4,152,112,156.0,116.0,146.9634246826172,146.30093383789062,0.6624908447265625
s_bird_137,resnet50_tl_20250829,8,4,152,116,156.0,120.0,146.9634246826172,146.40444946289062,0.5589752197265625
s_bird_137,resnet50_tl_20250829,8,4,152,120,156.0,124.0,146.9634246826172,146.57077026367188,0.3926544189453125
s_bird_137,resnet50_tl_20250829,8,4,152,124,156.0,128.0,146.9634246826172,146.3438720703125,0.6195526123046875
s_bird_137,resnet50_tl_20250829,8,4,152,128,156.0,132.0,146.9634246826172,146.36842346191406,0.595001220703125
s_bird_137,resnet50_tl_20250829,8,4,152,132,156.0,136.0,146.9634246826172,146.49827575683594,0.46514892578125
s_bird_137,resnet50_tl_20250829,8,4,152,136,156.0,140.0,146.9634246826172,146.6596221923828,0.303802490234375
s_bird_137,resnet50_tl_20250829,8,4,152,140,156.0,144.0,146.9634246826172,146.5306396484375,0.4327850341796875
s_bird_137,resnet50_tl_20250829,8,4,152,144,156.0,148.0,146.9634246826172,146.54165649414062,0.4217681884765625
s_bird_137,resnet50_tl_20250829,8,4,152,148,156.0,152.0,146.9634246826172,146.67868041992188,0.2847442626953125
s_bird_137,resnet50_tl_20250829,8,4,152,152,156.0,156.0,146.9634246826172,146.75474548339844,0.20867919921875
s_bird_137,resnet50_tl_20250829,8,4,152,156,156.0,160.0,146.9634246826172,146.6036376953125,0.3597869873046875
s_bird_137,resnet50_tl_20250829,8,4,152,160,156.0,164.0,146.9634246826172,146.57350158691406,0.389923095703125
s_bird_137,resnet50_tl_20250829,8,4,152,164,156.0,168.0,146.9634246826172,146.70872497558594,0.25469970703125
s_bird_137,resnet50_tl_20250829,8,4,152,168,156.0,172.0,146.9634246826172,146.79812622070312,0.1652984619140625
s_bird_137,resnet50_tl_20250829,8,4,152,172,156.0,176.0,146.9634246826172,146.7592010498047,0.2042236328125
s_bird_137,resnet50_tl_20250829,8,4,152,176,156.0,180.0,146.9634246826172,146.73728942871094,0.22613525390625
s_bird_137,resnet50_tl_20250829,8,4,152,180,156.0,184.0,146.9634246826172,146.7835693359375,0.1798553466796875
s_bird_137,resnet50_tl_20250829,8,4,152,184,156.0,188.0,146.9634246826172,146.86691284179688,0.0965118408203125
s_bird_137,resnet50_tl_20250829,8,4,152,188,156.0,192.0,146.9634246826172,146.8028106689453,0.160614013671875
s_bird_137,resnet50_tl_20250829,8,4,152,192,156.0,196.0,146.9634246826172,146.7999267578125,0.1634979248046875
s_bird_137,resnet50_tl_20250829,8,4,152,196,156.0,200.0,146.9634246826172,146.81417846679688,0.1492462158203125
s_bird_137,resnet50_tl_20250829,8,4,152,200,156.0,204.0,146.9634246826172,146.88095092773438,0.0824737548828125
s_bird_137,resnet50_tl_20250829,8,4,152,204,156.0,208.0,146.9634246826172,146.90408325195312,0.0593414306640625
s_bird_137,resnet50_tl_20250829,8,4,152,208,156.0,212.0,146.9634246826172,146.9149932861328,0.048431396484375
s_bird_137,resnet50_tl_20250829,8,4,152,212,156.0,216.0,146.9634246826172,146.8868408203125,0.0765838623046875
s_bird_137,resnet50_tl_20250829,8,4,152,216,156.0,220.0,146.9634246826172,146.90541076660156,0.058013916015625
s_bird_137,resnet50_tl_20250829,8,4,156,0,160.0,4.0,146.9634246826172,146.52810668945312,0.4353179931640625
s_bird_137,resnet50_tl_20250829,8,4,156,4,160.0,8.0,146.9634246826172,146.7691650390625,0.1942596435546875
s_bird_137,resnet50_tl_20250829,8,4,156,8,160.0,12.0,146.9634246826172,146.8917236328125,0.0717010498046875
s_bird_137,resnet50_tl_20250829,8,4,156,12,160.0,16.0,146.9634246826172,146.61956787109375,0.3438568115234375
s_bird_137,resnet50_tl_20250829,8,4,156,16,160.0,20.0,146.9634246826172,146.6038360595703,0.359588623046875
s_bird_137,resnet50_tl_20250829,8,4,156,20,160.0,24.0,146.9634246826172,146.76583862304688,0.1975860595703125
s_bird_137,resnet50_tl_20250829,8,4,156,24,160.0,28.0,146.9634246826172,146.90509033203125,0.0583343505859375
s_bird_137,resnet50_tl_20250829,8,4,156,28,160.0,32.0,146.9634246826172,146.53720092773438,0.4262237548828125
s_bird_137,resnet50_tl_20250829,8,4,156,32,160.0,36.0,146.9634246826172,146.4654083251953,0.498016357421875
s_bird_137,resnet50_tl_20250829,8,4,156,36,160.0,40.0,146.9634246826172,146.71302795410156,0.250396728515625
s_bird_137,resnet50_tl_20250829,8,4,156,40,160.0,44.0,146.9634246826172,146.85052490234375,0.1128997802734375
s_bird_137,resnet50_tl_20250829,8,4,156,44,160.0,48.0,146.9634246826172,147.05027770996094,-0.08685302734375
s_bird_137,resnet50_tl_20250829,8,4,156,48,160.0,52.0,146.9634246826172,146.9078826904297,0.0555419921875
s_bird_137,resnet50_tl_20250829,8,4,156,52,160.0,56.0,146.9634246826172,146.7972869873047,0.1661376953125
s_bird_137,resnet50_tl_20250829,8,4,156,56,160.0,60.0,146.9634246826172,146.62103271484375,0.3423919677734375
s_bird_137,resnet50_tl_20250829,8,4,156,60,160.0,64.0,146.9634246826172,146.75091552734375,0.2125091552734375
s_bird_137,resnet50_tl_20250829,8,4,156,64,160.0,68.0,146.9634246826172,146.77915954589844,0.18426513671875
s_bird_137,resnet50_tl_20250829,8,4,156,68,160.0,72.0,146.9634246826172,146.5588836669922,0.404541015625
s_bird_137,resnet50_tl_20250829,8,4,156,72,160.0,76.0,146.9634246826172,146.39010620117188,0.5733184814453125
s_bird_137,resnet50_tl_20250829,8,4,156,76,160.0,80.0,146.9634246826172,146.39491271972656,0.568511962890625
s_bird_137,resnet50_tl_20250829,8,4,156,80,160.0,84.0,146.9634246826172,146.51805114746094,0.44537353515625
s_bird_137,resnet50_tl_20250829,8,4,156,84,160.0,88.0,146.9634246826172,146.93344116210938,0.0299835205078125
s_bird_137,resnet50_tl_20250829,8,4,156,88,160.0,92.0,146.9634246826172,146.86764526367188,0.0957794189453125
s_bird_137,resnet50_tl_20250829,8,4,156,92,160.0,96.0,146.9634246826172,146.19497680664062,0.7684478759765625
s_bird_137,resnet50_tl_20250829,8,4,156,96,160.0,100.0,146.9634246826172,146.07855224609375,0.8848724365234375
s_bird_137,resnet50_tl_20250829,8,4,156,100,160.0,104.0,146.9634246826172,146.86314392089844,0.10028076171875
s_bird_137,resnet50_tl_20250829,8,4,156,104,160.0,108.0,146.9634246826172,146.96238708496094,0.00103759765625
s_bird_137,resnet50_tl_20250829,8,4,156,108,160.0,112.0,146.9634246826172,146.3648223876953,0.598602294921875
s_bird_137,resnet50_tl_20250829,8,4,156,112,160.0,116.0,146.9634246826172,146.09056091308594,0.87286376953125
s_bird_137,resnet50_tl_20250829,8,4,156,116,160.0,120.0,146.9634246826172,146.54156494140625,0.4218597412109375
s_bird_137,resnet50_tl_20250829,8,4,156,120,160.0,124.0,146.9634246826172,146.72341918945312,0.2400054931640625
s_bird_137,resnet50_tl_20250829,8,4,156,124,160.0,128.0,146.9634246826172,146.13397216796875,0.8294525146484375
s_bird_137,resnet50_tl_20250829,8,4,156,128,160.0,132.0,146.9634246826172,146.0784912109375,0.8849334716796875
s_bird_137,resnet50_tl_20250829,8,4,156,132,160.0,136.0,146.9634246826172,146.60467529296875,0.3587493896484375
s_bird_137,resnet50_tl_20250829,8,4,156,136,160.0,140.0,146.9634246826172,146.7759246826172,0.1875
s_bird_137,resnet50_tl_20250829,8,4,156,140,160.0,144.0,146.9634246826172,146.4087677001953,0.554656982421875
s_bird_137,resnet50_tl_20250829,8,4,156,144,160.0,148.0,146.9634246826172,146.35733032226562,0.6060943603515625
s_bird_137,resnet50_tl_20250829,8,4,156,148,160.0,152.0,146.9634246826172,146.80426025390625,0.1591644287109375
s_bird_137,resnet50_tl_20250829,8,4,156,152,160.0,156.0,146.9634246826172,146.8557891845703,0.107635498046875
s_bird_137,resnet50_tl_20250829,8,4,156,156,160.0,160.0,146.9634246826172,146.3580322265625,0.6053924560546875
s_bird_137,resnet50_tl_20250829,8,4,156,160,160.0,164.0,146.9634246826172,146.3077850341797,0.6556396484375
s_bird_137,resnet50_tl_20250829,8,4,156,164,160.0,168.0,146.9634246826172,146.7763671875,0.1870574951171875
s_bird_137,resnet50_tl_20250829,8,4,156,168,160.0,172.0,146.9634246826172,146.8766326904297,0.0867919921875
s_bird_137,resnet50_tl_20250829,8,4,156,172,160.0,176.0,146.9634246826172,146.67955017089844,0.28387451171875
s_bird_137,resnet50_tl_20250829,8,4,156,176,160.0,180.0,146.9634246826172,146.61488342285156,0.348541259765625
s_bird_137,resnet50_tl_20250829,8,4,156,180,160.0,184.0,146.9634246826172,146.83787536621094,0.12554931640625
s_bird_137,resnet50_tl_20250829,8,4,156,184,160.0,188.0,146.9634246826172,146.93130493164062,0.0321197509765625
s_bird_137,resnet50_tl_20250829,8,4,156,188,160.0,192.0,146.9634246826172,146.64376831054688,0.3196563720703125
s_bird_137,resnet50_tl_20250829,8,4,156,192,160.0,196.0,146.9634246826172,146.63641357421875,0.3270111083984375
s_bird_137,resnet50_tl_20250829,8,4,156,196,160.0,200.0,146.9634246826172,146.73858642578125,0.2248382568359375
s_bird_137,resnet50_tl_20250829,8,4,156,200,160.0,204.0,146.9634246826172,146.9047088623047,0.0587158203125
s_bird_137,resnet50_tl_20250829,8,4,156,204,160.0,208.0,146.9634246826172,146.86705017089844,0.09637451171875
s_bird_137,resnet50_tl_20250829,8,4,156,208,160.0,212.0,146.9634246826172,146.86480712890625,0.0986175537109375
s_bird_137,resnet50_tl_20250829,8,4,156,212,160.0,216.0,146.9634246826172,146.86935424804688,0.0940704345703125
s_bird_137,resnet50_tl_20250829,8,4,156,216,160.0,220.0,146.9634246826172,146.90196228027344,0.06146240234375
s_bird_137,resnet50_tl_20250829,8,4,160,0,164.0,4.0,146.9634246826172,146.5635528564453,0.399871826171875
s_bird_137,resnet50_tl_20250829,8,4,160,4,164.0,8.0,146.9634246826172,146.68243408203125,0.2809906005859375
s_bird_137,resnet50_tl_20250829,8,4,160,8,164.0,12.0,146.9634246826172,146.85140991210938,0.1120147705078125
s_bird_137,resnet50_tl_20250829,8,4,160,12,164.0,16.0,146.9634246826172,146.5592803955078,0.404144287109375
s_bird_137,resnet50_tl_20250829,8,4,160,16,164.0,20.0,146.9634246826172,146.57298278808594,0.39044189453125
s_bird_137,resnet50_tl_20250829,8,4,160,20,164.0,24.0,146.9634246826172,146.63259887695312,0.3308258056640625
s_bird_137,resnet50_tl_20250829,8,4,160,24,164.0,28.0,146.9634246826172,146.8136749267578,0.149749755859375
s_bird_137,resnet50_tl_20250829,8,4,160,28,164.0,32.0,146.9634246826172,146.47317504882812,0.4902496337890625
s_bird_137,resnet50_tl_20250829,8,4,160,32,164.0,36.0,146.9634246826172,146.5432891845703,0.420135498046875
s_bird_137,resnet50_tl_20250829,8,4,160,36,164.0,40.0,146.9634246826172,146.639404296875,0.3240203857421875
s_bird_137,resnet50_tl_20250829,8,4,160,40,164.0,44.0,146.9634246826172,146.87698364257812,0.0864410400390625
s_bird_137,resnet50_tl_20250829,8,4,160,44,164.0,48.0,146.9634246826172,146.98081970214844,-0.01739501953125
s_bird_137,resnet50_tl_20250829,8,4,160,48,164.0,52.0,146.9634246826172,146.83702087402344,0.12640380859375
s_bird_137,resnet50_tl_20250829,8,4,160,52,164.0,56.0,146.9634246826172,146.825927734375,0.1374969482421875
s_bird_137,resnet50_tl_20250829,8,4,160,56,164.0,60.0,146.9634246826172,146.73753356933594,0.22589111328125
s_bird_137,resnet50_tl_20250829,8,4,160,60,164.0,64.0,146.9634246826172,146.74037170410156,0.223052978515625
s_bird_137,resnet50_tl_20250829,8,4,160,64,164.0,68.0,146.9634246826172,146.81883239746094,0.14459228515625
s_bird_137,resnet50_tl_20250829,8,4,160,68,164.0,72.0,146.9634246826172,146.64120483398438,0.3222198486328125
s_bird_137,resnet50_tl_20250829,8,4,160,72,164.0,76.0,146.9634246826172,146.5255889892578,0.437835693359375
s_bird_137,resnet50_tl_20250829,8,4,160,76,164.0,80.0,146.9634246826172,146.49388122558594,0.46954345703125
s_bird_137,resnet50_tl_20250829,8,4,160,80,164.0,84.0,146.9634246826172,146.47250366210938,0.4909210205078125
s_bird_137,resnet50_tl_20250829,8,4,160,84,164.0,88.0,146.9634246826172,146.73793029785156,0.225494384765625
s_bird_137,resnet50_tl_20250829,8,4,160,88,164.0,92.0,146.9634246826172,146.64488220214844,0.31854248046875
s_bird_137,resnet50_tl_20250829,8,4,160,92,164.0,96.0,146.9634246826172,146.056640625,0.9067840576171875
s_bird_137,resnet50_tl_20250829,8,4,160,96,164.0,100.0,146.9634246826172,146.09991455078125,0.8635101318359375
s_bird_137,resnet50_tl_20250829,8,4,160,100,164.0,104.0,146.9634246826172,146.58779907226562,0.3756256103515625
s_bird_137,resnet50_tl_20250829,8,4,160,104,164.0,108.0,146.9634246826172,146.88180541992188,0.0816192626953125
s_bird_137,resnet50_tl_20250829,8,4,160,108,164.0,112.0,146.9634246826172,146.25735473632812,0.7060699462890625
s_bird_137,resnet50_tl_20250829,8,4,160,112,164.0,116.0,146.9634246826172,146.107421875,0.8560028076171875
s_bird_137,resnet50_tl_20250829,8,4,160,116,164.0,120.0,146.9634246826172,146.33859252929688,0.6248321533203125
s_bird_137,resnet50_tl_20250829,8,4,160,120,164.0,124.0,146.9634246826172,146.59339904785156,0.370025634765625
s_bird_137,resnet50_tl_20250829,8,4,160,124,164.0,128.0,146.9634246826172,146.04327392578125,0.9201507568359375
s_bird_137,resnet50_tl_20250829,8,4,160,128,164.0,132.0,146.9634246826172,146.12388610839844,0.83953857421875
s_bird_137,resnet50_tl_20250829,8,4,160,132,164.0,136.0,146.9634246826172,146.44390869140625,0.5195159912109375
s_bird_137,resnet50_tl_20250829,8,4,160,136,164.0,140.0,146.9634246826172,146.67674255371094,0.28668212890625
s_bird_137,resnet50_tl_20250829,8,4,160,140,164.0,144.0,146.9634246826172,146.27264404296875,0.6907806396484375
s_bird_137,resnet50_tl_20250829,8,4,160,144,164.0,148.0,146.9634246826172,146.33497619628906,0.628448486328125
s_bird_137,resnet50_tl_20250829,8,4,160,148,164.0,152.0,146.9634246826172,146.60440063476562,0.3590240478515625
s_bird_137,resnet50_tl_20250829,8,4,160,152,164.0,156.0,146.9634246826172,146.75234985351562,0.2110748291015625
s_bird_137,resnet50_tl_20250829,8,4,160,156,164.0,160.0,146.9634246826172,146.32186889648438,0.6415557861328125
s_bird_137,resnet50_tl_20250829,8,4,160,160,164.0,164.0,146.9634246826172,146.3395538330078,0.623870849609375
s_bird_137,resnet50_tl_20250829,8,4,160,164,164.0,168.0,146.9634246826172,146.63796997070312,0.3254547119140625
s_bird_137,resnet50_tl_20250829,8,4,160,168,164.0,172.0,146.9634246826172,146.79556274414062,0.1678619384765625
s_bird_137,resnet50_tl_20250829,8,4,160,172,164.0,176.0,146.9634246826172,146.57766723632812,0.3857574462890625
s_bird_137,resnet50_tl_20250829,8,4,160,176,164.0,180.0,146.9634246826172,146.60690307617188,0.3565216064453125
s_bird_137,resnet50_tl_20250829,8,4,160,180,164.0,184.0,146.9634246826172,146.74009704589844,0.22332763671875
s_bird_137,resnet50_tl_20250829,8,4,160,184,164.0,188.0,146.9634246826172,146.8795166015625,0.0839080810546875
s_bird_137,resnet50_tl_20250829,8,4,160,188,164.0,192.0,146.9634246826172,146.62884521484375,0.3345794677734375
s_bird_137,resnet50_tl_20250829,8,4,160,192,164.0,196.0,146.9634246826172,146.66683959960938,0.2965850830078125
s_bird_137,resnet50_tl_20250829,8,4,160,196,164.0,200.0,146.9634246826172,146.74871826171875,0.2147064208984375
s_bird_137,resnet50_tl_20250829,8,4,160,200,164.0,204.0,146.9634246826172,146.8904266357422,0.072998046875
s_bird_137,resnet50_tl_20250829,8,4,160,204,164.0,208.0,146.9634246826172,146.84353637695312,0.1198883056640625
s_bird_137,resnet50_tl_20250829,8,4,160,208,164.0,212.0,146.9634246826172,146.87327575683594,0.09014892578125
s_bird_137,resnet50_tl_20250829,8,4,160,212,164.0,216.0,146.9634246826172,146.86480712890625,0.0986175537109375
s_bird_137,resnet50_tl_20250829,8,4,160,216,164.0,220.0,146.9634246826172,146.9126434326172,0.05078125
s_bird_137,resnet50_tl_20250829,8,4,164,0,168.0,4.0,146.9634246826172,146.8185272216797,0.1448974609375
s_bird_137,resnet50_tl_20250829,8,4,164,4,168.0,8.0,146.9634246826172,146.79563903808594,0.16778564453125
s_bird_137,resnet50_tl_20250829,8,4,164,8,168.0,12.0,146.9634246826172,146.91864013671875,0.0447845458984375
s_bird_137,resnet50_tl_20250829,8,4,164,12,168.0,16.0,146.9634246826172,146.87936401367188,0.0840606689453125
s_bird_137,resnet50_tl_20250829,8,4,164,16,168.0,20.0,146.9634246826172,146.842041015625,0.1213836669921875
s_bird_137,resnet50_tl_20250829,8,4,164,20,168.0,24.0,146.9634246826172,146.80821228027344,0.15521240234375
s_bird_137,resnet50_tl_20250829,8,4,164,24,168.0,28.0,146.9634246826172,146.81463623046875,0.1487884521484375
s_bird_137,resnet50_tl_20250829,8,4,164,28,168.0,32.0,146.9634246826172,146.85354614257812,0.1098785400390625
s_bird_137,resnet50_tl_20250829,8,4,164,32,168.0,36.0,146.9634246826172,146.92172241210938,0.0417022705078125
s_bird_137,resnet50_tl_20250829,8,4,164,36,168.0,40.0,146.9634246826172,146.9203338623047,0.0430908203125
s_bird_137,resnet50_tl_20250829,8,4,164,40,168.0,44.0,146.9634246826172,146.9307861328125,0.0326385498046875
s_bird_137,resnet50_tl_20250829,8,4,164,44,168.0,48.0,146.9634246826172,146.96804809570312,-0.0046234130859375
s_bird_137,resnet50_tl_20250829,8,4,164,48,168.0,52.0,146.9634246826172,146.9335174560547,0.0299072265625
s_bird_137,resnet50_tl_20250829,8,4,164,52,168.0,56.0,146.9634246826172,147.0104522705078,-0.047027587890625
s_bird_137,resnet50_tl_20250829,8,4,164,56,168.0,60.0,146.9634246826172,146.65151977539062,0.3119049072265625
s_bird_137,resnet50_tl_20250829,8,4,164,60,168.0,64.0,146.9634246826172,146.71360778808594,0.24981689453125
s_bird_137,resnet50_tl_20250829,8,4,164,64,168.0,68.0,146.9634246826172,146.70213317871094,0.26129150390625
s_bird_137,resnet50_tl_20250829,8,4,164,68,168.0,72.0,146.9634246826172,146.61590576171875,0.3475189208984375
s_bird_137,resnet50_tl_20250829,8,4,164,72,168.0,76.0,146.9634246826172,146.57388305664062,0.3895416259765625
s_bird_137,resnet50_tl_20250829,8,4,164,76,168.0,80.0,146.9634246826172,146.53782653808594,0.42559814453125
s_bird_137,resnet50_tl_20250829,8,4,164,80,168.0,84.0,146.9634246826172,146.40895080566406,0.554473876953125
s_bird_137,resnet50_tl_20250829,8,4,164,84,168.0,88.0,146.9634246826172,146.7123565673828,0.251068115234375
s_bird_137,resnet50_tl_20250829,8,4,164,88,168.0,92.0,146.9634246826172,146.7996826171875,0.1637420654296875
s_bird_137,resnet50_tl_20250829,8,4,164,92,168.0,96.0,146.9634246826172,146.5294189453125,0.4340057373046875
s_bird_137,resnet50_tl_20250829,8,4,164,96,168.0,100.0,146.9634246826172,146.56484985351562,0.3985748291015625
s_bird_137,resnet50_tl_20250829,8,4,164,100,168.0,104.0,146.9634246826172,146.91395568847656,0.049468994140625
s_bird_137,resnet50_tl_20250829,8,4,164,104,168.0,108.0,146.9634246826172,146.90866088867188,0.0547637939453125
s_bird_137,resnet50_tl_20250829,8,4,164,108,168.0,112.0,146.9634246826172,146.8241424560547,0.1392822265625
s_bird_137,resnet50_tl_20250829,8,4,164,112,168.0,116.0,146.9634246826172,146.56912231445312,0.3943023681640625
s_bird_137,resnet50_tl_20250829,8,4,164,116,168.0,120.0,146.9634246826172,146.69390869140625,0.2695159912109375
s_bird_137,resnet50_tl_20250829,8,4,164,120,168.0,124.0,146.9634246826172,146.62889099121094,0.33453369140625
s_bird_137,resnet50_tl_20250829,8,4,164,124,168.0,128.0,146.9634246826172,146.6587677001953,0.304656982421875
s_bird_137,resnet50_tl_20250829,8,4,164,128,168.0,132.0,146.9634246826172,146.6731414794922,0.290283203125
s_bird_137,resnet50_tl_20250829,8,4,164,132,168.0,136.0,146.9634246826172,146.7972412109375,0.1661834716796875
s_bird_137,resnet50_tl_20250829,8,4,164,136,168.0,140.0,146.9634246826172,146.69381713867188,0.2696075439453125
s_bird_137,resnet50_tl_20250829,8,4,164,140,168.0,144.0,146.9634246826172,146.76815795898438,0.1952667236328125
s_bird_137,resnet50_tl_20250829,8,4,164,144,168.0,148.0,146.9634246826172,146.7578125,0.2056121826171875
s_bird_137,resnet50_tl_20250829,8,4,164,148,168.0,152.0,146.9634246826172,146.90350341796875,0.0599212646484375
s_bird_137,resnet50_tl_20250829,8,4,164,152,168.0,156.0,146.9634246826172,146.78366088867188,0.1797637939453125
s_bird_137,resnet50_tl_20250829,8,4,164,156,168.0,160.0,146.9634246826172,146.87130737304688,0.0921173095703125
s_bird_137,resnet50_tl_20250829,8,4,164,160,168.0,164.0,146.9634246826172,146.84512329101562,0.1183013916015625
s_bird_137,resnet50_tl_20250829,8,4,164,164,168.0,168.0,146.9634246826172,146.920654296875,0.0427703857421875
s_bird_137,resnet50_tl_20250829,8,4,164,168,168.0,172.0,146.9634246826172,146.81790161132812,0.1455230712890625
s_bird_137,resnet50_tl_20250829,8,4,164,172,168.0,176.0,146.9634246826172,146.9078826904297,0.0555419921875
s_bird_137,resnet50_tl_20250829,8,4,164,176,168.0,180.0,146.9634246826172,146.90122985839844,0.06219482421875
s_bird_137,resnet50_tl_20250829,8,4,164,180,168.0,184.0,146.9634246826172,146.9326934814453,0.030731201171875
s_bird_137,resnet50_tl_20250829,8,4,164,184,168.0,188.0,146.9634246826172,146.887451171875,0.0759735107421875
s_bird_137,resnet50_tl_20250829,8,4,164,188,168.0,192.0,146.9634246826172,146.8990936279297,0.0643310546875
s_bird_137,resnet50_tl_20250829,8,4,164,192,168.0,196.0,146.9634246826172,146.96328735351562,0.0001373291015625
s_bird_137,resnet50_tl_20250829,8,4,164,196,168.0,200.0,146.9634246826172,146.87351989746094,0.08990478515625
s_bird_137,resnet50_tl_20250829,8,4,164,200,168.0,204.0,146.9634246826172,146.87266540527344,0.09075927734375
s_bird_137,resnet50_tl_20250829,8,4,164,204,168.0,208.0,146.9634246826172,146.91006469726562,0.0533599853515625
s_bird_137,resnet50_tl_20250829,8,4,164,208,168.0,212.0,146.9634246826172,146.98223876953125,-0.0188140869140625
s_bird_137,resnet50_tl_20250829,8,4,164,212,168.0,216.0,146.9634246826172,146.91000366210938,0.0534210205078125
s_bird_137,resnet50_tl_20250829,8,4,164,216,168.0,220.0,146.9634246826172,146.89462280273438,0.0688018798828125
s_bird_137,resnet50_tl_20250829,8,4,168,0,172.0,4.0,146.9634246826172,146.7870330810547,0.1763916015625
s_bird_137,resnet50_tl_20250829,8,4,168,4,172.0,8.0,146.9634246826172,146.7461395263672,0.21728515625
s_bird_137,resnet50_tl_20250829,8,4,168,8,172.0,12.0,146.9634246826172,146.8840789794922,0.079345703125
s_bird_137,resnet50_tl_20250829,8,4,168,12,172.0,16.0,146.9634246826172,146.73011779785156,0.233306884765625
s_bird_137,resnet50_tl_20250829,8,4,168,16,172.0,20.0,146.9634246826172,146.74545288085938,0.2179718017578125
s_bird_137,resnet50_tl_20250829,8,4,168,20,172.0,24.0,146.9634246826172,146.68638610839844,0.27703857421875
s_bird_137,resnet50_tl_20250829,8,4,168,24,172.0,28.0,146.9634246826172,146.77919006347656,0.184234619140625
s_bird_137,resnet50_tl_20250829,8,4,168,28,172.0,32.0,146.9634246826172,146.63589477539062,0.3275299072265625
s_bird_137,resnet50_tl_20250829,8,4,168,32,172.0,36.0,146.9634246826172,146.72879028320312,0.2346343994140625
s_bird_137,resnet50_tl_20250829,8,4,168,36,172.0,40.0,146.9634246826172,146.74691772460938,0.2165069580078125
s_bird_137,resnet50_tl_20250829,8,4,168,40,172.0,44.0,146.9634246826172,146.8486785888672,0.11474609375
s_bird_137,resnet50_tl_20250829,8,4,168,44,172.0,48.0,146.9634246826172,146.7500762939453,0.213348388671875
s_bird_137,resnet50_tl_20250829,8,4,168,48,172.0,52.0,146.9634246826172,146.63626098632812,0.3271636962890625
s_bird_137,resnet50_tl_20250829,8,4,168,52,172.0,56.0,146.9634246826172,146.79454040527344,0.16888427734375
s_bird_137,resnet50_tl_20250829,8,4,168,56,172.0,60.0,146.9634246826172,146.6633758544922,0.300048828125
s_bird_137,resnet50_tl_20250829,8,4,168,60,172.0,64.0,146.9634246826172,146.5826873779297,0.3807373046875
s_bird_137,resnet50_tl_20250829,8,4,168,64,172.0,68.0,146.9634246826172,146.61026000976562,0.3531646728515625
s_bird_137,resnet50_tl_20250829,8,4,168,68,172.0,72.0,146.9634246826172,146.5521240234375,0.4113006591796875
s_bird_137,resnet50_tl_20250829,8,4,168,72,172.0,76.0,146.9634246826172,146.58001708984375,0.3834075927734375
s_bird_137,resnet50_tl_20250829,8,4,168,76,172.0,80.0,146.9634246826172,146.5452117919922,0.418212890625
s_bird_137,resnet50_tl_20250829,8,4,168,80,172.0,84.0,146.9634246826172,146.4903564453125,0.4730682373046875
s_bird_137,resnet50_tl_20250829,8,4,168,84,172.0,88.0,146.9634246826172,146.5474395751953,0.415985107421875
s_bird_137,resnet50_tl_20250829,8,4,168,88,172.0,92.0,146.9634246826172,146.65676879882812,0.3066558837890625
s_bird_137,resnet50_tl_20250829,8,4,168,92,172.0,96.0,146.9634246826172,146.53651428222656,0.426910400390625
s_bird_137,resnet50_tl_20250829,8,4,168,96,172.0,100.0,146.9634246826172,146.38938903808594,0.57403564453125
s_bird_137,resnet50_tl_20250829,8,4,168,100,172.0,104.0,146.9634246826172,146.48329162597656,0.480133056640625
s_bird_137,resnet50_tl_20250829,8,4,168,104,172.0,108.0,146.9634246826172,146.66555786132812,0.2978668212890625
s_bird_137,resnet50_tl_20250829,8,4,168,108,172.0,112.0,146.9634246826172,146.42587280273438,0.5375518798828125
s_bird_137,resnet50_tl_20250829,8,4,168,112,172.0,116.0,146.9634246826172,146.2504425048828,0.712982177734375
s_bird_137,resnet50_tl_20250829,8,4,168,116,172.0,120.0,146.9634246826172,146.33895874023438,0.6244659423828125
s_bird_137,resnet50_tl_20250829,8,4,168,120,172.0,124.0,146.9634246826172,146.4800262451172,0.4833984375
s_bird_137,resnet50_tl_20250829,8,4,168,124,172.0,128.0,146.9634246826172,146.22119140625,0.7422332763671875
s_bird_137,resnet50_tl_20250829,8,4,168,128,172.0,132.0,146.9634246826172,146.25831604003906,0.705108642578125
s_bird_137,resnet50_tl_20250829,8,4,168,132,172.0,136.0,146.9634246826172,146.37078857421875,0.5926361083984375
s_bird_137,resnet50_tl_20250829,8,4,168,136,172.0,140.0,146.9634246826172,146.53594970703125,0.4274749755859375
s_bird_137,resnet50_tl_20250829,8,4,168,140,172.0,144.0,146.9634246826172,146.34213256835938,0.6212921142578125
s_bird_137,resnet50_tl_20250829,8,4,168,144,172.0,148.0,146.9634246826172,146.37188720703125,0.5915374755859375
s_bird_137,resnet50_tl_20250829,8,4,168,148,172.0,152.0,146.9634246826172,146.50347900390625,0.4599456787109375
s_bird_137,resnet50_tl_20250829,8,4,168,152,172.0,156.0,146.9634246826172,146.64564514160156,0.317779541015625
s_bird_137,resnet50_tl_20250829,8,4,168,156,172.0,160.0,146.9634246826172,146.5086212158203,0.454803466796875
s_bird_137,resnet50_tl_20250829,8,4,168,160,172.0,164.0,146.9634246826172,146.5171356201172,0.4462890625
s_bird_137,resnet50_tl_20250829,8,4,168,164,172.0,168.0,146.9634246826172,146.58694458007812,0.3764801025390625
s_bird_137,resnet50_tl_20250829,8,4,168,168,172.0,172.0,146.9634246826172,146.72923278808594,0.23419189453125
s_bird_137,resnet50_tl_20250829,8,4,168,172,172.0,176.0,146.9634246826172,146.6576385498047,0.3057861328125
s_bird_137,resnet50_tl_20250829,8,4,168,176,172.0,180.0,146.9634246826172,146.6762237548828,0.287200927734375
s_bird_137,resnet50_tl_20250829,8,4,168,180,172.0,184.0,146.9634246826172,146.70053100585938,0.2628936767578125
s_bird_137,resnet50_tl_20250829,8,4,168,184,172.0,188.0,146.9634246826172,146.85214233398438,0.1112823486328125
s_bird_137,resnet50_tl_20250829,8,4,168,188,172.0,192.0,146.9634246826172,146.81521606445312,0.1482086181640625
s_bird_137,resnet50_tl_20250829,8,4,168,192,172.0,196.0,146.9634246826172,146.86593627929688,0.0974884033203125
s_bird_137,resnet50_tl_20250829,8,4,168,196,172.0,200.0,146.9634246826172,146.81881713867188,0.1446075439453125
s_bird_137,resnet50_tl_20250829,8,4,168,200,172.0,204.0,146.9634246826172,146.87696838378906,0.086456298828125
s_bird_137,resnet50_tl_20250829,8,4,168,204,172.0,208.0,146.9634246826172,146.8959197998047,0.0675048828125
s_bird_137,resnet50_tl_20250829,8,4,168,208,172.0,212.0,146.9634246826172,146.93775939941406,0.025665283203125
s_bird_137,resnet50_tl_20250829,8,4,168,212,172.0,216.0,146.9634246826172,146.87562561035156,0.087799072265625
s_bird_137,resnet50_tl_20250829,8,4,168,216,172.0,220.0,146.9634246826172,146.8997344970703,0.063690185546875
s_bird_137,resnet50_tl_20250829,8,4,172,0,176.0,4.0,146.9634246826172,146.5980987548828,0.365325927734375
s_bird_137,resnet50_tl_20250829,8,4,172,4,176.0,8.0,146.9634246826172,146.78102111816406,0.182403564453125
s_bird_137,resnet50_tl_20250829,8,4,172,8,176.0,12.0,146.9634246826172,146.90321350097656,0.060211181640625
s_bird_137,resnet50_tl_20250829,8,4,172,12,176.0,16.0,146.9634246826172,146.6205291748047,0.3428955078125
s_bird_137,resnet50_tl_20250829,8,4,172,16,176.0,20.0,146.9634246826172,146.60287475585938,0.3605499267578125
s_bird_137,resnet50_tl_20250829,8,4,172,20,176.0,24.0,146.9634246826172,146.72213745117188,0.2412872314453125
s_bird_137,resnet50_tl_20250829,8,4,172,24,176.0,28.0,146.9634246826172,146.84080505371094,0.12261962890625
s_bird_137,resnet50_tl_20250829,8,4,172,28,176.0,32.0,146.9634246826172,146.41567993164062,0.5477447509765625
s_bird_137,resnet50_tl_20250829,8,4,172,32,176.0,36.0,146.9634246826172,146.51087951660156,0.452545166015625
s_bird_137,resnet50_tl_20250829,8,4,172,36,176.0,40.0,146.9634246826172,146.79893493652344,0.16448974609375
s_bird_137,resnet50_tl_20250829,8,4,172,40,176.0,44.0,146.9634246826172,146.83802795410156,0.125396728515625
s_bird_137,resnet50_tl_20250829,8,4,172,44,176.0,48.0,146.9634246826172,146.5616455078125,0.4017791748046875
s_bird_137,resnet50_tl_20250829,8,4,172,48,176.0,52.0,146.9634246826172,146.3921356201172,0.5712890625
s_bird_137,resnet50_tl_20250829,8,4,172,52,176.0,56.0,146.9634246826172,146.83152770996094,0.13189697265625
s_bird_137,resnet50_tl_20250829,8,4,172,56,176.0,60.0,146.9634246826172,146.84078979492188,0.1226348876953125
s_bird_137,resnet50_tl_20250829,8,4,172,60,176.0,64.0,146.9634246826172,146.6745147705078,0.288909912109375
s_bird_137,resnet50_tl_20250829,8,4,172,64,176.0,68.0,146.9634246826172,146.65037536621094,0.31304931640625
s_bird_137,resnet50_tl_20250829,8,4,172,68,176.0,72.0,146.9634246826172,146.5435791015625,0.4198455810546875
s_bird_137,resnet50_tl_20250829,8,4,172,72,176.0,76.0,146.9634246826172,146.5051727294922,0.458251953125
s_bird_137,resnet50_tl_20250829,8,4,172,76,176.0,80.0,146.9634246826172,146.5023956298828,0.461029052734375
s_bird_137,resnet50_tl_20250829,8,4,172,80,176.0,84.0,146.9634246826172,146.4300994873047,0.5333251953125
s_bird_137,resnet50_tl_20250829,8,4,172,84,176.0,88.0,146.9634246826172,146.45008850097656,0.513336181640625
s_bird_137,resnet50_tl_20250829,8,4,172,88,176.0,92.0,146.9634246826172,146.4795379638672,0.48388671875
s_bird_137,resnet50_tl_20250829,8,4,172,92,176.0,96.0,146.9634246826172,145.89205932617188,1.0713653564453125
s_bird_137,resnet50_tl_20250829,8,4,172,96,176.0,100.0,146.9634246826172,146.1077423095703,0.855682373046875
s_bird_137,resnet50_tl_20250829,8,4,172,100,176.0,104.0,146.9634246826172,146.7042694091797,0.2591552734375
s_bird_137,resnet50_tl_20250829,8,4,172,104,176.0,108.0,146.9634246826172,146.71942138671875,0.2440032958984375
s_bird_137,resnet50_tl_20250829,8,4,172,108,176.0,112.0,146.9634246826172,146.21957397460938,0.7438507080078125
s_bird_137,resnet50_tl_20250829,8,4,172,112,176.0,116.0,146.9634246826172,145.95675659179688,1.0066680908203125
s_bird_137,resnet50_tl_20250829,8,4,172,116,176.0,120.0,146.9634246826172,146.39805603027344,0.56536865234375
s_bird_137,resnet50_tl_20250829,8,4,172,120,176.0,124.0,146.9634246826172,146.59393310546875,0.3694915771484375
s_bird_137,resnet50_tl_20250829,8,4,172,124,176.0,128.0,146.9634246826172,145.9485321044922,1.014892578125
s_bird_137,resnet50_tl_20250829,8,4,172,128,176.0,132.0,146.9634246826172,145.9298553466797,1.0335693359375
s_bird_137,resnet50_tl_20250829,8,4,172,132,176.0,136.0,146.9634246826172,146.4168243408203,0.546600341796875
s_bird_137,resnet50_tl_20250829,8,4,172,136,176.0,140.0,146.9634246826172,146.6128692626953,0.350555419921875
s_bird_137,resnet50_tl_20250829,8,4,172,140,176.0,144.0,146.9634246826172,146.1108856201172,0.8525390625
s_bird_137,resnet50_tl_20250829,8,4,172,144,176.0,148.0,146.9634246826172,146.0815887451172,0.8818359375
s_bird_137,resnet50_tl_20250829,8,4,172,148,176.0,152.0,146.9634246826172,146.5606231689453,0.402801513671875
s_bird_137,resnet50_tl_20250829,8,4,172,152,176.0,156.0,146.9634246826172,146.7196807861328,0.243743896484375
s_bird_137,resnet50_tl_20250829,8,4,172,156,176.0,160.0,146.9634246826172,146.27197265625,0.6914520263671875
s_bird_137,resnet50_tl_20250829,8,4,172,160,176.0,164.0,146.9634246826172,146.24502563476562,0.7183990478515625
s_bird_137,resnet50_tl_20250829,8,4,172,164,176.0,168.0,146.9634246826172,146.6006317138672,0.36279296875
s_bird_137,resnet50_tl_20250829,8,4,172,168,176.0,172.0,146.9634246826172,146.77450561523438,0.1889190673828125
s_bird_137,resnet50_tl_20250829,8,4,172,172,176.0,176.0,146.9634246826172,146.5223388671875,0.4410858154296875
s_bird_137,resnet50_tl_20250829,8,4,172,176,176.0,180.0,146.9634246826172,146.49713134765625,0.4662933349609375
s_bird_137,resnet50_tl_20250829,8,4,172,180,176.0,184.0,146.9634246826172,146.71742248535156,0.246002197265625
s_bird_137,resnet50_tl_20250829,8,4,172,184,176.0,188.0,146.9634246826172,146.8944549560547,0.0689697265625
s_bird_137,resnet50_tl_20250829,8,4,172,188,176.0,192.0,146.9634246826172,146.69845581054688,0.2649688720703125
s_bird_137,resnet50_tl_20250829,8,4,172,192,176.0,196.0,146.9634246826172,146.74314880371094,0.22027587890625
s_bird_137,resnet50_tl_20250829,8,4,172,196,176.0,200.0,146.9634246826172,146.76596069335938,0.1974639892578125
s_bird_137,resnet50_tl_20250829,8,4,172,200,176.0,204.0,146.9634246826172,146.90835571289062,0.0550689697265625
s_bird_137,resnet50_tl_20250829,8,4,172,204,176.0,208.0,146.9634246826172,146.86122131347656,0.102203369140625
s_bird_137,resnet50_tl_20250829,8,4,172,208,176.0,212.0,146.9634246826172,146.88278198242188,0.0806427001953125
s_bird_137,resnet50_tl_20250829,8,4,172,212,176.0,216.0,146.9634246826172,146.86573791503906,0.097686767578125
s_bird_137,resnet50_tl_20250829,8,4,172,216,176.0,220.0,146.9634246826172,146.9029998779297,0.0604248046875
s_bird_137,resnet50_tl_20250829,8,4,176,0,180.0,4.0,146.9634246826172,146.63262939453125,0.3307952880859375
s_bird_137,resnet50_tl_20250829,8,4,176,4,180.0,8.0,146.9634246826172,146.71307373046875,0.2503509521484375
s_bird_137,resnet50_tl_20250829,8,4,176,8,180.0,12.0,146.9634246826172,146.89710998535156,0.066314697265625
s_bird_137,resnet50_tl_20250829,8,4,176,12,180.0,16.0,146.9634246826172,146.603759765625,0.3596649169921875
s_bird_137,resnet50_tl_20250829,8,4,176,16,180.0,20.0,146.9634246826172,146.63400268554688,0.3294219970703125
s_bird_137,resnet50_tl_20250829,8,4,176,20,180.0,24.0,146.9634246826172,146.66799926757812,0.2954254150390625
s_bird_137,resnet50_tl_20250829,8,4,176,24,180.0,28.0,146.9634246826172,146.79034423828125,0.1730804443359375
s_bird_137,resnet50_tl_20250829,8,4,176,28,180.0,32.0,146.9634246826172,146.446533203125,0.5168914794921875
s_bird_137,resnet50_tl_20250829,8,4,176,32,180.0,36.0,146.9634246826172,146.5328369140625,0.4305877685546875
s_bird_137,resnet50_tl_20250829,8,4,176,36,180.0,40.0,146.9634246826172,146.70541381835938,0.2580108642578125
s_bird_137,resnet50_tl_20250829,8,4,176,40,180.0,44.0,146.9634246826172,146.76116943359375,0.2022552490234375
s_bird_137,resnet50_tl_20250829,8,4,176,44,180.0,48.0,146.9634246826172,146.6559295654297,0.3074951171875
s_bird_137,resnet50_tl_20250829,8,4,176,48,180.0,52.0,146.9634246826172,146.60240173339844,0.36102294921875
s_bird_137,resnet50_tl_20250829,8,4,176,52,180.0,56.0,146.9634246826172,146.73931884765625,0.2241058349609375
s_bird_137,resnet50_tl_20250829,8,4,176,56,180.0,60.0,146.9634246826172,146.8316192626953,0.131805419921875
s_bird_137,resnet50_tl_20250829,8,4,176,60,180.0,64.0,146.9634246826172,146.67623901367188,0.2871856689453125
s_bird_137,resnet50_tl_20250829,8,4,176,64,180.0,68.0,146.9634246826172,146.5996551513672,0.36376953125
s_bird_137,resnet50_tl_20250829,8,4,176,68,180.0,72.0,146.9634246826172,146.54624938964844,0.41717529296875
s_bird_137,resnet50_tl_20250829,8,4,176,72,180.0,76.0,146.9634246826172,146.63893127441406,0.324493408203125
s_bird_137,resnet50_tl_20250829,8,4,176,76,180.0,80.0,146.9634246826172,146.5421142578125,0.4213104248046875
s_bird_137,resnet50_tl_20250829,8,4,176,80,180.0,84.0,146.9634246826172,146.46661376953125,0.4968109130859375
s_bird_137,resnet50_tl_20250829,8,4,176,84,180.0,88.0,146.9634246826172,146.58816528320312,0.3752593994140625
s_bird_137,resnet50_tl_20250829,8,4,176,88,180.0,92.0,146.9634246826172,146.5276641845703,0.435760498046875
s_bird_137,resnet50_tl_20250829,8,4,176,92,180.0,96.0,146.9634246826172,146.0143280029297,0.9490966796875
s_bird_137,resnet50_tl_20250829,8,4,176,96,180.0,100.0,146.9634246826172,146.17398071289062,0.7894439697265625
s_bird_137,resnet50_tl_20250829,8,4,176,100,180.0,104.0,146.9634246826172,146.541015625,0.4224090576171875
s_bird_137,resnet50_tl_20250829,8,4,176,104,180.0,108.0,146.9634246826172,146.61216735839844,0.35125732421875
s_bird_137,resnet50_tl_20250829,8,4,176,108,180.0,112.0,146.9634246826172,146.14906311035156,0.814361572265625
s_bird_137,resnet50_tl_20250829,8,4,176,112,180.0,116.0,146.9634246826172,146.07713317871094,0.88629150390625
s_bird_137,resnet50_tl_20250829,8,4,176,116,180.0,120.0,146.9634246826172,146.29507446289062,0.6683502197265625
s_bird_137,resnet50_tl_20250829,8,4,176,120,180.0,124.0,146.9634246826172,146.52908325195312,0.4343414306640625
s_bird_137,resnet50_tl_20250829,8,4,176,124,180.0,128.0,146.9634246826172,145.88983154296875,1.0735931396484375
s_bird_137,resnet50_tl_20250829,8,4,176,128,180.0,132.0,146.9634246826172,146.00123596191406,0.962188720703125
s_bird_137,resnet50_tl_20250829,8,4,176,132,180.0,136.0,146.9634246826172,146.29457092285156,0.668853759765625
s_bird_137,resnet50_tl_20250829,8,4,176,136,180.0,140.0,146.9634246826172,146.5374298095703,0.425994873046875
s_bird_137,resnet50_tl_20250829,8,4,176,140,180.0,144.0,146.9634246826172,146.03114318847656,0.932281494140625
s_bird_137,resnet50_tl_20250829,8,4,176,144,180.0,148.0,146.9634246826172,146.13165283203125,0.8317718505859375
s_bird_137,resnet50_tl_20250829,8,4,176,148,180.0,152.0,146.9634246826172,146.41038513183594,0.55303955078125
s_bird_137,resnet50_tl_20250829,8,4,176,152,180.0,156.0,146.9634246826172,146.63818359375,0.3252410888671875
s_bird_137,resnet50_tl_20250829,8,4,176,156,180.0,160.0,146.9634246826172,146.2233123779297,0.7401123046875
s_bird_137,resnet50_tl_20250829,8,4,176,160,180.0,164.0,146.9634246826172,146.2891845703125,0.6742401123046875
s_bird_137,resnet50_tl_20250829,8,4,176,164,180.0,168.0,146.9634246826172,146.51710510253906,0.446319580078125
s_bird_137,resnet50_tl_20250829,8,4,176,168,180.0,172.0,146.9634246826172,146.72402954101562,0.2393951416015625
s_bird_137,resnet50_tl_20250829,8,4,176,172,180.0,176.0,146.9634246826172,146.470703125,0.4927215576171875
s_bird_137,resnet50_tl_20250829,8,4,176,176,180.0,180.0,146.9634246826172,146.54498291015625,0.4184417724609375
s_bird_137,resnet50_tl_20250829,8,4,176,180,180.0,184.0,146.9634246826172,146.6847686767578,0.278656005859375
s_bird_137,resnet50_tl_20250829,8,4,176,184,180.0,188.0,146.9634246826172,146.86727905273438,0.0961456298828125
s_bird_137,resnet50_tl_20250829,8,4,176,188,180.0,192.0,146.9634246826172,146.6998291015625,0.2635955810546875
s_bird_137,resnet50_tl_20250829,8,4,176,192,180.0,196.0,146.9634246826172,146.78787231445312,0.1755523681640625
s_bird_137,resnet50_tl_20250829,8,4,176,196,180.0,200.0,146.9634246826172,146.83197021484375,0.1314544677734375
s_bird_137,resnet50_tl_20250829,8,4,176,200,180.0,204.0,146.9634246826172,146.923095703125,0.0403289794921875
s_bird_137,resnet50_tl_20250829,8,4,176,204,180.0,208.0,146.9634246826172,146.86427307128906,0.099151611328125
s_bird_137,resnet50_tl_20250829,8,4,176,208,180.0,212.0,146.9634246826172,146.88967895507812,0.0737457275390625
s_bird_137,resnet50_tl_20250829,8,4,176,212,180.0,216.0,146.9634246826172,146.87925720214844,0.08416748046875
s_bird_137,resnet50_tl_20250829,8,4,176,216,180.0,220.0,146.9634246826172,146.93165588378906,0.031768798828125
s_bird_137,resnet50_tl_20250829,8,4,180,0,184.0,4.0,146.9634246826172,146.83883666992188,0.1245880126953125
s_bird_137,resnet50_tl_20250829,8,4,180,4,184.0,8.0,146.9634246826172,146.81930541992188,0.1441192626953125
s_bird_137,resnet50_tl_20250829,8,4,180,8,184.0,12.0,146.9634246826172,146.93760681152344,0.02581787109375
s_bird_137,resnet50_tl_20250829,8,4,180,12,184.0,16.0,146.9634246826172,146.86842346191406,0.095001220703125
s_bird_137,resnet50_tl_20250829,8,4,180,16,184.0,20.0,146.9634246826172,146.9091339111328,0.054290771484375
s_bird_137,resnet50_tl_20250829,8,4,180,20,184.0,24.0,146.9634246826172,146.77552795410156,0.187896728515625
s_bird_137,resnet50_tl_20250829,8,4,180,24,184.0,28.0,146.9634246826172,146.82212829589844,0.14129638671875
s_bird_137,resnet50_tl_20250829,8,4,180,28,184.0,32.0,146.9634246826172,146.75233459472656,0.211090087890625
s_bird_137,resnet50_tl_20250829,8,4,180,32,184.0,36.0,146.9634246826172,146.87220764160156,0.091217041015625
s_bird_137,resnet50_tl_20250829,8,4,180,36,184.0,40.0,146.9634246826172,146.8758087158203,0.087615966796875
s_bird_137,resnet50_tl_20250829,8,4,180,40,184.0,44.0,146.9634246826172,146.86868286132812,0.0947418212890625
s_bird_137,resnet50_tl_20250829,8,4,180,44,184.0,48.0,146.9634246826172,146.95974731445312,0.0036773681640625
s_bird_137,resnet50_tl_20250829,8,4,180,48,184.0,52.0,146.9634246826172,146.98878479003906,-0.025360107421875
s_bird_137,resnet50_tl_20250829,8,4,180,52,184.0,56.0,146.9634246826172,146.8234100341797,0.1400146484375
s_bird_137,resnet50_tl_20250829,8,4,180,56,184.0,60.0,146.9634246826172,146.81466674804688,0.1487579345703125
s_bird_137,resnet50_tl_20250829,8,4,180,60,184.0,64.0,146.9634246826172,146.91868591308594,0.04473876953125
s_bird_137,resnet50_tl_20250829,8,4,180,64,184.0,68.0,146.9634246826172,146.6417999267578,0.321624755859375
s_bird_137,resnet50_tl_20250829,8,4,180,68,184.0,72.0,146.9634246826172,146.64268493652344,0.32073974609375
s_bird_137,resnet50_tl_20250829,8,4,180,72,184.0,76.0,146.9634246826172,146.60940551757812,0.3540191650390625
s_bird_137,resnet50_tl_20250829,8,4,180,76,184.0,80.0,146.9634246826172,146.6417999267578,0.321624755859375
s_bird_137,resnet50_tl_20250829,8,4,180,80,184.0,84.0,146.9634246826172,146.45790100097656,0.505523681640625
s_bird_137,resnet50_tl_20250829,8,4,180,84,184.0,88.0,146.9634246826172,146.49462890625,0.4687957763671875
s_bird_137,resnet50_tl_20250829,8,4,180,88,184.0,92.0,146.9634246826172,146.55201721191406,0.411407470703125
s_bird_137,resnet50_tl_20250829,8,4,180,92,184.0,96.0,146.9634246826172,146.49864196777344,0.46478271484375
s_bird_137,resnet50_tl_20250829,8,4,180,96,184.0,100.0,146.9634246826172,146.53892517089844,0.42449951171875
s_bird_137,resnet50_tl_20250829,8,4,180,100,184.0,104.0,146.9634246826172,146.71722412109375,0.2462005615234375
s_bird_137,resnet50_tl_20250829,8,4,180,104,184.0,108.0,146.9634246826172,146.6852264404297,0.2781982421875
s_bird_137,resnet50_tl_20250829,8,4,180,108,184.0,112.0,146.9634246826172,146.74879455566406,0.214630126953125
s_bird_137,resnet50_tl_20250829,8,4,180,112,184.0,116.0,146.9634246826172,146.6131134033203,0.350311279296875
s_bird_137,resnet50_tl_20250829,8,4,180,116,184.0,120.0,146.9634246826172,146.5922393798828,0.371185302734375
s_bird_137,resnet50_tl_20250829,8,4,180,120,184.0,124.0,146.9634246826172,146.57347106933594,0.38995361328125
s_bird_137,resnet50_tl_20250829,8,4,180,124,184.0,128.0,146.9634246826172,146.51658630371094,0.44683837890625
s_bird_137,resnet50_tl_20250829,8,4,180,128,184.0,132.0,146.9634246826172,146.5563201904297,0.4071044921875
s_bird_137,resnet50_tl_20250829,8,4,180,132,184.0,136.0,146.9634246826172,146.59503173828125,0.3683929443359375
s_bird_137,resnet50_tl_20250829,8,4,180,136,184.0,140.0,146.9634246826172,146.5557861328125,0.4076385498046875
s_bird_137,resnet50_tl_20250829,8,4,180,140,184.0,144.0,146.9634246826172,146.61460876464844,0.34881591796875
s_bird_137,resnet50_tl_20250829,8,4,180,144,184.0,148.0,146.9634246826172,146.6748809814453,0.288543701171875
s_bird_137,resnet50_tl_20250829,8,4,180,148,184.0,152.0,146.9634246826172,146.7139129638672,0.24951171875
s_bird_137,resnet50_tl_20250829,8,4,180,152,184.0,156.0,146.9634246826172,146.66371154785156,0.299713134765625
s_bird_137,resnet50_tl_20250829,8,4,180,156,184.0,160.0,146.9634246826172,146.7076873779297,0.2557373046875
s_bird_137,resnet50_tl_20250829,8,4,180,160,184.0,164.0,146.9634246826172,146.762451171875,0.2009735107421875
s_bird_137,resnet50_tl_20250829,8,4,180,164,184.0,168.0,146.9634246826172,146.76754760742188,0.1958770751953125
s_bird_137,resnet50_tl_20250829,8,4,180,168,184.0,172.0,146.9634246826172,146.73448181152344,0.22894287109375
s_bird_137,resnet50_tl_20250829,8,4,180,172,184.0,176.0,146.9634246826172,146.81407165527344,0.14935302734375
s_bird_137,resnet50_tl_20250829,8,4,180,176,184.0,180.0,146.9634246826172,146.89773559570312,0.0656890869140625
s_bird_137,resnet50_tl_20250829,8,4,180,180,184.0,184.0,146.9634246826172,146.86256408691406,0.100860595703125
s_bird_137,resnet50_tl_20250829,8,4,180,184,184.0,188.0,146.9634246826172,146.86627197265625,0.0971527099609375
s_bird_137,resnet50_tl_20250829,8,4,180,188,184.0,192.0,146.9634246826172,146.86911010742188,0.0943145751953125
s_bird_137,resnet50_tl_20250829,8,4,180,192,184.0,196.0,146.9634246826172,146.9759063720703,-0.012481689453125
s_bird_137,resnet50_tl_20250829,8,4,180,196,184.0,200.0,146.9634246826172,146.89283752441406,0.070587158203125
s_bird_137,resnet50_tl_20250829,8,4,180,200,184.0,204.0,146.9634246826172,146.90060424804688,0.0628204345703125
s_bird_137,resnet50_tl_20250829,8,4,180,204,184.0,208.0,146.9634246826172,146.9088897705078,0.054534912109375
s_bird_137,resnet50_tl_20250829,8,4,180,208,184.0,212.0,146.9634246826172,146.99075317382812,-0.0273284912109375
s_bird_137,resnet50_tl_20250829,8,4,180,212,184.0,216.0,146.9634246826172,146.93649291992188,0.0269317626953125
s_bird_137,resnet50_tl_20250829,8,4,180,216,184.0,220.0,146.9634246826172,146.93788146972656,0.025543212890625
s_bird_137,resnet50_tl_20250829,8,4,184,0,188.0,4.0,146.9634246826172,146.7628173828125,0.2006072998046875
s_bird_137,resnet50_tl_20250829,8,4,184,4,188.0,8.0,146.9634246826172,146.77133178710938,0.1920928955078125
s_bird_137,resnet50_tl_20250829,8,4,184,8,188.0,12.0,146.9634246826172,146.88304138183594,0.08038330078125
s_bird_137,resnet50_tl_20250829,8,4,184,12,188.0,16.0,146.9634246826172,146.7624053955078,0.201019287109375
s_bird_137,resnet50_tl_20250829,8,4,184,16,188.0,20.0,146.9634246826172,146.8173065185547,0.1461181640625
s_bird_137,resnet50_tl_20250829,8,4,184,20,188.0,24.0,146.9634246826172,146.7316131591797,0.2318115234375
s_bird_137,resnet50_tl_20250829,8,4,184,24,188.0,28.0,146.9634246826172,146.80198669433594,0.16143798828125
s_bird_137,resnet50_tl_20250829,8,4,184,28,188.0,32.0,146.9634246826172,146.6415252685547,0.3218994140625
s_bird_137,resnet50_tl_20250829,8,4,184,32,188.0,36.0,146.9634246826172,146.7634735107422,0.199951171875
s_bird_137,resnet50_tl_20250829,8,4,184,36,188.0,40.0,146.9634246826172,146.73977661132812,0.2236480712890625
s_bird_137,resnet50_tl_20250829,8,4,184,40,188.0,44.0,146.9634246826172,146.86251831054688,0.1009063720703125
s_bird_137,resnet50_tl_20250829,8,4,184,44,188.0,48.0,146.9634246826172,146.788818359375,0.1746063232421875
s_bird_137,resnet50_tl_20250829,8,4,184,48,188.0,52.0,146.9634246826172,146.8307647705078,0.132659912109375
s_bird_137,resnet50_tl_20250829,8,4,184,52,188.0,56.0,146.9634246826172,146.8346710205078,0.128753662109375
s_bird_137,resnet50_tl_20250829,8,4,184,56,188.0,60.0,146.9634246826172,146.9123992919922,0.051025390625
s_bird_137,resnet50_tl_20250829,8,4,184,60,188.0,64.0,146.9634246826172,146.9960479736328,-0.032623291015625
s_bird_137,resnet50_tl_20250829,8,4,184,64,188.0,68.0,146.9634246826172,146.95831298828125,0.0051116943359375
s_bird_137,resnet50_tl_20250829,8,4,184,68,188.0,72.0,146.9634246826172,146.77346801757812,0.1899566650390625
s_bird_137,resnet50_tl_20250829,8,4,184,72,188.0,76.0,146.9634246826172,146.59793090820312,0.3654937744140625
s_bird_137,resnet50_tl_20250829,8,4,184,76,188.0,80.0,146.9634246826172,146.56182861328125,0.4015960693359375
s_bird_137,resnet50_tl_20250829,8,4,184,80,188.0,84.0,146.9634246826172,146.52806091308594,0.43536376953125
s_bird_137,resnet50_tl_20250829,8,4,184,84,188.0,88.0,146.9634246826172,146.5367889404297,0.4266357421875
s_bird_137,resnet50_tl_20250829,8,4,184,88,188.0,92.0,146.9634246826172,146.8084716796875,0.1549530029296875
s_bird_137,resnet50_tl_20250829,8,4,184,92,188.0,96.0,146.9634246826172,146.51821899414062,0.4452056884765625
s_bird_137,resnet50_tl_20250829,8,4,184,96,188.0,100.0,146.9634246826172,146.50360107421875,0.4598236083984375
s_bird_137,resnet50_tl_20250829,8,4,184,100,188.0,104.0,146.9634246826172,146.52926635742188,0.4341583251953125
s_bird_137,resnet50_tl_20250829,8,4,184,104,188.0,108.0,146.9634246826172,146.5900115966797,0.3734130859375
s_bird_137,resnet50_tl_20250829,8,4,184,108,188.0,112.0,146.9634246826172,146.52114868164062,0.4422760009765625
s_bird_137,resnet50_tl_20250829,8,4,184,112,188.0,116.0,146.9634246826172,146.44757080078125,0.5158538818359375
s_bird_137,resnet50_tl_20250829,8,4,184,116,188.0,120.0,146.9634246826172,146.4134063720703,0.550018310546875
s_bird_137,resnet50_tl_20250829,8,4,184,120,188.0,124.0,146.9634246826172,146.48155212402344,0.48187255859375
s_bird_137,resnet50_tl_20250829,8,4,184,124,188.0,128.0,146.9634246826172,146.2927703857422,0.670654296875
s_bird_137,resnet50_tl_20250829,8,4,184,128,188.0,132.0,146.9634246826172,146.38893127441406,0.574493408203125
s_bird_137,resnet50_tl_20250829,8,4,184,132,188.0,136.0,146.9634246826172,146.3613739013672,0.60205078125
s_bird_137,resnet50_tl_20250829,8,4,184,136,188.0,140.0,146.9634246826172,146.46995544433594,0.49346923828125
s_bird_137,resnet50_tl_20250829,8,4,184,140,188.0,144.0,146.9634246826172,146.39013671875,0.5732879638671875
s_bird_137,resnet50_tl_20250829,8,4,184,144,188.0,148.0,146.9634246826172,146.485595703125,0.4778289794921875
s_bird_137,resnet50_tl_20250829,8,4,184,148,188.0,152.0,146.9634246826172,146.46865844726562,0.4947662353515625
s_bird_137,resnet50_tl_20250829,8,4,184,152,188.0,156.0,146.9634246826172,146.57862854003906,0.384796142578125
s_bird_137,resnet50_tl_20250829,8,4,184,156,188.0,160.0,146.9634246826172,146.5077362060547,0.4556884765625
s_bird_137,resnet50_tl_20250829,8,4,184,160,188.0,164.0,146.9634246826172,146.57748413085938,0.3859405517578125
s_bird_137,resnet50_tl_20250829,8,4,184,164,188.0,168.0,146.9634246826172,146.5557098388672,0.40771484375
s_bird_137,resnet50_tl_20250829,8,4,184,168,188.0,172.0,146.9634246826172,146.6830596923828,0.280364990234375
s_bird_137,resnet50_tl_20250829,8,4,184,172,188.0,176.0,146.9634246826172,146.7148895263672,0.24853515625
s_bird_137,resnet50_tl_20250829,8,4,184,176,188.0,180.0,146.9634246826172,146.78530883789062,0.1781158447265625
s_bird_137,resnet50_tl_20250829,8,4,184,180,188.0,184.0,146.9634246826172,146.74380493164062,0.2196197509765625
s_bird_137,resnet50_tl_20250829,8,4,184,184,188.0,188.0,146.9634246826172,146.8673095703125,0.0961151123046875
s_bird_137,resnet50_tl_20250829,8,4,184,188,188.0,192.0,146.9634246826172,146.88919067382812,0.0742340087890625
s_bird_137,resnet50_tl_20250829,8,4,184,192,188.0,196.0,146.9634246826172,146.9688720703125,-0.0054473876953125
s_bird_137,resnet50_tl_20250829,8,4,184,196,188.0,200.0,146.9634246826172,146.89920043945312,0.0642242431640625
s_bird_137,resnet50_tl_20250829,8,4,184,200,188.0,204.0,146.9634246826172,146.9281768798828,0.035247802734375
s_bird_137,resnet50_tl_20250829,8,4,184,204,188.0,208.0,146.9634246826172,146.98468017578125,-0.0212554931640625
s_bird_137,resnet50_tl_20250829,8,4,184,208,188.0,212.0,146.9634246826172,147.03411865234375,-0.0706939697265625
s_bird_137,resnet50_tl_20250829,8,4,184,212,188.0,216.0,146.9634246826172,146.96414184570312,-0.0007171630859375
s_bird_137,resnet50_tl_20250829,8,4,184,216,188.0,220.0,146.9634246826172,146.9580535888672,0.00537109375
s_bird_137,resnet50_tl_20250829,8,4,188,0,192.0,4.0,146.9634246826172,146.51744079589844,0.44598388671875
s_bird_137,resnet50_tl_20250829,8,4,188,4,192.0,8.0,146.9634246826172,146.74746704101562,0.2159576416015625
s_bird_137,resnet50_tl_20250829,8,4,188,8,192.0,12.0,146.9634246826172,146.87893676757812,0.0844879150390625
s_bird_137,resnet50_tl_20250829,8,4,188,12,192.0,16.0,146.9634246826172,146.64532470703125,0.3180999755859375
s_bird_137,resnet50_tl_20250829,8,4,188,16,192.0,20.0,146.9634246826172,146.69784545898438,0.2655792236328125
s_bird_137,resnet50_tl_20250829,8,4,188,20,192.0,24.0,146.9634246826172,146.7257843017578,0.237640380859375
s_bird_137,resnet50_tl_20250829,8,4,188,24,192.0,28.0,146.9634246826172,146.86012268066406,0.103302001953125
s_bird_137,resnet50_tl_20250829,8,4,188,28,192.0,32.0,146.9634246826172,146.4706268310547,0.4927978515625
s_bird_137,resnet50_tl_20250829,8,4,188,32,192.0,36.0,146.9634246826172,146.60142517089844,0.36199951171875
s_bird_137,resnet50_tl_20250829,8,4,188,36,192.0,40.0,146.9634246826172,146.76800537109375,0.1954193115234375
s_bird_137,resnet50_tl_20250829,8,4,188,40,192.0,44.0,146.9634246826172,146.90940856933594,0.05401611328125
s_bird_137,resnet50_tl_20250829,8,4,188,44,192.0,48.0,146.9634246826172,146.60809326171875,0.3553314208984375
s_bird_137,resnet50_tl_20250829,8,4,188,48,192.0,52.0,146.9634246826172,146.65164184570312,0.3117828369140625
s_bird_137,resnet50_tl_20250829,8,4,188,52,192.0,56.0,146.9634246826172,146.8524627685547,0.1109619140625
s_bird_137,resnet50_tl_20250829,8,4,188,56,192.0,60.0,146.9634246826172,146.99488830566406,-0.031463623046875
s_bird_137,resnet50_tl_20250829,8,4,188,60,192.0,64.0,146.9634246826172,146.9878692626953,-0.024444580078125
s_bird_137,resnet50_tl_20250829,8,4,188,64,192.0,68.0,146.9634246826172,147.00148010253906,-0.038055419921875
s_bird_137,resnet50_tl_20250829,8,4,188,68,192.0,72.0,146.9634246826172,146.87799072265625,0.0854339599609375
s_bird_137,resnet50_tl_20250829,8,4,188,72,192.0,76.0,146.9634246826172,146.61985778808594,0.34356689453125
s_bird_137,resnet50_tl_20250829,8,4,188,76,192.0,80.0,146.9634246826172,146.54641723632812,0.4170074462890625
s_bird_137,resnet50_tl_20250829,8,4,188,80,192.0,84.0,146.9634246826172,146.54534912109375,0.4180755615234375
s_bird_137,resnet50_tl_20250829,8,4,188,84,192.0,88.0,146.9634246826172,146.5731201171875,0.3903045654296875
s_bird_137,resnet50_tl_20250829,8,4,188,88,192.0,92.0,146.9634246826172,146.8234100341797,0.1400146484375
s_bird_137,resnet50_tl_20250829,8,4,188,92,192.0,96.0,146.9634246826172,146.21978759765625,0.7436370849609375
s_bird_137,resnet50_tl_20250829,8,4,188,96,192.0,100.0,146.9634246826172,146.19573974609375,0.7676849365234375
s_bird_137,resnet50_tl_20250829,8,4,188,100,192.0,104.0,146.9634246826172,146.62156677246094,0.34185791015625
s_bird_137,resnet50_tl_20250829,8,4,188,104,192.0,108.0,146.9634246826172,146.66680908203125,0.2966156005859375
s_bird_137,resnet50_tl_20250829,8,4,188,108,192.0,112.0,146.9634246826172,146.32696533203125,0.6364593505859375
s_bird_137,resnet50_tl_20250829,8,4,188,112,192.0,116.0,146.9634246826172,146.22882080078125,0.7346038818359375
s_bird_137,resnet50_tl_20250829,8,4,188,116,192.0,120.0,146.9634246826172,146.46884155273438,0.4945831298828125
s_bird_137,resnet50_tl_20250829,8,4,188,120,192.0,124.0,146.9634246826172,146.63011169433594,0.33331298828125
s_bird_137,resnet50_tl_20250829,8,4,188,124,192.0,128.0,146.9634246826172,146.14968872070312,0.8137359619140625
s_bird_137,resnet50_tl_20250829,8,4,188,128,192.0,132.0,146.9634246826172,146.20179748535156,0.761627197265625
s_bird_137,resnet50_tl_20250829,8,4,188,132,192.0,136.0,146.9634246826172,146.47955322265625,0.4838714599609375
s_bird_137,resnet50_tl_20250829,8,4,188,136,192.0,140.0,146.9634246826172,146.60816955566406,0.355255126953125
s_bird_137,resnet50_tl_20250829,8,4,188,140,192.0,144.0,146.9634246826172,146.29226684570312,0.6711578369140625
s_bird_137,resnet50_tl_20250829,8,4,188,144,192.0,148.0,146.9634246826172,146.34408569335938,0.6193389892578125
s_bird_137,resnet50_tl_20250829,8,4,188,148,192.0,152.0,146.9634246826172,146.5427703857422,0.420654296875
s_bird_137,resnet50_tl_20250829,8,4,188,152,192.0,156.0,146.9634246826172,146.68170166015625,0.2817230224609375
s_bird_137,resnet50_tl_20250829,8,4,188,156,192.0,160.0,146.9634246826172,146.28765869140625,0.6757659912109375
s_bird_137,resnet50_tl_20250829,8,4,188,160,192.0,164.0,146.9634246826172,146.34710693359375,0.6163177490234375
s_bird_137,resnet50_tl_20250829,8,4,188,164,192.0,168.0,146.9634246826172,146.5665283203125,0.3968963623046875
s_bird_137,resnet50_tl_20250829,8,4,188,168,192.0,172.0,146.9634246826172,146.74598693847656,0.217437744140625
s_bird_137,resnet50_tl_20250829,8,4,188,172,192.0,176.0,146.9634246826172,146.58059692382812,0.3828277587890625
s_bird_137,resnet50_tl_20250829,8,4,188,176,192.0,180.0,146.9634246826172,146.62539672851562,0.3380279541015625
s_bird_137,resnet50_tl_20250829,8,4,188,180,192.0,184.0,146.9634246826172,146.71592712402344,0.24749755859375
s_bird_137,resnet50_tl_20250829,8,4,188,184,192.0,188.0,146.9634246826172,146.8895721435547,0.0738525390625
s_bird_137,resnet50_tl_20250829,8,4,188,188,192.0,192.0,146.9634246826172,146.78857421875,0.1748504638671875
s_bird_137,resnet50_tl_20250829,8,4,188,192,192.0,196.0,146.9634246826172,146.86465454101562,0.0987701416015625
s_bird_137,resnet50_tl_20250829,8,4,188,196,192.0,200.0,146.9634246826172,146.8558807373047,0.1075439453125
s_bird_137,resnet50_tl_20250829,8,4,188,200,192.0,204.0,146.9634246826172,146.93658447265625,0.0268402099609375
s_bird_137,resnet50_tl_20250829,8,4,188,204,192.0,208.0,146.9634246826172,147.0104522705078,-0.047027587890625
s_bird_137,resnet50_tl_20250829,8,4,188,208,192.0,212.0,146.9634246826172,147.0537567138672,-0.09033203125
s_bird_137,resnet50_tl_20250829,8,4,188,212,192.0,216.0,146.9634246826172,146.9852294921875,-0.0218048095703125
s_bird_137,resnet50_tl_20250829,8,4,188,216,192.0,220.0,146.9634246826172,146.98158264160156,-0.018157958984375
s_bird_137,resnet50_tl_20250829,8,4,192,0,196.0,4.0,146.9634246826172,146.63198852539062,0.3314361572265625
s_bird_137,resnet50_tl_20250829,8,4,192,4,196.0,8.0,146.9634246826172,146.7625274658203,0.200897216796875
s_bird_137,resnet50_tl_20250829,8,4,192,8,196.0,12.0,146.9634246826172,146.87106323242188,0.0923614501953125
s_bird_137,resnet50_tl_20250829,8,4,192,12,196.0,16.0,146.9634246826172,146.64236450195312,0.3210601806640625
s_bird_137,resnet50_tl_20250829,8,4,192,16,196.0,20.0,146.9634246826172,146.744140625,0.2192840576171875
s_bird_137,resnet50_tl_20250829,8,4,192,20,196.0,24.0,146.9634246826172,146.74993896484375,0.2134857177734375
s_bird_137,resnet50_tl_20250829,8,4,192,24,196.0,28.0,146.9634246826172,146.8688201904297,0.0946044921875
s_bird_137,resnet50_tl_20250829,8,4,192,28,196.0,32.0,146.9634246826172,146.5801544189453,0.383270263671875
s_bird_137,resnet50_tl_20250829,8,4,192,32,196.0,36.0,146.9634246826172,146.6960906982422,0.267333984375
s_bird_137,resnet50_tl_20250829,8,4,192,36,196.0,40.0,146.9634246826172,146.80088806152344,0.16253662109375
s_bird_137,resnet50_tl_20250829,8,4,192,40,196.0,44.0,146.9634246826172,146.9010772705078,0.062347412109375
s_bird_137,resnet50_tl_20250829,8,4,192,44,196.0,48.0,146.9634246826172,146.65399169921875,0.3094329833984375
s_bird_137,resnet50_tl_20250829,8,4,192,48,196.0,52.0,146.9634246826172,146.71702575683594,0.24639892578125
s_bird_137,resnet50_tl_20250829,8,4,192,52,196.0,56.0,146.9634246826172,146.84222412109375,0.1212005615234375
s_bird_137,resnet50_tl_20250829,8,4,192,56,196.0,60.0,146.9634246826172,146.97747802734375,-0.0140533447265625
s_bird_137,resnet50_tl_20250829,8,4,192,60,196.0,64.0,146.9634246826172,146.92489624023438,0.0385284423828125
s_bird_137,resnet50_tl_20250829,8,4,192,64,196.0,68.0,146.9634246826172,146.97503662109375,-0.0116119384765625
s_bird_137,resnet50_tl_20250829,8,4,192,68,196.0,72.0,146.9634246826172,146.93389892578125,0.0295257568359375
s_bird_137,resnet50_tl_20250829,8,4,192,72,196.0,76.0,146.9634246826172,146.71157836914062,0.2518463134765625
s_bird_137,resnet50_tl_20250829,8,4,192,76,196.0,80.0,146.9634246826172,146.51129150390625,0.4521331787109375
s_bird_137,resnet50_tl_20250829,8,4,192,80,196.0,84.0,146.9634246826172,146.572998046875,0.3904266357421875
s_bird_137,resnet50_tl_20250829,8,4,192,84,196.0,88.0,146.9634246826172,146.51356506347656,0.449859619140625
s_bird_137,resnet50_tl_20250829,8,4,192,88,196.0,92.0,146.9634246826172,146.8385009765625,0.1249237060546875
s_bird_137,resnet50_tl_20250829,8,4,192,92,196.0,96.0,146.9634246826172,146.39315795898438,0.5702667236328125
s_bird_137,resnet50_tl_20250829,8,4,192,96,196.0,100.0,146.9634246826172,146.5266571044922,0.436767578125
s_bird_137,resnet50_tl_20250829,8,4,192,100,196.0,104.0,146.9634246826172,146.7030487060547,0.2603759765625
s_bird_137,resnet50_tl_20250829,8,4,192,104,196.0,108.0,146.9634246826172,146.77198791503906,0.191436767578125
s_bird_137,resnet50_tl_20250829,8,4,192,108,196.0,112.0,146.9634246826172,146.38819885253906,0.575225830078125
s_bird_137,resnet50_tl_20250829,8,4,192,112,196.0,116.0,146.9634246826172,146.353759765625,0.6096649169921875
s_bird_137,resnet50_tl_20250829,8,4,192,116,196.0,120.0,146.9634246826172,146.51319885253906,0.450225830078125
s_bird_137,resnet50_tl_20250829,8,4,192,120,196.0,124.0,146.9634246826172,146.65850830078125,0.3049163818359375
s_bird_137,resnet50_tl_20250829,8,4,192,124,196.0,128.0,146.9634246826172,146.1894073486328,0.774017333984375
s_bird_137,resnet50_tl_20250829,8,4,192,128,196.0,132.0,146.9634246826172,146.3298797607422,0.633544921875
s_bird_137,resnet50_tl_20250829,8,4,192,132,196.0,136.0,146.9634246826172,146.53390502929688,0.4295196533203125
s_bird_137,resnet50_tl_20250829,8,4,192,136,196.0,140.0,146.9634246826172,146.633056640625,0.3303680419921875
s_bird_137,resnet50_tl_20250829,8,4,192,140,196.0,144.0,146.9634246826172,146.29356384277344,0.66986083984375
s_bird_137,resnet50_tl_20250829,8,4,192,144,196.0,148.0,146.9634246826172,146.42300415039062,0.5404205322265625
s_bird_137,resnet50_tl_20250829,8,4,192,148,196.0,152.0,146.9634246826172,146.5729522705078,0.390472412109375
s_bird_137,resnet50_tl_20250829,8,4,192,152,196.0,156.0,146.9634246826172,146.70074462890625,0.2626800537109375
s_bird_137,resnet50_tl_20250829,8,4,192,156,196.0,160.0,146.9634246826172,146.35841369628906,0.605010986328125
s_bird_137,resnet50_tl_20250829,8,4,192,160,196.0,164.0,146.9634246826172,146.45114135742188,0.5122833251953125
s_bird_137,resnet50_tl_20250829,8,4,192,164,196.0,168.0,146.9634246826172,146.63243103027344,0.33099365234375
s_bird_137,resnet50_tl_20250829,8,4,192,168,196.0,172.0,146.9634246826172,146.76773071289062,0.1956939697265625
s_bird_137,resnet50_tl_20250829,8,4,192,172,196.0,176.0,146.9634246826172,146.60861206054688,0.3548126220703125
s_bird_137,resnet50_tl_20250829,8,4,192,176,196.0,180.0,146.9634246826172,146.6911163330078,0.272308349609375
s_bird_137,resnet50_tl_20250829,8,4,192,180,196.0,184.0,146.9634246826172,146.77310180664062,0.1903228759765625
s_bird_137,resnet50_tl_20250829,8,4,192,184,196.0,188.0,146.9634246826172,146.91319274902344,0.05023193359375
s_bird_137,resnet50_tl_20250829,8,4,192,188,196.0,192.0,146.9634246826172,146.840087890625,0.1233367919921875
s_bird_137,resnet50_tl_20250829,8,4,192,192,196.0,196.0,146.9634246826172,146.9200439453125,0.0433807373046875
s_bird_137,resnet50_tl_20250829,8,4,192,196,196.0,200.0,146.9634246826172,146.9311065673828,0.032318115234375
s_bird_137,resnet50_tl_20250829,8,4,192,200,196.0,204.0,146.9634246826172,146.96990966796875,-0.0064849853515625
s_bird_137,resnet50_tl_20250829,8,4,192,204,196.0,208.0,146.9634246826172,147.00625610351562,-0.0428314208984375
s_bird_137,resnet50_tl_20250829,8,4,192,208,196.0,212.0,146.9634246826172,147.0360870361328,-0.072662353515625
s_bird_137,resnet50_tl_20250829,8,4,192,212,196.0,216.0,146.9634246826172,147.00445556640625,-0.0410308837890625
s_bird_137,resnet50_tl_20250829,8,4,192,216,196.0,220.0,146.9634246826172,147.00808715820312,-0.0446624755859375
s_bird_137,resnet50_tl_20250829,8,4,196,0,200.0,4.0,146.9634246826172,146.86532592773438,0.0980987548828125
s_bird_137,resnet50_tl_20250829,8,4,196,4,200.0,8.0,146.9634246826172,146.8712158203125,0.0922088623046875
s_bird_137,resnet50_tl_20250829,8,4,196,8,200.0,12.0,146.9634246826172,146.9354248046875,0.0279998779296875
s_bird_137,resnet50_tl_20250829,8,4,196,12,200.0,16.0,146.9634246826172,146.88092041015625,0.0825042724609375
s_bird_137,resnet50_tl_20250829,8,4,196,16,200.0,20.0,146.9634246826172,146.9126434326172,0.05078125
s_bird_137,resnet50_tl_20250829,8,4,196,20,200.0,24.0,146.9634246826172,146.86392211914062,0.0995025634765625
s_bird_137,resnet50_tl_20250829,8,4,196,24,200.0,28.0,146.9634246826172,146.9095916748047,0.0538330078125
s_bird_137,resnet50_tl_20250829,8,4,196,28,200.0,32.0,146.9634246826172,146.80630493164062,0.1571197509765625
s_bird_137,resnet50_tl_20250829,8,4,196,32,200.0,36.0,146.9634246826172,146.89129638671875,0.0721282958984375
s_bird_137,resnet50_tl_20250829,8,4,196,36,200.0,40.0,146.9634246826172,146.8988800048828,0.064544677734375
s_bird_137,resnet50_tl_20250829,8,4,196,40,200.0,44.0,146.9634246826172,146.93768310546875,0.0257415771484375
s_bird_137,resnet50_tl_20250829,8,4,196,44,200.0,48.0,146.9634246826172,146.87835693359375,0.0850677490234375
s_bird_137,resnet50_tl_20250829,8,4,196,48,200.0,52.0,146.9634246826172,146.94200134277344,0.02142333984375
s_bird_137,resnet50_tl_20250829,8,4,196,52,200.0,56.0,146.9634246826172,146.937744140625,0.0256805419921875
s_bird_137,resnet50_tl_20250829,8,4,196,56,200.0,60.0,146.9634246826172,147.05149841308594,-0.08807373046875
s_bird_137,resnet50_tl_20250829,8,4,196,60,200.0,64.0,146.9634246826172,147.08494567871094,-0.12152099609375
s_bird_137,resnet50_tl_20250829,8,4,196,64,200.0,68.0,146.9634246826172,146.98641967773438,-0.0229949951171875
s_bird_137,resnet50_tl_20250829,8,4,196,68,200.0,72.0,146.9634246826172,146.98426818847656,-0.020843505859375
s_bird_137,resnet50_tl_20250829,8,4,196,72,200.0,76.0,146.9634246826172,146.8370819091797,0.1263427734375
s_bird_137,resnet50_tl_20250829,8,4,196,76,200.0,80.0,146.9634246826172,146.61041259765625,0.3530120849609375
s_bird_137,resnet50_tl_20250829,8,4,196,80,200.0,84.0,146.9634246826172,146.48045349121094,0.48297119140625
s_bird_137,resnet50_tl_20250829,8,4,196,84,200.0,88.0,146.9634246826172,146.4979248046875,0.4654998779296875
s_bird_137,resnet50_tl_20250829,8,4,196,88,200.0,92.0,146.9634246826172,146.8359375,0.1274871826171875
s_bird_137,resnet50_tl_20250829,8,4,196,92,200.0,96.0,146.9634246826172,146.4980926513672,0.46533203125
s_bird_137,resnet50_tl_20250829,8,4,196,96,200.0,100.0,146.9634246826172,146.61459350585938,0.3488311767578125
s_bird_137,resnet50_tl_20250829,8,4,196,100,200.0,104.0,146.9634246826172,146.81175231933594,0.15167236328125
s_bird_137,resnet50_tl_20250829,8,4,196,104,200.0,108.0,146.9634246826172,146.82534790039062,0.1380767822265625
s_bird_137,resnet50_tl_20250829,8,4,196,108,200.0,112.0,146.9634246826172,146.79293823242188,0.1704864501953125
s_bird_137,resnet50_tl_20250829,8,4,196,112,200.0,116.0,146.9634246826172,146.6853485107422,0.278076171875
s_bird_137,resnet50_tl_20250829,8,4,196,116,200.0,120.0,146.9634246826172,146.7510223388672,0.21240234375
s_bird_137,resnet50_tl_20250829,8,4,196,120,200.0,124.0,146.9634246826172,146.7164764404297,0.2469482421875
s_bird_137,resnet50_tl_20250829,8,4,196,124,200.0,128.0,146.9634246826172,146.65719604492188,0.3062286376953125
s_bird_137,resnet50_tl_20250829,8,4,196,128,200.0,132.0,146.9634246826172,146.67086791992188,0.2925567626953125
s_bird_137,resnet50_tl_20250829,8,4,196,132,200.0,136.0,146.9634246826172,146.75747680664062,0.2059478759765625
s_bird_137,resnet50_tl_20250829,8,4,196,136,200.0,140.0,146.9634246826172,146.67758178710938,0.2858428955078125
s_bird_137,resnet50_tl_20250829,8,4,196,140,200.0,144.0,146.9634246826172,146.66775512695312,0.2956695556640625
s_bird_137,resnet50_tl_20250829,8,4,196,144,200.0,148.0,146.9634246826172,146.7089385986328,0.254486083984375
s_bird_137,resnet50_tl_20250829,8,4,196,148,200.0,152.0,146.9634246826172,146.80447387695312,0.1589508056640625
s_bird_137,resnet50_tl_20250829,8,4,196,152,200.0,156.0,146.9634246826172,146.7509765625,0.2124481201171875
s_bird_137,resnet50_tl_20250829,8,4,196,156,200.0,160.0,146.9634246826172,146.7265625,0.2368621826171875
s_bird_137,resnet50_tl_20250829,8,4,196,160,200.0,164.0,146.9634246826172,146.7859649658203,0.177459716796875
s_bird_137,resnet50_tl_20250829,8,4,196,164,200.0,168.0,146.9634246826172,146.83575439453125,0.1276702880859375
s_bird_137,resnet50_tl_20250829,8,4,196,168,200.0,172.0,146.9634246826172,146.80340576171875,0.1600189208984375
s_bird_137,resnet50_tl_20250829,8,4,196,172,200.0,176.0,146.9634246826172,146.82887268066406,0.134552001953125
s_bird_137,resnet50_tl_20250829,8,4,196,176,200.0,180.0,146.9634246826172,146.88955688476562,0.0738677978515625
s_bird_137,resnet50_tl_20250829,8,4,196,180,200.0,184.0,146.9634246826172,146.919189453125,0.0442352294921875
s_bird_137,resnet50_tl_20250829,8,4,196,184,200.0,188.0,146.9634246826172,146.92042541503906,0.042999267578125
s_bird_137,resnet50_tl_20250829,8,4,196,188,200.0,192.0,146.9634246826172,146.91798400878906,0.045440673828125
s_bird_137,resnet50_tl_20250829,8,4,196,192,200.0,196.0,146.9634246826172,146.98855590820312,-0.0251312255859375
s_bird_137,resnet50_tl_20250829,8,4,196,196,200.0,200.0,146.9634246826172,146.96559143066406,-0.002166748046875
s_bird_137,resnet50_tl_20250829,8,4,196,200,200.0,204.0,146.9634246826172,146.97012329101562,-0.0066986083984375
s_bird_137,resnet50_tl_20250829,8,4,196,204,200.0,208.0,146.9634246826172,146.9405975341797,0.0228271484375
s_bird_137,resnet50_tl_20250829,8,4,196,208,200.0,212.0,146.9634246826172,146.9846954345703,-0.021270751953125
s_bird_137,resnet50_tl_20250829,8,4,196,212,200.0,216.0,146.9634246826172,146.99635314941406,-0.032928466796875
s_bird_137,resnet50_tl_20250829,8,4,196,216,200.0,220.0,146.9634246826172,147.00436401367188,-0.0409393310546875
s_bird_137,resnet50_tl_20250829,8,4,200,0,204.0,4.0,146.9634246826172,146.86480712890625,0.0986175537109375
s_bird_137,resnet50_tl_20250829,8,4,200,4,204.0,8.0,146.9634246826172,146.90682983398438,0.0565948486328125
s_bird_137,resnet50_tl_20250829,8,4,200,8,204.0,12.0,146.9634246826172,146.9676055908203,-0.004180908203125
s_bird_137,resnet50_tl_20250829,8,4,200,12,204.0,16.0,146.9634246826172,146.87281799316406,0.090606689453125
s_bird_137,resnet50_tl_20250829,8,4,200,16,204.0,20.0,146.9634246826172,146.89328002929688,0.0701446533203125
s_bird_137,resnet50_tl_20250829,8,4,200,20,204.0,24.0,146.9634246826172,146.8436737060547,0.1197509765625
s_bird_137,resnet50_tl_20250829,8,4,200,24,204.0,28.0,146.9634246826172,146.91851806640625,0.0449066162109375
s_bird_137,resnet50_tl_20250829,8,4,200,28,204.0,32.0,146.9634246826172,146.78546142578125,0.1779632568359375
s_bird_137,resnet50_tl_20250829,8,4,200,32,204.0,36.0,146.9634246826172,146.8717498779297,0.0916748046875
s_bird_137,resnet50_tl_20250829,8,4,200,36,204.0,40.0,146.9634246826172,146.8788299560547,0.0845947265625
s_bird_137,resnet50_tl_20250829,8,4,200,40,204.0,44.0,146.9634246826172,146.9617919921875,0.0016326904296875
s_bird_137,resnet50_tl_20250829,8,4,200,44,204.0,48.0,146.9634246826172,146.82229614257812,0.1411285400390625
s_bird_137,resnet50_tl_20250829,8,4,200,48,204.0,52.0,146.9634246826172,146.9137420654297,0.0496826171875
s_bird_137,resnet50_tl_20250829,8,4,200,52,204.0,56.0,146.9634246826172,146.92596435546875,0.0374603271484375
s_bird_137,resnet50_tl_20250829,8,4,200,56,204.0,60.0,146.9634246826172,147.010009765625,-0.0465850830078125
s_bird_137,resnet50_tl_20250829,8,4,200,60,204.0,64.0,146.9634246826172,146.91587829589844,0.04754638671875
s_bird_137,resnet50_tl_20250829,8,4,200,64,204.0,68.0,146.9634246826172,146.92518615722656,0.038238525390625
s_bird_137,resnet50_tl_20250829,8,4,200,68,204.0,72.0,146.9634246826172,146.8310089111328,0.132415771484375
s_bird_137,resnet50_tl_20250829,8,4,200,72,204.0,76.0,146.9634246826172,146.87100219726562,0.0924224853515625
s_bird_137,resnet50_tl_20250829,8,4,200,76,204.0,80.0,146.9634246826172,146.77215576171875,0.1912689208984375
s_bird_137,resnet50_tl_20250829,8,4,200,80,204.0,84.0,146.9634246826172,146.6415252685547,0.3218994140625
s_bird_137,resnet50_tl_20250829,8,4,200,84,204.0,88.0,146.9634246826172,146.56256103515625,0.4008636474609375
s_bird_137,resnet50_tl_20250829,8,4,200,88,204.0,92.0,146.9634246826172,146.8192596435547,0.1441650390625
s_bird_137,resnet50_tl_20250829,8,4,200,92,204.0,96.0,146.9634246826172,146.49391174316406,0.469512939453125
s_bird_137,resnet50_tl_20250829,8,4,200,96,204.0,100.0,146.9634246826172,146.75025939941406,0.213165283203125
s_bird_137,resnet50_tl_20250829,8,4,200,100,204.0,104.0,146.9634246826172,146.81488037109375,0.1485443115234375
s_bird_137,resnet50_tl_20250829,8,4,200,104,204.0,108.0,146.9634246826172,146.8755340576172,0.087890625
s_bird_137,resnet50_tl_20250829,8,4,200,108,204.0,112.0,146.9634246826172,146.7402801513672,0.22314453125
s_bird_137,resnet50_tl_20250829,8,4,200,112,204.0,116.0,146.9634246826172,146.67489624023438,0.2885284423828125
s_bird_137,resnet50_tl_20250829,8,4,200,116,204.0,120.0,146.9634246826172,146.69265747070312,0.2707672119140625
s_bird_137,resnet50_tl_20250829,8,4,200,120,204.0,124.0,146.9634246826172,146.7493133544922,0.214111328125
s_bird_137,resnet50_tl_20250829,8,4,200,124,204.0,128.0,146.9634246826172,146.6012420654297,0.3621826171875
s_bird_137,resnet50_tl_20250829,8,4,200,128,204.0,132.0,146.9634246826172,146.64697265625,0.3164520263671875
s_bird_137,resnet50_tl_20250829,8,4,200,132,204.0,136.0,146.9634246826172,146.65927124023438,0.3041534423828125
s_bird_137,resnet50_tl_20250829,8,4,200,136,204.0,140.0,146.9634246826172,146.72279357910156,0.240631103515625
s_bird_137,resnet50_tl_20250829,8,4,200,140,204.0,144.0,146.9634246826172,146.61422729492188,0.3491973876953125
s_bird_137,resnet50_tl_20250829,8,4,200,144,204.0,148.0,146.9634246826172,146.6805877685547,0.2828369140625
s_bird_137,resnet50_tl_20250829,8,4,200,148,204.0,152.0,146.9634246826172,146.70448303222656,0.258941650390625
s_bird_137,resnet50_tl_20250829,8,4,200,152,204.0,156.0,146.9634246826172,146.7849578857422,0.178466796875
s_bird_137,resnet50_tl_20250829,8,4,200,156,204.0,160.0,146.9634246826172,146.67947387695312,0.2839508056640625
s_bird_137,resnet50_tl_20250829,8,4,200,160,204.0,164.0,146.9634246826172,146.739013671875,0.2244110107421875
s_bird_137,resnet50_tl_20250829,8,4,200,164,204.0,168.0,146.9634246826172,146.7594757080078,0.203948974609375
s_bird_137,resnet50_tl_20250829,8,4,200,168,204.0,172.0,146.9634246826172,146.849365234375,0.1140594482421875
s_bird_137,resnet50_tl_20250829,8,4,200,172,204.0,176.0,146.9634246826172,146.79751586914062,0.1659088134765625
s_bird_137,resnet50_tl_20250829,8,4,200,176,204.0,180.0,146.9634246826172,146.8396453857422,0.123779296875
s_bird_137,resnet50_tl_20250829,8,4,200,180,204.0,184.0,146.9634246826172,146.865966796875,0.0974578857421875
s_bird_137,resnet50_tl_20250829,8,4,200,184,204.0,188.0,146.9634246826172,146.9508819580078,0.012542724609375
s_bird_137,resnet50_tl_20250829,8,4,200,188,204.0,192.0,146.9634246826172,146.89576721191406,0.067657470703125
s_bird_137,resnet50_tl_20250829,8,4,200,192,204.0,196.0,146.9634246826172,146.95794677734375,0.0054779052734375
s_bird_137,resnet50_tl_20250829,8,4,200,196,204.0,200.0,146.9634246826172,146.95480346679688,0.0086212158203125
s_bird_137,resnet50_tl_20250829,8,4,200,200,204.0,204.0,146.9634246826172,146.98602294921875,-0.0225982666015625
s_bird_137,resnet50_tl_20250829,8,4,200,204,204.0,208.0,146.9634246826172,146.96157836914062,0.0018463134765625
s_bird_137,resnet50_tl_20250829,8,4,200,208,204.0,212.0,146.9634246826172,146.98301696777344,-0.01959228515625
s_bird_137,resnet50_tl_20250829,8,4,200,212,204.0,216.0,146.9634246826172,146.98867797851562,-0.0252532958984375
s_bird_137,resnet50_tl_20250829,8,4,200,216,204.0,220.0,146.9634246826172,147.0010223388672,-0.03759765625
s_bird_137,resnet50_tl_20250829,8,4,204,0,208.0,4.0,146.9634246826172,146.69088745117188,0.2725372314453125
s_bird_137,resnet50_tl_20250829,8,4,204,4,208.0,8.0,146.9634246826172,146.9445343017578,0.018890380859375
s_bird_137,resnet50_tl_20250829,8,4,204,8,208.0,12.0,146.9634246826172,147.02772521972656,-0.064300537109375
s_bird_137,resnet50_tl_20250829,8,4,204,12,208.0,16.0,146.9634246826172,146.79055786132812,0.1728668212890625
s_bird_137,resnet50_tl_20250829,8,4,204,16,208.0,20.0,146.9634246826172,146.81524658203125,0.1481781005859375
s_bird_137,resnet50_tl_20250829,8,4,204,20,208.0,24.0,146.9634246826172,146.9039306640625,0.0594940185546875
s_bird_137,resnet50_tl_20250829,8,4,204,24,208.0,28.0,146.9634246826172,147.0055389404297,-0.0421142578125
s_bird_137,resnet50_tl_20250829,8,4,204,28,208.0,32.0,146.9634246826172,146.67433166503906,0.289093017578125
s_bird_137,resnet50_tl_20250829,8,4,204,32,208.0,36.0,146.9634246826172,146.75608825683594,0.20733642578125
s_bird_137,resnet50_tl_20250829,8,4,204,36,208.0,40.0,146.9634246826172,146.89984130859375,0.0635833740234375
s_bird_137,resnet50_tl_20250829,8,4,204,40,208.0,44.0,146.9634246826172,146.98977661132812,-0.0263519287109375
s_bird_137,resnet50_tl_20250829,8,4,204,44,208.0,48.0,146.9634246826172,146.62496948242188,0.3384552001953125
s_bird_137,resnet50_tl_20250829,8,4,204,48,208.0,52.0,146.9634246826172,146.72512817382812,0.2382965087890625
s_bird_137,resnet50_tl_20250829,8,4,204,52,208.0,56.0,146.9634246826172,146.93377685546875,0.0296478271484375
s_bird_137,resnet50_tl_20250829,8,4,204,56,208.0,60.0,146.9634246826172,147.03187561035156,-0.068450927734375
s_bird_137,resnet50_tl_20250829,8,4,204,60,208.0,64.0,146.9634246826172,146.73208618164062,0.2313385009765625
s_bird_137,resnet50_tl_20250829,8,4,204,64,208.0,68.0,146.9634246826172,146.73876953125,0.2246551513671875
s_bird_137,resnet50_tl_20250829,8,4,204,68,208.0,72.0,146.9634246826172,146.9430694580078,0.020355224609375
s_bird_137,resnet50_tl_20250829,8,4,204,72,208.0,76.0,146.9634246826172,146.94937133789062,0.0140533447265625
s_bird_137,resnet50_tl_20250829,8,4,204,76,208.0,80.0,146.9634246826172,147.0100860595703,-0.046661376953125
s_bird_137,resnet50_tl_20250829,8,4,204,80,208.0,84.0,146.9634246826172,146.8511505126953,0.112274169921875
s_bird_137,resnet50_tl_20250829,8,4,204,84,208.0,88.0,146.9634246826172,146.75001525878906,0.213409423828125
s_bird_137,resnet50_tl_20250829,8,4,204,88,208.0,92.0,146.9634246826172,146.82203674316406,0.141387939453125
s_bird_137,resnet50_tl_20250829,8,4,204,92,208.0,96.0,146.9634246826172,146.2645721435547,0.6988525390625
s_bird_137,resnet50_tl_20250829,8,4,204,96,208.0,100.0,146.9634246826172,146.4209442138672,0.54248046875
s_bird_137,resnet50_tl_20250829,8,4,204,100,208.0,104.0,146.9634246826172,146.8670196533203,0.096405029296875
s_bird_137,resnet50_tl_20250829,8,4,204,104,208.0,108.0,146.9634246826172,146.89137268066406,0.072052001953125
s_bird_137,resnet50_tl_20250829,8,4,204,108,208.0,112.0,146.9634246826172,146.58953857421875,0.3738861083984375
s_bird_137,resnet50_tl_20250829,8,4,204,112,208.0,116.0,146.9634246826172,146.5823211669922,0.381103515625
s_bird_137,resnet50_tl_20250829,8,4,204,116,208.0,120.0,146.9634246826172,146.78843688964844,0.17498779296875
s_bird_137,resnet50_tl_20250829,8,4,204,120,208.0,124.0,146.9634246826172,146.9239501953125,0.0394744873046875
s_bird_137,resnet50_tl_20250829,8,4,204,124,208.0,128.0,146.9634246826172,146.51644897460938,0.4469757080078125
s_bird_137,resnet50_tl_20250829,8,4,204,128,208.0,132.0,146.9634246826172,146.55328369140625,0.4101409912109375
s_bird_137,resnet50_tl_20250829,8,4,204,132,208.0,136.0,146.9634246826172,146.74383544921875,0.2195892333984375
s_bird_137,resnet50_tl_20250829,8,4,204,136,208.0,140.0,146.9634246826172,146.84999084472656,0.113433837890625
s_bird_137,resnet50_tl_20250829,8,4,204,140,208.0,144.0,146.9634246826172,146.55804443359375,0.4053802490234375
s_bird_137,resnet50_tl_20250829,8,4,204,144,208.0,148.0,146.9634246826172,146.6014862060547,0.3619384765625
s_bird_137,resnet50_tl_20250829,8,4,204,148,208.0,152.0,146.9634246826172,146.78233337402344,0.18109130859375
s_bird_137,resnet50_tl_20250829,8,4,204,152,208.0,156.0,146.9634246826172,146.90147399902344,0.06195068359375
s_bird_137,resnet50_tl_20250829,8,4,204,156,208.0,160.0,146.9634246826172,146.53265380859375,0.4307708740234375
s_bird_137,resnet50_tl_20250829,8,4,204,160,208.0,164.0,146.9634246826172,146.59176635742188,0.3716583251953125
s_bird_137,resnet50_tl_20250829,8,4,204,164,208.0,168.0,146.9634246826172,146.77432250976562,0.1891021728515625
s_bird_137,resnet50_tl_20250829,8,4,204,168,208.0,172.0,146.9634246826172,146.916259765625,0.0471649169921875
s_bird_137,resnet50_tl_20250829,8,4,204,172,208.0,176.0,146.9634246826172,146.67710876464844,0.28631591796875
s_bird_137,resnet50_tl_20250829,8,4,204,176,208.0,180.0,146.9634246826172,146.70204162597656,0.261383056640625
s_bird_137,resnet50_tl_20250829,8,4,204,180,208.0,184.0,146.9634246826172,146.83299255371094,0.13043212890625
s_bird_137,resnet50_tl_20250829,8,4,204,184,208.0,188.0,146.9634246826172,146.9788818359375,-0.0154571533203125
s_bird_137,resnet50_tl_20250829,8,4,204,188,208.0,192.0,146.9634246826172,146.78466796875,0.1787567138671875
s_bird_137,resnet50_tl_20250829,8,4,204,192,208.0,196.0,146.9634246826172,146.84188842773438,0.1215362548828125
s_bird_137,resnet50_tl_20250829,8,4,204,196,208.0,200.0,146.9634246826172,146.8812255859375,0.0821990966796875
s_bird_137,resnet50_tl_20250829,8,4,204,200,208.0,204.0,146.9634246826172,146.9490509033203,0.014373779296875
s_bird_137,resnet50_tl_20250829,8,4,204,204,208.0,208.0,146.9634246826172,146.9225616455078,0.040863037109375
s_bird_137,resnet50_tl_20250829,8,4,204,208,208.0,212.0,146.9634246826172,146.94837951660156,0.015045166015625
s_bird_137,resnet50_tl_20250829,8,4,204,212,208.0,216.0,146.9634246826172,146.96009826660156,0.003326416015625
s_bird_137,resnet50_tl_20250829,8,4,204,216,208.0,220.0,146.9634246826172,146.97976684570312,-0.0163421630859375
s_bird_137,resnet50_tl_20250829,8,4,208,0,212.0,4.0,146.9634246826172,146.75161743164062,0.2118072509765625
s_bird_137,resnet50_tl_20250829,8,4,208,4,212.0,8.0,146.9634246826172,146.93309020996094,0.03033447265625
s_bird_137,resnet50_tl_20250829,8,4,208,8,212.0,12.0,146.9634246826172,147.055908203125,-0.0924835205078125
s_bird_137,resnet50_tl_20250829,8,4,208,12,212.0,16.0,146.9634246826172,146.8269500732422,0.136474609375
s_bird_137,resnet50_tl_20250829,8,4,208,16,212.0,20.0,146.9634246826172,146.87515258789062,0.0882720947265625
s_bird_137,resnet50_tl_20250829,8,4,208,20,212.0,24.0,146.9634246826172,146.9280548095703,0.035369873046875
s_bird_137,resnet50_tl_20250829,8,4,208,24,212.0,28.0,146.9634246826172,147.0369110107422,-0.073486328125
s_bird_137,resnet50_tl_20250829,8,4,208,28,212.0,32.0,146.9634246826172,146.76710510253906,0.196319580078125
s_bird_137,resnet50_tl_20250829,8,4,208,32,212.0,36.0,146.9634246826172,146.8265380859375,0.1368865966796875
s_bird_137,resnet50_tl_20250829,8,4,208,36,212.0,40.0,146.9634246826172,146.94725036621094,0.01617431640625
s_bird_137,resnet50_tl_20250829,8,4,208,40,212.0,44.0,146.9634246826172,147.03729248046875,-0.0738677978515625
s_bird_137,resnet50_tl_20250829,8,4,208,44,212.0,48.0,146.9634246826172,146.7479248046875,0.2154998779296875
s_bird_137,resnet50_tl_20250829,8,4,208,48,212.0,52.0,146.9634246826172,146.81021118164062,0.1532135009765625
s_bird_137,resnet50_tl_20250829,8,4,208,52,212.0,56.0,146.9634246826172,146.96353149414062,-0.0001068115234375
s_bird_137,resnet50_tl_20250829,8,4,208,56,212.0,60.0,146.9634246826172,147.04342651367188,-0.0800018310546875
s_bird_137,resnet50_tl_20250829,8,4,208,60,212.0,64.0,146.9634246826172,146.79498291015625,0.1684417724609375
s_bird_137,resnet50_tl_20250829,8,4,208,64,212.0,68.0,146.9634246826172,146.78639221191406,0.177032470703125
s_bird_137,resnet50_tl_20250829,8,4,208,68,212.0,72.0,146.9634246826172,146.94638061523438,0.0170440673828125
s_bird_137,resnet50_tl_20250829,8,4,208,72,212.0,76.0,146.9634246826172,147.03829956054688,-0.0748748779296875
s_bird_137,resnet50_tl_20250829,8,4,208,76,212.0,80.0,146.9634246826172,146.81707763671875,0.1463470458984375
s_bird_137,resnet50_tl_20250829,8,4,208,80,212.0,84.0,146.9634246826172,146.91146850585938,0.0519561767578125
s_bird_137,resnet50_tl_20250829,8,4,208,84,212.0,88.0,146.9634246826172,146.81732177734375,0.1461029052734375
s_bird_137,resnet50_tl_20250829,8,4,208,88,212.0,92.0,146.9634246826172,146.88694763183594,0.07647705078125
s_bird_137,resnet50_tl_20250829,8,4,208,92,212.0,96.0,146.9634246826172,146.65060424804688,0.3128204345703125
s_bird_137,resnet50_tl_20250829,8,4,208,96,212.0,100.0,146.9634246826172,146.70541381835938,0.2580108642578125
s_bird_137,resnet50_tl_20250829,8,4,208,100,212.0,104.0,146.9634246826172,146.8853302001953,0.078094482421875
s_bird_137,resnet50_tl_20250829,8,4,208,104,212.0,108.0,146.9634246826172,146.96376037597656,-0.000335693359375
s_bird_137,resnet50_tl_20250829,8,4,208,108,212.0,112.0,146.9634246826172,146.6409912109375,0.3224334716796875
s_bird_137,resnet50_tl_20250829,8,4,208,112,212.0,116.0,146.9634246826172,146.68222045898438,0.2812042236328125
s_bird_137,resnet50_tl_20250829,8,4,208,116,212.0,120.0,146.9634246826172,146.83682250976562,0.1266021728515625
s_bird_137,resnet50_tl_20250829,8,4,208,120,212.0,124.0,146.9634246826172,146.97808837890625,-0.0146636962890625
s_bird_137,resnet50_tl_20250829,8,4,208,124,212.0,128.0,146.9634246826172,146.61216735839844,0.35125732421875
s_bird_137,resnet50_tl_20250829,8,4,208,128,212.0,132.0,146.9634246826172,146.6576385498047,0.3057861328125
s_bird_137,resnet50_tl_20250829,8,4,208,132,212.0,136.0,146.9634246826172,146.82290649414062,0.1405181884765625
s_bird_137,resnet50_tl_20250829,8,4,208,136,212.0,140.0,146.9634246826172,146.9268035888672,0.03662109375
s_bird_137,resnet50_tl_20250829,8,4,208,140,212.0,144.0,146.9634246826172,146.62913513183594,0.33428955078125
s_bird_137,resnet50_tl_20250829,8,4,208,144,212.0,148.0,146.9634246826172,146.69480895996094,0.26861572265625
s_bird_137,resnet50_tl_20250829,8,4,208,148,212.0,152.0,146.9634246826172,146.84121704101562,0.1222076416015625
s_bird_137,resnet50_tl_20250829,8,4,208,152,212.0,156.0,146.9634246826172,146.9637908935547,-0.0003662109375
s_bird_137,resnet50_tl_20250829,8,4,208,156,212.0,160.0,146.9634246826172,146.6505584716797,0.3128662109375
s_bird_137,resnet50_tl_20250829,8,4,208,160,212.0,164.0,146.9634246826172,146.69757080078125,0.2658538818359375
s_bird_137,resnet50_tl_20250829,8,4,208,164,212.0,168.0,146.9634246826172,146.8558349609375,0.1075897216796875
s_bird_137,resnet50_tl_20250829,8,4,208,168,212.0,172.0,146.9634246826172,146.98388671875,-0.0204620361328125
s_bird_137,resnet50_tl_20250829,8,4,208,172,212.0,176.0,146.9634246826172,146.768798828125,0.1946258544921875
s_bird_137,resnet50_tl_20250829,8,4,208,176,212.0,180.0,146.9634246826172,146.80496215820312,0.1584625244140625
s_bird_137,resnet50_tl_20250829,8,4,208,180,212.0,184.0,146.9634246826172,146.8958740234375,0.0675506591796875
s_bird_137,resnet50_tl_20250829,8,4,208,184,212.0,188.0,146.9634246826172,147.02133178710938,-0.0579071044921875
s_bird_137,resnet50_tl_20250829,8,4,208,188,212.0,192.0,146.9634246826172,146.8741912841797,0.0892333984375
s_bird_137,resnet50_tl_20250829,8,4,208,192,212.0,196.0,146.9634246826172,146.9106903076172,0.052734375
s_bird_137,resnet50_tl_20250829,8,4,208,196,212.0,200.0,146.9634246826172,146.93646240234375,0.0269622802734375
s_bird_137,resnet50_tl_20250829,8,4,208,200,212.0,204.0,146.9634246826172,146.9881591796875,-0.0247344970703125
s_bird_137,resnet50_tl_20250829,8,4,208,204,212.0,208.0,146.9634246826172,146.9594268798828,0.003997802734375
s_bird_137,resnet50_tl_20250829,8,4,208,208,212.0,212.0,146.9634246826172,146.97691345214844,-0.01348876953125
s_bird_137,resnet50_tl_20250829,8,4,208,212,212.0,216.0,146.9634246826172,146.969970703125,-0.0065460205078125
s_bird_137,resnet50_tl_20250829,8,4,208,216,212.0,220.0,146.9634246826172,146.98410034179688,-0.0206756591796875
s_bird_137,resnet50_tl_20250829,8,4,212,0,216.0,4.0,146.9634246826172,146.8299102783203,0.133514404296875
s_bird_137,resnet50_tl_20250829,8,4,212,4,216.0,8.0,146.9634246826172,146.92555236816406,0.037872314453125
s_bird_137,resnet50_tl_20250829,8,4,212,8,216.0,12.0,146.9634246826172,147.01937866210938,-0.0559539794921875
s_bird_137,resnet50_tl_20250829,8,4,212,12,216.0,16.0,146.9634246826172,146.942626953125,0.0207977294921875
s_bird_137,resnet50_tl_20250829,8,4,212,16,216.0,20.0,146.9634246826172,146.97898864746094,-0.01556396484375
s_bird_137,resnet50_tl_20250829,8,4,212,20,216.0,24.0,146.9634246826172,146.930908203125,0.0325164794921875
s_bird_137,resnet50_tl_20250829,8,4,212,24,216.0,28.0,146.9634246826172,146.9986572265625,-0.0352325439453125
s_bird_137,resnet50_tl_20250829,8,4,212,28,216.0,32.0,146.9634246826172,146.91790771484375,0.0455169677734375
s_bird_137,resnet50_tl_20250829,8,4,212,32,216.0,36.0,146.9634246826172,146.9620361328125,0.0013885498046875
s_bird_137,resnet50_tl_20250829,8,4,212,36,216.0,40.0,146.9634246826172,146.93377685546875,0.0296478271484375
s_bird_137,resnet50_tl_20250829,8,4,212,40,216.0,44.0,146.9634246826172,146.98971557617188,-0.0262908935546875
s_bird_137,resnet50_tl_20250829,8,4,212,44,216.0,48.0,146.9634246826172,146.91708374023438,0.0463409423828125
s_bird_137,resnet50_tl_20250829,8,4,212,48,216.0,52.0,146.9634246826172,146.9560546875,0.0073699951171875
s_bird_137,resnet50_tl_20250829,8,4,212,52,216.0,56.0,146.9634246826172,146.9236602783203,0.039764404296875
s_bird_137,resnet50_tl_20250829,8,4,212,56,216.0,60.0,146.9634246826172,146.9806365966797,-0.0172119140625
s_bird_137,resnet50_tl_20250829,8,4,212,60,216.0,64.0,146.9634246826172,146.97682189941406,-0.013397216796875
s_bird_137,resnet50_tl_20250829,8,4,212,64,216.0,68.0,146.9634246826172,146.98355102539062,-0.0201263427734375
s_bird_137,resnet50_tl_20250829,8,4,212,68,216.0,72.0,146.9634246826172,146.95782470703125,0.0055999755859375
s_bird_137,resnet50_tl_20250829,8,4,212,72,216.0,76.0,146.9634246826172,146.9995880126953,-0.036163330078125
s_bird_137,resnet50_tl_20250829,8,4,212,76,216.0,80.0,146.9634246826172,146.99488830566406,-0.031463623046875
s_bird_137,resnet50_tl_20250829,8,4,212,80,216.0,84.0,146.9634246826172,146.89649963378906,0.066925048828125
s_bird_137,resnet50_tl_20250829,8,4,212,84,216.0,88.0,146.9634246826172,146.94471740722656,0.018707275390625
s_bird_137,resnet50_tl_20250829,8,4,212,88,216.0,92.0,146.9634246826172,146.99627685546875,-0.0328521728515625
s_bird_137,resnet50_tl_20250829,8,4,212,92,216.0,96.0,146.9634246826172,146.8181610107422,0.145263671875
s_bird_137,resnet50_tl_20250829,8,4,212,96,216.0,100.0,146.9634246826172,146.83392333984375,0.1295013427734375
s_bird_137,resnet50_tl_20250829,8,4,212,100,216.0,104.0,146.9634246826172,146.88729858398438,0.0761260986328125
s_bird_137,resnet50_tl_20250829,8,4,212,104,216.0,108.0,146.9634246826172,146.89918518066406,0.064239501953125
s_bird_137,resnet50_tl_20250829,8,4,212,108,216.0,112.0,146.9634246826172,146.84146118164062,0.1219635009765625
s_bird_137,resnet50_tl_20250829,8,4,212,112,216.0,116.0,146.9634246826172,146.86163330078125,0.1017913818359375
s_bird_137,resnet50_tl_20250829,8,4,212,116,216.0,120.0,146.9634246826172,146.85308837890625,0.1103363037109375
s_bird_137,resnet50_tl_20250829,8,4,212,120,216.0,124.0,146.9634246826172,146.92477416992188,0.0386505126953125
s_bird_137,resnet50_tl_20250829,8,4,212,124,216.0,128.0,146.9634246826172,146.83853149414062,0.1248931884765625
s_bird_137,resnet50_tl_20250829,8,4,212,128,216.0,132.0,146.9634246826172,146.843505859375,0.1199188232421875
s_bird_137,resnet50_tl_20250829,8,4,212,132,216.0,136.0,146.9634246826172,146.8516082763672,0.11181640625
s_bird_137,resnet50_tl_20250829,8,4,212,136,216.0,140.0,146.9634246826172,146.88418579101562,0.0792388916015625
s_bird_137,resnet50_tl_20250829,8,4,212,140,216.0,144.0,146.9634246826172,146.8280487060547,0.1353759765625
s_bird_137,resnet50_tl_20250829,8,4,212,144,216.0,148.0,146.9634246826172,146.85145568847656,0.111968994140625
s_bird_137,resnet50_tl_20250829,8,4,212,148,216.0,152.0,146.9634246826172,146.8553924560547,0.1080322265625
s_bird_137,resnet50_tl_20250829,8,4,212,152,216.0,156.0,146.9634246826172,146.91171264648438,0.0517120361328125
s_bird_137,resnet50_tl_20250829,8,4,212,156,216.0,160.0,146.9634246826172,146.8653564453125,0.0980682373046875
s_bird_137,resnet50_tl_20250829,8,4,212,160,216.0,164.0,146.9634246826172,146.8917999267578,0.071624755859375
s_bird_137,resnet50_tl_20250829,8,4,212,164,216.0,168.0,146.9634246826172,146.87779235839844,0.08563232421875
s_bird_137,resnet50_tl_20250829,8,4,212,168,216.0,172.0,146.9634246826172,146.932373046875,0.0310516357421875
s_bird_137,resnet50_tl_20250829,8,4,212,172,216.0,176.0,146.9634246826172,146.92196655273438,0.0414581298828125
s_bird_137,resnet50_tl_20250829,8,4,212,176,216.0,180.0,146.9634246826172,146.9478302001953,0.015594482421875
s_bird_137,resnet50_tl_20250829,8,4,212,180,216.0,184.0,146.9634246826172,146.92274475097656,0.040679931640625
s_bird_137,resnet50_tl_20250829,8,4,212,184,216.0,188.0,146.9634246826172,146.98243713378906,-0.019012451171875
s_bird_137,resnet50_tl_20250829,8,4,212,188,216.0,192.0,146.9634246826172,146.94627380371094,0.01715087890625
s_bird_137,resnet50_tl_20250829,8,4,212,192,216.0,196.0,146.9634246826172,146.98529052734375,-0.0218658447265625
s_bird_137,resnet50_tl_20250829,8,4,212,196,216.0,200.0,146.9634246826172,146.9620361328125,0.0013885498046875
s_bird_137,resnet50_tl_20250829,8,4,212,200,216.0,204.0,146.9634246826172,146.9909210205078,-0.027496337890625
s_bird_137,resnet50_tl_20250829,8,4,212,204,216.0,208.0,146.9634246826172,146.96078491210938,0.0026397705078125
s_bird_137,resnet50_tl_20250829,8,4,212,208,216.0,212.0,146.9634246826172,146.97784423828125,-0.0144195556640625
s_bird_137,resnet50_tl_20250829,8,4,212,212,216.0,216.0,146.9634246826172,146.97694396972656,-0.013519287109375
s_bird_137,resnet50_tl_20250829,8,4,212,216,216.0,220.0,146.9634246826172,146.97842407226562,-0.0149993896484375
s_bird_137,resnet50_tl_20250829,8,4,216,0,220.0,4.0,146.9634246826172,146.89242553710938,0.0709991455078125
s_bird_137,resnet50_tl_20250829,8,4,216,4,220.0,8.0,146.9634246826172,146.93136596679688,0.0320587158203125
s_bird_137,resnet50_tl_20250829,8,4,216,8,220.0,12.0,146.9634246826172,146.95974731445312,0.0036773681640625
s_bird_137,resnet50_tl_20250829,8,4,216,12,220.0,16.0,146.9634246826172,146.956298828125,0.0071258544921875
s_bird_137,resnet50_tl_20250829,8,4,216,16,220.0,20.0,146.9634246826172,146.95672607421875,0.0066986083984375
s_bird_137,resnet50_tl_20250829,8,4,216,20,220.0,24.0,146.9634246826172,146.92611694335938,0.0373077392578125
s_bird_137,resnet50_tl_20250829,8,4,216,24,220.0,28.0,146.9634246826172,146.9403076171875,0.0231170654296875
s_bird_137,resnet50_tl_20250829,8,4,216,28,220.0,32.0,146.9634246826172,146.94833374023438,0.0150909423828125
s_bird_137,resnet50_tl_20250829,8,4,216,32,220.0,36.0,146.9634246826172,146.95785522460938,0.0055694580078125
s_bird_137,resnet50_tl_20250829,8,4,216,36,220.0,40.0,146.9634246826172,146.92503356933594,0.03839111328125
s_bird_137,resnet50_tl_20250829,8,4,216,40,220.0,44.0,146.9634246826172,146.93800354003906,0.025421142578125
s_bird_137,resnet50_tl_20250829,8,4,216,44,220.0,48.0,146.9634246826172,146.9551544189453,0.008270263671875
s_bird_137,resnet50_tl_20250829,8,4,216,48,220.0,52.0,146.9634246826172,146.96340942382812,1.52587890625e-05
s_bird_137,resnet50_tl_20250829,8,4,216,52,220.0,56.0,146.9634246826172,146.9159698486328,0.047454833984375
s_bird_137,resnet50_tl_20250829,8,4,216,56,220.0,60.0,146.9634246826172,146.93115234375,0.0322723388671875
s_bird_137,resnet50_tl_20250829,8,4,216,60,220.0,64.0,146.9634246826172,146.97560119628906,-0.012176513671875
s_bird_137,resnet50_tl_20250829,8,4,216,64,220.0,68.0,146.9634246826172,146.9564666748047,0.0069580078125
s_bird_137,resnet50_tl_20250829,8,4,216,68,220.0,72.0,146.9634246826172,146.93992614746094,0.02349853515625
s_bird_137,resnet50_tl_20250829,8,4,216,72,220.0,76.0,146.9634246826172,146.92059326171875,0.0428314208984375
s_bird_137,resnet50_tl_20250829,8,4,216,76,220.0,80.0,146.9634246826172,146.98822021484375,-0.0247955322265625
s_bird_137,resnet50_tl_20250829,8,4,216,80,220.0,84.0,146.9634246826172,146.968994140625,-0.0055694580078125
s_bird_137,resnet50_tl_20250829,8,4,216,84,220.0,88.0,146.9634246826172,146.992919921875,-0.0294952392578125
s_bird_137,resnet50_tl_20250829,8,4,216,88,220.0,92.0,146.9634246826172,147.0184326171875,-0.0550079345703125
s_bird_137,resnet50_tl_20250829,8,4,216,92,220.0,96.0,146.9634246826172,146.9122772216797,0.0511474609375
s_bird_137,resnet50_tl_20250829,8,4,216,96,220.0,100.0,146.9634246826172,146.84793090820312,0.1154937744140625
s_bird_137,resnet50_tl_20250829,8,4,216,100,220.0,104.0,146.9634246826172,146.86753845214844,0.09588623046875
s_bird_137,resnet50_tl_20250829,8,4,216,104,220.0,108.0,146.9634246826172,146.85272216796875,0.1107025146484375
s_bird_137,resnet50_tl_20250829,8,4,216,108,220.0,112.0,146.9634246826172,146.87696838378906,0.086456298828125
s_bird_137,resnet50_tl_20250829,8,4,216,112,220.0,116.0,146.9634246826172,146.87477111816406,0.088653564453125
s_bird_137,resnet50_tl_20250829,8,4,216,116,220.0,120.0,146.9634246826172,146.85508728027344,0.10833740234375
s_bird_137,resnet50_tl_20250829,8,4,216,120,220.0,124.0,146.9634246826172,146.86549377441406,0.097930908203125
s_bird_137,resnet50_tl_20250829,8,4,216,124,220.0,128.0,146.9634246826172,146.89163208007812,0.0717926025390625
s_bird_137,resnet50_tl_20250829,8,4,216,128,220.0,132.0,146.9634246826172,146.8681182861328,0.095306396484375
s_bird_137,resnet50_tl_20250829,8,4,216,132,220.0,136.0,146.9634246826172,146.8525390625,0.1108856201171875
s_bird_137,resnet50_tl_20250829,8,4,216,136,220.0,140.0,146.9634246826172,146.8477783203125,0.1156463623046875
s_bird_137,resnet50_tl_20250829,8,4,216,140,220.0,144.0,146.9634246826172,146.89077758789062,0.0726470947265625
s_bird_137,resnet50_tl_20250829,8,4,216,144,220.0,148.0,146.9634246826172,146.8795928955078,0.083831787109375
s_bird_137,resnet50_tl_20250829,8,4,216,148,220.0,152.0,146.9634246826172,146.8607940673828,0.102630615234375
s_bird_137,resnet50_tl_20250829,8,4,216,152,220.0,156.0,146.9634246826172,146.8677520751953,0.095672607421875
s_bird_137,resnet50_tl_20250829,8,4,216,156,220.0,160.0,146.9634246826172,146.91552734375,0.0478973388671875
s_bird_137,resnet50_tl_20250829,8,4,216,160,220.0,164.0,146.9634246826172,146.92291259765625,0.0405120849609375
s_bird_137,resnet50_tl_20250829,8,4,216,164,220.0,168.0,146.9634246826172,146.89212036132812,0.0713043212890625
s_bird_137,resnet50_tl_20250829,8,4,216,168,220.0,172.0,146.9634246826172,146.90664672851562,0.0567779541015625
s_bird_137,resnet50_tl_20250829,8,4,216,172,220.0,176.0,146.9634246826172,146.9597930908203,0.003631591796875
s_bird_137,resnet50_tl_20250829,8,4,216,176,220.0,180.0,146.9634246826172,146.9681854248047,-0.0047607421875
s_bird_137,resnet50_tl_20250829,8,4,216,180,220.0,184.0,146.9634246826172,146.93418884277344,0.02923583984375
s_bird_137,resnet50_tl_20250829,8,4,216,184,220.0,188.0,146.9634246826172,146.94932556152344,0.01409912109375
s_bird_137,resnet50_tl_20250829,8,4,216,188,220.0,192.0,146.9634246826172,146.96063232421875,0.0027923583984375
s_bird_137,resnet50_tl_20250829,8,4,216,192,220.0,196.0,146.9634246826172,146.98255920410156,-0.019134521484375
s_bird_137,resnet50_tl_20250829,8,4,216,196,220.0,200.0,146.9634246826172,146.9573974609375,0.0060272216796875
s_bird_137,resnet50_tl_20250829,8,4,216,200,220.0,204.0,146.9634246826172,146.9698944091797,-0.0064697265625
s_bird_137,resnet50_tl_20250829,8,4,216,204,220.0,208.0,146.9634246826172,146.96412658691406,-0.000701904296875
s_bird_137,resnet50_tl_20250829,8,4,216,208,220.0,212.0,146.9634246826172,146.97360229492188,-0.0101776123046875
s_bird_137,resnet50_tl_20250829,8,4,216,212,220.0,216.0,146.9634246826172,146.9748077392578,-0.011383056640625
s_bird_137,resnet50_tl_20250829,8,4,216,216,220.0,220.0,146.9634246826172,146.96865844726562,-0.0052337646484375
