case_id,model_type,occluder_size,stride,y0,x0,y_center,x_center,baseline_target_logit,post_occlusion_target_logit,target_logit_drop
ns_lion_801,resnet50_tl_20250829,8,4,0,0,4.0,4.0,145.96861267089844,146.06546020507812,-0.0968475341796875
ns_lion_801,resnet50_tl_20250829,8,4,0,4,4.0,8.0,145.96861267089844,146.26463317871094,-0.2960205078125
ns_lion_801,resnet50_tl_20250829,8,4,0,8,4.0,12.0,145.96861267089844,146.22601318359375,-0.2574005126953125
ns_lion_801,resnet50_tl_20250829,8,4,0,12,4.0,16.0,145.96861267089844,146.59591674804688,-0.6273040771484375
ns_lion_801,resnet50_tl_20250829,8,4,0,16,4.0,20.0,145.96861267089844,146.594482421875,-0.6258697509765625
ns_lion_801,resnet50_tl_20250829,8,4,0,20,4.0,24.0,145.96861267089844,146.39854431152344,-0.429931640625
ns_lion_801,resnet50_tl_20250829,8,4,0,24,4.0,28.0,145.96861267089844,146.22695922851562,-0.2583465576171875
ns_lion_801,resnet50_tl_20250829,8,4,0,28,4.0,32.0,145.96861267089844,146.052001953125,-0.0833892822265625
ns_lion_801,resnet50_tl_20250829,8,4,0,32,4.0,36.0,145.96861267089844,145.97909545898438,-0.0104827880859375
ns_lion_801,resnet50_tl_20250829,8,4,0,36,4.0,40.0,145.96861267089844,146.03619384765625,-0.0675811767578125
ns_lion_801,resnet50_tl_20250829,8,4,0,40,4.0,44.0,145.96861267089844,146.08543395996094,-0.1168212890625
ns_lion_801,resnet50_tl_20250829,8,4,0,44,4.0,48.0,145.96861267089844,146.07321166992188,-0.1045989990234375
ns_lion_801,resnet50_tl_20250829,8,4,0,48,4.0,52.0,145.96861267089844,146.09349060058594,-0.1248779296875
ns_lion_801,resnet50_tl_20250829,8,4,0,52,4.0,56.0,145.96861267089844,146.15293884277344,-0.184326171875
ns_lion_801,resnet50_tl_20250829,8,4,0,56,4.0,60.0,145.96861267089844,146.0954132080078,-0.126800537109375
ns_lion_801,resnet50_tl_20250829,8,4,0,60,4.0,64.0,145.96861267089844,145.81939697265625,0.1492156982421875
ns_lion_801,resnet50_tl_20250829,8,4,0,64,4.0,68.0,145.96861267089844,145.82521057128906,0.143402099609375
ns_lion_801,resnet50_tl_20250829,8,4,0,68,4.0,72.0,145.96861267089844,145.8561248779297,0.11248779296875
ns_lion_801,resnet50_tl_20250829,8,4,0,72,4.0,76.0,145.96861267089844,145.93399047851562,0.0346221923828125
ns_lion_801,resnet50_tl_20250829,8,4,0,76,4.0,80.0,145.96861267089844,146.00563049316406,-0.037017822265625
ns_lion_801,resnet50_tl_20250829,8,4,0,80,4.0,84.0,145.96861267089844,146.06019592285156,-0.091583251953125
ns_lion_801,resnet50_tl_20250829,8,4,0,84,4.0,88.0,145.96861267089844,146.13180541992188,-0.1631927490234375
ns_lion_801,resnet50_tl_20250829,8,4,0,88,4.0,92.0,145.96861267089844,146.09967041015625,-0.1310577392578125
ns_lion_801,resnet50_tl_20250829,8,4,0,92,4.0,96.0,145.96861267089844,146.0557403564453,-0.087127685546875
ns_lion_801,resnet50_tl_20250829,8,4,0,96,4.0,100.0,145.96861267089844,146.0585174560547,-0.08990478515625
ns_lion_801,resnet50_tl_20250829,8,4,0,100,4.0,104.0,145.96861267089844,146.00315856933594,-0.0345458984375
ns_lion_801,resnet50_tl_20250829,8,4,0,104,4.0,108.0,145.96861267089844,145.96969604492188,-0.0010833740234375
ns_lion_801,resnet50_tl_20250829,8,4,0,108,4.0,112.0,145.96861267089844,145.9669189453125,0.0016937255859375
ns_lion_801,resnet50_tl_20250829,8,4,0,112,4.0,116.0,145.96861267089844,145.99627685546875,-0.0276641845703125
ns_lion_801,resnet50_tl_20250829,8,4,0,116,4.0,120.0,145.96861267089844,146.07618713378906,-0.107574462890625
ns_lion_801,resnet50_tl_20250829,8,4,0,120,4.0,124.0,145.96861267089844,146.06802368164062,-0.0994110107421875
ns_lion_801,resnet50_tl_20250829,8,4,0,124,4.0,128.0,145.96861267089844,145.959228515625,0.0093841552734375
ns_lion_801,resnet50_tl_20250829,8,4,0,128,4.0,132.0,145.96861267089844,145.98716735839844,-0.0185546875
ns_lion_801,resnet50_tl_20250829,8,4,0,132,4.0,136.0,145.96861267089844,146.03256225585938,-0.0639495849609375
ns_lion_801,resnet50_tl_20250829,8,4,0,136,4.0,140.0,145.96861267089844,146.0317840576172,-0.06317138671875
ns_lion_801,resnet50_tl_20250829,8,4,0,140,4.0,144.0,145.96861267089844,146.054931640625,-0.0863189697265625
ns_lion_801,resnet50_tl_20250829,8,4,0,144,4.0,148.0,145.96861267089844,146.06350708007812,-0.0948944091796875
ns_lion_801,resnet50_tl_20250829,8,4,0,148,4.0,152.0,145.96861267089844,146.07159423828125,-0.1029815673828125
ns_lion_801,resnet50_tl_20250829,8,4,0,152,4.0,156.0,145.96861267089844,146.07424926757812,-0.1056365966796875
ns_lion_801,resnet50_tl_20250829,8,4,0,156,4.0,160.0,145.96861267089844,146.11402893066406,-0.145416259765625
ns_lion_801,resnet50_tl_20250829,8,4,0,160,4.0,164.0,145.96861267089844,146.0782012939453,-0.109588623046875
ns_lion_801,resnet50_tl_20250829,8,4,0,164,4.0,168.0,145.96861267089844,146.03689575195312,-0.0682830810546875
ns_lion_801,resnet50_tl_20250829,8,4,0,168,4.0,172.0,145.96861267089844,145.96954345703125,-0.0009307861328125
ns_lion_801,resnet50_tl_20250829,8,4,0,172,4.0,176.0,145.96861267089844,145.9573211669922,0.01129150390625
ns_lion_801,resnet50_tl_20250829,8,4,0,176,4.0,180.0,145.96861267089844,145.91583251953125,0.0527801513671875
ns_lion_801,resnet50_tl_20250829,8,4,0,180,4.0,184.0,145.96861267089844,145.91574096679688,0.0528717041015625
ns_lion_801,resnet50_tl_20250829,8,4,0,184,4.0,188.0,145.96861267089844,145.96669006347656,0.001922607421875
ns_lion_801,resnet50_tl_20250829,8,4,0,188,4.0,192.0,145.96861267089844,145.91534423828125,0.0532684326171875
ns_lion_801,resnet50_tl_20250829,8,4,0,192,4.0,196.0,145.96861267089844,145.9132080078125,0.0554046630859375
ns_lion_801,resnet50_tl_20250829,8,4,0,196,4.0,200.0,145.96861267089844,145.9149169921875,0.0536956787109375
ns_lion_801,resnet50_tl_20250829,8,4,0,200,4.0,204.0,145.96861267089844,145.93780517578125,0.0308074951171875
ns_lion_801,resnet50_tl_20250829,8,4,0,204,4.0,208.0,145.96861267089844,145.9043426513672,0.06427001953125
ns_lion_801,resnet50_tl_20250829,8,4,0,208,4.0,212.0,145.96861267089844,145.83970642089844,0.12890625
ns_lion_801,resnet50_tl_20250829,8,4,0,212,4.0,216.0,145.96861267089844,145.83807373046875,0.1305389404296875
ns_lion_801,resnet50_tl_20250829,8,4,0,216,4.0,220.0,145.96861267089844,145.91372680664062,0.0548858642578125
ns_lion_801,resnet50_tl_20250829,8,4,4,0,8.0,4.0,145.96861267089844,146.21473693847656,-0.246124267578125
ns_lion_801,resnet50_tl_20250829,8,4,4,4,8.0,8.0,145.96861267089844,146.14141845703125,-0.1728057861328125
ns_lion_801,resnet50_tl_20250829,8,4,4,8,8.0,12.0,145.96861267089844,146.16522216796875,-0.1966094970703125
ns_lion_801,resnet50_tl_20250829,8,4,4,12,8.0,16.0,145.96861267089844,146.42050170898438,-0.4518890380859375
ns_lion_801,resnet50_tl_20250829,8,4,4,16,8.0,20.0,145.96861267089844,146.37753295898438,-0.4089202880859375
ns_lion_801,resnet50_tl_20250829,8,4,4,20,8.0,24.0,145.96861267089844,146.31468200683594,-0.3460693359375
ns_lion_801,resnet50_tl_20250829,8,4,4,24,8.0,28.0,145.96861267089844,146.2495574951172,-0.28094482421875
ns_lion_801,resnet50_tl_20250829,8,4,4,28,8.0,32.0,145.96861267089844,146.1669464111328,-0.198333740234375
ns_lion_801,resnet50_tl_20250829,8,4,4,32,8.0,36.0,145.96861267089844,146.09446716308594,-0.1258544921875
ns_lion_801,resnet50_tl_20250829,8,4,4,36,8.0,40.0,145.96861267089844,146.0051727294922,-0.03656005859375
ns_lion_801,resnet50_tl_20250829,8,4,4,40,8.0,44.0,145.96861267089844,146.07376098632812,-0.1051483154296875
ns_lion_801,resnet50_tl_20250829,8,4,4,44,8.0,48.0,145.96861267089844,146.2047119140625,-0.2360992431640625
ns_lion_801,resnet50_tl_20250829,8,4,4,48,8.0,52.0,145.96861267089844,146.15615844726562,-0.1875457763671875
ns_lion_801,resnet50_tl_20250829,8,4,4,52,8.0,56.0,145.96861267089844,146.17344665527344,-0.204833984375
ns_lion_801,resnet50_tl_20250829,8,4,4,56,8.0,60.0,145.96861267089844,146.22467041015625,-0.2560577392578125
ns_lion_801,resnet50_tl_20250829,8,4,4,60,8.0,64.0,145.96861267089844,146.09971618652344,-0.131103515625
ns_lion_801,resnet50_tl_20250829,8,4,4,64,8.0,68.0,145.96861267089844,146.03366088867188,-0.0650482177734375
ns_lion_801,resnet50_tl_20250829,8,4,4,68,8.0,72.0,145.96861267089844,145.9557647705078,0.012847900390625
ns_lion_801,resnet50_tl_20250829,8,4,4,72,8.0,76.0,145.96861267089844,146.0006561279297,-0.03204345703125
ns_lion_801,resnet50_tl_20250829,8,4,4,76,8.0,80.0,145.96861267089844,146.0977783203125,-0.1291656494140625
ns_lion_801,resnet50_tl_20250829,8,4,4,80,8.0,84.0,145.96861267089844,146.10057067871094,-0.1319580078125
ns_lion_801,resnet50_tl_20250829,8,4,4,84,8.0,88.0,145.96861267089844,146.15391540527344,-0.185302734375
ns_lion_801,resnet50_tl_20250829,8,4,4,88,8.0,92.0,145.96861267089844,146.17893981933594,-0.2103271484375
ns_lion_801,resnet50_tl_20250829,8,4,4,92,8.0,96.0,145.96861267089844,146.12713623046875,-0.1585235595703125
ns_lion_801,resnet50_tl_20250829,8,4,4,96,8.0,100.0,145.96861267089844,146.0696258544922,-0.10101318359375
ns_lion_801,resnet50_tl_20250829,8,4,4,100,8.0,104.0,145.96861267089844,146.0380096435547,-0.06939697265625
ns_lion_801,resnet50_tl_20250829,8,4,4,104,8.0,108.0,145.96861267089844,146.03350830078125,-0.0648956298828125
ns_lion_801,resnet50_tl_20250829,8,4,4,108,8.0,112.0,145.96861267089844,146.09591674804688,-0.1273040771484375
ns_lion_801,resnet50_tl_20250829,8,4,4,112,8.0,116.0,145.96861267089844,146.06146240234375,-0.0928497314453125
ns_lion_801,resnet50_tl_20250829,8,4,4,116,8.0,120.0,145.96861267089844,146.1553955078125,-0.1867828369140625
ns_lion_801,resnet50_tl_20250829,8,4,4,120,8.0,124.0,145.96861267089844,146.15316772460938,-0.1845550537109375
ns_lion_801,resnet50_tl_20250829,8,4,4,124,8.0,128.0,145.96861267089844,146.15907287597656,-0.190460205078125
ns_lion_801,resnet50_tl_20250829,8,4,4,128,8.0,132.0,145.96861267089844,146.09732055664062,-0.1287078857421875
ns_lion_801,resnet50_tl_20250829,8,4,4,132,8.0,136.0,145.96861267089844,146.07620239257812,-0.1075897216796875
ns_lion_801,resnet50_tl_20250829,8,4,4,136,8.0,140.0,145.96861267089844,146.05416870117188,-0.0855560302734375
ns_lion_801,resnet50_tl_20250829,8,4,4,140,8.0,144.0,145.96861267089844,146.09890747070312,-0.1302947998046875
ns_lion_801,resnet50_tl_20250829,8,4,4,144,8.0,148.0,145.96861267089844,146.06939697265625,-0.1007843017578125
ns_lion_801,resnet50_tl_20250829,8,4,4,148,8.0,152.0,145.96861267089844,146.10499572753906,-0.136383056640625
ns_lion_801,resnet50_tl_20250829,8,4,4,152,8.0,156.0,145.96861267089844,146.10629272460938,-0.1376800537109375
ns_lion_801,resnet50_tl_20250829,8,4,4,156,8.0,160.0,145.96861267089844,146.1352996826172,-0.16668701171875
ns_lion_801,resnet50_tl_20250829,8,4,4,160,8.0,164.0,145.96861267089844,146.0692596435547,-0.10064697265625
ns_lion_801,resnet50_tl_20250829,8,4,4,164,8.0,168.0,145.96861267089844,146.0495147705078,-0.080902099609375
ns_lion_801,resnet50_tl_20250829,8,4,4,168,8.0,172.0,145.96861267089844,146.02598571777344,-0.057373046875
ns_lion_801,resnet50_tl_20250829,8,4,4,172,8.0,176.0,145.96861267089844,146.07705688476562,-0.1084442138671875
ns_lion_801,resnet50_tl_20250829,8,4,4,176,8.0,180.0,145.96861267089844,146.0200653076172,-0.05145263671875
ns_lion_801,resnet50_tl_20250829,8,4,4,180,8.0,184.0,145.96861267089844,146.05059814453125,-0.0819854736328125
ns_lion_801,resnet50_tl_20250829,8,4,4,184,8.0,188.0,145.96861267089844,146.0736083984375,-0.1049957275390625
ns_lion_801,resnet50_tl_20250829,8,4,4,188,8.0,192.0,145.96861267089844,146.10264587402344,-0.134033203125
ns_lion_801,resnet50_tl_20250829,8,4,4,192,8.0,196.0,145.96861267089844,146.0419158935547,-0.07330322265625
ns_lion_801,resnet50_tl_20250829,8,4,4,196,8.0,200.0,145.96861267089844,146.04989624023438,-0.0812835693359375
ns_lion_801,resnet50_tl_20250829,8,4,4,200,8.0,204.0,145.96861267089844,146.00888061523438,-0.0402679443359375
ns_lion_801,resnet50_tl_20250829,8,4,4,204,8.0,208.0,145.96861267089844,146.00257873535156,-0.033966064453125
ns_lion_801,resnet50_tl_20250829,8,4,4,208,8.0,212.0,145.96861267089844,145.9437255859375,0.0248870849609375
ns_lion_801,resnet50_tl_20250829,8,4,4,212,8.0,216.0,145.96861267089844,145.900634765625,0.0679779052734375
ns_lion_801,resnet50_tl_20250829,8,4,4,216,8.0,220.0,145.96861267089844,145.89968872070312,0.0689239501953125
ns_lion_801,resnet50_tl_20250829,8,4,8,0,12.0,4.0,145.96861267089844,146.05776977539062,-0.0891571044921875
ns_lion_801,resnet50_tl_20250829,8,4,8,4,12.0,8.0,145.96861267089844,146.08316040039062,-0.1145477294921875
ns_lion_801,resnet50_tl_20250829,8,4,8,8,12.0,12.0,145.96861267089844,146.00636291503906,-0.037750244140625
ns_lion_801,resnet50_tl_20250829,8,4,8,12,12.0,16.0,145.96861267089844,146.10986328125,-0.1412506103515625
ns_lion_801,resnet50_tl_20250829,8,4,8,16,12.0,20.0,145.96861267089844,146.15869140625,-0.1900787353515625
ns_lion_801,resnet50_tl_20250829,8,4,8,20,12.0,24.0,145.96861267089844,146.0769500732422,-0.10833740234375
ns_lion_801,resnet50_tl_20250829,8,4,8,24,12.0,28.0,145.96861267089844,146.02908325195312,-0.0604705810546875
ns_lion_801,resnet50_tl_20250829,8,4,8,28,12.0,32.0,145.96861267089844,145.8778533935547,0.09075927734375
ns_lion_801,resnet50_tl_20250829,8,4,8,32,12.0,36.0,145.96861267089844,145.99746704101562,-0.0288543701171875
ns_lion_801,resnet50_tl_20250829,8,4,8,36,12.0,40.0,145.96861267089844,146.0413360595703,-0.072723388671875
ns_lion_801,resnet50_tl_20250829,8,4,8,40,12.0,44.0,145.96861267089844,145.93968200683594,0.0289306640625
ns_lion_801,resnet50_tl_20250829,8,4,8,44,12.0,48.0,145.96861267089844,146.00363159179688,-0.0350189208984375
ns_lion_801,resnet50_tl_20250829,8,4,8,48,12.0,52.0,145.96861267089844,145.9379119873047,0.03070068359375
ns_lion_801,resnet50_tl_20250829,8,4,8,52,12.0,56.0,145.96861267089844,146.20684814453125,-0.2382354736328125
ns_lion_801,resnet50_tl_20250829,8,4,8,56,12.0,60.0,145.96861267089844,146.2151641845703,-0.246551513671875
ns_lion_801,resnet50_tl_20250829,8,4,8,60,12.0,64.0,145.96861267089844,145.88580322265625,0.0828094482421875
ns_lion_801,resnet50_tl_20250829,8,4,8,64,12.0,68.0,145.96861267089844,145.9339599609375,0.0346527099609375
ns_lion_801,resnet50_tl_20250829,8,4,8,68,12.0,72.0,145.96861267089844,145.94288635253906,0.025726318359375
ns_lion_801,resnet50_tl_20250829,8,4,8,72,12.0,76.0,145.96861267089844,146.00048828125,-0.0318756103515625
ns_lion_801,resnet50_tl_20250829,8,4,8,76,12.0,80.0,145.96861267089844,145.83108520507812,0.1375274658203125
ns_lion_801,resnet50_tl_20250829,8,4,8,80,12.0,84.0,145.96861267089844,145.81045532226562,0.1581573486328125
ns_lion_801,resnet50_tl_20250829,8,4,8,84,12.0,88.0,145.96861267089844,145.93576049804688,0.0328521728515625
ns_lion_801,resnet50_tl_20250829,8,4,8,88,12.0,92.0,145.96861267089844,146.08116149902344,-0.112548828125
ns_lion_801,resnet50_tl_20250829,8,4,8,92,12.0,96.0,145.96861267089844,145.87779235839844,0.0908203125
ns_lion_801,resnet50_tl_20250829,8,4,8,96,12.0,100.0,145.96861267089844,145.8370819091797,0.13153076171875
ns_lion_801,resnet50_tl_20250829,8,4,8,100,12.0,104.0,145.96861267089844,145.90087890625,0.0677337646484375
ns_lion_801,resnet50_tl_20250829,8,4,8,104,12.0,108.0,145.96861267089844,145.94393920898438,0.0246734619140625
ns_lion_801,resnet50_tl_20250829,8,4,8,108,12.0,112.0,145.96861267089844,145.79110717773438,0.1775054931640625
ns_lion_801,resnet50_tl_20250829,8,4,8,112,12.0,116.0,145.96861267089844,145.78076171875,0.1878509521484375
ns_lion_801,resnet50_tl_20250829,8,4,8,116,12.0,120.0,145.96861267089844,145.91624450683594,0.0523681640625
ns_lion_801,resnet50_tl_20250829,8,4,8,120,12.0,124.0,145.96861267089844,146.00933837890625,-0.0407257080078125
ns_lion_801,resnet50_tl_20250829,8,4,8,124,12.0,128.0,145.96861267089844,145.91246032714844,0.05615234375
ns_lion_801,resnet50_tl_20250829,8,4,8,128,12.0,132.0,145.96861267089844,145.8616485595703,0.106964111328125
ns_lion_801,resnet50_tl_20250829,8,4,8,132,12.0,136.0,145.96861267089844,145.93637084960938,0.0322418212890625
ns_lion_801,resnet50_tl_20250829,8,4,8,136,12.0,140.0,145.96861267089844,145.92623901367188,0.0423736572265625
ns_lion_801,resnet50_tl_20250829,8,4,8,140,12.0,144.0,145.96861267089844,145.82504272460938,0.1435699462890625
ns_lion_801,resnet50_tl_20250829,8,4,8,144,12.0,148.0,145.96861267089844,145.82872009277344,0.139892578125
ns_lion_801,resnet50_tl_20250829,8,4,8,148,12.0,152.0,145.96861267089844,145.914306640625,0.0543060302734375
ns_lion_801,resnet50_tl_20250829,8,4,8,152,12.0,156.0,145.96861267089844,145.9576416015625,0.0109710693359375
ns_lion_801,resnet50_tl_20250829,8,4,8,156,12.0,160.0,145.96861267089844,145.88565063476562,0.0829620361328125
ns_lion_801,resnet50_tl_20250829,8,4,8,160,12.0,164.0,145.96861267089844,145.86767578125,0.1009368896484375
ns_lion_801,resnet50_tl_20250829,8,4,8,164,12.0,168.0,145.96861267089844,145.93719482421875,0.0314178466796875
ns_lion_801,resnet50_tl_20250829,8,4,8,168,12.0,172.0,145.96861267089844,145.9383544921875,0.0302581787109375
ns_lion_801,resnet50_tl_20250829,8,4,8,172,12.0,176.0,145.96861267089844,145.84754943847656,0.121063232421875
ns_lion_801,resnet50_tl_20250829,8,4,8,176,12.0,180.0,145.96861267089844,145.82232666015625,0.1462860107421875
ns_lion_801,resnet50_tl_20250829,8,4,8,180,12.0,184.0,145.96861267089844,145.93972778320312,0.0288848876953125
ns_lion_801,resnet50_tl_20250829,8,4,8,184,12.0,188.0,145.96861267089844,145.98316955566406,-0.014556884765625
ns_lion_801,resnet50_tl_20250829,8,4,8,188,12.0,192.0,145.96861267089844,145.91587829589844,0.052734375
ns_lion_801,resnet50_tl_20250829,8,4,8,192,12.0,196.0,145.96861267089844,145.86392211914062,0.1046905517578125
ns_lion_801,resnet50_tl_20250829,8,4,8,196,12.0,200.0,145.96861267089844,145.94668579101562,0.0219268798828125
ns_lion_801,resnet50_tl_20250829,8,4,8,200,12.0,204.0,145.96861267089844,145.98887634277344,-0.020263671875
ns_lion_801,resnet50_tl_20250829,8,4,8,204,12.0,208.0,145.96861267089844,145.91351318359375,0.0550994873046875
ns_lion_801,resnet50_tl_20250829,8,4,8,208,12.0,212.0,145.96861267089844,145.86143493652344,0.107177734375
ns_lion_801,resnet50_tl_20250829,8,4,8,212,12.0,216.0,145.96861267089844,145.8560028076172,0.11260986328125
ns_lion_801,resnet50_tl_20250829,8,4,8,216,12.0,220.0,145.96861267089844,145.91439819335938,0.0542144775390625
ns_lion_801,resnet50_tl_20250829,8,4,12,0,16.0,4.0,145.96861267089844,145.90635681152344,0.062255859375
ns_lion_801,resnet50_tl_20250829,8,4,12,4,16.0,8.0,145.96861267089844,145.96263122558594,0.0059814453125
ns_lion_801,resnet50_tl_20250829,8,4,12,8,16.0,12.0,145.96861267089844,145.911376953125,0.0572357177734375
ns_lion_801,resnet50_tl_20250829,8,4,12,12,16.0,16.0,145.96861267089844,145.93682861328125,0.0317840576171875
ns_lion_801,resnet50_tl_20250829,8,4,12,16,16.0,20.0,145.96861267089844,145.9564666748047,0.01214599609375
ns_lion_801,resnet50_tl_20250829,8,4,12,20,16.0,24.0,145.96861267089844,145.8770751953125,0.0915374755859375
ns_lion_801,resnet50_tl_20250829,8,4,12,24,16.0,28.0,145.96861267089844,145.80653381347656,0.162078857421875
ns_lion_801,resnet50_tl_20250829,8,4,12,28,16.0,32.0,145.96861267089844,145.6737823486328,0.294830322265625
ns_lion_801,resnet50_tl_20250829,8,4,12,32,16.0,36.0,145.96861267089844,145.9400177001953,0.028594970703125
ns_lion_801,resnet50_tl_20250829,8,4,12,36,16.0,40.0,145.96861267089844,145.89198303222656,0.076629638671875
ns_lion_801,resnet50_tl_20250829,8,4,12,40,16.0,44.0,145.96861267089844,145.5360870361328,0.432525634765625
ns_lion_801,resnet50_tl_20250829,8,4,12,44,16.0,48.0,145.96861267089844,145.09329223632812,0.8753204345703125
ns_lion_801,resnet50_tl_20250829,8,4,12,48,16.0,52.0,145.96861267089844,145.4805145263672,0.48809814453125
ns_lion_801,resnet50_tl_20250829,8,4,12,52,16.0,56.0,145.96861267089844,146.08230590820312,-0.1136932373046875
ns_lion_801,resnet50_tl_20250829,8,4,12,56,16.0,60.0,145.96861267089844,146.1239471435547,-0.15533447265625
ns_lion_801,resnet50_tl_20250829,8,4,12,60,16.0,64.0,145.96861267089844,145.56187438964844,0.40673828125
ns_lion_801,resnet50_tl_20250829,8,4,12,64,16.0,68.0,145.96861267089844,145.6787109375,0.2899017333984375
ns_lion_801,resnet50_tl_20250829,8,4,12,68,16.0,72.0,145.96861267089844,146.02508544921875,-0.0564727783203125
ns_lion_801,resnet50_tl_20250829,8,4,12,72,16.0,76.0,145.96861267089844,146.09713745117188,-0.1285247802734375
ns_lion_801,resnet50_tl_20250829,8,4,12,76,16.0,80.0,145.96861267089844,145.4368133544922,0.53179931640625
ns_lion_801,resnet50_tl_20250829,8,4,12,80,16.0,84.0,145.96861267089844,145.39834594726562,0.5702667236328125
ns_lion_801,resnet50_tl_20250829,8,4,12,84,16.0,88.0,145.96861267089844,145.87338256835938,0.0952301025390625
ns_lion_801,resnet50_tl_20250829,8,4,12,88,16.0,92.0,145.96861267089844,146.05783081054688,-0.0892181396484375
ns_lion_801,resnet50_tl_20250829,8,4,12,92,16.0,96.0,145.96861267089844,145.44961547851562,0.5189971923828125
ns_lion_801,resnet50_tl_20250829,8,4,12,96,16.0,100.0,145.96861267089844,145.5348663330078,0.433746337890625
ns_lion_801,resnet50_tl_20250829,8,4,12,100,16.0,104.0,145.96861267089844,145.94822692871094,0.0203857421875
ns_lion_801,resnet50_tl_20250829,8,4,12,104,16.0,108.0,145.96861267089844,145.97515869140625,-0.0065460205078125
ns_lion_801,resnet50_tl_20250829,8,4,12,108,16.0,112.0,145.96861267089844,145.4772186279297,0.49139404296875
ns_lion_801,resnet50_tl_20250829,8,4,12,112,16.0,116.0,145.96861267089844,145.51034545898438,0.4582672119140625
ns_lion_801,resnet50_tl_20250829,8,4,12,116,16.0,120.0,145.96861267089844,145.92449951171875,0.0441131591796875
ns_lion_801,resnet50_tl_20250829,8,4,12,120,16.0,124.0,145.96861267089844,146.04409790039062,-0.0754852294921875
ns_lion_801,resnet50_tl_20250829,8,4,12,124,16.0,128.0,145.96861267089844,145.6279296875,0.3406829833984375
ns_lion_801,resnet50_tl_20250829,8,4,12,128,16.0,132.0,145.96861267089844,145.67843627929688,0.2901763916015625
ns_lion_801,resnet50_tl_20250829,8,4,12,132,16.0,136.0,145.96861267089844,145.84922790527344,0.119384765625
ns_lion_801,resnet50_tl_20250829,8,4,12,136,16.0,140.0,145.96861267089844,145.90611267089844,0.0625
ns_lion_801,resnet50_tl_20250829,8,4,12,140,16.0,144.0,145.96861267089844,145.61524963378906,0.353363037109375
ns_lion_801,resnet50_tl_20250829,8,4,12,144,16.0,148.0,145.96861267089844,145.66065979003906,0.307952880859375
ns_lion_801,resnet50_tl_20250829,8,4,12,148,16.0,152.0,145.96861267089844,145.81695556640625,0.1516571044921875
ns_lion_801,resnet50_tl_20250829,8,4,12,152,16.0,156.0,145.96861267089844,145.92446899414062,0.0441436767578125
ns_lion_801,resnet50_tl_20250829,8,4,12,156,16.0,160.0,145.96861267089844,145.6715545654297,0.29705810546875
ns_lion_801,resnet50_tl_20250829,8,4,12,160,16.0,164.0,145.96861267089844,145.69667053222656,0.271942138671875
ns_lion_801,resnet50_tl_20250829,8,4,12,164,16.0,168.0,145.96861267089844,145.906494140625,0.0621185302734375
ns_lion_801,resnet50_tl_20250829,8,4,12,168,16.0,172.0,145.96861267089844,145.95794677734375,0.0106658935546875
ns_lion_801,resnet50_tl_20250829,8,4,12,172,16.0,176.0,145.96861267089844,145.68328857421875,0.2853240966796875
ns_lion_801,resnet50_tl_20250829,8,4,12,176,16.0,180.0,145.96861267089844,145.669677734375,0.2989349365234375
ns_lion_801,resnet50_tl_20250829,8,4,12,180,16.0,184.0,145.96861267089844,145.88194274902344,0.086669921875
ns_lion_801,resnet50_tl_20250829,8,4,12,184,16.0,188.0,145.96861267089844,145.9920196533203,-0.023406982421875
ns_lion_801,resnet50_tl_20250829,8,4,12,188,16.0,192.0,145.96861267089844,145.6199951171875,0.3486175537109375
ns_lion_801,resnet50_tl_20250829,8,4,12,192,16.0,196.0,145.96861267089844,145.67628479003906,0.292327880859375
ns_lion_801,resnet50_tl_20250829,8,4,12,196,16.0,200.0,145.96861267089844,145.8695526123047,0.09906005859375
ns_lion_801,resnet50_tl_20250829,8,4,12,200,16.0,204.0,145.96861267089844,145.99493408203125,-0.0263214111328125
ns_lion_801,resnet50_tl_20250829,8,4,12,204,16.0,208.0,145.96861267089844,145.7738800048828,0.194732666015625
ns_lion_801,resnet50_tl_20250829,8,4,12,208,16.0,212.0,145.96861267089844,145.75262451171875,0.2159881591796875
ns_lion_801,resnet50_tl_20250829,8,4,12,212,16.0,216.0,145.96861267089844,145.8226318359375,0.1459808349609375
ns_lion_801,resnet50_tl_20250829,8,4,12,216,16.0,220.0,145.96861267089844,145.88323974609375,0.0853729248046875
ns_lion_801,resnet50_tl_20250829,8,4,16,0,20.0,4.0,145.96861267089844,145.88775634765625,0.0808563232421875
ns_lion_801,resnet50_tl_20250829,8,4,16,4,20.0,8.0,145.96861267089844,145.93048095703125,0.0381317138671875
ns_lion_801,resnet50_tl_20250829,8,4,16,8,20.0,12.0,145.96861267089844,145.96591186523438,0.0027008056640625
ns_lion_801,resnet50_tl_20250829,8,4,16,12,20.0,16.0,145.96861267089844,145.94451904296875,0.0240936279296875
ns_lion_801,resnet50_tl_20250829,8,4,16,16,20.0,20.0,145.96861267089844,145.8212127685547,0.14739990234375
ns_lion_801,resnet50_tl_20250829,8,4,16,20,20.0,24.0,145.96861267089844,145.8650665283203,0.103546142578125
ns_lion_801,resnet50_tl_20250829,8,4,16,24,20.0,28.0,145.96861267089844,145.84317016601562,0.1254425048828125
ns_lion_801,resnet50_tl_20250829,8,4,16,28,20.0,32.0,145.96861267089844,145.76319885253906,0.205413818359375
ns_lion_801,resnet50_tl_20250829,8,4,16,32,20.0,36.0,145.96861267089844,145.87417602539062,0.0944366455078125
ns_lion_801,resnet50_tl_20250829,8,4,16,36,20.0,40.0,145.96861267089844,145.965087890625,0.0035247802734375
ns_lion_801,resnet50_tl_20250829,8,4,16,40,20.0,44.0,145.96861267089844,145.53916931152344,0.429443359375
ns_lion_801,resnet50_tl_20250829,8,4,16,44,20.0,48.0,145.96861267089844,145.38780212402344,0.580810546875
ns_lion_801,resnet50_tl_20250829,8,4,16,48,20.0,52.0,145.96861267089844,145.51109313964844,0.45751953125
ns_lion_801,resnet50_tl_20250829,8,4,16,52,20.0,56.0,145.96861267089844,145.9651336669922,0.00347900390625
ns_lion_801,resnet50_tl_20250829,8,4,16,56,20.0,60.0,145.96861267089844,145.97659301757812,-0.0079803466796875
ns_lion_801,resnet50_tl_20250829,8,4,16,60,20.0,64.0,145.96861267089844,145.615478515625,0.3531341552734375
ns_lion_801,resnet50_tl_20250829,8,4,16,64,20.0,68.0,145.96861267089844,145.7528076171875,0.2158050537109375
ns_lion_801,resnet50_tl_20250829,8,4,16,68,20.0,72.0,145.96861267089844,146.01028442382812,-0.0416717529296875
ns_lion_801,resnet50_tl_20250829,8,4,16,72,20.0,76.0,145.96861267089844,146.0952606201172,-0.12664794921875
ns_lion_801,resnet50_tl_20250829,8,4,16,76,20.0,80.0,145.96861267089844,145.61557006835938,0.3530426025390625
ns_lion_801,resnet50_tl_20250829,8,4,16,80,20.0,84.0,145.96861267089844,145.5483856201172,0.42022705078125
ns_lion_801,resnet50_tl_20250829,8,4,16,84,20.0,88.0,145.96861267089844,145.92922973632812,0.0393829345703125
ns_lion_801,resnet50_tl_20250829,8,4,16,88,20.0,92.0,145.96861267089844,146.0711669921875,-0.1025543212890625
ns_lion_801,resnet50_tl_20250829,8,4,16,92,20.0,96.0,145.96861267089844,145.60537719726562,0.3632354736328125
ns_lion_801,resnet50_tl_20250829,8,4,16,96,20.0,100.0,145.96861267089844,145.65956115722656,0.309051513671875
ns_lion_801,resnet50_tl_20250829,8,4,16,100,20.0,104.0,145.96861267089844,145.9667205810547,0.00189208984375
ns_lion_801,resnet50_tl_20250829,8,4,16,104,20.0,108.0,145.96861267089844,145.96661376953125,0.0019989013671875
ns_lion_801,resnet50_tl_20250829,8,4,16,108,20.0,112.0,145.96861267089844,145.52969360351562,0.4389190673828125
ns_lion_801,resnet50_tl_20250829,8,4,16,112,20.0,116.0,145.96861267089844,145.50767517089844,0.4609375
ns_lion_801,resnet50_tl_20250829,8,4,16,116,20.0,120.0,145.96861267089844,145.87779235839844,0.0908203125
ns_lion_801,resnet50_tl_20250829,8,4,16,120,20.0,124.0,145.96861267089844,145.9805450439453,-0.011932373046875
ns_lion_801,resnet50_tl_20250829,8,4,16,124,20.0,128.0,145.96861267089844,145.68206787109375,0.2865447998046875
ns_lion_801,resnet50_tl_20250829,8,4,16,128,20.0,132.0,145.96861267089844,145.68258666992188,0.2860260009765625
ns_lion_801,resnet50_tl_20250829,8,4,16,132,20.0,136.0,145.96861267089844,145.8397216796875,0.1288909912109375
ns_lion_801,resnet50_tl_20250829,8,4,16,136,20.0,140.0,145.96861267089844,145.93409729003906,0.034515380859375
ns_lion_801,resnet50_tl_20250829,8,4,16,140,20.0,144.0,145.96861267089844,145.61695861816406,0.351654052734375
ns_lion_801,resnet50_tl_20250829,8,4,16,144,20.0,148.0,145.96861267089844,145.72879028320312,0.2398223876953125
ns_lion_801,resnet50_tl_20250829,8,4,16,148,20.0,152.0,145.96861267089844,145.77374267578125,0.1948699951171875
ns_lion_801,resnet50_tl_20250829,8,4,16,152,20.0,156.0,145.96861267089844,145.9361572265625,0.0324554443359375
ns_lion_801,resnet50_tl_20250829,8,4,16,156,20.0,160.0,145.96861267089844,145.6643524169922,0.30426025390625
ns_lion_801,resnet50_tl_20250829,8,4,16,160,20.0,164.0,145.96861267089844,145.724609375,0.2440032958984375
ns_lion_801,resnet50_tl_20250829,8,4,16,164,20.0,168.0,145.96861267089844,145.80287170410156,0.165740966796875
ns_lion_801,resnet50_tl_20250829,8,4,16,168,20.0,172.0,145.96861267089844,145.92210388183594,0.0465087890625
ns_lion_801,resnet50_tl_20250829,8,4,16,172,20.0,176.0,145.96861267089844,145.6398162841797,0.32879638671875
ns_lion_801,resnet50_tl_20250829,8,4,16,176,20.0,180.0,145.96861267089844,145.68222045898438,0.2863922119140625
ns_lion_801,resnet50_tl_20250829,8,4,16,180,20.0,184.0,145.96861267089844,145.77099609375,0.1976165771484375
ns_lion_801,resnet50_tl_20250829,8,4,16,184,20.0,188.0,145.96861267089844,145.93116760253906,0.037445068359375
ns_lion_801,resnet50_tl_20250829,8,4,16,188,20.0,192.0,145.96861267089844,145.65603637695312,0.3125762939453125
ns_lion_801,resnet50_tl_20250829,8,4,16,192,20.0,196.0,145.96861267089844,145.69569396972656,0.272918701171875
ns_lion_801,resnet50_tl_20250829,8,4,16,196,20.0,200.0,145.96861267089844,145.8042449951172,0.16436767578125
ns_lion_801,resnet50_tl_20250829,8,4,16,200,20.0,204.0,145.96861267089844,145.9424591064453,0.026153564453125
ns_lion_801,resnet50_tl_20250829,8,4,16,204,20.0,208.0,145.96861267089844,145.7751922607422,0.19342041015625
ns_lion_801,resnet50_tl_20250829,8,4,16,208,20.0,212.0,145.96861267089844,145.7804412841797,0.18817138671875
ns_lion_801,resnet50_tl_20250829,8,4,16,212,20.0,216.0,145.96861267089844,145.80284118652344,0.165771484375
ns_lion_801,resnet50_tl_20250829,8,4,16,216,20.0,220.0,145.96861267089844,145.865234375,0.1033782958984375
ns_lion_801,resnet50_tl_20250829,8,4,20,0,24.0,4.0,145.96861267089844,145.8875274658203,0.081085205078125
ns_lion_801,resnet50_tl_20250829,8,4,20,4,24.0,8.0,145.96861267089844,145.97747802734375,-0.0088653564453125
ns_lion_801,resnet50_tl_20250829,8,4,20,8,24.0,12.0,145.96861267089844,145.9881134033203,-0.019500732421875
ns_lion_801,resnet50_tl_20250829,8,4,20,12,24.0,16.0,145.96861267089844,145.930419921875,0.0381927490234375
ns_lion_801,resnet50_tl_20250829,8,4,20,16,24.0,20.0,145.96861267089844,145.8836669921875,0.0849456787109375
ns_lion_801,resnet50_tl_20250829,8,4,20,20,24.0,24.0,145.96861267089844,145.83786010742188,0.1307525634765625
ns_lion_801,resnet50_tl_20250829,8,4,20,24,24.0,28.0,145.96861267089844,145.87400817871094,0.0946044921875
ns_lion_801,resnet50_tl_20250829,8,4,20,28,24.0,32.0,145.96861267089844,145.9003448486328,0.068267822265625
ns_lion_801,resnet50_tl_20250829,8,4,20,32,24.0,36.0,145.96861267089844,145.95208740234375,0.0165252685546875
ns_lion_801,resnet50_tl_20250829,8,4,20,36,24.0,40.0,145.96861267089844,145.8647918701172,0.10382080078125
ns_lion_801,resnet50_tl_20250829,8,4,20,40,24.0,44.0,145.96861267089844,145.81024169921875,0.1583709716796875
ns_lion_801,resnet50_tl_20250829,8,4,20,44,24.0,48.0,145.96861267089844,145.74755859375,0.2210540771484375
ns_lion_801,resnet50_tl_20250829,8,4,20,48,24.0,52.0,145.96861267089844,145.9629669189453,0.005645751953125
ns_lion_801,resnet50_tl_20250829,8,4,20,52,24.0,56.0,145.96861267089844,146.12367248535156,-0.155059814453125
ns_lion_801,resnet50_tl_20250829,8,4,20,56,24.0,60.0,145.96861267089844,145.92831420898438,0.0402984619140625
ns_lion_801,resnet50_tl_20250829,8,4,20,60,24.0,64.0,145.96861267089844,145.8048858642578,0.163726806640625
ns_lion_801,resnet50_tl_20250829,8,4,20,64,24.0,68.0,145.96861267089844,145.94284057617188,0.0257720947265625
ns_lion_801,resnet50_tl_20250829,8,4,20,68,24.0,72.0,145.96861267089844,145.82620239257812,0.1424102783203125
ns_lion_801,resnet50_tl_20250829,8,4,20,72,24.0,76.0,145.96861267089844,145.84275817871094,0.1258544921875
ns_lion_801,resnet50_tl_20250829,8,4,20,76,24.0,80.0,145.96861267089844,145.73587036132812,0.2327423095703125
ns_lion_801,resnet50_tl_20250829,8,4,20,80,24.0,84.0,145.96861267089844,145.76513671875,0.2034759521484375
ns_lion_801,resnet50_tl_20250829,8,4,20,84,24.0,88.0,145.96861267089844,145.8096466064453,0.158966064453125
ns_lion_801,resnet50_tl_20250829,8,4,20,88,24.0,92.0,145.96861267089844,145.861328125,0.1072845458984375
ns_lion_801,resnet50_tl_20250829,8,4,20,92,24.0,96.0,145.96861267089844,145.73207092285156,0.236541748046875
ns_lion_801,resnet50_tl_20250829,8,4,20,96,24.0,100.0,145.96861267089844,145.81570434570312,0.1529083251953125
ns_lion_801,resnet50_tl_20250829,8,4,20,100,24.0,104.0,145.96861267089844,145.84373474121094,0.1248779296875
ns_lion_801,resnet50_tl_20250829,8,4,20,104,24.0,108.0,145.96861267089844,145.81080627441406,0.157806396484375
ns_lion_801,resnet50_tl_20250829,8,4,20,108,24.0,112.0,145.96861267089844,145.66537475585938,0.3032379150390625
ns_lion_801,resnet50_tl_20250829,8,4,20,112,24.0,116.0,145.96861267089844,145.7605743408203,0.208038330078125
ns_lion_801,resnet50_tl_20250829,8,4,20,116,24.0,120.0,145.96861267089844,145.93746948242188,0.0311431884765625
ns_lion_801,resnet50_tl_20250829,8,4,20,120,24.0,124.0,145.96861267089844,145.8751678466797,0.09344482421875
ns_lion_801,resnet50_tl_20250829,8,4,20,124,24.0,128.0,145.96861267089844,145.98219299316406,-0.013580322265625
ns_lion_801,resnet50_tl_20250829,8,4,20,128,24.0,132.0,145.96861267089844,145.96585083007812,0.0027618408203125
ns_lion_801,resnet50_tl_20250829,8,4,20,132,24.0,136.0,145.96861267089844,145.94017028808594,0.0284423828125
ns_lion_801,resnet50_tl_20250829,8,4,20,136,24.0,140.0,145.96861267089844,145.94223022460938,0.0263824462890625
ns_lion_801,resnet50_tl_20250829,8,4,20,140,24.0,144.0,145.96861267089844,145.84454345703125,0.1240692138671875
ns_lion_801,resnet50_tl_20250829,8,4,20,144,24.0,148.0,145.96861267089844,145.95802307128906,0.010589599609375
ns_lion_801,resnet50_tl_20250829,8,4,20,148,24.0,152.0,145.96861267089844,145.94821166992188,0.0204010009765625
ns_lion_801,resnet50_tl_20250829,8,4,20,152,24.0,156.0,145.96861267089844,145.98818969726562,-0.0195770263671875
ns_lion_801,resnet50_tl_20250829,8,4,20,156,24.0,160.0,145.96861267089844,145.9708709716797,-0.00225830078125
ns_lion_801,resnet50_tl_20250829,8,4,20,160,24.0,164.0,145.96861267089844,146.03736877441406,-0.068756103515625
ns_lion_801,resnet50_tl_20250829,8,4,20,164,24.0,168.0,145.96861267089844,146.01992797851562,-0.0513153076171875
ns_lion_801,resnet50_tl_20250829,8,4,20,168,24.0,172.0,145.96861267089844,145.98004150390625,-0.0114288330078125
ns_lion_801,resnet50_tl_20250829,8,4,20,172,24.0,176.0,145.96861267089844,145.93545532226562,0.0331573486328125
ns_lion_801,resnet50_tl_20250829,8,4,20,176,24.0,180.0,145.96861267089844,145.96144104003906,0.007171630859375
ns_lion_801,resnet50_tl_20250829,8,4,20,180,24.0,184.0,145.96861267089844,145.9435272216797,0.02508544921875
ns_lion_801,resnet50_tl_20250829,8,4,20,184,24.0,188.0,145.96861267089844,145.96902465820312,-0.0004119873046875
ns_lion_801,resnet50_tl_20250829,8,4,20,188,24.0,192.0,145.96861267089844,145.9385223388672,0.03009033203125
ns_lion_801,resnet50_tl_20250829,8,4,20,192,24.0,196.0,145.96861267089844,146.01722717285156,-0.048614501953125
ns_lion_801,resnet50_tl_20250829,8,4,20,196,24.0,200.0,145.96861267089844,145.94296264648438,0.0256500244140625
ns_lion_801,resnet50_tl_20250829,8,4,20,200,24.0,204.0,145.96861267089844,145.96275329589844,0.005859375
ns_lion_801,resnet50_tl_20250829,8,4,20,204,24.0,208.0,145.96861267089844,145.96751403808594,0.0010986328125
ns_lion_801,resnet50_tl_20250829,8,4,20,208,24.0,212.0,145.96861267089844,146.02032470703125,-0.0517120361328125
ns_lion_801,resnet50_tl_20250829,8,4,20,212,24.0,216.0,145.96861267089844,145.9086456298828,0.059967041015625
ns_lion_801,resnet50_tl_20250829,8,4,20,216,24.0,220.0,145.96861267089844,145.8563995361328,0.112213134765625
ns_lion_801,resnet50_tl_20250829,8,4,24,0,28.0,4.0,145.96861267089844,145.82379150390625,0.1448211669921875
ns_lion_801,resnet50_tl_20250829,8,4,24,4,28.0,8.0,145.96861267089844,145.9241943359375,0.0444183349609375
ns_lion_801,resnet50_tl_20250829,8,4,24,8,28.0,12.0,145.96861267089844,145.94375610351562,0.0248565673828125
ns_lion_801,resnet50_tl_20250829,8,4,24,12,28.0,16.0,145.96861267089844,145.89561462402344,0.072998046875
ns_lion_801,resnet50_tl_20250829,8,4,24,16,28.0,20.0,145.96861267089844,145.8812255859375,0.0873870849609375
ns_lion_801,resnet50_tl_20250829,8,4,24,20,28.0,24.0,145.96861267089844,145.7701416015625,0.1984710693359375
ns_lion_801,resnet50_tl_20250829,8,4,24,24,28.0,28.0,145.96861267089844,145.81932067871094,0.1492919921875
ns_lion_801,resnet50_tl_20250829,8,4,24,28,28.0,32.0,145.96861267089844,145.83653259277344,0.132080078125
ns_lion_801,resnet50_tl_20250829,8,4,24,32,28.0,36.0,145.96861267089844,145.89503479003906,0.073577880859375
ns_lion_801,resnet50_tl_20250829,8,4,24,36,28.0,40.0,145.96861267089844,145.81777954101562,0.1508331298828125
ns_lion_801,resnet50_tl_20250829,8,4,24,40,28.0,44.0,145.96861267089844,145.82504272460938,0.1435699462890625
ns_lion_801,resnet50_tl_20250829,8,4,24,44,28.0,48.0,145.96861267089844,145.89073181152344,0.077880859375
ns_lion_801,resnet50_tl_20250829,8,4,24,48,28.0,52.0,145.96861267089844,145.85305786132812,0.1155548095703125
ns_lion_801,resnet50_tl_20250829,8,4,24,52,28.0,56.0,145.96861267089844,145.93785095214844,0.03076171875
ns_lion_801,resnet50_tl_20250829,8,4,24,56,28.0,60.0,145.96861267089844,145.8657684326172,0.10284423828125
ns_lion_801,resnet50_tl_20250829,8,4,24,60,28.0,64.0,145.96861267089844,145.7574005126953,0.211212158203125
ns_lion_801,resnet50_tl_20250829,8,4,24,64,28.0,68.0,145.96861267089844,145.6940460205078,0.274566650390625
ns_lion_801,resnet50_tl_20250829,8,4,24,68,28.0,72.0,145.96861267089844,145.45559692382812,0.5130157470703125
ns_lion_801,resnet50_tl_20250829,8,4,24,72,28.0,76.0,145.96861267089844,145.39451599121094,0.5740966796875
ns_lion_801,resnet50_tl_20250829,8,4,24,76,28.0,80.0,145.96861267089844,145.40841674804688,0.5601959228515625
ns_lion_801,resnet50_tl_20250829,8,4,24,80,28.0,84.0,145.96861267089844,145.4308319091797,0.53778076171875
ns_lion_801,resnet50_tl_20250829,8,4,24,84,28.0,88.0,145.96861267089844,145.3977813720703,0.570831298828125
ns_lion_801,resnet50_tl_20250829,8,4,24,88,28.0,92.0,145.96861267089844,145.44496154785156,0.523651123046875
ns_lion_801,resnet50_tl_20250829,8,4,24,92,28.0,96.0,145.96861267089844,145.41876220703125,0.5498504638671875
ns_lion_801,resnet50_tl_20250829,8,4,24,96,28.0,100.0,145.96861267089844,145.50930786132812,0.4593048095703125
ns_lion_801,resnet50_tl_20250829,8,4,24,100,28.0,104.0,145.96861267089844,145.4318084716797,0.53680419921875
ns_lion_801,resnet50_tl_20250829,8,4,24,104,28.0,108.0,145.96861267089844,145.38916015625,0.5794525146484375
ns_lion_801,resnet50_tl_20250829,8,4,24,108,28.0,112.0,145.96861267089844,145.3762664794922,0.59234619140625
ns_lion_801,resnet50_tl_20250829,8,4,24,112,28.0,116.0,145.96861267089844,145.47872924804688,0.4898834228515625
ns_lion_801,resnet50_tl_20250829,8,4,24,116,28.0,120.0,145.96861267089844,145.62258911132812,0.3460235595703125
ns_lion_801,resnet50_tl_20250829,8,4,24,120,28.0,124.0,145.96861267089844,145.8092498779297,0.15936279296875
ns_lion_801,resnet50_tl_20250829,8,4,24,124,28.0,128.0,145.96861267089844,145.8388671875,0.1297454833984375
ns_lion_801,resnet50_tl_20250829,8,4,24,128,28.0,132.0,145.96861267089844,145.6282958984375,0.3403167724609375
ns_lion_801,resnet50_tl_20250829,8,4,24,132,28.0,136.0,145.96861267089844,145.76358032226562,0.2050323486328125
ns_lion_801,resnet50_tl_20250829,8,4,24,136,28.0,140.0,145.96861267089844,145.85781860351562,0.1107940673828125
ns_lion_801,resnet50_tl_20250829,8,4,24,140,28.0,144.0,145.96861267089844,145.82176208496094,0.1468505859375
ns_lion_801,resnet50_tl_20250829,8,4,24,144,28.0,148.0,145.96861267089844,145.8479461669922,0.12066650390625
ns_lion_801,resnet50_tl_20250829,8,4,24,148,28.0,152.0,145.96861267089844,145.91506958007812,0.0535430908203125
ns_lion_801,resnet50_tl_20250829,8,4,24,152,28.0,156.0,145.96861267089844,145.97161865234375,-0.0030059814453125
ns_lion_801,resnet50_tl_20250829,8,4,24,156,28.0,160.0,145.96861267089844,145.8134307861328,0.155181884765625
ns_lion_801,resnet50_tl_20250829,8,4,24,160,28.0,164.0,145.96861267089844,145.92449951171875,0.0441131591796875
ns_lion_801,resnet50_tl_20250829,8,4,24,164,28.0,168.0,145.96861267089844,145.9019012451172,0.06671142578125
ns_lion_801,resnet50_tl_20250829,8,4,24,168,28.0,172.0,145.96861267089844,145.94244384765625,0.0261688232421875
ns_lion_801,resnet50_tl_20250829,8,4,24,172,28.0,176.0,145.96861267089844,145.77671813964844,0.19189453125
ns_lion_801,resnet50_tl_20250829,8,4,24,176,28.0,180.0,145.96861267089844,145.80999755859375,0.1586151123046875
ns_lion_801,resnet50_tl_20250829,8,4,24,180,28.0,184.0,145.96861267089844,145.81210327148438,0.1565093994140625
ns_lion_801,resnet50_tl_20250829,8,4,24,184,28.0,188.0,145.96861267089844,145.93482971191406,0.033782958984375
ns_lion_801,resnet50_tl_20250829,8,4,24,188,28.0,192.0,145.96861267089844,145.8255157470703,0.143096923828125
ns_lion_801,resnet50_tl_20250829,8,4,24,192,28.0,196.0,145.96861267089844,145.8956756591797,0.07293701171875
ns_lion_801,resnet50_tl_20250829,8,4,24,196,28.0,200.0,145.96861267089844,145.85134887695312,0.1172637939453125
ns_lion_801,resnet50_tl_20250829,8,4,24,200,28.0,204.0,145.96861267089844,145.94345092773438,0.0251617431640625
ns_lion_801,resnet50_tl_20250829,8,4,24,204,28.0,208.0,145.96861267089844,145.94117736816406,0.027435302734375
ns_lion_801,resnet50_tl_20250829,8,4,24,208,28.0,212.0,145.96861267089844,145.97776794433594,-0.0091552734375
ns_lion_801,resnet50_tl_20250829,8,4,24,212,28.0,216.0,145.96861267089844,145.8794403076172,0.08917236328125
ns_lion_801,resnet50_tl_20250829,8,4,24,216,28.0,220.0,145.96861267089844,145.88055419921875,0.0880584716796875
ns_lion_801,resnet50_tl_20250829,8,4,28,0,32.0,4.0,145.96861267089844,145.5457763671875,0.4228363037109375
ns_lion_801,resnet50_tl_20250829,8,4,28,4,32.0,8.0,145.96861267089844,145.79344177246094,0.1751708984375
ns_lion_801,resnet50_tl_20250829,8,4,28,8,32.0,12.0,145.96861267089844,145.9125518798828,0.056060791015625
ns_lion_801,resnet50_tl_20250829,8,4,28,12,32.0,16.0,145.96861267089844,145.84181213378906,0.126800537109375
ns_lion_801,resnet50_tl_20250829,8,4,28,16,32.0,20.0,145.96861267089844,145.8475341796875,0.1210784912109375
ns_lion_801,resnet50_tl_20250829,8,4,28,20,32.0,24.0,145.96861267089844,145.8311004638672,0.13751220703125
ns_lion_801,resnet50_tl_20250829,8,4,28,24,32.0,28.0,145.96861267089844,145.82395935058594,0.1446533203125
ns_lion_801,resnet50_tl_20250829,8,4,28,28,32.0,32.0,145.96861267089844,145.828125,0.1404876708984375
ns_lion_801,resnet50_tl_20250829,8,4,28,32,32.0,36.0,145.96861267089844,145.8585968017578,0.110015869140625
ns_lion_801,resnet50_tl_20250829,8,4,28,36,32.0,40.0,145.96861267089844,145.805908203125,0.1627044677734375
ns_lion_801,resnet50_tl_20250829,8,4,28,40,32.0,44.0,145.96861267089844,145.75205993652344,0.216552734375
ns_lion_801,resnet50_tl_20250829,8,4,28,44,32.0,48.0,145.96861267089844,145.73500061035156,0.233612060546875
ns_lion_801,resnet50_tl_20250829,8,4,28,48,32.0,52.0,145.96861267089844,145.7779541015625,0.1906585693359375
ns_lion_801,resnet50_tl_20250829,8,4,28,52,32.0,56.0,145.96861267089844,145.82760620117188,0.1410064697265625
ns_lion_801,resnet50_tl_20250829,8,4,28,56,32.0,60.0,145.96861267089844,145.81455993652344,0.154052734375
ns_lion_801,resnet50_tl_20250829,8,4,28,60,32.0,64.0,145.96861267089844,145.74624633789062,0.2223663330078125
ns_lion_801,resnet50_tl_20250829,8,4,28,64,32.0,68.0,145.96861267089844,145.68966674804688,0.2789459228515625
ns_lion_801,resnet50_tl_20250829,8,4,28,68,32.0,72.0,145.96861267089844,145.55630493164062,0.4123077392578125
ns_lion_801,resnet50_tl_20250829,8,4,28,72,32.0,76.0,145.96861267089844,145.50592041015625,0.4626922607421875
ns_lion_801,resnet50_tl_20250829,8,4,28,76,32.0,80.0,145.96861267089844,145.4038848876953,0.564727783203125
ns_lion_801,resnet50_tl_20250829,8,4,28,80,32.0,84.0,145.96861267089844,145.53778076171875,0.4308319091796875
ns_lion_801,resnet50_tl_20250829,8,4,28,84,32.0,88.0,145.96861267089844,145.5592803955078,0.409332275390625
ns_lion_801,resnet50_tl_20250829,8,4,28,88,32.0,92.0,145.96861267089844,145.55206298828125,0.4165496826171875
ns_lion_801,resnet50_tl_20250829,8,4,28,92,32.0,96.0,145.96861267089844,145.463623046875,0.5049896240234375
ns_lion_801,resnet50_tl_20250829,8,4,28,96,32.0,100.0,145.96861267089844,145.58119201660156,0.387420654296875
ns_lion_801,resnet50_tl_20250829,8,4,28,100,32.0,104.0,145.96861267089844,145.56520080566406,0.403411865234375
ns_lion_801,resnet50_tl_20250829,8,4,28,104,32.0,108.0,145.96861267089844,145.5131072998047,0.45550537109375
ns_lion_801,resnet50_tl_20250829,8,4,28,108,32.0,112.0,145.96861267089844,145.4134521484375,0.5551605224609375
ns_lion_801,resnet50_tl_20250829,8,4,28,112,32.0,116.0,145.96861267089844,145.55882263183594,0.4097900390625
ns_lion_801,resnet50_tl_20250829,8,4,28,116,32.0,120.0,145.96861267089844,145.73312377929688,0.2354888916015625
ns_lion_801,resnet50_tl_20250829,8,4,28,120,32.0,124.0,145.96861267089844,145.83737182617188,0.1312408447265625
ns_lion_801,resnet50_tl_20250829,8,4,28,124,32.0,128.0,145.96861267089844,145.6913604736328,0.277252197265625
ns_lion_801,resnet50_tl_20250829,8,4,28,128,32.0,132.0,145.96861267089844,145.657958984375,0.3106536865234375
ns_lion_801,resnet50_tl_20250829,8,4,28,132,32.0,136.0,145.96861267089844,145.77035522460938,0.1982574462890625
ns_lion_801,resnet50_tl_20250829,8,4,28,136,32.0,140.0,145.96861267089844,145.83853149414062,0.1300811767578125
ns_lion_801,resnet50_tl_20250829,8,4,28,140,32.0,144.0,145.96861267089844,145.6705322265625,0.2980804443359375
ns_lion_801,resnet50_tl_20250829,8,4,28,144,32.0,148.0,145.96861267089844,145.77532958984375,0.1932830810546875
ns_lion_801,resnet50_tl_20250829,8,4,28,148,32.0,152.0,145.96861267089844,146.03282165527344,-0.064208984375
ns_lion_801,resnet50_tl_20250829,8,4,28,152,32.0,156.0,145.96861267089844,146.0255126953125,-0.0569000244140625
ns_lion_801,resnet50_tl_20250829,8,4,28,156,32.0,160.0,145.96861267089844,145.64523315429688,0.3233795166015625
ns_lion_801,resnet50_tl_20250829,8,4,28,160,32.0,164.0,145.96861267089844,145.71527099609375,0.2533416748046875
ns_lion_801,resnet50_tl_20250829,8,4,28,164,32.0,168.0,145.96861267089844,146.00848388671875,-0.0398712158203125
ns_lion_801,resnet50_tl_20250829,8,4,28,168,32.0,172.0,145.96861267089844,146.00579833984375,-0.0371856689453125
ns_lion_801,resnet50_tl_20250829,8,4,28,172,32.0,176.0,145.96861267089844,145.73878479003906,0.229827880859375
ns_lion_801,resnet50_tl_20250829,8,4,28,176,32.0,180.0,145.96861267089844,145.67477416992188,0.2938385009765625
ns_lion_801,resnet50_tl_20250829,8,4,28,180,32.0,184.0,145.96861267089844,145.89669799804688,0.0719146728515625
ns_lion_801,resnet50_tl_20250829,8,4,28,184,32.0,188.0,145.96861267089844,146.00323486328125,-0.0346221923828125
ns_lion_801,resnet50_tl_20250829,8,4,28,188,32.0,192.0,145.96861267089844,145.71575927734375,0.2528533935546875
ns_lion_801,resnet50_tl_20250829,8,4,28,192,32.0,196.0,145.96861267089844,145.75885009765625,0.2097625732421875
ns_lion_801,resnet50_tl_20250829,8,4,28,196,32.0,200.0,145.96861267089844,145.8783721923828,0.090240478515625
ns_lion_801,resnet50_tl_20250829,8,4,28,200,32.0,204.0,145.96861267089844,145.9981689453125,-0.0295562744140625
ns_lion_801,resnet50_tl_20250829,8,4,28,204,32.0,208.0,145.96861267089844,145.88182067871094,0.0867919921875
ns_lion_801,resnet50_tl_20250829,8,4,28,208,32.0,212.0,145.96861267089844,145.8832550048828,0.085357666015625
ns_lion_801,resnet50_tl_20250829,8,4,28,212,32.0,216.0,145.96861267089844,145.88662719726562,0.0819854736328125
ns_lion_801,resnet50_tl_20250829,8,4,28,216,32.0,220.0,145.96861267089844,145.9026336669922,0.06597900390625
ns_lion_801,resnet50_tl_20250829,8,4,32,0,36.0,4.0,145.96861267089844,145.68238830566406,0.286224365234375
ns_lion_801,resnet50_tl_20250829,8,4,32,4,36.0,8.0,145.96861267089844,145.80567932128906,0.162933349609375
ns_lion_801,resnet50_tl_20250829,8,4,32,8,36.0,12.0,145.96861267089844,145.92530822753906,0.043304443359375
ns_lion_801,resnet50_tl_20250829,8,4,32,12,36.0,16.0,145.96861267089844,145.85621643066406,0.112396240234375
ns_lion_801,resnet50_tl_20250829,8,4,32,16,36.0,20.0,145.96861267089844,145.88259887695312,0.0860137939453125
ns_lion_801,resnet50_tl_20250829,8,4,32,20,36.0,24.0,145.96861267089844,145.8593292236328,0.109283447265625
ns_lion_801,resnet50_tl_20250829,8,4,32,24,36.0,28.0,145.96861267089844,145.9031524658203,0.065460205078125
ns_lion_801,resnet50_tl_20250829,8,4,32,28,36.0,32.0,145.96861267089844,145.8677520751953,0.100860595703125
ns_lion_801,resnet50_tl_20250829,8,4,32,32,36.0,36.0,145.96861267089844,145.90805053710938,0.0605621337890625
ns_lion_801,resnet50_tl_20250829,8,4,32,36,36.0,40.0,145.96861267089844,145.8009796142578,0.167633056640625
ns_lion_801,resnet50_tl_20250829,8,4,32,40,36.0,44.0,145.96861267089844,145.8004150390625,0.1681976318359375
ns_lion_801,resnet50_tl_20250829,8,4,32,44,36.0,48.0,145.96861267089844,145.72283935546875,0.2457733154296875
ns_lion_801,resnet50_tl_20250829,8,4,32,48,36.0,52.0,145.96861267089844,145.73617553710938,0.2324371337890625
ns_lion_801,resnet50_tl_20250829,8,4,32,52,36.0,56.0,145.96861267089844,145.85556030273438,0.1130523681640625
ns_lion_801,resnet50_tl_20250829,8,4,32,56,36.0,60.0,145.96861267089844,145.869140625,0.0994720458984375
ns_lion_801,resnet50_tl_20250829,8,4,32,60,36.0,64.0,145.96861267089844,145.8806915283203,0.087921142578125
ns_lion_801,resnet50_tl_20250829,8,4,32,64,36.0,68.0,145.96861267089844,145.8428955078125,0.1257171630859375
ns_lion_801,resnet50_tl_20250829,8,4,32,68,36.0,72.0,145.96861267089844,145.7815399169922,0.18707275390625
ns_lion_801,resnet50_tl_20250829,8,4,32,72,36.0,76.0,145.96861267089844,145.78390502929688,0.1847076416015625
ns_lion_801,resnet50_tl_20250829,8,4,32,76,36.0,80.0,145.96861267089844,145.73045349121094,0.2381591796875
ns_lion_801,resnet50_tl_20250829,8,4,32,80,36.0,84.0,145.96861267089844,145.81021118164062,0.1584014892578125
ns_lion_801,resnet50_tl_20250829,8,4,32,84,36.0,88.0,145.96861267089844,145.77725219726562,0.1913604736328125
ns_lion_801,resnet50_tl_20250829,8,4,32,88,36.0,92.0,145.96861267089844,145.77218627929688,0.1964263916015625
ns_lion_801,resnet50_tl_20250829,8,4,32,92,36.0,96.0,145.96861267089844,145.74496459960938,0.2236480712890625
ns_lion_801,resnet50_tl_20250829,8,4,32,96,36.0,100.0,145.96861267089844,145.82733154296875,0.1412811279296875
ns_lion_801,resnet50_tl_20250829,8,4,32,100,36.0,104.0,145.96861267089844,145.76620483398438,0.2024078369140625
ns_lion_801,resnet50_tl_20250829,8,4,32,104,36.0,108.0,145.96861267089844,145.78111267089844,0.1875
ns_lion_801,resnet50_tl_20250829,8,4,32,108,36.0,112.0,145.96861267089844,145.77700805664062,0.1916046142578125
ns_lion_801,resnet50_tl_20250829,8,4,32,112,36.0,116.0,145.96861267089844,145.81214904785156,0.156463623046875
ns_lion_801,resnet50_tl_20250829,8,4,32,116,36.0,120.0,145.96861267089844,145.85438537597656,0.114227294921875
ns_lion_801,resnet50_tl_20250829,8,4,32,120,36.0,124.0,145.96861267089844,145.9020233154297,0.06658935546875
ns_lion_801,resnet50_tl_20250829,8,4,32,124,36.0,128.0,145.96861267089844,145.70977783203125,0.2588348388671875
ns_lion_801,resnet50_tl_20250829,8,4,32,128,36.0,132.0,145.96861267089844,145.75579833984375,0.2128143310546875
ns_lion_801,resnet50_tl_20250829,8,4,32,132,36.0,136.0,145.96861267089844,145.85633850097656,0.112274169921875
ns_lion_801,resnet50_tl_20250829,8,4,32,136,36.0,140.0,145.96861267089844,145.81350708007812,0.1551055908203125
ns_lion_801,resnet50_tl_20250829,8,4,32,140,36.0,144.0,145.96861267089844,145.70680236816406,0.261810302734375
ns_lion_801,resnet50_tl_20250829,8,4,32,144,36.0,148.0,145.96861267089844,145.7650146484375,0.2035980224609375
ns_lion_801,resnet50_tl_20250829,8,4,32,148,36.0,152.0,145.96861267089844,146.0496063232422,-0.08099365234375
ns_lion_801,resnet50_tl_20250829,8,4,32,152,36.0,156.0,145.96861267089844,145.96731567382812,0.0012969970703125
ns_lion_801,resnet50_tl_20250829,8,4,32,156,36.0,160.0,145.96861267089844,145.59829711914062,0.3703155517578125
ns_lion_801,resnet50_tl_20250829,8,4,32,160,36.0,164.0,145.96861267089844,145.66514587402344,0.303466796875
ns_lion_801,resnet50_tl_20250829,8,4,32,164,36.0,168.0,145.96861267089844,145.91558837890625,0.0530242919921875
ns_lion_801,resnet50_tl_20250829,8,4,32,168,36.0,172.0,145.96861267089844,146.0101318359375,-0.0415191650390625
ns_lion_801,resnet50_tl_20250829,8,4,32,172,36.0,176.0,145.96861267089844,145.72152709960938,0.2470855712890625
ns_lion_801,resnet50_tl_20250829,8,4,32,176,36.0,180.0,145.96861267089844,145.69122314453125,0.2773895263671875
ns_lion_801,resnet50_tl_20250829,8,4,32,180,36.0,184.0,145.96861267089844,145.80494689941406,0.163665771484375
ns_lion_801,resnet50_tl_20250829,8,4,32,184,36.0,188.0,145.96861267089844,145.95498657226562,0.0136260986328125
ns_lion_801,resnet50_tl_20250829,8,4,32,188,36.0,192.0,145.96861267089844,145.72805786132812,0.2405548095703125
ns_lion_801,resnet50_tl_20250829,8,4,32,192,36.0,196.0,145.96861267089844,145.78744506835938,0.1811676025390625
ns_lion_801,resnet50_tl_20250829,8,4,32,196,36.0,200.0,145.96861267089844,145.8658447265625,0.1027679443359375
ns_lion_801,resnet50_tl_20250829,8,4,32,200,36.0,204.0,145.96861267089844,145.96353149414062,0.0050811767578125
ns_lion_801,resnet50_tl_20250829,8,4,32,204,36.0,208.0,145.96861267089844,145.87005615234375,0.0985565185546875
ns_lion_801,resnet50_tl_20250829,8,4,32,208,36.0,212.0,145.96861267089844,145.8824005126953,0.086212158203125
ns_lion_801,resnet50_tl_20250829,8,4,32,212,36.0,216.0,145.96861267089844,145.8805389404297,0.08807373046875
ns_lion_801,resnet50_tl_20250829,8,4,32,216,36.0,220.0,145.96861267089844,145.93003845214844,0.03857421875
ns_lion_801,resnet50_tl_20250829,8,4,36,0,40.0,4.0,145.96861267089844,145.84657287597656,0.122039794921875
ns_lion_801,resnet50_tl_20250829,8,4,36,4,40.0,8.0,145.96861267089844,145.8613739013672,0.10723876953125
ns_lion_801,resnet50_tl_20250829,8,4,36,8,40.0,12.0,145.96861267089844,145.91831970214844,0.05029296875
ns_lion_801,resnet50_tl_20250829,8,4,36,12,40.0,16.0,145.96861267089844,145.8708038330078,0.097808837890625
ns_lion_801,resnet50_tl_20250829,8,4,36,16,40.0,20.0,145.96861267089844,145.8522491455078,0.116363525390625
ns_lion_801,resnet50_tl_20250829,8,4,36,20,40.0,24.0,145.96861267089844,145.87100219726562,0.0976104736328125
ns_lion_801,resnet50_tl_20250829,8,4,36,24,40.0,28.0,145.96861267089844,145.89842224121094,0.0701904296875
ns_lion_801,resnet50_tl_20250829,8,4,36,28,40.0,32.0,145.96861267089844,145.8900909423828,0.078521728515625
ns_lion_801,resnet50_tl_20250829,8,4,36,32,40.0,36.0,145.96861267089844,145.87640380859375,0.0922088623046875
ns_lion_801,resnet50_tl_20250829,8,4,36,36,40.0,40.0,145.96861267089844,145.75289916992188,0.2157135009765625
ns_lion_801,resnet50_tl_20250829,8,4,36,40,40.0,44.0,145.96861267089844,145.79623413085938,0.1723785400390625
ns_lion_801,resnet50_tl_20250829,8,4,36,44,40.0,48.0,145.96861267089844,145.75875854492188,0.2098541259765625
ns_lion_801,resnet50_tl_20250829,8,4,36,48,40.0,52.0,145.96861267089844,145.7056121826172,0.26300048828125
ns_lion_801,resnet50_tl_20250829,8,4,36,52,40.0,56.0,145.96861267089844,145.69004821777344,0.278564453125
ns_lion_801,resnet50_tl_20250829,8,4,36,56,40.0,60.0,145.96861267089844,145.70884704589844,0.259765625
ns_lion_801,resnet50_tl_20250829,8,4,36,60,40.0,64.0,145.96861267089844,145.7516326904297,0.21697998046875
ns_lion_801,resnet50_tl_20250829,8,4,36,64,40.0,68.0,145.96861267089844,145.7467041015625,0.2219085693359375
ns_lion_801,resnet50_tl_20250829,8,4,36,68,40.0,72.0,145.96861267089844,145.66650390625,0.3021087646484375
ns_lion_801,resnet50_tl_20250829,8,4,36,72,40.0,76.0,145.96861267089844,145.69635009765625,0.2722625732421875
ns_lion_801,resnet50_tl_20250829,8,4,36,76,40.0,80.0,145.96861267089844,145.73342895507812,0.2351837158203125
ns_lion_801,resnet50_tl_20250829,8,4,36,80,40.0,84.0,145.96861267089844,145.703369140625,0.2652435302734375
ns_lion_801,resnet50_tl_20250829,8,4,36,84,40.0,88.0,145.96861267089844,145.66561889648438,0.3029937744140625
ns_lion_801,resnet50_tl_20250829,8,4,36,88,40.0,92.0,145.96861267089844,145.67066955566406,0.297943115234375
ns_lion_801,resnet50_tl_20250829,8,4,36,92,40.0,96.0,145.96861267089844,145.692626953125,0.2759857177734375
ns_lion_801,resnet50_tl_20250829,8,4,36,96,40.0,100.0,145.96861267089844,145.69871520996094,0.2698974609375
ns_lion_801,resnet50_tl_20250829,8,4,36,100,40.0,104.0,145.96861267089844,145.66357421875,0.3050384521484375
ns_lion_801,resnet50_tl_20250829,8,4,36,104,40.0,108.0,145.96861267089844,145.7177734375,0.2508392333984375
ns_lion_801,resnet50_tl_20250829,8,4,36,108,40.0,112.0,145.96861267089844,145.76177978515625,0.2068328857421875
ns_lion_801,resnet50_tl_20250829,8,4,36,112,40.0,116.0,145.96861267089844,145.7444305419922,0.22418212890625
ns_lion_801,resnet50_tl_20250829,8,4,36,116,40.0,120.0,145.96861267089844,145.72386169433594,0.2447509765625
ns_lion_801,resnet50_tl_20250829,8,4,36,120,40.0,124.0,145.96861267089844,145.79148864746094,0.1771240234375
ns_lion_801,resnet50_tl_20250829,8,4,36,124,40.0,128.0,145.96861267089844,145.78038024902344,0.188232421875
ns_lion_801,resnet50_tl_20250829,8,4,36,128,40.0,132.0,145.96861267089844,145.8047637939453,0.163848876953125
ns_lion_801,resnet50_tl_20250829,8,4,36,132,40.0,136.0,145.96861267089844,145.78184509277344,0.186767578125
ns_lion_801,resnet50_tl_20250829,8,4,36,136,40.0,140.0,145.96861267089844,145.78961181640625,0.1790008544921875
ns_lion_801,resnet50_tl_20250829,8,4,36,140,40.0,144.0,145.96861267089844,145.83267211914062,0.1359405517578125
ns_lion_801,resnet50_tl_20250829,8,4,36,144,40.0,148.0,145.96861267089844,146.02261352539062,-0.0540008544921875
ns_lion_801,resnet50_tl_20250829,8,4,36,148,40.0,152.0,145.96861267089844,146.08969116210938,-0.1210784912109375
ns_lion_801,resnet50_tl_20250829,8,4,36,152,40.0,156.0,145.96861267089844,146.04620361328125,-0.0775909423828125
ns_lion_801,resnet50_tl_20250829,8,4,36,156,40.0,160.0,145.96861267089844,145.9022674560547,0.06634521484375
ns_lion_801,resnet50_tl_20250829,8,4,36,160,40.0,164.0,145.96861267089844,145.96200561523438,0.0066070556640625
ns_lion_801,resnet50_tl_20250829,8,4,36,164,40.0,168.0,145.96861267089844,146.03460693359375,-0.0659942626953125
ns_lion_801,resnet50_tl_20250829,8,4,36,168,40.0,172.0,145.96861267089844,146.04086303710938,-0.0722503662109375
ns_lion_801,resnet50_tl_20250829,8,4,36,172,40.0,176.0,145.96861267089844,146.03028869628906,-0.061676025390625
ns_lion_801,resnet50_tl_20250829,8,4,36,176,40.0,180.0,145.96861267089844,145.98147583007812,-0.0128631591796875
ns_lion_801,resnet50_tl_20250829,8,4,36,180,40.0,184.0,145.96861267089844,145.98492431640625,-0.0163116455078125
ns_lion_801,resnet50_tl_20250829,8,4,36,184,40.0,188.0,145.96861267089844,145.96798706054688,0.0006256103515625
ns_lion_801,resnet50_tl_20250829,8,4,36,188,40.0,192.0,145.96861267089844,145.95431518554688,0.0142974853515625
ns_lion_801,resnet50_tl_20250829,8,4,36,192,40.0,196.0,145.96861267089844,146.017822265625,-0.0492095947265625
ns_lion_801,resnet50_tl_20250829,8,4,36,196,40.0,200.0,145.96861267089844,145.95498657226562,0.0136260986328125
ns_lion_801,resnet50_tl_20250829,8,4,36,200,40.0,204.0,145.96861267089844,145.96176147460938,0.0068511962890625
ns_lion_801,resnet50_tl_20250829,8,4,36,204,40.0,208.0,145.96861267089844,145.97488403320312,-0.0062713623046875
ns_lion_801,resnet50_tl_20250829,8,4,36,208,40.0,212.0,145.96861267089844,146.0131072998047,-0.04449462890625
ns_lion_801,resnet50_tl_20250829,8,4,36,212,40.0,216.0,145.96861267089844,145.94219970703125,0.0264129638671875
ns_lion_801,resnet50_tl_20250829,8,4,36,216,40.0,220.0,145.96861267089844,145.91534423828125,0.0532684326171875
ns_lion_801,resnet50_tl_20250829,8,4,40,0,44.0,4.0,145.96861267089844,145.91065979003906,0.057952880859375
ns_lion_801,resnet50_tl_20250829,8,4,40,4,44.0,8.0,145.96861267089844,145.91506958007812,0.0535430908203125
ns_lion_801,resnet50_tl_20250829,8,4,40,8,44.0,12.0,145.96861267089844,145.94065856933594,0.0279541015625
ns_lion_801,resnet50_tl_20250829,8,4,40,12,44.0,16.0,145.96861267089844,145.83749389648438,0.1311187744140625
ns_lion_801,resnet50_tl_20250829,8,4,40,16,44.0,20.0,145.96861267089844,145.85894775390625,0.1096649169921875
ns_lion_801,resnet50_tl_20250829,8,4,40,20,44.0,24.0,145.96861267089844,145.8498992919922,0.11871337890625
ns_lion_801,resnet50_tl_20250829,8,4,40,24,44.0,28.0,145.96861267089844,145.83433532714844,0.13427734375
ns_lion_801,resnet50_tl_20250829,8,4,40,28,44.0,32.0,145.96861267089844,145.81246948242188,0.1561431884765625
ns_lion_801,resnet50_tl_20250829,8,4,40,32,44.0,36.0,145.96861267089844,145.85757446289062,0.1110382080078125
ns_lion_801,resnet50_tl_20250829,8,4,40,36,44.0,40.0,145.96861267089844,145.74630737304688,0.2223052978515625
ns_lion_801,resnet50_tl_20250829,8,4,40,40,44.0,44.0,145.96861267089844,145.77090454101562,0.1977081298828125
ns_lion_801,resnet50_tl_20250829,8,4,40,44,44.0,48.0,145.96861267089844,145.7603302001953,0.208282470703125
ns_lion_801,resnet50_tl_20250829,8,4,40,48,44.0,52.0,145.96861267089844,145.7777862548828,0.190826416015625
ns_lion_801,resnet50_tl_20250829,8,4,40,52,44.0,56.0,145.96861267089844,145.66537475585938,0.3032379150390625
ns_lion_801,resnet50_tl_20250829,8,4,40,56,44.0,60.0,145.96861267089844,145.6506805419922,0.31793212890625
ns_lion_801,resnet50_tl_20250829,8,4,40,60,44.0,64.0,145.96861267089844,145.69952392578125,0.2690887451171875
ns_lion_801,resnet50_tl_20250829,8,4,40,64,44.0,68.0,145.96861267089844,145.7278289794922,0.24078369140625
ns_lion_801,resnet50_tl_20250829,8,4,40,68,44.0,72.0,145.96861267089844,145.6293487548828,0.339263916015625
ns_lion_801,resnet50_tl_20250829,8,4,40,72,44.0,76.0,145.96861267089844,145.6792755126953,0.289337158203125
ns_lion_801,resnet50_tl_20250829,8,4,40,76,44.0,80.0,145.96861267089844,145.67807006835938,0.2905426025390625
ns_lion_801,resnet50_tl_20250829,8,4,40,80,44.0,84.0,145.96861267089844,145.7257843017578,0.242828369140625
ns_lion_801,resnet50_tl_20250829,8,4,40,84,44.0,88.0,145.96861267089844,145.61875915527344,0.349853515625
ns_lion_801,resnet50_tl_20250829,8,4,40,88,44.0,92.0,145.96861267089844,145.66546630859375,0.3031463623046875
ns_lion_801,resnet50_tl_20250829,8,4,40,92,44.0,96.0,145.96861267089844,145.6655731201172,0.30303955078125
ns_lion_801,resnet50_tl_20250829,8,4,40,96,44.0,100.0,145.96861267089844,145.71592712402344,0.252685546875
ns_lion_801,resnet50_tl_20250829,8,4,40,100,44.0,104.0,145.96861267089844,145.63137817382812,0.3372344970703125
ns_lion_801,resnet50_tl_20250829,8,4,40,104,44.0,108.0,145.96861267089844,145.69776916503906,0.270843505859375
ns_lion_801,resnet50_tl_20250829,8,4,40,108,44.0,112.0,145.96861267089844,145.6967315673828,0.271881103515625
ns_lion_801,resnet50_tl_20250829,8,4,40,112,44.0,116.0,145.96861267089844,145.7539520263672,0.21466064453125
ns_lion_801,resnet50_tl_20250829,8,4,40,116,44.0,120.0,145.96861267089844,145.6471710205078,0.321441650390625
ns_lion_801,resnet50_tl_20250829,8,4,40,120,44.0,124.0,145.96861267089844,145.706298828125,0.2623138427734375
ns_lion_801,resnet50_tl_20250829,8,4,40,124,44.0,128.0,145.96861267089844,145.7393035888672,0.22930908203125
ns_lion_801,resnet50_tl_20250829,8,4,40,128,44.0,132.0,145.96861267089844,145.75119018554688,0.2174224853515625
ns_lion_801,resnet50_tl_20250829,8,4,40,132,44.0,136.0,145.96861267089844,145.72750854492188,0.2411041259765625
ns_lion_801,resnet50_tl_20250829,8,4,40,136,44.0,140.0,145.96861267089844,145.83480834960938,0.1338043212890625
ns_lion_801,resnet50_tl_20250829,8,4,40,140,44.0,144.0,145.96861267089844,145.85809326171875,0.1105194091796875
ns_lion_801,resnet50_tl_20250829,8,4,40,144,44.0,148.0,145.96861267089844,145.96067810058594,0.0079345703125
ns_lion_801,resnet50_tl_20250829,8,4,40,148,44.0,152.0,145.96861267089844,145.93309020996094,0.0355224609375
ns_lion_801,resnet50_tl_20250829,8,4,40,152,44.0,156.0,145.96861267089844,146.01206970214844,-0.04345703125
ns_lion_801,resnet50_tl_20250829,8,4,40,156,44.0,160.0,145.96861267089844,145.93325805664062,0.0353546142578125
ns_lion_801,resnet50_tl_20250829,8,4,40,160,44.0,164.0,145.96861267089844,145.8410186767578,0.127593994140625
ns_lion_801,resnet50_tl_20250829,8,4,40,164,44.0,168.0,145.96861267089844,145.86270141601562,0.1059112548828125
ns_lion_801,resnet50_tl_20250829,8,4,40,168,44.0,172.0,145.96861267089844,145.97364807128906,-0.005035400390625
ns_lion_801,resnet50_tl_20250829,8,4,40,172,44.0,176.0,145.96861267089844,145.88919067382812,0.0794219970703125
ns_lion_801,resnet50_tl_20250829,8,4,40,176,44.0,180.0,145.96861267089844,145.92198181152344,0.046630859375
ns_lion_801,resnet50_tl_20250829,8,4,40,180,44.0,184.0,145.96861267089844,145.87913513183594,0.0894775390625
ns_lion_801,resnet50_tl_20250829,8,4,40,184,44.0,188.0,145.96861267089844,145.96383666992188,0.0047760009765625
ns_lion_801,resnet50_tl_20250829,8,4,40,188,44.0,192.0,145.96861267089844,145.9178466796875,0.0507659912109375
ns_lion_801,resnet50_tl_20250829,8,4,40,192,44.0,196.0,145.96861267089844,145.9532012939453,0.015411376953125
ns_lion_801,resnet50_tl_20250829,8,4,40,196,44.0,200.0,145.96861267089844,145.90650939941406,0.062103271484375
ns_lion_801,resnet50_tl_20250829,8,4,40,200,44.0,204.0,145.96861267089844,145.94796752929688,0.0206451416015625
ns_lion_801,resnet50_tl_20250829,8,4,40,204,44.0,208.0,145.96861267089844,145.95310974121094,0.0155029296875
ns_lion_801,resnet50_tl_20250829,8,4,40,208,44.0,212.0,145.96861267089844,145.96640014648438,0.0022125244140625
ns_lion_801,resnet50_tl_20250829,8,4,40,212,44.0,216.0,145.96861267089844,145.9155731201172,0.05303955078125
ns_lion_801,resnet50_tl_20250829,8,4,40,216,44.0,220.0,145.96861267089844,145.92665100097656,0.041961669921875
ns_lion_801,resnet50_tl_20250829,8,4,44,0,48.0,4.0,145.96861267089844,145.86251831054688,0.1060943603515625
ns_lion_801,resnet50_tl_20250829,8,4,44,4,48.0,8.0,145.96861267089844,145.9405517578125,0.0280609130859375
ns_lion_801,resnet50_tl_20250829,8,4,44,8,48.0,12.0,145.96861267089844,145.90101623535156,0.067596435546875
ns_lion_801,resnet50_tl_20250829,8,4,44,12,48.0,16.0,145.96861267089844,145.86891174316406,0.099700927734375
ns_lion_801,resnet50_tl_20250829,8,4,44,16,48.0,20.0,145.96861267089844,145.85992431640625,0.1086883544921875
ns_lion_801,resnet50_tl_20250829,8,4,44,20,48.0,24.0,145.96861267089844,145.8724822998047,0.09613037109375
ns_lion_801,resnet50_tl_20250829,8,4,44,24,48.0,28.0,145.96861267089844,145.81932067871094,0.1492919921875
ns_lion_801,resnet50_tl_20250829,8,4,44,28,48.0,32.0,145.96861267089844,145.8046112060547,0.16400146484375
ns_lion_801,resnet50_tl_20250829,8,4,44,32,48.0,36.0,145.96861267089844,145.80657958984375,0.1620330810546875
ns_lion_801,resnet50_tl_20250829,8,4,44,36,48.0,40.0,145.96861267089844,145.83836364746094,0.1302490234375
ns_lion_801,resnet50_tl_20250829,8,4,44,40,48.0,44.0,145.96861267089844,145.78695678710938,0.1816558837890625
ns_lion_801,resnet50_tl_20250829,8,4,44,44,48.0,48.0,145.96861267089844,145.76528930664062,0.2033233642578125
ns_lion_801,resnet50_tl_20250829,8,4,44,48,48.0,52.0,145.96861267089844,145.70948791503906,0.259124755859375
ns_lion_801,resnet50_tl_20250829,8,4,44,52,48.0,56.0,145.96861267089844,145.74008178710938,0.2285308837890625
ns_lion_801,resnet50_tl_20250829,8,4,44,56,48.0,60.0,145.96861267089844,145.64866638183594,0.3199462890625
ns_lion_801,resnet50_tl_20250829,8,4,44,60,48.0,64.0,145.96861267089844,145.62843322753906,0.340179443359375
ns_lion_801,resnet50_tl_20250829,8,4,44,64,48.0,68.0,145.96861267089844,145.6095733642578,0.359039306640625
ns_lion_801,resnet50_tl_20250829,8,4,44,68,48.0,72.0,145.96861267089844,145.6668243408203,0.301788330078125
ns_lion_801,resnet50_tl_20250829,8,4,44,72,48.0,76.0,145.96861267089844,145.62193298339844,0.3466796875
ns_lion_801,resnet50_tl_20250829,8,4,44,76,48.0,80.0,145.96861267089844,145.6929931640625,0.2756195068359375
ns_lion_801,resnet50_tl_20250829,8,4,44,80,48.0,84.0,145.96861267089844,145.6671905517578,0.301422119140625
ns_lion_801,resnet50_tl_20250829,8,4,44,84,48.0,88.0,145.96861267089844,145.6984100341797,0.27020263671875
ns_lion_801,resnet50_tl_20250829,8,4,44,88,48.0,92.0,145.96861267089844,145.65078735351562,0.3178253173828125
ns_lion_801,resnet50_tl_20250829,8,4,44,92,48.0,96.0,145.96861267089844,145.67034912109375,0.2982635498046875
ns_lion_801,resnet50_tl_20250829,8,4,44,96,48.0,100.0,145.96861267089844,145.63438415527344,0.334228515625
ns_lion_801,resnet50_tl_20250829,8,4,44,100,48.0,104.0,145.96861267089844,145.68536376953125,0.2832489013671875
ns_lion_801,resnet50_tl_20250829,8,4,44,104,48.0,108.0,145.96861267089844,145.6746826171875,0.2939300537109375
ns_lion_801,resnet50_tl_20250829,8,4,44,108,48.0,112.0,145.96861267089844,145.70205688476562,0.2665557861328125
ns_lion_801,resnet50_tl_20250829,8,4,44,112,48.0,116.0,145.96861267089844,145.6885986328125,0.2800140380859375
ns_lion_801,resnet50_tl_20250829,8,4,44,116,48.0,120.0,145.96861267089844,145.70675659179688,0.2618560791015625
ns_lion_801,resnet50_tl_20250829,8,4,44,120,48.0,124.0,145.96861267089844,145.7372283935547,0.23138427734375
ns_lion_801,resnet50_tl_20250829,8,4,44,124,48.0,128.0,145.96861267089844,145.73439025878906,0.234222412109375
ns_lion_801,resnet50_tl_20250829,8,4,44,128,48.0,132.0,145.96861267089844,145.71653747558594,0.2520751953125
ns_lion_801,resnet50_tl_20250829,8,4,44,132,48.0,136.0,145.96861267089844,145.6677703857422,0.30084228515625
ns_lion_801,resnet50_tl_20250829,8,4,44,136,48.0,140.0,145.96861267089844,145.7477569580078,0.220855712890625
ns_lion_801,resnet50_tl_20250829,8,4,44,140,48.0,144.0,145.96861267089844,145.8599395751953,0.108673095703125
ns_lion_801,resnet50_tl_20250829,8,4,44,144,48.0,148.0,145.96861267089844,145.8900604248047,0.07855224609375
ns_lion_801,resnet50_tl_20250829,8,4,44,148,48.0,152.0,145.96861267089844,145.84857177734375,0.1200408935546875
ns_lion_801,resnet50_tl_20250829,8,4,44,152,48.0,156.0,145.96861267089844,145.90951538085938,0.0590972900390625
ns_lion_801,resnet50_tl_20250829,8,4,44,156,48.0,160.0,145.96861267089844,145.98330688476562,-0.0146942138671875
ns_lion_801,resnet50_tl_20250829,8,4,44,160,48.0,164.0,145.96861267089844,145.87542724609375,0.0931854248046875
ns_lion_801,resnet50_tl_20250829,8,4,44,164,48.0,168.0,145.96861267089844,145.93695068359375,0.0316619873046875
ns_lion_801,resnet50_tl_20250829,8,4,44,168,48.0,172.0,145.96861267089844,145.95928955078125,0.0093231201171875
ns_lion_801,resnet50_tl_20250829,8,4,44,172,48.0,176.0,145.96861267089844,145.87185668945312,0.0967559814453125
ns_lion_801,resnet50_tl_20250829,8,4,44,176,48.0,180.0,145.96861267089844,145.8275146484375,0.1410980224609375
ns_lion_801,resnet50_tl_20250829,8,4,44,180,48.0,184.0,145.96861267089844,145.91488647460938,0.0537261962890625
ns_lion_801,resnet50_tl_20250829,8,4,44,184,48.0,188.0,145.96861267089844,145.9868621826172,-0.01824951171875
ns_lion_801,resnet50_tl_20250829,8,4,44,188,48.0,192.0,145.96861267089844,145.84133911132812,0.1272735595703125
ns_lion_801,resnet50_tl_20250829,8,4,44,192,48.0,196.0,145.96861267089844,145.8724365234375,0.0961761474609375
ns_lion_801,resnet50_tl_20250829,8,4,44,196,48.0,200.0,145.96861267089844,145.84002685546875,0.1285858154296875
ns_lion_801,resnet50_tl_20250829,8,4,44,200,48.0,204.0,145.96861267089844,145.94332885742188,0.0252838134765625
ns_lion_801,resnet50_tl_20250829,8,4,44,204,48.0,208.0,145.96861267089844,145.85604858398438,0.1125640869140625
ns_lion_801,resnet50_tl_20250829,8,4,44,208,48.0,212.0,145.96861267089844,145.86878967285156,0.099822998046875
ns_lion_801,resnet50_tl_20250829,8,4,44,212,48.0,216.0,145.96861267089844,145.87281799316406,0.095794677734375
ns_lion_801,resnet50_tl_20250829,8,4,44,216,48.0,220.0,145.96861267089844,145.90916442871094,0.0594482421875
ns_lion_801,resnet50_tl_20250829,8,4,48,0,52.0,4.0,145.96861267089844,145.98184204101562,-0.0132293701171875
ns_lion_801,resnet50_tl_20250829,8,4,48,4,52.0,8.0,145.96861267089844,146.0079345703125,-0.0393218994140625
ns_lion_801,resnet50_tl_20250829,8,4,48,8,52.0,12.0,145.96861267089844,145.90635681152344,0.062255859375
ns_lion_801,resnet50_tl_20250829,8,4,48,12,52.0,16.0,145.96861267089844,145.8773193359375,0.0912933349609375
ns_lion_801,resnet50_tl_20250829,8,4,48,16,52.0,20.0,145.96861267089844,145.81744384765625,0.1511688232421875
ns_lion_801,resnet50_tl_20250829,8,4,48,20,52.0,24.0,145.96861267089844,145.81214904785156,0.156463623046875
ns_lion_801,resnet50_tl_20250829,8,4,48,24,52.0,28.0,145.96861267089844,145.8023681640625,0.1662445068359375
ns_lion_801,resnet50_tl_20250829,8,4,48,28,52.0,32.0,145.96861267089844,145.8074951171875,0.1611175537109375
ns_lion_801,resnet50_tl_20250829,8,4,48,32,52.0,36.0,145.96861267089844,145.81924438476562,0.1493682861328125
ns_lion_801,resnet50_tl_20250829,8,4,48,36,52.0,40.0,145.96861267089844,145.80735778808594,0.1612548828125
ns_lion_801,resnet50_tl_20250829,8,4,48,40,52.0,44.0,145.96861267089844,145.833251953125,0.1353607177734375
ns_lion_801,resnet50_tl_20250829,8,4,48,44,52.0,48.0,145.96861267089844,145.7946014404297,0.17401123046875
ns_lion_801,resnet50_tl_20250829,8,4,48,48,52.0,52.0,145.96861267089844,145.80218505859375,0.1664276123046875
ns_lion_801,resnet50_tl_20250829,8,4,48,52,52.0,56.0,145.96861267089844,145.78089904785156,0.187713623046875
ns_lion_801,resnet50_tl_20250829,8,4,48,56,52.0,60.0,145.96861267089844,145.76890563964844,0.19970703125
ns_lion_801,resnet50_tl_20250829,8,4,48,60,52.0,64.0,145.96861267089844,145.7190399169922,0.24957275390625
ns_lion_801,resnet50_tl_20250829,8,4,48,64,52.0,68.0,145.96861267089844,145.76478576660156,0.203826904296875
ns_lion_801,resnet50_tl_20250829,8,4,48,68,52.0,72.0,145.96861267089844,145.7779998779297,0.19061279296875
ns_lion_801,resnet50_tl_20250829,8,4,48,72,52.0,76.0,145.96861267089844,145.79579162597656,0.172821044921875
ns_lion_801,resnet50_tl_20250829,8,4,48,76,52.0,80.0,145.96861267089844,145.80227661132812,0.1663360595703125
ns_lion_801,resnet50_tl_20250829,8,4,48,80,52.0,84.0,145.96861267089844,145.83236694335938,0.1362457275390625
ns_lion_801,resnet50_tl_20250829,8,4,48,84,52.0,88.0,145.96861267089844,145.84132385253906,0.127288818359375
ns_lion_801,resnet50_tl_20250829,8,4,48,88,52.0,92.0,145.96861267089844,145.84103393554688,0.1275787353515625
ns_lion_801,resnet50_tl_20250829,8,4,48,92,52.0,96.0,145.96861267089844,145.80831909179688,0.1602935791015625
ns_lion_801,resnet50_tl_20250829,8,4,48,96,52.0,100.0,145.96861267089844,145.81983947753906,0.148773193359375
ns_lion_801,resnet50_tl_20250829,8,4,48,100,52.0,104.0,145.96861267089844,145.8243865966797,0.14422607421875
ns_lion_801,resnet50_tl_20250829,8,4,48,104,52.0,108.0,145.96861267089844,145.8643341064453,0.104278564453125
ns_lion_801,resnet50_tl_20250829,8,4,48,108,52.0,112.0,145.96861267089844,145.78704833984375,0.1815643310546875
ns_lion_801,resnet50_tl_20250829,8,4,48,112,52.0,116.0,145.96861267089844,145.8055419921875,0.1630706787109375
ns_lion_801,resnet50_tl_20250829,8,4,48,116,52.0,120.0,145.96861267089844,145.79147338867188,0.1771392822265625
ns_lion_801,resnet50_tl_20250829,8,4,48,120,52.0,124.0,145.96861267089844,145.82492065429688,0.1436920166015625
ns_lion_801,resnet50_tl_20250829,8,4,48,124,52.0,128.0,145.96861267089844,145.7840118408203,0.184600830078125
ns_lion_801,resnet50_tl_20250829,8,4,48,128,52.0,132.0,145.96861267089844,145.81185913085938,0.1567535400390625
ns_lion_801,resnet50_tl_20250829,8,4,48,132,52.0,136.0,145.96861267089844,145.74830627441406,0.220306396484375
ns_lion_801,resnet50_tl_20250829,8,4,48,136,52.0,140.0,145.96861267089844,145.78018188476562,0.1884307861328125
ns_lion_801,resnet50_tl_20250829,8,4,48,140,52.0,144.0,145.96861267089844,145.88772583007812,0.0808868408203125
ns_lion_801,resnet50_tl_20250829,8,4,48,144,52.0,148.0,145.96861267089844,145.8955535888672,0.07305908203125
ns_lion_801,resnet50_tl_20250829,8,4,48,148,52.0,152.0,145.96861267089844,145.86000061035156,0.108612060546875
ns_lion_801,resnet50_tl_20250829,8,4,48,152,52.0,156.0,145.96861267089844,145.87608337402344,0.092529296875
ns_lion_801,resnet50_tl_20250829,8,4,48,156,52.0,160.0,145.96861267089844,146.00808715820312,-0.0394744873046875
ns_lion_801,resnet50_tl_20250829,8,4,48,160,52.0,164.0,145.96861267089844,146.00318908691406,-0.034576416015625
ns_lion_801,resnet50_tl_20250829,8,4,48,164,52.0,168.0,145.96861267089844,145.87098693847656,0.097625732421875
ns_lion_801,resnet50_tl_20250829,8,4,48,168,52.0,172.0,145.96861267089844,145.9188995361328,0.049713134765625
ns_lion_801,resnet50_tl_20250829,8,4,48,172,52.0,176.0,145.96861267089844,145.82322692871094,0.1453857421875
ns_lion_801,resnet50_tl_20250829,8,4,48,176,52.0,180.0,145.96861267089844,145.84640502929688,0.1222076416015625
ns_lion_801,resnet50_tl_20250829,8,4,48,180,52.0,184.0,145.96861267089844,145.89271545410156,0.075897216796875
ns_lion_801,resnet50_tl_20250829,8,4,48,184,52.0,188.0,145.96861267089844,145.9781951904297,-0.00958251953125
ns_lion_801,resnet50_tl_20250829,8,4,48,188,52.0,192.0,145.96861267089844,145.85211181640625,0.1165008544921875
ns_lion_801,resnet50_tl_20250829,8,4,48,192,52.0,196.0,145.96861267089844,145.89784240722656,0.070770263671875
ns_lion_801,resnet50_tl_20250829,8,4,48,196,52.0,200.0,145.96861267089844,145.89047241210938,0.0781402587890625
ns_lion_801,resnet50_tl_20250829,8,4,48,200,52.0,204.0,145.96861267089844,145.9537811279297,0.01483154296875
ns_lion_801,resnet50_tl_20250829,8,4,48,204,52.0,208.0,145.96861267089844,145.8834228515625,0.0851898193359375
ns_lion_801,resnet50_tl_20250829,8,4,48,208,52.0,212.0,145.96861267089844,145.89190673828125,0.0767059326171875
ns_lion_801,resnet50_tl_20250829,8,4,48,212,52.0,216.0,145.96861267089844,145.88507080078125,0.0835418701171875
ns_lion_801,resnet50_tl_20250829,8,4,48,216,52.0,220.0,145.96861267089844,145.92999267578125,0.0386199951171875
ns_lion_801,resnet50_tl_20250829,8,4,52,0,56.0,4.0,145.96861267089844,146.02976989746094,-0.0611572265625
ns_lion_801,resnet50_tl_20250829,8,4,52,4,56.0,8.0,145.96861267089844,146.1357879638672,-0.16717529296875
ns_lion_801,resnet50_tl_20250829,8,4,52,8,56.0,12.0,145.96861267089844,145.9925537109375,-0.0239410400390625
ns_lion_801,resnet50_tl_20250829,8,4,52,12,56.0,16.0,145.96861267089844,145.79714965820312,0.1714630126953125
ns_lion_801,resnet50_tl_20250829,8,4,52,16,56.0,20.0,145.96861267089844,145.766357421875,0.2022552490234375
ns_lion_801,resnet50_tl_20250829,8,4,52,20,56.0,24.0,145.96861267089844,145.78628540039062,0.1823272705078125
ns_lion_801,resnet50_tl_20250829,8,4,52,24,56.0,28.0,145.96861267089844,145.74319458007812,0.2254180908203125
ns_lion_801,resnet50_tl_20250829,8,4,52,28,56.0,32.0,145.96861267089844,145.78457641601562,0.1840362548828125
ns_lion_801,resnet50_tl_20250829,8,4,52,32,56.0,36.0,145.96861267089844,145.75326538085938,0.2153472900390625
ns_lion_801,resnet50_tl_20250829,8,4,52,36,56.0,40.0,145.96861267089844,145.71450805664062,0.2541046142578125
ns_lion_801,resnet50_tl_20250829,8,4,52,40,56.0,44.0,145.96861267089844,145.7335968017578,0.235015869140625
ns_lion_801,resnet50_tl_20250829,8,4,52,44,56.0,48.0,145.96861267089844,145.8192138671875,0.1493988037109375
ns_lion_801,resnet50_tl_20250829,8,4,52,48,56.0,52.0,145.96861267089844,145.7770233154297,0.19158935546875
ns_lion_801,resnet50_tl_20250829,8,4,52,52,56.0,56.0,145.96861267089844,145.7484588623047,0.22015380859375
ns_lion_801,resnet50_tl_20250829,8,4,52,56,56.0,60.0,145.96861267089844,145.76104736328125,0.2075653076171875
ns_lion_801,resnet50_tl_20250829,8,4,52,60,56.0,64.0,145.96861267089844,145.84817504882812,0.1204376220703125
ns_lion_801,resnet50_tl_20250829,8,4,52,64,56.0,68.0,145.96861267089844,145.80677795410156,0.161834716796875
ns_lion_801,resnet50_tl_20250829,8,4,52,68,56.0,72.0,145.96861267089844,145.7614288330078,0.207183837890625
ns_lion_801,resnet50_tl_20250829,8,4,52,72,56.0,76.0,145.96861267089844,145.76710510253906,0.201507568359375
ns_lion_801,resnet50_tl_20250829,8,4,52,76,56.0,80.0,145.96861267089844,145.8529052734375,0.1157073974609375
ns_lion_801,resnet50_tl_20250829,8,4,52,80,56.0,84.0,145.96861267089844,145.78440856933594,0.1842041015625
ns_lion_801,resnet50_tl_20250829,8,4,52,84,56.0,88.0,145.96861267089844,145.77369689941406,0.194915771484375
ns_lion_801,resnet50_tl_20250829,8,4,52,88,56.0,92.0,145.96861267089844,145.79800415039062,0.1706085205078125
ns_lion_801,resnet50_tl_20250829,8,4,52,92,56.0,96.0,145.96861267089844,145.91085815429688,0.0577545166015625
ns_lion_801,resnet50_tl_20250829,8,4,52,96,56.0,100.0,145.96861267089844,145.8350067138672,0.13360595703125
ns_lion_801,resnet50_tl_20250829,8,4,52,100,56.0,104.0,145.96861267089844,145.8031005859375,0.1655120849609375
ns_lion_801,resnet50_tl_20250829,8,4,52,104,56.0,108.0,145.96861267089844,145.8128662109375,0.1557464599609375
ns_lion_801,resnet50_tl_20250829,8,4,52,108,56.0,112.0,145.96861267089844,145.8782501220703,0.090362548828125
ns_lion_801,resnet50_tl_20250829,8,4,52,112,56.0,116.0,145.96861267089844,145.817138671875,0.1514739990234375
ns_lion_801,resnet50_tl_20250829,8,4,52,116,56.0,120.0,145.96861267089844,145.78314208984375,0.1854705810546875
ns_lion_801,resnet50_tl_20250829,8,4,52,120,56.0,124.0,145.96861267089844,145.780517578125,0.1880950927734375
ns_lion_801,resnet50_tl_20250829,8,4,52,124,56.0,128.0,145.96861267089844,145.84671020507812,0.1219024658203125
ns_lion_801,resnet50_tl_20250829,8,4,52,128,56.0,132.0,145.96861267089844,145.83123779296875,0.1373748779296875
ns_lion_801,resnet50_tl_20250829,8,4,52,132,56.0,136.0,145.96861267089844,145.79293823242188,0.1756744384765625
ns_lion_801,resnet50_tl_20250829,8,4,52,136,56.0,140.0,145.96861267089844,145.82789611816406,0.140716552734375
ns_lion_801,resnet50_tl_20250829,8,4,52,140,56.0,144.0,145.96861267089844,145.8327178955078,0.135894775390625
ns_lion_801,resnet50_tl_20250829,8,4,52,144,56.0,148.0,145.96861267089844,145.81332397460938,0.1552886962890625
ns_lion_801,resnet50_tl_20250829,8,4,52,148,56.0,152.0,145.96861267089844,145.8216094970703,0.147003173828125
ns_lion_801,resnet50_tl_20250829,8,4,52,152,56.0,156.0,145.96861267089844,145.85440063476562,0.1142120361328125
ns_lion_801,resnet50_tl_20250829,8,4,52,156,56.0,160.0,145.96861267089844,146.02291870117188,-0.0543060302734375
ns_lion_801,resnet50_tl_20250829,8,4,52,160,56.0,164.0,145.96861267089844,145.98825073242188,-0.0196380615234375
ns_lion_801,resnet50_tl_20250829,8,4,52,164,56.0,168.0,145.96861267089844,145.981201171875,-0.0125885009765625
ns_lion_801,resnet50_tl_20250829,8,4,52,168,56.0,172.0,145.96861267089844,145.86607360839844,0.1025390625
ns_lion_801,resnet50_tl_20250829,8,4,52,172,56.0,176.0,145.96861267089844,146.006103515625,-0.0374908447265625
ns_lion_801,resnet50_tl_20250829,8,4,52,176,56.0,180.0,145.96861267089844,146.07713317871094,-0.1085205078125
ns_lion_801,resnet50_tl_20250829,8,4,52,180,56.0,184.0,145.96861267089844,146.02334594726562,-0.0547332763671875
ns_lion_801,resnet50_tl_20250829,8,4,52,184,56.0,188.0,145.96861267089844,146.0170135498047,-0.04840087890625
ns_lion_801,resnet50_tl_20250829,8,4,52,188,56.0,192.0,145.96861267089844,145.97572326660156,-0.007110595703125
ns_lion_801,resnet50_tl_20250829,8,4,52,192,56.0,196.0,145.96861267089844,146.03192138671875,-0.0633087158203125
ns_lion_801,resnet50_tl_20250829,8,4,52,196,56.0,200.0,145.96861267089844,145.9422149658203,0.026397705078125
ns_lion_801,resnet50_tl_20250829,8,4,52,200,56.0,204.0,145.96861267089844,145.95118713378906,0.017425537109375
ns_lion_801,resnet50_tl_20250829,8,4,52,204,56.0,208.0,145.96861267089844,145.94100952148438,0.0276031494140625
ns_lion_801,resnet50_tl_20250829,8,4,52,208,56.0,212.0,145.96861267089844,145.99505615234375,-0.0264434814453125
ns_lion_801,resnet50_tl_20250829,8,4,52,212,56.0,216.0,145.96861267089844,145.94577026367188,0.0228424072265625
ns_lion_801,resnet50_tl_20250829,8,4,52,216,56.0,220.0,145.96861267089844,145.92958068847656,0.039031982421875
ns_lion_801,resnet50_tl_20250829,8,4,56,0,60.0,4.0,145.96861267089844,145.9259796142578,0.042633056640625
ns_lion_801,resnet50_tl_20250829,8,4,56,4,60.0,8.0,145.96861267089844,145.9691619873047,-0.00054931640625
ns_lion_801,resnet50_tl_20250829,8,4,56,8,60.0,12.0,145.96861267089844,145.98797607421875,-0.0193634033203125
ns_lion_801,resnet50_tl_20250829,8,4,56,12,60.0,16.0,145.96861267089844,145.9751434326172,-0.00653076171875
ns_lion_801,resnet50_tl_20250829,8,4,56,16,60.0,20.0,145.96861267089844,145.80123901367188,0.1673736572265625
ns_lion_801,resnet50_tl_20250829,8,4,56,20,60.0,24.0,145.96861267089844,145.81048583984375,0.1581268310546875
ns_lion_801,resnet50_tl_20250829,8,4,56,24,60.0,28.0,145.96861267089844,145.74853515625,0.2200775146484375
ns_lion_801,resnet50_tl_20250829,8,4,56,28,60.0,32.0,145.96861267089844,145.765380859375,0.2032318115234375
ns_lion_801,resnet50_tl_20250829,8,4,56,32,60.0,36.0,145.96861267089844,145.7843780517578,0.184234619140625
ns_lion_801,resnet50_tl_20250829,8,4,56,36,60.0,40.0,145.96861267089844,145.7303466796875,0.2382659912109375
ns_lion_801,resnet50_tl_20250829,8,4,56,40,60.0,44.0,145.96861267089844,145.77862548828125,0.1899871826171875
ns_lion_801,resnet50_tl_20250829,8,4,56,44,60.0,48.0,145.96861267089844,145.83209228515625,0.1365203857421875
ns_lion_801,resnet50_tl_20250829,8,4,56,48,60.0,52.0,145.96861267089844,145.8390350341797,0.12957763671875
ns_lion_801,resnet50_tl_20250829,8,4,56,52,60.0,56.0,145.96861267089844,145.74761962890625,0.2209930419921875
ns_lion_801,resnet50_tl_20250829,8,4,56,56,60.0,60.0,145.96861267089844,145.77455139160156,0.194061279296875
ns_lion_801,resnet50_tl_20250829,8,4,56,60,60.0,64.0,145.96861267089844,145.83673095703125,0.1318817138671875
ns_lion_801,resnet50_tl_20250829,8,4,56,64,60.0,68.0,145.96861267089844,145.84036254882812,0.1282501220703125
ns_lion_801,resnet50_tl_20250829,8,4,56,68,60.0,72.0,145.96861267089844,145.7522735595703,0.216339111328125
ns_lion_801,resnet50_tl_20250829,8,4,56,72,60.0,76.0,145.96861267089844,145.7880859375,0.1805267333984375
ns_lion_801,resnet50_tl_20250829,8,4,56,76,60.0,80.0,145.96861267089844,145.85101318359375,0.1175994873046875
ns_lion_801,resnet50_tl_20250829,8,4,56,80,60.0,84.0,145.96861267089844,145.85882568359375,0.1097869873046875
ns_lion_801,resnet50_tl_20250829,8,4,56,84,60.0,88.0,145.96861267089844,145.78736877441406,0.181243896484375
ns_lion_801,resnet50_tl_20250829,8,4,56,88,60.0,92.0,145.96861267089844,145.8081817626953,0.160430908203125
ns_lion_801,resnet50_tl_20250829,8,4,56,92,60.0,96.0,145.96861267089844,145.8945770263672,0.07403564453125
ns_lion_801,resnet50_tl_20250829,8,4,56,96,60.0,100.0,145.96861267089844,145.8863525390625,0.0822601318359375
ns_lion_801,resnet50_tl_20250829,8,4,56,100,60.0,104.0,145.96861267089844,145.7974090576172,0.17120361328125
ns_lion_801,resnet50_tl_20250829,8,4,56,104,60.0,108.0,145.96861267089844,145.82260131835938,0.1460113525390625
ns_lion_801,resnet50_tl_20250829,8,4,56,108,60.0,112.0,145.96861267089844,145.86561584472656,0.102996826171875
ns_lion_801,resnet50_tl_20250829,8,4,56,112,60.0,116.0,145.96861267089844,145.8693084716797,0.09930419921875
ns_lion_801,resnet50_tl_20250829,8,4,56,116,60.0,120.0,145.96861267089844,145.77589416503906,0.192718505859375
ns_lion_801,resnet50_tl_20250829,8,4,56,120,60.0,124.0,145.96861267089844,145.78292846679688,0.1856842041015625
ns_lion_801,resnet50_tl_20250829,8,4,56,124,60.0,128.0,145.96861267089844,145.83924865722656,0.129364013671875
ns_lion_801,resnet50_tl_20250829,8,4,56,128,60.0,132.0,145.96861267089844,145.85263061523438,0.1159820556640625
ns_lion_801,resnet50_tl_20250829,8,4,56,132,60.0,136.0,145.96861267089844,145.7710418701172,0.19757080078125
ns_lion_801,resnet50_tl_20250829,8,4,56,136,60.0,140.0,145.96861267089844,145.8035125732422,0.16510009765625
ns_lion_801,resnet50_tl_20250829,8,4,56,140,60.0,144.0,145.96861267089844,145.83770751953125,0.1309051513671875
ns_lion_801,resnet50_tl_20250829,8,4,56,144,60.0,148.0,145.96861267089844,145.8531036376953,0.115509033203125
ns_lion_801,resnet50_tl_20250829,8,4,56,148,60.0,152.0,145.96861267089844,145.80447387695312,0.1641387939453125
ns_lion_801,resnet50_tl_20250829,8,4,56,152,60.0,156.0,145.96861267089844,145.7570343017578,0.211578369140625
ns_lion_801,resnet50_tl_20250829,8,4,56,156,60.0,160.0,145.96861267089844,145.9243927001953,0.044219970703125
ns_lion_801,resnet50_tl_20250829,8,4,56,160,60.0,164.0,145.96861267089844,145.96102905273438,0.0075836181640625
ns_lion_801,resnet50_tl_20250829,8,4,56,164,60.0,168.0,145.96861267089844,145.89920043945312,0.0694122314453125
ns_lion_801,resnet50_tl_20250829,8,4,56,168,60.0,172.0,145.96861267089844,145.81202697753906,0.156585693359375
ns_lion_801,resnet50_tl_20250829,8,4,56,172,60.0,176.0,145.96861267089844,145.85353088378906,0.115081787109375
ns_lion_801,resnet50_tl_20250829,8,4,56,176,60.0,180.0,145.96861267089844,145.97283935546875,-0.0042266845703125
ns_lion_801,resnet50_tl_20250829,8,4,56,180,60.0,184.0,145.96861267089844,145.94573974609375,0.0228729248046875
ns_lion_801,resnet50_tl_20250829,8,4,56,184,60.0,188.0,145.96861267089844,146.00418090820312,-0.0355682373046875
ns_lion_801,resnet50_tl_20250829,8,4,56,188,60.0,192.0,145.96861267089844,145.94036865234375,0.0282440185546875
ns_lion_801,resnet50_tl_20250829,8,4,56,192,60.0,196.0,145.96861267089844,145.97225952148438,-0.0036468505859375
ns_lion_801,resnet50_tl_20250829,8,4,56,196,60.0,200.0,145.96861267089844,145.92140197753906,0.047210693359375
ns_lion_801,resnet50_tl_20250829,8,4,56,200,60.0,204.0,145.96861267089844,145.96865844726562,-4.57763671875e-05
ns_lion_801,resnet50_tl_20250829,8,4,56,204,60.0,208.0,145.96861267089844,145.98155212402344,-0.012939453125
ns_lion_801,resnet50_tl_20250829,8,4,56,208,60.0,212.0,145.96861267089844,146.0100860595703,-0.041473388671875
ns_lion_801,resnet50_tl_20250829,8,4,56,212,60.0,216.0,145.96861267089844,145.95123291015625,0.0173797607421875
ns_lion_801,resnet50_tl_20250829,8,4,56,216,60.0,220.0,145.96861267089844,145.94427490234375,0.0243377685546875
ns_lion_801,resnet50_tl_20250829,8,4,60,0,64.0,4.0,145.96861267089844,145.97659301757812,-0.0079803466796875
ns_lion_801,resnet50_tl_20250829,8,4,60,4,64.0,8.0,145.96861267089844,146.00631713867188,-0.0377044677734375
ns_lion_801,resnet50_tl_20250829,8,4,60,8,64.0,12.0,145.96861267089844,146.05169677734375,-0.0830841064453125
ns_lion_801,resnet50_tl_20250829,8,4,60,12,64.0,16.0,145.96861267089844,146.12051391601562,-0.1519012451171875
ns_lion_801,resnet50_tl_20250829,8,4,60,16,64.0,20.0,145.96861267089844,145.96636962890625,0.0022430419921875
ns_lion_801,resnet50_tl_20250829,8,4,60,20,64.0,24.0,145.96861267089844,145.8817596435547,0.08685302734375
ns_lion_801,resnet50_tl_20250829,8,4,60,24,64.0,28.0,145.96861267089844,145.79409790039062,0.1745147705078125
ns_lion_801,resnet50_tl_20250829,8,4,60,28,64.0,32.0,145.96861267089844,145.83419799804688,0.1344146728515625
ns_lion_801,resnet50_tl_20250829,8,4,60,32,64.0,36.0,145.96861267089844,145.85089111328125,0.1177215576171875
ns_lion_801,resnet50_tl_20250829,8,4,60,36,64.0,40.0,145.96861267089844,145.86058044433594,0.1080322265625
ns_lion_801,resnet50_tl_20250829,8,4,60,40,64.0,44.0,145.96861267089844,145.8495635986328,0.119049072265625
ns_lion_801,resnet50_tl_20250829,8,4,60,44,64.0,48.0,145.96861267089844,146.01852416992188,-0.0499114990234375
ns_lion_801,resnet50_tl_20250829,8,4,60,48,64.0,52.0,145.96861267089844,145.93585205078125,0.0327606201171875
ns_lion_801,resnet50_tl_20250829,8,4,60,52,64.0,56.0,145.96861267089844,145.90403747558594,0.0645751953125
ns_lion_801,resnet50_tl_20250829,8,4,60,56,64.0,60.0,145.96861267089844,145.8601837158203,0.108428955078125
ns_lion_801,resnet50_tl_20250829,8,4,60,60,64.0,64.0,145.96861267089844,146.00192260742188,-0.0333099365234375
ns_lion_801,resnet50_tl_20250829,8,4,60,64,64.0,68.0,145.96861267089844,145.89073181152344,0.077880859375
ns_lion_801,resnet50_tl_20250829,8,4,60,68,64.0,72.0,145.96861267089844,145.8926544189453,0.075958251953125
ns_lion_801,resnet50_tl_20250829,8,4,60,72,64.0,76.0,145.96861267089844,145.85598754882812,0.1126251220703125
ns_lion_801,resnet50_tl_20250829,8,4,60,76,64.0,80.0,145.96861267089844,145.95033264160156,0.018280029296875
ns_lion_801,resnet50_tl_20250829,8,4,60,80,64.0,84.0,145.96861267089844,145.8538055419922,0.11480712890625
ns_lion_801,resnet50_tl_20250829,8,4,60,84,64.0,88.0,145.96861267089844,145.8850860595703,0.083526611328125
ns_lion_801,resnet50_tl_20250829,8,4,60,88,64.0,92.0,145.96861267089844,145.85037231445312,0.1182403564453125
ns_lion_801,resnet50_tl_20250829,8,4,60,92,64.0,96.0,145.96861267089844,145.95281982421875,0.0157928466796875
ns_lion_801,resnet50_tl_20250829,8,4,60,96,64.0,100.0,145.96861267089844,145.87850952148438,0.0901031494140625
ns_lion_801,resnet50_tl_20250829,8,4,60,100,64.0,104.0,145.96861267089844,145.90211486816406,0.066497802734375
ns_lion_801,resnet50_tl_20250829,8,4,60,104,64.0,108.0,145.96861267089844,145.87413024902344,0.094482421875
ns_lion_801,resnet50_tl_20250829,8,4,60,108,64.0,112.0,145.96861267089844,145.9100799560547,0.05853271484375
ns_lion_801,resnet50_tl_20250829,8,4,60,112,64.0,116.0,145.96861267089844,145.85789489746094,0.1107177734375
ns_lion_801,resnet50_tl_20250829,8,4,60,116,64.0,120.0,145.96861267089844,145.8894805908203,0.079132080078125
ns_lion_801,resnet50_tl_20250829,8,4,60,120,64.0,124.0,145.96861267089844,145.86288452148438,0.1057281494140625
ns_lion_801,resnet50_tl_20250829,8,4,60,124,64.0,128.0,145.96861267089844,145.90802001953125,0.0605926513671875
ns_lion_801,resnet50_tl_20250829,8,4,60,128,64.0,132.0,145.96861267089844,145.8833770751953,0.085235595703125
ns_lion_801,resnet50_tl_20250829,8,4,60,132,64.0,136.0,145.96861267089844,145.86468505859375,0.1039276123046875
ns_lion_801,resnet50_tl_20250829,8,4,60,136,64.0,140.0,145.96861267089844,145.8811798095703,0.087432861328125
ns_lion_801,resnet50_tl_20250829,8,4,60,140,64.0,144.0,145.96861267089844,145.84381103515625,0.1248016357421875
ns_lion_801,resnet50_tl_20250829,8,4,60,144,64.0,148.0,145.96861267089844,145.81004333496094,0.1585693359375
ns_lion_801,resnet50_tl_20250829,8,4,60,148,64.0,152.0,145.96861267089844,145.7928009033203,0.175811767578125
ns_lion_801,resnet50_tl_20250829,8,4,60,152,64.0,156.0,145.96861267089844,145.8670196533203,0.101593017578125
ns_lion_801,resnet50_tl_20250829,8,4,60,156,64.0,160.0,145.96861267089844,145.9666748046875,0.0019378662109375
ns_lion_801,resnet50_tl_20250829,8,4,60,160,64.0,164.0,145.96861267089844,146.06521606445312,-0.0966033935546875
ns_lion_801,resnet50_tl_20250829,8,4,60,164,64.0,168.0,145.96861267089844,145.82794189453125,0.1406707763671875
ns_lion_801,resnet50_tl_20250829,8,4,60,168,64.0,172.0,145.96861267089844,145.75381469726562,0.2147979736328125
ns_lion_801,resnet50_tl_20250829,8,4,60,172,64.0,176.0,145.96861267089844,145.86199951171875,0.1066131591796875
ns_lion_801,resnet50_tl_20250829,8,4,60,176,64.0,180.0,145.96861267089844,145.92208862304688,0.0465240478515625
ns_lion_801,resnet50_tl_20250829,8,4,60,180,64.0,184.0,145.96861267089844,145.98268127441406,-0.014068603515625
ns_lion_801,resnet50_tl_20250829,8,4,60,184,64.0,188.0,145.96861267089844,146.04441833496094,-0.0758056640625
ns_lion_801,resnet50_tl_20250829,8,4,60,188,64.0,192.0,145.96861267089844,145.85867309570312,0.1099395751953125
ns_lion_801,resnet50_tl_20250829,8,4,60,192,64.0,196.0,145.96861267089844,145.8752899169922,0.09332275390625
ns_lion_801,resnet50_tl_20250829,8,4,60,196,64.0,200.0,145.96861267089844,145.8812713623047,0.08734130859375
ns_lion_801,resnet50_tl_20250829,8,4,60,200,64.0,204.0,145.96861267089844,145.97384643554688,-0.0052337646484375
ns_lion_801,resnet50_tl_20250829,8,4,60,204,64.0,208.0,145.96861267089844,145.9813232421875,-0.0127105712890625
ns_lion_801,resnet50_tl_20250829,8,4,60,208,64.0,212.0,145.96861267089844,146.0013427734375,-0.0327301025390625
ns_lion_801,resnet50_tl_20250829,8,4,60,212,64.0,216.0,145.96861267089844,145.96279907226562,0.0058135986328125
ns_lion_801,resnet50_tl_20250829,8,4,60,216,64.0,220.0,145.96861267089844,145.95152282714844,0.01708984375
ns_lion_801,resnet50_tl_20250829,8,4,64,0,68.0,4.0,145.96861267089844,145.8775634765625,0.0910491943359375
ns_lion_801,resnet50_tl_20250829,8,4,64,4,68.0,8.0,145.96861267089844,145.93739318847656,0.031219482421875
ns_lion_801,resnet50_tl_20250829,8,4,64,8,68.0,12.0,145.96861267089844,146.05116271972656,-0.082550048828125
ns_lion_801,resnet50_tl_20250829,8,4,64,12,68.0,16.0,145.96861267089844,146.02940368652344,-0.060791015625
ns_lion_801,resnet50_tl_20250829,8,4,64,16,68.0,20.0,145.96861267089844,145.81549072265625,0.1531219482421875
ns_lion_801,resnet50_tl_20250829,8,4,64,20,68.0,24.0,145.96861267089844,145.87811279296875,0.0904998779296875
ns_lion_801,resnet50_tl_20250829,8,4,64,24,68.0,28.0,145.96861267089844,145.85165405273438,0.1169586181640625
ns_lion_801,resnet50_tl_20250829,8,4,64,28,68.0,32.0,145.96861267089844,145.8688507080078,0.099761962890625
ns_lion_801,resnet50_tl_20250829,8,4,64,32,68.0,36.0,145.96861267089844,145.8701934814453,0.098419189453125
ns_lion_801,resnet50_tl_20250829,8,4,64,36,68.0,40.0,145.96861267089844,145.8228302001953,0.145782470703125
ns_lion_801,resnet50_tl_20250829,8,4,64,40,68.0,44.0,145.96861267089844,145.8708038330078,0.097808837890625
ns_lion_801,resnet50_tl_20250829,8,4,64,44,68.0,48.0,145.96861267089844,145.94931030273438,0.0193023681640625
ns_lion_801,resnet50_tl_20250829,8,4,64,48,68.0,52.0,145.96861267089844,145.9606170654297,0.00799560546875
ns_lion_801,resnet50_tl_20250829,8,4,64,52,68.0,56.0,145.96861267089844,145.8657989501953,0.102813720703125
ns_lion_801,resnet50_tl_20250829,8,4,64,56,68.0,60.0,145.96861267089844,145.87167358398438,0.0969390869140625
ns_lion_801,resnet50_tl_20250829,8,4,64,60,68.0,64.0,145.96861267089844,145.93997192382812,0.0286407470703125
ns_lion_801,resnet50_tl_20250829,8,4,64,64,68.0,68.0,145.96861267089844,145.94664001464844,0.02197265625
ns_lion_801,resnet50_tl_20250829,8,4,64,68,68.0,72.0,145.96861267089844,145.88999938964844,0.07861328125
ns_lion_801,resnet50_tl_20250829,8,4,64,72,68.0,76.0,145.96861267089844,145.911865234375,0.0567474365234375
ns_lion_801,resnet50_tl_20250829,8,4,64,76,68.0,80.0,145.96861267089844,145.92221069335938,0.0464019775390625
ns_lion_801,resnet50_tl_20250829,8,4,64,80,68.0,84.0,145.96861267089844,145.9438018798828,0.024810791015625
ns_lion_801,resnet50_tl_20250829,8,4,64,84,68.0,88.0,145.96861267089844,145.92080688476562,0.0478057861328125
ns_lion_801,resnet50_tl_20250829,8,4,64,88,68.0,92.0,145.96861267089844,145.88841247558594,0.0802001953125
ns_lion_801,resnet50_tl_20250829,8,4,64,92,68.0,96.0,145.96861267089844,145.9333038330078,0.035308837890625
ns_lion_801,resnet50_tl_20250829,8,4,64,96,68.0,100.0,145.96861267089844,145.91526794433594,0.0533447265625
ns_lion_801,resnet50_tl_20250829,8,4,64,100,68.0,104.0,145.96861267089844,145.90391540527344,0.064697265625
ns_lion_801,resnet50_tl_20250829,8,4,64,104,68.0,108.0,145.96861267089844,145.91586303710938,0.0527496337890625
ns_lion_801,resnet50_tl_20250829,8,4,64,108,68.0,112.0,145.96861267089844,145.89395141601562,0.0746612548828125
ns_lion_801,resnet50_tl_20250829,8,4,64,112,68.0,116.0,145.96861267089844,145.8834991455078,0.085113525390625
ns_lion_801,resnet50_tl_20250829,8,4,64,116,68.0,120.0,145.96861267089844,145.83375549316406,0.134857177734375
ns_lion_801,resnet50_tl_20250829,8,4,64,120,68.0,124.0,145.96861267089844,145.85694885253906,0.111663818359375
ns_lion_801,resnet50_tl_20250829,8,4,64,124,68.0,128.0,145.96861267089844,145.8758087158203,0.092803955078125
ns_lion_801,resnet50_tl_20250829,8,4,64,128,68.0,132.0,145.96861267089844,145.8929443359375,0.0756683349609375
ns_lion_801,resnet50_tl_20250829,8,4,64,132,68.0,136.0,145.96861267089844,145.8567352294922,0.11187744140625
ns_lion_801,resnet50_tl_20250829,8,4,64,136,68.0,140.0,145.96861267089844,145.8793182373047,0.08929443359375
ns_lion_801,resnet50_tl_20250829,8,4,64,140,68.0,144.0,145.96861267089844,145.85000610351562,0.1186065673828125
ns_lion_801,resnet50_tl_20250829,8,4,64,144,68.0,148.0,145.96861267089844,145.81851196289062,0.1501007080078125
ns_lion_801,resnet50_tl_20250829,8,4,64,148,68.0,152.0,145.96861267089844,145.78988647460938,0.1787261962890625
ns_lion_801,resnet50_tl_20250829,8,4,64,152,68.0,156.0,145.96861267089844,145.8223114013672,0.14630126953125
ns_lion_801,resnet50_tl_20250829,8,4,64,156,68.0,160.0,145.96861267089844,145.93096923828125,0.0376434326171875
ns_lion_801,resnet50_tl_20250829,8,4,64,160,68.0,164.0,145.96861267089844,145.95164489746094,0.0169677734375
ns_lion_801,resnet50_tl_20250829,8,4,64,164,68.0,168.0,145.96861267089844,145.78248596191406,0.186126708984375
ns_lion_801,resnet50_tl_20250829,8,4,64,168,68.0,172.0,145.96861267089844,145.80897521972656,0.159637451171875
ns_lion_801,resnet50_tl_20250829,8,4,64,172,68.0,176.0,145.96861267089844,145.80918884277344,0.159423828125
ns_lion_801,resnet50_tl_20250829,8,4,64,176,68.0,180.0,145.96861267089844,145.8725128173828,0.096099853515625
ns_lion_801,resnet50_tl_20250829,8,4,64,180,68.0,184.0,145.96861267089844,145.90415954589844,0.064453125
ns_lion_801,resnet50_tl_20250829,8,4,64,184,68.0,188.0,145.96861267089844,145.99012756347656,-0.021514892578125
ns_lion_801,resnet50_tl_20250829,8,4,64,188,68.0,192.0,145.96861267089844,145.85586547851562,0.1127471923828125
ns_lion_801,resnet50_tl_20250829,8,4,64,192,68.0,196.0,145.96861267089844,145.90342712402344,0.065185546875
ns_lion_801,resnet50_tl_20250829,8,4,64,196,68.0,200.0,145.96861267089844,145.91680908203125,0.0518035888671875
ns_lion_801,resnet50_tl_20250829,8,4,64,200,68.0,204.0,145.96861267089844,145.9744110107422,-0.00579833984375
ns_lion_801,resnet50_tl_20250829,8,4,64,204,68.0,208.0,145.96861267089844,145.97119140625,-0.0025787353515625
ns_lion_801,resnet50_tl_20250829,8,4,64,208,68.0,212.0,145.96861267089844,145.99197387695312,-0.0233612060546875
ns_lion_801,resnet50_tl_20250829,8,4,64,212,68.0,216.0,145.96861267089844,145.96090698242188,0.0077056884765625
ns_lion_801,resnet50_tl_20250829,8,4,64,216,68.0,220.0,145.96861267089844,145.9683074951172,0.00030517578125
ns_lion_801,resnet50_tl_20250829,8,4,68,0,72.0,4.0,145.96861267089844,146.00811767578125,-0.0395050048828125
ns_lion_801,resnet50_tl_20250829,8,4,68,4,72.0,8.0,145.96861267089844,146.0476531982422,-0.07904052734375
ns_lion_801,resnet50_tl_20250829,8,4,68,8,72.0,12.0,145.96861267089844,146.09640502929688,-0.1277923583984375
ns_lion_801,resnet50_tl_20250829,8,4,68,12,72.0,16.0,145.96861267089844,145.8294677734375,0.1391448974609375
ns_lion_801,resnet50_tl_20250829,8,4,68,16,72.0,20.0,145.96861267089844,145.68148803710938,0.2871246337890625
ns_lion_801,resnet50_tl_20250829,8,4,68,20,72.0,24.0,145.96861267089844,145.79351806640625,0.1750946044921875
ns_lion_801,resnet50_tl_20250829,8,4,68,24,72.0,28.0,145.96861267089844,145.75408935546875,0.2145233154296875
ns_lion_801,resnet50_tl_20250829,8,4,68,28,72.0,32.0,145.96861267089844,145.83148193359375,0.1371307373046875
ns_lion_801,resnet50_tl_20250829,8,4,68,32,72.0,36.0,145.96861267089844,145.74290466308594,0.2257080078125
ns_lion_801,resnet50_tl_20250829,8,4,68,36,72.0,40.0,145.96861267089844,145.75796508789062,0.2106475830078125
ns_lion_801,resnet50_tl_20250829,8,4,68,40,72.0,44.0,145.96861267089844,145.79107666015625,0.1775360107421875
ns_lion_801,resnet50_tl_20250829,8,4,68,44,72.0,48.0,145.96861267089844,145.88775634765625,0.0808563232421875
ns_lion_801,resnet50_tl_20250829,8,4,68,48,72.0,52.0,145.96861267089844,145.86627197265625,0.1023406982421875
ns_lion_801,resnet50_tl_20250829,8,4,68,52,72.0,56.0,145.96861267089844,145.79376220703125,0.1748504638671875
ns_lion_801,resnet50_tl_20250829,8,4,68,56,72.0,60.0,145.96861267089844,145.81756591796875,0.1510467529296875
ns_lion_801,resnet50_tl_20250829,8,4,68,60,72.0,64.0,145.96861267089844,145.9110870361328,0.057525634765625
ns_lion_801,resnet50_tl_20250829,8,4,68,64,72.0,68.0,145.96861267089844,145.87815856933594,0.0904541015625
ns_lion_801,resnet50_tl_20250829,8,4,68,68,72.0,72.0,145.96861267089844,145.83047485351562,0.1381378173828125
ns_lion_801,resnet50_tl_20250829,8,4,68,72,72.0,76.0,145.96861267089844,145.8369140625,0.1316986083984375
ns_lion_801,resnet50_tl_20250829,8,4,68,76,72.0,80.0,145.96861267089844,145.90455627441406,0.064056396484375
ns_lion_801,resnet50_tl_20250829,8,4,68,80,72.0,84.0,145.96861267089844,145.87942504882812,0.0891876220703125
ns_lion_801,resnet50_tl_20250829,8,4,68,84,72.0,88.0,145.96861267089844,145.8647003173828,0.103912353515625
ns_lion_801,resnet50_tl_20250829,8,4,68,88,72.0,92.0,145.96861267089844,145.85037231445312,0.1182403564453125
ns_lion_801,resnet50_tl_20250829,8,4,68,92,72.0,96.0,145.96861267089844,145.92784118652344,0.040771484375
ns_lion_801,resnet50_tl_20250829,8,4,68,96,72.0,100.0,145.96861267089844,145.8614501953125,0.1071624755859375
ns_lion_801,resnet50_tl_20250829,8,4,68,100,72.0,104.0,145.96861267089844,145.85311889648438,0.1154937744140625
ns_lion_801,resnet50_tl_20250829,8,4,68,104,72.0,108.0,145.96861267089844,145.88858032226562,0.0800323486328125
ns_lion_801,resnet50_tl_20250829,8,4,68,108,72.0,112.0,145.96861267089844,145.92623901367188,0.0423736572265625
ns_lion_801,resnet50_tl_20250829,8,4,68,112,72.0,116.0,145.96861267089844,145.833251953125,0.1353607177734375
ns_lion_801,resnet50_tl_20250829,8,4,68,116,72.0,120.0,145.96861267089844,145.79705810546875,0.1715545654296875
ns_lion_801,resnet50_tl_20250829,8,4,68,120,72.0,124.0,145.96861267089844,145.7416534423828,0.226959228515625
ns_lion_801,resnet50_tl_20250829,8,4,68,124,72.0,128.0,145.96861267089844,145.8081512451172,0.16046142578125
ns_lion_801,resnet50_tl_20250829,8,4,68,128,72.0,132.0,145.96861267089844,145.8012237548828,0.167388916015625
ns_lion_801,resnet50_tl_20250829,8,4,68,132,72.0,136.0,145.96861267089844,145.80052185058594,0.1680908203125
ns_lion_801,resnet50_tl_20250829,8,4,68,136,72.0,140.0,145.96861267089844,145.7810516357422,0.18756103515625
ns_lion_801,resnet50_tl_20250829,8,4,68,140,72.0,144.0,145.96861267089844,145.82260131835938,0.1460113525390625
ns_lion_801,resnet50_tl_20250829,8,4,68,144,72.0,148.0,145.96861267089844,145.80101013183594,0.1676025390625
ns_lion_801,resnet50_tl_20250829,8,4,68,148,72.0,152.0,145.96861267089844,145.90965270996094,0.0589599609375
ns_lion_801,resnet50_tl_20250829,8,4,68,152,72.0,156.0,145.96861267089844,146.0386962890625,-0.0700836181640625
ns_lion_801,resnet50_tl_20250829,8,4,68,156,72.0,160.0,145.96861267089844,145.91778564453125,0.0508270263671875
ns_lion_801,resnet50_tl_20250829,8,4,68,160,72.0,164.0,145.96861267089844,146.0152130126953,-0.046600341796875
ns_lion_801,resnet50_tl_20250829,8,4,68,164,72.0,168.0,145.96861267089844,145.8476104736328,0.121002197265625
ns_lion_801,resnet50_tl_20250829,8,4,68,168,72.0,172.0,145.96861267089844,145.9842071533203,-0.015594482421875
ns_lion_801,resnet50_tl_20250829,8,4,68,172,72.0,176.0,145.96861267089844,145.9746856689453,-0.006072998046875
ns_lion_801,resnet50_tl_20250829,8,4,68,176,72.0,180.0,145.96861267089844,146.05398559570312,-0.0853729248046875
ns_lion_801,resnet50_tl_20250829,8,4,68,180,72.0,184.0,145.96861267089844,146.04367065429688,-0.0750579833984375
ns_lion_801,resnet50_tl_20250829,8,4,68,184,72.0,188.0,145.96861267089844,146.01931762695312,-0.0507049560546875
ns_lion_801,resnet50_tl_20250829,8,4,68,188,72.0,192.0,145.96861267089844,145.98696899414062,-0.0183563232421875
ns_lion_801,resnet50_tl_20250829,8,4,68,192,72.0,196.0,145.96861267089844,146.036376953125,-0.0677642822265625
ns_lion_801,resnet50_tl_20250829,8,4,68,196,72.0,200.0,145.96861267089844,145.97718811035156,-0.008575439453125
ns_lion_801,resnet50_tl_20250829,8,4,68,200,72.0,204.0,145.96861267089844,145.97325134277344,-0.004638671875
ns_lion_801,resnet50_tl_20250829,8,4,68,204,72.0,208.0,145.96861267089844,145.9649200439453,0.003692626953125
ns_lion_801,resnet50_tl_20250829,8,4,68,208,72.0,212.0,145.96861267089844,146.001708984375,-0.0330963134765625
ns_lion_801,resnet50_tl_20250829,8,4,68,212,72.0,216.0,145.96861267089844,145.97706604003906,-0.008453369140625
ns_lion_801,resnet50_tl_20250829,8,4,68,216,72.0,220.0,145.96861267089844,145.95130920410156,0.017303466796875
ns_lion_801,resnet50_tl_20250829,8,4,72,0,76.0,4.0,145.96861267089844,145.91908264160156,0.049530029296875
ns_lion_801,resnet50_tl_20250829,8,4,72,4,76.0,8.0,145.96861267089844,145.9502410888672,0.01837158203125
ns_lion_801,resnet50_tl_20250829,8,4,72,8,76.0,12.0,145.96861267089844,146.1223602294922,-0.15374755859375
ns_lion_801,resnet50_tl_20250829,8,4,72,12,76.0,16.0,145.96861267089844,145.89500427246094,0.0736083984375
ns_lion_801,resnet50_tl_20250829,8,4,72,16,76.0,20.0,145.96861267089844,145.6400146484375,0.3285980224609375
ns_lion_801,resnet50_tl_20250829,8,4,72,20,76.0,24.0,145.96861267089844,145.80372619628906,0.164886474609375
ns_lion_801,resnet50_tl_20250829,8,4,72,24,76.0,28.0,145.96861267089844,145.694580078125,0.2740325927734375
ns_lion_801,resnet50_tl_20250829,8,4,72,28,76.0,32.0,145.96861267089844,145.75088500976562,0.2177276611328125
ns_lion_801,resnet50_tl_20250829,8,4,72,32,76.0,36.0,145.96861267089844,145.69638061523438,0.2722320556640625
ns_lion_801,resnet50_tl_20250829,8,4,72,36,76.0,40.0,145.96861267089844,145.6775665283203,0.291046142578125
ns_lion_801,resnet50_tl_20250829,8,4,72,40,76.0,44.0,145.96861267089844,145.74363708496094,0.2249755859375
ns_lion_801,resnet50_tl_20250829,8,4,72,44,76.0,48.0,145.96861267089844,145.82920837402344,0.139404296875
ns_lion_801,resnet50_tl_20250829,8,4,72,48,76.0,52.0,145.96861267089844,145.85183715820312,0.1167755126953125
ns_lion_801,resnet50_tl_20250829,8,4,72,52,76.0,56.0,145.96861267089844,145.77999877929688,0.1886138916015625
ns_lion_801,resnet50_tl_20250829,8,4,72,56,76.0,60.0,145.96861267089844,145.78912353515625,0.1794891357421875
ns_lion_801,resnet50_tl_20250829,8,4,72,60,76.0,64.0,145.96861267089844,145.87673950195312,0.0918731689453125
ns_lion_801,resnet50_tl_20250829,8,4,72,64,76.0,68.0,145.96861267089844,145.87826538085938,0.0903472900390625
ns_lion_801,resnet50_tl_20250829,8,4,72,68,76.0,72.0,145.96861267089844,145.80821228027344,0.160400390625
ns_lion_801,resnet50_tl_20250829,8,4,72,72,76.0,76.0,145.96861267089844,145.7984161376953,0.170196533203125
ns_lion_801,resnet50_tl_20250829,8,4,72,76,76.0,80.0,145.96861267089844,145.82933044433594,0.1392822265625
ns_lion_801,resnet50_tl_20250829,8,4,72,80,76.0,84.0,145.96861267089844,145.8530731201172,0.11553955078125
ns_lion_801,resnet50_tl_20250829,8,4,72,84,76.0,88.0,145.96861267089844,145.84600830078125,0.1226043701171875
ns_lion_801,resnet50_tl_20250829,8,4,72,88,76.0,92.0,145.96861267089844,145.80039978027344,0.168212890625
ns_lion_801,resnet50_tl_20250829,8,4,72,92,76.0,96.0,145.96861267089844,145.829345703125,0.1392669677734375
ns_lion_801,resnet50_tl_20250829,8,4,72,96,76.0,100.0,145.96861267089844,145.86741638183594,0.1011962890625
ns_lion_801,resnet50_tl_20250829,8,4,72,100,76.0,104.0,145.96861267089844,145.86660766601562,0.1020050048828125
ns_lion_801,resnet50_tl_20250829,8,4,72,104,76.0,108.0,145.96861267089844,145.89031982421875,0.0782928466796875
ns_lion_801,resnet50_tl_20250829,8,4,72,108,76.0,112.0,145.96861267089844,146.00167846679688,-0.0330657958984375
ns_lion_801,resnet50_tl_20250829,8,4,72,112,76.0,116.0,145.96861267089844,145.90524291992188,0.0633697509765625
ns_lion_801,resnet50_tl_20250829,8,4,72,116,76.0,120.0,145.96861267089844,145.85040283203125,0.1182098388671875
ns_lion_801,resnet50_tl_20250829,8,4,72,120,76.0,124.0,145.96861267089844,145.75791931152344,0.210693359375
ns_lion_801,resnet50_tl_20250829,8,4,72,124,76.0,128.0,145.96861267089844,145.77923583984375,0.1893768310546875
ns_lion_801,resnet50_tl_20250829,8,4,72,128,76.0,132.0,145.96861267089844,145.84780883789062,0.1208038330078125
ns_lion_801,resnet50_tl_20250829,8,4,72,132,76.0,136.0,145.96861267089844,145.78797912597656,0.180633544921875
ns_lion_801,resnet50_tl_20250829,8,4,72,136,76.0,140.0,145.96861267089844,145.75852966308594,0.2100830078125
ns_lion_801,resnet50_tl_20250829,8,4,72,140,76.0,144.0,145.96861267089844,145.84814453125,0.1204681396484375
ns_lion_801,resnet50_tl_20250829,8,4,72,144,76.0,148.0,145.96861267089844,145.7763671875,0.1922454833984375
ns_lion_801,resnet50_tl_20250829,8,4,72,148,76.0,152.0,145.96861267089844,145.92138671875,0.0472259521484375
ns_lion_801,resnet50_tl_20250829,8,4,72,152,76.0,156.0,145.96861267089844,145.99246215820312,-0.0238494873046875
ns_lion_801,resnet50_tl_20250829,8,4,72,156,76.0,160.0,145.96861267089844,145.7642364501953,0.204376220703125
ns_lion_801,resnet50_tl_20250829,8,4,72,160,76.0,164.0,145.96861267089844,146.09059143066406,-0.121978759765625
ns_lion_801,resnet50_tl_20250829,8,4,72,164,76.0,168.0,145.96861267089844,145.78955078125,0.1790618896484375
ns_lion_801,resnet50_tl_20250829,8,4,72,168,76.0,172.0,145.96861267089844,145.91493225097656,0.053680419921875
ns_lion_801,resnet50_tl_20250829,8,4,72,172,76.0,176.0,145.96861267089844,145.86778259277344,0.100830078125
ns_lion_801,resnet50_tl_20250829,8,4,72,176,76.0,180.0,145.96861267089844,145.96824645996094,0.0003662109375
ns_lion_801,resnet50_tl_20250829,8,4,72,180,76.0,184.0,145.96861267089844,145.9476776123047,0.02093505859375
ns_lion_801,resnet50_tl_20250829,8,4,72,184,76.0,188.0,145.96861267089844,146.0122528076172,-0.04364013671875
ns_lion_801,resnet50_tl_20250829,8,4,72,188,76.0,192.0,145.96861267089844,145.99493408203125,-0.0263214111328125
ns_lion_801,resnet50_tl_20250829,8,4,72,192,76.0,196.0,145.96861267089844,146.01065063476562,-0.0420379638671875
ns_lion_801,resnet50_tl_20250829,8,4,72,196,76.0,200.0,145.96861267089844,145.9586639404297,0.00994873046875
ns_lion_801,resnet50_tl_20250829,8,4,72,200,76.0,204.0,145.96861267089844,145.9739990234375,-0.0053863525390625
ns_lion_801,resnet50_tl_20250829,8,4,72,204,76.0,208.0,145.96861267089844,145.95364379882812,0.0149688720703125
ns_lion_801,resnet50_tl_20250829,8,4,72,208,76.0,212.0,145.96861267089844,145.97103881835938,-0.0024261474609375
ns_lion_801,resnet50_tl_20250829,8,4,72,212,76.0,216.0,145.96861267089844,145.9449005126953,0.023712158203125
ns_lion_801,resnet50_tl_20250829,8,4,72,216,76.0,220.0,145.96861267089844,145.95216369628906,0.016448974609375
ns_lion_801,resnet50_tl_20250829,8,4,76,0,80.0,4.0,145.96861267089844,145.6681671142578,0.300445556640625
ns_lion_801,resnet50_tl_20250829,8,4,76,4,80.0,8.0,145.96861267089844,145.96176147460938,0.0068511962890625
ns_lion_801,resnet50_tl_20250829,8,4,76,8,80.0,12.0,145.96861267089844,146.02886962890625,-0.0602569580078125
ns_lion_801,resnet50_tl_20250829,8,4,76,12,80.0,16.0,145.96861267089844,145.99285888671875,-0.0242462158203125
ns_lion_801,resnet50_tl_20250829,8,4,76,16,80.0,20.0,145.96861267089844,145.7522430419922,0.21636962890625
ns_lion_801,resnet50_tl_20250829,8,4,76,20,80.0,24.0,145.96861267089844,145.74732971191406,0.221282958984375
ns_lion_801,resnet50_tl_20250829,8,4,76,24,80.0,28.0,145.96861267089844,145.71939086914062,0.2492218017578125
ns_lion_801,resnet50_tl_20250829,8,4,76,28,80.0,32.0,145.96861267089844,145.7566680908203,0.211944580078125
ns_lion_801,resnet50_tl_20250829,8,4,76,32,80.0,36.0,145.96861267089844,145.70208740234375,0.2665252685546875
ns_lion_801,resnet50_tl_20250829,8,4,76,36,80.0,40.0,145.96861267089844,145.74728393554688,0.2213287353515625
ns_lion_801,resnet50_tl_20250829,8,4,76,40,80.0,44.0,145.96861267089844,145.7844696044922,0.18414306640625
ns_lion_801,resnet50_tl_20250829,8,4,76,44,80.0,48.0,145.96861267089844,145.9847412109375,-0.0161285400390625
ns_lion_801,resnet50_tl_20250829,8,4,76,48,80.0,52.0,145.96861267089844,145.93333435058594,0.0352783203125
ns_lion_801,resnet50_tl_20250829,8,4,76,52,80.0,56.0,145.96861267089844,145.79563903808594,0.1729736328125
ns_lion_801,resnet50_tl_20250829,8,4,76,56,80.0,60.0,145.96861267089844,145.75865173339844,0.2099609375
ns_lion_801,resnet50_tl_20250829,8,4,76,60,80.0,64.0,145.96861267089844,145.89529418945312,0.0733184814453125
ns_lion_801,resnet50_tl_20250829,8,4,76,64,80.0,68.0,145.96861267089844,145.8177947998047,0.15081787109375
ns_lion_801,resnet50_tl_20250829,8,4,76,68,80.0,72.0,145.96861267089844,145.82223510742188,0.1463775634765625
ns_lion_801,resnet50_tl_20250829,8,4,76,72,80.0,76.0,145.96861267089844,145.81224060058594,0.1563720703125
ns_lion_801,resnet50_tl_20250829,8,4,76,76,80.0,80.0,145.96861267089844,145.8407745361328,0.127838134765625
ns_lion_801,resnet50_tl_20250829,8,4,76,80,80.0,84.0,145.96861267089844,145.82557678222656,0.143035888671875
ns_lion_801,resnet50_tl_20250829,8,4,76,84,80.0,88.0,145.96861267089844,145.82421875,0.1443939208984375
ns_lion_801,resnet50_tl_20250829,8,4,76,88,80.0,92.0,145.96861267089844,145.74005126953125,0.2285614013671875
ns_lion_801,resnet50_tl_20250829,8,4,76,92,80.0,96.0,145.96861267089844,145.737548828125,0.2310638427734375
ns_lion_801,resnet50_tl_20250829,8,4,76,96,80.0,100.0,145.96861267089844,145.7623748779297,0.20623779296875
ns_lion_801,resnet50_tl_20250829,8,4,76,100,80.0,104.0,145.96861267089844,145.85227966308594,0.1163330078125
ns_lion_801,resnet50_tl_20250829,8,4,76,104,80.0,108.0,145.96861267089844,145.87353515625,0.0950775146484375
ns_lion_801,resnet50_tl_20250829,8,4,76,108,80.0,112.0,145.96861267089844,145.9834442138672,-0.01483154296875
ns_lion_801,resnet50_tl_20250829,8,4,76,112,80.0,116.0,145.96861267089844,145.94741821289062,0.0211944580078125
ns_lion_801,resnet50_tl_20250829,8,4,76,116,80.0,120.0,145.96861267089844,145.9612274169922,0.00738525390625
ns_lion_801,resnet50_tl_20250829,8,4,76,120,80.0,124.0,145.96861267089844,145.78282165527344,0.185791015625
ns_lion_801,resnet50_tl_20250829,8,4,76,124,80.0,128.0,145.96861267089844,145.8970947265625,0.0715179443359375
ns_lion_801,resnet50_tl_20250829,8,4,76,128,80.0,132.0,145.96861267089844,145.84765625,0.1209564208984375
ns_lion_801,resnet50_tl_20250829,8,4,76,132,80.0,136.0,145.96861267089844,145.7652130126953,0.203399658203125
ns_lion_801,resnet50_tl_20250829,8,4,76,136,80.0,140.0,145.96861267089844,145.7595672607422,0.20904541015625
ns_lion_801,resnet50_tl_20250829,8,4,76,140,80.0,144.0,145.96861267089844,145.86782836914062,0.1007843017578125
ns_lion_801,resnet50_tl_20250829,8,4,76,144,80.0,148.0,145.96861267089844,145.83518981933594,0.1334228515625
ns_lion_801,resnet50_tl_20250829,8,4,76,148,80.0,152.0,145.96861267089844,146.06576538085938,-0.0971527099609375
ns_lion_801,resnet50_tl_20250829,8,4,76,152,80.0,156.0,145.96861267089844,146.05140686035156,-0.082794189453125
ns_lion_801,resnet50_tl_20250829,8,4,76,156,80.0,160.0,145.96861267089844,145.86773681640625,0.1008758544921875
ns_lion_801,resnet50_tl_20250829,8,4,76,160,80.0,164.0,145.96861267089844,146.10739135742188,-0.1387786865234375
ns_lion_801,resnet50_tl_20250829,8,4,76,164,80.0,168.0,145.96861267089844,145.85891723632812,0.1096954345703125
ns_lion_801,resnet50_tl_20250829,8,4,76,168,80.0,172.0,145.96861267089844,145.8859100341797,0.08270263671875
ns_lion_801,resnet50_tl_20250829,8,4,76,172,80.0,176.0,145.96861267089844,145.86349487304688,0.1051177978515625
ns_lion_801,resnet50_tl_20250829,8,4,76,176,80.0,180.0,145.96861267089844,145.89732360839844,0.0712890625
ns_lion_801,resnet50_tl_20250829,8,4,76,180,80.0,184.0,145.96861267089844,145.97567749023438,-0.0070648193359375
ns_lion_801,resnet50_tl_20250829,8,4,76,184,80.0,188.0,145.96861267089844,146.0461883544922,-0.07757568359375
ns_lion_801,resnet50_tl_20250829,8,4,76,188,80.0,192.0,145.96861267089844,145.9825897216797,-0.01397705078125
ns_lion_801,resnet50_tl_20250829,8,4,76,192,80.0,196.0,145.96861267089844,145.98548889160156,-0.016876220703125
ns_lion_801,resnet50_tl_20250829,8,4,76,196,80.0,200.0,145.96861267089844,145.92929077148438,0.0393218994140625
ns_lion_801,resnet50_tl_20250829,8,4,76,200,80.0,204.0,145.96861267089844,145.9677734375,0.0008392333984375
ns_lion_801,resnet50_tl_20250829,8,4,76,204,80.0,208.0,145.96861267089844,145.93128967285156,0.037322998046875
ns_lion_801,resnet50_tl_20250829,8,4,76,208,80.0,212.0,145.96861267089844,145.94598388671875,0.0226287841796875
ns_lion_801,resnet50_tl_20250829,8,4,76,212,80.0,216.0,145.96861267089844,145.92103576660156,0.047576904296875
ns_lion_801,resnet50_tl_20250829,8,4,76,216,80.0,220.0,145.96861267089844,145.93006896972656,0.038543701171875
ns_lion_801,resnet50_tl_20250829,8,4,80,0,84.0,4.0,145.96861267089844,145.6811981201172,0.28741455078125
ns_lion_801,resnet50_tl_20250829,8,4,80,4,84.0,8.0,145.96861267089844,145.8172149658203,0.151397705078125
ns_lion_801,resnet50_tl_20250829,8,4,80,8,84.0,12.0,145.96861267089844,146.0137481689453,-0.045135498046875
ns_lion_801,resnet50_tl_20250829,8,4,80,12,84.0,16.0,145.96861267089844,145.9945526123047,-0.02593994140625
ns_lion_801,resnet50_tl_20250829,8,4,80,16,84.0,20.0,145.96861267089844,145.7160186767578,0.252593994140625
ns_lion_801,resnet50_tl_20250829,8,4,80,20,84.0,24.0,145.96861267089844,145.65774536132812,0.3108673095703125
ns_lion_801,resnet50_tl_20250829,8,4,80,24,84.0,28.0,145.96861267089844,145.74267578125,0.2259368896484375
ns_lion_801,resnet50_tl_20250829,8,4,80,28,84.0,32.0,145.96861267089844,145.70091247558594,0.2677001953125
ns_lion_801,resnet50_tl_20250829,8,4,80,32,84.0,36.0,145.96861267089844,145.78018188476562,0.1884307861328125
ns_lion_801,resnet50_tl_20250829,8,4,80,36,84.0,40.0,145.96861267089844,145.78378295898438,0.1848297119140625
ns_lion_801,resnet50_tl_20250829,8,4,80,40,84.0,44.0,145.96861267089844,145.88336181640625,0.0852508544921875
ns_lion_801,resnet50_tl_20250829,8,4,80,44,84.0,48.0,145.96861267089844,146.00051879882812,-0.0319061279296875
ns_lion_801,resnet50_tl_20250829,8,4,80,48,84.0,52.0,145.96861267089844,145.9763946533203,-0.007781982421875
ns_lion_801,resnet50_tl_20250829,8,4,80,52,84.0,56.0,145.96861267089844,145.8316192626953,0.136993408203125
ns_lion_801,resnet50_tl_20250829,8,4,80,56,84.0,60.0,145.96861267089844,145.80662536621094,0.1619873046875
ns_lion_801,resnet50_tl_20250829,8,4,80,60,84.0,64.0,145.96861267089844,145.86138916015625,0.1072235107421875
ns_lion_801,resnet50_tl_20250829,8,4,80,64,84.0,68.0,145.96861267089844,145.8663787841797,0.10223388671875
ns_lion_801,resnet50_tl_20250829,8,4,80,68,84.0,72.0,145.96861267089844,145.88534545898438,0.0832672119140625
ns_lion_801,resnet50_tl_20250829,8,4,80,72,84.0,76.0,145.96861267089844,145.90451049804688,0.0641021728515625
ns_lion_801,resnet50_tl_20250829,8,4,80,76,84.0,80.0,145.96861267089844,145.84429931640625,0.1243133544921875
ns_lion_801,resnet50_tl_20250829,8,4,80,80,84.0,84.0,145.96861267089844,145.84901428222656,0.119598388671875
ns_lion_801,resnet50_tl_20250829,8,4,80,84,84.0,88.0,145.96861267089844,145.8551483154297,0.11346435546875
ns_lion_801,resnet50_tl_20250829,8,4,80,88,84.0,92.0,145.96861267089844,145.77804565429688,0.1905670166015625
ns_lion_801,resnet50_tl_20250829,8,4,80,92,84.0,96.0,145.96861267089844,145.702392578125,0.2662200927734375
ns_lion_801,resnet50_tl_20250829,8,4,80,96,84.0,100.0,145.96861267089844,145.77993774414062,0.1886749267578125
ns_lion_801,resnet50_tl_20250829,8,4,80,100,84.0,104.0,145.96861267089844,145.84178161621094,0.1268310546875
ns_lion_801,resnet50_tl_20250829,8,4,80,104,84.0,108.0,145.96861267089844,145.97735595703125,-0.0087432861328125
ns_lion_801,resnet50_tl_20250829,8,4,80,108,84.0,112.0,145.96861267089844,146.05213928222656,-0.083526611328125
ns_lion_801,resnet50_tl_20250829,8,4,80,112,84.0,116.0,145.96861267089844,145.82275390625,0.1458587646484375
ns_lion_801,resnet50_tl_20250829,8,4,80,116,84.0,120.0,145.96861267089844,145.81265258789062,0.1559600830078125
ns_lion_801,resnet50_tl_20250829,8,4,80,120,84.0,124.0,145.96861267089844,145.82708740234375,0.1415252685546875
ns_lion_801,resnet50_tl_20250829,8,4,80,124,84.0,128.0,145.96861267089844,145.8857879638672,0.08282470703125
ns_lion_801,resnet50_tl_20250829,8,4,80,128,84.0,132.0,145.96861267089844,145.85879516601562,0.1098175048828125
ns_lion_801,resnet50_tl_20250829,8,4,80,132,84.0,136.0,145.96861267089844,145.75657653808594,0.2120361328125
ns_lion_801,resnet50_tl_20250829,8,4,80,136,84.0,140.0,145.96861267089844,145.78143310546875,0.1871795654296875
ns_lion_801,resnet50_tl_20250829,8,4,80,140,84.0,144.0,145.96861267089844,145.8427276611328,0.125885009765625
ns_lion_801,resnet50_tl_20250829,8,4,80,144,84.0,148.0,145.96861267089844,145.8271484375,0.1414642333984375
ns_lion_801,resnet50_tl_20250829,8,4,80,148,84.0,152.0,145.96861267089844,146.06468200683594,-0.0960693359375
ns_lion_801,resnet50_tl_20250829,8,4,80,152,84.0,156.0,145.96861267089844,146.03494262695312,-0.0663299560546875
ns_lion_801,resnet50_tl_20250829,8,4,80,156,84.0,160.0,145.96861267089844,145.9019012451172,0.06671142578125
ns_lion_801,resnet50_tl_20250829,8,4,80,160,84.0,164.0,145.96861267089844,146.02503967285156,-0.056427001953125
ns_lion_801,resnet50_tl_20250829,8,4,80,164,84.0,168.0,145.96861267089844,145.87925720214844,0.08935546875
ns_lion_801,resnet50_tl_20250829,8,4,80,168,84.0,172.0,145.96861267089844,145.94229125976562,0.0263214111328125
ns_lion_801,resnet50_tl_20250829,8,4,80,172,84.0,176.0,145.96861267089844,145.88064575195312,0.0879669189453125
ns_lion_801,resnet50_tl_20250829,8,4,80,176,84.0,180.0,145.96861267089844,145.9220428466797,0.04656982421875
ns_lion_801,resnet50_tl_20250829,8,4,80,180,84.0,184.0,145.96861267089844,145.94374084472656,0.024871826171875
ns_lion_801,resnet50_tl_20250829,8,4,80,184,84.0,188.0,145.96861267089844,146.01556396484375,-0.0469512939453125
ns_lion_801,resnet50_tl_20250829,8,4,80,188,84.0,192.0,145.96861267089844,145.95774841308594,0.0108642578125
ns_lion_801,resnet50_tl_20250829,8,4,80,192,84.0,196.0,145.96861267089844,145.98565673828125,-0.0170440673828125
ns_lion_801,resnet50_tl_20250829,8,4,80,196,84.0,200.0,145.96861267089844,145.9654083251953,0.003204345703125
ns_lion_801,resnet50_tl_20250829,8,4,80,200,84.0,204.0,145.96861267089844,145.97682189941406,-0.008209228515625
ns_lion_801,resnet50_tl_20250829,8,4,80,204,84.0,208.0,145.96861267089844,145.94351196289062,0.0251007080078125
ns_lion_801,resnet50_tl_20250829,8,4,80,208,84.0,212.0,145.96861267089844,145.94595336914062,0.0226593017578125
ns_lion_801,resnet50_tl_20250829,8,4,80,212,84.0,216.0,145.96861267089844,145.92286682128906,0.045745849609375
ns_lion_801,resnet50_tl_20250829,8,4,80,216,84.0,220.0,145.96861267089844,145.94149780273438,0.0271148681640625
ns_lion_801,resnet50_tl_20250829,8,4,84,0,88.0,4.0,145.96861267089844,145.8039093017578,0.164703369140625
ns_lion_801,resnet50_tl_20250829,8,4,84,4,88.0,8.0,145.96861267089844,145.91932678222656,0.049285888671875
ns_lion_801,resnet50_tl_20250829,8,4,84,8,88.0,12.0,145.96861267089844,146.0016326904297,-0.03302001953125
ns_lion_801,resnet50_tl_20250829,8,4,84,12,88.0,16.0,145.96861267089844,145.9954071044922,-0.02679443359375
ns_lion_801,resnet50_tl_20250829,8,4,84,16,88.0,20.0,145.96861267089844,145.80792236328125,0.1606903076171875
ns_lion_801,resnet50_tl_20250829,8,4,84,20,88.0,24.0,145.96861267089844,145.6762237548828,0.292388916015625
ns_lion_801,resnet50_tl_20250829,8,4,84,24,88.0,28.0,145.96861267089844,145.7202606201172,0.24835205078125
ns_lion_801,resnet50_tl_20250829,8,4,84,28,88.0,32.0,145.96861267089844,145.633056640625,0.3355560302734375
ns_lion_801,resnet50_tl_20250829,8,4,84,32,88.0,36.0,145.96861267089844,145.64993286132812,0.3186798095703125
ns_lion_801,resnet50_tl_20250829,8,4,84,36,88.0,40.0,145.96861267089844,145.7433624267578,0.225250244140625
ns_lion_801,resnet50_tl_20250829,8,4,84,40,88.0,44.0,145.96861267089844,145.82977294921875,0.1388397216796875
ns_lion_801,resnet50_tl_20250829,8,4,84,44,88.0,48.0,145.96861267089844,145.84454345703125,0.1240692138671875
ns_lion_801,resnet50_tl_20250829,8,4,84,48,88.0,52.0,145.96861267089844,145.8919219970703,0.076690673828125
ns_lion_801,resnet50_tl_20250829,8,4,84,52,88.0,56.0,145.96861267089844,145.80856323242188,0.1600494384765625
ns_lion_801,resnet50_tl_20250829,8,4,84,56,88.0,60.0,145.96861267089844,145.7846221923828,0.183990478515625
ns_lion_801,resnet50_tl_20250829,8,4,84,60,88.0,64.0,145.96861267089844,145.93540954589844,0.033203125
ns_lion_801,resnet50_tl_20250829,8,4,84,64,88.0,68.0,145.96861267089844,145.87954711914062,0.0890655517578125
ns_lion_801,resnet50_tl_20250829,8,4,84,68,88.0,72.0,145.96861267089844,145.88401794433594,0.0845947265625
ns_lion_801,resnet50_tl_20250829,8,4,84,72,88.0,76.0,145.96861267089844,145.94227600097656,0.026336669921875
ns_lion_801,resnet50_tl_20250829,8,4,84,76,88.0,80.0,145.96861267089844,145.8474884033203,0.121124267578125
ns_lion_801,resnet50_tl_20250829,8,4,84,80,88.0,84.0,145.96861267089844,145.7910919189453,0.177520751953125
ns_lion_801,resnet50_tl_20250829,8,4,84,84,88.0,88.0,145.96861267089844,145.94247436523438,0.0261383056640625
ns_lion_801,resnet50_tl_20250829,8,4,84,88,88.0,92.0,145.96861267089844,145.85772705078125,0.1108856201171875
ns_lion_801,resnet50_tl_20250829,8,4,84,92,88.0,96.0,145.96861267089844,145.8621063232422,0.10650634765625
ns_lion_801,resnet50_tl_20250829,8,4,84,96,88.0,100.0,145.96861267089844,145.83840942382812,0.1302032470703125
ns_lion_801,resnet50_tl_20250829,8,4,84,100,88.0,104.0,145.96861267089844,145.940185546875,0.0284271240234375
ns_lion_801,resnet50_tl_20250829,8,4,84,104,88.0,108.0,145.96861267089844,146.0640869140625,-0.0954742431640625
ns_lion_801,resnet50_tl_20250829,8,4,84,108,88.0,112.0,145.96861267089844,146.10623168945312,-0.1376190185546875
ns_lion_801,resnet50_tl_20250829,8,4,84,112,88.0,116.0,145.96861267089844,145.85501098632812,0.1136016845703125
ns_lion_801,resnet50_tl_20250829,8,4,84,116,88.0,120.0,145.96861267089844,145.76564025878906,0.202972412109375
ns_lion_801,resnet50_tl_20250829,8,4,84,120,88.0,124.0,145.96861267089844,145.74710083007812,0.2215118408203125
ns_lion_801,resnet50_tl_20250829,8,4,84,124,88.0,128.0,145.96861267089844,145.85861206054688,0.1100006103515625
ns_lion_801,resnet50_tl_20250829,8,4,84,128,88.0,132.0,145.96861267089844,145.78164672851562,0.1869659423828125
ns_lion_801,resnet50_tl_20250829,8,4,84,132,88.0,136.0,145.96861267089844,145.74757385253906,0.221038818359375
ns_lion_801,resnet50_tl_20250829,8,4,84,136,88.0,140.0,145.96861267089844,145.7444610595703,0.224151611328125
ns_lion_801,resnet50_tl_20250829,8,4,84,140,88.0,144.0,145.96861267089844,145.76876831054688,0.1998443603515625
ns_lion_801,resnet50_tl_20250829,8,4,84,144,88.0,148.0,145.96861267089844,145.79127502441406,0.177337646484375
ns_lion_801,resnet50_tl_20250829,8,4,84,148,88.0,152.0,145.96861267089844,146.24034118652344,-0.271728515625
ns_lion_801,resnet50_tl_20250829,8,4,84,152,88.0,156.0,145.96861267089844,146.0696258544922,-0.10101318359375
ns_lion_801,resnet50_tl_20250829,8,4,84,156,88.0,160.0,145.96861267089844,146.00372314453125,-0.0351104736328125
ns_lion_801,resnet50_tl_20250829,8,4,84,160,88.0,164.0,145.96861267089844,146.01319885253906,-0.044586181640625
ns_lion_801,resnet50_tl_20250829,8,4,84,164,88.0,168.0,145.96861267089844,146.0115203857422,-0.04290771484375
ns_lion_801,resnet50_tl_20250829,8,4,84,168,88.0,172.0,145.96861267089844,146.002685546875,-0.0340728759765625
ns_lion_801,resnet50_tl_20250829,8,4,84,172,88.0,176.0,145.96861267089844,146.05625915527344,-0.087646484375
ns_lion_801,resnet50_tl_20250829,8,4,84,176,88.0,180.0,145.96861267089844,146.0850372314453,-0.116424560546875
ns_lion_801,resnet50_tl_20250829,8,4,84,180,88.0,184.0,145.96861267089844,146.07066345214844,-0.10205078125
ns_lion_801,resnet50_tl_20250829,8,4,84,184,88.0,188.0,145.96861267089844,146.06263732910156,-0.094024658203125
ns_lion_801,resnet50_tl_20250829,8,4,84,188,88.0,192.0,145.96861267089844,146.01834106445312,-0.0497283935546875
ns_lion_801,resnet50_tl_20250829,8,4,84,192,88.0,196.0,145.96861267089844,146.07369995117188,-0.1050872802734375
ns_lion_801,resnet50_tl_20250829,8,4,84,196,88.0,200.0,145.96861267089844,146.01231384277344,-0.043701171875
ns_lion_801,resnet50_tl_20250829,8,4,84,200,88.0,204.0,145.96861267089844,145.99172973632812,-0.0231170654296875
ns_lion_801,resnet50_tl_20250829,8,4,84,204,88.0,208.0,145.96861267089844,145.96722412109375,0.0013885498046875
ns_lion_801,resnet50_tl_20250829,8,4,84,208,88.0,212.0,145.96861267089844,146.00904846191406,-0.040435791015625
ns_lion_801,resnet50_tl_20250829,8,4,84,212,88.0,216.0,145.96861267089844,145.96458435058594,0.0040283203125
ns_lion_801,resnet50_tl_20250829,8,4,84,216,88.0,220.0,145.96861267089844,145.93434143066406,0.034271240234375
ns_lion_801,resnet50_tl_20250829,8,4,88,0,92.0,4.0,145.96861267089844,145.8284454345703,0.140167236328125
ns_lion_801,resnet50_tl_20250829,8,4,88,4,92.0,8.0,145.96861267089844,145.8678436279297,0.10076904296875
ns_lion_801,resnet50_tl_20250829,8,4,88,8,92.0,12.0,145.96861267089844,145.98153686523438,-0.0129241943359375
ns_lion_801,resnet50_tl_20250829,8,4,88,12,92.0,16.0,145.96861267089844,145.96473693847656,0.003875732421875
ns_lion_801,resnet50_tl_20250829,8,4,88,16,92.0,20.0,145.96861267089844,145.72952270507812,0.2390899658203125
ns_lion_801,resnet50_tl_20250829,8,4,88,20,92.0,24.0,145.96861267089844,145.6599578857422,0.30865478515625
ns_lion_801,resnet50_tl_20250829,8,4,88,24,92.0,28.0,145.96861267089844,145.8187255859375,0.1498870849609375
ns_lion_801,resnet50_tl_20250829,8,4,88,28,92.0,32.0,145.96861267089844,145.73947143554688,0.2291412353515625
ns_lion_801,resnet50_tl_20250829,8,4,88,32,92.0,36.0,145.96861267089844,145.75999450683594,0.2086181640625
ns_lion_801,resnet50_tl_20250829,8,4,88,36,92.0,40.0,145.96861267089844,145.7592010498047,0.20941162109375
ns_lion_801,resnet50_tl_20250829,8,4,88,40,92.0,44.0,145.96861267089844,145.86842346191406,0.100189208984375
ns_lion_801,resnet50_tl_20250829,8,4,88,44,92.0,48.0,145.96861267089844,145.89645385742188,0.0721588134765625
ns_lion_801,resnet50_tl_20250829,8,4,88,48,92.0,52.0,145.96861267089844,145.94732666015625,0.0212860107421875
ns_lion_801,resnet50_tl_20250829,8,4,88,52,92.0,56.0,145.96861267089844,145.81106567382812,0.1575469970703125
ns_lion_801,resnet50_tl_20250829,8,4,88,56,92.0,60.0,145.96861267089844,145.85650634765625,0.1121063232421875
ns_lion_801,resnet50_tl_20250829,8,4,88,60,92.0,64.0,145.96861267089844,145.9035186767578,0.065093994140625
ns_lion_801,resnet50_tl_20250829,8,4,88,64,92.0,68.0,145.96861267089844,145.7662811279297,0.20233154296875
ns_lion_801,resnet50_tl_20250829,8,4,88,68,92.0,72.0,145.96861267089844,145.82530212402344,0.143310546875
ns_lion_801,resnet50_tl_20250829,8,4,88,72,92.0,76.0,145.96861267089844,145.77581787109375,0.1927947998046875
ns_lion_801,resnet50_tl_20250829,8,4,88,76,92.0,80.0,145.96861267089844,145.79885864257812,0.1697540283203125
ns_lion_801,resnet50_tl_20250829,8,4,88,80,92.0,84.0,145.96861267089844,145.6416473388672,0.32696533203125
ns_lion_801,resnet50_tl_20250829,8,4,88,84,92.0,88.0,145.96861267089844,145.7707977294922,0.19781494140625
ns_lion_801,resnet50_tl_20250829,8,4,88,88,92.0,92.0,145.96861267089844,145.78781127929688,0.1808013916015625
ns_lion_801,resnet50_tl_20250829,8,4,88,92,92.0,96.0,145.96861267089844,145.85215759277344,0.116455078125
ns_lion_801,resnet50_tl_20250829,8,4,88,96,92.0,100.0,145.96861267089844,145.71437072753906,0.254241943359375
ns_lion_801,resnet50_tl_20250829,8,4,88,100,92.0,104.0,145.96861267089844,145.95228576660156,0.016326904296875
ns_lion_801,resnet50_tl_20250829,8,4,88,104,92.0,108.0,145.96861267089844,146.03697204589844,-0.068359375
ns_lion_801,resnet50_tl_20250829,8,4,88,108,92.0,112.0,145.96861267089844,145.88235473632812,0.0862579345703125
ns_lion_801,resnet50_tl_20250829,8,4,88,112,92.0,116.0,145.96861267089844,145.79190063476562,0.1767120361328125
ns_lion_801,resnet50_tl_20250829,8,4,88,116,92.0,120.0,145.96861267089844,145.8033905029297,0.16522216796875
ns_lion_801,resnet50_tl_20250829,8,4,88,120,92.0,124.0,145.96861267089844,145.7908935546875,0.1777191162109375
ns_lion_801,resnet50_tl_20250829,8,4,88,124,92.0,128.0,145.96861267089844,145.84710693359375,0.1215057373046875
ns_lion_801,resnet50_tl_20250829,8,4,88,128,92.0,132.0,145.96861267089844,145.78306579589844,0.185546875
ns_lion_801,resnet50_tl_20250829,8,4,88,132,92.0,136.0,145.96861267089844,145.71524047851562,0.2533721923828125
ns_lion_801,resnet50_tl_20250829,8,4,88,136,92.0,140.0,145.96861267089844,145.7510528564453,0.217559814453125
ns_lion_801,resnet50_tl_20250829,8,4,88,140,92.0,144.0,145.96861267089844,145.7896270751953,0.178985595703125
ns_lion_801,resnet50_tl_20250829,8,4,88,144,92.0,148.0,145.96861267089844,145.8116912841797,0.15692138671875
ns_lion_801,resnet50_tl_20250829,8,4,88,148,92.0,152.0,145.96861267089844,146.18417358398438,-0.2155609130859375
ns_lion_801,resnet50_tl_20250829,8,4,88,152,92.0,156.0,145.96861267089844,145.9868621826172,-0.01824951171875
ns_lion_801,resnet50_tl_20250829,8,4,88,156,92.0,160.0,145.96861267089844,146.05404663085938,-0.0854339599609375
ns_lion_801,resnet50_tl_20250829,8,4,88,160,92.0,164.0,145.96861267089844,146.07366943359375,-0.1050567626953125
ns_lion_801,resnet50_tl_20250829,8,4,88,164,92.0,168.0,145.96861267089844,145.9090118408203,0.059600830078125
ns_lion_801,resnet50_tl_20250829,8,4,88,168,92.0,172.0,145.96861267089844,145.83799743652344,0.130615234375
ns_lion_801,resnet50_tl_20250829,8,4,88,172,92.0,176.0,145.96861267089844,145.83413696289062,0.1344757080078125
ns_lion_801,resnet50_tl_20250829,8,4,88,176,92.0,180.0,145.96861267089844,145.91712951660156,0.051483154296875
ns_lion_801,resnet50_tl_20250829,8,4,88,180,92.0,184.0,145.96861267089844,145.94847106933594,0.0201416015625
ns_lion_801,resnet50_tl_20250829,8,4,88,184,92.0,188.0,145.96861267089844,146.0248260498047,-0.05621337890625
ns_lion_801,resnet50_tl_20250829,8,4,88,188,92.0,192.0,145.96861267089844,145.9431915283203,0.025421142578125
ns_lion_801,resnet50_tl_20250829,8,4,88,192,92.0,196.0,145.96861267089844,145.97689819335938,-0.0082855224609375
ns_lion_801,resnet50_tl_20250829,8,4,88,196,92.0,200.0,145.96861267089844,145.944091796875,0.0245208740234375
ns_lion_801,resnet50_tl_20250829,8,4,88,200,92.0,204.0,145.96861267089844,145.99105834960938,-0.0224456787109375
ns_lion_801,resnet50_tl_20250829,8,4,88,204,92.0,208.0,145.96861267089844,145.986328125,-0.0177154541015625
ns_lion_801,resnet50_tl_20250829,8,4,88,208,92.0,212.0,145.96861267089844,146.0010528564453,-0.032440185546875
ns_lion_801,resnet50_tl_20250829,8,4,88,212,92.0,216.0,145.96861267089844,145.94651794433594,0.0220947265625
ns_lion_801,resnet50_tl_20250829,8,4,88,216,92.0,220.0,145.96861267089844,145.94097900390625,0.0276336669921875
ns_lion_801,resnet50_tl_20250829,8,4,92,0,96.0,4.0,145.96861267089844,145.80557250976562,0.1630401611328125
ns_lion_801,resnet50_tl_20250829,8,4,92,4,96.0,8.0,145.96861267089844,145.9242401123047,0.04437255859375
ns_lion_801,resnet50_tl_20250829,8,4,92,8,96.0,12.0,145.96861267089844,146.0392303466797,-0.07061767578125
ns_lion_801,resnet50_tl_20250829,8,4,92,12,96.0,16.0,145.96861267089844,146.06289672851562,-0.0942840576171875
ns_lion_801,resnet50_tl_20250829,8,4,92,16,96.0,20.0,145.96861267089844,145.80023193359375,0.1683807373046875
ns_lion_801,resnet50_tl_20250829,8,4,92,20,96.0,24.0,145.96861267089844,145.68092346191406,0.287689208984375
ns_lion_801,resnet50_tl_20250829,8,4,92,24,96.0,28.0,145.96861267089844,145.92160034179688,0.0470123291015625
ns_lion_801,resnet50_tl_20250829,8,4,92,28,96.0,32.0,145.96861267089844,145.89694213867188,0.0716705322265625
ns_lion_801,resnet50_tl_20250829,8,4,92,32,96.0,36.0,145.96861267089844,145.88461303710938,0.0839996337890625
ns_lion_801,resnet50_tl_20250829,8,4,92,36,96.0,40.0,145.96861267089844,145.841552734375,0.1270599365234375
ns_lion_801,resnet50_tl_20250829,8,4,92,40,96.0,44.0,145.96861267089844,146.00071716308594,-0.0321044921875
ns_lion_801,resnet50_tl_20250829,8,4,92,44,96.0,48.0,145.96861267089844,146.13336181640625,-0.1647491455078125
ns_lion_801,resnet50_tl_20250829,8,4,92,48,96.0,52.0,145.96861267089844,146.10826110839844,-0.1396484375
ns_lion_801,resnet50_tl_20250829,8,4,92,52,96.0,56.0,145.96861267089844,145.91006469726562,0.0585479736328125
ns_lion_801,resnet50_tl_20250829,8,4,92,56,96.0,60.0,145.96861267089844,145.93499755859375,0.0336151123046875
ns_lion_801,resnet50_tl_20250829,8,4,92,60,96.0,64.0,145.96861267089844,145.5676727294922,0.40093994140625
ns_lion_801,resnet50_tl_20250829,8,4,92,64,96.0,68.0,145.96861267089844,145.44992065429688,0.5186920166015625
ns_lion_801,resnet50_tl_20250829,8,4,92,68,96.0,72.0,145.96861267089844,145.81422424316406,0.154388427734375
ns_lion_801,resnet50_tl_20250829,8,4,92,72,96.0,76.0,145.96861267089844,145.879638671875,0.0889739990234375
ns_lion_801,resnet50_tl_20250829,8,4,92,76,96.0,80.0,145.96861267089844,145.6122283935547,0.35638427734375
ns_lion_801,resnet50_tl_20250829,8,4,92,80,96.0,84.0,145.96861267089844,145.35755920410156,0.611053466796875
ns_lion_801,resnet50_tl_20250829,8,4,92,84,96.0,88.0,145.96861267089844,145.67210388183594,0.2965087890625
ns_lion_801,resnet50_tl_20250829,8,4,92,88,96.0,92.0,145.96861267089844,145.79498291015625,0.1736297607421875
ns_lion_801,resnet50_tl_20250829,8,4,92,92,96.0,96.0,145.96861267089844,145.74942016601562,0.2191925048828125
ns_lion_801,resnet50_tl_20250829,8,4,92,96,96.0,100.0,145.96861267089844,145.6261749267578,0.342437744140625
ns_lion_801,resnet50_tl_20250829,8,4,92,100,96.0,104.0,145.96861267089844,145.95066833496094,0.0179443359375
ns_lion_801,resnet50_tl_20250829,8,4,92,104,96.0,108.0,145.96861267089844,145.85121154785156,0.117401123046875
ns_lion_801,resnet50_tl_20250829,8,4,92,108,96.0,112.0,145.96861267089844,145.90208435058594,0.0665283203125
ns_lion_801,resnet50_tl_20250829,8,4,92,112,96.0,116.0,145.96861267089844,145.84983825683594,0.1187744140625
ns_lion_801,resnet50_tl_20250829,8,4,92,116,96.0,120.0,145.96861267089844,145.87478637695312,0.0938262939453125
ns_lion_801,resnet50_tl_20250829,8,4,92,120,96.0,124.0,145.96861267089844,145.81590270996094,0.1527099609375
ns_lion_801,resnet50_tl_20250829,8,4,92,124,96.0,128.0,145.96861267089844,145.87416076660156,0.094451904296875
ns_lion_801,resnet50_tl_20250829,8,4,92,128,96.0,132.0,145.96861267089844,145.78431701660156,0.184295654296875
ns_lion_801,resnet50_tl_20250829,8,4,92,132,96.0,136.0,145.96861267089844,145.79043579101562,0.1781768798828125
ns_lion_801,resnet50_tl_20250829,8,4,92,136,96.0,140.0,145.96861267089844,145.7620849609375,0.2065277099609375
ns_lion_801,resnet50_tl_20250829,8,4,92,140,96.0,144.0,145.96861267089844,145.8251190185547,0.14349365234375
ns_lion_801,resnet50_tl_20250829,8,4,92,144,96.0,148.0,145.96861267089844,145.77996826171875,0.1886444091796875
ns_lion_801,resnet50_tl_20250829,8,4,92,148,96.0,152.0,145.96861267089844,146.06143188476562,-0.0928192138671875
ns_lion_801,resnet50_tl_20250829,8,4,92,152,96.0,156.0,145.96861267089844,145.85519409179688,0.1134185791015625
ns_lion_801,resnet50_tl_20250829,8,4,92,156,96.0,160.0,145.96861267089844,145.8876190185547,0.08099365234375
ns_lion_801,resnet50_tl_20250829,8,4,92,160,96.0,164.0,145.96861267089844,145.96363830566406,0.004974365234375
ns_lion_801,resnet50_tl_20250829,8,4,92,164,96.0,168.0,145.96861267089844,145.9775848388672,-0.00897216796875
ns_lion_801,resnet50_tl_20250829,8,4,92,168,96.0,172.0,145.96861267089844,145.85980224609375,0.1088104248046875
ns_lion_801,resnet50_tl_20250829,8,4,92,172,96.0,176.0,145.96861267089844,145.75791931152344,0.210693359375
ns_lion_801,resnet50_tl_20250829,8,4,92,176,96.0,180.0,145.96861267089844,145.83607482910156,0.132537841796875
ns_lion_801,resnet50_tl_20250829,8,4,92,180,96.0,184.0,145.96861267089844,145.97608947753906,-0.007476806640625
ns_lion_801,resnet50_tl_20250829,8,4,92,184,96.0,188.0,145.96861267089844,146.0743408203125,-0.1057281494140625
ns_lion_801,resnet50_tl_20250829,8,4,92,188,96.0,192.0,145.96861267089844,145.88055419921875,0.0880584716796875
ns_lion_801,resnet50_tl_20250829,8,4,92,192,96.0,196.0,145.96861267089844,145.9203338623047,0.04827880859375
ns_lion_801,resnet50_tl_20250829,8,4,92,196,96.0,200.0,145.96861267089844,145.9118194580078,0.056793212890625
ns_lion_801,resnet50_tl_20250829,8,4,92,200,96.0,204.0,145.96861267089844,146.00111389160156,-0.032501220703125
ns_lion_801,resnet50_tl_20250829,8,4,92,204,96.0,208.0,145.96861267089844,146.00135803222656,-0.032745361328125
ns_lion_801,resnet50_tl_20250829,8,4,92,208,96.0,212.0,145.96861267089844,146.00660705566406,-0.037994384765625
ns_lion_801,resnet50_tl_20250829,8,4,92,212,96.0,216.0,145.96861267089844,145.95944213867188,0.0091705322265625
ns_lion_801,resnet50_tl_20250829,8,4,92,216,96.0,220.0,145.96861267089844,145.94778442382812,0.0208282470703125
ns_lion_801,resnet50_tl_20250829,8,4,96,0,100.0,4.0,145.96861267089844,145.85784912109375,0.1107635498046875
ns_lion_801,resnet50_tl_20250829,8,4,96,4,100.0,8.0,145.96861267089844,145.93582153320312,0.0327911376953125
ns_lion_801,resnet50_tl_20250829,8,4,96,8,100.0,12.0,145.96861267089844,145.9947967529297,-0.02618408203125
ns_lion_801,resnet50_tl_20250829,8,4,96,12,100.0,16.0,145.96861267089844,145.9847869873047,-0.01617431640625
ns_lion_801,resnet50_tl_20250829,8,4,96,16,100.0,20.0,145.96861267089844,145.7971954345703,0.171417236328125
ns_lion_801,resnet50_tl_20250829,8,4,96,20,100.0,24.0,145.96861267089844,145.73736572265625,0.2312469482421875
ns_lion_801,resnet50_tl_20250829,8,4,96,24,100.0,28.0,145.96861267089844,145.8738555908203,0.094757080078125
ns_lion_801,resnet50_tl_20250829,8,4,96,28,100.0,32.0,145.96861267089844,145.93467712402344,0.033935546875
ns_lion_801,resnet50_tl_20250829,8,4,96,32,100.0,36.0,145.96861267089844,145.89529418945312,0.0733184814453125
ns_lion_801,resnet50_tl_20250829,8,4,96,36,100.0,40.0,145.96861267089844,145.89501953125,0.0735931396484375
ns_lion_801,resnet50_tl_20250829,8,4,96,40,100.0,44.0,145.96861267089844,146.01795959472656,-0.049346923828125
ns_lion_801,resnet50_tl_20250829,8,4,96,44,100.0,48.0,145.96861267089844,146.19430541992188,-0.2256927490234375
ns_lion_801,resnet50_tl_20250829,8,4,96,48,100.0,52.0,145.96861267089844,146.13206481933594,-0.1634521484375
ns_lion_801,resnet50_tl_20250829,8,4,96,52,100.0,56.0,145.96861267089844,145.9260711669922,0.04254150390625
ns_lion_801,resnet50_tl_20250829,8,4,96,56,100.0,60.0,145.96861267089844,145.84266662597656,0.125946044921875
ns_lion_801,resnet50_tl_20250829,8,4,96,60,100.0,64.0,145.96861267089844,145.63003540039062,0.3385772705078125
ns_lion_801,resnet50_tl_20250829,8,4,96,64,100.0,68.0,145.96861267089844,145.46279907226562,0.5058135986328125
ns_lion_801,resnet50_tl_20250829,8,4,96,68,100.0,72.0,145.96861267089844,145.8158416748047,0.15277099609375
ns_lion_801,resnet50_tl_20250829,8,4,96,72,100.0,76.0,145.96861267089844,146.0738983154297,-0.10528564453125
ns_lion_801,resnet50_tl_20250829,8,4,96,76,100.0,80.0,145.96861267089844,145.7662811279297,0.20233154296875
ns_lion_801,resnet50_tl_20250829,8,4,96,80,100.0,84.0,145.96861267089844,145.64349365234375,0.3251190185546875
ns_lion_801,resnet50_tl_20250829,8,4,96,84,100.0,88.0,145.96861267089844,145.82666015625,0.1419525146484375
ns_lion_801,resnet50_tl_20250829,8,4,96,88,100.0,92.0,145.96861267089844,145.81980895996094,0.1488037109375
ns_lion_801,resnet50_tl_20250829,8,4,96,92,100.0,96.0,145.96861267089844,145.70745849609375,0.2611541748046875
ns_lion_801,resnet50_tl_20250829,8,4,96,96,100.0,100.0,145.96861267089844,145.82347106933594,0.1451416015625
ns_lion_801,resnet50_tl_20250829,8,4,96,100,100.0,104.0,145.96861267089844,145.90394592285156,0.064666748046875
ns_lion_801,resnet50_tl_20250829,8,4,96,104,100.0,108.0,145.96861267089844,145.9313507080078,0.037261962890625
ns_lion_801,resnet50_tl_20250829,8,4,96,108,100.0,112.0,145.96861267089844,145.92022705078125,0.0483856201171875
ns_lion_801,resnet50_tl_20250829,8,4,96,112,100.0,116.0,145.96861267089844,145.80227661132812,0.1663360595703125
ns_lion_801,resnet50_tl_20250829,8,4,96,116,100.0,120.0,145.96861267089844,145.7845916748047,0.18402099609375
ns_lion_801,resnet50_tl_20250829,8,4,96,120,100.0,124.0,145.96861267089844,145.8388671875,0.1297454833984375
ns_lion_801,resnet50_tl_20250829,8,4,96,124,100.0,128.0,145.96861267089844,145.85601806640625,0.1125946044921875
ns_lion_801,resnet50_tl_20250829,8,4,96,128,100.0,132.0,145.96861267089844,145.7803955078125,0.1882171630859375
ns_lion_801,resnet50_tl_20250829,8,4,96,132,100.0,136.0,145.96861267089844,145.7623291015625,0.2062835693359375
ns_lion_801,resnet50_tl_20250829,8,4,96,136,100.0,140.0,145.96861267089844,145.7889862060547,0.17962646484375
ns_lion_801,resnet50_tl_20250829,8,4,96,140,100.0,144.0,145.96861267089844,145.8338623046875,0.1347503662109375
ns_lion_801,resnet50_tl_20250829,8,4,96,144,100.0,148.0,145.96861267089844,145.81094360351562,0.1576690673828125
ns_lion_801,resnet50_tl_20250829,8,4,96,148,100.0,152.0,145.96861267089844,146.0301055908203,-0.061492919921875
ns_lion_801,resnet50_tl_20250829,8,4,96,152,100.0,156.0,145.96861267089844,145.8908233642578,0.077789306640625
ns_lion_801,resnet50_tl_20250829,8,4,96,156,100.0,160.0,145.96861267089844,145.79042053222656,0.178192138671875
ns_lion_801,resnet50_tl_20250829,8,4,96,160,100.0,164.0,145.96861267089844,145.8858642578125,0.0827484130859375
ns_lion_801,resnet50_tl_20250829,8,4,96,164,100.0,168.0,145.96861267089844,145.96043395996094,0.0081787109375
ns_lion_801,resnet50_tl_20250829,8,4,96,168,100.0,172.0,145.96861267089844,145.6870880126953,0.281524658203125
ns_lion_801,resnet50_tl_20250829,8,4,96,172,100.0,176.0,145.96861267089844,145.5845184326172,0.38409423828125
ns_lion_801,resnet50_tl_20250829,8,4,96,176,100.0,180.0,145.96861267089844,145.814453125,0.1541595458984375
ns_lion_801,resnet50_tl_20250829,8,4,96,180,100.0,184.0,145.96861267089844,145.93202209472656,0.036590576171875
ns_lion_801,resnet50_tl_20250829,8,4,96,184,100.0,188.0,145.96861267089844,146.0381317138672,-0.06951904296875
ns_lion_801,resnet50_tl_20250829,8,4,96,188,100.0,192.0,145.96861267089844,145.90423583984375,0.0643768310546875
ns_lion_801,resnet50_tl_20250829,8,4,96,192,100.0,196.0,145.96861267089844,145.933349609375,0.0352630615234375
ns_lion_801,resnet50_tl_20250829,8,4,96,196,100.0,200.0,145.96861267089844,145.94078063964844,0.02783203125
ns_lion_801,resnet50_tl_20250829,8,4,96,200,100.0,204.0,145.96861267089844,145.98556518554688,-0.0169525146484375
ns_lion_801,resnet50_tl_20250829,8,4,96,204,100.0,208.0,145.96861267089844,145.98739624023438,-0.0187835693359375
ns_lion_801,resnet50_tl_20250829,8,4,96,208,100.0,212.0,145.96861267089844,145.99258422851562,-0.0239715576171875
ns_lion_801,resnet50_tl_20250829,8,4,96,212,100.0,216.0,145.96861267089844,145.95343017578125,0.0151824951171875
ns_lion_801,resnet50_tl_20250829,8,4,96,216,100.0,220.0,145.96861267089844,145.95481872558594,0.0137939453125
ns_lion_801,resnet50_tl_20250829,8,4,100,0,104.0,4.0,145.96861267089844,145.9121551513672,0.05645751953125
ns_lion_801,resnet50_tl_20250829,8,4,100,4,104.0,8.0,145.96861267089844,146.03330993652344,-0.064697265625
ns_lion_801,resnet50_tl_20250829,8,4,100,8,104.0,12.0,145.96861267089844,146.08192443847656,-0.113311767578125
ns_lion_801,resnet50_tl_20250829,8,4,100,12,104.0,16.0,145.96861267089844,146.04013061523438,-0.0715179443359375
ns_lion_801,resnet50_tl_20250829,8,4,100,16,104.0,20.0,145.96861267089844,145.89517211914062,0.0734405517578125
ns_lion_801,resnet50_tl_20250829,8,4,100,20,104.0,24.0,145.96861267089844,145.78366088867188,0.1849517822265625
ns_lion_801,resnet50_tl_20250829,8,4,100,24,104.0,28.0,145.96861267089844,145.8512725830078,0.117340087890625
ns_lion_801,resnet50_tl_20250829,8,4,100,28,104.0,32.0,145.96861267089844,145.89013671875,0.0784759521484375
ns_lion_801,resnet50_tl_20250829,8,4,100,32,104.0,36.0,145.96861267089844,145.8692169189453,0.099395751953125
ns_lion_801,resnet50_tl_20250829,8,4,100,36,104.0,40.0,145.96861267089844,146.0771942138672,-0.10858154296875
ns_lion_801,resnet50_tl_20250829,8,4,100,40,104.0,44.0,145.96861267089844,146.18310546875,-0.2144927978515625
ns_lion_801,resnet50_tl_20250829,8,4,100,44,104.0,48.0,145.96861267089844,146.09925842285156,-0.130645751953125
ns_lion_801,resnet50_tl_20250829,8,4,100,48,104.0,52.0,145.96861267089844,145.9943084716797,-0.02569580078125
ns_lion_801,resnet50_tl_20250829,8,4,100,52,104.0,56.0,145.96861267089844,145.95008850097656,0.018524169921875
ns_lion_801,resnet50_tl_20250829,8,4,100,56,104.0,60.0,145.96861267089844,145.9066619873047,0.06195068359375
ns_lion_801,resnet50_tl_20250829,8,4,100,60,104.0,64.0,145.96861267089844,146.02796936035156,-0.059356689453125
ns_lion_801,resnet50_tl_20250829,8,4,100,64,104.0,68.0,145.96861267089844,145.98123168945312,-0.0126190185546875
ns_lion_801,resnet50_tl_20250829,8,4,100,68,104.0,72.0,145.96861267089844,146.16233825683594,-0.1937255859375
ns_lion_801,resnet50_tl_20250829,8,4,100,72,104.0,76.0,145.96861267089844,146.1902618408203,-0.221649169921875
ns_lion_801,resnet50_tl_20250829,8,4,100,76,104.0,80.0,145.96861267089844,146.20794677734375,-0.2393341064453125
ns_lion_801,resnet50_tl_20250829,8,4,100,80,104.0,84.0,145.96861267089844,145.91844177246094,0.0501708984375
ns_lion_801,resnet50_tl_20250829,8,4,100,84,104.0,88.0,145.96861267089844,146.0169677734375,-0.0483551025390625
ns_lion_801,resnet50_tl_20250829,8,4,100,88,104.0,92.0,145.96861267089844,145.88528442382812,0.0833282470703125
ns_lion_801,resnet50_tl_20250829,8,4,100,92,104.0,96.0,145.96861267089844,145.968505859375,0.0001068115234375
ns_lion_801,resnet50_tl_20250829,8,4,100,96,104.0,100.0,145.96861267089844,145.95721435546875,0.0113983154296875
ns_lion_801,resnet50_tl_20250829,8,4,100,100,104.0,104.0,145.96861267089844,146.10743713378906,-0.138824462890625
ns_lion_801,resnet50_tl_20250829,8,4,100,104,104.0,108.0,145.96861267089844,145.99063110351562,-0.0220184326171875
ns_lion_801,resnet50_tl_20250829,8,4,100,108,104.0,112.0,145.96861267089844,146.0739288330078,-0.105316162109375
ns_lion_801,resnet50_tl_20250829,8,4,100,112,104.0,116.0,145.96861267089844,145.85934448242188,0.1092681884765625
ns_lion_801,resnet50_tl_20250829,8,4,100,116,104.0,120.0,145.96861267089844,145.86570739746094,0.1029052734375
ns_lion_801,resnet50_tl_20250829,8,4,100,120,104.0,124.0,145.96861267089844,145.7858428955078,0.182769775390625
ns_lion_801,resnet50_tl_20250829,8,4,100,124,104.0,128.0,145.96861267089844,145.7400665283203,0.228546142578125
ns_lion_801,resnet50_tl_20250829,8,4,100,128,104.0,132.0,145.96861267089844,145.65164184570312,0.3169708251953125
ns_lion_801,resnet50_tl_20250829,8,4,100,132,104.0,136.0,145.96861267089844,145.72238159179688,0.2462310791015625
ns_lion_801,resnet50_tl_20250829,8,4,100,136,104.0,140.0,145.96861267089844,145.80763244628906,0.160980224609375
ns_lion_801,resnet50_tl_20250829,8,4,100,140,104.0,144.0,145.96861267089844,145.84353637695312,0.1250762939453125
ns_lion_801,resnet50_tl_20250829,8,4,100,144,104.0,148.0,145.96861267089844,145.82273864746094,0.1458740234375
ns_lion_801,resnet50_tl_20250829,8,4,100,148,104.0,152.0,145.96861267089844,146.05686950683594,-0.0882568359375
ns_lion_801,resnet50_tl_20250829,8,4,100,152,104.0,156.0,145.96861267089844,146.0200653076172,-0.05145263671875
ns_lion_801,resnet50_tl_20250829,8,4,100,156,104.0,160.0,145.96861267089844,146.03836059570312,-0.0697479248046875
ns_lion_801,resnet50_tl_20250829,8,4,100,160,104.0,164.0,145.96861267089844,146.02340698242188,-0.0547943115234375
ns_lion_801,resnet50_tl_20250829,8,4,100,164,104.0,168.0,145.96861267089844,146.17698669433594,-0.2083740234375
ns_lion_801,resnet50_tl_20250829,8,4,100,168,104.0,172.0,145.96861267089844,146.00570678710938,-0.0370941162109375
ns_lion_801,resnet50_tl_20250829,8,4,100,172,104.0,176.0,145.96861267089844,145.89671325683594,0.0718994140625
ns_lion_801,resnet50_tl_20250829,8,4,100,176,104.0,180.0,145.96861267089844,146.04183959960938,-0.0732269287109375
ns_lion_801,resnet50_tl_20250829,8,4,100,180,104.0,184.0,145.96861267089844,146.04698181152344,-0.078369140625
ns_lion_801,resnet50_tl_20250829,8,4,100,184,104.0,188.0,145.96861267089844,146.11376953125,-0.1451568603515625
ns_lion_801,resnet50_tl_20250829,8,4,100,188,104.0,192.0,145.96861267089844,146.05014038085938,-0.0815277099609375
ns_lion_801,resnet50_tl_20250829,8,4,100,192,104.0,196.0,145.96861267089844,146.0828094482422,-0.11419677734375
ns_lion_801,resnet50_tl_20250829,8,4,100,196,104.0,200.0,145.96861267089844,146.016357421875,-0.0477447509765625
ns_lion_801,resnet50_tl_20250829,8,4,100,200,104.0,204.0,145.96861267089844,145.9929656982422,-0.02435302734375
ns_lion_801,resnet50_tl_20250829,8,4,100,204,104.0,208.0,145.96861267089844,145.9805450439453,-0.011932373046875
ns_lion_801,resnet50_tl_20250829,8,4,100,208,104.0,212.0,145.96861267089844,146.0155487060547,-0.04693603515625
ns_lion_801,resnet50_tl_20250829,8,4,100,212,104.0,216.0,145.96861267089844,145.97897338867188,-0.0103607177734375
ns_lion_801,resnet50_tl_20250829,8,4,100,216,104.0,220.0,145.96861267089844,145.94320678710938,0.0254058837890625
ns_lion_801,resnet50_tl_20250829,8,4,104,0,108.0,4.0,145.96861267089844,145.8292694091797,0.13934326171875
ns_lion_801,resnet50_tl_20250829,8,4,104,4,108.0,8.0,145.96861267089844,145.91429138183594,0.0543212890625
ns_lion_801,resnet50_tl_20250829,8,4,104,8,108.0,12.0,145.96861267089844,146.0120849609375,-0.0434722900390625
ns_lion_801,resnet50_tl_20250829,8,4,104,12,108.0,16.0,145.96861267089844,145.98556518554688,-0.0169525146484375
ns_lion_801,resnet50_tl_20250829,8,4,104,16,108.0,20.0,145.96861267089844,145.79380798339844,0.1748046875
ns_lion_801,resnet50_tl_20250829,8,4,104,20,108.0,24.0,145.96861267089844,145.73150634765625,0.2371063232421875
ns_lion_801,resnet50_tl_20250829,8,4,104,24,108.0,28.0,145.96861267089844,145.8640899658203,0.104522705078125
ns_lion_801,resnet50_tl_20250829,8,4,104,28,108.0,32.0,145.96861267089844,145.8895721435547,0.07904052734375
ns_lion_801,resnet50_tl_20250829,8,4,104,32,108.0,36.0,145.96861267089844,145.84396362304688,0.1246490478515625
ns_lion_801,resnet50_tl_20250829,8,4,104,36,108.0,40.0,145.96861267089844,146.0858154296875,-0.1172027587890625
ns_lion_801,resnet50_tl_20250829,8,4,104,40,108.0,44.0,145.96861267089844,146.26559448242188,-0.2969818115234375
ns_lion_801,resnet50_tl_20250829,8,4,104,44,108.0,48.0,145.96861267089844,146.01361083984375,-0.0449981689453125
ns_lion_801,resnet50_tl_20250829,8,4,104,48,108.0,52.0,145.96861267089844,145.947509765625,0.0211029052734375
ns_lion_801,resnet50_tl_20250829,8,4,104,52,108.0,56.0,145.96861267089844,145.8575439453125,0.1110687255859375
ns_lion_801,resnet50_tl_20250829,8,4,104,56,108.0,60.0,145.96861267089844,145.7690887451172,0.19952392578125
ns_lion_801,resnet50_tl_20250829,8,4,104,60,108.0,64.0,145.96861267089844,145.83053588867188,0.1380767822265625
ns_lion_801,resnet50_tl_20250829,8,4,104,64,108.0,68.0,145.96861267089844,145.7624053955078,0.206207275390625
ns_lion_801,resnet50_tl_20250829,8,4,104,68,108.0,72.0,145.96861267089844,145.95486450195312,0.0137481689453125
ns_lion_801,resnet50_tl_20250829,8,4,104,72,108.0,76.0,145.96861267089844,146.0609893798828,-0.092376708984375
ns_lion_801,resnet50_tl_20250829,8,4,104,76,108.0,80.0,145.96861267089844,145.82855224609375,0.1400604248046875
ns_lion_801,resnet50_tl_20250829,8,4,104,80,108.0,84.0,145.96861267089844,145.68344116210938,0.2851715087890625
ns_lion_801,resnet50_tl_20250829,8,4,104,84,108.0,88.0,145.96861267089844,145.72830200195312,0.2403106689453125
ns_lion_801,resnet50_tl_20250829,8,4,104,88,108.0,92.0,145.96861267089844,145.89022827148438,0.0783843994140625
ns_lion_801,resnet50_tl_20250829,8,4,104,92,108.0,96.0,145.96861267089844,145.7442169189453,0.224395751953125
ns_lion_801,resnet50_tl_20250829,8,4,104,96,108.0,100.0,145.96861267089844,145.79653930664062,0.1720733642578125
ns_lion_801,resnet50_tl_20250829,8,4,104,100,108.0,104.0,145.96861267089844,145.84991455078125,0.1186981201171875
ns_lion_801,resnet50_tl_20250829,8,4,104,104,108.0,108.0,145.96861267089844,145.91879272460938,0.0498199462890625
ns_lion_801,resnet50_tl_20250829,8,4,104,108,108.0,112.0,145.96861267089844,145.84495544433594,0.1236572265625
ns_lion_801,resnet50_tl_20250829,8,4,104,112,108.0,116.0,145.96861267089844,145.60707092285156,0.361541748046875
ns_lion_801,resnet50_tl_20250829,8,4,104,116,108.0,120.0,145.96861267089844,145.72885131835938,0.2397613525390625
ns_lion_801,resnet50_tl_20250829,8,4,104,120,108.0,124.0,145.96861267089844,145.74484252929688,0.2237701416015625
ns_lion_801,resnet50_tl_20250829,8,4,104,124,108.0,128.0,145.96861267089844,145.80873107910156,0.159881591796875
ns_lion_801,resnet50_tl_20250829,8,4,104,128,108.0,132.0,145.96861267089844,145.70994567871094,0.2586669921875
ns_lion_801,resnet50_tl_20250829,8,4,104,132,108.0,136.0,145.96861267089844,145.716064453125,0.2525482177734375
ns_lion_801,resnet50_tl_20250829,8,4,104,136,108.0,140.0,145.96861267089844,145.74310302734375,0.2255096435546875
ns_lion_801,resnet50_tl_20250829,8,4,104,140,108.0,144.0,145.96861267089844,145.81060791015625,0.1580047607421875
ns_lion_801,resnet50_tl_20250829,8,4,104,144,108.0,148.0,145.96861267089844,145.90074157714844,0.06787109375
ns_lion_801,resnet50_tl_20250829,8,4,104,148,108.0,152.0,145.96861267089844,145.9895782470703,-0.020965576171875
ns_lion_801,resnet50_tl_20250829,8,4,104,152,108.0,156.0,145.96861267089844,145.88319396972656,0.085418701171875
ns_lion_801,resnet50_tl_20250829,8,4,104,156,108.0,160.0,145.96861267089844,145.85194396972656,0.116668701171875
ns_lion_801,resnet50_tl_20250829,8,4,104,160,108.0,164.0,145.96861267089844,145.85340881347656,0.115203857421875
ns_lion_801,resnet50_tl_20250829,8,4,104,164,108.0,168.0,145.96861267089844,146.02169799804688,-0.0530853271484375
ns_lion_801,resnet50_tl_20250829,8,4,104,168,108.0,172.0,145.96861267089844,145.94813537597656,0.020477294921875
ns_lion_801,resnet50_tl_20250829,8,4,104,172,108.0,176.0,145.96861267089844,145.8056640625,0.1629486083984375
ns_lion_801,resnet50_tl_20250829,8,4,104,176,108.0,180.0,145.96861267089844,145.89491271972656,0.073699951171875
ns_lion_801,resnet50_tl_20250829,8,4,104,180,108.0,184.0,145.96861267089844,145.89703369140625,0.0715789794921875
ns_lion_801,resnet50_tl_20250829,8,4,104,184,108.0,188.0,145.96861267089844,146.09170532226562,-0.1230926513671875
ns_lion_801,resnet50_tl_20250829,8,4,104,188,108.0,192.0,145.96861267089844,146.02606201171875,-0.0574493408203125
ns_lion_801,resnet50_tl_20250829,8,4,104,192,108.0,196.0,145.96861267089844,146.03623962402344,-0.067626953125
ns_lion_801,resnet50_tl_20250829,8,4,104,196,108.0,200.0,145.96861267089844,145.97840881347656,-0.009796142578125
ns_lion_801,resnet50_tl_20250829,8,4,104,200,108.0,204.0,145.96861267089844,146.01051330566406,-0.041900634765625
ns_lion_801,resnet50_tl_20250829,8,4,104,204,108.0,208.0,145.96861267089844,145.98507690429688,-0.0164642333984375
ns_lion_801,resnet50_tl_20250829,8,4,104,208,108.0,212.0,145.96861267089844,145.97177124023438,-0.0031585693359375
ns_lion_801,resnet50_tl_20250829,8,4,104,212,108.0,216.0,145.96861267089844,145.9372100830078,0.031402587890625
ns_lion_801,resnet50_tl_20250829,8,4,104,216,108.0,220.0,145.96861267089844,145.9501953125,0.0184173583984375
ns_lion_801,resnet50_tl_20250829,8,4,108,0,112.0,4.0,145.96861267089844,145.67874145507812,0.2898712158203125
ns_lion_801,resnet50_tl_20250829,8,4,108,4,112.0,8.0,145.96861267089844,145.8876190185547,0.08099365234375
ns_lion_801,resnet50_tl_20250829,8,4,108,8,112.0,12.0,145.96861267089844,146.0276641845703,-0.059051513671875
ns_lion_801,resnet50_tl_20250829,8,4,108,12,112.0,16.0,145.96861267089844,146.04409790039062,-0.0754852294921875
ns_lion_801,resnet50_tl_20250829,8,4,108,16,112.0,20.0,145.96861267089844,145.73129272460938,0.2373199462890625
ns_lion_801,resnet50_tl_20250829,8,4,108,20,112.0,24.0,145.96861267089844,145.6099395751953,0.358673095703125
ns_lion_801,resnet50_tl_20250829,8,4,108,24,112.0,28.0,145.96861267089844,145.7403106689453,0.228302001953125
ns_lion_801,resnet50_tl_20250829,8,4,108,28,112.0,32.0,145.96861267089844,146.03431701660156,-0.065704345703125
ns_lion_801,resnet50_tl_20250829,8,4,108,32,112.0,36.0,145.96861267089844,146.0172119140625,-0.0485992431640625
ns_lion_801,resnet50_tl_20250829,8,4,108,36,112.0,40.0,145.96861267089844,146.0565643310547,-0.08795166015625
ns_lion_801,resnet50_tl_20250829,8,4,108,40,112.0,44.0,145.96861267089844,146.1573028564453,-0.188690185546875
ns_lion_801,resnet50_tl_20250829,8,4,108,44,112.0,48.0,145.96861267089844,146.12135314941406,-0.152740478515625
ns_lion_801,resnet50_tl_20250829,8,4,108,48,112.0,52.0,145.96861267089844,146.03338623046875,-0.0647735595703125
ns_lion_801,resnet50_tl_20250829,8,4,108,52,112.0,56.0,145.96861267089844,145.84609985351562,0.1225128173828125
ns_lion_801,resnet50_tl_20250829,8,4,108,56,112.0,60.0,145.96861267089844,145.60694885253906,0.361663818359375
ns_lion_801,resnet50_tl_20250829,8,4,108,60,112.0,64.0,145.96861267089844,145.30723571777344,0.661376953125
ns_lion_801,resnet50_tl_20250829,8,4,108,64,112.0,68.0,145.96861267089844,145.47146606445312,0.4971466064453125
ns_lion_801,resnet50_tl_20250829,8,4,108,68,112.0,72.0,145.96861267089844,145.82640075683594,0.1422119140625
ns_lion_801,resnet50_tl_20250829,8,4,108,72,112.0,76.0,145.96861267089844,145.8460235595703,0.122589111328125
ns_lion_801,resnet50_tl_20250829,8,4,108,76,112.0,80.0,145.96861267089844,145.61195373535156,0.356658935546875
ns_lion_801,resnet50_tl_20250829,8,4,108,80,112.0,84.0,145.96861267089844,145.4500732421875,0.5185394287109375
ns_lion_801,resnet50_tl_20250829,8,4,108,84,112.0,88.0,145.96861267089844,145.72994995117188,0.2386627197265625
ns_lion_801,resnet50_tl_20250829,8,4,108,88,112.0,92.0,145.96861267089844,145.84439086914062,0.1242218017578125
ns_lion_801,resnet50_tl_20250829,8,4,108,92,112.0,96.0,145.96861267089844,145.6376495361328,0.330963134765625
ns_lion_801,resnet50_tl_20250829,8,4,108,96,112.0,100.0,145.96861267089844,145.70643615722656,0.262176513671875
ns_lion_801,resnet50_tl_20250829,8,4,108,100,112.0,104.0,145.96861267089844,145.94110107421875,0.0275115966796875
ns_lion_801,resnet50_tl_20250829,8,4,108,104,112.0,108.0,145.96861267089844,145.99728393554688,-0.0286712646484375
ns_lion_801,resnet50_tl_20250829,8,4,108,108,112.0,112.0,145.96861267089844,145.73081970214844,0.23779296875
ns_lion_801,resnet50_tl_20250829,8,4,108,112,112.0,116.0,145.96861267089844,145.56163024902344,0.406982421875
ns_lion_801,resnet50_tl_20250829,8,4,108,116,112.0,120.0,145.96861267089844,145.7660675048828,0.202545166015625
ns_lion_801,resnet50_tl_20250829,8,4,108,120,112.0,124.0,145.96861267089844,145.82972717285156,0.138885498046875
ns_lion_801,resnet50_tl_20250829,8,4,108,124,112.0,128.0,145.96861267089844,145.98463439941406,-0.016021728515625
ns_lion_801,resnet50_tl_20250829,8,4,108,128,112.0,132.0,145.96861267089844,145.81640625,0.1522064208984375
ns_lion_801,resnet50_tl_20250829,8,4,108,132,112.0,136.0,145.96861267089844,145.74014282226562,0.2284698486328125
ns_lion_801,resnet50_tl_20250829,8,4,108,136,112.0,140.0,145.96861267089844,145.7521209716797,0.21649169921875
ns_lion_801,resnet50_tl_20250829,8,4,108,140,112.0,144.0,145.96861267089844,145.82969665527344,0.138916015625
ns_lion_801,resnet50_tl_20250829,8,4,108,144,112.0,148.0,145.96861267089844,145.81629943847656,0.152313232421875
ns_lion_801,resnet50_tl_20250829,8,4,108,148,112.0,152.0,145.96861267089844,145.96775817871094,0.0008544921875
ns_lion_801,resnet50_tl_20250829,8,4,108,152,112.0,156.0,145.96861267089844,145.89710998535156,0.071502685546875
ns_lion_801,resnet50_tl_20250829,8,4,108,156,112.0,160.0,145.96861267089844,145.5638427734375,0.4047698974609375
ns_lion_801,resnet50_tl_20250829,8,4,108,160,112.0,164.0,145.96861267089844,145.6886444091797,0.27996826171875
ns_lion_801,resnet50_tl_20250829,8,4,108,164,112.0,168.0,145.96861267089844,146.0472412109375,-0.0786285400390625
ns_lion_801,resnet50_tl_20250829,8,4,108,168,112.0,172.0,145.96861267089844,145.8670654296875,0.1015472412109375
ns_lion_801,resnet50_tl_20250829,8,4,108,172,112.0,176.0,145.96861267089844,145.63217163085938,0.3364410400390625
ns_lion_801,resnet50_tl_20250829,8,4,108,176,112.0,180.0,145.96861267089844,145.6318817138672,0.33673095703125
ns_lion_801,resnet50_tl_20250829,8,4,108,180,112.0,184.0,145.96861267089844,145.9664306640625,0.0021820068359375
ns_lion_801,resnet50_tl_20250829,8,4,108,184,112.0,188.0,145.96861267089844,146.13014221191406,-0.161529541015625
ns_lion_801,resnet50_tl_20250829,8,4,108,188,112.0,192.0,145.96861267089844,145.93545532226562,0.0331573486328125
ns_lion_801,resnet50_tl_20250829,8,4,108,192,112.0,196.0,145.96861267089844,145.89556884765625,0.0730438232421875
ns_lion_801,resnet50_tl_20250829,8,4,108,196,112.0,200.0,145.96861267089844,145.9266815185547,0.04193115234375
ns_lion_801,resnet50_tl_20250829,8,4,108,200,112.0,204.0,145.96861267089844,146.0142822265625,-0.0456695556640625
ns_lion_801,resnet50_tl_20250829,8,4,108,204,112.0,208.0,145.96861267089844,145.93740844726562,0.0312042236328125
ns_lion_801,resnet50_tl_20250829,8,4,108,208,112.0,212.0,145.96861267089844,145.90972900390625,0.0588836669921875
ns_lion_801,resnet50_tl_20250829,8,4,108,212,112.0,216.0,145.96861267089844,145.91552734375,0.0530853271484375
ns_lion_801,resnet50_tl_20250829,8,4,108,216,112.0,220.0,145.96861267089844,145.94305419921875,0.0255584716796875
ns_lion_801,resnet50_tl_20250829,8,4,112,0,116.0,4.0,145.96861267089844,145.73599243164062,0.2326202392578125
ns_lion_801,resnet50_tl_20250829,8,4,112,4,116.0,8.0,145.96861267089844,145.83514404296875,0.1334686279296875
ns_lion_801,resnet50_tl_20250829,8,4,112,8,116.0,12.0,145.96861267089844,146.02415466308594,-0.0555419921875
ns_lion_801,resnet50_tl_20250829,8,4,112,12,116.0,16.0,145.96861267089844,146.01036071777344,-0.041748046875
ns_lion_801,resnet50_tl_20250829,8,4,112,16,116.0,20.0,145.96861267089844,145.8108673095703,0.157745361328125
ns_lion_801,resnet50_tl_20250829,8,4,112,20,116.0,24.0,145.96861267089844,145.71044921875,0.2581634521484375
ns_lion_801,resnet50_tl_20250829,8,4,112,24,116.0,28.0,145.96861267089844,145.83807373046875,0.1305389404296875
ns_lion_801,resnet50_tl_20250829,8,4,112,28,116.0,32.0,145.96861267089844,146.020751953125,-0.0521392822265625
ns_lion_801,resnet50_tl_20250829,8,4,112,32,116.0,36.0,145.96861267089844,146.00474548339844,-0.0361328125
ns_lion_801,resnet50_tl_20250829,8,4,112,36,116.0,40.0,145.96861267089844,146.07257080078125,-0.1039581298828125
ns_lion_801,resnet50_tl_20250829,8,4,112,40,116.0,44.0,145.96861267089844,146.0494384765625,-0.0808258056640625
ns_lion_801,resnet50_tl_20250829,8,4,112,44,116.0,48.0,145.96861267089844,146.05845642089844,-0.08984375
ns_lion_801,resnet50_tl_20250829,8,4,112,48,116.0,52.0,145.96861267089844,145.99374389648438,-0.0251312255859375
ns_lion_801,resnet50_tl_20250829,8,4,112,52,116.0,56.0,145.96861267089844,145.81277465820312,0.1558380126953125
ns_lion_801,resnet50_tl_20250829,8,4,112,56,116.0,60.0,145.96861267089844,145.545654296875,0.4229583740234375
ns_lion_801,resnet50_tl_20250829,8,4,112,60,116.0,64.0,145.96861267089844,145.37059020996094,0.5980224609375
ns_lion_801,resnet50_tl_20250829,8,4,112,64,116.0,68.0,145.96861267089844,145.45111083984375,0.5175018310546875
ns_lion_801,resnet50_tl_20250829,8,4,112,68,116.0,72.0,145.96861267089844,145.66024780273438,0.3083648681640625
ns_lion_801,resnet50_tl_20250829,8,4,112,72,116.0,76.0,145.96861267089844,145.72914123535156,0.239471435546875
ns_lion_801,resnet50_tl_20250829,8,4,112,76,116.0,80.0,145.96861267089844,145.48092651367188,0.4876861572265625
ns_lion_801,resnet50_tl_20250829,8,4,112,80,116.0,84.0,145.96861267089844,145.4562530517578,0.512359619140625
ns_lion_801,resnet50_tl_20250829,8,4,112,84,116.0,88.0,145.96861267089844,145.59368896484375,0.3749237060546875
ns_lion_801,resnet50_tl_20250829,8,4,112,88,116.0,92.0,145.96861267089844,145.7561492919922,0.21246337890625
ns_lion_801,resnet50_tl_20250829,8,4,112,92,116.0,96.0,145.96861267089844,145.53414916992188,0.4344635009765625
ns_lion_801,resnet50_tl_20250829,8,4,112,96,116.0,100.0,145.96861267089844,145.6753692626953,0.293243408203125
ns_lion_801,resnet50_tl_20250829,8,4,112,100,116.0,104.0,145.96861267089844,145.7687225341797,0.19989013671875
ns_lion_801,resnet50_tl_20250829,8,4,112,104,116.0,108.0,145.96861267089844,145.91827392578125,0.0503387451171875
ns_lion_801,resnet50_tl_20250829,8,4,112,108,116.0,112.0,145.96861267089844,145.6466827392578,0.321929931640625
ns_lion_801,resnet50_tl_20250829,8,4,112,112,116.0,116.0,145.96861267089844,145.60272216796875,0.3658905029296875
ns_lion_801,resnet50_tl_20250829,8,4,112,116,116.0,120.0,145.96861267089844,145.72958374023438,0.2390289306640625
ns_lion_801,resnet50_tl_20250829,8,4,112,120,116.0,124.0,145.96861267089844,145.86911010742188,0.0995025634765625
ns_lion_801,resnet50_tl_20250829,8,4,112,124,116.0,128.0,145.96861267089844,145.9678192138672,0.00079345703125
ns_lion_801,resnet50_tl_20250829,8,4,112,128,116.0,132.0,145.96861267089844,145.8701629638672,0.09844970703125
ns_lion_801,resnet50_tl_20250829,8,4,112,132,116.0,136.0,145.96861267089844,145.80804443359375,0.1605682373046875
ns_lion_801,resnet50_tl_20250829,8,4,112,136,116.0,140.0,145.96861267089844,145.83853149414062,0.1300811767578125
ns_lion_801,resnet50_tl_20250829,8,4,112,140,116.0,144.0,145.96861267089844,145.8463134765625,0.1222991943359375
ns_lion_801,resnet50_tl_20250829,8,4,112,144,116.0,148.0,145.96861267089844,145.809814453125,0.1587982177734375
ns_lion_801,resnet50_tl_20250829,8,4,112,148,116.0,152.0,145.96861267089844,145.86758422851562,0.1010284423828125
ns_lion_801,resnet50_tl_20250829,8,4,112,152,116.0,156.0,145.96861267089844,145.89431762695312,0.0742950439453125
ns_lion_801,resnet50_tl_20250829,8,4,112,156,116.0,160.0,145.96861267089844,145.7073211669922,0.26129150390625
ns_lion_801,resnet50_tl_20250829,8,4,112,160,116.0,164.0,145.96861267089844,145.74874877929688,0.2198638916015625
ns_lion_801,resnet50_tl_20250829,8,4,112,164,116.0,168.0,145.96861267089844,146.09027099609375,-0.1216583251953125
ns_lion_801,resnet50_tl_20250829,8,4,112,168,116.0,172.0,145.96861267089844,146.21417236328125,-0.2455596923828125
ns_lion_801,resnet50_tl_20250829,8,4,112,172,116.0,176.0,145.96861267089844,145.9609375,0.0076751708984375
ns_lion_801,resnet50_tl_20250829,8,4,112,176,116.0,180.0,145.96861267089844,145.71658325195312,0.2520294189453125
ns_lion_801,resnet50_tl_20250829,8,4,112,180,116.0,184.0,145.96861267089844,145.8814239501953,0.087188720703125
ns_lion_801,resnet50_tl_20250829,8,4,112,184,116.0,188.0,145.96861267089844,145.981201171875,-0.0125885009765625
ns_lion_801,resnet50_tl_20250829,8,4,112,188,116.0,192.0,145.96861267089844,145.9554443359375,0.0131683349609375
ns_lion_801,resnet50_tl_20250829,8,4,112,192,116.0,196.0,145.96861267089844,146.00022888183594,-0.0316162109375
ns_lion_801,resnet50_tl_20250829,8,4,112,196,116.0,200.0,145.96861267089844,145.99990844726562,-0.0312957763671875
ns_lion_801,resnet50_tl_20250829,8,4,112,200,116.0,204.0,145.96861267089844,145.98622131347656,-0.017608642578125
ns_lion_801,resnet50_tl_20250829,8,4,112,204,116.0,208.0,145.96861267089844,145.88711547851562,0.0814971923828125
ns_lion_801,resnet50_tl_20250829,8,4,112,208,116.0,212.0,145.96861267089844,145.90232849121094,0.0662841796875
ns_lion_801,resnet50_tl_20250829,8,4,112,212,116.0,216.0,145.96861267089844,145.92312622070312,0.0454864501953125
ns_lion_801,resnet50_tl_20250829,8,4,112,216,116.0,220.0,145.96861267089844,145.95355224609375,0.0150604248046875
ns_lion_801,resnet50_tl_20250829,8,4,116,0,120.0,4.0,145.96861267089844,145.8739471435547,0.09466552734375
ns_lion_801,resnet50_tl_20250829,8,4,116,4,120.0,8.0,145.96861267089844,145.92453002929688,0.0440826416015625
ns_lion_801,resnet50_tl_20250829,8,4,116,8,120.0,12.0,145.96861267089844,146.0556640625,-0.0870513916015625
ns_lion_801,resnet50_tl_20250829,8,4,116,12,120.0,16.0,145.96861267089844,146.07351684570312,-0.1049041748046875
ns_lion_801,resnet50_tl_20250829,8,4,116,16,120.0,20.0,145.96861267089844,145.8954620361328,0.073150634765625
ns_lion_801,resnet50_tl_20250829,8,4,116,20,120.0,24.0,145.96861267089844,145.7888946533203,0.179718017578125
ns_lion_801,resnet50_tl_20250829,8,4,116,24,120.0,28.0,145.96861267089844,145.77162170410156,0.196990966796875
ns_lion_801,resnet50_tl_20250829,8,4,116,28,120.0,32.0,145.96861267089844,145.99020385742188,-0.0215911865234375
ns_lion_801,resnet50_tl_20250829,8,4,116,32,120.0,36.0,145.96861267089844,145.9562530517578,0.012359619140625
ns_lion_801,resnet50_tl_20250829,8,4,116,36,120.0,40.0,145.96861267089844,145.9635009765625,0.0051116943359375
ns_lion_801,resnet50_tl_20250829,8,4,116,40,120.0,44.0,145.96861267089844,145.8909454345703,0.077667236328125
ns_lion_801,resnet50_tl_20250829,8,4,116,44,120.0,48.0,145.96861267089844,145.95382690429688,0.0147857666015625
ns_lion_801,resnet50_tl_20250829,8,4,116,48,120.0,52.0,145.96861267089844,145.92022705078125,0.0483856201171875
ns_lion_801,resnet50_tl_20250829,8,4,116,52,120.0,56.0,145.96861267089844,145.8577423095703,0.110870361328125
ns_lion_801,resnet50_tl_20250829,8,4,116,56,120.0,60.0,145.96861267089844,145.78411865234375,0.1844940185546875
ns_lion_801,resnet50_tl_20250829,8,4,116,60,120.0,64.0,145.96861267089844,145.93072509765625,0.0378875732421875
ns_lion_801,resnet50_tl_20250829,8,4,116,64,120.0,68.0,145.96861267089844,145.9171600341797,0.05145263671875
ns_lion_801,resnet50_tl_20250829,8,4,116,68,120.0,72.0,145.96861267089844,145.9838104248047,-0.01519775390625
ns_lion_801,resnet50_tl_20250829,8,4,116,72,120.0,76.0,145.96861267089844,145.85336303710938,0.1152496337890625
ns_lion_801,resnet50_tl_20250829,8,4,116,76,120.0,80.0,145.96861267089844,145.9229278564453,0.045684814453125
ns_lion_801,resnet50_tl_20250829,8,4,116,80,120.0,84.0,145.96861267089844,145.83596801757812,0.1326446533203125
ns_lion_801,resnet50_tl_20250829,8,4,116,84,120.0,88.0,145.96861267089844,145.89805603027344,0.070556640625
ns_lion_801,resnet50_tl_20250829,8,4,116,88,120.0,92.0,145.96861267089844,145.8441619873047,0.12445068359375
ns_lion_801,resnet50_tl_20250829,8,4,116,92,120.0,96.0,145.96861267089844,145.91409301757812,0.0545196533203125
ns_lion_801,resnet50_tl_20250829,8,4,116,96,120.0,100.0,145.96861267089844,145.96444702148438,0.0041656494140625
ns_lion_801,resnet50_tl_20250829,8,4,116,100,120.0,104.0,145.96861267089844,145.99256896972656,-0.023956298828125
ns_lion_801,resnet50_tl_20250829,8,4,116,104,120.0,108.0,145.96861267089844,145.95541381835938,0.0131988525390625
ns_lion_801,resnet50_tl_20250829,8,4,116,108,120.0,112.0,145.96861267089844,145.94625854492188,0.0223541259765625
ns_lion_801,resnet50_tl_20250829,8,4,116,112,120.0,116.0,145.96861267089844,145.90960693359375,0.0590057373046875
ns_lion_801,resnet50_tl_20250829,8,4,116,116,120.0,120.0,145.96861267089844,145.82559204101562,0.1430206298828125
ns_lion_801,resnet50_tl_20250829,8,4,116,120,120.0,124.0,145.96861267089844,145.88055419921875,0.0880584716796875
ns_lion_801,resnet50_tl_20250829,8,4,116,124,120.0,128.0,145.96861267089844,145.93685913085938,0.0317535400390625
ns_lion_801,resnet50_tl_20250829,8,4,116,128,120.0,132.0,145.96861267089844,145.90237426757812,0.0662384033203125
ns_lion_801,resnet50_tl_20250829,8,4,116,132,120.0,136.0,145.96861267089844,145.88885498046875,0.0797576904296875
ns_lion_801,resnet50_tl_20250829,8,4,116,136,120.0,140.0,145.96861267089844,145.89952087402344,0.069091796875
ns_lion_801,resnet50_tl_20250829,8,4,116,140,120.0,144.0,145.96861267089844,145.882080078125,0.0865325927734375
ns_lion_801,resnet50_tl_20250829,8,4,116,144,120.0,148.0,145.96861267089844,145.79962158203125,0.1689910888671875
ns_lion_801,resnet50_tl_20250829,8,4,116,148,120.0,152.0,145.96861267089844,145.85682678222656,0.111785888671875
ns_lion_801,resnet50_tl_20250829,8,4,116,152,120.0,156.0,145.96861267089844,146.04669189453125,-0.0780792236328125
ns_lion_801,resnet50_tl_20250829,8,4,116,156,120.0,160.0,145.96861267089844,146.10708618164062,-0.1384735107421875
ns_lion_801,resnet50_tl_20250829,8,4,116,160,120.0,164.0,145.96861267089844,146.11260986328125,-0.1439971923828125
ns_lion_801,resnet50_tl_20250829,8,4,116,164,120.0,168.0,145.96861267089844,146.20668029785156,-0.238067626953125
ns_lion_801,resnet50_tl_20250829,8,4,116,168,120.0,172.0,145.96861267089844,146.22653198242188,-0.2579193115234375
ns_lion_801,resnet50_tl_20250829,8,4,116,172,120.0,176.0,145.96861267089844,146.2085723876953,-0.239959716796875
ns_lion_801,resnet50_tl_20250829,8,4,116,176,120.0,180.0,145.96861267089844,146.074951171875,-0.1063385009765625
ns_lion_801,resnet50_tl_20250829,8,4,116,180,120.0,184.0,145.96861267089844,146.11512756347656,-0.146514892578125
ns_lion_801,resnet50_tl_20250829,8,4,116,184,120.0,188.0,145.96861267089844,146.01258850097656,-0.043975830078125
ns_lion_801,resnet50_tl_20250829,8,4,116,188,120.0,192.0,145.96861267089844,146.0223846435547,-0.05377197265625
ns_lion_801,resnet50_tl_20250829,8,4,116,192,120.0,196.0,145.96861267089844,146.0579376220703,-0.089324951171875
ns_lion_801,resnet50_tl_20250829,8,4,116,196,120.0,200.0,145.96861267089844,146.0601043701172,-0.09149169921875
ns_lion_801,resnet50_tl_20250829,8,4,116,200,120.0,204.0,145.96861267089844,146.08392333984375,-0.1153106689453125
ns_lion_801,resnet50_tl_20250829,8,4,116,204,120.0,208.0,145.96861267089844,145.966064453125,0.0025482177734375
ns_lion_801,resnet50_tl_20250829,8,4,116,208,120.0,212.0,145.96861267089844,145.96701049804688,0.0016021728515625
ns_lion_801,resnet50_tl_20250829,8,4,116,212,120.0,216.0,145.96861267089844,145.94943237304688,0.0191802978515625
ns_lion_801,resnet50_tl_20250829,8,4,116,216,120.0,220.0,145.96861267089844,145.95211791992188,0.0164947509765625
ns_lion_801,resnet50_tl_20250829,8,4,120,0,124.0,4.0,145.96861267089844,145.81210327148438,0.1565093994140625
ns_lion_801,resnet50_tl_20250829,8,4,120,4,124.0,8.0,145.96861267089844,145.85821533203125,0.1103973388671875
ns_lion_801,resnet50_tl_20250829,8,4,120,8,124.0,12.0,145.96861267089844,145.9850616455078,-0.016448974609375
ns_lion_801,resnet50_tl_20250829,8,4,120,12,124.0,16.0,145.96861267089844,145.92550659179688,0.0431060791015625
ns_lion_801,resnet50_tl_20250829,8,4,120,16,124.0,20.0,145.96861267089844,145.72999572753906,0.238616943359375
ns_lion_801,resnet50_tl_20250829,8,4,120,20,124.0,24.0,145.96861267089844,145.6971893310547,0.27142333984375
ns_lion_801,resnet50_tl_20250829,8,4,120,24,124.0,28.0,145.96861267089844,145.9380645751953,0.030548095703125
ns_lion_801,resnet50_tl_20250829,8,4,120,28,124.0,32.0,145.96861267089844,146.01776123046875,-0.0491485595703125
ns_lion_801,resnet50_tl_20250829,8,4,120,32,124.0,36.0,145.96861267089844,145.907470703125,0.0611419677734375
ns_lion_801,resnet50_tl_20250829,8,4,120,36,124.0,40.0,145.96861267089844,145.74989318847656,0.218719482421875
ns_lion_801,resnet50_tl_20250829,8,4,120,40,124.0,44.0,145.96861267089844,145.68243408203125,0.2861785888671875
ns_lion_801,resnet50_tl_20250829,8,4,120,44,124.0,48.0,145.96861267089844,145.87765502929688,0.0909576416015625
ns_lion_801,resnet50_tl_20250829,8,4,120,48,124.0,52.0,145.96861267089844,145.859130859375,0.1094818115234375
ns_lion_801,resnet50_tl_20250829,8,4,120,52,124.0,56.0,145.96861267089844,145.60020446777344,0.368408203125
ns_lion_801,resnet50_tl_20250829,8,4,120,56,124.0,60.0,145.96861267089844,145.60452270507812,0.3640899658203125
ns_lion_801,resnet50_tl_20250829,8,4,120,60,124.0,64.0,145.96861267089844,145.51553344726562,0.4530792236328125
ns_lion_801,resnet50_tl_20250829,8,4,120,64,124.0,68.0,145.96861267089844,145.58058166503906,0.388031005859375
ns_lion_801,resnet50_tl_20250829,8,4,120,68,124.0,72.0,145.96861267089844,145.6837921142578,0.284820556640625
ns_lion_801,resnet50_tl_20250829,8,4,120,72,124.0,76.0,145.96861267089844,145.70306396484375,0.2655487060546875
ns_lion_801,resnet50_tl_20250829,8,4,120,76,124.0,80.0,145.96861267089844,145.68472290039062,0.2838897705078125
ns_lion_801,resnet50_tl_20250829,8,4,120,80,124.0,84.0,145.96861267089844,145.64572143554688,0.3228912353515625
ns_lion_801,resnet50_tl_20250829,8,4,120,84,124.0,88.0,145.96861267089844,145.68702697753906,0.281585693359375
ns_lion_801,resnet50_tl_20250829,8,4,120,88,124.0,92.0,145.96861267089844,145.76629638671875,0.2023162841796875
ns_lion_801,resnet50_tl_20250829,8,4,120,92,124.0,96.0,145.96861267089844,145.69876098632812,0.2698516845703125
ns_lion_801,resnet50_tl_20250829,8,4,120,96,124.0,100.0,145.96861267089844,145.75685119628906,0.211761474609375
ns_lion_801,resnet50_tl_20250829,8,4,120,100,124.0,104.0,145.96861267089844,145.7657470703125,0.2028656005859375
ns_lion_801,resnet50_tl_20250829,8,4,120,104,124.0,108.0,145.96861267089844,145.84536743164062,0.1232452392578125
ns_lion_801,resnet50_tl_20250829,8,4,120,108,124.0,112.0,145.96861267089844,145.8185272216797,0.15008544921875
ns_lion_801,resnet50_tl_20250829,8,4,120,112,124.0,116.0,145.96861267089844,145.82310485839844,0.1455078125
ns_lion_801,resnet50_tl_20250829,8,4,120,116,124.0,120.0,145.96861267089844,145.84292602539062,0.1256866455078125
ns_lion_801,resnet50_tl_20250829,8,4,120,120,124.0,124.0,145.96861267089844,145.9853515625,-0.0167388916015625
ns_lion_801,resnet50_tl_20250829,8,4,120,124,124.0,128.0,145.96861267089844,146.08815002441406,-0.119537353515625
ns_lion_801,resnet50_tl_20250829,8,4,120,128,124.0,132.0,145.96861267089844,145.9608917236328,0.007720947265625
ns_lion_801,resnet50_tl_20250829,8,4,120,132,124.0,136.0,145.96861267089844,145.9167022705078,0.051910400390625
ns_lion_801,resnet50_tl_20250829,8,4,120,136,124.0,140.0,145.96861267089844,145.93280029296875,0.0358123779296875
ns_lion_801,resnet50_tl_20250829,8,4,120,140,124.0,144.0,145.96861267089844,145.90850830078125,0.0601043701171875
ns_lion_801,resnet50_tl_20250829,8,4,120,144,124.0,148.0,145.96861267089844,145.89132690429688,0.0772857666015625
ns_lion_801,resnet50_tl_20250829,8,4,120,148,124.0,152.0,145.96861267089844,145.86236572265625,0.1062469482421875
ns_lion_801,resnet50_tl_20250829,8,4,120,152,124.0,156.0,145.96861267089844,145.99783325195312,-0.0292205810546875
ns_lion_801,resnet50_tl_20250829,8,4,120,156,124.0,160.0,145.96861267089844,145.9862518310547,-0.01763916015625
ns_lion_801,resnet50_tl_20250829,8,4,120,160,124.0,164.0,145.96861267089844,145.8217010498047,0.14691162109375
ns_lion_801,resnet50_tl_20250829,8,4,120,164,124.0,168.0,145.96861267089844,146.07066345214844,-0.10205078125
ns_lion_801,resnet50_tl_20250829,8,4,120,168,124.0,172.0,145.96861267089844,146.18450927734375,-0.2158966064453125
ns_lion_801,resnet50_tl_20250829,8,4,120,172,124.0,176.0,145.96861267089844,146.18218994140625,-0.2135772705078125
ns_lion_801,resnet50_tl_20250829,8,4,120,176,124.0,180.0,145.96861267089844,145.9861602783203,-0.017547607421875
ns_lion_801,resnet50_tl_20250829,8,4,120,180,124.0,184.0,145.96861267089844,145.90118408203125,0.0674285888671875
ns_lion_801,resnet50_tl_20250829,8,4,120,184,124.0,188.0,145.96861267089844,145.94784545898438,0.0207672119140625
ns_lion_801,resnet50_tl_20250829,8,4,120,188,124.0,192.0,145.96861267089844,145.93161010742188,0.0370025634765625
ns_lion_801,resnet50_tl_20250829,8,4,120,192,124.0,196.0,145.96861267089844,145.94300842285156,0.025604248046875
ns_lion_801,resnet50_tl_20250829,8,4,120,196,124.0,200.0,145.96861267089844,145.93943786621094,0.0291748046875
ns_lion_801,resnet50_tl_20250829,8,4,120,200,124.0,204.0,145.96861267089844,145.9834747314453,-0.014862060546875
ns_lion_801,resnet50_tl_20250829,8,4,120,204,124.0,208.0,145.96861267089844,146.02772521972656,-0.059112548828125
ns_lion_801,resnet50_tl_20250829,8,4,120,208,124.0,212.0,145.96861267089844,146.00550842285156,-0.036895751953125
ns_lion_801,resnet50_tl_20250829,8,4,120,212,124.0,216.0,145.96861267089844,145.95663452148438,0.0119781494140625
ns_lion_801,resnet50_tl_20250829,8,4,120,216,124.0,220.0,145.96861267089844,145.9574737548828,0.011138916015625
ns_lion_801,resnet50_tl_20250829,8,4,124,0,128.0,4.0,145.96861267089844,145.7609100341797,0.20770263671875
ns_lion_801,resnet50_tl_20250829,8,4,124,4,128.0,8.0,145.96861267089844,145.85585021972656,0.112762451171875
ns_lion_801,resnet50_tl_20250829,8,4,124,8,128.0,12.0,145.96861267089844,145.97914123535156,-0.010528564453125
ns_lion_801,resnet50_tl_20250829,8,4,124,12,128.0,16.0,145.96861267089844,146.00169372558594,-0.0330810546875
ns_lion_801,resnet50_tl_20250829,8,4,124,16,128.0,20.0,145.96861267089844,145.66693115234375,0.3016815185546875
ns_lion_801,resnet50_tl_20250829,8,4,124,20,128.0,24.0,145.96861267089844,145.69374084472656,0.274871826171875
ns_lion_801,resnet50_tl_20250829,8,4,124,24,128.0,28.0,145.96861267089844,146.00376892089844,-0.03515625
ns_lion_801,resnet50_tl_20250829,8,4,124,28,128.0,32.0,145.96861267089844,145.966552734375,0.0020599365234375
ns_lion_801,resnet50_tl_20250829,8,4,124,32,128.0,36.0,145.96861267089844,145.8747100830078,0.093902587890625
ns_lion_801,resnet50_tl_20250829,8,4,124,36,128.0,40.0,145.96861267089844,145.66390991210938,0.3047027587890625
ns_lion_801,resnet50_tl_20250829,8,4,124,40,128.0,44.0,145.96861267089844,145.7274932861328,0.241119384765625
ns_lion_801,resnet50_tl_20250829,8,4,124,44,128.0,48.0,145.96861267089844,145.87417602539062,0.0944366455078125
ns_lion_801,resnet50_tl_20250829,8,4,124,48,128.0,52.0,145.96861267089844,145.88897705078125,0.0796356201171875
ns_lion_801,resnet50_tl_20250829,8,4,124,52,128.0,56.0,145.96861267089844,145.8173065185547,0.15130615234375
ns_lion_801,resnet50_tl_20250829,8,4,124,56,128.0,60.0,145.96861267089844,145.82847595214844,0.14013671875
ns_lion_801,resnet50_tl_20250829,8,4,124,60,128.0,64.0,145.96861267089844,145.42819213867188,0.5404205322265625
ns_lion_801,resnet50_tl_20250829,8,4,124,64,128.0,68.0,145.96861267089844,145.41749572753906,0.551116943359375
ns_lion_801,resnet50_tl_20250829,8,4,124,68,128.0,72.0,145.96861267089844,145.90635681152344,0.062255859375
ns_lion_801,resnet50_tl_20250829,8,4,124,72,128.0,76.0,145.96861267089844,145.85043334960938,0.1181793212890625
ns_lion_801,resnet50_tl_20250829,8,4,124,76,128.0,80.0,145.96861267089844,145.7254638671875,0.2431488037109375
ns_lion_801,resnet50_tl_20250829,8,4,124,80,128.0,84.0,145.96861267089844,145.5973663330078,0.371246337890625
ns_lion_801,resnet50_tl_20250829,8,4,124,84,128.0,88.0,145.96861267089844,145.83755493164062,0.1310577392578125
ns_lion_801,resnet50_tl_20250829,8,4,124,88,128.0,92.0,145.96861267089844,145.87498474121094,0.0936279296875
ns_lion_801,resnet50_tl_20250829,8,4,124,92,128.0,96.0,145.96861267089844,145.6170196533203,0.351593017578125
ns_lion_801,resnet50_tl_20250829,8,4,124,96,128.0,100.0,145.96861267089844,145.6537322998047,0.31488037109375
ns_lion_801,resnet50_tl_20250829,8,4,124,100,128.0,104.0,145.96861267089844,145.7604522705078,0.208160400390625
ns_lion_801,resnet50_tl_20250829,8,4,124,104,128.0,108.0,145.96861267089844,145.9053192138672,0.06329345703125
ns_lion_801,resnet50_tl_20250829,8,4,124,108,128.0,112.0,145.96861267089844,145.8287811279297,0.13983154296875
ns_lion_801,resnet50_tl_20250829,8,4,124,112,128.0,116.0,145.96861267089844,145.72996520996094,0.2386474609375
ns_lion_801,resnet50_tl_20250829,8,4,124,116,128.0,120.0,145.96861267089844,145.7685546875,0.2000579833984375
ns_lion_801,resnet50_tl_20250829,8,4,124,120,128.0,124.0,145.96861267089844,145.97357177734375,-0.0049591064453125
ns_lion_801,resnet50_tl_20250829,8,4,124,124,128.0,128.0,145.96861267089844,146.13925170898438,-0.1706390380859375
ns_lion_801,resnet50_tl_20250829,8,4,124,128,128.0,132.0,145.96861267089844,146.07806396484375,-0.1094512939453125
ns_lion_801,resnet50_tl_20250829,8,4,124,132,128.0,136.0,145.96861267089844,145.91407775878906,0.054534912109375
ns_lion_801,resnet50_tl_20250829,8,4,124,136,128.0,140.0,145.96861267089844,145.93936157226562,0.0292510986328125
ns_lion_801,resnet50_tl_20250829,8,4,124,140,128.0,144.0,145.96861267089844,146.0138702392578,-0.045257568359375
ns_lion_801,resnet50_tl_20250829,8,4,124,144,128.0,148.0,145.96861267089844,145.94639587402344,0.022216796875
ns_lion_801,resnet50_tl_20250829,8,4,124,148,128.0,152.0,145.96861267089844,145.9726104736328,-0.003997802734375
ns_lion_801,resnet50_tl_20250829,8,4,124,152,128.0,156.0,145.96861267089844,145.9442138671875,0.0243988037109375
ns_lion_801,resnet50_tl_20250829,8,4,124,156,128.0,160.0,145.96861267089844,145.72711181640625,0.2415008544921875
ns_lion_801,resnet50_tl_20250829,8,4,124,160,128.0,164.0,145.96861267089844,145.63938903808594,0.3292236328125
ns_lion_801,resnet50_tl_20250829,8,4,124,164,128.0,168.0,145.96861267089844,146.02224731445312,-0.0536346435546875
ns_lion_801,resnet50_tl_20250829,8,4,124,168,128.0,172.0,145.96861267089844,146.0615692138672,-0.09295654296875
ns_lion_801,resnet50_tl_20250829,8,4,124,172,128.0,176.0,145.96861267089844,145.94131469726562,0.0272979736328125
ns_lion_801,resnet50_tl_20250829,8,4,124,176,128.0,180.0,145.96861267089844,145.7958984375,0.1727142333984375
ns_lion_801,resnet50_tl_20250829,8,4,124,180,128.0,184.0,145.96861267089844,145.93991088867188,0.0287017822265625
ns_lion_801,resnet50_tl_20250829,8,4,124,184,128.0,188.0,145.96861267089844,145.9041748046875,0.0644378662109375
ns_lion_801,resnet50_tl_20250829,8,4,124,188,128.0,192.0,145.96861267089844,145.76107788085938,0.2075347900390625
ns_lion_801,resnet50_tl_20250829,8,4,124,192,128.0,196.0,145.96861267089844,145.762939453125,0.2056732177734375
ns_lion_801,resnet50_tl_20250829,8,4,124,196,128.0,200.0,145.96861267089844,145.9358367919922,0.03277587890625
ns_lion_801,resnet50_tl_20250829,8,4,124,200,128.0,204.0,145.96861267089844,145.9453582763672,0.02325439453125
ns_lion_801,resnet50_tl_20250829,8,4,124,204,128.0,208.0,145.96861267089844,146.0294189453125,-0.0608062744140625
ns_lion_801,resnet50_tl_20250829,8,4,124,208,128.0,212.0,145.96861267089844,146.0310821533203,-0.062469482421875
ns_lion_801,resnet50_tl_20250829,8,4,124,212,128.0,216.0,145.96861267089844,145.98484802246094,-0.0162353515625
ns_lion_801,resnet50_tl_20250829,8,4,124,216,128.0,220.0,145.96861267089844,145.9766082763672,-0.00799560546875
ns_lion_801,resnet50_tl_20250829,8,4,128,0,132.0,4.0,145.96861267089844,145.77337646484375,0.1952362060546875
ns_lion_801,resnet50_tl_20250829,8,4,128,4,132.0,8.0,145.96861267089844,145.7953643798828,0.173248291015625
ns_lion_801,resnet50_tl_20250829,8,4,128,8,132.0,12.0,145.96861267089844,145.88330078125,0.0853118896484375
ns_lion_801,resnet50_tl_20250829,8,4,128,12,132.0,16.0,145.96861267089844,145.93008422851562,0.0385284423828125
ns_lion_801,resnet50_tl_20250829,8,4,128,16,132.0,20.0,145.96861267089844,145.5963592529297,0.37225341796875
ns_lion_801,resnet50_tl_20250829,8,4,128,20,132.0,24.0,145.96861267089844,145.76931762695312,0.1992950439453125
ns_lion_801,resnet50_tl_20250829,8,4,128,24,132.0,28.0,145.96861267089844,145.91522216796875,0.0533905029296875
ns_lion_801,resnet50_tl_20250829,8,4,128,28,132.0,32.0,145.96861267089844,145.8935546875,0.0750579833984375
ns_lion_801,resnet50_tl_20250829,8,4,128,32,132.0,36.0,145.96861267089844,145.64910888671875,0.3195037841796875
ns_lion_801,resnet50_tl_20250829,8,4,128,36,132.0,40.0,145.96861267089844,145.59547424316406,0.373138427734375
ns_lion_801,resnet50_tl_20250829,8,4,128,40,132.0,44.0,145.96861267089844,145.79486083984375,0.1737518310546875
ns_lion_801,resnet50_tl_20250829,8,4,128,44,132.0,48.0,145.96861267089844,145.86239624023438,0.1062164306640625
ns_lion_801,resnet50_tl_20250829,8,4,128,48,132.0,52.0,145.96861267089844,145.83251953125,0.1360931396484375
ns_lion_801,resnet50_tl_20250829,8,4,128,52,132.0,56.0,145.96861267089844,145.63424682617188,0.3343658447265625
ns_lion_801,resnet50_tl_20250829,8,4,128,56,132.0,60.0,145.96861267089844,145.74264526367188,0.2259674072265625
ns_lion_801,resnet50_tl_20250829,8,4,128,60,132.0,64.0,145.96861267089844,145.53431701660156,0.434295654296875
ns_lion_801,resnet50_tl_20250829,8,4,128,64,132.0,68.0,145.96861267089844,145.4213104248047,0.54730224609375
ns_lion_801,resnet50_tl_20250829,8,4,128,68,132.0,72.0,145.96861267089844,145.6632080078125,0.3054046630859375
ns_lion_801,resnet50_tl_20250829,8,4,128,72,132.0,76.0,145.96861267089844,145.7765350341797,0.19207763671875
ns_lion_801,resnet50_tl_20250829,8,4,128,76,132.0,80.0,145.96861267089844,145.62564086914062,0.3429718017578125
ns_lion_801,resnet50_tl_20250829,8,4,128,80,132.0,84.0,145.96861267089844,145.5520782470703,0.416534423828125
ns_lion_801,resnet50_tl_20250829,8,4,128,84,132.0,88.0,145.96861267089844,145.70211791992188,0.2664947509765625
ns_lion_801,resnet50_tl_20250829,8,4,128,88,132.0,92.0,145.96861267089844,145.81951904296875,0.1490936279296875
ns_lion_801,resnet50_tl_20250829,8,4,128,92,132.0,96.0,145.96861267089844,145.56024169921875,0.4083709716796875
ns_lion_801,resnet50_tl_20250829,8,4,128,96,132.0,100.0,145.96861267089844,145.64776611328125,0.3208465576171875
ns_lion_801,resnet50_tl_20250829,8,4,128,100,132.0,104.0,145.96861267089844,145.73223876953125,0.2363739013671875
ns_lion_801,resnet50_tl_20250829,8,4,128,104,132.0,108.0,145.96861267089844,145.8223419189453,0.146270751953125
ns_lion_801,resnet50_tl_20250829,8,4,128,108,132.0,112.0,145.96861267089844,145.697021484375,0.2715911865234375
ns_lion_801,resnet50_tl_20250829,8,4,128,112,132.0,116.0,145.96861267089844,145.59654235839844,0.3720703125
ns_lion_801,resnet50_tl_20250829,8,4,128,116,132.0,120.0,145.96861267089844,145.5869598388672,0.38165283203125
ns_lion_801,resnet50_tl_20250829,8,4,128,120,132.0,124.0,145.96861267089844,145.7930145263672,0.17559814453125
ns_lion_801,resnet50_tl_20250829,8,4,128,124,132.0,128.0,145.96861267089844,146.09689331054688,-0.1282806396484375
ns_lion_801,resnet50_tl_20250829,8,4,128,128,132.0,132.0,145.96861267089844,146.0504608154297,-0.08184814453125
ns_lion_801,resnet50_tl_20250829,8,4,128,132,132.0,136.0,145.96861267089844,145.93814086914062,0.0304718017578125
ns_lion_801,resnet50_tl_20250829,8,4,128,136,132.0,140.0,145.96861267089844,145.9590606689453,0.009552001953125
ns_lion_801,resnet50_tl_20250829,8,4,128,140,132.0,144.0,145.96861267089844,145.9943389892578,-0.025726318359375
ns_lion_801,resnet50_tl_20250829,8,4,128,144,132.0,148.0,145.96861267089844,145.9741973876953,-0.005584716796875
ns_lion_801,resnet50_tl_20250829,8,4,128,148,132.0,152.0,145.96861267089844,146.07371520996094,-0.1051025390625
ns_lion_801,resnet50_tl_20250829,8,4,128,152,132.0,156.0,145.96861267089844,146.04405212402344,-0.075439453125
ns_lion_801,resnet50_tl_20250829,8,4,128,156,132.0,160.0,145.96861267089844,145.77354431152344,0.195068359375
ns_lion_801,resnet50_tl_20250829,8,4,128,160,132.0,164.0,145.96861267089844,145.67677307128906,0.291839599609375
ns_lion_801,resnet50_tl_20250829,8,4,128,164,132.0,168.0,145.96861267089844,145.9021453857422,0.06646728515625
ns_lion_801,resnet50_tl_20250829,8,4,128,168,132.0,172.0,145.96861267089844,146.01414489746094,-0.0455322265625
ns_lion_801,resnet50_tl_20250829,8,4,128,172,132.0,176.0,145.96861267089844,145.98348999023438,-0.0148773193359375
ns_lion_801,resnet50_tl_20250829,8,4,128,176,132.0,180.0,145.96861267089844,145.8925323486328,0.076080322265625
ns_lion_801,resnet50_tl_20250829,8,4,128,180,132.0,184.0,145.96861267089844,145.9232635498047,0.04534912109375
ns_lion_801,resnet50_tl_20250829,8,4,128,184,132.0,188.0,145.96861267089844,145.9331817626953,0.035430908203125
ns_lion_801,resnet50_tl_20250829,8,4,128,188,132.0,192.0,145.96861267089844,145.7620849609375,0.2065277099609375
ns_lion_801,resnet50_tl_20250829,8,4,128,192,132.0,196.0,145.96861267089844,145.77639770507812,0.1922149658203125
ns_lion_801,resnet50_tl_20250829,8,4,128,196,132.0,200.0,145.96861267089844,145.91278076171875,0.0558319091796875
ns_lion_801,resnet50_tl_20250829,8,4,128,200,132.0,204.0,145.96861267089844,145.96609497070312,0.0025177001953125
ns_lion_801,resnet50_tl_20250829,8,4,128,204,132.0,208.0,145.96861267089844,145.99337768554688,-0.0247650146484375
ns_lion_801,resnet50_tl_20250829,8,4,128,208,132.0,212.0,145.96861267089844,145.99765014648438,-0.0290374755859375
ns_lion_801,resnet50_tl_20250829,8,4,128,212,132.0,216.0,145.96861267089844,145.97190856933594,-0.0032958984375
ns_lion_801,resnet50_tl_20250829,8,4,128,216,132.0,220.0,145.96861267089844,145.9733428955078,-0.004730224609375
ns_lion_801,resnet50_tl_20250829,8,4,132,0,136.0,4.0,145.96861267089844,145.9111328125,0.0574798583984375
ns_lion_801,resnet50_tl_20250829,8,4,132,4,136.0,8.0,145.96861267089844,145.97647094726562,-0.0078582763671875
ns_lion_801,resnet50_tl_20250829,8,4,132,8,136.0,12.0,145.96861267089844,146.03428649902344,-0.065673828125
ns_lion_801,resnet50_tl_20250829,8,4,132,12,136.0,16.0,145.96861267089844,145.9886932373047,-0.02008056640625
ns_lion_801,resnet50_tl_20250829,8,4,132,16,136.0,20.0,145.96861267089844,145.82908630371094,0.1395263671875
ns_lion_801,resnet50_tl_20250829,8,4,132,20,136.0,24.0,145.96861267089844,145.88026428222656,0.088348388671875
ns_lion_801,resnet50_tl_20250829,8,4,132,24,136.0,28.0,145.96861267089844,145.9794158935547,-0.01080322265625
ns_lion_801,resnet50_tl_20250829,8,4,132,28,136.0,32.0,145.96861267089844,146.0560302734375,-0.0874176025390625
ns_lion_801,resnet50_tl_20250829,8,4,132,32,136.0,36.0,145.96861267089844,145.73377990722656,0.234832763671875
ns_lion_801,resnet50_tl_20250829,8,4,132,36,136.0,40.0,145.96861267089844,145.7799530029297,0.18865966796875
ns_lion_801,resnet50_tl_20250829,8,4,132,40,136.0,44.0,145.96861267089844,145.76719665527344,0.201416015625
ns_lion_801,resnet50_tl_20250829,8,4,132,44,136.0,48.0,145.96861267089844,145.84027099609375,0.1283416748046875
ns_lion_801,resnet50_tl_20250829,8,4,132,48,136.0,52.0,145.96861267089844,145.8255157470703,0.143096923828125
ns_lion_801,resnet50_tl_20250829,8,4,132,52,136.0,56.0,145.96861267089844,145.63247680664062,0.3361358642578125
ns_lion_801,resnet50_tl_20250829,8,4,132,56,136.0,60.0,145.96861267089844,145.85400390625,0.1146087646484375
ns_lion_801,resnet50_tl_20250829,8,4,132,60,136.0,64.0,145.96861267089844,145.94369506835938,0.0249176025390625
ns_lion_801,resnet50_tl_20250829,8,4,132,64,136.0,68.0,145.96861267089844,145.87049865722656,0.098114013671875
ns_lion_801,resnet50_tl_20250829,8,4,132,68,136.0,72.0,145.96861267089844,146.08592224121094,-0.1173095703125
ns_lion_801,resnet50_tl_20250829,8,4,132,72,136.0,76.0,145.96861267089844,145.87643432617188,0.0921783447265625
ns_lion_801,resnet50_tl_20250829,8,4,132,76,136.0,80.0,145.96861267089844,145.94842529296875,0.0201873779296875
ns_lion_801,resnet50_tl_20250829,8,4,132,80,136.0,84.0,145.96861267089844,145.7957763671875,0.1728363037109375
ns_lion_801,resnet50_tl_20250829,8,4,132,84,136.0,88.0,145.96861267089844,145.9482421875,0.0203704833984375
ns_lion_801,resnet50_tl_20250829,8,4,132,88,136.0,92.0,145.96861267089844,145.83477783203125,0.1338348388671875
ns_lion_801,resnet50_tl_20250829,8,4,132,92,136.0,96.0,145.96861267089844,145.9093780517578,0.059234619140625
ns_lion_801,resnet50_tl_20250829,8,4,132,96,136.0,100.0,145.96861267089844,145.89044189453125,0.0781707763671875
ns_lion_801,resnet50_tl_20250829,8,4,132,100,136.0,104.0,145.96861267089844,145.95877075195312,0.0098419189453125
ns_lion_801,resnet50_tl_20250829,8,4,132,104,136.0,108.0,145.96861267089844,145.88377380371094,0.0848388671875
ns_lion_801,resnet50_tl_20250829,8,4,132,108,136.0,112.0,145.96861267089844,145.91896057128906,0.049652099609375
ns_lion_801,resnet50_tl_20250829,8,4,132,112,136.0,116.0,145.96861267089844,145.6385498046875,0.3300628662109375
ns_lion_801,resnet50_tl_20250829,8,4,132,116,136.0,120.0,145.96861267089844,145.669189453125,0.2994232177734375
ns_lion_801,resnet50_tl_20250829,8,4,132,120,136.0,124.0,145.96861267089844,145.8585968017578,0.110015869140625
ns_lion_801,resnet50_tl_20250829,8,4,132,124,136.0,128.0,145.96861267089844,145.98069763183594,-0.0120849609375
ns_lion_801,resnet50_tl_20250829,8,4,132,128,136.0,132.0,145.96861267089844,145.91360473632812,0.0550079345703125
ns_lion_801,resnet50_tl_20250829,8,4,132,132,136.0,136.0,145.96861267089844,145.8585968017578,0.110015869140625
ns_lion_801,resnet50_tl_20250829,8,4,132,136,136.0,140.0,145.96861267089844,145.84278869628906,0.125823974609375
ns_lion_801,resnet50_tl_20250829,8,4,132,140,136.0,144.0,145.96861267089844,145.78538513183594,0.1832275390625
ns_lion_801,resnet50_tl_20250829,8,4,132,144,136.0,148.0,145.96861267089844,145.9346160888672,0.03399658203125
ns_lion_801,resnet50_tl_20250829,8,4,132,148,136.0,152.0,145.96861267089844,146.0394744873047,-0.07086181640625
ns_lion_801,resnet50_tl_20250829,8,4,132,152,136.0,156.0,145.96861267089844,146.15921020507812,-0.1905975341796875
ns_lion_801,resnet50_tl_20250829,8,4,132,156,136.0,160.0,145.96861267089844,146.10182189941406,-0.133209228515625
ns_lion_801,resnet50_tl_20250829,8,4,132,160,136.0,164.0,145.96861267089844,145.99459838867188,-0.0259857177734375
ns_lion_801,resnet50_tl_20250829,8,4,132,164,136.0,168.0,145.96861267089844,146.1461944580078,-0.177581787109375
ns_lion_801,resnet50_tl_20250829,8,4,132,168,136.0,172.0,145.96861267089844,146.0816650390625,-0.1130523681640625
ns_lion_801,resnet50_tl_20250829,8,4,132,172,136.0,176.0,145.96861267089844,146.13632202148438,-0.1677093505859375
ns_lion_801,resnet50_tl_20250829,8,4,132,176,136.0,180.0,145.96861267089844,146.00486755371094,-0.0362548828125
ns_lion_801,resnet50_tl_20250829,8,4,132,180,136.0,184.0,145.96861267089844,146.10101318359375,-0.1324005126953125
ns_lion_801,resnet50_tl_20250829,8,4,132,184,136.0,188.0,145.96861267089844,146.02850341796875,-0.0598907470703125
ns_lion_801,resnet50_tl_20250829,8,4,132,188,136.0,192.0,145.96861267089844,146.05673217773438,-0.0881195068359375
ns_lion_801,resnet50_tl_20250829,8,4,132,192,136.0,196.0,145.96861267089844,145.98776245117188,-0.0191497802734375
ns_lion_801,resnet50_tl_20250829,8,4,132,196,136.0,200.0,145.96861267089844,145.9517364501953,0.016876220703125
ns_lion_801,resnet50_tl_20250829,8,4,132,200,136.0,204.0,145.96861267089844,145.9218292236328,0.046783447265625
ns_lion_801,resnet50_tl_20250829,8,4,132,204,136.0,208.0,145.96861267089844,145.95831298828125,0.0102996826171875
ns_lion_801,resnet50_tl_20250829,8,4,132,208,136.0,212.0,145.96861267089844,145.96823120117188,0.0003814697265625
ns_lion_801,resnet50_tl_20250829,8,4,132,212,136.0,216.0,145.96861267089844,145.97227478027344,-0.003662109375
ns_lion_801,resnet50_tl_20250829,8,4,132,216,136.0,220.0,145.96861267089844,145.9562225341797,0.01239013671875
ns_lion_801,resnet50_tl_20250829,8,4,136,0,140.0,4.0,145.96861267089844,145.81683349609375,0.1517791748046875
ns_lion_801,resnet50_tl_20250829,8,4,136,4,140.0,8.0,145.96861267089844,145.95245361328125,0.0161590576171875
ns_lion_801,resnet50_tl_20250829,8,4,136,8,140.0,12.0,145.96861267089844,146.0515899658203,-0.082977294921875
ns_lion_801,resnet50_tl_20250829,8,4,136,12,140.0,16.0,145.96861267089844,145.89907836914062,0.0695343017578125
ns_lion_801,resnet50_tl_20250829,8,4,136,16,140.0,20.0,145.96861267089844,145.75379943847656,0.214813232421875
ns_lion_801,resnet50_tl_20250829,8,4,136,20,140.0,24.0,145.96861267089844,145.7565460205078,0.212066650390625
ns_lion_801,resnet50_tl_20250829,8,4,136,24,140.0,28.0,145.96861267089844,146.06118774414062,-0.0925750732421875
ns_lion_801,resnet50_tl_20250829,8,4,136,28,140.0,32.0,145.96861267089844,145.81321716308594,0.1553955078125
ns_lion_801,resnet50_tl_20250829,8,4,136,32,140.0,36.0,145.96861267089844,145.46607971191406,0.502532958984375
ns_lion_801,resnet50_tl_20250829,8,4,136,36,140.0,40.0,145.96861267089844,145.64341735839844,0.3251953125
ns_lion_801,resnet50_tl_20250829,8,4,136,40,140.0,44.0,145.96861267089844,145.71290588378906,0.255706787109375
ns_lion_801,resnet50_tl_20250829,8,4,136,44,140.0,48.0,145.96861267089844,145.7451171875,0.2234954833984375
ns_lion_801,resnet50_tl_20250829,8,4,136,48,140.0,52.0,145.96861267089844,145.79393005371094,0.1746826171875
ns_lion_801,resnet50_tl_20250829,8,4,136,52,140.0,56.0,145.96861267089844,145.58912658691406,0.379486083984375
ns_lion_801,resnet50_tl_20250829,8,4,136,56,140.0,60.0,145.96861267089844,145.63363647460938,0.3349761962890625
ns_lion_801,resnet50_tl_20250829,8,4,136,60,140.0,64.0,145.96861267089844,145.56422424316406,0.404388427734375
ns_lion_801,resnet50_tl_20250829,8,4,136,64,140.0,68.0,145.96861267089844,145.43939208984375,0.5292205810546875
ns_lion_801,resnet50_tl_20250829,8,4,136,68,140.0,72.0,145.96861267089844,145.6348876953125,0.3337249755859375
ns_lion_801,resnet50_tl_20250829,8,4,136,72,140.0,76.0,145.96861267089844,145.7388458251953,0.229766845703125
ns_lion_801,resnet50_tl_20250829,8,4,136,76,140.0,80.0,145.96861267089844,145.63233947753906,0.336273193359375
ns_lion_801,resnet50_tl_20250829,8,4,136,80,140.0,84.0,145.96861267089844,145.51327514648438,0.4553375244140625
ns_lion_801,resnet50_tl_20250829,8,4,136,84,140.0,88.0,145.96861267089844,145.61856079101562,0.3500518798828125
ns_lion_801,resnet50_tl_20250829,8,4,136,88,140.0,92.0,145.96861267089844,145.74899291992188,0.2196197509765625
ns_lion_801,resnet50_tl_20250829,8,4,136,92,140.0,96.0,145.96861267089844,145.69955444335938,0.2690582275390625
ns_lion_801,resnet50_tl_20250829,8,4,136,96,140.0,100.0,145.96861267089844,145.67214965820312,0.2964630126953125
ns_lion_801,resnet50_tl_20250829,8,4,136,100,140.0,104.0,145.96861267089844,145.66603088378906,0.302581787109375
ns_lion_801,resnet50_tl_20250829,8,4,136,104,140.0,108.0,145.96861267089844,145.69424438476562,0.2743682861328125
ns_lion_801,resnet50_tl_20250829,8,4,136,108,140.0,112.0,145.96861267089844,145.74435424804688,0.2242584228515625
ns_lion_801,resnet50_tl_20250829,8,4,136,112,140.0,116.0,145.96861267089844,145.66876220703125,0.2998504638671875
ns_lion_801,resnet50_tl_20250829,8,4,136,116,140.0,120.0,145.96861267089844,145.7142791748047,0.25433349609375
ns_lion_801,resnet50_tl_20250829,8,4,136,120,140.0,124.0,145.96861267089844,145.84986877441406,0.118743896484375
ns_lion_801,resnet50_tl_20250829,8,4,136,124,140.0,128.0,145.96861267089844,145.93301391601562,0.0355987548828125
ns_lion_801,resnet50_tl_20250829,8,4,136,128,140.0,132.0,145.96861267089844,145.83694458007812,0.1316680908203125
ns_lion_801,resnet50_tl_20250829,8,4,136,132,140.0,136.0,145.96861267089844,145.80459594726562,0.1640167236328125
ns_lion_801,resnet50_tl_20250829,8,4,136,136,140.0,140.0,145.96861267089844,145.85353088378906,0.115081787109375
ns_lion_801,resnet50_tl_20250829,8,4,136,140,140.0,144.0,145.96861267089844,145.83517456054688,0.1334381103515625
ns_lion_801,resnet50_tl_20250829,8,4,136,144,140.0,148.0,145.96861267089844,145.84446716308594,0.1241455078125
ns_lion_801,resnet50_tl_20250829,8,4,136,148,140.0,152.0,145.96861267089844,145.95455932617188,0.0140533447265625
ns_lion_801,resnet50_tl_20250829,8,4,136,152,140.0,156.0,145.96861267089844,145.8629608154297,0.10565185546875
ns_lion_801,resnet50_tl_20250829,8,4,136,156,140.0,160.0,145.96861267089844,145.69459533691406,0.274017333984375
ns_lion_801,resnet50_tl_20250829,8,4,136,160,140.0,164.0,145.96861267089844,145.70321655273438,0.2653961181640625
ns_lion_801,resnet50_tl_20250829,8,4,136,164,140.0,168.0,145.96861267089844,145.7742156982422,0.19439697265625
ns_lion_801,resnet50_tl_20250829,8,4,136,168,140.0,172.0,145.96861267089844,145.94393920898438,0.0246734619140625
ns_lion_801,resnet50_tl_20250829,8,4,136,172,140.0,176.0,145.96861267089844,145.85618591308594,0.1124267578125
ns_lion_801,resnet50_tl_20250829,8,4,136,176,140.0,180.0,145.96861267089844,145.77896118164062,0.1896514892578125
ns_lion_801,resnet50_tl_20250829,8,4,136,180,140.0,184.0,145.96861267089844,145.8548583984375,0.1137542724609375
ns_lion_801,resnet50_tl_20250829,8,4,136,184,140.0,188.0,145.96861267089844,146.02011108398438,-0.0514984130859375
ns_lion_801,resnet50_tl_20250829,8,4,136,188,140.0,192.0,145.96861267089844,145.94573974609375,0.0228729248046875
ns_lion_801,resnet50_tl_20250829,8,4,136,192,140.0,196.0,145.96861267089844,145.93756103515625,0.0310516357421875
ns_lion_801,resnet50_tl_20250829,8,4,136,196,140.0,200.0,145.96861267089844,145.90760803222656,0.061004638671875
ns_lion_801,resnet50_tl_20250829,8,4,136,200,140.0,204.0,145.96861267089844,145.932861328125,0.0357513427734375
ns_lion_801,resnet50_tl_20250829,8,4,136,204,140.0,208.0,145.96861267089844,145.92471313476562,0.0438995361328125
ns_lion_801,resnet50_tl_20250829,8,4,136,208,140.0,212.0,145.96861267089844,145.90872192382812,0.0598907470703125
ns_lion_801,resnet50_tl_20250829,8,4,136,212,140.0,216.0,145.96861267089844,145.92018127441406,0.048431396484375
ns_lion_801,resnet50_tl_20250829,8,4,136,216,140.0,220.0,145.96861267089844,145.9530487060547,0.01556396484375
ns_lion_801,resnet50_tl_20250829,8,4,140,0,144.0,4.0,145.96861267089844,145.60459899902344,0.364013671875
ns_lion_801,resnet50_tl_20250829,8,4,140,4,144.0,8.0,145.96861267089844,145.8489532470703,0.119659423828125
ns_lion_801,resnet50_tl_20250829,8,4,140,8,144.0,12.0,145.96861267089844,145.85586547851562,0.1127471923828125
ns_lion_801,resnet50_tl_20250829,8,4,140,12,144.0,16.0,145.96861267089844,145.6320343017578,0.336578369140625
ns_lion_801,resnet50_tl_20250829,8,4,140,16,144.0,20.0,145.96861267089844,145.53688049316406,0.431732177734375
ns_lion_801,resnet50_tl_20250829,8,4,140,20,144.0,24.0,145.96861267089844,145.71832275390625,0.2502899169921875
ns_lion_801,resnet50_tl_20250829,8,4,140,24,144.0,28.0,145.96861267089844,145.8267364501953,0.141876220703125
ns_lion_801,resnet50_tl_20250829,8,4,140,28,144.0,32.0,145.96861267089844,145.4913787841797,0.47723388671875
ns_lion_801,resnet50_tl_20250829,8,4,140,32,144.0,36.0,145.96861267089844,145.4823760986328,0.486236572265625
ns_lion_801,resnet50_tl_20250829,8,4,140,36,144.0,40.0,145.96861267089844,145.65565490722656,0.312957763671875
ns_lion_801,resnet50_tl_20250829,8,4,140,40,144.0,44.0,145.96861267089844,145.64031982421875,0.3282928466796875
ns_lion_801,resnet50_tl_20250829,8,4,140,44,144.0,48.0,145.96861267089844,145.385986328125,0.5826263427734375
ns_lion_801,resnet50_tl_20250829,8,4,140,48,144.0,52.0,145.96861267089844,145.64669799804688,0.3219146728515625
ns_lion_801,resnet50_tl_20250829,8,4,140,52,144.0,56.0,145.96861267089844,145.72665405273438,0.2419586181640625
ns_lion_801,resnet50_tl_20250829,8,4,140,56,144.0,60.0,145.96861267089844,145.4459686279297,0.52264404296875
ns_lion_801,resnet50_tl_20250829,8,4,140,60,144.0,64.0,145.96861267089844,145.42001342773438,0.5485992431640625
ns_lion_801,resnet50_tl_20250829,8,4,140,64,144.0,68.0,145.96861267089844,145.21871948242188,0.7498931884765625
ns_lion_801,resnet50_tl_20250829,8,4,140,68,144.0,72.0,145.96861267089844,145.73065185546875,0.2379608154296875
ns_lion_801,resnet50_tl_20250829,8,4,140,72,144.0,76.0,145.96861267089844,145.8527374267578,0.115875244140625
ns_lion_801,resnet50_tl_20250829,8,4,140,76,144.0,80.0,145.96861267089844,145.53379821777344,0.434814453125
ns_lion_801,resnet50_tl_20250829,8,4,140,80,144.0,84.0,145.96861267089844,145.40164184570312,0.5669708251953125
ns_lion_801,resnet50_tl_20250829,8,4,140,84,144.0,88.0,145.96861267089844,145.7097625732422,0.25885009765625
ns_lion_801,resnet50_tl_20250829,8,4,140,88,144.0,92.0,145.96861267089844,145.80648803710938,0.1621246337890625
ns_lion_801,resnet50_tl_20250829,8,4,140,92,144.0,96.0,145.96861267089844,145.57699584960938,0.3916168212890625
ns_lion_801,resnet50_tl_20250829,8,4,140,96,144.0,100.0,145.96861267089844,145.5345001220703,0.434112548828125
ns_lion_801,resnet50_tl_20250829,8,4,140,100,144.0,104.0,145.96861267089844,145.8207244873047,0.14788818359375
ns_lion_801,resnet50_tl_20250829,8,4,140,104,144.0,108.0,145.96861267089844,145.9039306640625,0.0646820068359375
ns_lion_801,resnet50_tl_20250829,8,4,140,108,144.0,112.0,145.96861267089844,145.89454650878906,0.074066162109375
ns_lion_801,resnet50_tl_20250829,8,4,140,112,144.0,116.0,145.96861267089844,145.77517700195312,0.1934356689453125
ns_lion_801,resnet50_tl_20250829,8,4,140,116,144.0,120.0,145.96861267089844,145.8410186767578,0.127593994140625
ns_lion_801,resnet50_tl_20250829,8,4,140,120,144.0,124.0,145.96861267089844,145.9318389892578,0.036773681640625
ns_lion_801,resnet50_tl_20250829,8,4,140,124,144.0,128.0,145.96861267089844,145.73199462890625,0.2366180419921875
ns_lion_801,resnet50_tl_20250829,8,4,140,128,144.0,132.0,145.96861267089844,145.7311553955078,0.237457275390625
ns_lion_801,resnet50_tl_20250829,8,4,140,132,144.0,136.0,145.96861267089844,145.74588012695312,0.2227325439453125
ns_lion_801,resnet50_tl_20250829,8,4,140,136,144.0,140.0,145.96861267089844,145.7872772216797,0.18133544921875
ns_lion_801,resnet50_tl_20250829,8,4,140,140,144.0,144.0,145.96861267089844,145.8234405517578,0.145172119140625
ns_lion_801,resnet50_tl_20250829,8,4,140,144,144.0,148.0,145.96861267089844,145.88836669921875,0.0802459716796875
ns_lion_801,resnet50_tl_20250829,8,4,140,148,144.0,152.0,145.96861267089844,145.916748046875,0.0518646240234375
ns_lion_801,resnet50_tl_20250829,8,4,140,152,144.0,156.0,145.96861267089844,145.7330780029297,0.23553466796875
ns_lion_801,resnet50_tl_20250829,8,4,140,156,144.0,160.0,145.96861267089844,145.69166564941406,0.276947021484375
ns_lion_801,resnet50_tl_20250829,8,4,140,160,144.0,164.0,145.96861267089844,145.5673828125,0.4012298583984375
ns_lion_801,resnet50_tl_20250829,8,4,140,164,144.0,168.0,145.96861267089844,145.83824157714844,0.13037109375
ns_lion_801,resnet50_tl_20250829,8,4,140,168,144.0,172.0,145.96861267089844,145.96571350097656,0.002899169921875
ns_lion_801,resnet50_tl_20250829,8,4,140,172,144.0,176.0,145.96861267089844,145.73260498046875,0.2360076904296875
ns_lion_801,resnet50_tl_20250829,8,4,140,176,144.0,180.0,145.96861267089844,145.64047241210938,0.3281402587890625
ns_lion_801,resnet50_tl_20250829,8,4,140,180,144.0,184.0,145.96861267089844,145.85968017578125,0.1089324951171875
ns_lion_801,resnet50_tl_20250829,8,4,140,184,144.0,188.0,145.96861267089844,146.01104736328125,-0.0424346923828125
ns_lion_801,resnet50_tl_20250829,8,4,140,188,144.0,192.0,145.96861267089844,145.906494140625,0.0621185302734375
ns_lion_801,resnet50_tl_20250829,8,4,140,192,144.0,196.0,145.96861267089844,145.88320922851562,0.0854034423828125
ns_lion_801,resnet50_tl_20250829,8,4,140,196,144.0,200.0,145.96861267089844,145.89208984375,0.0765228271484375
ns_lion_801,resnet50_tl_20250829,8,4,140,200,144.0,204.0,145.96861267089844,145.92929077148438,0.0393218994140625
ns_lion_801,resnet50_tl_20250829,8,4,140,204,144.0,208.0,145.96861267089844,145.89938354492188,0.0692291259765625
ns_lion_801,resnet50_tl_20250829,8,4,140,208,144.0,212.0,145.96861267089844,145.88235473632812,0.0862579345703125
ns_lion_801,resnet50_tl_20250829,8,4,140,212,144.0,216.0,145.96861267089844,145.91485595703125,0.0537567138671875
ns_lion_801,resnet50_tl_20250829,8,4,140,216,144.0,220.0,145.96861267089844,145.94691467285156,0.021697998046875
ns_lion_801,resnet50_tl_20250829,8,4,144,0,148.0,4.0,145.96861267089844,145.63890075683594,0.3297119140625
ns_lion_801,resnet50_tl_20250829,8,4,144,4,148.0,8.0,145.96861267089844,145.77587890625,0.1927337646484375
ns_lion_801,resnet50_tl_20250829,8,4,144,8,148.0,12.0,145.96861267089844,145.95578002929688,0.0128326416015625
ns_lion_801,resnet50_tl_20250829,8,4,144,12,148.0,16.0,145.96861267089844,145.6975555419922,0.27105712890625
ns_lion_801,resnet50_tl_20250829,8,4,144,16,148.0,20.0,145.96861267089844,145.51071166992188,0.4579010009765625
ns_lion_801,resnet50_tl_20250829,8,4,144,20,148.0,24.0,145.96861267089844,145.71888732910156,0.249725341796875
ns_lion_801,resnet50_tl_20250829,8,4,144,24,148.0,28.0,145.96861267089844,145.75506591796875,0.2135467529296875
ns_lion_801,resnet50_tl_20250829,8,4,144,28,148.0,32.0,145.96861267089844,145.5806121826172,0.38800048828125
ns_lion_801,resnet50_tl_20250829,8,4,144,32,148.0,36.0,145.96861267089844,145.4235076904297,0.54510498046875
ns_lion_801,resnet50_tl_20250829,8,4,144,36,148.0,40.0,145.96861267089844,145.6219482421875,0.3466644287109375
ns_lion_801,resnet50_tl_20250829,8,4,144,40,148.0,44.0,145.96861267089844,145.81626892089844,0.15234375
ns_lion_801,resnet50_tl_20250829,8,4,144,44,148.0,48.0,145.96861267089844,145.37384033203125,0.5947723388671875
ns_lion_801,resnet50_tl_20250829,8,4,144,48,148.0,52.0,145.96861267089844,145.643798828125,0.3248138427734375
ns_lion_801,resnet50_tl_20250829,8,4,144,52,148.0,56.0,145.96861267089844,145.74781799316406,0.220794677734375
ns_lion_801,resnet50_tl_20250829,8,4,144,56,148.0,60.0,145.96861267089844,145.58489990234375,0.3837127685546875
ns_lion_801,resnet50_tl_20250829,8,4,144,60,148.0,64.0,145.96861267089844,145.30763244628906,0.660980224609375
ns_lion_801,resnet50_tl_20250829,8,4,144,64,148.0,68.0,145.96861267089844,145.27566528320312,0.6929473876953125
ns_lion_801,resnet50_tl_20250829,8,4,144,68,148.0,72.0,145.96861267089844,145.46363830566406,0.504974365234375
ns_lion_801,resnet50_tl_20250829,8,4,144,72,148.0,76.0,145.96861267089844,145.74221801757812,0.2263946533203125
ns_lion_801,resnet50_tl_20250829,8,4,144,76,148.0,80.0,145.96861267089844,145.4488525390625,0.5197601318359375
ns_lion_801,resnet50_tl_20250829,8,4,144,80,148.0,84.0,145.96861267089844,145.40731811523438,0.5612945556640625
ns_lion_801,resnet50_tl_20250829,8,4,144,84,148.0,88.0,145.96861267089844,145.60220336914062,0.3664093017578125
ns_lion_801,resnet50_tl_20250829,8,4,144,88,148.0,92.0,145.96861267089844,145.73463439941406,0.233978271484375
ns_lion_801,resnet50_tl_20250829,8,4,144,92,148.0,96.0,145.96861267089844,145.55575561523438,0.4128570556640625
ns_lion_801,resnet50_tl_20250829,8,4,144,96,148.0,100.0,145.96861267089844,145.55511474609375,0.4134979248046875
ns_lion_801,resnet50_tl_20250829,8,4,144,100,148.0,104.0,145.96861267089844,145.662841796875,0.3057708740234375
ns_lion_801,resnet50_tl_20250829,8,4,144,104,148.0,108.0,145.96861267089844,145.85757446289062,0.1110382080078125
ns_lion_801,resnet50_tl_20250829,8,4,144,108,148.0,112.0,145.96861267089844,145.92300415039062,0.0456085205078125
ns_lion_801,resnet50_tl_20250829,8,4,144,112,148.0,116.0,145.96861267089844,145.7697296142578,0.198883056640625
ns_lion_801,resnet50_tl_20250829,8,4,144,116,148.0,120.0,145.96861267089844,145.94349670410156,0.025115966796875
ns_lion_801,resnet50_tl_20250829,8,4,144,120,148.0,124.0,145.96861267089844,145.8708038330078,0.097808837890625
ns_lion_801,resnet50_tl_20250829,8,4,144,124,148.0,128.0,145.96861267089844,145.70851135253906,0.260101318359375
ns_lion_801,resnet50_tl_20250829,8,4,144,128,148.0,132.0,145.96861267089844,145.62631225585938,0.3423004150390625
ns_lion_801,resnet50_tl_20250829,8,4,144,132,148.0,136.0,145.96861267089844,145.7560577392578,0.212554931640625
ns_lion_801,resnet50_tl_20250829,8,4,144,136,148.0,140.0,145.96861267089844,145.9327392578125,0.0358734130859375
ns_lion_801,resnet50_tl_20250829,8,4,144,140,148.0,144.0,145.96861267089844,146.01791381835938,-0.0493011474609375
ns_lion_801,resnet50_tl_20250829,8,4,144,144,148.0,148.0,145.96861267089844,145.82449340820312,0.1441192626953125
ns_lion_801,resnet50_tl_20250829,8,4,144,148,148.0,152.0,145.96861267089844,145.8480682373047,0.12054443359375
ns_lion_801,resnet50_tl_20250829,8,4,144,152,148.0,156.0,145.96861267089844,145.77676391601562,0.1918487548828125
ns_lion_801,resnet50_tl_20250829,8,4,144,156,148.0,160.0,145.96861267089844,145.56753540039062,0.4010772705078125
ns_lion_801,resnet50_tl_20250829,8,4,144,160,148.0,164.0,145.96861267089844,145.5519256591797,0.41668701171875
ns_lion_801,resnet50_tl_20250829,8,4,144,164,148.0,168.0,145.96861267089844,145.62533569335938,0.3432769775390625
ns_lion_801,resnet50_tl_20250829,8,4,144,168,148.0,172.0,145.96861267089844,145.8335723876953,0.135040283203125
ns_lion_801,resnet50_tl_20250829,8,4,144,172,148.0,176.0,145.96861267089844,145.63885498046875,0.3297576904296875
ns_lion_801,resnet50_tl_20250829,8,4,144,176,148.0,180.0,145.96861267089844,145.6145782470703,0.354034423828125
ns_lion_801,resnet50_tl_20250829,8,4,144,180,148.0,184.0,145.96861267089844,145.7321319580078,0.236480712890625
ns_lion_801,resnet50_tl_20250829,8,4,144,184,148.0,188.0,145.96861267089844,145.9507293701172,0.01788330078125
ns_lion_801,resnet50_tl_20250829,8,4,144,188,148.0,192.0,145.96861267089844,145.8519744873047,0.11663818359375
ns_lion_801,resnet50_tl_20250829,8,4,144,192,148.0,196.0,145.96861267089844,145.8841094970703,0.084503173828125
ns_lion_801,resnet50_tl_20250829,8,4,144,196,148.0,200.0,145.96861267089844,145.86737060546875,0.1012420654296875
ns_lion_801,resnet50_tl_20250829,8,4,144,200,148.0,204.0,145.96861267089844,145.9170379638672,0.05157470703125
ns_lion_801,resnet50_tl_20250829,8,4,144,204,148.0,208.0,145.96861267089844,145.8936767578125,0.0749359130859375
ns_lion_801,resnet50_tl_20250829,8,4,144,208,148.0,212.0,145.96861267089844,145.88902282714844,0.07958984375
ns_lion_801,resnet50_tl_20250829,8,4,144,212,148.0,216.0,145.96861267089844,145.91055297851562,0.0580596923828125
ns_lion_801,resnet50_tl_20250829,8,4,144,216,148.0,220.0,145.96861267089844,145.9435272216797,0.02508544921875
ns_lion_801,resnet50_tl_20250829,8,4,148,0,152.0,4.0,145.96861267089844,145.88865661621094,0.0799560546875
ns_lion_801,resnet50_tl_20250829,8,4,148,4,152.0,8.0,145.96861267089844,145.9201202392578,0.048492431640625
ns_lion_801,resnet50_tl_20250829,8,4,148,8,152.0,12.0,145.96861267089844,146.02297973632812,-0.0543670654296875
ns_lion_801,resnet50_tl_20250829,8,4,148,12,152.0,16.0,145.96861267089844,145.99554443359375,-0.0269317626953125
ns_lion_801,resnet50_tl_20250829,8,4,148,16,152.0,20.0,145.96861267089844,145.8660430908203,0.102569580078125
ns_lion_801,resnet50_tl_20250829,8,4,148,20,152.0,24.0,145.96861267089844,146.07650756835938,-0.1078948974609375
ns_lion_801,resnet50_tl_20250829,8,4,148,24,152.0,28.0,145.96861267089844,145.97525024414062,-0.0066375732421875
ns_lion_801,resnet50_tl_20250829,8,4,148,28,152.0,32.0,145.96861267089844,146.0233917236328,-0.054779052734375
ns_lion_801,resnet50_tl_20250829,8,4,148,32,152.0,36.0,145.96861267089844,145.56788635253906,0.400726318359375
ns_lion_801,resnet50_tl_20250829,8,4,148,36,152.0,40.0,145.96861267089844,145.635009765625,0.3336029052734375
ns_lion_801,resnet50_tl_20250829,8,4,148,40,152.0,44.0,145.96861267089844,145.6793975830078,0.289215087890625
ns_lion_801,resnet50_tl_20250829,8,4,148,44,152.0,48.0,145.96861267089844,145.41050720214844,0.55810546875
ns_lion_801,resnet50_tl_20250829,8,4,148,48,152.0,52.0,145.96861267089844,145.35458374023438,0.6140289306640625
ns_lion_801,resnet50_tl_20250829,8,4,148,52,152.0,56.0,145.96861267089844,145.77821350097656,0.190399169921875
ns_lion_801,resnet50_tl_20250829,8,4,148,56,152.0,60.0,145.96861267089844,145.60018920898438,0.3684234619140625
ns_lion_801,resnet50_tl_20250829,8,4,148,60,152.0,64.0,145.96861267089844,145.9324951171875,0.0361175537109375
ns_lion_801,resnet50_tl_20250829,8,4,148,64,152.0,68.0,145.96861267089844,145.7631072998047,0.20550537109375
ns_lion_801,resnet50_tl_20250829,8,4,148,68,152.0,72.0,145.96861267089844,145.8868408203125,0.0817718505859375
ns_lion_801,resnet50_tl_20250829,8,4,148,72,152.0,76.0,145.96861267089844,145.7992706298828,0.169342041015625
ns_lion_801,resnet50_tl_20250829,8,4,148,76,152.0,80.0,145.96861267089844,145.89825439453125,0.0703582763671875
ns_lion_801,resnet50_tl_20250829,8,4,148,80,152.0,84.0,145.96861267089844,145.8479461669922,0.12066650390625
ns_lion_801,resnet50_tl_20250829,8,4,148,84,152.0,88.0,145.96861267089844,145.95274353027344,0.015869140625
ns_lion_801,resnet50_tl_20250829,8,4,148,88,152.0,92.0,145.96861267089844,145.88966369628906,0.078948974609375
ns_lion_801,resnet50_tl_20250829,8,4,148,92,152.0,96.0,145.96861267089844,145.9218292236328,0.046783447265625
ns_lion_801,resnet50_tl_20250829,8,4,148,96,152.0,100.0,145.96861267089844,145.81576538085938,0.1528472900390625
ns_lion_801,resnet50_tl_20250829,8,4,148,100,152.0,104.0,145.96861267089844,145.87606811523438,0.0925445556640625
ns_lion_801,resnet50_tl_20250829,8,4,148,104,152.0,108.0,145.96861267089844,145.8009490966797,0.16766357421875
ns_lion_801,resnet50_tl_20250829,8,4,148,108,152.0,112.0,145.96861267089844,145.9457244873047,0.02288818359375
ns_lion_801,resnet50_tl_20250829,8,4,148,112,152.0,116.0,145.96861267089844,145.698974609375,0.2696380615234375
ns_lion_801,resnet50_tl_20250829,8,4,148,116,152.0,120.0,145.96861267089844,145.7068634033203,0.261749267578125
ns_lion_801,resnet50_tl_20250829,8,4,148,120,152.0,124.0,145.96861267089844,145.60543823242188,0.3631744384765625
ns_lion_801,resnet50_tl_20250829,8,4,148,124,152.0,128.0,145.96861267089844,145.55294799804688,0.4156646728515625
ns_lion_801,resnet50_tl_20250829,8,4,148,128,152.0,132.0,145.96861267089844,145.44757080078125,0.5210418701171875
ns_lion_801,resnet50_tl_20250829,8,4,148,132,152.0,136.0,145.96861267089844,145.72267150878906,0.245941162109375
ns_lion_801,resnet50_tl_20250829,8,4,148,136,152.0,140.0,145.96861267089844,145.92263793945312,0.0459747314453125
ns_lion_801,resnet50_tl_20250829,8,4,148,140,152.0,144.0,145.96861267089844,145.9249267578125,0.0436859130859375
ns_lion_801,resnet50_tl_20250829,8,4,148,144,152.0,148.0,145.96861267089844,145.72177124023438,0.2468414306640625
ns_lion_801,resnet50_tl_20250829,8,4,148,148,152.0,152.0,145.96861267089844,145.94659423828125,0.0220184326171875
ns_lion_801,resnet50_tl_20250829,8,4,148,152,152.0,156.0,145.96861267089844,145.9381561279297,0.03045654296875
ns_lion_801,resnet50_tl_20250829,8,4,148,156,152.0,160.0,145.96861267089844,146.02366638183594,-0.0550537109375
ns_lion_801,resnet50_tl_20250829,8,4,148,160,152.0,164.0,145.96861267089844,145.8928680419922,0.07574462890625
ns_lion_801,resnet50_tl_20250829,8,4,148,164,152.0,168.0,145.96861267089844,146.0020294189453,-0.033416748046875
ns_lion_801,resnet50_tl_20250829,8,4,148,168,152.0,172.0,145.96861267089844,145.92567443847656,0.042938232421875
ns_lion_801,resnet50_tl_20250829,8,4,148,172,152.0,176.0,145.96861267089844,145.99546813964844,-0.02685546875
ns_lion_801,resnet50_tl_20250829,8,4,148,176,152.0,180.0,145.96861267089844,145.9508056640625,0.0178070068359375
ns_lion_801,resnet50_tl_20250829,8,4,148,180,152.0,184.0,145.96861267089844,145.96983337402344,-0.001220703125
ns_lion_801,resnet50_tl_20250829,8,4,148,184,152.0,188.0,145.96861267089844,145.9680938720703,0.000518798828125
ns_lion_801,resnet50_tl_20250829,8,4,148,188,152.0,192.0,145.96861267089844,146.0008087158203,-0.032196044921875
ns_lion_801,resnet50_tl_20250829,8,4,148,192,152.0,196.0,145.96861267089844,146.05877685546875,-0.0901641845703125
ns_lion_801,resnet50_tl_20250829,8,4,148,196,152.0,200.0,145.96861267089844,145.98272705078125,-0.0141143798828125
ns_lion_801,resnet50_tl_20250829,8,4,148,200,152.0,204.0,145.96861267089844,145.9449920654297,0.02362060546875
ns_lion_801,resnet50_tl_20250829,8,4,148,204,152.0,208.0,145.96861267089844,145.96823120117188,0.0003814697265625
ns_lion_801,resnet50_tl_20250829,8,4,148,208,152.0,212.0,145.96861267089844,146.00196838378906,-0.033355712890625
ns_lion_801,resnet50_tl_20250829,8,4,148,212,152.0,216.0,145.96861267089844,145.96360778808594,0.0050048828125
ns_lion_801,resnet50_tl_20250829,8,4,148,216,152.0,220.0,145.96861267089844,145.93792724609375,0.0306854248046875
ns_lion_801,resnet50_tl_20250829,8,4,152,0,156.0,4.0,145.96861267089844,145.78598022460938,0.1826324462890625
ns_lion_801,resnet50_tl_20250829,8,4,152,4,156.0,8.0,145.96861267089844,145.8409423828125,0.1276702880859375
ns_lion_801,resnet50_tl_20250829,8,4,152,8,156.0,12.0,145.96861267089844,145.96536254882812,0.0032501220703125
ns_lion_801,resnet50_tl_20250829,8,4,152,12,156.0,16.0,145.96861267089844,145.81813049316406,0.150482177734375
ns_lion_801,resnet50_tl_20250829,8,4,152,16,156.0,20.0,145.96861267089844,145.7614288330078,0.207183837890625
ns_lion_801,resnet50_tl_20250829,8,4,152,20,156.0,24.0,145.96861267089844,145.81829833984375,0.1503143310546875
ns_lion_801,resnet50_tl_20250829,8,4,152,24,156.0,28.0,145.96861267089844,145.96502685546875,0.0035858154296875
ns_lion_801,resnet50_tl_20250829,8,4,152,28,156.0,32.0,145.96861267089844,145.8683319091797,0.10028076171875
ns_lion_801,resnet50_tl_20250829,8,4,152,32,156.0,36.0,145.96861267089844,145.53179931640625,0.4368133544921875
ns_lion_801,resnet50_tl_20250829,8,4,152,36,156.0,40.0,145.96861267089844,145.57505798339844,0.3935546875
ns_lion_801,resnet50_tl_20250829,8,4,152,40,156.0,44.0,145.96861267089844,145.75430297851562,0.2143096923828125
ns_lion_801,resnet50_tl_20250829,8,4,152,44,156.0,48.0,145.96861267089844,145.54345703125,0.4251556396484375
ns_lion_801,resnet50_tl_20250829,8,4,152,48,156.0,52.0,145.96861267089844,145.22190856933594,0.7467041015625
ns_lion_801,resnet50_tl_20250829,8,4,152,52,156.0,56.0,145.96861267089844,145.501953125,0.4666595458984375
ns_lion_801,resnet50_tl_20250829,8,4,152,56,156.0,60.0,145.96861267089844,145.5662078857422,0.40240478515625
ns_lion_801,resnet50_tl_20250829,8,4,152,60,156.0,64.0,145.96861267089844,145.45709228515625,0.5115203857421875
ns_lion_801,resnet50_tl_20250829,8,4,152,64,156.0,68.0,145.96861267089844,145.4355010986328,0.533111572265625
ns_lion_801,resnet50_tl_20250829,8,4,152,68,156.0,72.0,145.96861267089844,145.4628448486328,0.505767822265625
ns_lion_801,resnet50_tl_20250829,8,4,152,72,156.0,76.0,145.96861267089844,145.63990783691406,0.328704833984375
ns_lion_801,resnet50_tl_20250829,8,4,152,76,156.0,80.0,145.96861267089844,145.55577087402344,0.412841796875
ns_lion_801,resnet50_tl_20250829,8,4,152,80,156.0,84.0,145.96861267089844,145.55947875976562,0.4091339111328125
ns_lion_801,resnet50_tl_20250829,8,4,152,84,156.0,88.0,145.96861267089844,145.6547088623047,0.31390380859375
ns_lion_801,resnet50_tl_20250829,8,4,152,88,156.0,92.0,145.96861267089844,145.75450134277344,0.214111328125
ns_lion_801,resnet50_tl_20250829,8,4,152,92,156.0,96.0,145.96861267089844,145.65032958984375,0.3182830810546875
ns_lion_801,resnet50_tl_20250829,8,4,152,96,156.0,100.0,145.96861267089844,145.6519775390625,0.3166351318359375
ns_lion_801,resnet50_tl_20250829,8,4,152,100,156.0,104.0,145.96861267089844,145.7957305908203,0.172882080078125
ns_lion_801,resnet50_tl_20250829,8,4,152,104,156.0,108.0,145.96861267089844,145.7112579345703,0.257354736328125
ns_lion_801,resnet50_tl_20250829,8,4,152,108,156.0,112.0,145.96861267089844,145.80300903320312,0.1656036376953125
ns_lion_801,resnet50_tl_20250829,8,4,152,112,156.0,116.0,145.96861267089844,145.59695434570312,0.3716583251953125
ns_lion_801,resnet50_tl_20250829,8,4,152,116,156.0,120.0,145.96861267089844,145.7303466796875,0.2382659912109375
ns_lion_801,resnet50_tl_20250829,8,4,152,120,156.0,124.0,145.96861267089844,145.69744873046875,0.2711639404296875
ns_lion_801,resnet50_tl_20250829,8,4,152,124,156.0,128.0,145.96861267089844,145.6553497314453,0.313262939453125
ns_lion_801,resnet50_tl_20250829,8,4,152,128,156.0,132.0,145.96861267089844,145.39149475097656,0.577117919921875
ns_lion_801,resnet50_tl_20250829,8,4,152,132,156.0,136.0,145.96861267089844,145.7427215576172,0.22589111328125
ns_lion_801,resnet50_tl_20250829,8,4,152,136,156.0,140.0,145.96861267089844,145.7498321533203,0.218780517578125
ns_lion_801,resnet50_tl_20250829,8,4,152,140,156.0,144.0,145.96861267089844,145.5493927001953,0.419219970703125
ns_lion_801,resnet50_tl_20250829,8,4,152,144,156.0,148.0,145.96861267089844,145.45269775390625,0.5159149169921875
ns_lion_801,resnet50_tl_20250829,8,4,152,148,156.0,152.0,145.96861267089844,145.57269287109375,0.3959197998046875
ns_lion_801,resnet50_tl_20250829,8,4,152,152,156.0,156.0,145.96861267089844,145.7212371826172,0.24737548828125
ns_lion_801,resnet50_tl_20250829,8,4,152,156,156.0,160.0,145.96861267089844,145.53564453125,0.4329681396484375
ns_lion_801,resnet50_tl_20250829,8,4,152,160,156.0,164.0,145.96861267089844,145.47381591796875,0.4947967529296875
ns_lion_801,resnet50_tl_20250829,8,4,152,164,156.0,168.0,145.96861267089844,145.58010864257812,0.3885040283203125
ns_lion_801,resnet50_tl_20250829,8,4,152,168,156.0,172.0,145.96861267089844,145.75241088867188,0.2162017822265625
ns_lion_801,resnet50_tl_20250829,8,4,152,172,156.0,176.0,145.96861267089844,145.63856506347656,0.330047607421875
ns_lion_801,resnet50_tl_20250829,8,4,152,176,156.0,180.0,145.96861267089844,145.6740264892578,0.294586181640625
ns_lion_801,resnet50_tl_20250829,8,4,152,180,156.0,184.0,145.96861267089844,145.722412109375,0.2462005615234375
ns_lion_801,resnet50_tl_20250829,8,4,152,184,156.0,188.0,145.96861267089844,145.85328674316406,0.115325927734375
ns_lion_801,resnet50_tl_20250829,8,4,152,188,156.0,192.0,145.96861267089844,145.78158569335938,0.1870269775390625
ns_lion_801,resnet50_tl_20250829,8,4,152,192,156.0,196.0,145.96861267089844,145.83912658691406,0.129486083984375
ns_lion_801,resnet50_tl_20250829,8,4,152,196,156.0,200.0,145.96861267089844,145.83746337890625,0.1311492919921875
ns_lion_801,resnet50_tl_20250829,8,4,152,200,156.0,204.0,145.96861267089844,145.90057373046875,0.0680389404296875
ns_lion_801,resnet50_tl_20250829,8,4,152,204,156.0,208.0,145.96861267089844,145.92587280273438,0.0427398681640625
ns_lion_801,resnet50_tl_20250829,8,4,152,208,156.0,212.0,145.96861267089844,145.95443725585938,0.0141754150390625
ns_lion_801,resnet50_tl_20250829,8,4,152,212,156.0,216.0,145.96861267089844,145.9243927001953,0.044219970703125
ns_lion_801,resnet50_tl_20250829,8,4,152,216,156.0,220.0,145.96861267089844,145.93255615234375,0.0360565185546875
ns_lion_801,resnet50_tl_20250829,8,4,156,0,160.0,4.0,145.96861267089844,145.60423278808594,0.3643798828125
ns_lion_801,resnet50_tl_20250829,8,4,156,4,160.0,8.0,145.96861267089844,145.87294006347656,0.095672607421875
ns_lion_801,resnet50_tl_20250829,8,4,156,8,160.0,12.0,145.96861267089844,145.9673309326172,0.00128173828125
ns_lion_801,resnet50_tl_20250829,8,4,156,12,160.0,16.0,145.96861267089844,145.71856689453125,0.2500457763671875
ns_lion_801,resnet50_tl_20250829,8,4,156,16,160.0,20.0,145.96861267089844,145.63621520996094,0.3323974609375
ns_lion_801,resnet50_tl_20250829,8,4,156,20,160.0,24.0,145.96861267089844,145.93235778808594,0.0362548828125
ns_lion_801,resnet50_tl_20250829,8,4,156,24,160.0,28.0,145.96861267089844,145.9470977783203,0.021514892578125
ns_lion_801,resnet50_tl_20250829,8,4,156,28,160.0,32.0,145.96861267089844,145.65008544921875,0.3185272216796875
ns_lion_801,resnet50_tl_20250829,8,4,156,32,160.0,36.0,145.96861267089844,145.45143127441406,0.517181396484375
ns_lion_801,resnet50_tl_20250829,8,4,156,36,160.0,40.0,145.96861267089844,145.98068237304688,-0.0120697021484375
ns_lion_801,resnet50_tl_20250829,8,4,156,40,160.0,44.0,145.96861267089844,145.89328002929688,0.0753326416015625
ns_lion_801,resnet50_tl_20250829,8,4,156,44,160.0,48.0,145.96861267089844,145.55319213867188,0.4154205322265625
ns_lion_801,resnet50_tl_20250829,8,4,156,48,160.0,52.0,145.96861267089844,145.26182556152344,0.706787109375
ns_lion_801,resnet50_tl_20250829,8,4,156,52,160.0,56.0,145.96861267089844,145.79238891601562,0.1762237548828125
ns_lion_801,resnet50_tl_20250829,8,4,156,56,160.0,60.0,145.96861267089844,145.7785186767578,0.190093994140625
ns_lion_801,resnet50_tl_20250829,8,4,156,60,160.0,64.0,145.96861267089844,145.32833862304688,0.6402740478515625
ns_lion_801,resnet50_tl_20250829,8,4,156,64,160.0,68.0,145.96861267089844,145.15428161621094,0.8143310546875
ns_lion_801,resnet50_tl_20250829,8,4,156,68,160.0,72.0,145.96861267089844,145.60693359375,0.3616790771484375
ns_lion_801,resnet50_tl_20250829,8,4,156,72,160.0,76.0,145.96861267089844,145.7937774658203,0.174835205078125
ns_lion_801,resnet50_tl_20250829,8,4,156,76,160.0,80.0,145.96861267089844,145.5243682861328,0.444244384765625
ns_lion_801,resnet50_tl_20250829,8,4,156,80,160.0,84.0,145.96861267089844,145.4478759765625,0.5207366943359375
ns_lion_801,resnet50_tl_20250829,8,4,156,84,160.0,88.0,145.96861267089844,145.800537109375,0.1680755615234375
ns_lion_801,resnet50_tl_20250829,8,4,156,88,160.0,92.0,145.96861267089844,145.880126953125,0.0884857177734375
ns_lion_801,resnet50_tl_20250829,8,4,156,92,160.0,96.0,145.96861267089844,145.598388671875,0.3702239990234375
ns_lion_801,resnet50_tl_20250829,8,4,156,96,160.0,100.0,145.96861267089844,145.56005859375,0.4085540771484375
ns_lion_801,resnet50_tl_20250829,8,4,156,100,160.0,104.0,145.96861267089844,145.93399047851562,0.0346221923828125
ns_lion_801,resnet50_tl_20250829,8,4,156,104,160.0,108.0,145.96861267089844,145.86184692382812,0.1067657470703125
ns_lion_801,resnet50_tl_20250829,8,4,156,108,160.0,112.0,145.96861267089844,145.75314331054688,0.2154693603515625
ns_lion_801,resnet50_tl_20250829,8,4,156,112,160.0,116.0,145.96861267089844,145.57406616210938,0.3945465087890625
ns_lion_801,resnet50_tl_20250829,8,4,156,116,160.0,120.0,145.96861267089844,146.04229736328125,-0.0736846923828125
ns_lion_801,resnet50_tl_20250829,8,4,156,120,160.0,124.0,145.96861267089844,145.84320068359375,0.1254119873046875
ns_lion_801,resnet50_tl_20250829,8,4,156,124,160.0,128.0,145.96861267089844,145.5614013671875,0.4072113037109375
ns_lion_801,resnet50_tl_20250829,8,4,156,128,160.0,132.0,145.96861267089844,145.31588745117188,0.6527252197265625
ns_lion_801,resnet50_tl_20250829,8,4,156,132,160.0,136.0,145.96861267089844,145.92613220214844,0.04248046875
ns_lion_801,resnet50_tl_20250829,8,4,156,136,160.0,140.0,145.96861267089844,145.92208862304688,0.0465240478515625
ns_lion_801,resnet50_tl_20250829,8,4,156,140,160.0,144.0,145.96861267089844,145.5771942138672,0.39141845703125
ns_lion_801,resnet50_tl_20250829,8,4,156,144,160.0,148.0,145.96861267089844,145.40354919433594,0.5650634765625
ns_lion_801,resnet50_tl_20250829,8,4,156,148,160.0,152.0,145.96861267089844,145.8102569580078,0.158355712890625
ns_lion_801,resnet50_tl_20250829,8,4,156,152,160.0,156.0,145.96861267089844,145.84523010253906,0.123382568359375
ns_lion_801,resnet50_tl_20250829,8,4,156,156,160.0,160.0,145.96861267089844,145.27545166015625,0.6931610107421875
ns_lion_801,resnet50_tl_20250829,8,4,156,160,160.0,164.0,145.96861267089844,145.1733856201172,0.79522705078125
ns_lion_801,resnet50_tl_20250829,8,4,156,164,160.0,168.0,145.96861267089844,145.6446075439453,0.324005126953125
ns_lion_801,resnet50_tl_20250829,8,4,156,168,160.0,172.0,145.96861267089844,145.84365844726562,0.1249542236328125
ns_lion_801,resnet50_tl_20250829,8,4,156,172,160.0,176.0,145.96861267089844,145.57508850097656,0.393524169921875
ns_lion_801,resnet50_tl_20250829,8,4,156,176,160.0,180.0,145.96861267089844,145.5435028076172,0.42510986328125
ns_lion_801,resnet50_tl_20250829,8,4,156,180,160.0,184.0,145.96861267089844,145.77276611328125,0.1958465576171875
ns_lion_801,resnet50_tl_20250829,8,4,156,184,160.0,188.0,145.96861267089844,145.92156982421875,0.0470428466796875
ns_lion_801,resnet50_tl_20250829,8,4,156,188,160.0,192.0,145.96861267089844,145.66383361816406,0.304779052734375
ns_lion_801,resnet50_tl_20250829,8,4,156,192,160.0,196.0,145.96861267089844,145.70858764648438,0.2600250244140625
ns_lion_801,resnet50_tl_20250829,8,4,156,196,160.0,200.0,145.96861267089844,145.8026123046875,0.1660003662109375
ns_lion_801,resnet50_tl_20250829,8,4,156,200,160.0,204.0,145.96861267089844,145.93466186523438,0.0339508056640625
ns_lion_801,resnet50_tl_20250829,8,4,156,204,160.0,208.0,145.96861267089844,145.9086456298828,0.059967041015625
ns_lion_801,resnet50_tl_20250829,8,4,156,208,160.0,212.0,145.96861267089844,145.9257049560547,0.04290771484375
ns_lion_801,resnet50_tl_20250829,8,4,156,212,160.0,216.0,145.96861267089844,145.92063903808594,0.0479736328125
ns_lion_801,resnet50_tl_20250829,8,4,156,216,160.0,220.0,145.96861267089844,145.9397735595703,0.028839111328125
ns_lion_801,resnet50_tl_20250829,8,4,160,0,164.0,4.0,145.96861267089844,145.63014221191406,0.338470458984375
ns_lion_801,resnet50_tl_20250829,8,4,160,4,164.0,8.0,145.96861267089844,145.79342651367188,0.1751861572265625
ns_lion_801,resnet50_tl_20250829,8,4,160,8,164.0,12.0,145.96861267089844,145.94398498535156,0.024627685546875
ns_lion_801,resnet50_tl_20250829,8,4,160,12,164.0,16.0,145.96861267089844,145.59799194335938,0.3706207275390625
ns_lion_801,resnet50_tl_20250829,8,4,160,16,164.0,20.0,145.96861267089844,145.60272216796875,0.3658905029296875
ns_lion_801,resnet50_tl_20250829,8,4,160,20,164.0,24.0,145.96861267089844,145.65676879882812,0.3118438720703125
ns_lion_801,resnet50_tl_20250829,8,4,160,24,164.0,28.0,145.96861267089844,145.8119659423828,0.156646728515625
ns_lion_801,resnet50_tl_20250829,8,4,160,28,164.0,32.0,145.96861267089844,145.40939331054688,0.5592193603515625
ns_lion_801,resnet50_tl_20250829,8,4,160,32,164.0,36.0,145.96861267089844,145.44143676757812,0.5271759033203125
ns_lion_801,resnet50_tl_20250829,8,4,160,36,164.0,40.0,145.96861267089844,145.66709899902344,0.301513671875
ns_lion_801,resnet50_tl_20250829,8,4,160,40,164.0,44.0,145.96861267089844,145.80589294433594,0.1627197265625
ns_lion_801,resnet50_tl_20250829,8,4,160,44,164.0,48.0,145.96861267089844,145.34002685546875,0.6285858154296875
ns_lion_801,resnet50_tl_20250829,8,4,160,48,164.0,52.0,145.96861267089844,145.32188415527344,0.646728515625
ns_lion_801,resnet50_tl_20250829,8,4,160,52,164.0,56.0,145.96861267089844,145.55844116210938,0.4101715087890625
ns_lion_801,resnet50_tl_20250829,8,4,160,56,164.0,60.0,145.96861267089844,145.69053649902344,0.278076171875
ns_lion_801,resnet50_tl_20250829,8,4,160,60,164.0,64.0,145.96861267089844,145.25485229492188,0.7137603759765625
ns_lion_801,resnet50_tl_20250829,8,4,160,64,164.0,68.0,145.96861267089844,145.2034149169922,0.76519775390625
ns_lion_801,resnet50_tl_20250829,8,4,160,68,164.0,72.0,145.96861267089844,145.4696044921875,0.4990081787109375
ns_lion_801,resnet50_tl_20250829,8,4,160,72,164.0,76.0,145.96861267089844,145.7088623046875,0.2597503662109375
ns_lion_801,resnet50_tl_20250829,8,4,160,76,164.0,80.0,145.96861267089844,145.40269470214844,0.56591796875
ns_lion_801,resnet50_tl_20250829,8,4,160,80,164.0,84.0,145.96861267089844,145.42745971679688,0.5411529541015625
ns_lion_801,resnet50_tl_20250829,8,4,160,84,164.0,88.0,145.96861267089844,145.64100646972656,0.327606201171875
ns_lion_801,resnet50_tl_20250829,8,4,160,88,164.0,92.0,145.96861267089844,145.77474975585938,0.1938629150390625
ns_lion_801,resnet50_tl_20250829,8,4,160,92,164.0,96.0,145.96861267089844,145.46360778808594,0.5050048828125
ns_lion_801,resnet50_tl_20250829,8,4,160,96,164.0,100.0,145.96861267089844,145.51283264160156,0.455780029296875
ns_lion_801,resnet50_tl_20250829,8,4,160,100,164.0,104.0,145.96861267089844,145.73170471191406,0.236907958984375
ns_lion_801,resnet50_tl_20250829,8,4,160,104,164.0,108.0,145.96861267089844,145.8921356201172,0.07647705078125
ns_lion_801,resnet50_tl_20250829,8,4,160,108,164.0,112.0,145.96861267089844,145.6167755126953,0.351837158203125
ns_lion_801,resnet50_tl_20250829,8,4,160,112,164.0,116.0,145.96861267089844,145.56222534179688,0.4063873291015625
ns_lion_801,resnet50_tl_20250829,8,4,160,116,164.0,120.0,145.96861267089844,145.75869750976562,0.2099151611328125
ns_lion_801,resnet50_tl_20250829,8,4,160,120,164.0,124.0,145.96861267089844,145.82318115234375,0.1454315185546875
ns_lion_801,resnet50_tl_20250829,8,4,160,124,164.0,128.0,145.96861267089844,145.39329528808594,0.5753173828125
ns_lion_801,resnet50_tl_20250829,8,4,160,128,164.0,132.0,145.96861267089844,145.37596130371094,0.5926513671875
ns_lion_801,resnet50_tl_20250829,8,4,160,132,164.0,136.0,145.96861267089844,145.66969299316406,0.298919677734375
ns_lion_801,resnet50_tl_20250829,8,4,160,136,164.0,140.0,145.96861267089844,145.80020141601562,0.1684112548828125
ns_lion_801,resnet50_tl_20250829,8,4,160,140,164.0,144.0,145.96861267089844,145.4061737060547,0.56243896484375
ns_lion_801,resnet50_tl_20250829,8,4,160,144,164.0,148.0,145.96861267089844,145.32913208007812,0.6394805908203125
ns_lion_801,resnet50_tl_20250829,8,4,160,148,164.0,152.0,145.96861267089844,145.61422729492188,0.3543853759765625
ns_lion_801,resnet50_tl_20250829,8,4,160,152,164.0,156.0,145.96861267089844,145.7435760498047,0.22503662109375
ns_lion_801,resnet50_tl_20250829,8,4,160,156,164.0,160.0,145.96861267089844,145.20513916015625,0.7634735107421875
ns_lion_801,resnet50_tl_20250829,8,4,160,160,164.0,164.0,145.96861267089844,145.22825622558594,0.7403564453125
ns_lion_801,resnet50_tl_20250829,8,4,160,164,164.0,168.0,145.96861267089844,145.5239715576172,0.44464111328125
ns_lion_801,resnet50_tl_20250829,8,4,160,168,164.0,172.0,145.96861267089844,145.7588348388672,0.20977783203125
ns_lion_801,resnet50_tl_20250829,8,4,160,172,164.0,176.0,145.96861267089844,145.49598693847656,0.472625732421875
ns_lion_801,resnet50_tl_20250829,8,4,160,176,164.0,180.0,145.96861267089844,145.55670166015625,0.4119110107421875
ns_lion_801,resnet50_tl_20250829,8,4,160,180,164.0,184.0,145.96861267089844,145.70828247070312,0.2603302001953125
ns_lion_801,resnet50_tl_20250829,8,4,160,184,164.0,188.0,145.96861267089844,145.8744354248047,0.09417724609375
ns_lion_801,resnet50_tl_20250829,8,4,160,188,164.0,192.0,145.96861267089844,145.65992736816406,0.308685302734375
ns_lion_801,resnet50_tl_20250829,8,4,160,192,164.0,196.0,145.96861267089844,145.7393798828125,0.2292327880859375
ns_lion_801,resnet50_tl_20250829,8,4,160,196,164.0,200.0,145.96861267089844,145.79974365234375,0.1688690185546875
ns_lion_801,resnet50_tl_20250829,8,4,160,200,164.0,204.0,145.96861267089844,145.91014099121094,0.0584716796875
ns_lion_801,resnet50_tl_20250829,8,4,160,204,164.0,208.0,145.96861267089844,145.88552856445312,0.0830841064453125
ns_lion_801,resnet50_tl_20250829,8,4,160,208,164.0,212.0,145.96861267089844,145.9223175048828,0.046295166015625
ns_lion_801,resnet50_tl_20250829,8,4,160,212,164.0,216.0,145.96861267089844,145.91883850097656,0.049774169921875
ns_lion_801,resnet50_tl_20250829,8,4,160,216,164.0,220.0,145.96861267089844,145.94639587402344,0.022216796875
ns_lion_801,resnet50_tl_20250829,8,4,164,0,168.0,4.0,145.96861267089844,145.8589324951172,0.10968017578125
ns_lion_801,resnet50_tl_20250829,8,4,164,4,168.0,8.0,145.96861267089844,145.8780975341797,0.09051513671875
ns_lion_801,resnet50_tl_20250829,8,4,164,8,168.0,12.0,145.96861267089844,145.9580535888672,0.01055908203125
ns_lion_801,resnet50_tl_20250829,8,4,164,12,168.0,16.0,145.96861267089844,145.91973876953125,0.0488739013671875
ns_lion_801,resnet50_tl_20250829,8,4,164,16,168.0,20.0,145.96861267089844,145.81881713867188,0.1497955322265625
ns_lion_801,resnet50_tl_20250829,8,4,164,20,168.0,24.0,145.96861267089844,145.8590545654297,0.10955810546875
ns_lion_801,resnet50_tl_20250829,8,4,164,24,168.0,28.0,145.96861267089844,145.80294799804688,0.1656646728515625
ns_lion_801,resnet50_tl_20250829,8,4,164,28,168.0,32.0,145.96861267089844,145.87176513671875,0.0968475341796875
ns_lion_801,resnet50_tl_20250829,8,4,164,32,168.0,36.0,145.96861267089844,145.79840087890625,0.1702117919921875
ns_lion_801,resnet50_tl_20250829,8,4,164,36,168.0,40.0,145.96861267089844,145.8630828857422,0.10552978515625
ns_lion_801,resnet50_tl_20250829,8,4,164,40,168.0,44.0,145.96861267089844,145.79945373535156,0.169158935546875
ns_lion_801,resnet50_tl_20250829,8,4,164,44,168.0,48.0,145.96861267089844,145.8433074951172,0.12530517578125
ns_lion_801,resnet50_tl_20250829,8,4,164,48,168.0,52.0,145.96861267089844,145.77847290039062,0.1901397705078125
ns_lion_801,resnet50_tl_20250829,8,4,164,52,168.0,56.0,145.96861267089844,145.86087036132812,0.1077423095703125
ns_lion_801,resnet50_tl_20250829,8,4,164,56,168.0,60.0,145.96861267089844,145.7248077392578,0.243804931640625
ns_lion_801,resnet50_tl_20250829,8,4,164,60,168.0,64.0,145.96861267089844,145.80673217773438,0.1618804931640625
ns_lion_801,resnet50_tl_20250829,8,4,164,64,168.0,68.0,145.96861267089844,145.73228454589844,0.236328125
ns_lion_801,resnet50_tl_20250829,8,4,164,68,168.0,72.0,145.96861267089844,145.84048461914062,0.1281280517578125
ns_lion_801,resnet50_tl_20250829,8,4,164,72,168.0,76.0,145.96861267089844,145.71095275878906,0.257659912109375
ns_lion_801,resnet50_tl_20250829,8,4,164,76,168.0,80.0,145.96861267089844,145.84144592285156,0.127166748046875
ns_lion_801,resnet50_tl_20250829,8,4,164,80,168.0,84.0,145.96861267089844,145.7915802001953,0.177032470703125
ns_lion_801,resnet50_tl_20250829,8,4,164,84,168.0,88.0,145.96861267089844,145.91653442382812,0.0520782470703125
ns_lion_801,resnet50_tl_20250829,8,4,164,88,168.0,92.0,145.96861267089844,145.8095703125,0.1590423583984375
ns_lion_801,resnet50_tl_20250829,8,4,164,92,168.0,96.0,145.96861267089844,145.9208984375,0.0477142333984375
ns_lion_801,resnet50_tl_20250829,8,4,164,96,168.0,100.0,145.96861267089844,145.91246032714844,0.05615234375
ns_lion_801,resnet50_tl_20250829,8,4,164,100,168.0,104.0,145.96861267089844,145.9917449951172,-0.02313232421875
ns_lion_801,resnet50_tl_20250829,8,4,164,104,168.0,108.0,145.96861267089844,145.94772338867188,0.0208892822265625
ns_lion_801,resnet50_tl_20250829,8,4,164,108,168.0,112.0,145.96861267089844,146.00140380859375,-0.0327911376953125
ns_lion_801,resnet50_tl_20250829,8,4,164,112,168.0,116.0,145.96861267089844,145.95191955566406,0.016693115234375
ns_lion_801,resnet50_tl_20250829,8,4,164,116,168.0,120.0,145.96861267089844,145.97312927246094,-0.0045166015625
ns_lion_801,resnet50_tl_20250829,8,4,164,120,168.0,124.0,145.96861267089844,145.82769775390625,0.1409149169921875
ns_lion_801,resnet50_tl_20250829,8,4,164,124,168.0,128.0,145.96861267089844,145.8435821533203,0.125030517578125
ns_lion_801,resnet50_tl_20250829,8,4,164,128,168.0,132.0,145.96861267089844,145.80313110351562,0.1654815673828125
ns_lion_801,resnet50_tl_20250829,8,4,164,132,168.0,136.0,145.96861267089844,145.8037109375,0.1649017333984375
ns_lion_801,resnet50_tl_20250829,8,4,164,136,168.0,140.0,145.96861267089844,145.70974731445312,0.2588653564453125
ns_lion_801,resnet50_tl_20250829,8,4,164,140,168.0,144.0,145.96861267089844,145.80223083496094,0.1663818359375
ns_lion_801,resnet50_tl_20250829,8,4,164,144,168.0,148.0,145.96861267089844,145.77719116210938,0.1914215087890625
ns_lion_801,resnet50_tl_20250829,8,4,164,148,168.0,152.0,145.96861267089844,145.82293701171875,0.1456756591796875
ns_lion_801,resnet50_tl_20250829,8,4,164,152,168.0,156.0,145.96861267089844,145.76417541503906,0.204437255859375
ns_lion_801,resnet50_tl_20250829,8,4,164,156,168.0,160.0,145.96861267089844,145.81085205078125,0.1577606201171875
ns_lion_801,resnet50_tl_20250829,8,4,164,160,168.0,164.0,145.96861267089844,145.76974487304688,0.1988677978515625
ns_lion_801,resnet50_tl_20250829,8,4,164,164,168.0,168.0,145.96861267089844,145.80140686035156,0.167205810546875
ns_lion_801,resnet50_tl_20250829,8,4,164,168,168.0,172.0,145.96861267089844,145.75013732910156,0.218475341796875
ns_lion_801,resnet50_tl_20250829,8,4,164,172,168.0,176.0,145.96861267089844,145.83934020996094,0.1292724609375
ns_lion_801,resnet50_tl_20250829,8,4,164,176,168.0,180.0,145.96861267089844,145.88978576660156,0.078826904296875
ns_lion_801,resnet50_tl_20250829,8,4,164,180,168.0,184.0,145.96861267089844,145.88510131835938,0.0835113525390625
ns_lion_801,resnet50_tl_20250829,8,4,164,184,168.0,188.0,145.96861267089844,145.87185668945312,0.0967559814453125
ns_lion_801,resnet50_tl_20250829,8,4,164,188,168.0,192.0,145.96861267089844,145.88546752929688,0.0831451416015625
ns_lion_801,resnet50_tl_20250829,8,4,164,192,168.0,196.0,145.96861267089844,145.9845733642578,-0.015960693359375
ns_lion_801,resnet50_tl_20250829,8,4,164,196,168.0,200.0,145.96861267089844,145.89466857910156,0.073944091796875
ns_lion_801,resnet50_tl_20250829,8,4,164,200,168.0,204.0,145.96861267089844,145.89877319335938,0.0698394775390625
ns_lion_801,resnet50_tl_20250829,8,4,164,204,168.0,208.0,145.96861267089844,145.91720581054688,0.0514068603515625
ns_lion_801,resnet50_tl_20250829,8,4,164,208,168.0,212.0,145.96861267089844,146.00125122070312,-0.0326385498046875
ns_lion_801,resnet50_tl_20250829,8,4,164,212,168.0,216.0,145.96861267089844,145.93801879882812,0.0305938720703125
ns_lion_801,resnet50_tl_20250829,8,4,164,216,168.0,220.0,145.96861267089844,145.93466186523438,0.0339508056640625
ns_lion_801,resnet50_tl_20250829,8,4,168,0,172.0,4.0,145.96861267089844,145.81329345703125,0.1553192138671875
ns_lion_801,resnet50_tl_20250829,8,4,168,4,172.0,8.0,145.96861267089844,145.80661010742188,0.1620025634765625
ns_lion_801,resnet50_tl_20250829,8,4,168,8,172.0,12.0,145.96861267089844,145.90679931640625,0.0618133544921875
ns_lion_801,resnet50_tl_20250829,8,4,168,12,172.0,16.0,145.96861267089844,145.74708557128906,0.221527099609375
ns_lion_801,resnet50_tl_20250829,8,4,168,16,172.0,20.0,145.96861267089844,145.72874450683594,0.2398681640625
ns_lion_801,resnet50_tl_20250829,8,4,168,20,172.0,24.0,145.96861267089844,145.67762756347656,0.290985107421875
ns_lion_801,resnet50_tl_20250829,8,4,168,24,172.0,28.0,145.96861267089844,145.6920166015625,0.2765960693359375
ns_lion_801,resnet50_tl_20250829,8,4,168,28,172.0,32.0,145.96861267089844,145.5192413330078,0.449371337890625
ns_lion_801,resnet50_tl_20250829,8,4,168,32,172.0,36.0,145.96861267089844,145.5552978515625,0.4133148193359375
ns_lion_801,resnet50_tl_20250829,8,4,168,36,172.0,40.0,145.96861267089844,145.55599975585938,0.4126129150390625
ns_lion_801,resnet50_tl_20250829,8,4,168,40,172.0,44.0,145.96861267089844,145.6381072998047,0.33050537109375
ns_lion_801,resnet50_tl_20250829,8,4,168,44,172.0,48.0,145.96861267089844,145.47801208496094,0.4906005859375
ns_lion_801,resnet50_tl_20250829,8,4,168,48,172.0,52.0,145.96861267089844,145.5299835205078,0.438629150390625
ns_lion_801,resnet50_tl_20250829,8,4,168,52,172.0,56.0,145.96861267089844,145.54061889648438,0.4279937744140625
ns_lion_801,resnet50_tl_20250829,8,4,168,56,172.0,60.0,145.96861267089844,145.63673400878906,0.331878662109375
ns_lion_801,resnet50_tl_20250829,8,4,168,60,172.0,64.0,145.96861267089844,145.47935485839844,0.4892578125
ns_lion_801,resnet50_tl_20250829,8,4,168,64,172.0,68.0,145.96861267089844,145.47457885742188,0.4940338134765625
ns_lion_801,resnet50_tl_20250829,8,4,168,68,172.0,72.0,145.96861267089844,145.51373291015625,0.4548797607421875
ns_lion_801,resnet50_tl_20250829,8,4,168,72,172.0,76.0,145.96861267089844,145.6166229248047,0.35198974609375
ns_lion_801,resnet50_tl_20250829,8,4,168,76,172.0,80.0,145.96861267089844,145.54551696777344,0.423095703125
ns_lion_801,resnet50_tl_20250829,8,4,168,80,172.0,84.0,145.96861267089844,145.53880310058594,0.4298095703125
ns_lion_801,resnet50_tl_20250829,8,4,168,84,172.0,88.0,145.96861267089844,145.6143798828125,0.3542327880859375
ns_lion_801,resnet50_tl_20250829,8,4,168,88,172.0,92.0,145.96861267089844,145.72254943847656,0.246063232421875
ns_lion_801,resnet50_tl_20250829,8,4,168,92,172.0,96.0,145.96861267089844,145.6554718017578,0.313140869140625
ns_lion_801,resnet50_tl_20250829,8,4,168,96,172.0,100.0,145.96861267089844,145.6515350341797,0.31707763671875
ns_lion_801,resnet50_tl_20250829,8,4,168,100,172.0,104.0,145.96861267089844,145.67111206054688,0.2975006103515625
ns_lion_801,resnet50_tl_20250829,8,4,168,104,172.0,108.0,145.96861267089844,145.7501983642578,0.218414306640625
ns_lion_801,resnet50_tl_20250829,8,4,168,108,172.0,112.0,145.96861267089844,145.67269897460938,0.2959136962890625
ns_lion_801,resnet50_tl_20250829,8,4,168,112,172.0,116.0,145.96861267089844,145.6763916015625,0.2922210693359375
ns_lion_801,resnet50_tl_20250829,8,4,168,116,172.0,120.0,145.96861267089844,145.70492553710938,0.2636871337890625
ns_lion_801,resnet50_tl_20250829,8,4,168,120,172.0,124.0,145.96861267089844,145.7586212158203,0.209991455078125
ns_lion_801,resnet50_tl_20250829,8,4,168,124,172.0,128.0,145.96861267089844,145.63450622558594,0.3341064453125
ns_lion_801,resnet50_tl_20250829,8,4,168,128,172.0,132.0,145.96861267089844,145.6307373046875,0.3378753662109375
ns_lion_801,resnet50_tl_20250829,8,4,168,132,172.0,136.0,145.96861267089844,145.58941650390625,0.3791961669921875
ns_lion_801,resnet50_tl_20250829,8,4,168,136,172.0,140.0,145.96861267089844,145.65444946289062,0.3141632080078125
ns_lion_801,resnet50_tl_20250829,8,4,168,140,172.0,144.0,145.96861267089844,145.61163330078125,0.3569793701171875
ns_lion_801,resnet50_tl_20250829,8,4,168,144,172.0,148.0,145.96861267089844,145.64682006835938,0.3217926025390625
ns_lion_801,resnet50_tl_20250829,8,4,168,148,172.0,152.0,145.96861267089844,145.61993408203125,0.3486785888671875
ns_lion_801,resnet50_tl_20250829,8,4,168,152,172.0,156.0,145.96861267089844,145.7117919921875,0.2568206787109375
ns_lion_801,resnet50_tl_20250829,8,4,168,156,172.0,160.0,145.96861267089844,145.6014862060547,0.36712646484375
ns_lion_801,resnet50_tl_20250829,8,4,168,160,172.0,164.0,145.96861267089844,145.63638305664062,0.3322296142578125
ns_lion_801,resnet50_tl_20250829,8,4,168,164,172.0,168.0,145.96861267089844,145.6132049560547,0.35540771484375
ns_lion_801,resnet50_tl_20250829,8,4,168,168,172.0,172.0,145.96861267089844,145.7378387451172,0.23077392578125
ns_lion_801,resnet50_tl_20250829,8,4,168,172,172.0,176.0,145.96861267089844,145.69461059570312,0.2740020751953125
ns_lion_801,resnet50_tl_20250829,8,4,168,176,172.0,180.0,145.96861267089844,145.77606201171875,0.1925506591796875
ns_lion_801,resnet50_tl_20250829,8,4,168,180,172.0,184.0,145.96861267089844,145.74502563476562,0.2235870361328125
ns_lion_801,resnet50_tl_20250829,8,4,168,184,172.0,188.0,145.96861267089844,145.87696838378906,0.091644287109375
ns_lion_801,resnet50_tl_20250829,8,4,168,188,172.0,192.0,145.96861267089844,145.855712890625,0.1128997802734375
ns_lion_801,resnet50_tl_20250829,8,4,168,192,172.0,196.0,145.96861267089844,145.9396514892578,0.028961181640625
ns_lion_801,resnet50_tl_20250829,8,4,168,196,172.0,200.0,145.96861267089844,145.8736572265625,0.0949554443359375
ns_lion_801,resnet50_tl_20250829,8,4,168,200,172.0,204.0,145.96861267089844,145.90994262695312,0.0586700439453125
ns_lion_801,resnet50_tl_20250829,8,4,168,204,172.0,208.0,145.96861267089844,145.91615295410156,0.052459716796875
ns_lion_801,resnet50_tl_20250829,8,4,168,208,172.0,212.0,145.96861267089844,145.96632385253906,0.002288818359375
ns_lion_801,resnet50_tl_20250829,8,4,168,212,172.0,216.0,145.96861267089844,145.92430114746094,0.0443115234375
ns_lion_801,resnet50_tl_20250829,8,4,168,216,172.0,220.0,145.96861267089844,145.94297790527344,0.025634765625
ns_lion_801,resnet50_tl_20250829,8,4,172,0,176.0,4.0,145.96861267089844,145.5793914794922,0.38922119140625
ns_lion_801,resnet50_tl_20250829,8,4,172,4,176.0,8.0,145.96861267089844,145.82411193847656,0.144500732421875
ns_lion_801,resnet50_tl_20250829,8,4,172,8,176.0,12.0,145.96861267089844,145.88897705078125,0.0796356201171875
ns_lion_801,resnet50_tl_20250829,8,4,172,12,176.0,16.0,145.96861267089844,145.65029907226562,0.3183135986328125
ns_lion_801,resnet50_tl_20250829,8,4,172,16,176.0,20.0,145.96861267089844,145.5775604248047,0.39105224609375
ns_lion_801,resnet50_tl_20250829,8,4,172,20,176.0,24.0,145.96861267089844,145.77508544921875,0.1935272216796875
ns_lion_801,resnet50_tl_20250829,8,4,172,24,176.0,28.0,145.96861267089844,145.7751007080078,0.193511962890625
ns_lion_801,resnet50_tl_20250829,8,4,172,28,176.0,32.0,145.96861267089844,145.38583374023438,0.5827789306640625
ns_lion_801,resnet50_tl_20250829,8,4,172,32,176.0,36.0,145.96861267089844,145.33154296875,0.6370697021484375
ns_lion_801,resnet50_tl_20250829,8,4,172,36,176.0,40.0,145.96861267089844,145.6564178466797,0.31219482421875
ns_lion_801,resnet50_tl_20250829,8,4,172,40,176.0,44.0,145.96861267089844,145.71597290039062,0.2526397705078125
ns_lion_801,resnet50_tl_20250829,8,4,172,44,176.0,48.0,145.96861267089844,145.3550262451172,0.61358642578125
ns_lion_801,resnet50_tl_20250829,8,4,172,48,176.0,52.0,145.96861267089844,145.30355834960938,0.6650543212890625
ns_lion_801,resnet50_tl_20250829,8,4,172,52,176.0,56.0,145.96861267089844,145.66131591796875,0.3072967529296875
ns_lion_801,resnet50_tl_20250829,8,4,172,56,176.0,60.0,145.96861267089844,145.72174072265625,0.2468719482421875
ns_lion_801,resnet50_tl_20250829,8,4,172,60,176.0,64.0,145.96861267089844,145.29261779785156,0.675994873046875
ns_lion_801,resnet50_tl_20250829,8,4,172,64,176.0,68.0,145.96861267089844,145.23049926757812,0.7381134033203125
ns_lion_801,resnet50_tl_20250829,8,4,172,68,176.0,72.0,145.96861267089844,145.57989501953125,0.3887176513671875
ns_lion_801,resnet50_tl_20250829,8,4,172,72,176.0,76.0,145.96861267089844,145.6868438720703,0.281768798828125
ns_lion_801,resnet50_tl_20250829,8,4,172,76,176.0,80.0,145.96861267089844,145.41307067871094,0.5555419921875
ns_lion_801,resnet50_tl_20250829,8,4,172,80,176.0,84.0,145.96861267089844,145.362060546875,0.6065521240234375
ns_lion_801,resnet50_tl_20250829,8,4,172,84,176.0,88.0,145.96861267089844,145.69224548339844,0.2763671875
ns_lion_801,resnet50_tl_20250829,8,4,172,88,176.0,92.0,145.96861267089844,145.78921508789062,0.1793975830078125
ns_lion_801,resnet50_tl_20250829,8,4,172,92,176.0,96.0,145.96861267089844,145.50514221191406,0.463470458984375
ns_lion_801,resnet50_tl_20250829,8,4,172,96,176.0,100.0,145.96861267089844,145.47434997558594,0.4942626953125
ns_lion_801,resnet50_tl_20250829,8,4,172,100,176.0,104.0,145.96861267089844,145.75970458984375,0.2089080810546875
ns_lion_801,resnet50_tl_20250829,8,4,172,104,176.0,108.0,145.96861267089844,145.8119659423828,0.156646728515625
ns_lion_801,resnet50_tl_20250829,8,4,172,108,176.0,112.0,145.96861267089844,145.5815887451172,0.38702392578125
ns_lion_801,resnet50_tl_20250829,8,4,172,112,176.0,116.0,145.96861267089844,145.51663208007812,0.4519805908203125
ns_lion_801,resnet50_tl_20250829,8,4,172,116,176.0,120.0,145.96861267089844,145.8151397705078,0.153472900390625
ns_lion_801,resnet50_tl_20250829,8,4,172,120,176.0,124.0,145.96861267089844,145.82562255859375,0.1429901123046875
ns_lion_801,resnet50_tl_20250829,8,4,172,124,176.0,128.0,145.96861267089844,145.50057983398438,0.4680328369140625
ns_lion_801,resnet50_tl_20250829,8,4,172,128,176.0,132.0,145.96861267089844,145.42080688476562,0.5478057861328125
ns_lion_801,resnet50_tl_20250829,8,4,172,132,176.0,136.0,145.96861267089844,145.71646118164062,0.2521514892578125
ns_lion_801,resnet50_tl_20250829,8,4,172,136,176.0,140.0,145.96861267089844,145.7674560546875,0.2011566162109375
ns_lion_801,resnet50_tl_20250829,8,4,172,140,176.0,144.0,145.96861267089844,145.48504638671875,0.4835662841796875
ns_lion_801,resnet50_tl_20250829,8,4,172,144,176.0,148.0,145.96861267089844,145.44198608398438,0.5266265869140625
ns_lion_801,resnet50_tl_20250829,8,4,172,148,176.0,152.0,145.96861267089844,145.6982421875,0.2703704833984375
ns_lion_801,resnet50_tl_20250829,8,4,172,152,176.0,156.0,145.96861267089844,145.7716827392578,0.196929931640625
ns_lion_801,resnet50_tl_20250829,8,4,172,156,176.0,160.0,145.96861267089844,145.4705810546875,0.4980316162109375
ns_lion_801,resnet50_tl_20250829,8,4,172,160,176.0,164.0,145.96861267089844,145.4456787109375,0.5229339599609375
ns_lion_801,resnet50_tl_20250829,8,4,172,164,176.0,168.0,145.96861267089844,145.65968322753906,0.308929443359375
ns_lion_801,resnet50_tl_20250829,8,4,172,168,176.0,172.0,145.96861267089844,145.79434204101562,0.1742706298828125
ns_lion_801,resnet50_tl_20250829,8,4,172,172,176.0,176.0,145.96861267089844,145.613525390625,0.3550872802734375
ns_lion_801,resnet50_tl_20250829,8,4,172,176,176.0,180.0,145.96861267089844,145.63951110839844,0.3291015625
ns_lion_801,resnet50_tl_20250829,8,4,172,180,176.0,184.0,145.96861267089844,145.77845764160156,0.190155029296875
ns_lion_801,resnet50_tl_20250829,8,4,172,184,176.0,188.0,145.96861267089844,145.91961669921875,0.0489959716796875
ns_lion_801,resnet50_tl_20250829,8,4,172,188,176.0,192.0,145.96861267089844,145.80178833007812,0.1668243408203125
ns_lion_801,resnet50_tl_20250829,8,4,172,192,176.0,196.0,145.96861267089844,145.8662109375,0.1024017333984375
ns_lion_801,resnet50_tl_20250829,8,4,172,196,176.0,200.0,145.96861267089844,145.84474182128906,0.123870849609375
ns_lion_801,resnet50_tl_20250829,8,4,172,200,176.0,204.0,145.96861267089844,145.93258666992188,0.0360260009765625
ns_lion_801,resnet50_tl_20250829,8,4,172,204,176.0,208.0,145.96861267089844,145.899658203125,0.0689544677734375
ns_lion_801,resnet50_tl_20250829,8,4,172,208,176.0,212.0,145.96861267089844,145.93772888183594,0.0308837890625
ns_lion_801,resnet50_tl_20250829,8,4,172,212,176.0,216.0,145.96861267089844,145.91485595703125,0.0537567138671875
ns_lion_801,resnet50_tl_20250829,8,4,172,216,176.0,220.0,145.96861267089844,145.94056701660156,0.028045654296875
ns_lion_801,resnet50_tl_20250829,8,4,176,0,180.0,4.0,145.96861267089844,145.64453125,0.3240814208984375
ns_lion_801,resnet50_tl_20250829,8,4,176,4,180.0,8.0,145.96861267089844,145.76939392089844,0.19921875
ns_lion_801,resnet50_tl_20250829,8,4,176,8,180.0,12.0,145.96861267089844,145.89724731445312,0.0713653564453125
ns_lion_801,resnet50_tl_20250829,8,4,176,12,180.0,16.0,145.96861267089844,145.62429809570312,0.3443145751953125
ns_lion_801,resnet50_tl_20250829,8,4,176,16,180.0,20.0,145.96861267089844,145.60926818847656,0.359344482421875
ns_lion_801,resnet50_tl_20250829,8,4,176,20,180.0,24.0,145.96861267089844,145.675048828125,0.2935638427734375
ns_lion_801,resnet50_tl_20250829,8,4,176,24,180.0,28.0,145.96861267089844,145.726318359375,0.2422943115234375
ns_lion_801,resnet50_tl_20250829,8,4,176,28,180.0,32.0,145.96861267089844,145.34402465820312,0.6245880126953125
ns_lion_801,resnet50_tl_20250829,8,4,176,32,180.0,36.0,145.96861267089844,145.38804626464844,0.58056640625
ns_lion_801,resnet50_tl_20250829,8,4,176,36,180.0,40.0,145.96861267089844,145.57875061035156,0.389862060546875
ns_lion_801,resnet50_tl_20250829,8,4,176,40,180.0,44.0,145.96861267089844,145.67568969726562,0.2929229736328125
ns_lion_801,resnet50_tl_20250829,8,4,176,44,180.0,48.0,145.96861267089844,145.28244018554688,0.6861724853515625
ns_lion_801,resnet50_tl_20250829,8,4,176,48,180.0,52.0,145.96861267089844,145.31822204589844,0.650390625
ns_lion_801,resnet50_tl_20250829,8,4,176,52,180.0,56.0,145.96861267089844,145.5220489501953,0.446563720703125
ns_lion_801,resnet50_tl_20250829,8,4,176,56,180.0,60.0,145.96861267089844,145.65040588378906,0.318206787109375
ns_lion_801,resnet50_tl_20250829,8,4,176,60,180.0,64.0,145.96861267089844,145.2432861328125,0.7253265380859375
ns_lion_801,resnet50_tl_20250829,8,4,176,64,180.0,68.0,145.96861267089844,145.2701416015625,0.6984710693359375
ns_lion_801,resnet50_tl_20250829,8,4,176,68,180.0,72.0,145.96861267089844,145.4791717529297,0.48944091796875
ns_lion_801,resnet50_tl_20250829,8,4,176,72,180.0,76.0,145.96861267089844,145.64773559570312,0.3208770751953125
ns_lion_801,resnet50_tl_20250829,8,4,176,76,180.0,80.0,145.96861267089844,145.34974670410156,0.618865966796875
ns_lion_801,resnet50_tl_20250829,8,4,176,80,180.0,84.0,145.96861267089844,145.3905029296875,0.5781097412109375
ns_lion_801,resnet50_tl_20250829,8,4,176,84,180.0,88.0,145.96861267089844,145.5876007080078,0.381011962890625
ns_lion_801,resnet50_tl_20250829,8,4,176,88,180.0,92.0,145.96861267089844,145.7353057861328,0.233306884765625
ns_lion_801,resnet50_tl_20250829,8,4,176,92,180.0,96.0,145.96861267089844,145.4407196044922,0.52789306640625
ns_lion_801,resnet50_tl_20250829,8,4,176,96,180.0,100.0,145.96861267089844,145.48944091796875,0.4791717529296875
ns_lion_801,resnet50_tl_20250829,8,4,176,100,180.0,104.0,145.96861267089844,145.6710968017578,0.297515869140625
ns_lion_801,resnet50_tl_20250829,8,4,176,104,180.0,108.0,145.96861267089844,145.74986267089844,0.21875
ns_lion_801,resnet50_tl_20250829,8,4,176,108,180.0,112.0,145.96861267089844,145.50070190429688,0.4679107666015625
ns_lion_801,resnet50_tl_20250829,8,4,176,112,180.0,116.0,145.96861267089844,145.51287841796875,0.4557342529296875
ns_lion_801,resnet50_tl_20250829,8,4,176,116,180.0,120.0,145.96861267089844,145.69017028808594,0.2784423828125
ns_lion_801,resnet50_tl_20250829,8,4,176,120,180.0,124.0,145.96861267089844,145.7427978515625,0.2258148193359375
ns_lion_801,resnet50_tl_20250829,8,4,176,124,180.0,128.0,145.96861267089844,145.44427490234375,0.5243377685546875
ns_lion_801,resnet50_tl_20250829,8,4,176,128,180.0,132.0,145.96861267089844,145.4451446533203,0.523468017578125
ns_lion_801,resnet50_tl_20250829,8,4,176,132,180.0,136.0,145.96861267089844,145.63601684570312,0.3325958251953125
ns_lion_801,resnet50_tl_20250829,8,4,176,136,180.0,140.0,145.96861267089844,145.72157287597656,0.247039794921875
ns_lion_801,resnet50_tl_20250829,8,4,176,140,180.0,144.0,145.96861267089844,145.43922424316406,0.529388427734375
ns_lion_801,resnet50_tl_20250829,8,4,176,144,180.0,148.0,145.96861267089844,145.45875549316406,0.509857177734375
ns_lion_801,resnet50_tl_20250829,8,4,176,148,180.0,152.0,145.96861267089844,145.63116455078125,0.3374481201171875
ns_lion_801,resnet50_tl_20250829,8,4,176,152,180.0,156.0,145.96861267089844,145.73663330078125,0.2319793701171875
ns_lion_801,resnet50_tl_20250829,8,4,176,156,180.0,160.0,145.96861267089844,145.47567749023438,0.4929351806640625
ns_lion_801,resnet50_tl_20250829,8,4,176,160,180.0,164.0,145.96861267089844,145.5074462890625,0.4611663818359375
ns_lion_801,resnet50_tl_20250829,8,4,176,164,180.0,168.0,145.96861267089844,145.6541748046875,0.3144378662109375
ns_lion_801,resnet50_tl_20250829,8,4,176,168,180.0,172.0,145.96861267089844,145.8087615966797,0.15985107421875
ns_lion_801,resnet50_tl_20250829,8,4,176,172,180.0,176.0,145.96861267089844,145.62057495117188,0.3480377197265625
ns_lion_801,resnet50_tl_20250829,8,4,176,176,180.0,180.0,145.96861267089844,145.68577575683594,0.2828369140625
ns_lion_801,resnet50_tl_20250829,8,4,176,180,180.0,184.0,145.96861267089844,145.7830810546875,0.1855316162109375
ns_lion_801,resnet50_tl_20250829,8,4,176,184,180.0,188.0,145.96861267089844,145.91522216796875,0.0533905029296875
ns_lion_801,resnet50_tl_20250829,8,4,176,188,180.0,192.0,145.96861267089844,145.819091796875,0.1495208740234375
ns_lion_801,resnet50_tl_20250829,8,4,176,192,180.0,196.0,145.96861267089844,145.8977508544922,0.07086181640625
ns_lion_801,resnet50_tl_20250829,8,4,176,196,180.0,200.0,145.96861267089844,145.90890502929688,0.0597076416015625
ns_lion_801,resnet50_tl_20250829,8,4,176,200,180.0,204.0,145.96861267089844,145.95217895507812,0.0164337158203125
ns_lion_801,resnet50_tl_20250829,8,4,176,204,180.0,208.0,145.96861267089844,145.9097137451172,0.05889892578125
ns_lion_801,resnet50_tl_20250829,8,4,176,208,180.0,212.0,145.96861267089844,145.93482971191406,0.033782958984375
ns_lion_801,resnet50_tl_20250829,8,4,176,212,180.0,216.0,145.96861267089844,145.92552185058594,0.0430908203125
ns_lion_801,resnet50_tl_20250829,8,4,176,216,180.0,220.0,145.96861267089844,145.95938110351562,0.0092315673828125
ns_lion_801,resnet50_tl_20250829,8,4,180,0,184.0,4.0,145.96861267089844,145.85430908203125,0.1143035888671875
ns_lion_801,resnet50_tl_20250829,8,4,180,4,184.0,8.0,145.96861267089844,145.8582000732422,0.11041259765625
ns_lion_801,resnet50_tl_20250829,8,4,180,8,184.0,12.0,145.96861267089844,145.91603088378906,0.052581787109375
ns_lion_801,resnet50_tl_20250829,8,4,180,12,184.0,16.0,145.96861267089844,145.86578369140625,0.1028289794921875
ns_lion_801,resnet50_tl_20250829,8,4,180,16,184.0,20.0,145.96861267089844,145.8263702392578,0.142242431640625
ns_lion_801,resnet50_tl_20250829,8,4,180,20,184.0,24.0,145.96861267089844,145.7777557373047,0.19085693359375
ns_lion_801,resnet50_tl_20250829,8,4,180,24,184.0,28.0,145.96861267089844,145.7563934326172,0.21221923828125
ns_lion_801,resnet50_tl_20250829,8,4,180,28,184.0,32.0,145.96861267089844,145.7296142578125,0.2389984130859375
ns_lion_801,resnet50_tl_20250829,8,4,180,32,184.0,36.0,145.96861267089844,145.7212371826172,0.24737548828125
ns_lion_801,resnet50_tl_20250829,8,4,180,36,184.0,40.0,145.96861267089844,145.73562622070312,0.2329864501953125
ns_lion_801,resnet50_tl_20250829,8,4,180,40,184.0,44.0,145.96861267089844,145.6821746826172,0.28643798828125
ns_lion_801,resnet50_tl_20250829,8,4,180,44,184.0,48.0,145.96861267089844,145.71755981445312,0.2510528564453125
ns_lion_801,resnet50_tl_20250829,8,4,180,48,184.0,52.0,145.96861267089844,145.70428466796875,0.2643280029296875
ns_lion_801,resnet50_tl_20250829,8,4,180,52,184.0,56.0,145.96861267089844,145.7412109375,0.2274017333984375
ns_lion_801,resnet50_tl_20250829,8,4,180,56,184.0,60.0,145.96861267089844,145.67129516601562,0.2973175048828125
ns_lion_801,resnet50_tl_20250829,8,4,180,60,184.0,64.0,145.96861267089844,145.7162628173828,0.252349853515625
ns_lion_801,resnet50_tl_20250829,8,4,180,64,184.0,68.0,145.96861267089844,145.70938110351562,0.2592315673828125
ns_lion_801,resnet50_tl_20250829,8,4,180,68,184.0,72.0,145.96861267089844,145.73519897460938,0.2334136962890625
ns_lion_801,resnet50_tl_20250829,8,4,180,72,184.0,76.0,145.96861267089844,145.67962646484375,0.2889862060546875
ns_lion_801,resnet50_tl_20250829,8,4,180,76,184.0,80.0,145.96861267089844,145.77099609375,0.1976165771484375
ns_lion_801,resnet50_tl_20250829,8,4,180,80,184.0,84.0,145.96861267089844,145.791015625,0.1775970458984375
ns_lion_801,resnet50_tl_20250829,8,4,180,84,184.0,88.0,145.96861267089844,145.81707763671875,0.1515350341796875
ns_lion_801,resnet50_tl_20250829,8,4,180,88,184.0,92.0,145.96861267089844,145.76475524902344,0.203857421875
ns_lion_801,resnet50_tl_20250829,8,4,180,92,184.0,96.0,145.96861267089844,145.81121826171875,0.1573944091796875
ns_lion_801,resnet50_tl_20250829,8,4,180,96,184.0,100.0,145.96861267089844,145.8233184814453,0.145294189453125
ns_lion_801,resnet50_tl_20250829,8,4,180,100,184.0,104.0,145.96861267089844,145.85057067871094,0.1180419921875
ns_lion_801,resnet50_tl_20250829,8,4,180,104,184.0,108.0,145.96861267089844,145.761474609375,0.2071380615234375
ns_lion_801,resnet50_tl_20250829,8,4,180,108,184.0,112.0,145.96861267089844,145.85865783691406,0.109954833984375
ns_lion_801,resnet50_tl_20250829,8,4,180,112,184.0,116.0,145.96861267089844,145.8266143798828,0.141998291015625
ns_lion_801,resnet50_tl_20250829,8,4,180,116,184.0,120.0,145.96861267089844,145.86505126953125,0.1035614013671875
ns_lion_801,resnet50_tl_20250829,8,4,180,120,184.0,124.0,145.96861267089844,145.77420043945312,0.1944122314453125
ns_lion_801,resnet50_tl_20250829,8,4,180,124,184.0,128.0,145.96861267089844,145.83627319335938,0.1323394775390625
ns_lion_801,resnet50_tl_20250829,8,4,180,128,184.0,132.0,145.96861267089844,145.80746459960938,0.1611480712890625
ns_lion_801,resnet50_tl_20250829,8,4,180,132,184.0,136.0,145.96861267089844,145.8163299560547,0.15228271484375
ns_lion_801,resnet50_tl_20250829,8,4,180,136,184.0,140.0,145.96861267089844,145.74703979492188,0.2215728759765625
ns_lion_801,resnet50_tl_20250829,8,4,180,140,184.0,144.0,145.96861267089844,145.80935668945312,0.1592559814453125
ns_lion_801,resnet50_tl_20250829,8,4,180,144,184.0,148.0,145.96861267089844,145.82232666015625,0.1462860107421875
ns_lion_801,resnet50_tl_20250829,8,4,180,148,184.0,152.0,145.96861267089844,145.7978057861328,0.170806884765625
ns_lion_801,resnet50_tl_20250829,8,4,180,152,184.0,156.0,145.96861267089844,145.7731170654297,0.19549560546875
ns_lion_801,resnet50_tl_20250829,8,4,180,156,184.0,160.0,145.96861267089844,145.80682373046875,0.1617889404296875
ns_lion_801,resnet50_tl_20250829,8,4,180,160,184.0,164.0,145.96861267089844,145.85458374023438,0.1140289306640625
ns_lion_801,resnet50_tl_20250829,8,4,180,164,184.0,168.0,145.96861267089844,145.82467651367188,0.1439361572265625
ns_lion_801,resnet50_tl_20250829,8,4,180,168,184.0,172.0,145.96861267089844,145.82606506347656,0.142547607421875
ns_lion_801,resnet50_tl_20250829,8,4,180,172,184.0,176.0,145.96861267089844,145.8726806640625,0.0959320068359375
ns_lion_801,resnet50_tl_20250829,8,4,180,176,184.0,180.0,145.96861267089844,145.9683837890625,0.0002288818359375
ns_lion_801,resnet50_tl_20250829,8,4,180,180,184.0,184.0,145.96861267089844,145.9078826904297,0.06072998046875
ns_lion_801,resnet50_tl_20250829,8,4,180,184,184.0,188.0,145.96861267089844,145.93177795410156,0.036834716796875
ns_lion_801,resnet50_tl_20250829,8,4,180,188,184.0,192.0,145.96861267089844,145.921875,0.0467376708984375
ns_lion_801,resnet50_tl_20250829,8,4,180,192,184.0,196.0,145.96861267089844,146.033203125,-0.0645904541015625
ns_lion_801,resnet50_tl_20250829,8,4,180,196,184.0,200.0,145.96861267089844,145.9465789794922,0.02203369140625
ns_lion_801,resnet50_tl_20250829,8,4,180,200,184.0,204.0,145.96861267089844,145.95758056640625,0.0110321044921875
ns_lion_801,resnet50_tl_20250829,8,4,180,204,184.0,208.0,145.96861267089844,145.92030334472656,0.048309326171875
ns_lion_801,resnet50_tl_20250829,8,4,180,208,184.0,212.0,145.96861267089844,146.00741577148438,-0.0388031005859375
ns_lion_801,resnet50_tl_20250829,8,4,180,212,184.0,216.0,145.96861267089844,145.96188354492188,0.0067291259765625
ns_lion_801,resnet50_tl_20250829,8,4,180,216,184.0,220.0,145.96861267089844,145.9659423828125,0.0026702880859375
ns_lion_801,resnet50_tl_20250829,8,4,184,0,188.0,4.0,145.96861267089844,145.78053283691406,0.188079833984375
ns_lion_801,resnet50_tl_20250829,8,4,184,4,188.0,8.0,145.96861267089844,145.8000030517578,0.168609619140625
ns_lion_801,resnet50_tl_20250829,8,4,184,8,188.0,12.0,145.96861267089844,145.8714599609375,0.0971527099609375
ns_lion_801,resnet50_tl_20250829,8,4,184,12,188.0,16.0,145.96861267089844,145.75877380371094,0.2098388671875
ns_lion_801,resnet50_tl_20250829,8,4,184,16,188.0,20.0,145.96861267089844,145.7594757080078,0.209136962890625
ns_lion_801,resnet50_tl_20250829,8,4,184,20,188.0,24.0,145.96861267089844,145.6803741455078,0.288238525390625
ns_lion_801,resnet50_tl_20250829,8,4,184,24,188.0,28.0,145.96861267089844,145.68685913085938,0.2817535400390625
ns_lion_801,resnet50_tl_20250829,8,4,184,28,188.0,32.0,145.96861267089844,145.5780029296875,0.3906097412109375
ns_lion_801,resnet50_tl_20250829,8,4,184,32,188.0,36.0,145.96861267089844,145.6082763671875,0.3603363037109375
ns_lion_801,resnet50_tl_20250829,8,4,184,36,188.0,40.0,145.96861267089844,145.56430053710938,0.4043121337890625
ns_lion_801,resnet50_tl_20250829,8,4,184,40,188.0,44.0,145.96861267089844,145.6026611328125,0.3659515380859375
ns_lion_801,resnet50_tl_20250829,8,4,184,44,188.0,48.0,145.96861267089844,145.52059936523438,0.4480133056640625
ns_lion_801,resnet50_tl_20250829,8,4,184,48,188.0,52.0,145.96861267089844,145.5381622314453,0.430450439453125
ns_lion_801,resnet50_tl_20250829,8,4,184,52,188.0,56.0,145.96861267089844,145.52493286132812,0.4436798095703125
ns_lion_801,resnet50_tl_20250829,8,4,184,56,188.0,60.0,145.96861267089844,145.59335327148438,0.3752593994140625
ns_lion_801,resnet50_tl_20250829,8,4,184,60,188.0,64.0,145.96861267089844,145.5242919921875,0.4443206787109375
ns_lion_801,resnet50_tl_20250829,8,4,184,64,188.0,68.0,145.96861267089844,145.54273986816406,0.425872802734375
ns_lion_801,resnet50_tl_20250829,8,4,184,68,188.0,72.0,145.96861267089844,145.5207061767578,0.447906494140625
ns_lion_801,resnet50_tl_20250829,8,4,184,72,188.0,76.0,145.96861267089844,145.58895874023438,0.3796539306640625
ns_lion_801,resnet50_tl_20250829,8,4,184,76,188.0,80.0,145.96861267089844,145.56849670410156,0.400115966796875
ns_lion_801,resnet50_tl_20250829,8,4,184,80,188.0,84.0,145.96861267089844,145.59927368164062,0.3693389892578125
ns_lion_801,resnet50_tl_20250829,8,4,184,84,188.0,88.0,145.96861267089844,145.6073455810547,0.36126708984375
ns_lion_801,resnet50_tl_20250829,8,4,184,88,188.0,92.0,145.96861267089844,145.67471313476562,0.2938995361328125
ns_lion_801,resnet50_tl_20250829,8,4,184,92,188.0,96.0,145.96861267089844,145.6244354248047,0.34417724609375
ns_lion_801,resnet50_tl_20250829,8,4,184,96,188.0,100.0,145.96861267089844,145.6499786376953,0.318634033203125
ns_lion_801,resnet50_tl_20250829,8,4,184,100,188.0,104.0,145.96861267089844,145.64735412597656,0.321258544921875
ns_lion_801,resnet50_tl_20250829,8,4,184,104,188.0,108.0,145.96861267089844,145.68304443359375,0.2855682373046875
ns_lion_801,resnet50_tl_20250829,8,4,184,108,188.0,112.0,145.96861267089844,145.6974334716797,0.27117919921875
ns_lion_801,resnet50_tl_20250829,8,4,184,112,188.0,116.0,145.96861267089844,145.68350219726562,0.2851104736328125
ns_lion_801,resnet50_tl_20250829,8,4,184,116,188.0,120.0,145.96861267089844,145.6771697998047,0.29144287109375
ns_lion_801,resnet50_tl_20250829,8,4,184,120,188.0,124.0,145.96861267089844,145.69659423828125,0.2720184326171875
ns_lion_801,resnet50_tl_20250829,8,4,184,124,188.0,128.0,145.96861267089844,145.68836975097656,0.280242919921875
ns_lion_801,resnet50_tl_20250829,8,4,184,128,188.0,132.0,145.96861267089844,145.68406677246094,0.2845458984375
ns_lion_801,resnet50_tl_20250829,8,4,184,132,188.0,136.0,145.96861267089844,145.64024353027344,0.328369140625
ns_lion_801,resnet50_tl_20250829,8,4,184,136,188.0,140.0,145.96861267089844,145.6768341064453,0.291778564453125
ns_lion_801,resnet50_tl_20250829,8,4,184,140,188.0,144.0,145.96861267089844,145.6817169189453,0.286895751953125
ns_lion_801,resnet50_tl_20250829,8,4,184,144,188.0,148.0,145.96861267089844,145.71324157714844,0.25537109375
ns_lion_801,resnet50_tl_20250829,8,4,184,148,188.0,152.0,145.96861267089844,145.6658172607422,0.30279541015625
ns_lion_801,resnet50_tl_20250829,8,4,184,152,188.0,156.0,145.96861267089844,145.7137451171875,0.2548675537109375
ns_lion_801,resnet50_tl_20250829,8,4,184,156,188.0,160.0,145.96861267089844,145.67269897460938,0.2959136962890625
ns_lion_801,resnet50_tl_20250829,8,4,184,160,188.0,164.0,145.96861267089844,145.72674560546875,0.2418670654296875
ns_lion_801,resnet50_tl_20250829,8,4,184,164,188.0,168.0,145.96861267089844,145.69712829589844,0.271484375
ns_lion_801,resnet50_tl_20250829,8,4,184,168,188.0,172.0,145.96861267089844,145.77606201171875,0.1925506591796875
ns_lion_801,resnet50_tl_20250829,8,4,184,172,188.0,176.0,145.96861267089844,145.78875732421875,0.1798553466796875
ns_lion_801,resnet50_tl_20250829,8,4,184,176,188.0,180.0,145.96861267089844,145.86871337890625,0.0998992919921875
ns_lion_801,resnet50_tl_20250829,8,4,184,180,188.0,184.0,145.96861267089844,145.8306121826172,0.13800048828125
ns_lion_801,resnet50_tl_20250829,8,4,184,184,188.0,188.0,145.96861267089844,145.9305877685547,0.03802490234375
ns_lion_801,resnet50_tl_20250829,8,4,184,188,188.0,192.0,145.96861267089844,145.92062377929688,0.0479888916015625
ns_lion_801,resnet50_tl_20250829,8,4,184,192,188.0,196.0,145.96861267089844,145.99984741210938,-0.0312347412109375
ns_lion_801,resnet50_tl_20250829,8,4,184,196,188.0,200.0,145.96861267089844,145.947998046875,0.0206146240234375
ns_lion_801,resnet50_tl_20250829,8,4,184,200,188.0,204.0,145.96861267089844,145.9713134765625,-0.0027008056640625
ns_lion_801,resnet50_tl_20250829,8,4,184,204,188.0,208.0,145.96861267089844,145.98483276367188,-0.0162200927734375
ns_lion_801,resnet50_tl_20250829,8,4,184,208,188.0,212.0,145.96861267089844,146.0266571044922,-0.05804443359375
ns_lion_801,resnet50_tl_20250829,8,4,184,212,188.0,216.0,145.96861267089844,145.9796905517578,-0.011077880859375
ns_lion_801,resnet50_tl_20250829,8,4,184,216,188.0,220.0,145.96861267089844,145.97911071777344,-0.010498046875
ns_lion_801,resnet50_tl_20250829,8,4,188,0,192.0,4.0,145.96861267089844,145.53807067871094,0.4305419921875
ns_lion_801,resnet50_tl_20250829,8,4,188,4,192.0,8.0,145.96861267089844,145.74093627929688,0.2276763916015625
ns_lion_801,resnet50_tl_20250829,8,4,188,8,192.0,12.0,145.96861267089844,145.8685760498047,0.10003662109375
ns_lion_801,resnet50_tl_20250829,8,4,188,12,192.0,16.0,145.96861267089844,145.68359375,0.2850189208984375
ns_lion_801,resnet50_tl_20250829,8,4,188,16,192.0,20.0,145.96861267089844,145.697265625,0.2713470458984375
ns_lion_801,resnet50_tl_20250829,8,4,188,20,192.0,24.0,145.96861267089844,145.7111053466797,0.25750732421875
ns_lion_801,resnet50_tl_20250829,8,4,188,24,192.0,28.0,145.96861267089844,145.77545166015625,0.1931610107421875
ns_lion_801,resnet50_tl_20250829,8,4,188,28,192.0,32.0,145.96861267089844,145.409912109375,0.5587005615234375
ns_lion_801,resnet50_tl_20250829,8,4,188,32,192.0,36.0,145.96861267089844,145.45481872558594,0.5137939453125
ns_lion_801,resnet50_tl_20250829,8,4,188,36,192.0,40.0,145.96861267089844,145.62095642089844,0.34765625
ns_lion_801,resnet50_tl_20250829,8,4,188,40,192.0,44.0,145.96861267089844,145.6868438720703,0.281768798828125
ns_lion_801,resnet50_tl_20250829,8,4,188,44,192.0,48.0,145.96861267089844,145.36801147460938,0.6006011962890625
ns_lion_801,resnet50_tl_20250829,8,4,188,48,192.0,52.0,145.96861267089844,145.38711547851562,0.5814971923828125
ns_lion_801,resnet50_tl_20250829,8,4,188,52,192.0,56.0,145.96861267089844,145.5784912109375,0.3901214599609375
ns_lion_801,resnet50_tl_20250829,8,4,188,56,192.0,60.0,145.96861267089844,145.6887969970703,0.279815673828125
ns_lion_801,resnet50_tl_20250829,8,4,188,60,192.0,64.0,145.96861267089844,145.3227081298828,0.645904541015625
ns_lion_801,resnet50_tl_20250829,8,4,188,64,192.0,68.0,145.96861267089844,145.3497772216797,0.61883544921875
ns_lion_801,resnet50_tl_20250829,8,4,188,68,192.0,72.0,145.96861267089844,145.58885192871094,0.3797607421875
ns_lion_801,resnet50_tl_20250829,8,4,188,72,192.0,76.0,145.96861267089844,145.68980407714844,0.27880859375
ns_lion_801,resnet50_tl_20250829,8,4,188,76,192.0,80.0,145.96861267089844,145.4364471435547,0.53216552734375
ns_lion_801,resnet50_tl_20250829,8,4,188,80,192.0,84.0,145.96861267089844,145.45440673828125,0.5142059326171875
ns_lion_801,resnet50_tl_20250829,8,4,188,84,192.0,88.0,145.96861267089844,145.6540069580078,0.314605712890625
ns_lion_801,resnet50_tl_20250829,8,4,188,88,192.0,92.0,145.96861267089844,145.75828552246094,0.2103271484375
ns_lion_801,resnet50_tl_20250829,8,4,188,92,192.0,96.0,145.96861267089844,145.4326629638672,0.53594970703125
ns_lion_801,resnet50_tl_20250829,8,4,188,96,192.0,100.0,145.96861267089844,145.47625732421875,0.4923553466796875
ns_lion_801,resnet50_tl_20250829,8,4,188,100,192.0,104.0,145.96861267089844,145.67823791503906,0.290374755859375
ns_lion_801,resnet50_tl_20250829,8,4,188,104,192.0,108.0,145.96861267089844,145.75567626953125,0.2129364013671875
ns_lion_801,resnet50_tl_20250829,8,4,188,108,192.0,112.0,145.96861267089844,145.56600952148438,0.4026031494140625
ns_lion_801,resnet50_tl_20250829,8,4,188,112,192.0,116.0,145.96861267089844,145.5692138671875,0.3993988037109375
ns_lion_801,resnet50_tl_20250829,8,4,188,116,192.0,120.0,145.96861267089844,145.7195281982422,0.24908447265625
ns_lion_801,resnet50_tl_20250829,8,4,188,120,192.0,124.0,145.96861267089844,145.7838592529297,0.18475341796875
ns_lion_801,resnet50_tl_20250829,8,4,188,124,192.0,128.0,145.96861267089844,145.50877380371094,0.4598388671875
ns_lion_801,resnet50_tl_20250829,8,4,188,128,192.0,132.0,145.96861267089844,145.5398406982422,0.42877197265625
ns_lion_801,resnet50_tl_20250829,8,4,188,132,192.0,136.0,145.96861267089844,145.67800903320312,0.2906036376953125
ns_lion_801,resnet50_tl_20250829,8,4,188,136,192.0,140.0,145.96861267089844,145.7596893310547,0.20892333984375
ns_lion_801,resnet50_tl_20250829,8,4,188,140,192.0,144.0,145.96861267089844,145.56039428710938,0.4082183837890625
ns_lion_801,resnet50_tl_20250829,8,4,188,144,192.0,148.0,145.96861267089844,145.597412109375,0.3712005615234375
ns_lion_801,resnet50_tl_20250829,8,4,188,148,192.0,152.0,145.96861267089844,145.70506286621094,0.2635498046875
ns_lion_801,resnet50_tl_20250829,8,4,188,152,192.0,156.0,145.96861267089844,145.78005981445312,0.1885528564453125
ns_lion_801,resnet50_tl_20250829,8,4,188,156,192.0,160.0,145.96861267089844,145.46177673339844,0.5068359375
ns_lion_801,resnet50_tl_20250829,8,4,188,160,192.0,164.0,145.96861267089844,145.5209197998047,0.44769287109375
ns_lion_801,resnet50_tl_20250829,8,4,188,164,192.0,168.0,145.96861267089844,145.66954040527344,0.299072265625
ns_lion_801,resnet50_tl_20250829,8,4,188,168,192.0,172.0,145.96861267089844,145.80264282226562,0.1659698486328125
ns_lion_801,resnet50_tl_20250829,8,4,188,172,192.0,176.0,145.96861267089844,145.64608764648438,0.3225250244140625
ns_lion_801,resnet50_tl_20250829,8,4,188,176,192.0,180.0,145.96861267089844,145.7127685546875,0.2558441162109375
ns_lion_801,resnet50_tl_20250829,8,4,188,180,192.0,184.0,145.96861267089844,145.77854919433594,0.1900634765625
ns_lion_801,resnet50_tl_20250829,8,4,188,184,192.0,188.0,145.96861267089844,145.9359893798828,0.032623291015625
ns_lion_801,resnet50_tl_20250829,8,4,188,188,192.0,192.0,145.96861267089844,145.79322814941406,0.175384521484375
ns_lion_801,resnet50_tl_20250829,8,4,188,192,192.0,196.0,145.96861267089844,145.88011169433594,0.0885009765625
ns_lion_801,resnet50_tl_20250829,8,4,188,196,192.0,200.0,145.96861267089844,145.8914337158203,0.077178955078125
ns_lion_801,resnet50_tl_20250829,8,4,188,200,192.0,204.0,145.96861267089844,145.96359252929688,0.0050201416015625
ns_lion_801,resnet50_tl_20250829,8,4,188,204,192.0,208.0,145.96861267089844,145.9843292236328,-0.015716552734375
ns_lion_801,resnet50_tl_20250829,8,4,188,208,192.0,212.0,145.96861267089844,146.03939819335938,-0.0707855224609375
ns_lion_801,resnet50_tl_20250829,8,4,188,212,192.0,216.0,145.96861267089844,145.98208618164062,-0.0134735107421875
ns_lion_801,resnet50_tl_20250829,8,4,188,216,192.0,220.0,145.96861267089844,145.98936462402344,-0.020751953125
ns_lion_801,resnet50_tl_20250829,8,4,192,0,196.0,4.0,145.96861267089844,145.63909912109375,0.3295135498046875
ns_lion_801,resnet50_tl_20250829,8,4,192,4,196.0,8.0,145.96861267089844,145.7522735595703,0.216339111328125
ns_lion_801,resnet50_tl_20250829,8,4,192,8,196.0,12.0,145.96861267089844,145.88934326171875,0.0792694091796875
ns_lion_801,resnet50_tl_20250829,8,4,192,12,196.0,16.0,145.96861267089844,145.6737823486328,0.294830322265625
ns_lion_801,resnet50_tl_20250829,8,4,192,16,196.0,20.0,145.96861267089844,145.7627716064453,0.205841064453125
ns_lion_801,resnet50_tl_20250829,8,4,192,20,196.0,24.0,145.96861267089844,145.73594665527344,0.232666015625
ns_lion_801,resnet50_tl_20250829,8,4,192,24,196.0,28.0,145.96861267089844,145.809326171875,0.1592864990234375
ns_lion_801,resnet50_tl_20250829,8,4,192,28,196.0,32.0,145.96861267089844,145.4796905517578,0.488922119140625
ns_lion_801,resnet50_tl_20250829,8,4,192,32,196.0,36.0,145.96861267089844,145.572021484375,0.3965911865234375
ns_lion_801,resnet50_tl_20250829,8,4,192,36,196.0,40.0,145.96861267089844,145.68399047851562,0.2846221923828125
ns_lion_801,resnet50_tl_20250829,8,4,192,40,196.0,44.0,145.96861267089844,145.7352752685547,0.23333740234375
ns_lion_801,resnet50_tl_20250829,8,4,192,44,196.0,48.0,145.96861267089844,145.4040985107422,0.56451416015625
ns_lion_801,resnet50_tl_20250829,8,4,192,48,196.0,52.0,145.96861267089844,145.48202514648438,0.4865875244140625
ns_lion_801,resnet50_tl_20250829,8,4,192,52,196.0,56.0,145.96861267089844,145.61878967285156,0.349822998046875
ns_lion_801,resnet50_tl_20250829,8,4,192,56,196.0,60.0,145.96861267089844,145.72828674316406,0.240325927734375
ns_lion_801,resnet50_tl_20250829,8,4,192,60,196.0,64.0,145.96861267089844,145.3896484375,0.5789642333984375
ns_lion_801,resnet50_tl_20250829,8,4,192,64,196.0,68.0,145.96861267089844,145.46514892578125,0.5034637451171875
ns_lion_801,resnet50_tl_20250829,8,4,192,68,196.0,72.0,145.96861267089844,145.64260864257812,0.3260040283203125
ns_lion_801,resnet50_tl_20250829,8,4,192,72,196.0,76.0,145.96861267089844,145.72674560546875,0.2418670654296875
ns_lion_801,resnet50_tl_20250829,8,4,192,76,196.0,80.0,145.96861267089844,145.44374084472656,0.524871826171875
ns_lion_801,resnet50_tl_20250829,8,4,192,80,196.0,84.0,145.96861267089844,145.52378845214844,0.44482421875
ns_lion_801,resnet50_tl_20250829,8,4,192,84,196.0,88.0,145.96861267089844,145.67234802246094,0.2962646484375
ns_lion_801,resnet50_tl_20250829,8,4,192,88,196.0,92.0,145.96861267089844,145.78277587890625,0.1858367919921875
ns_lion_801,resnet50_tl_20250829,8,4,192,92,196.0,96.0,145.96861267089844,145.48538208007812,0.4832305908203125
ns_lion_801,resnet50_tl_20250829,8,4,192,96,196.0,100.0,145.96861267089844,145.5614013671875,0.4072113037109375
ns_lion_801,resnet50_tl_20250829,8,4,192,100,196.0,104.0,145.96861267089844,145.70877075195312,0.2598419189453125
ns_lion_801,resnet50_tl_20250829,8,4,192,104,196.0,108.0,145.96861267089844,145.78529357910156,0.183319091796875
ns_lion_801,resnet50_tl_20250829,8,4,192,108,196.0,112.0,145.96861267089844,145.56610107421875,0.4025115966796875
ns_lion_801,resnet50_tl_20250829,8,4,192,112,196.0,116.0,145.96861267089844,145.6322021484375,0.3364105224609375
ns_lion_801,resnet50_tl_20250829,8,4,192,116,196.0,120.0,145.96861267089844,145.74560546875,0.2230072021484375
ns_lion_801,resnet50_tl_20250829,8,4,192,120,196.0,124.0,145.96861267089844,145.8181915283203,0.150421142578125
ns_lion_801,resnet50_tl_20250829,8,4,192,124,196.0,128.0,145.96861267089844,145.5635986328125,0.4050140380859375
ns_lion_801,resnet50_tl_20250829,8,4,192,128,196.0,132.0,145.96861267089844,145.63235473632812,0.3362579345703125
ns_lion_801,resnet50_tl_20250829,8,4,192,132,196.0,136.0,145.96861267089844,145.7460174560547,0.22259521484375
ns_lion_801,resnet50_tl_20250829,8,4,192,136,196.0,140.0,145.96861267089844,145.8046875,0.1639251708984375
ns_lion_801,resnet50_tl_20250829,8,4,192,140,196.0,144.0,145.96861267089844,145.59405517578125,0.3745574951171875
ns_lion_801,resnet50_tl_20250829,8,4,192,144,196.0,148.0,145.96861267089844,145.67356872558594,0.2950439453125
ns_lion_801,resnet50_tl_20250829,8,4,192,148,196.0,152.0,145.96861267089844,145.77029418945312,0.1983184814453125
ns_lion_801,resnet50_tl_20250829,8,4,192,152,196.0,156.0,145.96861267089844,145.83265686035156,0.135955810546875
ns_lion_801,resnet50_tl_20250829,8,4,192,156,196.0,160.0,145.96861267089844,145.5640106201172,0.40460205078125
ns_lion_801,resnet50_tl_20250829,8,4,192,160,196.0,164.0,145.96861267089844,145.6308135986328,0.337799072265625
ns_lion_801,resnet50_tl_20250829,8,4,192,164,196.0,168.0,145.96861267089844,145.7710723876953,0.197540283203125
ns_lion_801,resnet50_tl_20250829,8,4,192,168,196.0,172.0,145.96861267089844,145.8549346923828,0.113677978515625
ns_lion_801,resnet50_tl_20250829,8,4,192,172,196.0,176.0,145.96861267089844,145.7281494140625,0.2404632568359375
ns_lion_801,resnet50_tl_20250829,8,4,192,176,196.0,180.0,145.96861267089844,145.79495239257812,0.1736602783203125
ns_lion_801,resnet50_tl_20250829,8,4,192,180,196.0,184.0,145.96861267089844,145.85284423828125,0.1157684326171875
ns_lion_801,resnet50_tl_20250829,8,4,192,184,196.0,188.0,145.96861267089844,145.97064208984375,-0.0020294189453125
ns_lion_801,resnet50_tl_20250829,8,4,192,188,196.0,192.0,145.96861267089844,145.88563537597656,0.082977294921875
ns_lion_801,resnet50_tl_20250829,8,4,192,192,196.0,196.0,145.96861267089844,145.9537811279297,0.01483154296875
ns_lion_801,resnet50_tl_20250829,8,4,192,196,196.0,200.0,145.96861267089844,145.9700164794922,-0.00140380859375
ns_lion_801,resnet50_tl_20250829,8,4,192,200,196.0,204.0,145.96861267089844,146.00352478027344,-0.034912109375
ns_lion_801,resnet50_tl_20250829,8,4,192,204,196.0,208.0,145.96861267089844,146.00433349609375,-0.0357208251953125
ns_lion_801,resnet50_tl_20250829,8,4,192,208,196.0,212.0,145.96861267089844,146.03135681152344,-0.062744140625
ns_lion_801,resnet50_tl_20250829,8,4,192,212,196.0,216.0,145.96861267089844,146.00326538085938,-0.0346527099609375
ns_lion_801,resnet50_tl_20250829,8,4,192,216,196.0,220.0,145.96861267089844,146.01345825195312,-0.0448455810546875
ns_lion_801,resnet50_tl_20250829,8,4,196,0,200.0,4.0,145.96861267089844,145.87457275390625,0.0940399169921875
ns_lion_801,resnet50_tl_20250829,8,4,196,4,200.0,8.0,145.96861267089844,145.8781280517578,0.090484619140625
ns_lion_801,resnet50_tl_20250829,8,4,196,8,200.0,12.0,145.96861267089844,145.9513702392578,0.017242431640625
ns_lion_801,resnet50_tl_20250829,8,4,196,12,200.0,16.0,145.96861267089844,145.8703155517578,0.098297119140625
ns_lion_801,resnet50_tl_20250829,8,4,196,16,200.0,20.0,145.96861267089844,145.87814331054688,0.0904693603515625
ns_lion_801,resnet50_tl_20250829,8,4,196,20,200.0,24.0,145.96861267089844,145.8642578125,0.1043548583984375
ns_lion_801,resnet50_tl_20250829,8,4,196,24,200.0,28.0,145.96861267089844,145.8663330078125,0.1022796630859375
ns_lion_801,resnet50_tl_20250829,8,4,196,28,200.0,32.0,145.96861267089844,145.77259826660156,0.196014404296875
ns_lion_801,resnet50_tl_20250829,8,4,196,32,200.0,36.0,145.96861267089844,145.8072509765625,0.1613616943359375
ns_lion_801,resnet50_tl_20250829,8,4,196,36,200.0,40.0,145.96861267089844,145.84588623046875,0.1227264404296875
ns_lion_801,resnet50_tl_20250829,8,4,196,40,200.0,44.0,145.96861267089844,145.8033905029297,0.16522216796875
ns_lion_801,resnet50_tl_20250829,8,4,196,44,200.0,48.0,145.96861267089844,145.74407958984375,0.2245330810546875
ns_lion_801,resnet50_tl_20250829,8,4,196,48,200.0,52.0,145.96861267089844,145.766845703125,0.2017669677734375
ns_lion_801,resnet50_tl_20250829,8,4,196,52,200.0,56.0,145.96861267089844,145.84642028808594,0.1221923828125
ns_lion_801,resnet50_tl_20250829,8,4,196,56,200.0,60.0,145.96861267089844,145.79058837890625,0.1780242919921875
ns_lion_801,resnet50_tl_20250829,8,4,196,60,200.0,64.0,145.96861267089844,145.75917053222656,0.209442138671875
ns_lion_801,resnet50_tl_20250829,8,4,196,64,200.0,68.0,145.96861267089844,145.78231811523438,0.1862945556640625
ns_lion_801,resnet50_tl_20250829,8,4,196,68,200.0,72.0,145.96861267089844,145.84912109375,0.1194915771484375
ns_lion_801,resnet50_tl_20250829,8,4,196,72,200.0,76.0,145.96861267089844,145.78436279296875,0.1842498779296875
ns_lion_801,resnet50_tl_20250829,8,4,196,76,200.0,80.0,145.96861267089844,145.77113342285156,0.197479248046875
ns_lion_801,resnet50_tl_20250829,8,4,196,80,200.0,84.0,145.96861267089844,145.7972869873047,0.17132568359375
ns_lion_801,resnet50_tl_20250829,8,4,196,84,200.0,88.0,145.96861267089844,145.8743438720703,0.094268798828125
ns_lion_801,resnet50_tl_20250829,8,4,196,88,200.0,92.0,145.96861267089844,145.8264617919922,0.14215087890625
ns_lion_801,resnet50_tl_20250829,8,4,196,92,200.0,96.0,145.96861267089844,145.8079071044922,0.16070556640625
ns_lion_801,resnet50_tl_20250829,8,4,196,96,200.0,100.0,145.96861267089844,145.83511352539062,0.1334991455078125
ns_lion_801,resnet50_tl_20250829,8,4,196,100,200.0,104.0,145.96861267089844,145.8802490234375,0.0883636474609375
ns_lion_801,resnet50_tl_20250829,8,4,196,104,200.0,108.0,145.96861267089844,145.8291473388672,0.13946533203125
ns_lion_801,resnet50_tl_20250829,8,4,196,108,200.0,112.0,145.96861267089844,145.83001708984375,0.1385955810546875
ns_lion_801,resnet50_tl_20250829,8,4,196,112,200.0,116.0,145.96861267089844,145.8436737060547,0.12493896484375
ns_lion_801,resnet50_tl_20250829,8,4,196,116,200.0,120.0,145.96861267089844,145.9115447998047,0.05706787109375
ns_lion_801,resnet50_tl_20250829,8,4,196,120,200.0,124.0,145.96861267089844,145.86013793945312,0.1084747314453125
ns_lion_801,resnet50_tl_20250829,8,4,196,124,200.0,128.0,145.96861267089844,145.8409423828125,0.1276702880859375
ns_lion_801,resnet50_tl_20250829,8,4,196,128,200.0,132.0,145.96861267089844,145.86427307128906,0.104339599609375
ns_lion_801,resnet50_tl_20250829,8,4,196,132,200.0,136.0,145.96861267089844,145.89524841308594,0.0733642578125
ns_lion_801,resnet50_tl_20250829,8,4,196,136,200.0,140.0,145.96861267089844,145.85452270507812,0.1140899658203125
ns_lion_801,resnet50_tl_20250829,8,4,196,140,200.0,144.0,145.96861267089844,145.83740234375,0.1312103271484375
ns_lion_801,resnet50_tl_20250829,8,4,196,144,200.0,148.0,145.96861267089844,145.88134765625,0.0872650146484375
ns_lion_801,resnet50_tl_20250829,8,4,196,148,200.0,152.0,145.96861267089844,145.91854858398438,0.0500640869140625
ns_lion_801,resnet50_tl_20250829,8,4,196,152,200.0,156.0,145.96861267089844,145.89651489257812,0.0720977783203125
ns_lion_801,resnet50_tl_20250829,8,4,196,156,200.0,160.0,145.96861267089844,145.84609985351562,0.1225128173828125
ns_lion_801,resnet50_tl_20250829,8,4,196,160,200.0,164.0,145.96861267089844,145.90847778320312,0.0601348876953125
ns_lion_801,resnet50_tl_20250829,8,4,196,164,200.0,168.0,145.96861267089844,145.9084930419922,0.06011962890625
ns_lion_801,resnet50_tl_20250829,8,4,196,168,200.0,172.0,145.96861267089844,145.9158477783203,0.052764892578125
ns_lion_801,resnet50_tl_20250829,8,4,196,172,200.0,176.0,145.96861267089844,145.89813232421875,0.0704803466796875
ns_lion_801,resnet50_tl_20250829,8,4,196,176,200.0,180.0,145.96861267089844,145.96786499023438,0.0007476806640625
ns_lion_801,resnet50_tl_20250829,8,4,196,180,200.0,184.0,145.96861267089844,145.95913696289062,0.0094757080078125
ns_lion_801,resnet50_tl_20250829,8,4,196,184,200.0,188.0,145.96861267089844,145.9927978515625,-0.0241851806640625
ns_lion_801,resnet50_tl_20250829,8,4,196,188,200.0,192.0,145.96861267089844,145.95880126953125,0.0098114013671875
ns_lion_801,resnet50_tl_20250829,8,4,196,192,200.0,196.0,145.96861267089844,146.04307556152344,-0.074462890625
ns_lion_801,resnet50_tl_20250829,8,4,196,196,200.0,200.0,145.96861267089844,145.99850463867188,-0.0298919677734375
ns_lion_801,resnet50_tl_20250829,8,4,196,200,200.0,204.0,145.96861267089844,146.0187225341797,-0.05010986328125
ns_lion_801,resnet50_tl_20250829,8,4,196,204,200.0,208.0,145.96861267089844,145.94558715820312,0.0230255126953125
ns_lion_801,resnet50_tl_20250829,8,4,196,208,200.0,212.0,145.96861267089844,145.99818420410156,-0.029571533203125
ns_lion_801,resnet50_tl_20250829,8,4,196,212,200.0,216.0,145.96861267089844,145.99671936035156,-0.028106689453125
ns_lion_801,resnet50_tl_20250829,8,4,196,216,200.0,220.0,145.96861267089844,146.00653076171875,-0.0379180908203125
ns_lion_801,resnet50_tl_20250829,8,4,200,0,204.0,4.0,145.96861267089844,145.8406524658203,0.127960205078125
ns_lion_801,resnet50_tl_20250829,8,4,200,4,204.0,8.0,145.96861267089844,145.8906707763672,0.07794189453125
ns_lion_801,resnet50_tl_20250829,8,4,200,8,204.0,12.0,145.96861267089844,145.9525146484375,0.0160980224609375
ns_lion_801,resnet50_tl_20250829,8,4,200,12,204.0,16.0,145.96861267089844,145.81678771972656,0.151824951171875
ns_lion_801,resnet50_tl_20250829,8,4,200,16,204.0,20.0,145.96861267089844,145.83395385742188,0.1346588134765625
ns_lion_801,resnet50_tl_20250829,8,4,200,20,204.0,24.0,145.96861267089844,145.82029724121094,0.1483154296875
ns_lion_801,resnet50_tl_20250829,8,4,200,24,204.0,28.0,145.96861267089844,145.8710479736328,0.097564697265625
ns_lion_801,resnet50_tl_20250829,8,4,200,28,204.0,32.0,145.96861267089844,145.70729064941406,0.261322021484375
ns_lion_801,resnet50_tl_20250829,8,4,200,32,204.0,36.0,145.96861267089844,145.7527618408203,0.215850830078125
ns_lion_801,resnet50_tl_20250829,8,4,200,36,204.0,40.0,145.96861267089844,145.77127075195312,0.1973419189453125
ns_lion_801,resnet50_tl_20250829,8,4,200,40,204.0,44.0,145.96861267089844,145.82913208007812,0.1394805908203125
ns_lion_801,resnet50_tl_20250829,8,4,200,44,204.0,48.0,145.96861267089844,145.67955017089844,0.2890625
ns_lion_801,resnet50_tl_20250829,8,4,200,48,204.0,52.0,145.96861267089844,145.72471618652344,0.243896484375
ns_lion_801,resnet50_tl_20250829,8,4,200,52,204.0,56.0,145.96861267089844,145.75120544433594,0.2174072265625
ns_lion_801,resnet50_tl_20250829,8,4,200,56,204.0,60.0,145.96861267089844,145.82525634765625,0.1433563232421875
ns_lion_801,resnet50_tl_20250829,8,4,200,60,204.0,64.0,145.96861267089844,145.69871520996094,0.2698974609375
ns_lion_801,resnet50_tl_20250829,8,4,200,64,204.0,68.0,145.96861267089844,145.7310028076172,0.23760986328125
ns_lion_801,resnet50_tl_20250829,8,4,200,68,204.0,72.0,145.96861267089844,145.74815368652344,0.220458984375
ns_lion_801,resnet50_tl_20250829,8,4,200,72,204.0,76.0,145.96861267089844,145.81446838378906,0.154144287109375
ns_lion_801,resnet50_tl_20250829,8,4,200,76,204.0,80.0,145.96861267089844,145.7205047607422,0.24810791015625
ns_lion_801,resnet50_tl_20250829,8,4,200,80,204.0,84.0,145.96861267089844,145.7574005126953,0.211212158203125
ns_lion_801,resnet50_tl_20250829,8,4,200,84,204.0,88.0,145.96861267089844,145.78541564941406,0.183197021484375
ns_lion_801,resnet50_tl_20250829,8,4,200,88,204.0,92.0,145.96861267089844,145.84933471679688,0.1192779541015625
ns_lion_801,resnet50_tl_20250829,8,4,200,92,204.0,96.0,145.96861267089844,145.74185180664062,0.2267608642578125
ns_lion_801,resnet50_tl_20250829,8,4,200,96,204.0,100.0,145.96861267089844,145.77090454101562,0.1977081298828125
ns_lion_801,resnet50_tl_20250829,8,4,200,100,204.0,104.0,145.96861267089844,145.78875732421875,0.1798553466796875
ns_lion_801,resnet50_tl_20250829,8,4,200,104,204.0,108.0,145.96861267089844,145.84991455078125,0.1186981201171875
ns_lion_801,resnet50_tl_20250829,8,4,200,108,204.0,112.0,145.96861267089844,145.76739501953125,0.2012176513671875
ns_lion_801,resnet50_tl_20250829,8,4,200,112,204.0,116.0,145.96861267089844,145.79782104492188,0.1707916259765625
ns_lion_801,resnet50_tl_20250829,8,4,200,116,204.0,120.0,145.96861267089844,145.81903076171875,0.1495819091796875
ns_lion_801,resnet50_tl_20250829,8,4,200,120,204.0,124.0,145.96861267089844,145.875244140625,0.0933685302734375
ns_lion_801,resnet50_tl_20250829,8,4,200,124,204.0,128.0,145.96861267089844,145.783447265625,0.1851654052734375
ns_lion_801,resnet50_tl_20250829,8,4,200,128,204.0,132.0,145.96861267089844,145.8105010986328,0.158111572265625
ns_lion_801,resnet50_tl_20250829,8,4,200,132,204.0,136.0,145.96861267089844,145.81654357910156,0.152069091796875
ns_lion_801,resnet50_tl_20250829,8,4,200,136,204.0,140.0,145.96861267089844,145.87315368652344,0.095458984375
ns_lion_801,resnet50_tl_20250829,8,4,200,140,204.0,144.0,145.96861267089844,145.79429626464844,0.17431640625
ns_lion_801,resnet50_tl_20250829,8,4,200,144,204.0,148.0,145.96861267089844,145.84132385253906,0.127288818359375
ns_lion_801,resnet50_tl_20250829,8,4,200,148,204.0,152.0,145.96861267089844,145.85751342773438,0.1110992431640625
ns_lion_801,resnet50_tl_20250829,8,4,200,152,204.0,156.0,145.96861267089844,145.91371154785156,0.054901123046875
ns_lion_801,resnet50_tl_20250829,8,4,200,156,204.0,160.0,145.96861267089844,145.81834411621094,0.1502685546875
ns_lion_801,resnet50_tl_20250829,8,4,200,160,204.0,164.0,145.96861267089844,145.8677520751953,0.100860595703125
ns_lion_801,resnet50_tl_20250829,8,4,200,164,204.0,168.0,145.96861267089844,145.87588500976562,0.0927276611328125
ns_lion_801,resnet50_tl_20250829,8,4,200,168,204.0,172.0,145.96861267089844,145.94223022460938,0.0263824462890625
ns_lion_801,resnet50_tl_20250829,8,4,200,172,204.0,176.0,145.96861267089844,145.8800811767578,0.088531494140625
ns_lion_801,resnet50_tl_20250829,8,4,200,176,204.0,180.0,145.96861267089844,145.92669677734375,0.0419158935546875
ns_lion_801,resnet50_tl_20250829,8,4,200,180,204.0,184.0,145.96861267089844,145.94192504882812,0.0266876220703125
ns_lion_801,resnet50_tl_20250829,8,4,200,184,204.0,188.0,145.96861267089844,146.01577758789062,-0.0471649169921875
ns_lion_801,resnet50_tl_20250829,8,4,200,188,204.0,192.0,145.96861267089844,145.93115234375,0.0374603271484375
ns_lion_801,resnet50_tl_20250829,8,4,200,192,204.0,196.0,145.96861267089844,145.99510192871094,-0.0264892578125
ns_lion_801,resnet50_tl_20250829,8,4,200,196,204.0,200.0,145.96861267089844,145.994384765625,-0.0257720947265625
ns_lion_801,resnet50_tl_20250829,8,4,200,200,204.0,204.0,145.96861267089844,146.03282165527344,-0.064208984375
ns_lion_801,resnet50_tl_20250829,8,4,200,204,204.0,208.0,145.96861267089844,145.97203063964844,-0.00341796875
ns_lion_801,resnet50_tl_20250829,8,4,200,208,204.0,212.0,145.96861267089844,145.9921112060547,-0.02349853515625
ns_lion_801,resnet50_tl_20250829,8,4,200,212,204.0,216.0,145.96861267089844,145.99407958984375,-0.0254669189453125
ns_lion_801,resnet50_tl_20250829,8,4,200,216,204.0,220.0,145.96861267089844,146.00747680664062,-0.0388641357421875
ns_lion_801,resnet50_tl_20250829,8,4,204,0,208.0,4.0,145.96861267089844,145.61709594726562,0.3515167236328125
ns_lion_801,resnet50_tl_20250829,8,4,204,4,208.0,8.0,145.96861267089844,145.91725158691406,0.051361083984375
ns_lion_801,resnet50_tl_20250829,8,4,204,8,208.0,12.0,145.96861267089844,146.0250701904297,-0.05645751953125
ns_lion_801,resnet50_tl_20250829,8,4,204,12,208.0,16.0,145.96861267089844,145.74713134765625,0.2214813232421875
ns_lion_801,resnet50_tl_20250829,8,4,204,16,208.0,20.0,145.96861267089844,145.77281188964844,0.19580078125
ns_lion_801,resnet50_tl_20250829,8,4,204,20,208.0,24.0,145.96861267089844,145.9151153564453,0.053497314453125
ns_lion_801,resnet50_tl_20250829,8,4,204,24,208.0,28.0,145.96861267089844,145.99114990234375,-0.0225372314453125
ns_lion_801,resnet50_tl_20250829,8,4,204,28,208.0,32.0,145.96861267089844,145.6075897216797,0.36102294921875
ns_lion_801,resnet50_tl_20250829,8,4,204,32,208.0,36.0,145.96861267089844,145.65652465820312,0.3120880126953125
ns_lion_801,resnet50_tl_20250829,8,4,204,36,208.0,40.0,145.96861267089844,145.84071350097656,0.127899169921875
ns_lion_801,resnet50_tl_20250829,8,4,204,40,208.0,44.0,145.96861267089844,145.9284210205078,0.040191650390625
ns_lion_801,resnet50_tl_20250829,8,4,204,44,208.0,48.0,145.96861267089844,145.59820556640625,0.3704071044921875
ns_lion_801,resnet50_tl_20250829,8,4,204,48,208.0,52.0,145.96861267089844,145.63128662109375,0.3373260498046875
ns_lion_801,resnet50_tl_20250829,8,4,204,52,208.0,56.0,145.96861267089844,145.83670043945312,0.1319122314453125
ns_lion_801,resnet50_tl_20250829,8,4,204,56,208.0,60.0,145.96861267089844,145.9337158203125,0.0348968505859375
ns_lion_801,resnet50_tl_20250829,8,4,204,60,208.0,64.0,145.96861267089844,145.58636474609375,0.3822479248046875
ns_lion_801,resnet50_tl_20250829,8,4,204,64,208.0,68.0,145.96861267089844,145.61753845214844,0.35107421875
ns_lion_801,resnet50_tl_20250829,8,4,204,68,208.0,72.0,145.96861267089844,145.81280517578125,0.1558074951171875
ns_lion_801,resnet50_tl_20250829,8,4,204,72,208.0,76.0,145.96861267089844,145.90963745117188,0.0589752197265625
ns_lion_801,resnet50_tl_20250829,8,4,204,76,208.0,80.0,145.96861267089844,145.642578125,0.3260345458984375
ns_lion_801,resnet50_tl_20250829,8,4,204,80,208.0,84.0,145.96861267089844,145.6646270751953,0.303985595703125
ns_lion_801,resnet50_tl_20250829,8,4,204,84,208.0,88.0,145.96861267089844,145.8541259765625,0.1144866943359375
ns_lion_801,resnet50_tl_20250829,8,4,204,88,208.0,92.0,145.96861267089844,145.93663024902344,0.031982421875
ns_lion_801,resnet50_tl_20250829,8,4,204,92,208.0,96.0,145.96861267089844,145.6204833984375,0.3481292724609375
ns_lion_801,resnet50_tl_20250829,8,4,204,96,208.0,100.0,145.96861267089844,145.6556396484375,0.3129730224609375
ns_lion_801,resnet50_tl_20250829,8,4,204,100,208.0,104.0,145.96861267089844,145.83424377441406,0.134368896484375
ns_lion_801,resnet50_tl_20250829,8,4,204,104,208.0,108.0,145.96861267089844,145.92230224609375,0.0463104248046875
ns_lion_801,resnet50_tl_20250829,8,4,204,108,208.0,112.0,145.96861267089844,145.6906280517578,0.277984619140625
ns_lion_801,resnet50_tl_20250829,8,4,204,112,208.0,116.0,145.96861267089844,145.71917724609375,0.2494354248046875
ns_lion_801,resnet50_tl_20250829,8,4,204,116,208.0,120.0,145.96861267089844,145.86709594726562,0.1015167236328125
ns_lion_801,resnet50_tl_20250829,8,4,204,120,208.0,124.0,145.96861267089844,145.94760131835938,0.0210113525390625
ns_lion_801,resnet50_tl_20250829,8,4,204,124,208.0,128.0,145.96861267089844,145.6603240966797,0.30828857421875
ns_lion_801,resnet50_tl_20250829,8,4,204,128,208.0,132.0,145.96861267089844,145.70314025878906,0.265472412109375
ns_lion_801,resnet50_tl_20250829,8,4,204,132,208.0,136.0,145.96861267089844,145.85084533691406,0.117767333984375
ns_lion_801,resnet50_tl_20250829,8,4,204,136,208.0,140.0,145.96861267089844,145.9373779296875,0.0312347412109375
ns_lion_801,resnet50_tl_20250829,8,4,204,140,208.0,144.0,145.96861267089844,145.70474243164062,0.2638702392578125
ns_lion_801,resnet50_tl_20250829,8,4,204,144,208.0,148.0,145.96861267089844,145.75584411621094,0.2127685546875
ns_lion_801,resnet50_tl_20250829,8,4,204,148,208.0,152.0,145.96861267089844,145.89541625976562,0.0731964111328125
ns_lion_801,resnet50_tl_20250829,8,4,204,152,208.0,156.0,145.96861267089844,145.9727020263672,-0.00408935546875
ns_lion_801,resnet50_tl_20250829,8,4,204,156,208.0,160.0,145.96861267089844,145.6503143310547,0.31829833984375
ns_lion_801,resnet50_tl_20250829,8,4,204,160,208.0,164.0,145.96861267089844,145.7165985107422,0.25201416015625
ns_lion_801,resnet50_tl_20250829,8,4,204,164,208.0,168.0,145.96861267089844,145.87928771972656,0.089324951171875
ns_lion_801,resnet50_tl_20250829,8,4,204,168,208.0,172.0,145.96861267089844,145.9751739501953,-0.006561279296875
ns_lion_801,resnet50_tl_20250829,8,4,204,172,208.0,176.0,145.96861267089844,145.73471069335938,0.2339019775390625
ns_lion_801,resnet50_tl_20250829,8,4,204,176,208.0,180.0,145.96861267089844,145.7749786376953,0.193634033203125
ns_lion_801,resnet50_tl_20250829,8,4,204,180,208.0,184.0,145.96861267089844,145.91188049316406,0.056732177734375
ns_lion_801,resnet50_tl_20250829,8,4,204,184,208.0,188.0,145.96861267089844,146.02783203125,-0.0592193603515625
ns_lion_801,resnet50_tl_20250829,8,4,204,188,208.0,192.0,145.96861267089844,145.77435302734375,0.1942596435546875
ns_lion_801,resnet50_tl_20250829,8,4,204,192,208.0,196.0,145.96861267089844,145.8452911376953,0.123321533203125
ns_lion_801,resnet50_tl_20250829,8,4,204,196,208.0,200.0,145.96861267089844,145.9127197265625,0.0558929443359375
ns_lion_801,resnet50_tl_20250829,8,4,204,200,208.0,204.0,145.96861267089844,145.98757934570312,-0.0189666748046875
ns_lion_801,resnet50_tl_20250829,8,4,204,204,208.0,208.0,145.96861267089844,145.91571044921875,0.0529022216796875
ns_lion_801,resnet50_tl_20250829,8,4,204,208,208.0,212.0,145.96861267089844,145.94314575195312,0.0254669189453125
ns_lion_801,resnet50_tl_20250829,8,4,204,212,208.0,216.0,145.96861267089844,145.96453857421875,0.0040740966796875
ns_lion_801,resnet50_tl_20250829,8,4,204,216,208.0,220.0,145.96861267089844,145.98446655273438,-0.0158538818359375
ns_lion_801,resnet50_tl_20250829,8,4,208,0,212.0,4.0,145.96861267089844,145.69711303710938,0.2714996337890625
ns_lion_801,resnet50_tl_20250829,8,4,208,4,212.0,8.0,145.96861267089844,145.9024658203125,0.0661468505859375
ns_lion_801,resnet50_tl_20250829,8,4,208,8,212.0,12.0,145.96861267089844,146.05128479003906,-0.082672119140625
ns_lion_801,resnet50_tl_20250829,8,4,208,12,212.0,16.0,145.96861267089844,145.79083251953125,0.1777801513671875
ns_lion_801,resnet50_tl_20250829,8,4,208,16,212.0,20.0,145.96861267089844,145.8373260498047,0.13128662109375
ns_lion_801,resnet50_tl_20250829,8,4,208,20,212.0,24.0,145.96861267089844,145.92092895507812,0.0476837158203125
ns_lion_801,resnet50_tl_20250829,8,4,208,24,212.0,28.0,145.96861267089844,146.03395080566406,-0.065338134765625
ns_lion_801,resnet50_tl_20250829,8,4,208,28,212.0,32.0,145.96861267089844,145.7047576904297,0.26385498046875
ns_lion_801,resnet50_tl_20250829,8,4,208,32,212.0,36.0,145.96861267089844,145.7576904296875,0.2109222412109375
ns_lion_801,resnet50_tl_20250829,8,4,208,36,212.0,40.0,145.96861267089844,145.8941650390625,0.0744476318359375
ns_lion_801,resnet50_tl_20250829,8,4,208,40,212.0,44.0,145.96861267089844,145.9930877685547,-0.02447509765625
ns_lion_801,resnet50_tl_20250829,8,4,208,44,212.0,48.0,145.96861267089844,145.6732940673828,0.295318603515625
ns_lion_801,resnet50_tl_20250829,8,4,208,48,212.0,52.0,145.96861267089844,145.72946166992188,0.2391510009765625
ns_lion_801,resnet50_tl_20250829,8,4,208,52,212.0,56.0,145.96861267089844,145.88284301757812,0.0857696533203125
ns_lion_801,resnet50_tl_20250829,8,4,208,56,212.0,60.0,145.96861267089844,145.99588012695312,-0.0272674560546875
ns_lion_801,resnet50_tl_20250829,8,4,208,60,212.0,64.0,145.96861267089844,145.67388916015625,0.2947235107421875
ns_lion_801,resnet50_tl_20250829,8,4,208,64,212.0,68.0,145.96861267089844,145.71694946289062,0.2516632080078125
ns_lion_801,resnet50_tl_20250829,8,4,208,68,212.0,72.0,145.96861267089844,145.8723602294922,0.09625244140625
ns_lion_801,resnet50_tl_20250829,8,4,208,72,212.0,76.0,145.96861267089844,145.97410583496094,-0.0054931640625
ns_lion_801,resnet50_tl_20250829,8,4,208,76,212.0,80.0,145.96861267089844,145.706787109375,0.2618255615234375
ns_lion_801,resnet50_tl_20250829,8,4,208,80,212.0,84.0,145.96861267089844,145.7491455078125,0.2194671630859375
ns_lion_801,resnet50_tl_20250829,8,4,208,84,212.0,88.0,145.96861267089844,145.88949584960938,0.0791168212890625
ns_lion_801,resnet50_tl_20250829,8,4,208,88,212.0,92.0,145.96861267089844,145.9895782470703,-0.020965576171875
ns_lion_801,resnet50_tl_20250829,8,4,208,92,212.0,96.0,145.96861267089844,145.70651245117188,0.2621002197265625
ns_lion_801,resnet50_tl_20250829,8,4,208,96,212.0,100.0,145.96861267089844,145.74249267578125,0.2261199951171875
ns_lion_801,resnet50_tl_20250829,8,4,208,100,212.0,104.0,145.96861267089844,145.87664794921875,0.0919647216796875
ns_lion_801,resnet50_tl_20250829,8,4,208,104,212.0,108.0,145.96861267089844,145.9781494140625,-0.0095367431640625
ns_lion_801,resnet50_tl_20250829,8,4,208,108,212.0,112.0,145.96861267089844,145.7464141845703,0.222198486328125
ns_lion_801,resnet50_tl_20250829,8,4,208,112,212.0,116.0,145.96861267089844,145.78981018066406,0.178802490234375
ns_lion_801,resnet50_tl_20250829,8,4,208,116,212.0,120.0,145.96861267089844,145.8958740234375,0.0727386474609375
ns_lion_801,resnet50_tl_20250829,8,4,208,120,212.0,124.0,145.96861267089844,145.9950408935547,-0.02642822265625
ns_lion_801,resnet50_tl_20250829,8,4,208,124,212.0,128.0,145.96861267089844,145.739501953125,0.2291107177734375
ns_lion_801,resnet50_tl_20250829,8,4,208,128,212.0,132.0,145.96861267089844,145.77906799316406,0.189544677734375
ns_lion_801,resnet50_tl_20250829,8,4,208,132,212.0,136.0,145.96861267089844,145.89060974121094,0.0780029296875
ns_lion_801,resnet50_tl_20250829,8,4,208,136,212.0,140.0,145.96861267089844,145.98973083496094,-0.0211181640625
ns_lion_801,resnet50_tl_20250829,8,4,208,140,212.0,144.0,145.96861267089844,145.76747131347656,0.201141357421875
ns_lion_801,resnet50_tl_20250829,8,4,208,144,212.0,148.0,145.96861267089844,145.82662963867188,0.1419830322265625
ns_lion_801,resnet50_tl_20250829,8,4,208,148,212.0,152.0,145.96861267089844,145.9260711669922,0.04254150390625
ns_lion_801,resnet50_tl_20250829,8,4,208,152,212.0,156.0,145.96861267089844,146.021240234375,-0.0526275634765625
ns_lion_801,resnet50_tl_20250829,8,4,208,156,212.0,160.0,145.96861267089844,145.76499938964844,0.20361328125
ns_lion_801,resnet50_tl_20250829,8,4,208,160,212.0,164.0,145.96861267089844,145.81898498535156,0.149627685546875
ns_lion_801,resnet50_tl_20250829,8,4,208,164,212.0,168.0,145.96861267089844,145.9424591064453,0.026153564453125
ns_lion_801,resnet50_tl_20250829,8,4,208,168,212.0,172.0,145.96861267089844,146.0367889404297,-0.06817626953125
ns_lion_801,resnet50_tl_20250829,8,4,208,172,212.0,176.0,145.96861267089844,145.8340606689453,0.134552001953125
ns_lion_801,resnet50_tl_20250829,8,4,208,176,212.0,180.0,145.96861267089844,145.8771209716797,0.09149169921875
ns_lion_801,resnet50_tl_20250829,8,4,208,180,212.0,184.0,145.96861267089844,145.96121215820312,0.0074005126953125
ns_lion_801,resnet50_tl_20250829,8,4,208,184,212.0,188.0,145.96861267089844,146.06857299804688,-0.0999603271484375
ns_lion_801,resnet50_tl_20250829,8,4,208,188,212.0,192.0,145.96861267089844,145.8847198486328,0.083892822265625
ns_lion_801,resnet50_tl_20250829,8,4,208,192,212.0,196.0,145.96861267089844,145.92697143554688,0.0416412353515625
ns_lion_801,resnet50_tl_20250829,8,4,208,196,212.0,200.0,145.96861267089844,145.9679412841797,0.00067138671875
ns_lion_801,resnet50_tl_20250829,8,4,208,200,212.0,204.0,145.96861267089844,146.02398681640625,-0.0553741455078125
ns_lion_801,resnet50_tl_20250829,8,4,208,204,212.0,208.0,145.96861267089844,145.9662628173828,0.002349853515625
ns_lion_801,resnet50_tl_20250829,8,4,208,208,212.0,212.0,145.96861267089844,145.97811889648438,-0.0095062255859375
ns_lion_801,resnet50_tl_20250829,8,4,208,212,212.0,216.0,145.96861267089844,145.9735565185547,-0.00494384765625
ns_lion_801,resnet50_tl_20250829,8,4,208,216,212.0,220.0,145.96861267089844,145.99032592773438,-0.0217132568359375
ns_lion_801,resnet50_tl_20250829,8,4,212,0,216.0,4.0,145.96861267089844,145.8073272705078,0.161285400390625
ns_lion_801,resnet50_tl_20250829,8,4,212,4,216.0,8.0,145.96861267089844,145.902099609375,0.0665130615234375
ns_lion_801,resnet50_tl_20250829,8,4,212,8,216.0,12.0,145.96861267089844,146.01998901367188,-0.0513763427734375
ns_lion_801,resnet50_tl_20250829,8,4,212,12,216.0,16.0,145.96861267089844,145.9274444580078,0.041168212890625
ns_lion_801,resnet50_tl_20250829,8,4,212,16,216.0,20.0,145.96861267089844,145.97706604003906,-0.008453369140625
ns_lion_801,resnet50_tl_20250829,8,4,212,20,216.0,24.0,145.96861267089844,145.925537109375,0.0430755615234375
ns_lion_801,resnet50_tl_20250829,8,4,212,24,216.0,28.0,145.96861267089844,145.9911651611328,-0.022552490234375
ns_lion_801,resnet50_tl_20250829,8,4,212,28,216.0,32.0,145.96861267089844,145.88795471191406,0.080657958984375
ns_lion_801,resnet50_tl_20250829,8,4,212,32,216.0,36.0,145.96861267089844,145.92129516601562,0.0473175048828125
ns_lion_801,resnet50_tl_20250829,8,4,212,36,216.0,40.0,145.96861267089844,145.89535522460938,0.0732574462890625
ns_lion_801,resnet50_tl_20250829,8,4,212,40,216.0,44.0,145.96861267089844,145.94476318359375,0.0238494873046875
ns_lion_801,resnet50_tl_20250829,8,4,212,44,216.0,48.0,145.96861267089844,145.86521911621094,0.1033935546875
ns_lion_801,resnet50_tl_20250829,8,4,212,48,216.0,52.0,145.96861267089844,145.89822387695312,0.0703887939453125
ns_lion_801,resnet50_tl_20250829,8,4,212,52,216.0,56.0,145.96861267089844,145.888427734375,0.0801849365234375
ns_lion_801,resnet50_tl_20250829,8,4,212,56,216.0,60.0,145.96861267089844,145.9385528564453,0.030059814453125
ns_lion_801,resnet50_tl_20250829,8,4,212,60,216.0,64.0,145.96861267089844,145.87220764160156,0.096405029296875
ns_lion_801,resnet50_tl_20250829,8,4,212,64,216.0,68.0,145.96861267089844,145.8877716064453,0.080841064453125
ns_lion_801,resnet50_tl_20250829,8,4,212,68,216.0,72.0,145.96861267089844,145.8830108642578,0.085601806640625
ns_lion_801,resnet50_tl_20250829,8,4,212,72,216.0,76.0,145.96861267089844,145.91580200195312,0.0528106689453125
ns_lion_801,resnet50_tl_20250829,8,4,212,76,216.0,80.0,145.96861267089844,145.8693389892578,0.099273681640625
ns_lion_801,resnet50_tl_20250829,8,4,212,80,216.0,84.0,145.96861267089844,145.88563537597656,0.082977294921875
ns_lion_801,resnet50_tl_20250829,8,4,212,84,216.0,88.0,145.96861267089844,145.88232421875,0.0862884521484375
ns_lion_801,resnet50_tl_20250829,8,4,212,88,216.0,92.0,145.96861267089844,145.93057250976562,0.0380401611328125
ns_lion_801,resnet50_tl_20250829,8,4,212,92,216.0,96.0,145.96861267089844,145.880126953125,0.0884857177734375
ns_lion_801,resnet50_tl_20250829,8,4,212,96,216.0,100.0,145.96861267089844,145.89303588867188,0.0755767822265625
ns_lion_801,resnet50_tl_20250829,8,4,212,100,216.0,104.0,145.96861267089844,145.8826446533203,0.085968017578125
ns_lion_801,resnet50_tl_20250829,8,4,212,104,216.0,108.0,145.96861267089844,145.92050170898438,0.0481109619140625
ns_lion_801,resnet50_tl_20250829,8,4,212,108,216.0,112.0,145.96861267089844,145.8822479248047,0.08636474609375
ns_lion_801,resnet50_tl_20250829,8,4,212,112,216.0,116.0,145.96861267089844,145.90174865722656,0.066864013671875
ns_lion_801,resnet50_tl_20250829,8,4,212,116,216.0,120.0,145.96861267089844,145.8938751220703,0.074737548828125
ns_lion_801,resnet50_tl_20250829,8,4,212,120,216.0,124.0,145.96861267089844,145.945556640625,0.0230560302734375
ns_lion_801,resnet50_tl_20250829,8,4,212,124,216.0,128.0,145.96861267089844,145.90032958984375,0.0682830810546875
ns_lion_801,resnet50_tl_20250829,8,4,212,128,216.0,132.0,145.96861267089844,145.92039489746094,0.0482177734375
ns_lion_801,resnet50_tl_20250829,8,4,212,132,216.0,136.0,145.96861267089844,145.90396118164062,0.0646514892578125
ns_lion_801,resnet50_tl_20250829,8,4,212,136,216.0,140.0,145.96861267089844,145.9464111328125,0.0222015380859375
ns_lion_801,resnet50_tl_20250829,8,4,212,140,216.0,144.0,145.96861267089844,145.9033660888672,0.06524658203125
ns_lion_801,resnet50_tl_20250829,8,4,212,144,216.0,148.0,145.96861267089844,145.94131469726562,0.0272979736328125
ns_lion_801,resnet50_tl_20250829,8,4,212,148,216.0,152.0,145.96861267089844,145.92227172851562,0.0463409423828125
ns_lion_801,resnet50_tl_20250829,8,4,212,152,216.0,156.0,145.96861267089844,145.98146057128906,-0.012847900390625
ns_lion_801,resnet50_tl_20250829,8,4,212,156,216.0,160.0,145.96861267089844,145.93218994140625,0.0364227294921875
ns_lion_801,resnet50_tl_20250829,8,4,212,160,216.0,164.0,145.96861267089844,145.97518920898438,-0.0065765380859375
ns_lion_801,resnet50_tl_20250829,8,4,212,164,216.0,168.0,145.96861267089844,145.9458770751953,0.022735595703125
ns_lion_801,resnet50_tl_20250829,8,4,212,168,216.0,172.0,145.96861267089844,145.99517822265625,-0.0265655517578125
ns_lion_801,resnet50_tl_20250829,8,4,212,172,216.0,176.0,145.96861267089844,145.9659423828125,0.0026702880859375
ns_lion_801,resnet50_tl_20250829,8,4,212,176,216.0,180.0,145.96861267089844,146.01492309570312,-0.0463104248046875
ns_lion_801,resnet50_tl_20250829,8,4,212,180,216.0,184.0,145.96861267089844,145.97215270996094,-0.0035400390625
ns_lion_801,resnet50_tl_20250829,8,4,212,184,216.0,188.0,145.96861267089844,146.0383758544922,-0.06976318359375
ns_lion_801,resnet50_tl_20250829,8,4,212,188,216.0,192.0,145.96861267089844,145.9744873046875,-0.0058746337890625
ns_lion_801,resnet50_tl_20250829,8,4,212,192,216.0,196.0,145.96861267089844,146.02613830566406,-0.057525634765625
ns_lion_801,resnet50_tl_20250829,8,4,212,196,216.0,200.0,145.96861267089844,145.98631286621094,-0.0177001953125
ns_lion_801,resnet50_tl_20250829,8,4,212,200,216.0,204.0,145.96861267089844,146.01914978027344,-0.050537109375
ns_lion_801,resnet50_tl_20250829,8,4,212,204,216.0,208.0,145.96861267089844,145.97703552246094,-0.0084228515625
ns_lion_801,resnet50_tl_20250829,8,4,212,208,216.0,212.0,145.96861267089844,145.99679565429688,-0.0281829833984375
ns_lion_801,resnet50_tl_20250829,8,4,212,212,216.0,216.0,145.96861267089844,145.98548889160156,-0.016876220703125
ns_lion_801,resnet50_tl_20250829,8,4,212,216,216.0,220.0,145.96861267089844,145.98095703125,-0.0123443603515625
ns_lion_801,resnet50_tl_20250829,8,4,216,0,220.0,4.0,145.96861267089844,145.88311767578125,0.0854949951171875
ns_lion_801,resnet50_tl_20250829,8,4,216,4,220.0,8.0,145.96861267089844,145.9154510498047,0.05316162109375
ns_lion_801,resnet50_tl_20250829,8,4,216,8,220.0,12.0,145.96861267089844,145.9590301513672,0.00958251953125
ns_lion_801,resnet50_tl_20250829,8,4,216,12,220.0,16.0,145.96861267089844,145.94676208496094,0.0218505859375
ns_lion_801,resnet50_tl_20250829,8,4,216,16,220.0,20.0,145.96861267089844,145.94613647460938,0.0224761962890625
ns_lion_801,resnet50_tl_20250829,8,4,216,20,220.0,24.0,145.96861267089844,145.91049194335938,0.0581207275390625
ns_lion_801,resnet50_tl_20250829,8,4,216,24,220.0,28.0,145.96861267089844,145.92251586914062,0.0460968017578125
ns_lion_801,resnet50_tl_20250829,8,4,216,28,220.0,32.0,145.96861267089844,145.9202423095703,0.048370361328125
ns_lion_801,resnet50_tl_20250829,8,4,216,32,220.0,36.0,145.96861267089844,145.91961669921875,0.0489959716796875
ns_lion_801,resnet50_tl_20250829,8,4,216,36,220.0,40.0,145.96861267089844,145.88632202148438,0.0822906494140625
ns_lion_801,resnet50_tl_20250829,8,4,216,40,220.0,44.0,145.96861267089844,145.8895721435547,0.07904052734375
ns_lion_801,resnet50_tl_20250829,8,4,216,44,220.0,48.0,145.96861267089844,145.9073944091797,0.06121826171875
ns_lion_801,resnet50_tl_20250829,8,4,216,48,220.0,52.0,145.96861267089844,145.9034423828125,0.0651702880859375
ns_lion_801,resnet50_tl_20250829,8,4,216,52,220.0,56.0,145.96861267089844,145.88259887695312,0.0860137939453125
ns_lion_801,resnet50_tl_20250829,8,4,216,56,220.0,60.0,145.96861267089844,145.88418579101562,0.0844268798828125
ns_lion_801,resnet50_tl_20250829,8,4,216,60,220.0,64.0,145.96861267089844,145.91055297851562,0.0580596923828125
ns_lion_801,resnet50_tl_20250829,8,4,216,64,220.0,68.0,145.96861267089844,145.90362548828125,0.0649871826171875
ns_lion_801,resnet50_tl_20250829,8,4,216,68,220.0,72.0,145.96861267089844,145.88333129882812,0.0852813720703125
ns_lion_801,resnet50_tl_20250829,8,4,216,72,220.0,76.0,145.96861267089844,145.87887573242188,0.0897369384765625
ns_lion_801,resnet50_tl_20250829,8,4,216,76,220.0,80.0,145.96861267089844,145.91554260253906,0.053070068359375
ns_lion_801,resnet50_tl_20250829,8,4,216,80,220.0,84.0,145.96861267089844,145.90234375,0.0662689208984375
ns_lion_801,resnet50_tl_20250829,8,4,216,84,220.0,88.0,145.96861267089844,145.8837890625,0.0848236083984375
ns_lion_801,resnet50_tl_20250829,8,4,216,88,220.0,92.0,145.96861267089844,145.88739013671875,0.0812225341796875
ns_lion_801,resnet50_tl_20250829,8,4,216,92,220.0,96.0,145.96861267089844,145.9206085205078,0.048004150390625
ns_lion_801,resnet50_tl_20250829,8,4,216,96,220.0,100.0,145.96861267089844,145.9120635986328,0.056549072265625
ns_lion_801,resnet50_tl_20250829,8,4,216,100,220.0,104.0,145.96861267089844,145.8902130126953,0.078399658203125
ns_lion_801,resnet50_tl_20250829,8,4,216,104,220.0,108.0,145.96861267089844,145.88699340820312,0.0816192626953125
ns_lion_801,resnet50_tl_20250829,8,4,216,108,220.0,112.0,145.96861267089844,145.92459106445312,0.0440216064453125
ns_lion_801,resnet50_tl_20250829,8,4,216,112,220.0,116.0,145.96861267089844,145.9139404296875,0.0546722412109375
ns_lion_801,resnet50_tl_20250829,8,4,216,116,220.0,120.0,145.96861267089844,145.89833068847656,0.070281982421875
ns_lion_801,resnet50_tl_20250829,8,4,216,120,220.0,124.0,145.96861267089844,145.90219116210938,0.0664215087890625
ns_lion_801,resnet50_tl_20250829,8,4,216,124,220.0,128.0,145.96861267089844,145.93336486816406,0.035247802734375
ns_lion_801,resnet50_tl_20250829,8,4,216,128,220.0,132.0,145.96861267089844,145.9313201904297,0.03729248046875
ns_lion_801,resnet50_tl_20250829,8,4,216,132,220.0,136.0,145.96861267089844,145.90782165527344,0.060791015625
ns_lion_801,resnet50_tl_20250829,8,4,216,136,220.0,140.0,145.96861267089844,145.90963745117188,0.0589752197265625
ns_lion_801,resnet50_tl_20250829,8,4,216,140,220.0,144.0,145.96861267089844,145.93521118164062,0.0334014892578125
ns_lion_801,resnet50_tl_20250829,8,4,216,144,220.0,148.0,145.96861267089844,145.93943786621094,0.0291748046875
ns_lion_801,resnet50_tl_20250829,8,4,216,148,220.0,152.0,145.96861267089844,145.91673278808594,0.0518798828125
ns_lion_801,resnet50_tl_20250829,8,4,216,152,220.0,156.0,145.96861267089844,145.9301300048828,0.038482666015625
ns_lion_801,resnet50_tl_20250829,8,4,216,156,220.0,160.0,145.96861267089844,145.95452880859375,0.0140838623046875
ns_lion_801,resnet50_tl_20250829,8,4,216,160,220.0,164.0,145.96861267089844,145.97406005859375,-0.0054473876953125
ns_lion_801,resnet50_tl_20250829,8,4,216,164,220.0,168.0,145.96861267089844,145.9434356689453,0.025177001953125
ns_lion_801,resnet50_tl_20250829,8,4,216,168,220.0,172.0,145.96861267089844,145.95928955078125,0.0093231201171875
ns_lion_801,resnet50_tl_20250829,8,4,216,172,220.0,176.0,145.96861267089844,145.98716735839844,-0.0185546875
ns_lion_801,resnet50_tl_20250829,8,4,216,176,220.0,180.0,145.96861267089844,146.0063018798828,-0.037689208984375
ns_lion_801,resnet50_tl_20250829,8,4,216,180,220.0,184.0,145.96861267089844,145.96664428710938,0.0019683837890625
ns_lion_801,resnet50_tl_20250829,8,4,216,184,220.0,188.0,145.96861267089844,145.98678588867188,-0.0181732177734375
ns_lion_801,resnet50_tl_20250829,8,4,216,188,220.0,192.0,145.96861267089844,145.9781036376953,-0.009490966796875
ns_lion_801,resnet50_tl_20250829,8,4,216,192,220.0,196.0,145.96861267089844,146.00848388671875,-0.0398712158203125
ns_lion_801,resnet50_tl_20250829,8,4,216,196,220.0,200.0,145.96861267089844,145.9702911376953,-0.001678466796875
ns_lion_801,resnet50_tl_20250829,8,4,216,200,220.0,204.0,145.96861267089844,145.9859619140625,-0.0173492431640625
ns_lion_801,resnet50_tl_20250829,8,4,216,204,220.0,208.0,145.96861267089844,145.97384643554688,-0.0052337646484375
ns_lion_801,resnet50_tl_20250829,8,4,216,208,220.0,212.0,145.96861267089844,145.9856414794922,-0.01702880859375
ns_lion_801,resnet50_tl_20250829,8,4,216,212,220.0,216.0,145.96861267089844,145.9832305908203,-0.014617919921875
ns_lion_801,resnet50_tl_20250829,8,4,216,216,220.0,220.0,145.96861267089844,145.97232055664062,-0.0037078857421875
