case_id,model_type,occluder_size,stride,y0,x0,y_center,x_center,baseline_target_logit,post_occlusion_target_logit,target_logit_drop
s_bird_117,resnet50_tl_20250829,8,4,0,0,4.0,4.0,146.42076110839844,146.42446899414062,-0.0037078857421875
s_bird_117,resnet50_tl_20250829,8,4,0,4,4.0,8.0,146.42076110839844,146.652099609375,-0.2313385009765625
s_bird_117,resnet50_tl_20250829,8,4,0,8,4.0,12.0,146.42076110839844,146.61048889160156,-0.189727783203125
s_bird_117,resnet50_tl_20250829,8,4,0,12,4.0,16.0,146.42076110839844,146.6246795654297,-0.20391845703125
s_bird_117,resnet50_tl_20250829,8,4,0,16,4.0,20.0,146.42076110839844,146.61135864257812,-0.1905975341796875
s_bird_117,resnet50_tl_20250829,8,4,0,20,4.0,24.0,146.42076110839844,146.64810180664062,-0.2273406982421875
s_bird_117,resnet50_tl_20250829,8,4,0,24,4.0,28.0,146.42076110839844,146.55104064941406,-0.130279541015625
s_bird_117,resnet50_tl_20250829,8,4,0,28,4.0,32.0,146.42076110839844,146.29501342773438,0.1257476806640625
s_bird_117,resnet50_tl_20250829,8,4,0,32,4.0,36.0,146.42076110839844,146.22235107421875,0.1984100341796875
s_bird_117,resnet50_tl_20250829,8,4,0,36,4.0,40.0,146.42076110839844,146.29620361328125,0.1245574951171875
s_bird_117,resnet50_tl_20250829,8,4,0,40,4.0,44.0,146.42076110839844,146.2988739013672,0.12188720703125
s_bird_117,resnet50_tl_20250829,8,4,0,44,4.0,48.0,146.42076110839844,146.11444091796875,0.3063201904296875
s_bird_117,resnet50_tl_20250829,8,4,0,48,4.0,52.0,146.42076110839844,146.07994079589844,0.3408203125
s_bird_117,resnet50_tl_20250829,8,4,0,52,4.0,56.0,146.42076110839844,146.240478515625,0.1802825927734375
s_bird_117,resnet50_tl_20250829,8,4,0,56,4.0,60.0,146.42076110839844,146.31517028808594,0.1055908203125
s_bird_117,resnet50_tl_20250829,8,4,0,60,4.0,64.0,146.42076110839844,145.91403198242188,0.5067291259765625
s_bird_117,resnet50_tl_20250829,8,4,0,64,4.0,68.0,146.42076110839844,145.92105102539062,0.4997100830078125
s_bird_117,resnet50_tl_20250829,8,4,0,68,4.0,72.0,146.42076110839844,146.22267150878906,0.198089599609375
s_bird_117,resnet50_tl_20250829,8,4,0,72,4.0,76.0,146.42076110839844,146.1873016357422,0.23345947265625
s_bird_117,resnet50_tl_20250829,8,4,0,76,4.0,80.0,146.42076110839844,145.93788146972656,0.482879638671875
s_bird_117,resnet50_tl_20250829,8,4,0,80,4.0,84.0,146.42076110839844,145.94837951660156,0.472381591796875
s_bird_117,resnet50_tl_20250829,8,4,0,84,4.0,88.0,146.42076110839844,146.15908813476562,0.2616729736328125
s_bird_117,resnet50_tl_20250829,8,4,0,88,4.0,92.0,146.42076110839844,146.3101348876953,0.110626220703125
s_bird_117,resnet50_tl_20250829,8,4,0,92,4.0,96.0,146.42076110839844,146.1299591064453,0.290802001953125
s_bird_117,resnet50_tl_20250829,8,4,0,96,4.0,100.0,146.42076110839844,146.19247436523438,0.2282867431640625
s_bird_117,resnet50_tl_20250829,8,4,0,100,4.0,104.0,146.42076110839844,146.34857177734375,0.0721893310546875
s_bird_117,resnet50_tl_20250829,8,4,0,104,4.0,108.0,146.42076110839844,146.34991455078125,0.0708465576171875
s_bird_117,resnet50_tl_20250829,8,4,0,108,4.0,112.0,146.42076110839844,146.10076904296875,0.3199920654296875
s_bird_117,resnet50_tl_20250829,8,4,0,112,4.0,116.0,146.42076110839844,146.1038360595703,0.316925048828125
s_bird_117,resnet50_tl_20250829,8,4,0,116,4.0,120.0,146.42076110839844,146.2615966796875,0.1591644287109375
s_bird_117,resnet50_tl_20250829,8,4,0,120,4.0,124.0,146.42076110839844,146.3876953125,0.0330657958984375
s_bird_117,resnet50_tl_20250829,8,4,0,124,4.0,128.0,146.42076110839844,146.10858154296875,0.3121795654296875
s_bird_117,resnet50_tl_20250829,8,4,0,128,4.0,132.0,146.42076110839844,146.12802124023438,0.2927398681640625
s_bird_117,resnet50_tl_20250829,8,4,0,132,4.0,136.0,146.42076110839844,146.25645446777344,0.164306640625
s_bird_117,resnet50_tl_20250829,8,4,0,136,4.0,140.0,146.42076110839844,146.29180908203125,0.1289520263671875
s_bird_117,resnet50_tl_20250829,8,4,0,140,4.0,144.0,146.42076110839844,146.1287841796875,0.2919769287109375
s_bird_117,resnet50_tl_20250829,8,4,0,144,4.0,148.0,146.42076110839844,146.21084594726562,0.2099151611328125
s_bird_117,resnet50_tl_20250829,8,4,0,148,4.0,152.0,146.42076110839844,146.2974853515625,0.1232757568359375
s_bird_117,resnet50_tl_20250829,8,4,0,152,4.0,156.0,146.42076110839844,146.39767456054688,0.0230865478515625
s_bird_117,resnet50_tl_20250829,8,4,0,156,4.0,160.0,146.42076110839844,146.16732788085938,0.2534332275390625
s_bird_117,resnet50_tl_20250829,8,4,0,160,4.0,164.0,146.42076110839844,146.32318115234375,0.0975799560546875
s_bird_117,resnet50_tl_20250829,8,4,0,164,4.0,168.0,146.42076110839844,146.3623809814453,0.058380126953125
s_bird_117,resnet50_tl_20250829,8,4,0,168,4.0,172.0,146.42076110839844,146.38009643554688,0.0406646728515625
s_bird_117,resnet50_tl_20250829,8,4,0,172,4.0,176.0,146.42076110839844,146.31419372558594,0.1065673828125
s_bird_117,resnet50_tl_20250829,8,4,0,176,4.0,180.0,146.42076110839844,146.49725341796875,-0.0764923095703125
s_bird_117,resnet50_tl_20250829,8,4,0,180,4.0,184.0,146.42076110839844,146.46823120117188,-0.0474700927734375
s_bird_117,resnet50_tl_20250829,8,4,0,184,4.0,188.0,146.42076110839844,146.48146057128906,-0.060699462890625
s_bird_117,resnet50_tl_20250829,8,4,0,188,4.0,192.0,146.42076110839844,146.3675537109375,0.0532073974609375
s_bird_117,resnet50_tl_20250829,8,4,0,192,4.0,196.0,146.42076110839844,146.3545379638672,0.06622314453125
s_bird_117,resnet50_tl_20250829,8,4,0,196,4.0,200.0,146.42076110839844,146.32147216796875,0.0992889404296875
s_bird_117,resnet50_tl_20250829,8,4,0,200,4.0,204.0,146.42076110839844,146.3252716064453,0.095489501953125
s_bird_117,resnet50_tl_20250829,8,4,0,204,4.0,208.0,146.42076110839844,146.2423858642578,0.178375244140625
s_bird_117,resnet50_tl_20250829,8,4,0,208,4.0,212.0,146.42076110839844,146.21571350097656,0.205047607421875
s_bird_117,resnet50_tl_20250829,8,4,0,212,4.0,216.0,146.42076110839844,146.22152709960938,0.1992340087890625
s_bird_117,resnet50_tl_20250829,8,4,0,216,4.0,220.0,146.42076110839844,146.29522705078125,0.1255340576171875
s_bird_117,resnet50_tl_20250829,8,4,4,0,8.0,4.0,146.42076110839844,146.77650451660156,-0.355743408203125
s_bird_117,resnet50_tl_20250829,8,4,4,4,8.0,8.0,146.42076110839844,146.63577270507812,-0.2150115966796875
s_bird_117,resnet50_tl_20250829,8,4,4,8,8.0,12.0,146.42076110839844,146.60789489746094,-0.1871337890625
s_bird_117,resnet50_tl_20250829,8,4,4,12,8.0,16.0,146.42076110839844,146.68316650390625,-0.2624053955078125
s_bird_117,resnet50_tl_20250829,8,4,4,16,8.0,20.0,146.42076110839844,146.6518096923828,-0.231048583984375
s_bird_117,resnet50_tl_20250829,8,4,4,20,8.0,24.0,146.42076110839844,146.69387817382812,-0.2731170654296875
s_bird_117,resnet50_tl_20250829,8,4,4,24,8.0,28.0,146.42076110839844,146.58944702148438,-0.1686859130859375
s_bird_117,resnet50_tl_20250829,8,4,4,28,8.0,32.0,146.42076110839844,146.5078582763672,-0.08709716796875
s_bird_117,resnet50_tl_20250829,8,4,4,32,8.0,36.0,146.42076110839844,146.39060974121094,0.0301513671875
s_bird_117,resnet50_tl_20250829,8,4,4,36,8.0,40.0,146.42076110839844,146.3662567138672,0.05450439453125
s_bird_117,resnet50_tl_20250829,8,4,4,40,8.0,44.0,146.42076110839844,146.32191467285156,0.098846435546875
s_bird_117,resnet50_tl_20250829,8,4,4,44,8.0,48.0,146.42076110839844,146.36453247070312,0.0562286376953125
s_bird_117,resnet50_tl_20250829,8,4,4,48,8.0,52.0,146.42076110839844,146.27279663085938,0.1479644775390625
s_bird_117,resnet50_tl_20250829,8,4,4,52,8.0,56.0,146.42076110839844,146.36412048339844,0.056640625
s_bird_117,resnet50_tl_20250829,8,4,4,56,8.0,60.0,146.42076110839844,146.37081909179688,0.0499420166015625
s_bird_117,resnet50_tl_20250829,8,4,4,60,8.0,64.0,146.42076110839844,146.37371826171875,0.0470428466796875
s_bird_117,resnet50_tl_20250829,8,4,4,64,8.0,68.0,146.42076110839844,146.2985076904297,0.12225341796875
s_bird_117,resnet50_tl_20250829,8,4,4,68,8.0,72.0,146.42076110839844,146.28475952148438,0.1360015869140625
s_bird_117,resnet50_tl_20250829,8,4,4,72,8.0,76.0,146.42076110839844,146.2953643798828,0.125396728515625
s_bird_117,resnet50_tl_20250829,8,4,4,76,8.0,80.0,146.42076110839844,146.32464599609375,0.0961151123046875
s_bird_117,resnet50_tl_20250829,8,4,4,80,8.0,84.0,146.42076110839844,146.27175903320312,0.1490020751953125
s_bird_117,resnet50_tl_20250829,8,4,4,84,8.0,88.0,146.42076110839844,146.33457946777344,0.086181640625
s_bird_117,resnet50_tl_20250829,8,4,4,88,8.0,92.0,146.42076110839844,146.4178009033203,0.002960205078125
s_bird_117,resnet50_tl_20250829,8,4,4,92,8.0,96.0,146.42076110839844,146.44174194335938,-0.0209808349609375
s_bird_117,resnet50_tl_20250829,8,4,4,96,8.0,100.0,146.42076110839844,146.41940307617188,0.0013580322265625
s_bird_117,resnet50_tl_20250829,8,4,4,100,8.0,104.0,146.42076110839844,146.46963500976562,-0.0488739013671875
s_bird_117,resnet50_tl_20250829,8,4,4,104,8.0,108.0,146.42076110839844,146.48974609375,-0.0689849853515625
s_bird_117,resnet50_tl_20250829,8,4,4,108,8.0,112.0,146.42076110839844,146.52561950683594,-0.1048583984375
s_bird_117,resnet50_tl_20250829,8,4,4,112,8.0,116.0,146.42076110839844,146.46861267089844,-0.0478515625
s_bird_117,resnet50_tl_20250829,8,4,4,116,8.0,120.0,146.42076110839844,146.55810546875,-0.1373443603515625
s_bird_117,resnet50_tl_20250829,8,4,4,120,8.0,124.0,146.42076110839844,146.55126953125,-0.1305084228515625
s_bird_117,resnet50_tl_20250829,8,4,4,124,8.0,128.0,146.42076110839844,146.5430450439453,-0.122283935546875
s_bird_117,resnet50_tl_20250829,8,4,4,128,8.0,132.0,146.42076110839844,146.4914093017578,-0.070648193359375
s_bird_117,resnet50_tl_20250829,8,4,4,132,8.0,136.0,146.42076110839844,146.5035858154297,-0.08282470703125
s_bird_117,resnet50_tl_20250829,8,4,4,136,8.0,140.0,146.42076110839844,146.4777374267578,-0.056976318359375
s_bird_117,resnet50_tl_20250829,8,4,4,140,8.0,144.0,146.42076110839844,146.55459594726562,-0.1338348388671875
s_bird_117,resnet50_tl_20250829,8,4,4,144,8.0,148.0,146.42076110839844,146.4769744873047,-0.05621337890625
s_bird_117,resnet50_tl_20250829,8,4,4,148,8.0,152.0,146.42076110839844,146.47235107421875,-0.0515899658203125
s_bird_117,resnet50_tl_20250829,8,4,4,152,8.0,156.0,146.42076110839844,146.4578857421875,-0.0371246337890625
s_bird_117,resnet50_tl_20250829,8,4,4,156,8.0,160.0,146.42076110839844,146.49227905273438,-0.0715179443359375
s_bird_117,resnet50_tl_20250829,8,4,4,160,8.0,164.0,146.42076110839844,146.6612548828125,-0.2404937744140625
s_bird_117,resnet50_tl_20250829,8,4,4,164,8.0,168.0,146.42076110839844,146.6280517578125,-0.2072906494140625
s_bird_117,resnet50_tl_20250829,8,4,4,168,8.0,172.0,146.42076110839844,146.54940795898438,-0.1286468505859375
s_bird_117,resnet50_tl_20250829,8,4,4,172,8.0,176.0,146.42076110839844,146.5617218017578,-0.140960693359375
s_bird_117,resnet50_tl_20250829,8,4,4,176,8.0,180.0,146.42076110839844,146.57281494140625,-0.1520538330078125
s_bird_117,resnet50_tl_20250829,8,4,4,180,8.0,184.0,146.42076110839844,146.54412841796875,-0.1233673095703125
s_bird_117,resnet50_tl_20250829,8,4,4,184,8.0,188.0,146.42076110839844,146.5854949951172,-0.16473388671875
s_bird_117,resnet50_tl_20250829,8,4,4,188,8.0,192.0,146.42076110839844,146.58157348632812,-0.1608123779296875
s_bird_117,resnet50_tl_20250829,8,4,4,192,8.0,196.0,146.42076110839844,146.53009033203125,-0.1093292236328125
s_bird_117,resnet50_tl_20250829,8,4,4,196,8.0,200.0,146.42076110839844,146.46322631835938,-0.0424652099609375
s_bird_117,resnet50_tl_20250829,8,4,4,200,8.0,204.0,146.42076110839844,146.41830444335938,0.0024566650390625
s_bird_117,resnet50_tl_20250829,8,4,4,204,8.0,208.0,146.42076110839844,146.41119384765625,0.0095672607421875
s_bird_117,resnet50_tl_20250829,8,4,4,208,8.0,212.0,146.42076110839844,146.37620544433594,0.0445556640625
s_bird_117,resnet50_tl_20250829,8,4,4,212,8.0,216.0,146.42076110839844,146.30368041992188,0.1170806884765625
s_bird_117,resnet50_tl_20250829,8,4,4,216,8.0,220.0,146.42076110839844,146.30728149414062,0.1134796142578125
s_bird_117,resnet50_tl_20250829,8,4,8,0,12.0,4.0,146.42076110839844,146.45321655273438,-0.0324554443359375
s_bird_117,resnet50_tl_20250829,8,4,8,4,12.0,8.0,146.42076110839844,146.49493408203125,-0.0741729736328125
s_bird_117,resnet50_tl_20250829,8,4,8,8,12.0,12.0,146.42076110839844,146.4622344970703,-0.041473388671875
s_bird_117,resnet50_tl_20250829,8,4,8,12,12.0,16.0,146.42076110839844,146.44287109375,-0.0221099853515625
s_bird_117,resnet50_tl_20250829,8,4,8,16,12.0,20.0,146.42076110839844,146.3706817626953,0.050079345703125
s_bird_117,resnet50_tl_20250829,8,4,8,20,12.0,24.0,146.42076110839844,146.43182373046875,-0.0110626220703125
s_bird_117,resnet50_tl_20250829,8,4,8,24,12.0,28.0,146.42076110839844,146.41531372070312,0.0054473876953125
s_bird_117,resnet50_tl_20250829,8,4,8,28,12.0,32.0,146.42076110839844,146.29934692382812,0.1214141845703125
s_bird_117,resnet50_tl_20250829,8,4,8,32,12.0,36.0,146.42076110839844,146.23348999023438,0.1872711181640625
s_bird_117,resnet50_tl_20250829,8,4,8,36,12.0,40.0,146.42076110839844,146.26966857910156,0.151092529296875
s_bird_117,resnet50_tl_20250829,8,4,8,40,12.0,44.0,146.42076110839844,146.24310302734375,0.1776580810546875
s_bird_117,resnet50_tl_20250829,8,4,8,44,12.0,48.0,146.42076110839844,146.0629119873047,0.35784912109375
s_bird_117,resnet50_tl_20250829,8,4,8,48,12.0,52.0,146.42076110839844,146.0367431640625,0.3840179443359375
s_bird_117,resnet50_tl_20250829,8,4,8,52,12.0,56.0,146.42076110839844,146.1904296875,0.2303314208984375
s_bird_117,resnet50_tl_20250829,8,4,8,56,12.0,60.0,146.42076110839844,146.2224578857422,0.19830322265625
s_bird_117,resnet50_tl_20250829,8,4,8,60,12.0,64.0,146.42076110839844,146.01927185058594,0.4014892578125
s_bird_117,resnet50_tl_20250829,8,4,8,64,12.0,68.0,146.42076110839844,145.9884490966797,0.43231201171875
s_bird_117,resnet50_tl_20250829,8,4,8,68,12.0,72.0,146.42076110839844,146.15927124023438,0.2614898681640625
s_bird_117,resnet50_tl_20250829,8,4,8,72,12.0,76.0,146.42076110839844,146.18531799316406,0.235443115234375
s_bird_117,resnet50_tl_20250829,8,4,8,76,12.0,80.0,146.42076110839844,145.9553680419922,0.46539306640625
s_bird_117,resnet50_tl_20250829,8,4,8,80,12.0,84.0,146.42076110839844,145.94976806640625,0.4709930419921875
s_bird_117,resnet50_tl_20250829,8,4,8,84,12.0,88.0,146.42076110839844,146.16412353515625,0.2566375732421875
s_bird_117,resnet50_tl_20250829,8,4,8,88,12.0,92.0,146.42076110839844,146.2779541015625,0.1428070068359375
s_bird_117,resnet50_tl_20250829,8,4,8,92,12.0,96.0,146.42076110839844,146.11065673828125,0.3101043701171875
s_bird_117,resnet50_tl_20250829,8,4,8,96,12.0,100.0,146.42076110839844,146.10751342773438,0.3132476806640625
s_bird_117,resnet50_tl_20250829,8,4,8,100,12.0,104.0,146.42076110839844,146.3373260498047,0.08343505859375
s_bird_117,resnet50_tl_20250829,8,4,8,104,12.0,108.0,146.42076110839844,146.36178588867188,0.0589752197265625
s_bird_117,resnet50_tl_20250829,8,4,8,108,12.0,112.0,146.42076110839844,146.19012451171875,0.2306365966796875
s_bird_117,resnet50_tl_20250829,8,4,8,112,12.0,116.0,146.42076110839844,146.15908813476562,0.2616729736328125
s_bird_117,resnet50_tl_20250829,8,4,8,116,12.0,120.0,146.42076110839844,146.39053344726562,0.0302276611328125
s_bird_117,resnet50_tl_20250829,8,4,8,120,12.0,124.0,146.42076110839844,146.4293212890625,-0.0085601806640625
s_bird_117,resnet50_tl_20250829,8,4,8,124,12.0,128.0,146.42076110839844,146.284423828125,0.1363372802734375
s_bird_117,resnet50_tl_20250829,8,4,8,128,12.0,132.0,146.42076110839844,146.24453735351562,0.1762237548828125
s_bird_117,resnet50_tl_20250829,8,4,8,132,12.0,136.0,146.42076110839844,146.38638305664062,0.0343780517578125
s_bird_117,resnet50_tl_20250829,8,4,8,136,12.0,140.0,146.42076110839844,146.4488525390625,-0.0280914306640625
s_bird_117,resnet50_tl_20250829,8,4,8,140,12.0,144.0,146.42076110839844,146.35633850097656,0.064422607421875
s_bird_117,resnet50_tl_20250829,8,4,8,144,12.0,148.0,146.42076110839844,146.12379455566406,0.296966552734375
s_bird_117,resnet50_tl_20250829,8,4,8,148,12.0,152.0,146.42076110839844,146.26174926757812,0.1590118408203125
s_bird_117,resnet50_tl_20250829,8,4,8,152,12.0,156.0,146.42076110839844,146.25465393066406,0.166107177734375
s_bird_117,resnet50_tl_20250829,8,4,8,156,12.0,160.0,146.42076110839844,146.29808044433594,0.1226806640625
s_bird_117,resnet50_tl_20250829,8,4,8,160,12.0,164.0,146.42076110839844,146.47509765625,-0.0543365478515625
s_bird_117,resnet50_tl_20250829,8,4,8,164,12.0,168.0,146.42076110839844,146.45614624023438,-0.0353851318359375
s_bird_117,resnet50_tl_20250829,8,4,8,168,12.0,172.0,146.42076110839844,146.4300537109375,-0.0092926025390625
s_bird_117,resnet50_tl_20250829,8,4,8,172,12.0,176.0,146.42076110839844,146.5001220703125,-0.0793609619140625
s_bird_117,resnet50_tl_20250829,8,4,8,176,12.0,180.0,146.42076110839844,146.48924255371094,-0.0684814453125
s_bird_117,resnet50_tl_20250829,8,4,8,180,12.0,184.0,146.42076110839844,146.49644470214844,-0.07568359375
s_bird_117,resnet50_tl_20250829,8,4,8,184,12.0,188.0,146.42076110839844,146.57374572753906,-0.152984619140625
s_bird_117,resnet50_tl_20250829,8,4,8,188,12.0,192.0,146.42076110839844,146.48350524902344,-0.062744140625
s_bird_117,resnet50_tl_20250829,8,4,8,192,12.0,196.0,146.42076110839844,146.47567749023438,-0.0549163818359375
s_bird_117,resnet50_tl_20250829,8,4,8,196,12.0,200.0,146.42076110839844,146.47991943359375,-0.0591583251953125
s_bird_117,resnet50_tl_20250829,8,4,8,200,12.0,204.0,146.42076110839844,146.47030639648438,-0.0495452880859375
s_bird_117,resnet50_tl_20250829,8,4,8,204,12.0,208.0,146.42076110839844,146.38809204101562,0.0326690673828125
s_bird_117,resnet50_tl_20250829,8,4,8,208,12.0,212.0,146.42076110839844,146.32228088378906,0.098480224609375
s_bird_117,resnet50_tl_20250829,8,4,8,212,12.0,216.0,146.42076110839844,146.3019256591797,0.11883544921875
s_bird_117,resnet50_tl_20250829,8,4,8,216,12.0,220.0,146.42076110839844,146.34498596191406,0.075775146484375
s_bird_117,resnet50_tl_20250829,8,4,12,0,16.0,4.0,146.42076110839844,146.0506134033203,0.370147705078125
s_bird_117,resnet50_tl_20250829,8,4,12,4,16.0,8.0,146.42076110839844,146.34164428710938,0.0791168212890625
s_bird_117,resnet50_tl_20250829,8,4,12,8,16.0,12.0,146.42076110839844,146.4095916748047,0.01116943359375
s_bird_117,resnet50_tl_20250829,8,4,12,12,16.0,16.0,146.42076110839844,146.33872985839844,0.08203125
s_bird_117,resnet50_tl_20250829,8,4,12,16,16.0,20.0,146.42076110839844,146.20469665527344,0.216064453125
s_bird_117,resnet50_tl_20250829,8,4,12,20,16.0,24.0,146.42076110839844,146.29371643066406,0.127044677734375
s_bird_117,resnet50_tl_20250829,8,4,12,24,16.0,28.0,146.42076110839844,146.31944274902344,0.101318359375
s_bird_117,resnet50_tl_20250829,8,4,12,28,16.0,32.0,146.42076110839844,146.11212158203125,0.3086395263671875
s_bird_117,resnet50_tl_20250829,8,4,12,32,16.0,36.0,146.42076110839844,146.07579040527344,0.344970703125
s_bird_117,resnet50_tl_20250829,8,4,12,36,16.0,40.0,146.42076110839844,146.29360961914062,0.1271514892578125
s_bird_117,resnet50_tl_20250829,8,4,12,40,16.0,44.0,146.42076110839844,146.25498962402344,0.165771484375
s_bird_117,resnet50_tl_20250829,8,4,12,44,16.0,48.0,146.42076110839844,145.87583923339844,0.544921875
s_bird_117,resnet50_tl_20250829,8,4,12,48,16.0,52.0,146.42076110839844,145.8123779296875,0.6083831787109375
s_bird_117,resnet50_tl_20250829,8,4,12,52,16.0,56.0,146.42076110839844,146.19383239746094,0.2269287109375
s_bird_117,resnet50_tl_20250829,8,4,12,56,16.0,60.0,146.42076110839844,146.22145080566406,0.199310302734375
s_bird_117,resnet50_tl_20250829,8,4,12,60,16.0,64.0,146.42076110839844,145.62322998046875,0.7975311279296875
s_bird_117,resnet50_tl_20250829,8,4,12,64,16.0,68.0,146.42076110839844,145.72076416015625,0.6999969482421875
s_bird_117,resnet50_tl_20250829,8,4,12,68,16.0,72.0,146.42076110839844,146.2100830078125,0.2106781005859375
s_bird_117,resnet50_tl_20250829,8,4,12,72,16.0,76.0,146.42076110839844,146.252197265625,0.1685638427734375
s_bird_117,resnet50_tl_20250829,8,4,12,76,16.0,80.0,146.42076110839844,145.474609375,0.9461517333984375
s_bird_117,resnet50_tl_20250829,8,4,12,80,16.0,84.0,146.42076110839844,145.5489501953125,0.8718109130859375
s_bird_117,resnet50_tl_20250829,8,4,12,84,16.0,88.0,146.42076110839844,146.06637573242188,0.3543853759765625
s_bird_117,resnet50_tl_20250829,8,4,12,88,16.0,92.0,146.42076110839844,146.29147338867188,0.1292877197265625
s_bird_117,resnet50_tl_20250829,8,4,12,92,16.0,96.0,146.42076110839844,145.6250762939453,0.795684814453125
s_bird_117,resnet50_tl_20250829,8,4,12,96,16.0,100.0,146.42076110839844,145.80738830566406,0.613372802734375
s_bird_117,resnet50_tl_20250829,8,4,12,100,16.0,104.0,146.42076110839844,146.30393981933594,0.1168212890625
s_bird_117,resnet50_tl_20250829,8,4,12,104,16.0,108.0,146.42076110839844,146.404296875,0.0164642333984375
s_bird_117,resnet50_tl_20250829,8,4,12,108,16.0,112.0,146.42076110839844,145.78175354003906,0.639007568359375
s_bird_117,resnet50_tl_20250829,8,4,12,112,16.0,116.0,146.42076110839844,145.8570098876953,0.563751220703125
s_bird_117,resnet50_tl_20250829,8,4,12,116,16.0,120.0,146.42076110839844,146.28749084472656,0.133270263671875
s_bird_117,resnet50_tl_20250829,8,4,12,120,16.0,124.0,146.42076110839844,146.38278198242188,0.0379791259765625
s_bird_117,resnet50_tl_20250829,8,4,12,124,16.0,128.0,146.42076110839844,145.8792724609375,0.5414886474609375
s_bird_117,resnet50_tl_20250829,8,4,12,128,16.0,132.0,146.42076110839844,145.9517059326172,0.46905517578125
s_bird_117,resnet50_tl_20250829,8,4,12,132,16.0,136.0,146.42076110839844,146.27767944335938,0.1430816650390625
s_bird_117,resnet50_tl_20250829,8,4,12,136,16.0,140.0,146.42076110839844,146.42845153808594,-0.0076904296875
s_bird_117,resnet50_tl_20250829,8,4,12,140,16.0,144.0,146.42076110839844,146.08905029296875,0.3317108154296875
s_bird_117,resnet50_tl_20250829,8,4,12,144,16.0,148.0,146.42076110839844,145.84735107421875,0.5734100341796875
s_bird_117,resnet50_tl_20250829,8,4,12,148,16.0,152.0,146.42076110839844,145.9600372314453,0.460723876953125
s_bird_117,resnet50_tl_20250829,8,4,12,152,16.0,156.0,146.42076110839844,146.190673828125,0.2300872802734375
s_bird_117,resnet50_tl_20250829,8,4,12,156,16.0,160.0,146.42076110839844,146.2454376220703,0.175323486328125
s_bird_117,resnet50_tl_20250829,8,4,12,160,16.0,164.0,146.42076110839844,146.2913055419922,0.12945556640625
s_bird_117,resnet50_tl_20250829,8,4,12,164,16.0,168.0,146.42076110839844,146.37156677246094,0.0491943359375
s_bird_117,resnet50_tl_20250829,8,4,12,168,16.0,172.0,146.42076110839844,146.42518615722656,-0.004425048828125
s_bird_117,resnet50_tl_20250829,8,4,12,172,16.0,176.0,146.42076110839844,146.30360412597656,0.117156982421875
s_bird_117,resnet50_tl_20250829,8,4,12,176,16.0,180.0,146.42076110839844,146.4434051513672,-0.02264404296875
s_bird_117,resnet50_tl_20250829,8,4,12,180,16.0,184.0,146.42076110839844,146.4751434326172,-0.05438232421875
s_bird_117,resnet50_tl_20250829,8,4,12,184,16.0,188.0,146.42076110839844,146.4149169921875,0.0058441162109375
s_bird_117,resnet50_tl_20250829,8,4,12,188,16.0,192.0,146.42076110839844,146.1980743408203,0.222686767578125
s_bird_117,resnet50_tl_20250829,8,4,12,192,16.0,196.0,146.42076110839844,146.3444366455078,0.076324462890625
s_bird_117,resnet50_tl_20250829,8,4,12,196,16.0,200.0,146.42076110839844,146.510009765625,-0.0892486572265625
s_bird_117,resnet50_tl_20250829,8,4,12,200,16.0,204.0,146.42076110839844,146.51214599609375,-0.0913848876953125
s_bird_117,resnet50_tl_20250829,8,4,12,204,16.0,208.0,146.42076110839844,146.26507568359375,0.1556854248046875
s_bird_117,resnet50_tl_20250829,8,4,12,208,16.0,212.0,146.42076110839844,146.20567321777344,0.215087890625
s_bird_117,resnet50_tl_20250829,8,4,12,212,16.0,216.0,146.42076110839844,146.28538513183594,0.1353759765625
s_bird_117,resnet50_tl_20250829,8,4,12,216,16.0,220.0,146.42076110839844,146.34568786621094,0.0750732421875
s_bird_117,resnet50_tl_20250829,8,4,16,0,20.0,4.0,146.42076110839844,146.0444793701172,0.37628173828125
s_bird_117,resnet50_tl_20250829,8,4,16,4,20.0,8.0,146.42076110839844,146.19580078125,0.2249603271484375
s_bird_117,resnet50_tl_20250829,8,4,16,8,20.0,12.0,146.42076110839844,146.36343383789062,0.0573272705078125
s_bird_117,resnet50_tl_20250829,8,4,16,12,20.0,16.0,146.42076110839844,146.201904296875,0.2188568115234375
s_bird_117,resnet50_tl_20250829,8,4,16,16,20.0,20.0,146.42076110839844,146.1771697998047,0.24359130859375
s_bird_117,resnet50_tl_20250829,8,4,16,20,20.0,24.0,146.42076110839844,146.13925170898438,0.2815093994140625
s_bird_117,resnet50_tl_20250829,8,4,16,24,20.0,28.0,146.42076110839844,146.2432861328125,0.1774749755859375
s_bird_117,resnet50_tl_20250829,8,4,16,28,20.0,32.0,146.42076110839844,145.9848175048828,0.435943603515625
s_bird_117,resnet50_tl_20250829,8,4,16,32,20.0,36.0,146.42076110839844,146.04000854492188,0.3807525634765625
s_bird_117,resnet50_tl_20250829,8,4,16,36,20.0,40.0,146.42076110839844,146.1252899169922,0.29547119140625
s_bird_117,resnet50_tl_20250829,8,4,16,40,20.0,44.0,146.42076110839844,146.20799255371094,0.2127685546875
s_bird_117,resnet50_tl_20250829,8,4,16,44,20.0,48.0,146.42076110839844,145.82374572753906,0.597015380859375
s_bird_117,resnet50_tl_20250829,8,4,16,48,20.0,52.0,146.42076110839844,145.8936004638672,0.52716064453125
s_bird_117,resnet50_tl_20250829,8,4,16,52,20.0,56.0,146.42076110839844,146.03929138183594,0.3814697265625
s_bird_117,resnet50_tl_20250829,8,4,16,56,20.0,60.0,146.42076110839844,146.2203826904297,0.20037841796875
s_bird_117,resnet50_tl_20250829,8,4,16,60,20.0,64.0,146.42076110839844,145.67742919921875,0.7433319091796875
s_bird_117,resnet50_tl_20250829,8,4,16,64,20.0,68.0,146.42076110839844,145.8421173095703,0.578643798828125
s_bird_117,resnet50_tl_20250829,8,4,16,68,20.0,72.0,146.42076110839844,146.07943725585938,0.3413238525390625
s_bird_117,resnet50_tl_20250829,8,4,16,72,20.0,76.0,146.42076110839844,146.204345703125,0.2164154052734375
s_bird_117,resnet50_tl_20250829,8,4,16,76,20.0,80.0,146.42076110839844,145.58963012695312,0.8311309814453125
s_bird_117,resnet50_tl_20250829,8,4,16,80,20.0,84.0,146.42076110839844,145.70960998535156,0.711151123046875
s_bird_117,resnet50_tl_20250829,8,4,16,84,20.0,88.0,146.42076110839844,146.05267333984375,0.3680877685546875
s_bird_117,resnet50_tl_20250829,8,4,16,88,20.0,92.0,146.42076110839844,146.32672119140625,0.0940399169921875
s_bird_117,resnet50_tl_20250829,8,4,16,92,20.0,96.0,146.42076110839844,145.81968688964844,0.60107421875
s_bird_117,resnet50_tl_20250829,8,4,16,96,20.0,100.0,146.42076110839844,145.90235900878906,0.518402099609375
s_bird_117,resnet50_tl_20250829,8,4,16,100,20.0,104.0,146.42076110839844,146.22930908203125,0.1914520263671875
s_bird_117,resnet50_tl_20250829,8,4,16,104,20.0,108.0,146.42076110839844,146.37571716308594,0.0450439453125
s_bird_117,resnet50_tl_20250829,8,4,16,108,20.0,112.0,146.42076110839844,145.8560028076172,0.56475830078125
s_bird_117,resnet50_tl_20250829,8,4,16,112,20.0,116.0,146.42076110839844,145.85345458984375,0.5673065185546875
s_bird_117,resnet50_tl_20250829,8,4,16,116,20.0,120.0,146.42076110839844,146.2311248779297,0.18963623046875
s_bird_117,resnet50_tl_20250829,8,4,16,120,20.0,124.0,146.42076110839844,146.3731689453125,0.0475921630859375
s_bird_117,resnet50_tl_20250829,8,4,16,124,20.0,128.0,146.42076110839844,145.95407104492188,0.4666900634765625
s_bird_117,resnet50_tl_20250829,8,4,16,128,20.0,132.0,146.42076110839844,145.9984130859375,0.4223480224609375
s_bird_117,resnet50_tl_20250829,8,4,16,132,20.0,136.0,146.42076110839844,146.23008728027344,0.190673828125
s_bird_117,resnet50_tl_20250829,8,4,16,136,20.0,140.0,146.42076110839844,146.32872009277344,0.092041015625
s_bird_117,resnet50_tl_20250829,8,4,16,140,20.0,144.0,146.42076110839844,146.1109619140625,0.3097991943359375
s_bird_117,resnet50_tl_20250829,8,4,16,144,20.0,148.0,146.42076110839844,145.8327178955078,0.588043212890625
s_bird_117,resnet50_tl_20250829,8,4,16,148,20.0,152.0,146.42076110839844,145.98287963867188,0.4378814697265625
s_bird_117,resnet50_tl_20250829,8,4,16,152,20.0,156.0,146.42076110839844,146.29481506347656,0.125946044921875
s_bird_117,resnet50_tl_20250829,8,4,16,156,20.0,160.0,146.42076110839844,146.2994384765625,0.1213226318359375
s_bird_117,resnet50_tl_20250829,8,4,16,160,20.0,164.0,146.42076110839844,146.32960510253906,0.091156005859375
s_bird_117,resnet50_tl_20250829,8,4,16,164,20.0,168.0,146.42076110839844,146.3844451904297,0.03631591796875
s_bird_117,resnet50_tl_20250829,8,4,16,168,20.0,172.0,146.42076110839844,146.4221954345703,-0.001434326171875
s_bird_117,resnet50_tl_20250829,8,4,16,172,20.0,176.0,146.42076110839844,146.36842346191406,0.052337646484375
s_bird_117,resnet50_tl_20250829,8,4,16,176,20.0,180.0,146.42076110839844,146.35205078125,0.0687103271484375
s_bird_117,resnet50_tl_20250829,8,4,16,180,20.0,184.0,146.42076110839844,146.45948791503906,-0.038726806640625
s_bird_117,resnet50_tl_20250829,8,4,16,184,20.0,188.0,146.42076110839844,146.37928771972656,0.041473388671875
s_bird_117,resnet50_tl_20250829,8,4,16,188,20.0,192.0,146.42076110839844,146.20411682128906,0.216644287109375
s_bird_117,resnet50_tl_20250829,8,4,16,192,20.0,196.0,146.42076110839844,146.3359375,0.0848236083984375
s_bird_117,resnet50_tl_20250829,8,4,16,196,20.0,200.0,146.42076110839844,146.44776916503906,-0.027008056640625
s_bird_117,resnet50_tl_20250829,8,4,16,200,20.0,204.0,146.42076110839844,146.48902893066406,-0.068267822265625
s_bird_117,resnet50_tl_20250829,8,4,16,204,20.0,208.0,146.42076110839844,146.29330444335938,0.1274566650390625
s_bird_117,resnet50_tl_20250829,8,4,16,208,20.0,212.0,146.42076110839844,146.239501953125,0.1812591552734375
s_bird_117,resnet50_tl_20250829,8,4,16,212,20.0,216.0,146.42076110839844,146.28106689453125,0.1396942138671875
s_bird_117,resnet50_tl_20250829,8,4,16,216,20.0,220.0,146.42076110839844,146.3286590576172,0.09210205078125
s_bird_117,resnet50_tl_20250829,8,4,20,0,24.0,4.0,146.42076110839844,146.3351287841797,0.08563232421875
s_bird_117,resnet50_tl_20250829,8,4,20,4,24.0,8.0,146.42076110839844,146.2598876953125,0.1608734130859375
s_bird_117,resnet50_tl_20250829,8,4,20,8,24.0,12.0,146.42076110839844,146.37034606933594,0.0504150390625
s_bird_117,resnet50_tl_20250829,8,4,20,12,24.0,16.0,146.42076110839844,146.34002685546875,0.0807342529296875
s_bird_117,resnet50_tl_20250829,8,4,20,16,24.0,20.0,146.42076110839844,146.29432678222656,0.126434326171875
s_bird_117,resnet50_tl_20250829,8,4,20,20,24.0,24.0,146.42076110839844,146.24530029296875,0.1754608154296875
s_bird_117,resnet50_tl_20250829,8,4,20,24,24.0,28.0,146.42076110839844,146.272705078125,0.1480560302734375
s_bird_117,resnet50_tl_20250829,8,4,20,28,24.0,32.0,146.42076110839844,146.2599334716797,0.16082763671875
s_bird_117,resnet50_tl_20250829,8,4,20,32,24.0,36.0,146.42076110839844,146.27297973632812,0.1477813720703125
s_bird_117,resnet50_tl_20250829,8,4,20,36,24.0,40.0,146.42076110839844,146.2911376953125,0.1296234130859375
s_bird_117,resnet50_tl_20250829,8,4,20,40,24.0,44.0,146.42076110839844,146.22708129882812,0.1936798095703125
s_bird_117,resnet50_tl_20250829,8,4,20,44,24.0,48.0,146.42076110839844,146.23666381835938,0.1840972900390625
s_bird_117,resnet50_tl_20250829,8,4,20,48,24.0,52.0,146.42076110839844,146.28802490234375,0.1327362060546875
s_bird_117,resnet50_tl_20250829,8,4,20,52,24.0,56.0,146.42076110839844,146.3164520263672,0.10430908203125
s_bird_117,resnet50_tl_20250829,8,4,20,56,24.0,60.0,146.42076110839844,146.25668334960938,0.1640777587890625
s_bird_117,resnet50_tl_20250829,8,4,20,60,24.0,64.0,146.42076110839844,146.162353515625,0.2584075927734375
s_bird_117,resnet50_tl_20250829,8,4,20,64,24.0,68.0,146.42076110839844,146.33465576171875,0.0861053466796875
s_bird_117,resnet50_tl_20250829,8,4,20,68,24.0,72.0,146.42076110839844,146.35707092285156,0.063690185546875
s_bird_117,resnet50_tl_20250829,8,4,20,72,24.0,76.0,146.42076110839844,146.15457153320312,0.2661895751953125
s_bird_117,resnet50_tl_20250829,8,4,20,76,24.0,80.0,146.42076110839844,146.02943420410156,0.391326904296875
s_bird_117,resnet50_tl_20250829,8,4,20,80,24.0,84.0,146.42076110839844,146.15823364257812,0.2625274658203125
s_bird_117,resnet50_tl_20250829,8,4,20,84,24.0,88.0,146.42076110839844,146.13958740234375,0.2811737060546875
s_bird_117,resnet50_tl_20250829,8,4,20,88,24.0,92.0,146.42076110839844,146.27935791015625,0.1414031982421875
s_bird_117,resnet50_tl_20250829,8,4,20,92,24.0,96.0,146.42076110839844,146.20901489257812,0.2117462158203125
s_bird_117,resnet50_tl_20250829,8,4,20,96,24.0,100.0,146.42076110839844,146.3057098388672,0.11505126953125
s_bird_117,resnet50_tl_20250829,8,4,20,100,24.0,104.0,146.42076110839844,146.2525177001953,0.168243408203125
s_bird_117,resnet50_tl_20250829,8,4,20,104,24.0,108.0,146.42076110839844,146.228515625,0.1922454833984375
s_bird_117,resnet50_tl_20250829,8,4,20,108,24.0,112.0,146.42076110839844,146.167724609375,0.2530364990234375
s_bird_117,resnet50_tl_20250829,8,4,20,112,24.0,116.0,146.42076110839844,146.2195587158203,0.201202392578125
s_bird_117,resnet50_tl_20250829,8,4,20,116,24.0,120.0,146.42076110839844,146.31390380859375,0.1068572998046875
s_bird_117,resnet50_tl_20250829,8,4,20,120,24.0,124.0,146.42076110839844,146.31089782714844,0.10986328125
s_bird_117,resnet50_tl_20250829,8,4,20,124,24.0,128.0,146.42076110839844,146.27577209472656,0.144989013671875
s_bird_117,resnet50_tl_20250829,8,4,20,128,24.0,132.0,146.42076110839844,146.37342834472656,0.047332763671875
s_bird_117,resnet50_tl_20250829,8,4,20,132,24.0,136.0,146.42076110839844,146.34698486328125,0.0737762451171875
s_bird_117,resnet50_tl_20250829,8,4,20,136,24.0,140.0,146.42076110839844,146.4265899658203,-0.005828857421875
s_bird_117,resnet50_tl_20250829,8,4,20,140,24.0,144.0,146.42076110839844,146.49490356445312,-0.0741424560546875
s_bird_117,resnet50_tl_20250829,8,4,20,144,24.0,148.0,146.42076110839844,146.32310485839844,0.09765625
s_bird_117,resnet50_tl_20250829,8,4,20,148,24.0,152.0,146.42076110839844,146.24159240722656,0.179168701171875
s_bird_117,resnet50_tl_20250829,8,4,20,152,24.0,156.0,146.42076110839844,146.27545166015625,0.1453094482421875
s_bird_117,resnet50_tl_20250829,8,4,20,156,24.0,160.0,146.42076110839844,146.29342651367188,0.1273345947265625
s_bird_117,resnet50_tl_20250829,8,4,20,160,24.0,164.0,146.42076110839844,146.34231567382812,0.0784454345703125
s_bird_117,resnet50_tl_20250829,8,4,20,164,24.0,168.0,146.42076110839844,146.37486267089844,0.0458984375
s_bird_117,resnet50_tl_20250829,8,4,20,168,24.0,172.0,146.42076110839844,146.37464904785156,0.046112060546875
s_bird_117,resnet50_tl_20250829,8,4,20,172,24.0,176.0,146.42076110839844,146.3472442626953,0.073516845703125
s_bird_117,resnet50_tl_20250829,8,4,20,176,24.0,180.0,146.42076110839844,146.29351806640625,0.1272430419921875
s_bird_117,resnet50_tl_20250829,8,4,20,180,24.0,184.0,146.42076110839844,146.35284423828125,0.0679168701171875
s_bird_117,resnet50_tl_20250829,8,4,20,184,24.0,188.0,146.42076110839844,146.45458984375,-0.0338287353515625
s_bird_117,resnet50_tl_20250829,8,4,20,188,24.0,192.0,146.42076110839844,146.43170166015625,-0.0109405517578125
s_bird_117,resnet50_tl_20250829,8,4,20,192,24.0,196.0,146.42076110839844,146.58229064941406,-0.161529541015625
s_bird_117,resnet50_tl_20250829,8,4,20,196,24.0,200.0,146.42076110839844,146.5210723876953,-0.100311279296875
s_bird_117,resnet50_tl_20250829,8,4,20,200,24.0,204.0,146.42076110839844,146.5131072998047,-0.09234619140625
s_bird_117,resnet50_tl_20250829,8,4,20,204,24.0,208.0,146.42076110839844,146.46151733398438,-0.0407562255859375
s_bird_117,resnet50_tl_20250829,8,4,20,208,24.0,212.0,146.42076110839844,146.47044372558594,-0.0496826171875
s_bird_117,resnet50_tl_20250829,8,4,20,212,24.0,216.0,146.42076110839844,146.37071228027344,0.050048828125
s_bird_117,resnet50_tl_20250829,8,4,20,216,24.0,220.0,146.42076110839844,146.3276824951172,0.09307861328125
s_bird_117,resnet50_tl_20250829,8,4,24,0,28.0,4.0,146.42076110839844,146.19932556152344,0.221435546875
s_bird_117,resnet50_tl_20250829,8,4,24,4,28.0,8.0,146.42076110839844,146.2032470703125,0.2175140380859375
s_bird_117,resnet50_tl_20250829,8,4,24,8,28.0,12.0,146.42076110839844,146.2871551513672,0.13360595703125
s_bird_117,resnet50_tl_20250829,8,4,24,12,28.0,16.0,146.42076110839844,146.1465301513672,0.27423095703125
s_bird_117,resnet50_tl_20250829,8,4,24,16,28.0,20.0,146.42076110839844,146.13275146484375,0.2880096435546875
s_bird_117,resnet50_tl_20250829,8,4,24,20,28.0,24.0,146.42076110839844,146.11685180664062,0.3039093017578125
s_bird_117,resnet50_tl_20250829,8,4,24,24,28.0,28.0,146.42076110839844,146.134765625,0.2859954833984375
s_bird_117,resnet50_tl_20250829,8,4,24,28,28.0,32.0,146.42076110839844,145.9577178955078,0.463043212890625
s_bird_117,resnet50_tl_20250829,8,4,24,32,28.0,36.0,146.42076110839844,146.03530883789062,0.3854522705078125
s_bird_117,resnet50_tl_20250829,8,4,24,36,28.0,40.0,146.42076110839844,146.07965087890625,0.3411102294921875
s_bird_117,resnet50_tl_20250829,8,4,24,40,28.0,44.0,146.42076110839844,146.11099243164062,0.3097686767578125
s_bird_117,resnet50_tl_20250829,8,4,24,44,28.0,48.0,146.42076110839844,145.9351348876953,0.485626220703125
s_bird_117,resnet50_tl_20250829,8,4,24,48,28.0,52.0,146.42076110839844,146.02658081054688,0.3941802978515625
s_bird_117,resnet50_tl_20250829,8,4,24,52,28.0,56.0,146.42076110839844,145.98544311523438,0.4353179931640625
s_bird_117,resnet50_tl_20250829,8,4,24,56,28.0,60.0,146.42076110839844,146.2029266357422,0.21783447265625
s_bird_117,resnet50_tl_20250829,8,4,24,60,28.0,64.0,146.42076110839844,146.0543212890625,0.3664398193359375
s_bird_117,resnet50_tl_20250829,8,4,24,64,28.0,68.0,146.42076110839844,146.15164184570312,0.2691192626953125
s_bird_117,resnet50_tl_20250829,8,4,24,68,28.0,72.0,146.42076110839844,146.0382080078125,0.3825531005859375
s_bird_117,resnet50_tl_20250829,8,4,24,72,28.0,76.0,146.42076110839844,146.09463500976562,0.3261260986328125
s_bird_117,resnet50_tl_20250829,8,4,24,76,28.0,80.0,146.42076110839844,146.00209045410156,0.418670654296875
s_bird_117,resnet50_tl_20250829,8,4,24,80,28.0,84.0,146.42076110839844,146.01194763183594,0.4088134765625
s_bird_117,resnet50_tl_20250829,8,4,24,84,28.0,88.0,146.42076110839844,145.95721435546875,0.4635467529296875
s_bird_117,resnet50_tl_20250829,8,4,24,88,28.0,92.0,146.42076110839844,145.99789428710938,0.4228668212890625
s_bird_117,resnet50_tl_20250829,8,4,24,92,28.0,96.0,146.42076110839844,145.8874969482422,0.53326416015625
s_bird_117,resnet50_tl_20250829,8,4,24,96,28.0,100.0,146.42076110839844,146.01304626464844,0.40771484375
s_bird_117,resnet50_tl_20250829,8,4,24,100,28.0,104.0,146.42076110839844,146.04803466796875,0.3727264404296875
s_bird_117,resnet50_tl_20250829,8,4,24,104,28.0,108.0,146.42076110839844,145.97805786132812,0.4427032470703125
s_bird_117,resnet50_tl_20250829,8,4,24,108,28.0,112.0,146.42076110839844,146.10557556152344,0.315185546875
s_bird_117,resnet50_tl_20250829,8,4,24,112,28.0,116.0,146.42076110839844,146.08953857421875,0.3312225341796875
s_bird_117,resnet50_tl_20250829,8,4,24,116,28.0,120.0,146.42076110839844,146.13412475585938,0.2866363525390625
s_bird_117,resnet50_tl_20250829,8,4,24,120,28.0,124.0,146.42076110839844,146.16465759277344,0.256103515625
s_bird_117,resnet50_tl_20250829,8,4,24,124,28.0,128.0,146.42076110839844,146.23416137695312,0.1865997314453125
s_bird_117,resnet50_tl_20250829,8,4,24,128,28.0,132.0,146.42076110839844,146.3236083984375,0.0971527099609375
s_bird_117,resnet50_tl_20250829,8,4,24,132,28.0,136.0,146.42076110839844,146.30189514160156,0.118865966796875
s_bird_117,resnet50_tl_20250829,8,4,24,136,28.0,140.0,146.42076110839844,146.41094970703125,0.0098114013671875
s_bird_117,resnet50_tl_20250829,8,4,24,140,28.0,144.0,146.42076110839844,146.454833984375,-0.0340728759765625
s_bird_117,resnet50_tl_20250829,8,4,24,144,28.0,148.0,146.42076110839844,146.25588989257812,0.1648712158203125
s_bird_117,resnet50_tl_20250829,8,4,24,148,28.0,152.0,146.42076110839844,146.31581115722656,0.104949951171875
s_bird_117,resnet50_tl_20250829,8,4,24,152,28.0,156.0,146.42076110839844,146.2011260986328,0.219635009765625
s_bird_117,resnet50_tl_20250829,8,4,24,156,28.0,160.0,146.42076110839844,146.17434692382812,0.2464141845703125
s_bird_117,resnet50_tl_20250829,8,4,24,160,28.0,164.0,146.42076110839844,146.1868896484375,0.2338714599609375
s_bird_117,resnet50_tl_20250829,8,4,24,164,28.0,168.0,146.42076110839844,146.246826171875,0.1739349365234375
s_bird_117,resnet50_tl_20250829,8,4,24,168,28.0,172.0,146.42076110839844,146.31446838378906,0.106292724609375
s_bird_117,resnet50_tl_20250829,8,4,24,172,28.0,176.0,146.42076110839844,146.3132781982422,0.10748291015625
s_bird_117,resnet50_tl_20250829,8,4,24,176,28.0,180.0,146.42076110839844,146.26246643066406,0.158294677734375
s_bird_117,resnet50_tl_20250829,8,4,24,180,28.0,184.0,146.42076110839844,146.3406982421875,0.0800628662109375
s_bird_117,resnet50_tl_20250829,8,4,24,184,28.0,188.0,146.42076110839844,146.2894287109375,0.1313323974609375
s_bird_117,resnet50_tl_20250829,8,4,24,188,28.0,192.0,146.42076110839844,146.3287353515625,0.0920257568359375
s_bird_117,resnet50_tl_20250829,8,4,24,192,28.0,196.0,146.42076110839844,146.47576904296875,-0.0550079345703125
s_bird_117,resnet50_tl_20250829,8,4,24,196,28.0,200.0,146.42076110839844,146.43910217285156,-0.018341064453125
s_bird_117,resnet50_tl_20250829,8,4,24,200,28.0,204.0,146.42076110839844,146.50857543945312,-0.0878143310546875
s_bird_117,resnet50_tl_20250829,8,4,24,204,28.0,208.0,146.42076110839844,146.47918701171875,-0.0584259033203125
s_bird_117,resnet50_tl_20250829,8,4,24,208,28.0,212.0,146.42076110839844,146.4549102783203,-0.034149169921875
s_bird_117,resnet50_tl_20250829,8,4,24,212,28.0,216.0,146.42076110839844,146.36685180664062,0.0539093017578125
s_bird_117,resnet50_tl_20250829,8,4,24,216,28.0,220.0,146.42076110839844,146.35057067871094,0.0701904296875
s_bird_117,resnet50_tl_20250829,8,4,28,0,32.0,4.0,146.42076110839844,145.89242553710938,0.5283355712890625
s_bird_117,resnet50_tl_20250829,8,4,28,4,32.0,8.0,146.42076110839844,146.2316436767578,0.189117431640625
s_bird_117,resnet50_tl_20250829,8,4,28,8,32.0,12.0,146.42076110839844,146.328857421875,0.0919036865234375
s_bird_117,resnet50_tl_20250829,8,4,28,12,32.0,16.0,146.42076110839844,146.154541015625,0.2662200927734375
s_bird_117,resnet50_tl_20250829,8,4,28,16,32.0,20.0,146.42076110839844,146.0897216796875,0.3310394287109375
s_bird_117,resnet50_tl_20250829,8,4,28,20,32.0,24.0,146.42076110839844,146.2662811279297,0.15447998046875
s_bird_117,resnet50_tl_20250829,8,4,28,24,32.0,28.0,146.42076110839844,146.27920532226562,0.1415557861328125
s_bird_117,resnet50_tl_20250829,8,4,28,28,32.0,32.0,146.42076110839844,145.7799835205078,0.640777587890625
s_bird_117,resnet50_tl_20250829,8,4,28,32,32.0,36.0,146.42076110839844,145.8374481201172,0.58331298828125
s_bird_117,resnet50_tl_20250829,8,4,28,36,32.0,40.0,146.42076110839844,146.20425415039062,0.2165069580078125
s_bird_117,resnet50_tl_20250829,8,4,28,40,32.0,44.0,146.42076110839844,146.22377014160156,0.196990966796875
s_bird_117,resnet50_tl_20250829,8,4,28,44,32.0,48.0,146.42076110839844,145.77957153320312,0.6411895751953125
s_bird_117,resnet50_tl_20250829,8,4,28,48,32.0,52.0,146.42076110839844,145.75856018066406,0.662200927734375
s_bird_117,resnet50_tl_20250829,8,4,28,52,32.0,56.0,146.42076110839844,146.09127807617188,0.3294830322265625
s_bird_117,resnet50_tl_20250829,8,4,28,56,32.0,60.0,146.42076110839844,146.26234436035156,0.158416748046875
s_bird_117,resnet50_tl_20250829,8,4,28,60,32.0,64.0,146.42076110839844,145.9229736328125,0.4977874755859375
s_bird_117,resnet50_tl_20250829,8,4,28,64,32.0,68.0,146.42076110839844,145.92385864257812,0.4969024658203125
s_bird_117,resnet50_tl_20250829,8,4,28,68,32.0,72.0,146.42076110839844,146.13311767578125,0.2876434326171875
s_bird_117,resnet50_tl_20250829,8,4,28,72,32.0,76.0,146.42076110839844,146.15872192382812,0.2620391845703125
s_bird_117,resnet50_tl_20250829,8,4,28,76,32.0,80.0,146.42076110839844,145.8262481689453,0.594512939453125
s_bird_117,resnet50_tl_20250829,8,4,28,80,32.0,84.0,146.42076110839844,146.0005645751953,0.420196533203125
s_bird_117,resnet50_tl_20250829,8,4,28,84,32.0,88.0,146.42076110839844,146.0227508544922,0.39801025390625
s_bird_117,resnet50_tl_20250829,8,4,28,88,32.0,92.0,146.42076110839844,145.99436950683594,0.4263916015625
s_bird_117,resnet50_tl_20250829,8,4,28,92,32.0,96.0,146.42076110839844,145.87046813964844,0.55029296875
s_bird_117,resnet50_tl_20250829,8,4,28,96,32.0,100.0,146.42076110839844,145.894287109375,0.5264739990234375
s_bird_117,resnet50_tl_20250829,8,4,28,100,32.0,104.0,146.42076110839844,146.02102661132812,0.3997344970703125
s_bird_117,resnet50_tl_20250829,8,4,28,104,32.0,108.0,146.42076110839844,146.01220703125,0.4085540771484375
s_bird_117,resnet50_tl_20250829,8,4,28,108,32.0,112.0,146.42076110839844,145.8912353515625,0.5295257568359375
s_bird_117,resnet50_tl_20250829,8,4,28,112,32.0,116.0,146.42076110839844,145.931396484375,0.4893646240234375
s_bird_117,resnet50_tl_20250829,8,4,28,116,32.0,120.0,146.42076110839844,146.0711669921875,0.3495941162109375
s_bird_117,resnet50_tl_20250829,8,4,28,120,32.0,124.0,146.42076110839844,146.08099365234375,0.3397674560546875
s_bird_117,resnet50_tl_20250829,8,4,28,124,32.0,128.0,146.42076110839844,146.0904083251953,0.330352783203125
s_bird_117,resnet50_tl_20250829,8,4,28,128,32.0,132.0,146.42076110839844,146.1968536376953,0.223907470703125
s_bird_117,resnet50_tl_20250829,8,4,28,132,32.0,136.0,146.42076110839844,146.38648986816406,0.034271240234375
s_bird_117,resnet50_tl_20250829,8,4,28,136,32.0,140.0,146.42076110839844,146.45355224609375,-0.0327911376953125
s_bird_117,resnet50_tl_20250829,8,4,28,140,32.0,144.0,146.42076110839844,146.447509765625,-0.0267486572265625
s_bird_117,resnet50_tl_20250829,8,4,28,144,32.0,148.0,146.42076110839844,146.20664978027344,0.214111328125
s_bird_117,resnet50_tl_20250829,8,4,28,148,32.0,152.0,146.42076110839844,146.31350708007812,0.1072540283203125
s_bird_117,resnet50_tl_20250829,8,4,28,152,32.0,156.0,146.42076110839844,146.26736450195312,0.1533966064453125
s_bird_117,resnet50_tl_20250829,8,4,28,156,32.0,160.0,146.42076110839844,146.25743103027344,0.163330078125
s_bird_117,resnet50_tl_20250829,8,4,28,160,32.0,164.0,146.42076110839844,146.23658752441406,0.184173583984375
s_bird_117,resnet50_tl_20250829,8,4,28,164,32.0,168.0,146.42076110839844,146.223388671875,0.1973724365234375
s_bird_117,resnet50_tl_20250829,8,4,28,168,32.0,172.0,146.42076110839844,146.32931518554688,0.0914459228515625
s_bird_117,resnet50_tl_20250829,8,4,28,172,32.0,176.0,146.42076110839844,146.3546142578125,0.0661468505859375
s_bird_117,resnet50_tl_20250829,8,4,28,176,32.0,180.0,146.42076110839844,146.32650756835938,0.0942535400390625
s_bird_117,resnet50_tl_20250829,8,4,28,180,32.0,184.0,146.42076110839844,146.2427978515625,0.1779632568359375
s_bird_117,resnet50_tl_20250829,8,4,28,184,32.0,188.0,146.42076110839844,146.25357055664062,0.1671905517578125
s_bird_117,resnet50_tl_20250829,8,4,28,188,32.0,192.0,146.42076110839844,146.09072875976562,0.3300323486328125
s_bird_117,resnet50_tl_20250829,8,4,28,192,32.0,196.0,146.42076110839844,146.27801513671875,0.1427459716796875
s_bird_117,resnet50_tl_20250829,8,4,28,196,32.0,200.0,146.42076110839844,146.47891235351562,-0.0581512451171875
s_bird_117,resnet50_tl_20250829,8,4,28,200,32.0,204.0,146.42076110839844,146.54273986816406,-0.121978759765625
s_bird_117,resnet50_tl_20250829,8,4,28,204,32.0,208.0,146.42076110839844,146.41212463378906,0.008636474609375
s_bird_117,resnet50_tl_20250829,8,4,28,208,32.0,212.0,146.42076110839844,146.3743896484375,0.0463714599609375
s_bird_117,resnet50_tl_20250829,8,4,28,212,32.0,216.0,146.42076110839844,146.35787963867188,0.0628814697265625
s_bird_117,resnet50_tl_20250829,8,4,28,216,32.0,220.0,146.42076110839844,146.3721466064453,0.048614501953125
s_bird_117,resnet50_tl_20250829,8,4,32,0,36.0,4.0,146.42076110839844,146.00914001464844,0.41162109375
s_bird_117,resnet50_tl_20250829,8,4,32,4,36.0,8.0,146.42076110839844,146.19908142089844,0.2216796875
s_bird_117,resnet50_tl_20250829,8,4,32,8,36.0,12.0,146.42076110839844,146.31195068359375,0.1088104248046875
s_bird_117,resnet50_tl_20250829,8,4,32,12,36.0,16.0,146.42076110839844,146.07492065429688,0.3458404541015625
s_bird_117,resnet50_tl_20250829,8,4,32,16,36.0,20.0,146.42076110839844,146.0875244140625,0.3332366943359375
s_bird_117,resnet50_tl_20250829,8,4,32,20,36.0,24.0,146.42076110839844,146.12745666503906,0.293304443359375
s_bird_117,resnet50_tl_20250829,8,4,32,24,36.0,28.0,146.42076110839844,146.22486877441406,0.195892333984375
s_bird_117,resnet50_tl_20250829,8,4,32,28,36.0,32.0,146.42076110839844,145.8090362548828,0.611724853515625
s_bird_117,resnet50_tl_20250829,8,4,32,32,36.0,36.0,146.42076110839844,145.9168243408203,0.503936767578125
s_bird_117,resnet50_tl_20250829,8,4,32,36,36.0,40.0,146.42076110839844,146.13050842285156,0.290252685546875
s_bird_117,resnet50_tl_20250829,8,4,32,40,36.0,44.0,146.42076110839844,146.22671508789062,0.1940460205078125
s_bird_117,resnet50_tl_20250829,8,4,32,44,36.0,48.0,146.42076110839844,145.732666015625,0.6880950927734375
s_bird_117,resnet50_tl_20250829,8,4,32,48,36.0,52.0,146.42076110839844,145.81820678710938,0.6025543212890625
s_bird_117,resnet50_tl_20250829,8,4,32,52,36.0,56.0,146.42076110839844,146.07630920410156,0.344451904296875
s_bird_117,resnet50_tl_20250829,8,4,32,56,36.0,60.0,146.42076110839844,146.1905059814453,0.230255126953125
s_bird_117,resnet50_tl_20250829,8,4,32,60,36.0,64.0,146.42076110839844,145.81759643554688,0.6031646728515625
s_bird_117,resnet50_tl_20250829,8,4,32,64,36.0,68.0,146.42076110839844,145.73114013671875,0.6896209716796875
s_bird_117,resnet50_tl_20250829,8,4,32,68,36.0,72.0,146.42076110839844,146.12625122070312,0.2945098876953125
s_bird_117,resnet50_tl_20250829,8,4,32,72,36.0,76.0,146.42076110839844,146.38902282714844,0.03173828125
s_bird_117,resnet50_tl_20250829,8,4,32,76,36.0,80.0,146.42076110839844,146.11996459960938,0.3007965087890625
s_bird_117,resnet50_tl_20250829,8,4,32,80,36.0,84.0,146.42076110839844,146.13619995117188,0.2845611572265625
s_bird_117,resnet50_tl_20250829,8,4,32,84,36.0,88.0,146.42076110839844,146.2012481689453,0.219512939453125
s_bird_117,resnet50_tl_20250829,8,4,32,88,36.0,92.0,146.42076110839844,146.02896118164062,0.3917999267578125
s_bird_117,resnet50_tl_20250829,8,4,32,92,36.0,96.0,146.42076110839844,146.08718872070312,0.3335723876953125
s_bird_117,resnet50_tl_20250829,8,4,32,96,36.0,100.0,146.42076110839844,146.11947631835938,0.3012847900390625
s_bird_117,resnet50_tl_20250829,8,4,32,100,36.0,104.0,146.42076110839844,146.2341766357422,0.18658447265625
s_bird_117,resnet50_tl_20250829,8,4,32,104,36.0,108.0,146.42076110839844,146.30133056640625,0.1194305419921875
s_bird_117,resnet50_tl_20250829,8,4,32,108,36.0,112.0,146.42076110839844,146.13330078125,0.2874603271484375
s_bird_117,resnet50_tl_20250829,8,4,32,112,36.0,116.0,146.42076110839844,146.142578125,0.2781829833984375
s_bird_117,resnet50_tl_20250829,8,4,32,116,36.0,120.0,146.42076110839844,146.28016662597656,0.140594482421875
s_bird_117,resnet50_tl_20250829,8,4,32,120,36.0,124.0,146.42076110839844,146.1976318359375,0.2231292724609375
s_bird_117,resnet50_tl_20250829,8,4,32,124,36.0,128.0,146.42076110839844,146.10330200195312,0.3174591064453125
s_bird_117,resnet50_tl_20250829,8,4,32,128,36.0,132.0,146.42076110839844,146.15921020507812,0.2615509033203125
s_bird_117,resnet50_tl_20250829,8,4,32,132,36.0,136.0,146.42076110839844,146.33297729492188,0.0877838134765625
s_bird_117,resnet50_tl_20250829,8,4,32,136,36.0,140.0,146.42076110839844,146.41647338867188,0.0042877197265625
s_bird_117,resnet50_tl_20250829,8,4,32,140,36.0,144.0,146.42076110839844,146.3446502685547,0.07611083984375
s_bird_117,resnet50_tl_20250829,8,4,32,144,36.0,148.0,146.42076110839844,146.29183959960938,0.1289215087890625
s_bird_117,resnet50_tl_20250829,8,4,32,148,36.0,152.0,146.42076110839844,146.2970428466797,0.12371826171875
s_bird_117,resnet50_tl_20250829,8,4,32,152,36.0,156.0,146.42076110839844,146.29566955566406,0.125091552734375
s_bird_117,resnet50_tl_20250829,8,4,32,156,36.0,160.0,146.42076110839844,146.32150268554688,0.0992584228515625
s_bird_117,resnet50_tl_20250829,8,4,32,160,36.0,164.0,146.42076110839844,146.25357055664062,0.1671905517578125
s_bird_117,resnet50_tl_20250829,8,4,32,164,36.0,168.0,146.42076110839844,146.2432403564453,0.177520751953125
s_bird_117,resnet50_tl_20250829,8,4,32,168,36.0,172.0,146.42076110839844,146.28213500976562,0.1386260986328125
s_bird_117,resnet50_tl_20250829,8,4,32,172,36.0,176.0,146.42076110839844,146.27264404296875,0.1481170654296875
s_bird_117,resnet50_tl_20250829,8,4,32,176,36.0,180.0,146.42076110839844,146.2843475341797,0.13641357421875
s_bird_117,resnet50_tl_20250829,8,4,32,180,36.0,184.0,146.42076110839844,146.3023223876953,0.118438720703125
s_bird_117,resnet50_tl_20250829,8,4,32,184,36.0,188.0,146.42076110839844,146.3593292236328,0.061431884765625
s_bird_117,resnet50_tl_20250829,8,4,32,188,36.0,192.0,146.42076110839844,146.22317504882812,0.1975860595703125
s_bird_117,resnet50_tl_20250829,8,4,32,192,36.0,196.0,146.42076110839844,146.18145751953125,0.2393035888671875
s_bird_117,resnet50_tl_20250829,8,4,32,196,36.0,200.0,146.42076110839844,146.36279296875,0.0579681396484375
s_bird_117,resnet50_tl_20250829,8,4,32,200,36.0,204.0,146.42076110839844,146.4931640625,-0.0724029541015625
s_bird_117,resnet50_tl_20250829,8,4,32,204,36.0,208.0,146.42076110839844,146.3865966796875,0.0341644287109375
s_bird_117,resnet50_tl_20250829,8,4,32,208,36.0,212.0,146.42076110839844,146.39170837402344,0.029052734375
s_bird_117,resnet50_tl_20250829,8,4,32,212,36.0,216.0,146.42076110839844,146.37193298339844,0.048828125
s_bird_117,resnet50_tl_20250829,8,4,32,216,36.0,220.0,146.42076110839844,146.3994598388672,0.02130126953125
s_bird_117,resnet50_tl_20250829,8,4,36,0,40.0,4.0,146.42076110839844,146.32420349121094,0.0965576171875
s_bird_117,resnet50_tl_20250829,8,4,36,4,40.0,8.0,146.42076110839844,146.28988647460938,0.1308746337890625
s_bird_117,resnet50_tl_20250829,8,4,36,8,40.0,12.0,146.42076110839844,146.31674194335938,0.1040191650390625
s_bird_117,resnet50_tl_20250829,8,4,36,12,40.0,16.0,146.42076110839844,146.34344482421875,0.0773162841796875
s_bird_117,resnet50_tl_20250829,8,4,36,16,40.0,20.0,146.42076110839844,146.30593872070312,0.1148223876953125
s_bird_117,resnet50_tl_20250829,8,4,36,20,40.0,24.0,146.42076110839844,146.27725219726562,0.1435089111328125
s_bird_117,resnet50_tl_20250829,8,4,36,24,40.0,28.0,146.42076110839844,146.30360412597656,0.117156982421875
s_bird_117,resnet50_tl_20250829,8,4,36,28,40.0,32.0,146.42076110839844,146.28953552246094,0.1312255859375
s_bird_117,resnet50_tl_20250829,8,4,36,32,40.0,36.0,146.42076110839844,146.34786987304688,0.0728912353515625
s_bird_117,resnet50_tl_20250829,8,4,36,36,40.0,40.0,146.42076110839844,146.34585571289062,0.0749053955078125
s_bird_117,resnet50_tl_20250829,8,4,36,40,40.0,44.0,146.42076110839844,146.25270080566406,0.168060302734375
s_bird_117,resnet50_tl_20250829,8,4,36,44,40.0,48.0,146.42076110839844,146.20416259765625,0.2165985107421875
s_bird_117,resnet50_tl_20250829,8,4,36,48,40.0,52.0,146.42076110839844,146.30670166015625,0.1140594482421875
s_bird_117,resnet50_tl_20250829,8,4,36,52,40.0,56.0,146.42076110839844,146.28829956054688,0.1324615478515625
s_bird_117,resnet50_tl_20250829,8,4,36,56,40.0,60.0,146.42076110839844,146.0989990234375,0.3217620849609375
s_bird_117,resnet50_tl_20250829,8,4,36,60,40.0,64.0,146.42076110839844,146.03294372558594,0.3878173828125
s_bird_117,resnet50_tl_20250829,8,4,36,64,40.0,68.0,146.42076110839844,146.19444274902344,0.226318359375
s_bird_117,resnet50_tl_20250829,8,4,36,68,40.0,72.0,146.42076110839844,146.3651885986328,0.055572509765625
s_bird_117,resnet50_tl_20250829,8,4,36,72,40.0,76.0,146.42076110839844,146.41151428222656,0.009246826171875
s_bird_117,resnet50_tl_20250829,8,4,36,76,40.0,80.0,146.42076110839844,146.34800720214844,0.07275390625
s_bird_117,resnet50_tl_20250829,8,4,36,80,40.0,84.0,146.42076110839844,146.3173065185547,0.10345458984375
s_bird_117,resnet50_tl_20250829,8,4,36,84,40.0,88.0,146.42076110839844,146.3023681640625,0.1183929443359375
s_bird_117,resnet50_tl_20250829,8,4,36,88,40.0,92.0,146.42076110839844,146.23284912109375,0.1879119873046875
s_bird_117,resnet50_tl_20250829,8,4,36,92,40.0,96.0,146.42076110839844,146.1985626220703,0.222198486328125
s_bird_117,resnet50_tl_20250829,8,4,36,96,40.0,100.0,146.42076110839844,146.2130126953125,0.2077484130859375
s_bird_117,resnet50_tl_20250829,8,4,36,100,40.0,104.0,146.42076110839844,146.18258666992188,0.2381744384765625
s_bird_117,resnet50_tl_20250829,8,4,36,104,40.0,108.0,146.42076110839844,146.23849487304688,0.1822662353515625
s_bird_117,resnet50_tl_20250829,8,4,36,108,40.0,112.0,146.42076110839844,146.18453979492188,0.2362213134765625
s_bird_117,resnet50_tl_20250829,8,4,36,112,40.0,116.0,146.42076110839844,146.1823272705078,0.238433837890625
s_bird_117,resnet50_tl_20250829,8,4,36,116,40.0,120.0,146.42076110839844,146.17645263671875,0.2443084716796875
s_bird_117,resnet50_tl_20250829,8,4,36,120,40.0,124.0,146.42076110839844,146.1667938232422,0.25396728515625
s_bird_117,resnet50_tl_20250829,8,4,36,124,40.0,128.0,146.42076110839844,146.20677185058594,0.2139892578125
s_bird_117,resnet50_tl_20250829,8,4,36,128,40.0,132.0,146.42076110839844,146.33274841308594,0.0880126953125
s_bird_117,resnet50_tl_20250829,8,4,36,132,40.0,136.0,146.42076110839844,146.41612243652344,0.004638671875
s_bird_117,resnet50_tl_20250829,8,4,36,136,40.0,140.0,146.42076110839844,146.37066650390625,0.0500946044921875
s_bird_117,resnet50_tl_20250829,8,4,36,140,40.0,144.0,146.42076110839844,146.51950073242188,-0.0987396240234375
s_bird_117,resnet50_tl_20250829,8,4,36,144,40.0,148.0,146.42076110839844,146.5253448486328,-0.104583740234375
s_bird_117,resnet50_tl_20250829,8,4,36,148,40.0,152.0,146.42076110839844,146.36294555664062,0.0578155517578125
s_bird_117,resnet50_tl_20250829,8,4,36,152,40.0,156.0,146.42076110839844,146.27328491210938,0.1474761962890625
s_bird_117,resnet50_tl_20250829,8,4,36,156,40.0,160.0,146.42076110839844,146.30308532714844,0.11767578125
s_bird_117,resnet50_tl_20250829,8,4,36,160,40.0,164.0,146.42076110839844,146.14064025878906,0.280120849609375
s_bird_117,resnet50_tl_20250829,8,4,36,164,40.0,168.0,146.42076110839844,146.24209594726562,0.1786651611328125
s_bird_117,resnet50_tl_20250829,8,4,36,168,40.0,172.0,146.42076110839844,146.34677124023438,0.0739898681640625
s_bird_117,resnet50_tl_20250829,8,4,36,172,40.0,176.0,146.42076110839844,146.2449493408203,0.175811767578125
s_bird_117,resnet50_tl_20250829,8,4,36,176,40.0,180.0,146.42076110839844,146.42672729492188,-0.0059661865234375
s_bird_117,resnet50_tl_20250829,8,4,36,180,40.0,184.0,146.42076110839844,146.43649291992188,-0.0157318115234375
s_bird_117,resnet50_tl_20250829,8,4,36,184,40.0,188.0,146.42076110839844,146.4744110107422,-0.05364990234375
s_bird_117,resnet50_tl_20250829,8,4,36,188,40.0,192.0,146.42076110839844,146.4411163330078,-0.020355224609375
s_bird_117,resnet50_tl_20250829,8,4,36,192,40.0,196.0,146.42076110839844,146.428466796875,-0.0077056884765625
s_bird_117,resnet50_tl_20250829,8,4,36,196,40.0,200.0,146.42076110839844,146.36090087890625,0.0598602294921875
s_bird_117,resnet50_tl_20250829,8,4,36,200,40.0,204.0,146.42076110839844,146.4420623779297,-0.02130126953125
s_bird_117,resnet50_tl_20250829,8,4,36,204,40.0,208.0,146.42076110839844,146.4776153564453,-0.056854248046875
s_bird_117,resnet50_tl_20250829,8,4,36,208,40.0,212.0,146.42076110839844,146.4951171875,-0.0743560791015625
s_bird_117,resnet50_tl_20250829,8,4,36,212,40.0,216.0,146.42076110839844,146.4390106201172,-0.01824951171875
s_bird_117,resnet50_tl_20250829,8,4,36,216,40.0,220.0,146.42076110839844,146.38681030273438,0.0339508056640625
s_bird_117,resnet50_tl_20250829,8,4,40,0,44.0,4.0,146.42076110839844,146.39120483398438,0.0295562744140625
s_bird_117,resnet50_tl_20250829,8,4,40,4,44.0,8.0,146.42076110839844,146.2989959716797,0.12176513671875
s_bird_117,resnet50_tl_20250829,8,4,40,8,44.0,12.0,146.42076110839844,146.28269958496094,0.1380615234375
s_bird_117,resnet50_tl_20250829,8,4,40,12,44.0,16.0,146.42076110839844,146.2035369873047,0.21722412109375
s_bird_117,resnet50_tl_20250829,8,4,40,16,44.0,20.0,146.42076110839844,146.22767639160156,0.193084716796875
s_bird_117,resnet50_tl_20250829,8,4,40,20,44.0,24.0,146.42076110839844,146.15377807617188,0.2669830322265625
s_bird_117,resnet50_tl_20250829,8,4,40,24,44.0,28.0,146.42076110839844,146.16934204101562,0.2514190673828125
s_bird_117,resnet50_tl_20250829,8,4,40,28,44.0,32.0,146.42076110839844,145.96969604492188,0.4510650634765625
s_bird_117,resnet50_tl_20250829,8,4,40,32,44.0,36.0,146.42076110839844,146.09268188476562,0.3280792236328125
s_bird_117,resnet50_tl_20250829,8,4,40,36,44.0,40.0,146.42076110839844,146.07656860351562,0.3441925048828125
s_bird_117,resnet50_tl_20250829,8,4,40,40,44.0,44.0,146.42076110839844,146.2093505859375,0.2114105224609375
s_bird_117,resnet50_tl_20250829,8,4,40,44,44.0,48.0,146.42076110839844,146.02394104003906,0.396820068359375
s_bird_117,resnet50_tl_20250829,8,4,40,48,44.0,52.0,146.42076110839844,146.085205078125,0.3355560302734375
s_bird_117,resnet50_tl_20250829,8,4,40,52,44.0,56.0,146.42076110839844,146.02256774902344,0.398193359375
s_bird_117,resnet50_tl_20250829,8,4,40,56,44.0,60.0,146.42076110839844,146.08670043945312,0.3340606689453125
s_bird_117,resnet50_tl_20250829,8,4,40,60,44.0,64.0,146.42076110839844,146.15184020996094,0.2689208984375
s_bird_117,resnet50_tl_20250829,8,4,40,64,44.0,68.0,146.42076110839844,146.24911499023438,0.1716461181640625
s_bird_117,resnet50_tl_20250829,8,4,40,68,44.0,72.0,146.42076110839844,146.14422607421875,0.2765350341796875
s_bird_117,resnet50_tl_20250829,8,4,40,72,44.0,76.0,146.42076110839844,146.2347869873047,0.18597412109375
s_bird_117,resnet50_tl_20250829,8,4,40,76,44.0,80.0,146.42076110839844,146.35923767089844,0.0615234375
s_bird_117,resnet50_tl_20250829,8,4,40,80,44.0,84.0,146.42076110839844,146.34483337402344,0.075927734375
s_bird_117,resnet50_tl_20250829,8,4,40,84,44.0,88.0,146.42076110839844,146.23104858398438,0.1897125244140625
s_bird_117,resnet50_tl_20250829,8,4,40,88,44.0,92.0,146.42076110839844,146.1724395751953,0.248321533203125
s_bird_117,resnet50_tl_20250829,8,4,40,92,44.0,96.0,146.42076110839844,146.09719848632812,0.3235626220703125
s_bird_117,resnet50_tl_20250829,8,4,40,96,44.0,100.0,146.42076110839844,146.156005859375,0.2647552490234375
s_bird_117,resnet50_tl_20250829,8,4,40,100,44.0,104.0,146.42076110839844,146.10386657714844,0.31689453125
s_bird_117,resnet50_tl_20250829,8,4,40,104,44.0,108.0,146.42076110839844,146.12783813476562,0.2929229736328125
s_bird_117,resnet50_tl_20250829,8,4,40,108,44.0,112.0,146.42076110839844,146.13101196289062,0.2897491455078125
s_bird_117,resnet50_tl_20250829,8,4,40,112,44.0,116.0,146.42076110839844,146.1297607421875,0.2910003662109375
s_bird_117,resnet50_tl_20250829,8,4,40,116,44.0,120.0,146.42076110839844,146.14157104492188,0.2791900634765625
s_bird_117,resnet50_tl_20250829,8,4,40,120,44.0,124.0,146.42076110839844,146.188232421875,0.2325286865234375
s_bird_117,resnet50_tl_20250829,8,4,40,124,44.0,128.0,146.42076110839844,146.22833251953125,0.1924285888671875
s_bird_117,resnet50_tl_20250829,8,4,40,128,44.0,132.0,146.42076110839844,146.3434295654297,0.07733154296875
s_bird_117,resnet50_tl_20250829,8,4,40,132,44.0,136.0,146.42076110839844,146.3122100830078,0.108551025390625
s_bird_117,resnet50_tl_20250829,8,4,40,136,44.0,140.0,146.42076110839844,146.4197540283203,0.001007080078125
s_bird_117,resnet50_tl_20250829,8,4,40,140,44.0,144.0,146.42076110839844,146.3801727294922,0.04058837890625
s_bird_117,resnet50_tl_20250829,8,4,40,144,44.0,148.0,146.42076110839844,146.33261108398438,0.0881500244140625
s_bird_117,resnet50_tl_20250829,8,4,40,148,44.0,152.0,146.42076110839844,146.31124877929688,0.1095123291015625
s_bird_117,resnet50_tl_20250829,8,4,40,152,44.0,156.0,146.42076110839844,146.37481689453125,0.0459442138671875
s_bird_117,resnet50_tl_20250829,8,4,40,156,44.0,160.0,146.42076110839844,146.3335723876953,0.087188720703125
s_bird_117,resnet50_tl_20250829,8,4,40,160,44.0,164.0,146.42076110839844,146.31106567382812,0.1096954345703125
s_bird_117,resnet50_tl_20250829,8,4,40,164,44.0,168.0,146.42076110839844,146.3182830810547,0.10247802734375
s_bird_117,resnet50_tl_20250829,8,4,40,168,44.0,172.0,146.42076110839844,146.3779296875,0.0428314208984375
s_bird_117,resnet50_tl_20250829,8,4,40,172,44.0,176.0,146.42076110839844,146.432861328125,-0.0121002197265625
s_bird_117,resnet50_tl_20250829,8,4,40,176,44.0,180.0,146.42076110839844,146.50450134277344,-0.083740234375
s_bird_117,resnet50_tl_20250829,8,4,40,180,44.0,184.0,146.42076110839844,146.54296875,-0.1222076416015625
s_bird_117,resnet50_tl_20250829,8,4,40,184,44.0,188.0,146.42076110839844,146.56497192382812,-0.1442108154296875
s_bird_117,resnet50_tl_20250829,8,4,40,188,44.0,192.0,146.42076110839844,146.47166442871094,-0.0509033203125
s_bird_117,resnet50_tl_20250829,8,4,40,192,44.0,196.0,146.42076110839844,146.42654418945312,-0.0057830810546875
s_bird_117,resnet50_tl_20250829,8,4,40,196,44.0,200.0,146.42076110839844,146.2691650390625,0.1515960693359375
s_bird_117,resnet50_tl_20250829,8,4,40,200,44.0,204.0,146.42076110839844,146.36451721191406,0.056243896484375
s_bird_117,resnet50_tl_20250829,8,4,40,204,44.0,208.0,146.42076110839844,146.39691162109375,0.0238494873046875
s_bird_117,resnet50_tl_20250829,8,4,40,208,44.0,212.0,146.42076110839844,146.47442626953125,-0.0536651611328125
s_bird_117,resnet50_tl_20250829,8,4,40,212,44.0,216.0,146.42076110839844,146.42864990234375,-0.0078887939453125
s_bird_117,resnet50_tl_20250829,8,4,40,216,44.0,220.0,146.42076110839844,146.4060821533203,0.014678955078125
s_bird_117,resnet50_tl_20250829,8,4,44,0,48.0,4.0,146.42076110839844,146.2861328125,0.1346282958984375
s_bird_117,resnet50_tl_20250829,8,4,44,4,48.0,8.0,146.42076110839844,146.38107299804688,0.0396881103515625
s_bird_117,resnet50_tl_20250829,8,4,44,8,48.0,12.0,146.42076110839844,146.2928466796875,0.1279144287109375
s_bird_117,resnet50_tl_20250829,8,4,44,12,48.0,16.0,146.42076110839844,146.33103942871094,0.0897216796875
s_bird_117,resnet50_tl_20250829,8,4,44,16,48.0,20.0,146.42076110839844,146.2476043701172,0.17315673828125
s_bird_117,resnet50_tl_20250829,8,4,44,20,48.0,24.0,146.42076110839844,146.3105010986328,0.110260009765625
s_bird_117,resnet50_tl_20250829,8,4,44,24,48.0,28.0,146.42076110839844,146.26034545898438,0.1604156494140625
s_bird_117,resnet50_tl_20250829,8,4,44,28,48.0,32.0,146.42076110839844,145.7230682373047,0.69769287109375
s_bird_117,resnet50_tl_20250829,8,4,44,32,48.0,36.0,146.42076110839844,145.80397033691406,0.616790771484375
s_bird_117,resnet50_tl_20250829,8,4,44,36,48.0,40.0,146.42076110839844,146.10427856445312,0.3164825439453125
s_bird_117,resnet50_tl_20250829,8,4,44,40,48.0,44.0,146.42076110839844,146.22634887695312,0.1944122314453125
s_bird_117,resnet50_tl_20250829,8,4,44,44,48.0,48.0,146.42076110839844,145.89132690429688,0.5294342041015625
s_bird_117,resnet50_tl_20250829,8,4,44,48,48.0,52.0,146.42076110839844,145.87588500976562,0.5448760986328125
s_bird_117,resnet50_tl_20250829,8,4,44,52,48.0,56.0,146.42076110839844,146.0017852783203,0.418975830078125
s_bird_117,resnet50_tl_20250829,8,4,44,56,48.0,60.0,146.42076110839844,146.34568786621094,0.0750732421875
s_bird_117,resnet50_tl_20250829,8,4,44,60,48.0,64.0,146.42076110839844,146.29641723632812,0.1243438720703125
s_bird_117,resnet50_tl_20250829,8,4,44,64,48.0,68.0,146.42076110839844,146.2091827392578,0.211578369140625
s_bird_117,resnet50_tl_20250829,8,4,44,68,48.0,72.0,146.42076110839844,146.3805694580078,0.040191650390625
s_bird_117,resnet50_tl_20250829,8,4,44,72,48.0,76.0,146.42076110839844,146.33218383789062,0.0885772705078125
s_bird_117,resnet50_tl_20250829,8,4,44,76,48.0,80.0,146.42076110839844,146.20884704589844,0.2119140625
s_bird_117,resnet50_tl_20250829,8,4,44,80,48.0,84.0,146.42076110839844,146.14793395996094,0.2728271484375
s_bird_117,resnet50_tl_20250829,8,4,44,84,48.0,88.0,146.42076110839844,146.18577575683594,0.2349853515625
s_bird_117,resnet50_tl_20250829,8,4,44,88,48.0,92.0,146.42076110839844,146.1332244873047,0.28753662109375
s_bird_117,resnet50_tl_20250829,8,4,44,92,48.0,96.0,146.42076110839844,146.09512329101562,0.3256378173828125
s_bird_117,resnet50_tl_20250829,8,4,44,96,48.0,100.0,146.42076110839844,146.13253784179688,0.2882232666015625
s_bird_117,resnet50_tl_20250829,8,4,44,100,48.0,104.0,146.42076110839844,146.16676330566406,0.253997802734375
s_bird_117,resnet50_tl_20250829,8,4,44,104,48.0,108.0,146.42076110839844,146.14340209960938,0.2773590087890625
s_bird_117,resnet50_tl_20250829,8,4,44,108,48.0,112.0,146.42076110839844,146.1730499267578,0.247711181640625
s_bird_117,resnet50_tl_20250829,8,4,44,112,48.0,116.0,146.42076110839844,146.16049194335938,0.2602691650390625
s_bird_117,resnet50_tl_20250829,8,4,44,116,48.0,120.0,146.42076110839844,146.16558837890625,0.2551727294921875
s_bird_117,resnet50_tl_20250829,8,4,44,120,48.0,124.0,146.42076110839844,146.1524200439453,0.268341064453125
s_bird_117,resnet50_tl_20250829,8,4,44,124,48.0,128.0,146.42076110839844,146.18807983398438,0.2326812744140625
s_bird_117,resnet50_tl_20250829,8,4,44,128,48.0,132.0,146.42076110839844,146.22987365722656,0.190887451171875
s_bird_117,resnet50_tl_20250829,8,4,44,132,48.0,136.0,146.42076110839844,146.24818420410156,0.172576904296875
s_bird_117,resnet50_tl_20250829,8,4,44,136,48.0,140.0,146.42076110839844,146.39004516601562,0.0307159423828125
s_bird_117,resnet50_tl_20250829,8,4,44,140,48.0,144.0,146.42076110839844,146.4117889404297,0.00897216796875
s_bird_117,resnet50_tl_20250829,8,4,44,144,48.0,148.0,146.42076110839844,146.50100708007812,-0.0802459716796875
s_bird_117,resnet50_tl_20250829,8,4,44,148,48.0,152.0,146.42076110839844,146.5203094482422,-0.09954833984375
s_bird_117,resnet50_tl_20250829,8,4,44,152,48.0,156.0,146.42076110839844,146.55023193359375,-0.1294708251953125
s_bird_117,resnet50_tl_20250829,8,4,44,156,48.0,160.0,146.42076110839844,146.35955810546875,0.0612030029296875
s_bird_117,resnet50_tl_20250829,8,4,44,160,48.0,164.0,146.42076110839844,146.48365783691406,-0.062896728515625
s_bird_117,resnet50_tl_20250829,8,4,44,164,48.0,168.0,146.42076110839844,146.4186553955078,0.002105712890625
s_bird_117,resnet50_tl_20250829,8,4,44,168,48.0,172.0,146.42076110839844,146.45346069335938,-0.0326995849609375
s_bird_117,resnet50_tl_20250829,8,4,44,172,48.0,176.0,146.42076110839844,146.44117736816406,-0.020416259765625
s_bird_117,resnet50_tl_20250829,8,4,44,176,48.0,180.0,146.42076110839844,146.3966522216797,0.02410888671875
s_bird_117,resnet50_tl_20250829,8,4,44,180,48.0,184.0,146.42076110839844,146.46783447265625,-0.0470733642578125
s_bird_117,resnet50_tl_20250829,8,4,44,184,48.0,188.0,146.42076110839844,146.6092071533203,-0.188446044921875
s_bird_117,resnet50_tl_20250829,8,4,44,188,48.0,192.0,146.42076110839844,146.6278076171875,-0.2070465087890625
s_bird_117,resnet50_tl_20250829,8,4,44,192,48.0,196.0,146.42076110839844,146.5501251220703,-0.129364013671875
s_bird_117,resnet50_tl_20250829,8,4,44,196,48.0,200.0,146.42076110839844,146.32302856445312,0.0977325439453125
s_bird_117,resnet50_tl_20250829,8,4,44,200,48.0,204.0,146.42076110839844,146.30126953125,0.1194915771484375
s_bird_117,resnet50_tl_20250829,8,4,44,204,48.0,208.0,146.42076110839844,146.35162353515625,0.0691375732421875
s_bird_117,resnet50_tl_20250829,8,4,44,208,48.0,212.0,146.42076110839844,146.42813110351562,-0.0073699951171875
s_bird_117,resnet50_tl_20250829,8,4,44,212,48.0,216.0,146.42076110839844,146.43429565429688,-0.0135345458984375
s_bird_117,resnet50_tl_20250829,8,4,44,216,48.0,220.0,146.42076110839844,146.40904235839844,0.01171875
s_bird_117,resnet50_tl_20250829,8,4,48,0,52.0,4.0,146.42076110839844,146.28927612304688,0.1314849853515625
s_bird_117,resnet50_tl_20250829,8,4,48,4,52.0,8.0,146.42076110839844,146.34300231933594,0.0777587890625
s_bird_117,resnet50_tl_20250829,8,4,48,8,52.0,12.0,146.42076110839844,146.30520629882812,0.1155548095703125
s_bird_117,resnet50_tl_20250829,8,4,48,12,52.0,16.0,146.42076110839844,146.18341064453125,0.2373504638671875
s_bird_117,resnet50_tl_20250829,8,4,48,16,52.0,20.0,146.42076110839844,146.20913696289062,0.2116241455078125
s_bird_117,resnet50_tl_20250829,8,4,48,20,52.0,24.0,146.42076110839844,146.2019805908203,0.218780517578125
s_bird_117,resnet50_tl_20250829,8,4,48,24,52.0,28.0,146.42076110839844,146.25674438476562,0.1640167236328125
s_bird_117,resnet50_tl_20250829,8,4,48,28,52.0,32.0,146.42076110839844,145.7436065673828,0.677154541015625
s_bird_117,resnet50_tl_20250829,8,4,48,32,52.0,36.0,146.42076110839844,145.9110870361328,0.509674072265625
s_bird_117,resnet50_tl_20250829,8,4,48,36,52.0,40.0,146.42076110839844,146.05787658691406,0.362884521484375
s_bird_117,resnet50_tl_20250829,8,4,48,40,52.0,44.0,146.42076110839844,146.0731658935547,0.34759521484375
s_bird_117,resnet50_tl_20250829,8,4,48,44,52.0,48.0,146.42076110839844,145.8206329345703,0.600128173828125
s_bird_117,resnet50_tl_20250829,8,4,48,48,52.0,52.0,146.42076110839844,145.79879760742188,0.6219635009765625
s_bird_117,resnet50_tl_20250829,8,4,48,52,52.0,56.0,146.42076110839844,146.12255859375,0.2982025146484375
s_bird_117,resnet50_tl_20250829,8,4,48,56,52.0,60.0,146.42076110839844,146.2667999267578,0.153961181640625
s_bird_117,resnet50_tl_20250829,8,4,48,60,52.0,64.0,146.42076110839844,146.28086853027344,0.139892578125
s_bird_117,resnet50_tl_20250829,8,4,48,64,52.0,68.0,146.42076110839844,146.26087951660156,0.159881591796875
s_bird_117,resnet50_tl_20250829,8,4,48,68,52.0,72.0,146.42076110839844,146.259033203125,0.1617279052734375
s_bird_117,resnet50_tl_20250829,8,4,48,72,52.0,76.0,146.42076110839844,146.23446655273438,0.1862945556640625
s_bird_117,resnet50_tl_20250829,8,4,48,76,52.0,80.0,146.42076110839844,146.1482391357422,0.27252197265625
s_bird_117,resnet50_tl_20250829,8,4,48,80,52.0,84.0,146.42076110839844,146.22740173339844,0.193359375
s_bird_117,resnet50_tl_20250829,8,4,48,84,52.0,88.0,146.42076110839844,146.24644470214844,0.17431640625
s_bird_117,resnet50_tl_20250829,8,4,48,88,52.0,92.0,146.42076110839844,146.24549865722656,0.175262451171875
s_bird_117,resnet50_tl_20250829,8,4,48,92,52.0,96.0,146.42076110839844,146.1809539794922,0.23980712890625
s_bird_117,resnet50_tl_20250829,8,4,48,96,52.0,100.0,146.42076110839844,146.193359375,0.2274017333984375
s_bird_117,resnet50_tl_20250829,8,4,48,100,52.0,104.0,146.42076110839844,146.1935272216797,0.22723388671875
s_bird_117,resnet50_tl_20250829,8,4,48,104,52.0,108.0,146.42076110839844,146.2066650390625,0.2140960693359375
s_bird_117,resnet50_tl_20250829,8,4,48,108,52.0,112.0,146.42076110839844,146.1942138671875,0.2265472412109375
s_bird_117,resnet50_tl_20250829,8,4,48,112,52.0,116.0,146.42076110839844,146.2207794189453,0.199981689453125
s_bird_117,resnet50_tl_20250829,8,4,48,116,52.0,120.0,146.42076110839844,146.2198028564453,0.200958251953125
s_bird_117,resnet50_tl_20250829,8,4,48,120,52.0,124.0,146.42076110839844,146.18946838378906,0.231292724609375
s_bird_117,resnet50_tl_20250829,8,4,48,124,52.0,128.0,146.42076110839844,146.20326232910156,0.217498779296875
s_bird_117,resnet50_tl_20250829,8,4,48,128,52.0,132.0,146.42076110839844,146.24835205078125,0.1724090576171875
s_bird_117,resnet50_tl_20250829,8,4,48,132,52.0,136.0,146.42076110839844,146.2763214111328,0.144439697265625
s_bird_117,resnet50_tl_20250829,8,4,48,136,52.0,140.0,146.42076110839844,146.37339782714844,0.04736328125
s_bird_117,resnet50_tl_20250829,8,4,48,140,52.0,144.0,146.42076110839844,146.4143524169922,0.00640869140625
s_bird_117,resnet50_tl_20250829,8,4,48,144,52.0,148.0,146.42076110839844,146.41969299316406,0.001068115234375
s_bird_117,resnet50_tl_20250829,8,4,48,148,52.0,152.0,146.42076110839844,146.52536010742188,-0.1045989990234375
s_bird_117,resnet50_tl_20250829,8,4,48,152,52.0,156.0,146.42076110839844,146.51773071289062,-0.0969696044921875
s_bird_117,resnet50_tl_20250829,8,4,48,156,52.0,160.0,146.42076110839844,146.2698516845703,0.150909423828125
s_bird_117,resnet50_tl_20250829,8,4,48,160,52.0,164.0,146.42076110839844,146.29652404785156,0.124237060546875
s_bird_117,resnet50_tl_20250829,8,4,48,164,52.0,168.0,146.42076110839844,146.5076446533203,-0.086883544921875
s_bird_117,resnet50_tl_20250829,8,4,48,168,52.0,172.0,146.42076110839844,146.49188232421875,-0.0711212158203125
s_bird_117,resnet50_tl_20250829,8,4,48,172,52.0,176.0,146.42076110839844,146.5032501220703,-0.082489013671875
s_bird_117,resnet50_tl_20250829,8,4,48,176,52.0,180.0,146.42076110839844,146.43154907226562,-0.0107879638671875
s_bird_117,resnet50_tl_20250829,8,4,48,180,52.0,184.0,146.42076110839844,146.41885375976562,0.0019073486328125
s_bird_117,resnet50_tl_20250829,8,4,48,184,52.0,188.0,146.42076110839844,146.5211181640625,-0.1003570556640625
s_bird_117,resnet50_tl_20250829,8,4,48,188,52.0,192.0,146.42076110839844,146.59957885742188,-0.1788177490234375
s_bird_117,resnet50_tl_20250829,8,4,48,192,52.0,196.0,146.42076110839844,146.50408935546875,-0.0833282470703125
s_bird_117,resnet50_tl_20250829,8,4,48,196,52.0,200.0,146.42076110839844,146.39349365234375,0.0272674560546875
s_bird_117,resnet50_tl_20250829,8,4,48,200,52.0,204.0,146.42076110839844,146.31544494628906,0.105316162109375
s_bird_117,resnet50_tl_20250829,8,4,48,204,52.0,208.0,146.42076110839844,146.30914306640625,0.1116180419921875
s_bird_117,resnet50_tl_20250829,8,4,48,208,52.0,212.0,146.42076110839844,146.3765106201172,0.04425048828125
s_bird_117,resnet50_tl_20250829,8,4,48,212,52.0,216.0,146.42076110839844,146.4130859375,0.0076751708984375
s_bird_117,resnet50_tl_20250829,8,4,48,216,52.0,220.0,146.42076110839844,146.42398071289062,-0.0032196044921875
s_bird_117,resnet50_tl_20250829,8,4,52,0,56.0,4.0,146.42076110839844,146.4551239013672,-0.03436279296875
s_bird_117,resnet50_tl_20250829,8,4,52,4,56.0,8.0,146.42076110839844,146.41262817382812,0.0081329345703125
s_bird_117,resnet50_tl_20250829,8,4,52,8,56.0,12.0,146.42076110839844,146.3638916015625,0.0568695068359375
s_bird_117,resnet50_tl_20250829,8,4,52,12,56.0,16.0,146.42076110839844,146.37570190429688,0.0450592041015625
s_bird_117,resnet50_tl_20250829,8,4,52,16,56.0,20.0,146.42076110839844,146.34246826171875,0.0782928466796875
s_bird_117,resnet50_tl_20250829,8,4,52,20,56.0,24.0,146.42076110839844,146.29388427734375,0.1268768310546875
s_bird_117,resnet50_tl_20250829,8,4,52,24,56.0,28.0,146.42076110839844,146.31040954589844,0.1103515625
s_bird_117,resnet50_tl_20250829,8,4,52,28,56.0,32.0,146.42076110839844,146.23275756835938,0.1880035400390625
s_bird_117,resnet50_tl_20250829,8,4,52,32,56.0,36.0,146.42076110839844,146.41629028320312,0.0044708251953125
s_bird_117,resnet50_tl_20250829,8,4,52,36,56.0,40.0,146.42076110839844,146.37498474121094,0.0457763671875
s_bird_117,resnet50_tl_20250829,8,4,52,40,56.0,44.0,146.42076110839844,146.15879821777344,0.261962890625
s_bird_117,resnet50_tl_20250829,8,4,52,44,56.0,48.0,146.42076110839844,146.11883544921875,0.3019256591796875
s_bird_117,resnet50_tl_20250829,8,4,52,48,56.0,52.0,146.42076110839844,146.2381591796875,0.1826019287109375
s_bird_117,resnet50_tl_20250829,8,4,52,52,56.0,56.0,146.42076110839844,146.23788452148438,0.1828765869140625
s_bird_117,resnet50_tl_20250829,8,4,52,56,56.0,60.0,146.42076110839844,146.15203857421875,0.2687225341796875
s_bird_117,resnet50_tl_20250829,8,4,52,60,56.0,64.0,146.42076110839844,146.2405548095703,0.180206298828125
s_bird_117,resnet50_tl_20250829,8,4,52,64,56.0,68.0,146.42076110839844,146.18695068359375,0.2338104248046875
s_bird_117,resnet50_tl_20250829,8,4,52,68,56.0,72.0,146.42076110839844,146.16571044921875,0.2550506591796875
s_bird_117,resnet50_tl_20250829,8,4,52,72,56.0,76.0,146.42076110839844,146.16856384277344,0.252197265625
s_bird_117,resnet50_tl_20250829,8,4,52,76,56.0,80.0,146.42076110839844,146.2161102294922,0.20465087890625
s_bird_117,resnet50_tl_20250829,8,4,52,80,56.0,84.0,146.42076110839844,146.2420654296875,0.1786956787109375
s_bird_117,resnet50_tl_20250829,8,4,52,84,56.0,88.0,146.42076110839844,146.26528930664062,0.1554718017578125
s_bird_117,resnet50_tl_20250829,8,4,52,88,56.0,92.0,146.42076110839844,146.26036071777344,0.160400390625
s_bird_117,resnet50_tl_20250829,8,4,52,92,56.0,96.0,146.42076110839844,146.2940216064453,0.126739501953125
s_bird_117,resnet50_tl_20250829,8,4,52,96,56.0,100.0,146.42076110839844,146.27960205078125,0.1411590576171875
s_bird_117,resnet50_tl_20250829,8,4,52,100,56.0,104.0,146.42076110839844,146.22702026367188,0.1937408447265625
s_bird_117,resnet50_tl_20250829,8,4,52,104,56.0,108.0,146.42076110839844,146.20980834960938,0.2109527587890625
s_bird_117,resnet50_tl_20250829,8,4,52,108,56.0,112.0,146.42076110839844,146.27381896972656,0.146942138671875
s_bird_117,resnet50_tl_20250829,8,4,52,112,56.0,116.0,146.42076110839844,146.25588989257812,0.1648712158203125
s_bird_117,resnet50_tl_20250829,8,4,52,116,56.0,120.0,146.42076110839844,146.23301696777344,0.187744140625
s_bird_117,resnet50_tl_20250829,8,4,52,120,56.0,124.0,146.42076110839844,146.21246337890625,0.2082977294921875
s_bird_117,resnet50_tl_20250829,8,4,52,124,56.0,128.0,146.42076110839844,146.26181030273438,0.1589508056640625
s_bird_117,resnet50_tl_20250829,8,4,52,128,56.0,132.0,146.42076110839844,146.25827026367188,0.1624908447265625
s_bird_117,resnet50_tl_20250829,8,4,52,132,56.0,136.0,146.42076110839844,146.26541137695312,0.1553497314453125
s_bird_117,resnet50_tl_20250829,8,4,52,136,56.0,140.0,146.42076110839844,146.3340606689453,0.086700439453125
s_bird_117,resnet50_tl_20250829,8,4,52,140,56.0,144.0,146.42076110839844,146.35276794433594,0.0679931640625
s_bird_117,resnet50_tl_20250829,8,4,52,144,56.0,148.0,146.42076110839844,146.31900024414062,0.1017608642578125
s_bird_117,resnet50_tl_20250829,8,4,52,148,56.0,152.0,146.42076110839844,146.4610137939453,-0.040252685546875
s_bird_117,resnet50_tl_20250829,8,4,52,152,56.0,156.0,146.42076110839844,146.60330200195312,-0.1825408935546875
s_bird_117,resnet50_tl_20250829,8,4,52,156,56.0,160.0,146.42076110839844,146.4036407470703,0.017120361328125
s_bird_117,resnet50_tl_20250829,8,4,52,160,56.0,164.0,146.42076110839844,146.4156494140625,0.0051116943359375
s_bird_117,resnet50_tl_20250829,8,4,52,164,56.0,168.0,146.42076110839844,146.47547912597656,-0.054718017578125
s_bird_117,resnet50_tl_20250829,8,4,52,168,56.0,172.0,146.42076110839844,146.44839477539062,-0.0276336669921875
s_bird_117,resnet50_tl_20250829,8,4,52,172,56.0,176.0,146.42076110839844,146.359619140625,0.0611419677734375
s_bird_117,resnet50_tl_20250829,8,4,52,176,56.0,180.0,146.42076110839844,146.35769653320312,0.0630645751953125
s_bird_117,resnet50_tl_20250829,8,4,52,180,56.0,184.0,146.42076110839844,146.40106201171875,0.0196990966796875
s_bird_117,resnet50_tl_20250829,8,4,52,184,56.0,188.0,146.42076110839844,146.4553985595703,-0.034637451171875
s_bird_117,resnet50_tl_20250829,8,4,52,188,56.0,192.0,146.42076110839844,146.47706604003906,-0.056304931640625
s_bird_117,resnet50_tl_20250829,8,4,52,192,56.0,196.0,146.42076110839844,146.43679809570312,-0.0160369873046875
s_bird_117,resnet50_tl_20250829,8,4,52,196,56.0,200.0,146.42076110839844,146.49485778808594,-0.0740966796875
s_bird_117,resnet50_tl_20250829,8,4,52,200,56.0,204.0,146.42076110839844,146.40110778808594,0.0196533203125
s_bird_117,resnet50_tl_20250829,8,4,52,204,56.0,208.0,146.42076110839844,146.447509765625,-0.0267486572265625
s_bird_117,resnet50_tl_20250829,8,4,52,208,56.0,212.0,146.42076110839844,146.43211364746094,-0.0113525390625
s_bird_117,resnet50_tl_20250829,8,4,52,212,56.0,216.0,146.42076110839844,146.44366455078125,-0.0229034423828125
s_bird_117,resnet50_tl_20250829,8,4,52,216,56.0,220.0,146.42076110839844,146.407470703125,0.0132904052734375
s_bird_117,resnet50_tl_20250829,8,4,56,0,60.0,4.0,146.42076110839844,146.27468872070312,0.1460723876953125
s_bird_117,resnet50_tl_20250829,8,4,56,4,60.0,8.0,146.42076110839844,146.28744506835938,0.1333160400390625
s_bird_117,resnet50_tl_20250829,8,4,56,8,60.0,12.0,146.42076110839844,146.30992126464844,0.11083984375
s_bird_117,resnet50_tl_20250829,8,4,56,12,60.0,16.0,146.42076110839844,146.25643920898438,0.1643218994140625
s_bird_117,resnet50_tl_20250829,8,4,56,16,60.0,20.0,146.42076110839844,146.27371215820312,0.1470489501953125
s_bird_117,resnet50_tl_20250829,8,4,56,20,60.0,24.0,146.42076110839844,146.1600341796875,0.2607269287109375
s_bird_117,resnet50_tl_20250829,8,4,56,24,60.0,28.0,146.42076110839844,146.2254638671875,0.1952972412109375
s_bird_117,resnet50_tl_20250829,8,4,56,28,60.0,32.0,146.42076110839844,146.10638427734375,0.3143768310546875
s_bird_117,resnet50_tl_20250829,8,4,56,32,60.0,36.0,146.42076110839844,146.23948669433594,0.1812744140625
s_bird_117,resnet50_tl_20250829,8,4,56,36,60.0,40.0,146.42076110839844,146.18089294433594,0.2398681640625
s_bird_117,resnet50_tl_20250829,8,4,56,40,60.0,44.0,146.42076110839844,146.2711181640625,0.1496429443359375
s_bird_117,resnet50_tl_20250829,8,4,56,44,60.0,48.0,146.42076110839844,146.35952758789062,0.0612335205078125
s_bird_117,resnet50_tl_20250829,8,4,56,48,60.0,52.0,146.42076110839844,146.24462890625,0.1761322021484375
s_bird_117,resnet50_tl_20250829,8,4,56,52,60.0,56.0,146.42076110839844,146.26499938964844,0.15576171875
s_bird_117,resnet50_tl_20250829,8,4,56,56,60.0,60.0,146.42076110839844,146.1741180419922,0.24664306640625
s_bird_117,resnet50_tl_20250829,8,4,56,60,60.0,64.0,146.42076110839844,146.23565673828125,0.1851043701171875
s_bird_117,resnet50_tl_20250829,8,4,56,64,60.0,68.0,146.42076110839844,146.17117309570312,0.2495880126953125
s_bird_117,resnet50_tl_20250829,8,4,56,68,60.0,72.0,146.42076110839844,146.17173767089844,0.2490234375
s_bird_117,resnet50_tl_20250829,8,4,56,72,60.0,76.0,146.42076110839844,146.2579803466797,0.16278076171875
s_bird_117,resnet50_tl_20250829,8,4,56,76,60.0,80.0,146.42076110839844,146.30979919433594,0.1109619140625
s_bird_117,resnet50_tl_20250829,8,4,56,80,60.0,84.0,146.42076110839844,146.33877563476562,0.0819854736328125
s_bird_117,resnet50_tl_20250829,8,4,56,84,60.0,88.0,146.42076110839844,146.2779083251953,0.142852783203125
s_bird_117,resnet50_tl_20250829,8,4,56,88,60.0,92.0,146.42076110839844,146.27684020996094,0.1439208984375
s_bird_117,resnet50_tl_20250829,8,4,56,92,60.0,96.0,146.42076110839844,146.32577514648438,0.0949859619140625
s_bird_117,resnet50_tl_20250829,8,4,56,96,60.0,100.0,146.42076110839844,146.30918884277344,0.111572265625
s_bird_117,resnet50_tl_20250829,8,4,56,100,60.0,104.0,146.42076110839844,146.25384521484375,0.1669158935546875
s_bird_117,resnet50_tl_20250829,8,4,56,104,60.0,108.0,146.42076110839844,146.25624084472656,0.164520263671875
s_bird_117,resnet50_tl_20250829,8,4,56,108,60.0,112.0,146.42076110839844,146.2988739013672,0.12188720703125
s_bird_117,resnet50_tl_20250829,8,4,56,112,60.0,116.0,146.42076110839844,146.29937744140625,0.1213836669921875
s_bird_117,resnet50_tl_20250829,8,4,56,116,60.0,120.0,146.42076110839844,146.26080322265625,0.1599578857421875
s_bird_117,resnet50_tl_20250829,8,4,56,120,60.0,124.0,146.42076110839844,146.24990844726562,0.1708526611328125
s_bird_117,resnet50_tl_20250829,8,4,56,124,60.0,128.0,146.42076110839844,146.31512451171875,0.1056365966796875
s_bird_117,resnet50_tl_20250829,8,4,56,128,60.0,132.0,146.42076110839844,146.3221893310547,0.09857177734375
s_bird_117,resnet50_tl_20250829,8,4,56,132,60.0,136.0,146.42076110839844,146.2751007080078,0.145660400390625
s_bird_117,resnet50_tl_20250829,8,4,56,136,60.0,140.0,146.42076110839844,146.2687530517578,0.152008056640625
s_bird_117,resnet50_tl_20250829,8,4,56,140,60.0,144.0,146.42076110839844,146.29432678222656,0.126434326171875
s_bird_117,resnet50_tl_20250829,8,4,56,144,60.0,148.0,146.42076110839844,146.25205993652344,0.168701171875
s_bird_117,resnet50_tl_20250829,8,4,56,148,60.0,152.0,146.42076110839844,146.27593994140625,0.1448211669921875
s_bird_117,resnet50_tl_20250829,8,4,56,152,60.0,156.0,146.42076110839844,146.5333709716797,-0.11260986328125
s_bird_117,resnet50_tl_20250829,8,4,56,156,60.0,160.0,146.42076110839844,146.64834594726562,-0.2275848388671875
s_bird_117,resnet50_tl_20250829,8,4,56,160,60.0,164.0,146.42076110839844,146.5056610107422,-0.08489990234375
s_bird_117,resnet50_tl_20250829,8,4,56,164,60.0,168.0,146.42076110839844,146.471435546875,-0.0506744384765625
s_bird_117,resnet50_tl_20250829,8,4,56,168,60.0,172.0,146.42076110839844,146.35549926757812,0.0652618408203125
s_bird_117,resnet50_tl_20250829,8,4,56,172,60.0,176.0,146.42076110839844,146.28457641601562,0.1361846923828125
s_bird_117,resnet50_tl_20250829,8,4,56,176,60.0,180.0,146.42076110839844,146.371337890625,0.0494232177734375
s_bird_117,resnet50_tl_20250829,8,4,56,180,60.0,184.0,146.42076110839844,146.32513427734375,0.0956268310546875
s_bird_117,resnet50_tl_20250829,8,4,56,184,60.0,188.0,146.42076110839844,146.41864013671875,0.0021209716796875
s_bird_117,resnet50_tl_20250829,8,4,56,188,60.0,192.0,146.42076110839844,146.40017700195312,0.0205841064453125
s_bird_117,resnet50_tl_20250829,8,4,56,192,60.0,196.0,146.42076110839844,146.365478515625,0.0552825927734375
s_bird_117,resnet50_tl_20250829,8,4,56,196,60.0,200.0,146.42076110839844,146.43804931640625,-0.0172882080078125
s_bird_117,resnet50_tl_20250829,8,4,56,200,60.0,204.0,146.42076110839844,146.5034637451172,-0.08270263671875
s_bird_117,resnet50_tl_20250829,8,4,56,204,60.0,208.0,146.42076110839844,146.44874572753906,-0.027984619140625
s_bird_117,resnet50_tl_20250829,8,4,56,208,60.0,212.0,146.42076110839844,146.44869995117188,-0.0279388427734375
s_bird_117,resnet50_tl_20250829,8,4,56,212,60.0,216.0,146.42076110839844,146.41758728027344,0.003173828125
s_bird_117,resnet50_tl_20250829,8,4,56,216,60.0,220.0,146.42076110839844,146.4033966064453,0.017364501953125
s_bird_117,resnet50_tl_20250829,8,4,60,0,64.0,4.0,146.42076110839844,146.11851501464844,0.30224609375
s_bird_117,resnet50_tl_20250829,8,4,60,4,64.0,8.0,146.42076110839844,146.27015686035156,0.150604248046875
s_bird_117,resnet50_tl_20250829,8,4,60,8,64.0,12.0,146.42076110839844,146.33627319335938,0.0844879150390625
s_bird_117,resnet50_tl_20250829,8,4,60,12,64.0,16.0,146.42076110839844,146.35357666015625,0.0671844482421875
s_bird_117,resnet50_tl_20250829,8,4,60,16,64.0,20.0,146.42076110839844,146.3260498046875,0.0947113037109375
s_bird_117,resnet50_tl_20250829,8,4,60,20,64.0,24.0,146.42076110839844,146.30873107910156,0.112030029296875
s_bird_117,resnet50_tl_20250829,8,4,60,24,64.0,28.0,146.42076110839844,146.3294677734375,0.0912933349609375
s_bird_117,resnet50_tl_20250829,8,4,60,28,64.0,32.0,146.42076110839844,146.0841064453125,0.3366546630859375
s_bird_117,resnet50_tl_20250829,8,4,60,32,64.0,36.0,146.42076110839844,146.10891723632812,0.3118438720703125
s_bird_117,resnet50_tl_20250829,8,4,60,36,64.0,40.0,146.42076110839844,146.1143035888672,0.30645751953125
s_bird_117,resnet50_tl_20250829,8,4,60,40,64.0,44.0,146.42076110839844,146.44126892089844,-0.0205078125
s_bird_117,resnet50_tl_20250829,8,4,60,44,64.0,48.0,146.42076110839844,146.47459411621094,-0.0538330078125
s_bird_117,resnet50_tl_20250829,8,4,60,48,64.0,52.0,146.42076110839844,146.34759521484375,0.0731658935546875
s_bird_117,resnet50_tl_20250829,8,4,60,52,64.0,56.0,146.42076110839844,146.2719268798828,0.148834228515625
s_bird_117,resnet50_tl_20250829,8,4,60,56,64.0,60.0,146.42076110839844,146.20114135742188,0.2196197509765625
s_bird_117,resnet50_tl_20250829,8,4,60,60,64.0,64.0,146.42076110839844,146.2898406982422,0.13092041015625
s_bird_117,resnet50_tl_20250829,8,4,60,64,64.0,68.0,146.42076110839844,146.2305145263672,0.19024658203125
s_bird_117,resnet50_tl_20250829,8,4,60,68,64.0,72.0,146.42076110839844,146.24002075195312,0.1807403564453125
s_bird_117,resnet50_tl_20250829,8,4,60,72,64.0,76.0,146.42076110839844,146.30673217773438,0.1140289306640625
s_bird_117,resnet50_tl_20250829,8,4,60,76,64.0,80.0,146.42076110839844,146.3979949951172,0.02276611328125
s_bird_117,resnet50_tl_20250829,8,4,60,80,64.0,84.0,146.42076110839844,146.36337280273438,0.0573883056640625
s_bird_117,resnet50_tl_20250829,8,4,60,84,64.0,88.0,146.42076110839844,146.3624267578125,0.0583343505859375
s_bird_117,resnet50_tl_20250829,8,4,60,88,64.0,92.0,146.42076110839844,146.35641479492188,0.0643463134765625
s_bird_117,resnet50_tl_20250829,8,4,60,92,64.0,96.0,146.42076110839844,146.47756958007812,-0.0568084716796875
s_bird_117,resnet50_tl_20250829,8,4,60,96,64.0,100.0,146.42076110839844,146.4158477783203,0.004913330078125
s_bird_117,resnet50_tl_20250829,8,4,60,100,64.0,104.0,146.42076110839844,146.3378448486328,0.082916259765625
s_bird_117,resnet50_tl_20250829,8,4,60,104,64.0,108.0,146.42076110839844,146.34307861328125,0.0776824951171875
s_bird_117,resnet50_tl_20250829,8,4,60,108,64.0,112.0,146.42076110839844,146.40573120117188,0.0150299072265625
s_bird_117,resnet50_tl_20250829,8,4,60,112,64.0,116.0,146.42076110839844,146.36370849609375,0.0570526123046875
s_bird_117,resnet50_tl_20250829,8,4,60,116,64.0,120.0,146.42076110839844,146.36187744140625,0.0588836669921875
s_bird_117,resnet50_tl_20250829,8,4,60,120,64.0,124.0,146.42076110839844,146.3370819091797,0.08367919921875
s_bird_117,resnet50_tl_20250829,8,4,60,124,64.0,128.0,146.42076110839844,146.38095092773438,0.0398101806640625
s_bird_117,resnet50_tl_20250829,8,4,60,128,64.0,132.0,146.42076110839844,146.3202667236328,0.100494384765625
s_bird_117,resnet50_tl_20250829,8,4,60,132,64.0,136.0,146.42076110839844,146.29518127441406,0.125579833984375
s_bird_117,resnet50_tl_20250829,8,4,60,136,64.0,140.0,146.42076110839844,146.25811767578125,0.1626434326171875
s_bird_117,resnet50_tl_20250829,8,4,60,140,64.0,144.0,146.42076110839844,146.2324676513672,0.18829345703125
s_bird_117,resnet50_tl_20250829,8,4,60,144,64.0,148.0,146.42076110839844,146.2225341796875,0.1982269287109375
s_bird_117,resnet50_tl_20250829,8,4,60,148,64.0,152.0,146.42076110839844,146.28268432617188,0.1380767822265625
s_bird_117,resnet50_tl_20250829,8,4,60,152,64.0,156.0,146.42076110839844,146.3915557861328,0.029205322265625
s_bird_117,resnet50_tl_20250829,8,4,60,156,64.0,160.0,146.42076110839844,146.617919921875,-0.1971588134765625
s_bird_117,resnet50_tl_20250829,8,4,60,160,64.0,164.0,146.42076110839844,146.47251892089844,-0.0517578125
s_bird_117,resnet50_tl_20250829,8,4,60,164,64.0,168.0,146.42076110839844,146.36180114746094,0.0589599609375
s_bird_117,resnet50_tl_20250829,8,4,60,168,64.0,172.0,146.42076110839844,146.32998657226562,0.0907745361328125
s_bird_117,resnet50_tl_20250829,8,4,60,172,64.0,176.0,146.42076110839844,146.27835083007812,0.1424102783203125
s_bird_117,resnet50_tl_20250829,8,4,60,176,64.0,180.0,146.42076110839844,146.31643676757812,0.1043243408203125
s_bird_117,resnet50_tl_20250829,8,4,60,180,64.0,184.0,146.42076110839844,146.33265686035156,0.088104248046875
s_bird_117,resnet50_tl_20250829,8,4,60,184,64.0,188.0,146.42076110839844,146.4684295654297,-0.04766845703125
s_bird_117,resnet50_tl_20250829,8,4,60,188,64.0,192.0,146.42076110839844,146.24314880371094,0.1776123046875
s_bird_117,resnet50_tl_20250829,8,4,60,192,64.0,196.0,146.42076110839844,146.26226806640625,0.1584930419921875
s_bird_117,resnet50_tl_20250829,8,4,60,196,64.0,200.0,146.42076110839844,146.41859436035156,0.002166748046875
s_bird_117,resnet50_tl_20250829,8,4,60,200,64.0,204.0,146.42076110839844,146.5257110595703,-0.104949951171875
s_bird_117,resnet50_tl_20250829,8,4,60,204,64.0,208.0,146.42076110839844,146.4685821533203,-0.047821044921875
s_bird_117,resnet50_tl_20250829,8,4,60,208,64.0,212.0,146.42076110839844,146.3496551513672,0.07110595703125
s_bird_117,resnet50_tl_20250829,8,4,60,212,64.0,216.0,146.42076110839844,146.42816162109375,-0.0074005126953125
s_bird_117,resnet50_tl_20250829,8,4,60,216,64.0,220.0,146.42076110839844,146.40914916992188,0.0116119384765625
s_bird_117,resnet50_tl_20250829,8,4,64,0,68.0,4.0,146.42076110839844,146.16162109375,0.2591400146484375
s_bird_117,resnet50_tl_20250829,8,4,64,4,68.0,8.0,146.42076110839844,146.27122497558594,0.1495361328125
s_bird_117,resnet50_tl_20250829,8,4,64,8,68.0,12.0,146.42076110839844,146.32098388671875,0.0997772216796875
s_bird_117,resnet50_tl_20250829,8,4,64,12,68.0,16.0,146.42076110839844,146.22117614746094,0.1995849609375
s_bird_117,resnet50_tl_20250829,8,4,64,16,68.0,20.0,146.42076110839844,146.2936553955078,0.127105712890625
s_bird_117,resnet50_tl_20250829,8,4,64,20,68.0,24.0,146.42076110839844,146.26785278320312,0.1529083251953125
s_bird_117,resnet50_tl_20250829,8,4,64,24,68.0,28.0,146.42076110839844,146.28665161132812,0.1341094970703125
s_bird_117,resnet50_tl_20250829,8,4,64,28,68.0,32.0,146.42076110839844,146.03778076171875,0.3829803466796875
s_bird_117,resnet50_tl_20250829,8,4,64,32,68.0,36.0,146.42076110839844,146.0287628173828,0.391998291015625
s_bird_117,resnet50_tl_20250829,8,4,64,36,68.0,40.0,146.42076110839844,146.16880798339844,0.251953125
s_bird_117,resnet50_tl_20250829,8,4,64,40,68.0,44.0,146.42076110839844,146.2756805419922,0.14508056640625
s_bird_117,resnet50_tl_20250829,8,4,64,44,68.0,48.0,146.42076110839844,146.38270568847656,0.038055419921875
s_bird_117,resnet50_tl_20250829,8,4,64,48,68.0,52.0,146.42076110839844,146.35549926757812,0.0652618408203125
s_bird_117,resnet50_tl_20250829,8,4,64,52,68.0,56.0,146.42076110839844,146.2777557373047,0.14300537109375
s_bird_117,resnet50_tl_20250829,8,4,64,56,68.0,60.0,146.42076110839844,146.2229461669922,0.19781494140625
s_bird_117,resnet50_tl_20250829,8,4,64,60,68.0,64.0,146.42076110839844,146.29150390625,0.1292572021484375
s_bird_117,resnet50_tl_20250829,8,4,64,64,68.0,68.0,146.42076110839844,146.33949279785156,0.081268310546875
s_bird_117,resnet50_tl_20250829,8,4,64,68,68.0,72.0,146.42076110839844,146.30523681640625,0.1155242919921875
s_bird_117,resnet50_tl_20250829,8,4,64,72,68.0,76.0,146.42076110839844,146.3618927001953,0.058868408203125
s_bird_117,resnet50_tl_20250829,8,4,64,76,68.0,80.0,146.42076110839844,146.37733459472656,0.043426513671875
s_bird_117,resnet50_tl_20250829,8,4,64,80,68.0,84.0,146.42076110839844,146.38870239257812,0.0320587158203125
s_bird_117,resnet50_tl_20250829,8,4,64,84,68.0,88.0,146.42076110839844,146.3767852783203,0.043975830078125
s_bird_117,resnet50_tl_20250829,8,4,64,88,68.0,92.0,146.42076110839844,146.37030029296875,0.0504608154296875
s_bird_117,resnet50_tl_20250829,8,4,64,92,68.0,96.0,146.42076110839844,146.45065307617188,-0.0298919677734375
s_bird_117,resnet50_tl_20250829,8,4,64,96,68.0,100.0,146.42076110839844,146.424072265625,-0.0033111572265625
s_bird_117,resnet50_tl_20250829,8,4,64,100,68.0,104.0,146.42076110839844,146.3379364013672,0.08282470703125
s_bird_117,resnet50_tl_20250829,8,4,64,104,68.0,108.0,146.42076110839844,146.34664916992188,0.0741119384765625
s_bird_117,resnet50_tl_20250829,8,4,64,108,68.0,112.0,146.42076110839844,146.37466430664062,0.0460968017578125
s_bird_117,resnet50_tl_20250829,8,4,64,112,68.0,116.0,146.42076110839844,146.3960723876953,0.024688720703125
s_bird_117,resnet50_tl_20250829,8,4,64,116,68.0,120.0,146.42076110839844,146.3798828125,0.0408782958984375
s_bird_117,resnet50_tl_20250829,8,4,64,120,68.0,124.0,146.42076110839844,146.34622192382812,0.0745391845703125
s_bird_117,resnet50_tl_20250829,8,4,64,124,68.0,128.0,146.42076110839844,146.37754821777344,0.043212890625
s_bird_117,resnet50_tl_20250829,8,4,64,128,68.0,132.0,146.42076110839844,146.37460327148438,0.0461578369140625
s_bird_117,resnet50_tl_20250829,8,4,64,132,68.0,136.0,146.42076110839844,146.3197479248047,0.10101318359375
s_bird_117,resnet50_tl_20250829,8,4,64,136,68.0,140.0,146.42076110839844,146.30670166015625,0.1140594482421875
s_bird_117,resnet50_tl_20250829,8,4,64,140,68.0,144.0,146.42076110839844,146.24819946289062,0.1725616455078125
s_bird_117,resnet50_tl_20250829,8,4,64,144,68.0,148.0,146.42076110839844,146.23126220703125,0.1894989013671875
s_bird_117,resnet50_tl_20250829,8,4,64,148,68.0,152.0,146.42076110839844,146.31373596191406,0.107025146484375
s_bird_117,resnet50_tl_20250829,8,4,64,152,68.0,156.0,146.42076110839844,146.34698486328125,0.0737762451171875
s_bird_117,resnet50_tl_20250829,8,4,64,156,68.0,160.0,146.42076110839844,146.4663543701172,-0.04559326171875
s_bird_117,resnet50_tl_20250829,8,4,64,160,68.0,164.0,146.42076110839844,146.40695190429688,0.0138092041015625
s_bird_117,resnet50_tl_20250829,8,4,64,164,68.0,168.0,146.42076110839844,146.3311767578125,0.0895843505859375
s_bird_117,resnet50_tl_20250829,8,4,64,168,68.0,172.0,146.42076110839844,146.3086395263672,0.11212158203125
s_bird_117,resnet50_tl_20250829,8,4,64,172,68.0,176.0,146.42076110839844,146.27694702148438,0.1438140869140625
s_bird_117,resnet50_tl_20250829,8,4,64,176,68.0,180.0,146.42076110839844,146.27828979492188,0.1424713134765625
s_bird_117,resnet50_tl_20250829,8,4,64,180,68.0,184.0,146.42076110839844,146.31993103027344,0.100830078125
s_bird_117,resnet50_tl_20250829,8,4,64,184,68.0,188.0,146.42076110839844,146.49851989746094,-0.0777587890625
s_bird_117,resnet50_tl_20250829,8,4,64,188,68.0,192.0,146.42076110839844,146.35971069335938,0.0610504150390625
s_bird_117,resnet50_tl_20250829,8,4,64,192,68.0,196.0,146.42076110839844,146.35862731933594,0.0621337890625
s_bird_117,resnet50_tl_20250829,8,4,64,196,68.0,200.0,146.42076110839844,146.44187927246094,-0.0211181640625
s_bird_117,resnet50_tl_20250829,8,4,64,200,68.0,204.0,146.42076110839844,146.53004455566406,-0.109283447265625
s_bird_117,resnet50_tl_20250829,8,4,64,204,68.0,208.0,146.42076110839844,146.4492950439453,-0.028533935546875
s_bird_117,resnet50_tl_20250829,8,4,64,208,68.0,212.0,146.42076110839844,146.39256286621094,0.0281982421875
s_bird_117,resnet50_tl_20250829,8,4,64,212,68.0,216.0,146.42076110839844,146.391845703125,0.0289154052734375
s_bird_117,resnet50_tl_20250829,8,4,64,216,68.0,220.0,146.42076110839844,146.39430236816406,0.026458740234375
s_bird_117,resnet50_tl_20250829,8,4,68,0,72.0,4.0,146.42076110839844,146.3927001953125,0.0280609130859375
s_bird_117,resnet50_tl_20250829,8,4,68,4,72.0,8.0,146.42076110839844,146.37216186523438,0.0485992431640625
s_bird_117,resnet50_tl_20250829,8,4,68,8,72.0,12.0,146.42076110839844,146.37095642089844,0.0498046875
s_bird_117,resnet50_tl_20250829,8,4,68,12,72.0,16.0,146.42076110839844,146.30703735351562,0.1137237548828125
s_bird_117,resnet50_tl_20250829,8,4,68,16,72.0,20.0,146.42076110839844,146.4077606201172,0.01300048828125
s_bird_117,resnet50_tl_20250829,8,4,68,20,72.0,24.0,146.42076110839844,146.46890258789062,-0.0481414794921875
s_bird_117,resnet50_tl_20250829,8,4,68,24,72.0,28.0,146.42076110839844,146.40440368652344,0.016357421875
s_bird_117,resnet50_tl_20250829,8,4,68,28,72.0,32.0,146.42076110839844,146.2919158935547,0.12884521484375
s_bird_117,resnet50_tl_20250829,8,4,68,32,72.0,36.0,146.42076110839844,146.34860229492188,0.0721588134765625
s_bird_117,resnet50_tl_20250829,8,4,68,36,72.0,40.0,146.42076110839844,146.31378173828125,0.1069793701171875
s_bird_117,resnet50_tl_20250829,8,4,68,40,72.0,44.0,146.42076110839844,146.15965270996094,0.2611083984375
s_bird_117,resnet50_tl_20250829,8,4,68,44,72.0,48.0,146.42076110839844,146.3078155517578,0.112945556640625
s_bird_117,resnet50_tl_20250829,8,4,68,48,72.0,52.0,146.42076110839844,146.28565979003906,0.135101318359375
s_bird_117,resnet50_tl_20250829,8,4,68,52,72.0,56.0,146.42076110839844,146.24945068359375,0.1713104248046875
s_bird_117,resnet50_tl_20250829,8,4,68,56,72.0,60.0,146.42076110839844,146.20404052734375,0.2167205810546875
s_bird_117,resnet50_tl_20250829,8,4,68,60,72.0,64.0,146.42076110839844,146.2799835205078,0.140777587890625
s_bird_117,resnet50_tl_20250829,8,4,68,64,72.0,68.0,146.42076110839844,146.26773071289062,0.1530303955078125
s_bird_117,resnet50_tl_20250829,8,4,68,68,72.0,72.0,146.42076110839844,146.28585815429688,0.1349029541015625
s_bird_117,resnet50_tl_20250829,8,4,68,72,72.0,76.0,146.42076110839844,146.29824829101562,0.1225128173828125
s_bird_117,resnet50_tl_20250829,8,4,68,76,72.0,80.0,146.42076110839844,146.36834716796875,0.0524139404296875
s_bird_117,resnet50_tl_20250829,8,4,68,80,72.0,84.0,146.42076110839844,146.36343383789062,0.0573272705078125
s_bird_117,resnet50_tl_20250829,8,4,68,84,72.0,88.0,146.42076110839844,146.3709259033203,0.049835205078125
s_bird_117,resnet50_tl_20250829,8,4,68,88,72.0,92.0,146.42076110839844,146.33961486816406,0.081146240234375
s_bird_117,resnet50_tl_20250829,8,4,68,92,72.0,96.0,146.42076110839844,146.4095458984375,0.0112152099609375
s_bird_117,resnet50_tl_20250829,8,4,68,96,72.0,100.0,146.42076110839844,146.39157104492188,0.0291900634765625
s_bird_117,resnet50_tl_20250829,8,4,68,100,72.0,104.0,146.42076110839844,146.37989807128906,0.040863037109375
s_bird_117,resnet50_tl_20250829,8,4,68,104,72.0,108.0,146.42076110839844,146.34954833984375,0.0712127685546875
s_bird_117,resnet50_tl_20250829,8,4,68,108,72.0,112.0,146.42076110839844,146.39764404296875,0.0231170654296875
s_bird_117,resnet50_tl_20250829,8,4,68,112,72.0,116.0,146.42076110839844,146.4101104736328,0.010650634765625
s_bird_117,resnet50_tl_20250829,8,4,68,116,72.0,120.0,146.42076110839844,146.40724182128906,0.013519287109375
s_bird_117,resnet50_tl_20250829,8,4,68,120,72.0,124.0,146.42076110839844,146.3719482421875,0.0488128662109375
s_bird_117,resnet50_tl_20250829,8,4,68,124,72.0,128.0,146.42076110839844,146.39718627929688,0.0235748291015625
s_bird_117,resnet50_tl_20250829,8,4,68,128,72.0,132.0,146.42076110839844,146.39012145996094,0.0306396484375
s_bird_117,resnet50_tl_20250829,8,4,68,132,72.0,136.0,146.42076110839844,146.31455993652344,0.106201171875
s_bird_117,resnet50_tl_20250829,8,4,68,136,72.0,140.0,146.42076110839844,146.2760009765625,0.1447601318359375
s_bird_117,resnet50_tl_20250829,8,4,68,140,72.0,144.0,146.42076110839844,146.25721740722656,0.163543701171875
s_bird_117,resnet50_tl_20250829,8,4,68,144,72.0,148.0,146.42076110839844,146.20140075683594,0.2193603515625
s_bird_117,resnet50_tl_20250829,8,4,68,148,72.0,152.0,146.42076110839844,146.2098388671875,0.2109222412109375
s_bird_117,resnet50_tl_20250829,8,4,68,152,72.0,156.0,146.42076110839844,146.26165771484375,0.1591033935546875
s_bird_117,resnet50_tl_20250829,8,4,68,156,72.0,160.0,146.42076110839844,146.36746215820312,0.0532989501953125
s_bird_117,resnet50_tl_20250829,8,4,68,160,72.0,164.0,146.42076110839844,146.33645629882812,0.0843048095703125
s_bird_117,resnet50_tl_20250829,8,4,68,164,72.0,168.0,146.42076110839844,146.30967712402344,0.111083984375
s_bird_117,resnet50_tl_20250829,8,4,68,168,72.0,172.0,146.42076110839844,146.310546875,0.1102142333984375
s_bird_117,resnet50_tl_20250829,8,4,68,172,72.0,176.0,146.42076110839844,146.2921905517578,0.128570556640625
s_bird_117,resnet50_tl_20250829,8,4,68,176,72.0,180.0,146.42076110839844,146.24490356445312,0.1758575439453125
s_bird_117,resnet50_tl_20250829,8,4,68,180,72.0,184.0,146.42076110839844,146.31692504882812,0.1038360595703125
s_bird_117,resnet50_tl_20250829,8,4,68,184,72.0,188.0,146.42076110839844,146.52113342285156,-0.100372314453125
s_bird_117,resnet50_tl_20250829,8,4,68,188,72.0,192.0,146.42076110839844,146.55140686035156,-0.130645751953125
s_bird_117,resnet50_tl_20250829,8,4,68,192,72.0,196.0,146.42076110839844,146.58474731445312,-0.1639862060546875
s_bird_117,resnet50_tl_20250829,8,4,68,196,72.0,200.0,146.42076110839844,146.51084899902344,-0.090087890625
s_bird_117,resnet50_tl_20250829,8,4,68,200,72.0,204.0,146.42076110839844,146.53109741210938,-0.1103363037109375
s_bird_117,resnet50_tl_20250829,8,4,68,204,72.0,208.0,146.42076110839844,146.53945922851562,-0.1186981201171875
s_bird_117,resnet50_tl_20250829,8,4,68,208,72.0,212.0,146.42076110839844,146.4706573486328,-0.049896240234375
s_bird_117,resnet50_tl_20250829,8,4,68,212,72.0,216.0,146.42076110839844,146.4122314453125,0.0085296630859375
s_bird_117,resnet50_tl_20250829,8,4,68,216,72.0,220.0,146.42076110839844,146.37518310546875,0.0455780029296875
s_bird_117,resnet50_tl_20250829,8,4,72,0,76.0,4.0,146.42076110839844,146.36715698242188,0.0536041259765625
s_bird_117,resnet50_tl_20250829,8,4,72,4,76.0,8.0,146.42076110839844,146.32847595214844,0.09228515625
s_bird_117,resnet50_tl_20250829,8,4,72,8,76.0,12.0,146.42076110839844,146.3709259033203,0.049835205078125
s_bird_117,resnet50_tl_20250829,8,4,72,12,76.0,16.0,146.42076110839844,146.26181030273438,0.1589508056640625
s_bird_117,resnet50_tl_20250829,8,4,72,16,76.0,20.0,146.42076110839844,146.3306884765625,0.0900726318359375
s_bird_117,resnet50_tl_20250829,8,4,72,20,76.0,24.0,146.42076110839844,146.22938537597656,0.191375732421875
s_bird_117,resnet50_tl_20250829,8,4,72,24,76.0,28.0,146.42076110839844,146.36424255371094,0.0565185546875
s_bird_117,resnet50_tl_20250829,8,4,72,28,76.0,32.0,146.42076110839844,146.4752960205078,-0.054534912109375
s_bird_117,resnet50_tl_20250829,8,4,72,32,76.0,36.0,146.42076110839844,146.37831115722656,0.042449951171875
s_bird_117,resnet50_tl_20250829,8,4,72,36,76.0,40.0,146.42076110839844,146.21725463867188,0.2035064697265625
s_bird_117,resnet50_tl_20250829,8,4,72,40,76.0,44.0,146.42076110839844,146.21707153320312,0.2036895751953125
s_bird_117,resnet50_tl_20250829,8,4,72,44,76.0,48.0,146.42076110839844,146.27098083496094,0.1497802734375
s_bird_117,resnet50_tl_20250829,8,4,72,48,76.0,52.0,146.42076110839844,146.22750854492188,0.1932525634765625
s_bird_117,resnet50_tl_20250829,8,4,72,52,76.0,56.0,146.42076110839844,146.2067413330078,0.214019775390625
s_bird_117,resnet50_tl_20250829,8,4,72,56,76.0,60.0,146.42076110839844,146.26661682128906,0.154144287109375
s_bird_117,resnet50_tl_20250829,8,4,72,60,76.0,64.0,146.42076110839844,146.32095336914062,0.0998077392578125
s_bird_117,resnet50_tl_20250829,8,4,72,64,76.0,68.0,146.42076110839844,146.3313751220703,0.089385986328125
s_bird_117,resnet50_tl_20250829,8,4,72,68,76.0,72.0,146.42076110839844,146.2881317138672,0.13262939453125
s_bird_117,resnet50_tl_20250829,8,4,72,72,76.0,76.0,146.42076110839844,146.32748413085938,0.0932769775390625
s_bird_117,resnet50_tl_20250829,8,4,72,76,76.0,80.0,146.42076110839844,146.3720245361328,0.048736572265625
s_bird_117,resnet50_tl_20250829,8,4,72,80,76.0,84.0,146.42076110839844,146.38796997070312,0.0327911376953125
s_bird_117,resnet50_tl_20250829,8,4,72,84,76.0,88.0,146.42076110839844,146.36390686035156,0.056854248046875
s_bird_117,resnet50_tl_20250829,8,4,72,88,76.0,92.0,146.42076110839844,146.33859252929688,0.0821685791015625
s_bird_117,resnet50_tl_20250829,8,4,72,92,76.0,96.0,146.42076110839844,146.39505004882812,0.0257110595703125
s_bird_117,resnet50_tl_20250829,8,4,72,96,76.0,100.0,146.42076110839844,146.41343688964844,0.00732421875
s_bird_117,resnet50_tl_20250829,8,4,72,100,76.0,104.0,146.42076110839844,146.3709716796875,0.0497894287109375
s_bird_117,resnet50_tl_20250829,8,4,72,104,76.0,108.0,146.42076110839844,146.32717895507812,0.0935821533203125
s_bird_117,resnet50_tl_20250829,8,4,72,108,76.0,112.0,146.42076110839844,146.36285400390625,0.0579071044921875
s_bird_117,resnet50_tl_20250829,8,4,72,112,76.0,116.0,146.42076110839844,146.39590454101562,0.0248565673828125
s_bird_117,resnet50_tl_20250829,8,4,72,116,76.0,120.0,146.42076110839844,146.39077758789062,0.0299835205078125
s_bird_117,resnet50_tl_20250829,8,4,72,120,76.0,124.0,146.42076110839844,146.36373901367188,0.0570220947265625
s_bird_117,resnet50_tl_20250829,8,4,72,124,76.0,128.0,146.42076110839844,146.3929443359375,0.0278167724609375
s_bird_117,resnet50_tl_20250829,8,4,72,128,76.0,132.0,146.42076110839844,146.39382934570312,0.0269317626953125
s_bird_117,resnet50_tl_20250829,8,4,72,132,76.0,136.0,146.42076110839844,146.32376098632812,0.0970001220703125
s_bird_117,resnet50_tl_20250829,8,4,72,136,76.0,140.0,146.42076110839844,146.30821228027344,0.112548828125
s_bird_117,resnet50_tl_20250829,8,4,72,140,76.0,144.0,146.42076110839844,146.28570556640625,0.1350555419921875
s_bird_117,resnet50_tl_20250829,8,4,72,144,76.0,148.0,146.42076110839844,146.27792358398438,0.1428375244140625
s_bird_117,resnet50_tl_20250829,8,4,72,148,76.0,152.0,146.42076110839844,146.22242736816406,0.198333740234375
s_bird_117,resnet50_tl_20250829,8,4,72,152,76.0,156.0,146.42076110839844,146.25025939941406,0.170501708984375
s_bird_117,resnet50_tl_20250829,8,4,72,156,76.0,160.0,146.42076110839844,146.29531860351562,0.1254425048828125
s_bird_117,resnet50_tl_20250829,8,4,72,160,76.0,164.0,146.42076110839844,146.33090209960938,0.0898590087890625
s_bird_117,resnet50_tl_20250829,8,4,72,164,76.0,168.0,146.42076110839844,146.30563354492188,0.1151275634765625
s_bird_117,resnet50_tl_20250829,8,4,72,168,76.0,172.0,146.42076110839844,146.3268280029297,0.09393310546875
s_bird_117,resnet50_tl_20250829,8,4,72,172,76.0,176.0,146.42076110839844,146.2953338623047,0.12542724609375
s_bird_117,resnet50_tl_20250829,8,4,72,176,76.0,180.0,146.42076110839844,146.22886657714844,0.19189453125
s_bird_117,resnet50_tl_20250829,8,4,72,180,76.0,184.0,146.42076110839844,146.19627380371094,0.2244873046875
s_bird_117,resnet50_tl_20250829,8,4,72,184,76.0,188.0,146.42076110839844,146.4477996826172,-0.02703857421875
s_bird_117,resnet50_tl_20250829,8,4,72,188,76.0,192.0,146.42076110839844,146.3885498046875,0.0322113037109375
s_bird_117,resnet50_tl_20250829,8,4,72,192,76.0,196.0,146.42076110839844,146.47100830078125,-0.0502471923828125
s_bird_117,resnet50_tl_20250829,8,4,72,196,76.0,200.0,146.42076110839844,146.40884399414062,0.0119171142578125
s_bird_117,resnet50_tl_20250829,8,4,72,200,76.0,204.0,146.42076110839844,146.48678588867188,-0.0660247802734375
s_bird_117,resnet50_tl_20250829,8,4,72,204,76.0,208.0,146.42076110839844,146.46347045898438,-0.0427093505859375
s_bird_117,resnet50_tl_20250829,8,4,72,208,76.0,212.0,146.42076110839844,146.4292449951172,-0.00848388671875
s_bird_117,resnet50_tl_20250829,8,4,72,212,76.0,216.0,146.42076110839844,146.3707275390625,0.0500335693359375
s_bird_117,resnet50_tl_20250829,8,4,72,216,76.0,220.0,146.42076110839844,146.38809204101562,0.0326690673828125
s_bird_117,resnet50_tl_20250829,8,4,76,0,80.0,4.0,146.42076110839844,146.1946563720703,0.226104736328125
s_bird_117,resnet50_tl_20250829,8,4,76,4,80.0,8.0,146.42076110839844,146.3193817138672,0.10137939453125
s_bird_117,resnet50_tl_20250829,8,4,76,8,80.0,12.0,146.42076110839844,146.38890075683594,0.0318603515625
s_bird_117,resnet50_tl_20250829,8,4,76,12,80.0,16.0,146.42076110839844,146.44419860839844,-0.0234375
s_bird_117,resnet50_tl_20250829,8,4,76,16,80.0,20.0,146.42076110839844,146.39285278320312,0.0279083251953125
s_bird_117,resnet50_tl_20250829,8,4,76,20,80.0,24.0,146.42076110839844,146.2355499267578,0.185211181640625
s_bird_117,resnet50_tl_20250829,8,4,76,24,80.0,28.0,146.42076110839844,146.4909210205078,-0.070159912109375
s_bird_117,resnet50_tl_20250829,8,4,76,28,80.0,32.0,146.42076110839844,146.54815673828125,-0.1273956298828125
s_bird_117,resnet50_tl_20250829,8,4,76,32,80.0,36.0,146.42076110839844,146.34422302246094,0.0765380859375
s_bird_117,resnet50_tl_20250829,8,4,76,36,80.0,40.0,146.42076110839844,146.3199920654297,0.10076904296875
s_bird_117,resnet50_tl_20250829,8,4,76,40,80.0,44.0,146.42076110839844,146.29296875,0.1277923583984375
s_bird_117,resnet50_tl_20250829,8,4,76,44,80.0,48.0,146.42076110839844,146.33705139160156,0.083709716796875
s_bird_117,resnet50_tl_20250829,8,4,76,48,80.0,52.0,146.42076110839844,146.29078674316406,0.129974365234375
s_bird_117,resnet50_tl_20250829,8,4,76,52,80.0,56.0,146.42076110839844,146.26373291015625,0.1570281982421875
s_bird_117,resnet50_tl_20250829,8,4,76,56,80.0,60.0,146.42076110839844,146.3173370361328,0.103424072265625
s_bird_117,resnet50_tl_20250829,8,4,76,60,80.0,64.0,146.42076110839844,146.41937255859375,0.0013885498046875
s_bird_117,resnet50_tl_20250829,8,4,76,64,80.0,68.0,146.42076110839844,146.36468505859375,0.0560760498046875
s_bird_117,resnet50_tl_20250829,8,4,76,68,80.0,72.0,146.42076110839844,146.31475830078125,0.1060028076171875
s_bird_117,resnet50_tl_20250829,8,4,76,72,80.0,76.0,146.42076110839844,146.35702514648438,0.0637359619140625
s_bird_117,resnet50_tl_20250829,8,4,76,76,80.0,80.0,146.42076110839844,146.49423217773438,-0.0734710693359375
s_bird_117,resnet50_tl_20250829,8,4,76,80,80.0,84.0,146.42076110839844,146.46092224121094,-0.0401611328125
s_bird_117,resnet50_tl_20250829,8,4,76,84,80.0,88.0,146.42076110839844,146.38909912109375,0.0316619873046875
s_bird_117,resnet50_tl_20250829,8,4,76,88,80.0,92.0,146.42076110839844,146.3826904296875,0.0380706787109375
s_bird_117,resnet50_tl_20250829,8,4,76,92,80.0,96.0,146.42076110839844,146.5291290283203,-0.108367919921875
s_bird_117,resnet50_tl_20250829,8,4,76,96,80.0,100.0,146.42076110839844,146.47308349609375,-0.0523223876953125
s_bird_117,resnet50_tl_20250829,8,4,76,100,80.0,104.0,146.42076110839844,146.39834594726562,0.0224151611328125
s_bird_117,resnet50_tl_20250829,8,4,76,104,80.0,108.0,146.42076110839844,146.3960723876953,0.024688720703125
s_bird_117,resnet50_tl_20250829,8,4,76,108,80.0,112.0,146.42076110839844,146.49684143066406,-0.076080322265625
s_bird_117,resnet50_tl_20250829,8,4,76,112,80.0,116.0,146.42076110839844,146.4769287109375,-0.0561676025390625
s_bird_117,resnet50_tl_20250829,8,4,76,116,80.0,120.0,146.42076110839844,146.41375732421875,0.0070037841796875
s_bird_117,resnet50_tl_20250829,8,4,76,120,80.0,124.0,146.42076110839844,146.41119384765625,0.0095672607421875
s_bird_117,resnet50_tl_20250829,8,4,76,124,80.0,128.0,146.42076110839844,146.388671875,0.0320892333984375
s_bird_117,resnet50_tl_20250829,8,4,76,128,80.0,132.0,146.42076110839844,146.38809204101562,0.0326690673828125
s_bird_117,resnet50_tl_20250829,8,4,76,132,80.0,136.0,146.42076110839844,146.3557586669922,0.06500244140625
s_bird_117,resnet50_tl_20250829,8,4,76,136,80.0,140.0,146.42076110839844,146.31964111328125,0.1011199951171875
s_bird_117,resnet50_tl_20250829,8,4,76,140,80.0,144.0,146.42076110839844,146.29417419433594,0.1265869140625
s_bird_117,resnet50_tl_20250829,8,4,76,144,80.0,148.0,146.42076110839844,146.23989868164062,0.1808624267578125
s_bird_117,resnet50_tl_20250829,8,4,76,148,80.0,152.0,146.42076110839844,146.23037719726562,0.1903839111328125
s_bird_117,resnet50_tl_20250829,8,4,76,152,80.0,156.0,146.42076110839844,146.23561096191406,0.185150146484375
s_bird_117,resnet50_tl_20250829,8,4,76,156,80.0,160.0,146.42076110839844,146.3456268310547,0.07513427734375
s_bird_117,resnet50_tl_20250829,8,4,76,160,80.0,164.0,146.42076110839844,146.36163330078125,0.0591278076171875
s_bird_117,resnet50_tl_20250829,8,4,76,164,80.0,168.0,146.42076110839844,146.2135009765625,0.2072601318359375
s_bird_117,resnet50_tl_20250829,8,4,76,168,80.0,172.0,146.42076110839844,146.2021026611328,0.218658447265625
s_bird_117,resnet50_tl_20250829,8,4,76,172,80.0,176.0,146.42076110839844,146.1941680908203,0.226593017578125
s_bird_117,resnet50_tl_20250829,8,4,76,176,80.0,180.0,146.42076110839844,146.17916870117188,0.2415924072265625
s_bird_117,resnet50_tl_20250829,8,4,76,180,80.0,184.0,146.42076110839844,146.31192016601562,0.1088409423828125
s_bird_117,resnet50_tl_20250829,8,4,76,184,80.0,188.0,146.42076110839844,146.4261474609375,-0.0053863525390625
s_bird_117,resnet50_tl_20250829,8,4,76,188,80.0,192.0,146.42076110839844,146.2615966796875,0.1591644287109375
s_bird_117,resnet50_tl_20250829,8,4,76,192,80.0,196.0,146.42076110839844,146.28067016601562,0.1400909423828125
s_bird_117,resnet50_tl_20250829,8,4,76,196,80.0,200.0,146.42076110839844,146.3478546142578,0.072906494140625
s_bird_117,resnet50_tl_20250829,8,4,76,200,80.0,204.0,146.42076110839844,146.4667205810547,-0.04595947265625
s_bird_117,resnet50_tl_20250829,8,4,76,204,80.0,208.0,146.42076110839844,146.41123962402344,0.009521484375
s_bird_117,resnet50_tl_20250829,8,4,76,208,80.0,212.0,146.42076110839844,146.3315887451172,0.08917236328125
s_bird_117,resnet50_tl_20250829,8,4,76,212,80.0,216.0,146.42076110839844,146.33120727539062,0.0895538330078125
s_bird_117,resnet50_tl_20250829,8,4,76,216,80.0,220.0,146.42076110839844,146.35780334472656,0.062957763671875
s_bird_117,resnet50_tl_20250829,8,4,80,0,84.0,4.0,146.42076110839844,146.22801208496094,0.1927490234375
s_bird_117,resnet50_tl_20250829,8,4,80,4,84.0,8.0,146.42076110839844,146.31471252441406,0.106048583984375
s_bird_117,resnet50_tl_20250829,8,4,80,8,84.0,12.0,146.42076110839844,146.35708618164062,0.0636749267578125
s_bird_117,resnet50_tl_20250829,8,4,80,12,84.0,16.0,146.42076110839844,146.36953735351562,0.0512237548828125
s_bird_117,resnet50_tl_20250829,8,4,80,16,84.0,20.0,146.42076110839844,146.3263397216797,0.09442138671875
s_bird_117,resnet50_tl_20250829,8,4,80,20,84.0,24.0,146.42076110839844,146.28025817871094,0.1405029296875
s_bird_117,resnet50_tl_20250829,8,4,80,24,84.0,28.0,146.42076110839844,146.33953857421875,0.0812225341796875
s_bird_117,resnet50_tl_20250829,8,4,80,28,84.0,32.0,146.42076110839844,146.362548828125,0.0582122802734375
s_bird_117,resnet50_tl_20250829,8,4,80,32,84.0,36.0,146.42076110839844,146.38909912109375,0.0316619873046875
s_bird_117,resnet50_tl_20250829,8,4,80,36,84.0,40.0,146.42076110839844,146.30087280273438,0.1198883056640625
s_bird_117,resnet50_tl_20250829,8,4,80,40,84.0,44.0,146.42076110839844,146.30043029785156,0.120330810546875
s_bird_117,resnet50_tl_20250829,8,4,80,44,84.0,48.0,146.42076110839844,146.3532257080078,0.067535400390625
s_bird_117,resnet50_tl_20250829,8,4,80,48,84.0,52.0,146.42076110839844,146.38417053222656,0.036590576171875
s_bird_117,resnet50_tl_20250829,8,4,80,52,84.0,56.0,146.42076110839844,146.3346405029297,0.08612060546875
s_bird_117,resnet50_tl_20250829,8,4,80,56,84.0,60.0,146.42076110839844,146.37759399414062,0.0431671142578125
s_bird_117,resnet50_tl_20250829,8,4,80,60,84.0,64.0,146.42076110839844,146.4287872314453,-0.008026123046875
s_bird_117,resnet50_tl_20250829,8,4,80,64,84.0,68.0,146.42076110839844,146.39669799804688,0.0240631103515625
s_bird_117,resnet50_tl_20250829,8,4,80,68,84.0,72.0,146.42076110839844,146.33030700683594,0.0904541015625
s_bird_117,resnet50_tl_20250829,8,4,80,72,84.0,76.0,146.42076110839844,146.38108825683594,0.0396728515625
s_bird_117,resnet50_tl_20250829,8,4,80,76,84.0,80.0,146.42076110839844,146.48377990722656,-0.063018798828125
s_bird_117,resnet50_tl_20250829,8,4,80,80,84.0,84.0,146.42076110839844,146.46128845214844,-0.04052734375
s_bird_117,resnet50_tl_20250829,8,4,80,84,84.0,88.0,146.42076110839844,146.3759002685547,0.04486083984375
s_bird_117,resnet50_tl_20250829,8,4,80,88,84.0,92.0,146.42076110839844,146.38206481933594,0.0386962890625
s_bird_117,resnet50_tl_20250829,8,4,80,92,84.0,96.0,146.42076110839844,146.48150634765625,-0.0607452392578125
s_bird_117,resnet50_tl_20250829,8,4,80,96,84.0,100.0,146.42076110839844,146.4732666015625,-0.0525054931640625
s_bird_117,resnet50_tl_20250829,8,4,80,100,84.0,104.0,146.42076110839844,146.38986206054688,0.0308990478515625
s_bird_117,resnet50_tl_20250829,8,4,80,104,84.0,108.0,146.42076110839844,146.37417602539062,0.0465850830078125
s_bird_117,resnet50_tl_20250829,8,4,80,108,84.0,112.0,146.42076110839844,146.47434997558594,-0.0535888671875
s_bird_117,resnet50_tl_20250829,8,4,80,112,84.0,116.0,146.42076110839844,146.48074340820312,-0.0599822998046875
s_bird_117,resnet50_tl_20250829,8,4,80,116,84.0,120.0,146.42076110839844,146.41419982910156,0.006561279296875
s_bird_117,resnet50_tl_20250829,8,4,80,120,84.0,124.0,146.42076110839844,146.39309692382812,0.0276641845703125
s_bird_117,resnet50_tl_20250829,8,4,80,124,84.0,128.0,146.42076110839844,146.38267517089844,0.0380859375
s_bird_117,resnet50_tl_20250829,8,4,80,128,84.0,132.0,146.42076110839844,146.379150390625,0.0416107177734375
s_bird_117,resnet50_tl_20250829,8,4,80,132,84.0,136.0,146.42076110839844,146.3777313232422,0.04302978515625
s_bird_117,resnet50_tl_20250829,8,4,80,136,84.0,140.0,146.42076110839844,146.39788818359375,0.0228729248046875
s_bird_117,resnet50_tl_20250829,8,4,80,140,84.0,144.0,146.42076110839844,146.35792541503906,0.062835693359375
s_bird_117,resnet50_tl_20250829,8,4,80,144,84.0,148.0,146.42076110839844,146.33920288085938,0.0815582275390625
s_bird_117,resnet50_tl_20250829,8,4,80,148,84.0,152.0,146.42076110839844,146.2957763671875,0.1249847412109375
s_bird_117,resnet50_tl_20250829,8,4,80,152,84.0,156.0,146.42076110839844,146.2898712158203,0.130889892578125
s_bird_117,resnet50_tl_20250829,8,4,80,156,84.0,160.0,146.42076110839844,146.342529296875,0.0782318115234375
s_bird_117,resnet50_tl_20250829,8,4,80,160,84.0,164.0,146.42076110839844,146.40379333496094,0.0169677734375
s_bird_117,resnet50_tl_20250829,8,4,80,164,84.0,168.0,146.42076110839844,146.22203063964844,0.19873046875
s_bird_117,resnet50_tl_20250829,8,4,80,168,84.0,172.0,146.42076110839844,146.24484252929688,0.1759185791015625
s_bird_117,resnet50_tl_20250829,8,4,80,172,84.0,176.0,146.42076110839844,146.2349853515625,0.1857757568359375
s_bird_117,resnet50_tl_20250829,8,4,80,176,84.0,180.0,146.42076110839844,146.31881713867188,0.1019439697265625
s_bird_117,resnet50_tl_20250829,8,4,80,180,84.0,184.0,146.42076110839844,146.2939453125,0.1268157958984375
s_bird_117,resnet50_tl_20250829,8,4,80,184,84.0,188.0,146.42076110839844,146.36624145507812,0.0545196533203125
s_bird_117,resnet50_tl_20250829,8,4,80,188,84.0,192.0,146.42076110839844,146.21116638183594,0.2095947265625
s_bird_117,resnet50_tl_20250829,8,4,80,192,84.0,196.0,146.42076110839844,146.2449188232422,0.17584228515625
s_bird_117,resnet50_tl_20250829,8,4,80,196,84.0,200.0,146.42076110839844,146.25665283203125,0.1641082763671875
s_bird_117,resnet50_tl_20250829,8,4,80,200,84.0,204.0,146.42076110839844,146.40309143066406,0.017669677734375
s_bird_117,resnet50_tl_20250829,8,4,80,204,84.0,208.0,146.42076110839844,146.3387908935547,0.08197021484375
s_bird_117,resnet50_tl_20250829,8,4,80,208,84.0,212.0,146.42076110839844,146.3080596923828,0.112701416015625
s_bird_117,resnet50_tl_20250829,8,4,80,212,84.0,216.0,146.42076110839844,146.2957305908203,0.125030517578125
s_bird_117,resnet50_tl_20250829,8,4,80,216,84.0,220.0,146.42076110839844,146.3516082763672,0.06915283203125
s_bird_117,resnet50_tl_20250829,8,4,84,0,88.0,4.0,146.42076110839844,146.3673858642578,0.053375244140625
s_bird_117,resnet50_tl_20250829,8,4,84,4,88.0,8.0,146.42076110839844,146.3657989501953,0.054962158203125
s_bird_117,resnet50_tl_20250829,8,4,84,8,88.0,12.0,146.42076110839844,146.4031219482422,0.01763916015625
s_bird_117,resnet50_tl_20250829,8,4,84,12,88.0,16.0,146.42076110839844,146.432373046875,-0.0116119384765625
s_bird_117,resnet50_tl_20250829,8,4,84,16,88.0,20.0,146.42076110839844,146.3605194091797,0.06024169921875
s_bird_117,resnet50_tl_20250829,8,4,84,20,88.0,24.0,146.42076110839844,146.39657592773438,0.0241851806640625
s_bird_117,resnet50_tl_20250829,8,4,84,24,88.0,28.0,146.42076110839844,146.30284118652344,0.117919921875
s_bird_117,resnet50_tl_20250829,8,4,84,28,88.0,32.0,146.42076110839844,146.38966369628906,0.031097412109375
s_bird_117,resnet50_tl_20250829,8,4,84,32,88.0,36.0,146.42076110839844,146.34002685546875,0.0807342529296875
s_bird_117,resnet50_tl_20250829,8,4,84,36,88.0,40.0,146.42076110839844,146.32363891601562,0.0971221923828125
s_bird_117,resnet50_tl_20250829,8,4,84,40,88.0,44.0,146.42076110839844,146.31539916992188,0.1053619384765625
s_bird_117,resnet50_tl_20250829,8,4,84,44,88.0,48.0,146.42076110839844,146.333251953125,0.0875091552734375
s_bird_117,resnet50_tl_20250829,8,4,84,48,88.0,52.0,146.42076110839844,146.31167602539062,0.1090850830078125
s_bird_117,resnet50_tl_20250829,8,4,84,52,88.0,56.0,146.42076110839844,146.39532470703125,0.0254364013671875
s_bird_117,resnet50_tl_20250829,8,4,84,56,88.0,60.0,146.42076110839844,146.46157836914062,-0.0408172607421875
s_bird_117,resnet50_tl_20250829,8,4,84,60,88.0,64.0,146.42076110839844,146.45387268066406,-0.033111572265625
s_bird_117,resnet50_tl_20250829,8,4,84,64,88.0,68.0,146.42076110839844,146.4140167236328,0.006744384765625
s_bird_117,resnet50_tl_20250829,8,4,84,68,88.0,72.0,146.42076110839844,146.41587829589844,0.0048828125
s_bird_117,resnet50_tl_20250829,8,4,84,72,88.0,76.0,146.42076110839844,146.3822021484375,0.0385589599609375
s_bird_117,resnet50_tl_20250829,8,4,84,76,88.0,80.0,146.42076110839844,146.41221618652344,0.008544921875
s_bird_117,resnet50_tl_20250829,8,4,84,80,88.0,84.0,146.42076110839844,146.36373901367188,0.0570220947265625
s_bird_117,resnet50_tl_20250829,8,4,84,84,88.0,88.0,146.42076110839844,146.39183044433594,0.0289306640625
s_bird_117,resnet50_tl_20250829,8,4,84,88,88.0,92.0,146.42076110839844,146.36260986328125,0.0581512451171875
s_bird_117,resnet50_tl_20250829,8,4,84,92,88.0,96.0,146.42076110839844,146.4365997314453,-0.015838623046875
s_bird_117,resnet50_tl_20250829,8,4,84,96,88.0,100.0,146.42076110839844,146.4348602294922,-0.01409912109375
s_bird_117,resnet50_tl_20250829,8,4,84,100,88.0,104.0,146.42076110839844,146.3887481689453,0.032012939453125
s_bird_117,resnet50_tl_20250829,8,4,84,104,88.0,108.0,146.42076110839844,146.3345947265625,0.0861663818359375
s_bird_117,resnet50_tl_20250829,8,4,84,108,88.0,112.0,146.42076110839844,146.36264038085938,0.0581207275390625
s_bird_117,resnet50_tl_20250829,8,4,84,112,88.0,116.0,146.42076110839844,146.3714599609375,0.0493011474609375
s_bird_117,resnet50_tl_20250829,8,4,84,116,88.0,120.0,146.42076110839844,146.37860107421875,0.0421600341796875
s_bird_117,resnet50_tl_20250829,8,4,84,120,88.0,124.0,146.42076110839844,146.3584442138672,0.06231689453125
s_bird_117,resnet50_tl_20250829,8,4,84,124,88.0,128.0,146.42076110839844,146.3548583984375,0.0659027099609375
s_bird_117,resnet50_tl_20250829,8,4,84,128,88.0,132.0,146.42076110839844,146.3402862548828,0.080474853515625
s_bird_117,resnet50_tl_20250829,8,4,84,132,88.0,136.0,146.42076110839844,146.31141662597656,0.109344482421875
s_bird_117,resnet50_tl_20250829,8,4,84,136,88.0,140.0,146.42076110839844,146.3565216064453,0.064239501953125
s_bird_117,resnet50_tl_20250829,8,4,84,140,88.0,144.0,146.42076110839844,146.37799072265625,0.0427703857421875
s_bird_117,resnet50_tl_20250829,8,4,84,144,88.0,148.0,146.42076110839844,146.3408203125,0.0799407958984375
s_bird_117,resnet50_tl_20250829,8,4,84,148,88.0,152.0,146.42076110839844,146.31771850585938,0.1030426025390625
s_bird_117,resnet50_tl_20250829,8,4,84,152,88.0,156.0,146.42076110839844,146.28965759277344,0.131103515625
s_bird_117,resnet50_tl_20250829,8,4,84,156,88.0,160.0,146.42076110839844,146.30377197265625,0.1169891357421875
s_bird_117,resnet50_tl_20250829,8,4,84,160,88.0,164.0,146.42076110839844,146.2900848388672,0.13067626953125
s_bird_117,resnet50_tl_20250829,8,4,84,164,88.0,168.0,146.42076110839844,146.3130340576172,0.10772705078125
s_bird_117,resnet50_tl_20250829,8,4,84,168,88.0,172.0,146.42076110839844,146.3345489501953,0.086212158203125
s_bird_117,resnet50_tl_20250829,8,4,84,172,88.0,176.0,146.42076110839844,146.44097900390625,-0.0202178955078125
s_bird_117,resnet50_tl_20250829,8,4,84,176,88.0,180.0,146.42076110839844,146.4838104248047,-0.06304931640625
s_bird_117,resnet50_tl_20250829,8,4,84,180,88.0,184.0,146.42076110839844,146.40895080566406,0.011810302734375
s_bird_117,resnet50_tl_20250829,8,4,84,184,88.0,188.0,146.42076110839844,146.41688537597656,0.003875732421875
s_bird_117,resnet50_tl_20250829,8,4,84,188,88.0,192.0,146.42076110839844,146.48577880859375,-0.0650177001953125
s_bird_117,resnet50_tl_20250829,8,4,84,192,88.0,196.0,146.42076110839844,146.45455932617188,-0.0337982177734375
s_bird_117,resnet50_tl_20250829,8,4,84,196,88.0,200.0,146.42076110839844,146.4137420654297,0.00701904296875
s_bird_117,resnet50_tl_20250829,8,4,84,200,88.0,204.0,146.42076110839844,146.4154815673828,0.005279541015625
s_bird_117,resnet50_tl_20250829,8,4,84,204,88.0,208.0,146.42076110839844,146.4483184814453,-0.027557373046875
s_bird_117,resnet50_tl_20250829,8,4,84,208,88.0,212.0,146.42076110839844,146.4420166015625,-0.0212554931640625
s_bird_117,resnet50_tl_20250829,8,4,84,212,88.0,216.0,146.42076110839844,146.3983154296875,0.0224456787109375
s_bird_117,resnet50_tl_20250829,8,4,84,216,88.0,220.0,146.42076110839844,146.34518432617188,0.0755767822265625
s_bird_117,resnet50_tl_20250829,8,4,88,0,92.0,4.0,146.42076110839844,146.3272705078125,0.0934906005859375
s_bird_117,resnet50_tl_20250829,8,4,88,4,92.0,8.0,146.42076110839844,146.33067321777344,0.090087890625
s_bird_117,resnet50_tl_20250829,8,4,88,8,92.0,12.0,146.42076110839844,146.33990478515625,0.0808563232421875
s_bird_117,resnet50_tl_20250829,8,4,88,12,92.0,16.0,146.42076110839844,146.3831329345703,0.037628173828125
s_bird_117,resnet50_tl_20250829,8,4,88,16,92.0,20.0,146.42076110839844,146.3511962890625,0.0695648193359375
s_bird_117,resnet50_tl_20250829,8,4,88,20,92.0,24.0,146.42076110839844,146.26736450195312,0.1533966064453125
s_bird_117,resnet50_tl_20250829,8,4,88,24,92.0,28.0,146.42076110839844,146.29144287109375,0.1293182373046875
s_bird_117,resnet50_tl_20250829,8,4,88,28,92.0,32.0,146.42076110839844,146.39385986328125,0.0269012451171875
s_bird_117,resnet50_tl_20250829,8,4,88,32,92.0,36.0,146.42076110839844,146.367431640625,0.0533294677734375
s_bird_117,resnet50_tl_20250829,8,4,88,36,92.0,40.0,146.42076110839844,146.3517608642578,0.069000244140625
s_bird_117,resnet50_tl_20250829,8,4,88,40,92.0,44.0,146.42076110839844,146.38490295410156,0.035858154296875
s_bird_117,resnet50_tl_20250829,8,4,88,44,92.0,48.0,146.42076110839844,146.3645477294922,0.05621337890625
s_bird_117,resnet50_tl_20250829,8,4,88,48,92.0,52.0,146.42076110839844,146.3557586669922,0.06500244140625
s_bird_117,resnet50_tl_20250829,8,4,88,52,92.0,56.0,146.42076110839844,146.36407470703125,0.0566864013671875
s_bird_117,resnet50_tl_20250829,8,4,88,56,92.0,60.0,146.42076110839844,146.4346923828125,-0.0139312744140625
s_bird_117,resnet50_tl_20250829,8,4,88,60,92.0,64.0,146.42076110839844,146.4222869873047,-0.00152587890625
s_bird_117,resnet50_tl_20250829,8,4,88,64,92.0,68.0,146.42076110839844,146.39114379882812,0.0296173095703125
s_bird_117,resnet50_tl_20250829,8,4,88,68,92.0,72.0,146.42076110839844,146.37451171875,0.0462493896484375
s_bird_117,resnet50_tl_20250829,8,4,88,72,92.0,76.0,146.42076110839844,146.3892364501953,0.031524658203125
s_bird_117,resnet50_tl_20250829,8,4,88,76,92.0,80.0,146.42076110839844,146.37660217285156,0.044158935546875
s_bird_117,resnet50_tl_20250829,8,4,88,80,92.0,84.0,146.42076110839844,146.3623046875,0.0584564208984375
s_bird_117,resnet50_tl_20250829,8,4,88,84,92.0,88.0,146.42076110839844,146.3666229248047,0.05413818359375
s_bird_117,resnet50_tl_20250829,8,4,88,88,92.0,92.0,146.42076110839844,146.34571838378906,0.075042724609375
s_bird_117,resnet50_tl_20250829,8,4,88,92,92.0,96.0,146.42076110839844,146.4042510986328,0.016510009765625
s_bird_117,resnet50_tl_20250829,8,4,88,96,92.0,100.0,146.42076110839844,146.394287109375,0.0264739990234375
s_bird_117,resnet50_tl_20250829,8,4,88,100,92.0,104.0,146.42076110839844,146.3290557861328,0.091705322265625
s_bird_117,resnet50_tl_20250829,8,4,88,104,92.0,108.0,146.42076110839844,146.3450164794922,0.07574462890625
s_bird_117,resnet50_tl_20250829,8,4,88,108,92.0,112.0,146.42076110839844,146.3393096923828,0.081451416015625
s_bird_117,resnet50_tl_20250829,8,4,88,112,92.0,116.0,146.42076110839844,146.37850952148438,0.0422515869140625
s_bird_117,resnet50_tl_20250829,8,4,88,116,92.0,120.0,146.42076110839844,146.4019775390625,0.0187835693359375
s_bird_117,resnet50_tl_20250829,8,4,88,120,92.0,124.0,146.42076110839844,146.4517822265625,-0.0310211181640625
s_bird_117,resnet50_tl_20250829,8,4,88,124,92.0,128.0,146.42076110839844,146.4736785888672,-0.05291748046875
s_bird_117,resnet50_tl_20250829,8,4,88,128,92.0,132.0,146.42076110839844,146.45477294921875,-0.0340118408203125
s_bird_117,resnet50_tl_20250829,8,4,88,132,92.0,136.0,146.42076110839844,146.4283447265625,-0.0075836181640625
s_bird_117,resnet50_tl_20250829,8,4,88,136,92.0,140.0,146.42076110839844,146.4169158935547,0.00384521484375
s_bird_117,resnet50_tl_20250829,8,4,88,140,92.0,144.0,146.42076110839844,146.43882751464844,-0.01806640625
s_bird_117,resnet50_tl_20250829,8,4,88,144,92.0,148.0,146.42076110839844,146.40652465820312,0.0142364501953125
s_bird_117,resnet50_tl_20250829,8,4,88,148,92.0,152.0,146.42076110839844,146.42771911621094,-0.0069580078125
s_bird_117,resnet50_tl_20250829,8,4,88,152,92.0,156.0,146.42076110839844,146.27381896972656,0.146942138671875
s_bird_117,resnet50_tl_20250829,8,4,88,156,92.0,160.0,146.42076110839844,146.3591766357422,0.06158447265625
s_bird_117,resnet50_tl_20250829,8,4,88,160,92.0,164.0,146.42076110839844,146.390625,0.0301361083984375
s_bird_117,resnet50_tl_20250829,8,4,88,164,92.0,168.0,146.42076110839844,146.58306884765625,-0.1623077392578125
s_bird_117,resnet50_tl_20250829,8,4,88,168,92.0,172.0,146.42076110839844,146.52001953125,-0.0992584228515625
s_bird_117,resnet50_tl_20250829,8,4,88,172,92.0,176.0,146.42076110839844,146.54342651367188,-0.1226654052734375
s_bird_117,resnet50_tl_20250829,8,4,88,176,92.0,180.0,146.42076110839844,146.36744689941406,0.053314208984375
s_bird_117,resnet50_tl_20250829,8,4,88,180,92.0,184.0,146.42076110839844,146.30581665039062,0.1149444580078125
s_bird_117,resnet50_tl_20250829,8,4,88,184,92.0,188.0,146.42076110839844,146.43142700195312,-0.0106658935546875
s_bird_117,resnet50_tl_20250829,8,4,88,188,92.0,192.0,146.42076110839844,146.35342407226562,0.0673370361328125
s_bird_117,resnet50_tl_20250829,8,4,88,192,92.0,196.0,146.42076110839844,146.3004913330078,0.120269775390625
s_bird_117,resnet50_tl_20250829,8,4,88,196,92.0,200.0,146.42076110839844,146.27215576171875,0.1486053466796875
s_bird_117,resnet50_tl_20250829,8,4,88,200,92.0,204.0,146.42076110839844,146.3719482421875,0.0488128662109375
s_bird_117,resnet50_tl_20250829,8,4,88,204,92.0,208.0,146.42076110839844,146.39846801757812,0.0222930908203125
s_bird_117,resnet50_tl_20250829,8,4,88,208,92.0,212.0,146.42076110839844,146.40203857421875,0.0187225341796875
s_bird_117,resnet50_tl_20250829,8,4,88,212,92.0,216.0,146.42076110839844,146.3440704345703,0.076690673828125
s_bird_117,resnet50_tl_20250829,8,4,88,216,92.0,220.0,146.42076110839844,146.34951782226562,0.0712432861328125
s_bird_117,resnet50_tl_20250829,8,4,92,0,96.0,4.0,146.42076110839844,146.3096466064453,0.111114501953125
s_bird_117,resnet50_tl_20250829,8,4,92,4,96.0,8.0,146.42076110839844,146.32049560546875,0.1002655029296875
s_bird_117,resnet50_tl_20250829,8,4,92,8,96.0,12.0,146.42076110839844,146.3008270263672,0.11993408203125
s_bird_117,resnet50_tl_20250829,8,4,92,12,96.0,16.0,146.42076110839844,146.54042053222656,-0.119659423828125
s_bird_117,resnet50_tl_20250829,8,4,92,16,96.0,20.0,146.42076110839844,146.348876953125,0.0718841552734375
s_bird_117,resnet50_tl_20250829,8,4,92,20,96.0,24.0,146.42076110839844,146.1847686767578,0.235992431640625
s_bird_117,resnet50_tl_20250829,8,4,92,24,96.0,28.0,146.42076110839844,146.3046417236328,0.116119384765625
s_bird_117,resnet50_tl_20250829,8,4,92,28,96.0,32.0,146.42076110839844,146.4451141357422,-0.02435302734375
s_bird_117,resnet50_tl_20250829,8,4,92,32,96.0,36.0,146.42076110839844,146.44577026367188,-0.0250091552734375
s_bird_117,resnet50_tl_20250829,8,4,92,36,96.0,40.0,146.42076110839844,146.39976501464844,0.02099609375
s_bird_117,resnet50_tl_20250829,8,4,92,40,96.0,44.0,146.42076110839844,146.4219207763672,-0.00115966796875
s_bird_117,resnet50_tl_20250829,8,4,92,44,96.0,48.0,146.42076110839844,146.47445678710938,-0.0536956787109375
s_bird_117,resnet50_tl_20250829,8,4,92,48,96.0,52.0,146.42076110839844,146.46224975585938,-0.0414886474609375
s_bird_117,resnet50_tl_20250829,8,4,92,52,96.0,56.0,146.42076110839844,146.4638214111328,-0.043060302734375
s_bird_117,resnet50_tl_20250829,8,4,92,56,96.0,60.0,146.42076110839844,146.4862823486328,-0.065521240234375
s_bird_117,resnet50_tl_20250829,8,4,92,60,96.0,64.0,146.42076110839844,146.4602508544922,-0.03948974609375
s_bird_117,resnet50_tl_20250829,8,4,92,64,96.0,68.0,146.42076110839844,146.34445190429688,0.0763092041015625
s_bird_117,resnet50_tl_20250829,8,4,92,68,96.0,72.0,146.42076110839844,146.28732299804688,0.1334381103515625
s_bird_117,resnet50_tl_20250829,8,4,92,72,96.0,76.0,146.42076110839844,146.43350219726562,-0.0127410888671875
s_bird_117,resnet50_tl_20250829,8,4,92,76,96.0,80.0,146.42076110839844,146.5283660888672,-0.10760498046875
s_bird_117,resnet50_tl_20250829,8,4,92,80,96.0,84.0,146.42076110839844,146.48199462890625,-0.0612335205078125
s_bird_117,resnet50_tl_20250829,8,4,92,84,96.0,88.0,146.42076110839844,146.40252685546875,0.0182342529296875
s_bird_117,resnet50_tl_20250829,8,4,92,88,96.0,92.0,146.42076110839844,146.38656616210938,0.0341949462890625
s_bird_117,resnet50_tl_20250829,8,4,92,92,96.0,96.0,146.42076110839844,146.45831298828125,-0.0375518798828125
s_bird_117,resnet50_tl_20250829,8,4,92,96,96.0,100.0,146.42076110839844,146.41317749023438,0.0075836181640625
s_bird_117,resnet50_tl_20250829,8,4,92,100,96.0,104.0,146.42076110839844,146.3271026611328,0.093658447265625
s_bird_117,resnet50_tl_20250829,8,4,92,104,96.0,108.0,146.42076110839844,146.36671447753906,0.054046630859375
s_bird_117,resnet50_tl_20250829,8,4,92,108,96.0,112.0,146.42076110839844,146.37368774414062,0.0470733642578125
s_bird_117,resnet50_tl_20250829,8,4,92,112,96.0,116.0,146.42076110839844,146.35470581054688,0.0660552978515625
s_bird_117,resnet50_tl_20250829,8,4,92,116,96.0,120.0,146.42076110839844,146.44947814941406,-0.028717041015625
s_bird_117,resnet50_tl_20250829,8,4,92,120,96.0,124.0,146.42076110839844,146.56214904785156,-0.141387939453125
s_bird_117,resnet50_tl_20250829,8,4,92,124,96.0,128.0,146.42076110839844,146.5229034423828,-0.102142333984375
s_bird_117,resnet50_tl_20250829,8,4,92,128,96.0,132.0,146.42076110839844,146.49815368652344,-0.077392578125
s_bird_117,resnet50_tl_20250829,8,4,92,132,96.0,136.0,146.42076110839844,146.58863830566406,-0.167877197265625
s_bird_117,resnet50_tl_20250829,8,4,92,136,96.0,140.0,146.42076110839844,146.5872039794922,-0.16644287109375
s_bird_117,resnet50_tl_20250829,8,4,92,140,96.0,144.0,146.42076110839844,146.5335693359375,-0.1128082275390625
s_bird_117,resnet50_tl_20250829,8,4,92,144,96.0,148.0,146.42076110839844,146.39996337890625,0.0207977294921875
s_bird_117,resnet50_tl_20250829,8,4,92,148,96.0,152.0,146.42076110839844,146.3683319091797,0.05242919921875
s_bird_117,resnet50_tl_20250829,8,4,92,152,96.0,156.0,146.42076110839844,146.32571411132812,0.0950469970703125
s_bird_117,resnet50_tl_20250829,8,4,92,156,96.0,160.0,146.42076110839844,146.2183837890625,0.2023773193359375
s_bird_117,resnet50_tl_20250829,8,4,92,160,96.0,164.0,146.42076110839844,146.3230438232422,0.09771728515625
s_bird_117,resnet50_tl_20250829,8,4,92,164,96.0,168.0,146.42076110839844,146.62355041503906,-0.202789306640625
s_bird_117,resnet50_tl_20250829,8,4,92,168,96.0,172.0,146.42076110839844,146.51759338378906,-0.096832275390625
s_bird_117,resnet50_tl_20250829,8,4,92,172,96.0,176.0,146.42076110839844,146.3079376220703,0.112823486328125
s_bird_117,resnet50_tl_20250829,8,4,92,176,96.0,180.0,146.42076110839844,146.2681121826172,0.15264892578125
s_bird_117,resnet50_tl_20250829,8,4,92,180,96.0,184.0,146.42076110839844,146.41549682617188,0.0052642822265625
s_bird_117,resnet50_tl_20250829,8,4,92,184,96.0,188.0,146.42076110839844,146.4072265625,0.0135345458984375
s_bird_117,resnet50_tl_20250829,8,4,92,188,96.0,192.0,146.42076110839844,146.17298889160156,0.247772216796875
s_bird_117,resnet50_tl_20250829,8,4,92,192,96.0,196.0,146.42076110839844,146.13583374023438,0.2849273681640625
s_bird_117,resnet50_tl_20250829,8,4,92,196,96.0,200.0,146.42076110839844,146.25100708007812,0.1697540283203125
s_bird_117,resnet50_tl_20250829,8,4,92,200,96.0,204.0,146.42076110839844,146.39727783203125,0.0234832763671875
s_bird_117,resnet50_tl_20250829,8,4,92,204,96.0,208.0,146.42076110839844,146.3961639404297,0.02459716796875
s_bird_117,resnet50_tl_20250829,8,4,92,208,96.0,212.0,146.42076110839844,146.35842895507812,0.0623321533203125
s_bird_117,resnet50_tl_20250829,8,4,92,212,96.0,216.0,146.42076110839844,146.35147094726562,0.0692901611328125
s_bird_117,resnet50_tl_20250829,8,4,92,216,96.0,220.0,146.42076110839844,146.3601837158203,0.060577392578125
s_bird_117,resnet50_tl_20250829,8,4,96,0,100.0,4.0,146.42076110839844,146.32022094726562,0.1005401611328125
s_bird_117,resnet50_tl_20250829,8,4,96,4,100.0,8.0,146.42076110839844,146.3366241455078,0.084136962890625
s_bird_117,resnet50_tl_20250829,8,4,96,8,100.0,12.0,146.42076110839844,146.32376098632812,0.0970001220703125
s_bird_117,resnet50_tl_20250829,8,4,96,12,100.0,16.0,146.42076110839844,146.43722534179688,-0.0164642333984375
s_bird_117,resnet50_tl_20250829,8,4,96,16,100.0,20.0,146.42076110839844,146.3072052001953,0.113555908203125
s_bird_117,resnet50_tl_20250829,8,4,96,20,100.0,24.0,146.42076110839844,146.2471466064453,0.173614501953125
s_bird_117,resnet50_tl_20250829,8,4,96,24,100.0,28.0,146.42076110839844,146.40292358398438,0.0178375244140625
s_bird_117,resnet50_tl_20250829,8,4,96,28,100.0,32.0,146.42076110839844,146.46397399902344,-0.043212890625
s_bird_117,resnet50_tl_20250829,8,4,96,32,100.0,36.0,146.42076110839844,146.4514923095703,-0.030731201171875
s_bird_117,resnet50_tl_20250829,8,4,96,36,100.0,40.0,146.42076110839844,146.4055633544922,0.01519775390625
s_bird_117,resnet50_tl_20250829,8,4,96,40,100.0,44.0,146.42076110839844,146.45196533203125,-0.0312042236328125
s_bird_117,resnet50_tl_20250829,8,4,96,44,100.0,48.0,146.42076110839844,146.51747131347656,-0.096710205078125
s_bird_117,resnet50_tl_20250829,8,4,96,48,100.0,52.0,146.42076110839844,146.46031188964844,-0.03955078125
s_bird_117,resnet50_tl_20250829,8,4,96,52,100.0,56.0,146.42076110839844,146.5181884765625,-0.0974273681640625
s_bird_117,resnet50_tl_20250829,8,4,96,56,100.0,60.0,146.42076110839844,146.51248168945312,-0.0917205810546875
s_bird_117,resnet50_tl_20250829,8,4,96,60,100.0,64.0,146.42076110839844,146.47869873046875,-0.0579376220703125
s_bird_117,resnet50_tl_20250829,8,4,96,64,100.0,68.0,146.42076110839844,146.3436737060547,0.07708740234375
s_bird_117,resnet50_tl_20250829,8,4,96,68,100.0,72.0,146.42076110839844,146.2750701904297,0.14569091796875
s_bird_117,resnet50_tl_20250829,8,4,96,72,100.0,76.0,146.42076110839844,146.41146850585938,0.0092926025390625
s_bird_117,resnet50_tl_20250829,8,4,96,76,100.0,80.0,146.42076110839844,146.5850372314453,-0.164276123046875
s_bird_117,resnet50_tl_20250829,8,4,96,80,100.0,84.0,146.42076110839844,146.49415588378906,-0.073394775390625
s_bird_117,resnet50_tl_20250829,8,4,96,84,100.0,88.0,146.42076110839844,146.4064483642578,0.014312744140625
s_bird_117,resnet50_tl_20250829,8,4,96,88,100.0,92.0,146.42076110839844,146.45726013183594,-0.0364990234375
s_bird_117,resnet50_tl_20250829,8,4,96,92,100.0,96.0,146.42076110839844,146.51353454589844,-0.0927734375
s_bird_117,resnet50_tl_20250829,8,4,96,96,100.0,100.0,146.42076110839844,146.47811889648438,-0.0573577880859375
s_bird_117,resnet50_tl_20250829,8,4,96,100,100.0,104.0,146.42076110839844,146.38296508789062,0.0377960205078125
s_bird_117,resnet50_tl_20250829,8,4,96,104,100.0,108.0,146.42076110839844,146.37600708007812,0.0447540283203125
s_bird_117,resnet50_tl_20250829,8,4,96,108,100.0,112.0,146.42076110839844,146.37840270996094,0.0423583984375
s_bird_117,resnet50_tl_20250829,8,4,96,112,100.0,116.0,146.42076110839844,146.3347930908203,0.085968017578125
s_bird_117,resnet50_tl_20250829,8,4,96,116,100.0,120.0,146.42076110839844,146.45370483398438,-0.0329437255859375
s_bird_117,resnet50_tl_20250829,8,4,96,120,100.0,124.0,146.42076110839844,146.65109252929688,-0.2303314208984375
s_bird_117,resnet50_tl_20250829,8,4,96,124,100.0,128.0,146.42076110839844,146.61346435546875,-0.1927032470703125
s_bird_117,resnet50_tl_20250829,8,4,96,128,100.0,132.0,146.42076110839844,146.46615600585938,-0.0453948974609375
s_bird_117,resnet50_tl_20250829,8,4,96,132,100.0,136.0,146.42076110839844,146.39971923828125,0.0210418701171875
s_bird_117,resnet50_tl_20250829,8,4,96,136,100.0,140.0,146.42076110839844,146.4605712890625,-0.0398101806640625
s_bird_117,resnet50_tl_20250829,8,4,96,140,100.0,144.0,146.42076110839844,146.4865264892578,-0.065765380859375
s_bird_117,resnet50_tl_20250829,8,4,96,144,100.0,148.0,146.42076110839844,146.3533935546875,0.0673675537109375
s_bird_117,resnet50_tl_20250829,8,4,96,148,100.0,152.0,146.42076110839844,146.3358917236328,0.084869384765625
s_bird_117,resnet50_tl_20250829,8,4,96,152,100.0,156.0,146.42076110839844,146.40139770507812,0.0193634033203125
s_bird_117,resnet50_tl_20250829,8,4,96,156,100.0,160.0,146.42076110839844,146.2513885498047,0.16937255859375
s_bird_117,resnet50_tl_20250829,8,4,96,160,100.0,164.0,146.42076110839844,146.22927856445312,0.1914825439453125
s_bird_117,resnet50_tl_20250829,8,4,96,164,100.0,168.0,146.42076110839844,146.52072143554688,-0.0999603271484375
s_bird_117,resnet50_tl_20250829,8,4,96,168,100.0,172.0,146.42076110839844,146.3486328125,0.0721282958984375
s_bird_117,resnet50_tl_20250829,8,4,96,172,100.0,176.0,146.42076110839844,146.22642517089844,0.1943359375
s_bird_117,resnet50_tl_20250829,8,4,96,176,100.0,180.0,146.42076110839844,146.18569946289062,0.2350616455078125
s_bird_117,resnet50_tl_20250829,8,4,96,180,100.0,184.0,146.42076110839844,146.19883728027344,0.221923828125
s_bird_117,resnet50_tl_20250829,8,4,96,184,100.0,188.0,146.42076110839844,146.3467254638672,0.07403564453125
s_bird_117,resnet50_tl_20250829,8,4,96,188,100.0,192.0,146.42076110839844,146.1192169189453,0.301544189453125
s_bird_117,resnet50_tl_20250829,8,4,96,192,100.0,196.0,146.42076110839844,146.124755859375,0.2960052490234375
s_bird_117,resnet50_tl_20250829,8,4,96,196,100.0,200.0,146.42076110839844,146.23452758789062,0.1862335205078125
s_bird_117,resnet50_tl_20250829,8,4,96,200,100.0,204.0,146.42076110839844,146.36439514160156,0.056365966796875
s_bird_117,resnet50_tl_20250829,8,4,96,204,100.0,208.0,146.42076110839844,146.3438720703125,0.0768890380859375
s_bird_117,resnet50_tl_20250829,8,4,96,208,100.0,212.0,146.42076110839844,146.34994506835938,0.0708160400390625
s_bird_117,resnet50_tl_20250829,8,4,96,212,100.0,216.0,146.42076110839844,146.32472229003906,0.096038818359375
s_bird_117,resnet50_tl_20250829,8,4,96,216,100.0,220.0,146.42076110839844,146.36956787109375,0.0511932373046875
s_bird_117,resnet50_tl_20250829,8,4,100,0,104.0,4.0,146.42076110839844,146.45960998535156,-0.038848876953125
s_bird_117,resnet50_tl_20250829,8,4,100,4,104.0,8.0,146.42076110839844,146.4490966796875,-0.0283355712890625
s_bird_117,resnet50_tl_20250829,8,4,100,8,104.0,12.0,146.42076110839844,146.46975708007812,-0.0489959716796875
s_bird_117,resnet50_tl_20250829,8,4,100,12,104.0,16.0,146.42076110839844,146.52474975585938,-0.1039886474609375
s_bird_117,resnet50_tl_20250829,8,4,100,16,104.0,20.0,146.42076110839844,146.46595764160156,-0.045196533203125
s_bird_117,resnet50_tl_20250829,8,4,100,20,104.0,24.0,146.42076110839844,146.39190673828125,0.0288543701171875
s_bird_117,resnet50_tl_20250829,8,4,100,24,104.0,28.0,146.42076110839844,146.27244567871094,0.1483154296875
s_bird_117,resnet50_tl_20250829,8,4,100,28,104.0,32.0,146.42076110839844,146.29994201660156,0.120819091796875
s_bird_117,resnet50_tl_20250829,8,4,100,32,104.0,36.0,146.42076110839844,146.30169677734375,0.1190643310546875
s_bird_117,resnet50_tl_20250829,8,4,100,36,104.0,40.0,146.42076110839844,146.30355834960938,0.1172027587890625
s_bird_117,resnet50_tl_20250829,8,4,100,40,104.0,44.0,146.42076110839844,146.3248291015625,0.0959320068359375
s_bird_117,resnet50_tl_20250829,8,4,100,44,104.0,48.0,146.42076110839844,146.4187469482422,0.00201416015625
s_bird_117,resnet50_tl_20250829,8,4,100,48,104.0,52.0,146.42076110839844,146.5148162841797,-0.09405517578125
s_bird_117,resnet50_tl_20250829,8,4,100,52,104.0,56.0,146.42076110839844,146.58042907714844,-0.15966796875
s_bird_117,resnet50_tl_20250829,8,4,100,56,104.0,60.0,146.42076110839844,146.53982543945312,-0.1190643310546875
s_bird_117,resnet50_tl_20250829,8,4,100,60,104.0,64.0,146.42076110839844,146.47337341308594,-0.0526123046875
s_bird_117,resnet50_tl_20250829,8,4,100,64,104.0,68.0,146.42076110839844,146.39698791503906,0.023773193359375
s_bird_117,resnet50_tl_20250829,8,4,100,68,104.0,72.0,146.42076110839844,146.437255859375,-0.0164947509765625
s_bird_117,resnet50_tl_20250829,8,4,100,72,104.0,76.0,146.42076110839844,146.4532012939453,-0.032440185546875
s_bird_117,resnet50_tl_20250829,8,4,100,76,104.0,80.0,146.42076110839844,146.58078002929688,-0.1600189208984375
s_bird_117,resnet50_tl_20250829,8,4,100,80,104.0,84.0,146.42076110839844,146.48980712890625,-0.0690460205078125
s_bird_117,resnet50_tl_20250829,8,4,100,84,104.0,88.0,146.42076110839844,146.3975372314453,0.023223876953125
s_bird_117,resnet50_tl_20250829,8,4,100,88,104.0,92.0,146.42076110839844,146.39157104492188,0.0291900634765625
s_bird_117,resnet50_tl_20250829,8,4,100,92,104.0,96.0,146.42076110839844,146.41334533691406,0.007415771484375
s_bird_117,resnet50_tl_20250829,8,4,100,96,104.0,100.0,146.42076110839844,146.3599853515625,0.0607757568359375
s_bird_117,resnet50_tl_20250829,8,4,100,100,104.0,104.0,146.42076110839844,146.3063507080078,0.114410400390625
s_bird_117,resnet50_tl_20250829,8,4,100,104,104.0,108.0,146.42076110839844,146.29617309570312,0.1245880126953125
s_bird_117,resnet50_tl_20250829,8,4,100,108,104.0,112.0,146.42076110839844,146.35743713378906,0.063323974609375
s_bird_117,resnet50_tl_20250829,8,4,100,112,104.0,116.0,146.42076110839844,146.38442993164062,0.0363311767578125
s_bird_117,resnet50_tl_20250829,8,4,100,116,104.0,120.0,146.42076110839844,146.5162811279297,-0.09552001953125
s_bird_117,resnet50_tl_20250829,8,4,100,120,104.0,124.0,146.42076110839844,146.6582489013672,-0.23748779296875
s_bird_117,resnet50_tl_20250829,8,4,100,124,104.0,128.0,146.42076110839844,146.60079956054688,-0.1800384521484375
s_bird_117,resnet50_tl_20250829,8,4,100,128,104.0,132.0,146.42076110839844,146.43258666992188,-0.0118255615234375
s_bird_117,resnet50_tl_20250829,8,4,100,132,104.0,136.0,146.42076110839844,146.512939453125,-0.0921783447265625
s_bird_117,resnet50_tl_20250829,8,4,100,136,104.0,140.0,146.42076110839844,146.41297912597656,0.007781982421875
s_bird_117,resnet50_tl_20250829,8,4,100,140,104.0,144.0,146.42076110839844,146.55152893066406,-0.130767822265625
s_bird_117,resnet50_tl_20250829,8,4,100,144,104.0,148.0,146.42076110839844,146.30198669433594,0.1187744140625
s_bird_117,resnet50_tl_20250829,8,4,100,148,104.0,152.0,146.42076110839844,146.47952270507812,-0.0587615966796875
s_bird_117,resnet50_tl_20250829,8,4,100,152,104.0,156.0,146.42076110839844,146.29550170898438,0.1252593994140625
s_bird_117,resnet50_tl_20250829,8,4,100,156,104.0,160.0,146.42076110839844,146.4326934814453,-0.011932373046875
s_bird_117,resnet50_tl_20250829,8,4,100,160,104.0,164.0,146.42076110839844,146.31781005859375,0.1029510498046875
s_bird_117,resnet50_tl_20250829,8,4,100,164,104.0,168.0,146.42076110839844,146.4156494140625,0.0051116943359375
s_bird_117,resnet50_tl_20250829,8,4,100,168,104.0,172.0,146.42076110839844,146.35816955566406,0.062591552734375
s_bird_117,resnet50_tl_20250829,8,4,100,172,104.0,176.0,146.42076110839844,146.4362030029297,-0.01544189453125
s_bird_117,resnet50_tl_20250829,8,4,100,176,104.0,180.0,146.42076110839844,146.33163452148438,0.0891265869140625
s_bird_117,resnet50_tl_20250829,8,4,100,180,104.0,184.0,146.42076110839844,146.44259643554688,-0.0218353271484375
s_bird_117,resnet50_tl_20250829,8,4,100,184,104.0,188.0,146.42076110839844,146.35206604003906,0.068695068359375
s_bird_117,resnet50_tl_20250829,8,4,100,188,104.0,192.0,146.42076110839844,146.37802124023438,0.0427398681640625
s_bird_117,resnet50_tl_20250829,8,4,100,192,104.0,196.0,146.42076110839844,146.4087677001953,0.011993408203125
s_bird_117,resnet50_tl_20250829,8,4,100,196,104.0,200.0,146.42076110839844,146.41136169433594,0.0093994140625
s_bird_117,resnet50_tl_20250829,8,4,100,200,104.0,204.0,146.42076110839844,146.38360595703125,0.0371551513671875
s_bird_117,resnet50_tl_20250829,8,4,100,204,104.0,208.0,146.42076110839844,146.44969177246094,-0.0289306640625
s_bird_117,resnet50_tl_20250829,8,4,100,208,104.0,212.0,146.42076110839844,146.4586181640625,-0.0378570556640625
s_bird_117,resnet50_tl_20250829,8,4,100,212,104.0,216.0,146.42076110839844,146.40538024902344,0.015380859375
s_bird_117,resnet50_tl_20250829,8,4,100,216,104.0,220.0,146.42076110839844,146.35572814941406,0.065032958984375
s_bird_117,resnet50_tl_20250829,8,4,104,0,108.0,4.0,146.42076110839844,146.3324737548828,0.088287353515625
s_bird_117,resnet50_tl_20250829,8,4,104,4,108.0,8.0,146.42076110839844,146.38809204101562,0.0326690673828125
s_bird_117,resnet50_tl_20250829,8,4,104,8,108.0,12.0,146.42076110839844,146.44680786132812,-0.0260467529296875
s_bird_117,resnet50_tl_20250829,8,4,104,12,108.0,16.0,146.42076110839844,146.3550567626953,0.065704345703125
s_bird_117,resnet50_tl_20250829,8,4,104,16,108.0,20.0,146.42076110839844,146.24063110351562,0.1801300048828125
s_bird_117,resnet50_tl_20250829,8,4,104,20,108.0,24.0,146.42076110839844,146.25804138183594,0.1627197265625
s_bird_117,resnet50_tl_20250829,8,4,104,24,108.0,28.0,146.42076110839844,146.30126953125,0.1194915771484375
s_bird_117,resnet50_tl_20250829,8,4,104,28,108.0,32.0,146.42076110839844,146.1639862060547,0.25677490234375
s_bird_117,resnet50_tl_20250829,8,4,104,32,108.0,36.0,146.42076110839844,146.16770935058594,0.2530517578125
s_bird_117,resnet50_tl_20250829,8,4,104,36,108.0,40.0,146.42076110839844,146.32627868652344,0.094482421875
s_bird_117,resnet50_tl_20250829,8,4,104,40,108.0,44.0,146.42076110839844,146.25575256347656,0.165008544921875
s_bird_117,resnet50_tl_20250829,8,4,104,44,108.0,48.0,146.42076110839844,146.37210083007812,0.0486602783203125
s_bird_117,resnet50_tl_20250829,8,4,104,48,108.0,52.0,146.42076110839844,146.25242614746094,0.1683349609375
s_bird_117,resnet50_tl_20250829,8,4,104,52,108.0,56.0,146.42076110839844,146.4012451171875,0.0195159912109375
s_bird_117,resnet50_tl_20250829,8,4,104,56,108.0,60.0,146.42076110839844,146.414306640625,0.0064544677734375
s_bird_117,resnet50_tl_20250829,8,4,104,60,108.0,64.0,146.42076110839844,146.3190155029297,0.10174560546875
s_bird_117,resnet50_tl_20250829,8,4,104,64,108.0,68.0,146.42076110839844,146.26780700683594,0.1529541015625
s_bird_117,resnet50_tl_20250829,8,4,104,68,108.0,72.0,146.42076110839844,146.3629913330078,0.057769775390625
s_bird_117,resnet50_tl_20250829,8,4,104,72,108.0,76.0,146.42076110839844,146.39260864257812,0.0281524658203125
s_bird_117,resnet50_tl_20250829,8,4,104,76,108.0,80.0,146.42076110839844,146.4399871826172,-0.01922607421875
s_bird_117,resnet50_tl_20250829,8,4,104,80,108.0,84.0,146.42076110839844,146.32130432128906,0.099456787109375
s_bird_117,resnet50_tl_20250829,8,4,104,84,108.0,88.0,146.42076110839844,146.40805053710938,0.0127105712890625
s_bird_117,resnet50_tl_20250829,8,4,104,88,108.0,92.0,146.42076110839844,146.3174591064453,0.103302001953125
s_bird_117,resnet50_tl_20250829,8,4,104,92,108.0,96.0,146.42076110839844,146.29994201660156,0.120819091796875
s_bird_117,resnet50_tl_20250829,8,4,104,96,108.0,100.0,146.42076110839844,146.2466278076172,0.17413330078125
s_bird_117,resnet50_tl_20250829,8,4,104,100,108.0,104.0,146.42076110839844,146.27500915527344,0.145751953125
s_bird_117,resnet50_tl_20250829,8,4,104,104,108.0,108.0,146.42076110839844,146.31324768066406,0.107513427734375
s_bird_117,resnet50_tl_20250829,8,4,104,108,108.0,112.0,146.42076110839844,146.39413452148438,0.0266265869140625
s_bird_117,resnet50_tl_20250829,8,4,104,112,108.0,116.0,146.42076110839844,146.3310089111328,0.089752197265625
s_bird_117,resnet50_tl_20250829,8,4,104,116,108.0,120.0,146.42076110839844,146.4986114501953,-0.077850341796875
s_bird_117,resnet50_tl_20250829,8,4,104,120,108.0,124.0,146.42076110839844,146.35528564453125,0.0654754638671875
s_bird_117,resnet50_tl_20250829,8,4,104,124,108.0,128.0,146.42076110839844,146.1006622314453,0.320098876953125
s_bird_117,resnet50_tl_20250829,8,4,104,128,108.0,132.0,146.42076110839844,146.03768920898438,0.3830718994140625
s_bird_117,resnet50_tl_20250829,8,4,104,132,108.0,136.0,146.42076110839844,146.24209594726562,0.1786651611328125
s_bird_117,resnet50_tl_20250829,8,4,104,136,108.0,140.0,146.42076110839844,146.2685089111328,0.152252197265625
s_bird_117,resnet50_tl_20250829,8,4,104,140,108.0,144.0,146.42076110839844,146.13746643066406,0.283294677734375
s_bird_117,resnet50_tl_20250829,8,4,104,144,108.0,148.0,146.42076110839844,146.04623413085938,0.3745269775390625
s_bird_117,resnet50_tl_20250829,8,4,104,148,108.0,152.0,146.42076110839844,146.14051818847656,0.280242919921875
s_bird_117,resnet50_tl_20250829,8,4,104,152,108.0,156.0,146.42076110839844,146.28121948242188,0.1395416259765625
s_bird_117,resnet50_tl_20250829,8,4,104,156,108.0,160.0,146.42076110839844,146.12644958496094,0.2943115234375
s_bird_117,resnet50_tl_20250829,8,4,104,160,108.0,164.0,146.42076110839844,146.08236694335938,0.3383941650390625
s_bird_117,resnet50_tl_20250829,8,4,104,164,108.0,168.0,146.42076110839844,146.162109375,0.2586517333984375
s_bird_117,resnet50_tl_20250829,8,4,104,168,108.0,172.0,146.42076110839844,146.2825164794922,0.13824462890625
s_bird_117,resnet50_tl_20250829,8,4,104,172,108.0,176.0,146.42076110839844,146.16514587402344,0.255615234375
s_bird_117,resnet50_tl_20250829,8,4,104,176,108.0,180.0,146.42076110839844,146.14926147460938,0.2714996337890625
s_bird_117,resnet50_tl_20250829,8,4,104,180,108.0,184.0,146.42076110839844,146.177734375,0.2430267333984375
s_bird_117,resnet50_tl_20250829,8,4,104,184,108.0,188.0,146.42076110839844,146.32244873046875,0.0983123779296875
s_bird_117,resnet50_tl_20250829,8,4,104,188,108.0,192.0,146.42076110839844,146.25662231445312,0.1641387939453125
s_bird_117,resnet50_tl_20250829,8,4,104,192,108.0,196.0,146.42076110839844,146.3167266845703,0.104034423828125
s_bird_117,resnet50_tl_20250829,8,4,104,196,108.0,200.0,146.42076110839844,146.30731201171875,0.1134490966796875
s_bird_117,resnet50_tl_20250829,8,4,104,200,108.0,204.0,146.42076110839844,146.34490966796875,0.0758514404296875
s_bird_117,resnet50_tl_20250829,8,4,104,204,108.0,208.0,146.42076110839844,146.36260986328125,0.0581512451171875
s_bird_117,resnet50_tl_20250829,8,4,104,208,108.0,212.0,146.42076110839844,146.37608337402344,0.044677734375
s_bird_117,resnet50_tl_20250829,8,4,104,212,108.0,216.0,146.42076110839844,146.3312225341797,0.08953857421875
s_bird_117,resnet50_tl_20250829,8,4,104,216,108.0,220.0,146.42076110839844,146.35122680664062,0.0695343017578125
s_bird_117,resnet50_tl_20250829,8,4,108,0,112.0,4.0,146.42076110839844,146.11431884765625,0.3064422607421875
s_bird_117,resnet50_tl_20250829,8,4,108,4,112.0,8.0,146.42076110839844,146.38414001464844,0.03662109375
s_bird_117,resnet50_tl_20250829,8,4,108,8,112.0,12.0,146.42076110839844,146.44989013671875,-0.0291290283203125
s_bird_117,resnet50_tl_20250829,8,4,108,12,112.0,16.0,146.42076110839844,146.46910095214844,-0.04833984375
s_bird_117,resnet50_tl_20250829,8,4,108,16,112.0,20.0,146.42076110839844,146.23880004882812,0.1819610595703125
s_bird_117,resnet50_tl_20250829,8,4,108,20,112.0,24.0,146.42076110839844,146.32473754882812,0.0960235595703125
s_bird_117,resnet50_tl_20250829,8,4,108,24,112.0,28.0,146.42076110839844,146.28561401367188,0.1351470947265625
s_bird_117,resnet50_tl_20250829,8,4,108,28,112.0,32.0,146.42076110839844,145.9225616455078,0.498199462890625
s_bird_117,resnet50_tl_20250829,8,4,108,32,112.0,36.0,146.42076110839844,145.94203186035156,0.478729248046875
s_bird_117,resnet50_tl_20250829,8,4,108,36,112.0,40.0,146.42076110839844,146.32247924804688,0.0982818603515625
s_bird_117,resnet50_tl_20250829,8,4,108,40,112.0,44.0,146.42076110839844,146.17665100097656,0.244110107421875
s_bird_117,resnet50_tl_20250829,8,4,108,44,112.0,48.0,146.42076110839844,145.96923828125,0.4515228271484375
s_bird_117,resnet50_tl_20250829,8,4,108,48,112.0,52.0,146.42076110839844,146.0383758544922,0.38238525390625
s_bird_117,resnet50_tl_20250829,8,4,108,52,112.0,56.0,146.42076110839844,146.36314392089844,0.0576171875
s_bird_117,resnet50_tl_20250829,8,4,108,56,112.0,60.0,146.42076110839844,146.4754180908203,-0.054656982421875
s_bird_117,resnet50_tl_20250829,8,4,108,60,112.0,64.0,146.42076110839844,146.1676483154297,0.25311279296875
s_bird_117,resnet50_tl_20250829,8,4,108,64,112.0,68.0,146.42076110839844,146.18310546875,0.2376556396484375
s_bird_117,resnet50_tl_20250829,8,4,108,68,112.0,72.0,146.42076110839844,146.44032287597656,-0.019561767578125
s_bird_117,resnet50_tl_20250829,8,4,108,72,112.0,76.0,146.42076110839844,146.37115478515625,0.0496063232421875
s_bird_117,resnet50_tl_20250829,8,4,108,76,112.0,80.0,146.42076110839844,146.26564025878906,0.155120849609375
s_bird_117,resnet50_tl_20250829,8,4,108,80,112.0,84.0,146.42076110839844,146.245849609375,0.1749114990234375
s_bird_117,resnet50_tl_20250829,8,4,108,84,112.0,88.0,146.42076110839844,146.39199829101562,0.0287628173828125
s_bird_117,resnet50_tl_20250829,8,4,108,88,112.0,92.0,146.42076110839844,146.26531982421875,0.1554412841796875
s_bird_117,resnet50_tl_20250829,8,4,108,92,112.0,96.0,146.42076110839844,146.1488037109375,0.2719573974609375
s_bird_117,resnet50_tl_20250829,8,4,108,96,112.0,100.0,146.42076110839844,146.10206604003906,0.318695068359375
s_bird_117,resnet50_tl_20250829,8,4,108,100,112.0,104.0,146.42076110839844,146.08326721191406,0.337493896484375
s_bird_117,resnet50_tl_20250829,8,4,108,104,112.0,108.0,146.42076110839844,146.17160034179688,0.2491607666015625
s_bird_117,resnet50_tl_20250829,8,4,108,108,112.0,112.0,146.42076110839844,146.36387634277344,0.056884765625
s_bird_117,resnet50_tl_20250829,8,4,108,112,112.0,116.0,146.42076110839844,146.2416534423828,0.179107666015625
s_bird_117,resnet50_tl_20250829,8,4,108,116,112.0,120.0,146.42076110839844,146.47750854492188,-0.0567474365234375
s_bird_117,resnet50_tl_20250829,8,4,108,120,112.0,124.0,146.42076110839844,146.337646484375,0.0831146240234375
s_bird_117,resnet50_tl_20250829,8,4,108,124,112.0,128.0,146.42076110839844,146.1810760498047,0.23968505859375
s_bird_117,resnet50_tl_20250829,8,4,108,128,112.0,132.0,146.42076110839844,145.99623107910156,0.424530029296875
s_bird_117,resnet50_tl_20250829,8,4,108,132,112.0,136.0,146.42076110839844,146.36956787109375,0.0511932373046875
s_bird_117,resnet50_tl_20250829,8,4,108,136,112.0,140.0,146.42076110839844,146.26100158691406,0.159759521484375
s_bird_117,resnet50_tl_20250829,8,4,108,140,112.0,144.0,146.42076110839844,146.17495727539062,0.2458038330078125
s_bird_117,resnet50_tl_20250829,8,4,108,144,112.0,148.0,146.42076110839844,145.98440551757812,0.4363555908203125
s_bird_117,resnet50_tl_20250829,8,4,108,148,112.0,152.0,146.42076110839844,146.27249145507812,0.1482696533203125
s_bird_117,resnet50_tl_20250829,8,4,108,152,112.0,156.0,146.42076110839844,146.26953125,0.1512298583984375
s_bird_117,resnet50_tl_20250829,8,4,108,156,112.0,160.0,146.42076110839844,146.0474395751953,0.373321533203125
s_bird_117,resnet50_tl_20250829,8,4,108,160,112.0,164.0,146.42076110839844,145.9505615234375,0.4701995849609375
s_bird_117,resnet50_tl_20250829,8,4,108,164,112.0,168.0,146.42076110839844,146.2084503173828,0.212310791015625
s_bird_117,resnet50_tl_20250829,8,4,108,168,112.0,172.0,146.42076110839844,146.24647521972656,0.174285888671875
s_bird_117,resnet50_tl_20250829,8,4,108,172,112.0,176.0,146.42076110839844,146.1053924560547,0.31536865234375
s_bird_117,resnet50_tl_20250829,8,4,108,176,112.0,180.0,146.42076110839844,146.04237365722656,0.378387451171875
s_bird_117,resnet50_tl_20250829,8,4,108,180,112.0,184.0,146.42076110839844,146.20423889160156,0.216522216796875
s_bird_117,resnet50_tl_20250829,8,4,108,184,112.0,188.0,146.42076110839844,146.3715362548828,0.049224853515625
s_bird_117,resnet50_tl_20250829,8,4,108,188,112.0,192.0,146.42076110839844,146.1798858642578,0.240875244140625
s_bird_117,resnet50_tl_20250829,8,4,108,192,112.0,196.0,146.42076110839844,146.21751403808594,0.2032470703125
s_bird_117,resnet50_tl_20250829,8,4,108,196,112.0,200.0,146.42076110839844,146.26950073242188,0.1512603759765625
s_bird_117,resnet50_tl_20250829,8,4,108,200,112.0,204.0,146.42076110839844,146.36251831054688,0.0582427978515625
s_bird_117,resnet50_tl_20250829,8,4,108,204,112.0,208.0,146.42076110839844,146.3192138671875,0.1015472412109375
s_bird_117,resnet50_tl_20250829,8,4,108,208,112.0,212.0,146.42076110839844,146.3046875,0.1160736083984375
s_bird_117,resnet50_tl_20250829,8,4,108,212,112.0,216.0,146.42076110839844,146.30821228027344,0.112548828125
s_bird_117,resnet50_tl_20250829,8,4,108,216,112.0,220.0,146.42076110839844,146.34591674804688,0.0748443603515625
s_bird_117,resnet50_tl_20250829,8,4,112,0,116.0,4.0,146.42076110839844,146.12542724609375,0.2953338623046875
s_bird_117,resnet50_tl_20250829,8,4,112,4,116.0,8.0,146.42076110839844,146.30712890625,0.1136322021484375
s_bird_117,resnet50_tl_20250829,8,4,112,8,116.0,12.0,146.42076110839844,146.47889709472656,-0.058135986328125
s_bird_117,resnet50_tl_20250829,8,4,112,12,116.0,16.0,146.42076110839844,146.34141540527344,0.079345703125
s_bird_117,resnet50_tl_20250829,8,4,112,16,116.0,20.0,146.42076110839844,146.30694580078125,0.1138153076171875
s_bird_117,resnet50_tl_20250829,8,4,112,20,116.0,24.0,146.42076110839844,146.30645751953125,0.1143035888671875
s_bird_117,resnet50_tl_20250829,8,4,112,24,116.0,28.0,146.42076110839844,146.48207092285156,-0.061309814453125
s_bird_117,resnet50_tl_20250829,8,4,112,28,116.0,32.0,146.42076110839844,146.2528839111328,0.167877197265625
s_bird_117,resnet50_tl_20250829,8,4,112,32,116.0,36.0,146.42076110839844,146.18092346191406,0.239837646484375
s_bird_117,resnet50_tl_20250829,8,4,112,36,116.0,40.0,146.42076110839844,146.2501678466797,0.17059326171875
s_bird_117,resnet50_tl_20250829,8,4,112,40,116.0,44.0,146.42076110839844,146.29971313476562,0.1210479736328125
s_bird_117,resnet50_tl_20250829,8,4,112,44,116.0,48.0,146.42076110839844,146.13613891601562,0.2846221923828125
s_bird_117,resnet50_tl_20250829,8,4,112,48,116.0,52.0,146.42076110839844,146.1253662109375,0.2953948974609375
s_bird_117,resnet50_tl_20250829,8,4,112,52,116.0,56.0,146.42076110839844,146.276611328125,0.1441497802734375
s_bird_117,resnet50_tl_20250829,8,4,112,56,116.0,60.0,146.42076110839844,146.3882293701172,0.03253173828125
s_bird_117,resnet50_tl_20250829,8,4,112,60,116.0,64.0,146.42076110839844,146.16305541992188,0.2577056884765625
s_bird_117,resnet50_tl_20250829,8,4,112,64,116.0,68.0,146.42076110839844,146.14833068847656,0.272430419921875
s_bird_117,resnet50_tl_20250829,8,4,112,68,116.0,72.0,146.42076110839844,146.29872131347656,0.122039794921875
s_bird_117,resnet50_tl_20250829,8,4,112,72,116.0,76.0,146.42076110839844,146.30653381347656,0.114227294921875
s_bird_117,resnet50_tl_20250829,8,4,112,76,116.0,80.0,146.42076110839844,146.34307861328125,0.0776824951171875
s_bird_117,resnet50_tl_20250829,8,4,112,80,116.0,84.0,146.42076110839844,146.22738647460938,0.1933746337890625
s_bird_117,resnet50_tl_20250829,8,4,112,84,116.0,88.0,146.42076110839844,146.30384826660156,0.116912841796875
s_bird_117,resnet50_tl_20250829,8,4,112,88,116.0,92.0,146.42076110839844,146.1416473388672,0.27911376953125
s_bird_117,resnet50_tl_20250829,8,4,112,92,116.0,96.0,146.42076110839844,146.12896728515625,0.2917938232421875
s_bird_117,resnet50_tl_20250829,8,4,112,96,116.0,100.0,146.42076110839844,146.10011291503906,0.320648193359375
s_bird_117,resnet50_tl_20250829,8,4,112,100,116.0,104.0,146.42076110839844,146.07273864746094,0.3480224609375
s_bird_117,resnet50_tl_20250829,8,4,112,104,116.0,108.0,146.42076110839844,146.14971923828125,0.2710418701171875
s_bird_117,resnet50_tl_20250829,8,4,112,108,116.0,112.0,146.42076110839844,146.24032592773438,0.1804351806640625
s_bird_117,resnet50_tl_20250829,8,4,112,112,116.0,116.0,146.42076110839844,146.09957885742188,0.3211822509765625
s_bird_117,resnet50_tl_20250829,8,4,112,116,116.0,120.0,146.42076110839844,146.2622528076172,0.15850830078125
s_bird_117,resnet50_tl_20250829,8,4,112,120,116.0,124.0,146.42076110839844,146.33438110351562,0.0863800048828125
s_bird_117,resnet50_tl_20250829,8,4,112,124,116.0,128.0,146.42076110839844,146.0709228515625,0.3498382568359375
s_bird_117,resnet50_tl_20250829,8,4,112,128,116.0,132.0,146.42076110839844,146.0125274658203,0.408233642578125
s_bird_117,resnet50_tl_20250829,8,4,112,132,116.0,136.0,146.42076110839844,146.12734985351562,0.2934112548828125
s_bird_117,resnet50_tl_20250829,8,4,112,136,116.0,140.0,146.42076110839844,146.2255096435547,0.19525146484375
s_bird_117,resnet50_tl_20250829,8,4,112,140,116.0,144.0,146.42076110839844,146.02267456054688,0.3980865478515625
s_bird_117,resnet50_tl_20250829,8,4,112,144,116.0,148.0,146.42076110839844,145.99232482910156,0.428436279296875
s_bird_117,resnet50_tl_20250829,8,4,112,148,116.0,152.0,146.42076110839844,146.0631866455078,0.357574462890625
s_bird_117,resnet50_tl_20250829,8,4,112,152,116.0,156.0,146.42076110839844,146.2337646484375,0.1869964599609375
s_bird_117,resnet50_tl_20250829,8,4,112,156,116.0,160.0,146.42076110839844,145.96728515625,0.4534759521484375
s_bird_117,resnet50_tl_20250829,8,4,112,160,116.0,164.0,146.42076110839844,145.99916076660156,0.421600341796875
s_bird_117,resnet50_tl_20250829,8,4,112,164,116.0,168.0,146.42076110839844,146.07464599609375,0.3461151123046875
s_bird_117,resnet50_tl_20250829,8,4,112,168,116.0,172.0,146.42076110839844,146.20306396484375,0.2176971435546875
s_bird_117,resnet50_tl_20250829,8,4,112,172,116.0,176.0,146.42076110839844,146.0277862548828,0.392974853515625
s_bird_117,resnet50_tl_20250829,8,4,112,176,116.0,180.0,146.42076110839844,146.06027221679688,0.3604888916015625
s_bird_117,resnet50_tl_20250829,8,4,112,180,116.0,184.0,146.42076110839844,146.1378173828125,0.2829437255859375
s_bird_117,resnet50_tl_20250829,8,4,112,184,116.0,188.0,146.42076110839844,146.33477783203125,0.0859832763671875
s_bird_117,resnet50_tl_20250829,8,4,112,188,116.0,192.0,146.42076110839844,146.1757354736328,0.245025634765625
s_bird_117,resnet50_tl_20250829,8,4,112,192,116.0,196.0,146.42076110839844,146.25057983398438,0.1701812744140625
s_bird_117,resnet50_tl_20250829,8,4,112,196,116.0,200.0,146.42076110839844,146.28762817382812,0.1331329345703125
s_bird_117,resnet50_tl_20250829,8,4,112,200,116.0,204.0,146.42076110839844,146.3483428955078,0.072418212890625
s_bird_117,resnet50_tl_20250829,8,4,112,204,116.0,208.0,146.42076110839844,146.3012237548828,0.119537353515625
s_bird_117,resnet50_tl_20250829,8,4,112,208,116.0,212.0,146.42076110839844,146.3069610595703,0.113800048828125
s_bird_117,resnet50_tl_20250829,8,4,112,212,116.0,216.0,146.42076110839844,146.29588317871094,0.1248779296875
s_bird_117,resnet50_tl_20250829,8,4,112,216,116.0,220.0,146.42076110839844,146.35195922851562,0.0688018798828125
s_bird_117,resnet50_tl_20250829,8,4,116,0,120.0,4.0,146.42076110839844,146.36544799804688,0.0553131103515625
s_bird_117,resnet50_tl_20250829,8,4,116,4,120.0,8.0,146.42076110839844,146.38734436035156,0.033416748046875
s_bird_117,resnet50_tl_20250829,8,4,116,8,120.0,12.0,146.42076110839844,146.4878387451172,-0.06707763671875
s_bird_117,resnet50_tl_20250829,8,4,116,12,120.0,16.0,146.42076110839844,146.4973907470703,-0.076629638671875
s_bird_117,resnet50_tl_20250829,8,4,116,16,120.0,20.0,146.42076110839844,146.47952270507812,-0.0587615966796875
s_bird_117,resnet50_tl_20250829,8,4,116,20,120.0,24.0,146.42076110839844,146.45472717285156,-0.033966064453125
s_bird_117,resnet50_tl_20250829,8,4,116,24,120.0,28.0,146.42076110839844,146.47654724121094,-0.0557861328125
s_bird_117,resnet50_tl_20250829,8,4,116,28,120.0,32.0,146.42076110839844,146.51292419433594,-0.0921630859375
s_bird_117,resnet50_tl_20250829,8,4,116,32,120.0,36.0,146.42076110839844,146.4520721435547,-0.03131103515625
s_bird_117,resnet50_tl_20250829,8,4,116,36,120.0,40.0,146.42076110839844,146.54263305664062,-0.1218719482421875
s_bird_117,resnet50_tl_20250829,8,4,116,40,120.0,44.0,146.42076110839844,146.41709899902344,0.003662109375
s_bird_117,resnet50_tl_20250829,8,4,116,44,120.0,48.0,146.42076110839844,146.37203979492188,0.0487213134765625
s_bird_117,resnet50_tl_20250829,8,4,116,48,120.0,52.0,146.42076110839844,146.41310119628906,0.007659912109375
s_bird_117,resnet50_tl_20250829,8,4,116,52,120.0,56.0,146.42076110839844,146.49771118164062,-0.0769500732421875
s_bird_117,resnet50_tl_20250829,8,4,116,56,120.0,60.0,146.42076110839844,146.41168212890625,0.0090789794921875
s_bird_117,resnet50_tl_20250829,8,4,116,60,120.0,64.0,146.42076110839844,146.44918823242188,-0.0284271240234375
s_bird_117,resnet50_tl_20250829,8,4,116,64,120.0,68.0,146.42076110839844,146.52064514160156,-0.099884033203125
s_bird_117,resnet50_tl_20250829,8,4,116,68,120.0,72.0,146.42076110839844,146.57791137695312,-0.1571502685546875
s_bird_117,resnet50_tl_20250829,8,4,116,72,120.0,76.0,146.42076110839844,146.3651123046875,0.0556488037109375
s_bird_117,resnet50_tl_20250829,8,4,116,76,120.0,80.0,146.42076110839844,146.33824157714844,0.08251953125
s_bird_117,resnet50_tl_20250829,8,4,116,80,120.0,84.0,146.42076110839844,146.35203552246094,0.0687255859375
s_bird_117,resnet50_tl_20250829,8,4,116,84,120.0,88.0,146.42076110839844,146.2985382080078,0.122222900390625
s_bird_117,resnet50_tl_20250829,8,4,116,88,120.0,92.0,146.42076110839844,146.0824737548828,0.338287353515625
s_bird_117,resnet50_tl_20250829,8,4,116,92,120.0,96.0,146.42076110839844,146.08627319335938,0.3344879150390625
s_bird_117,resnet50_tl_20250829,8,4,116,96,120.0,100.0,146.42076110839844,146.01580810546875,0.4049530029296875
s_bird_117,resnet50_tl_20250829,8,4,116,100,120.0,104.0,146.42076110839844,146.13771057128906,0.283050537109375
s_bird_117,resnet50_tl_20250829,8,4,116,104,120.0,108.0,146.42076110839844,146.13064575195312,0.2901153564453125
s_bird_117,resnet50_tl_20250829,8,4,116,108,120.0,112.0,146.42076110839844,146.34474182128906,0.076019287109375
s_bird_117,resnet50_tl_20250829,8,4,116,112,120.0,116.0,146.42076110839844,146.2851104736328,0.135650634765625
s_bird_117,resnet50_tl_20250829,8,4,116,116,120.0,120.0,146.42076110839844,146.50296020507812,-0.0821990966796875
s_bird_117,resnet50_tl_20250829,8,4,116,120,120.0,124.0,146.42076110839844,146.39187622070312,0.0288848876953125
s_bird_117,resnet50_tl_20250829,8,4,116,124,120.0,128.0,146.42076110839844,146.43479919433594,-0.0140380859375
s_bird_117,resnet50_tl_20250829,8,4,116,128,120.0,132.0,146.42076110839844,146.2974853515625,0.1232757568359375
s_bird_117,resnet50_tl_20250829,8,4,116,132,120.0,136.0,146.42076110839844,146.3821258544922,0.03863525390625
s_bird_117,resnet50_tl_20250829,8,4,116,136,120.0,140.0,146.42076110839844,146.2704315185547,0.15032958984375
s_bird_117,resnet50_tl_20250829,8,4,116,140,120.0,144.0,146.42076110839844,146.35714721679688,0.0636138916015625
s_bird_117,resnet50_tl_20250829,8,4,116,144,120.0,148.0,146.42076110839844,146.2772979736328,0.143463134765625
s_bird_117,resnet50_tl_20250829,8,4,116,148,120.0,152.0,146.42076110839844,146.334716796875,0.0860443115234375
s_bird_117,resnet50_tl_20250829,8,4,116,152,120.0,156.0,146.42076110839844,146.25296020507812,0.1678009033203125
s_bird_117,resnet50_tl_20250829,8,4,116,156,120.0,160.0,146.42076110839844,146.33135986328125,0.0894012451171875
s_bird_117,resnet50_tl_20250829,8,4,116,160,120.0,164.0,146.42076110839844,146.31080627441406,0.109954833984375
s_bird_117,resnet50_tl_20250829,8,4,116,164,120.0,168.0,146.42076110839844,146.3479461669922,0.07281494140625
s_bird_117,resnet50_tl_20250829,8,4,116,168,120.0,172.0,146.42076110839844,146.27017211914062,0.1505889892578125
s_bird_117,resnet50_tl_20250829,8,4,116,172,120.0,176.0,146.42076110839844,146.38897705078125,0.0317840576171875
s_bird_117,resnet50_tl_20250829,8,4,116,176,120.0,180.0,146.42076110839844,146.36520385742188,0.0555572509765625
s_bird_117,resnet50_tl_20250829,8,4,116,180,120.0,184.0,146.42076110839844,146.3762664794922,0.04449462890625
s_bird_117,resnet50_tl_20250829,8,4,116,184,120.0,188.0,146.42076110839844,146.35682678222656,0.063934326171875
s_bird_117,resnet50_tl_20250829,8,4,116,188,120.0,192.0,146.42076110839844,146.40345764160156,0.017303466796875
s_bird_117,resnet50_tl_20250829,8,4,116,192,120.0,196.0,146.42076110839844,146.45933532714844,-0.03857421875
s_bird_117,resnet50_tl_20250829,8,4,116,196,120.0,200.0,146.42076110839844,146.4103546142578,0.010406494140625
s_bird_117,resnet50_tl_20250829,8,4,116,200,120.0,204.0,146.42076110839844,146.3576202392578,0.063140869140625
s_bird_117,resnet50_tl_20250829,8,4,116,204,120.0,208.0,146.42076110839844,146.43624877929688,-0.0154876708984375
s_bird_117,resnet50_tl_20250829,8,4,116,208,120.0,212.0,146.42076110839844,146.4727783203125,-0.0520172119140625
s_bird_117,resnet50_tl_20250829,8,4,116,212,120.0,216.0,146.42076110839844,146.3988494873047,0.02191162109375
s_bird_117,resnet50_tl_20250829,8,4,116,216,120.0,220.0,146.42076110839844,146.36415100097656,0.056610107421875
s_bird_117,resnet50_tl_20250829,8,4,120,0,124.0,4.0,146.42076110839844,146.30029296875,0.1204681396484375
s_bird_117,resnet50_tl_20250829,8,4,120,4,124.0,8.0,146.42076110839844,146.29820251464844,0.12255859375
s_bird_117,resnet50_tl_20250829,8,4,120,8,124.0,12.0,146.42076110839844,146.4209747314453,-0.000213623046875
s_bird_117,resnet50_tl_20250829,8,4,120,12,124.0,16.0,146.42076110839844,146.31234741210938,0.1084136962890625
s_bird_117,resnet50_tl_20250829,8,4,120,16,124.0,20.0,146.42076110839844,146.36761474609375,0.0531463623046875
s_bird_117,resnet50_tl_20250829,8,4,120,20,124.0,24.0,146.42076110839844,146.3114013671875,0.1093597412109375
s_bird_117,resnet50_tl_20250829,8,4,120,24,124.0,28.0,146.42076110839844,146.423583984375,-0.0028228759765625
s_bird_117,resnet50_tl_20250829,8,4,120,28,124.0,32.0,146.42076110839844,146.288818359375,0.1319427490234375
s_bird_117,resnet50_tl_20250829,8,4,120,32,124.0,36.0,146.42076110839844,146.30642700195312,0.1143341064453125
s_bird_117,resnet50_tl_20250829,8,4,120,36,124.0,40.0,146.42076110839844,146.28091430664062,0.1398468017578125
s_bird_117,resnet50_tl_20250829,8,4,120,40,124.0,44.0,146.42076110839844,146.4197235107422,0.00103759765625
s_bird_117,resnet50_tl_20250829,8,4,120,44,124.0,48.0,146.42076110839844,146.30386352539062,0.1168975830078125
s_bird_117,resnet50_tl_20250829,8,4,120,48,124.0,52.0,146.42076110839844,146.33523559570312,0.0855255126953125
s_bird_117,resnet50_tl_20250829,8,4,120,52,124.0,56.0,146.42076110839844,146.31239318847656,0.108367919921875
s_bird_117,resnet50_tl_20250829,8,4,120,56,124.0,60.0,146.42076110839844,146.411376953125,0.0093841552734375
s_bird_117,resnet50_tl_20250829,8,4,120,60,124.0,64.0,146.42076110839844,146.34085083007812,0.0799102783203125
s_bird_117,resnet50_tl_20250829,8,4,120,64,124.0,68.0,146.42076110839844,146.3495635986328,0.071197509765625
s_bird_117,resnet50_tl_20250829,8,4,120,68,124.0,72.0,146.42076110839844,146.37109375,0.0496673583984375
s_bird_117,resnet50_tl_20250829,8,4,120,72,124.0,76.0,146.42076110839844,146.4291534423828,-0.008392333984375
s_bird_117,resnet50_tl_20250829,8,4,120,76,124.0,80.0,146.42076110839844,146.46319580078125,-0.0424346923828125
s_bird_117,resnet50_tl_20250829,8,4,120,80,124.0,84.0,146.42076110839844,146.3966064453125,0.0241546630859375
s_bird_117,resnet50_tl_20250829,8,4,120,84,124.0,88.0,146.42076110839844,146.2613983154297,0.15936279296875
s_bird_117,resnet50_tl_20250829,8,4,120,88,124.0,92.0,146.42076110839844,146.13693237304688,0.2838287353515625
s_bird_117,resnet50_tl_20250829,8,4,120,92,124.0,96.0,146.42076110839844,146.1226043701172,0.29815673828125
s_bird_117,resnet50_tl_20250829,8,4,120,96,124.0,100.0,146.42076110839844,146.18211364746094,0.2386474609375
s_bird_117,resnet50_tl_20250829,8,4,120,100,124.0,104.0,146.42076110839844,146.29171752929688,0.1290435791015625
s_bird_117,resnet50_tl_20250829,8,4,120,104,124.0,108.0,146.42076110839844,146.2877960205078,0.132965087890625
s_bird_117,resnet50_tl_20250829,8,4,120,108,124.0,112.0,146.42076110839844,146.11424255371094,0.3065185546875
s_bird_117,resnet50_tl_20250829,8,4,120,112,124.0,116.0,146.42076110839844,146.17422485351562,0.2465362548828125
s_bird_117,resnet50_tl_20250829,8,4,120,116,124.0,120.0,146.42076110839844,146.21559143066406,0.205169677734375
s_bird_117,resnet50_tl_20250829,8,4,120,120,124.0,124.0,146.42076110839844,146.2832794189453,0.137481689453125
s_bird_117,resnet50_tl_20250829,8,4,120,124,124.0,128.0,146.42076110839844,146.12953186035156,0.291229248046875
s_bird_117,resnet50_tl_20250829,8,4,120,128,124.0,132.0,146.42076110839844,146.05624389648438,0.3645172119140625
s_bird_117,resnet50_tl_20250829,8,4,120,132,124.0,136.0,146.42076110839844,146.103271484375,0.3174896240234375
s_bird_117,resnet50_tl_20250829,8,4,120,136,124.0,140.0,146.42076110839844,146.19046020507812,0.2303009033203125
s_bird_117,resnet50_tl_20250829,8,4,120,140,124.0,144.0,146.42076110839844,146.0828399658203,0.337921142578125
s_bird_117,resnet50_tl_20250829,8,4,120,144,124.0,148.0,146.42076110839844,146.11241149902344,0.308349609375
s_bird_117,resnet50_tl_20250829,8,4,120,148,124.0,152.0,146.42076110839844,146.08749389648438,0.3332672119140625
s_bird_117,resnet50_tl_20250829,8,4,120,152,124.0,156.0,146.42076110839844,146.14512634277344,0.275634765625
s_bird_117,resnet50_tl_20250829,8,4,120,156,124.0,160.0,146.42076110839844,146.05844116210938,0.3623199462890625
s_bird_117,resnet50_tl_20250829,8,4,120,160,124.0,164.0,146.42076110839844,146.08604431152344,0.334716796875
s_bird_117,resnet50_tl_20250829,8,4,120,164,124.0,168.0,146.42076110839844,146.0972900390625,0.3234710693359375
s_bird_117,resnet50_tl_20250829,8,4,120,168,124.0,172.0,146.42076110839844,146.1709442138672,0.24981689453125
s_bird_117,resnet50_tl_20250829,8,4,120,172,124.0,176.0,146.42076110839844,146.15916442871094,0.2615966796875
s_bird_117,resnet50_tl_20250829,8,4,120,176,124.0,180.0,146.42076110839844,146.1857452392578,0.235015869140625
s_bird_117,resnet50_tl_20250829,8,4,120,180,124.0,184.0,146.42076110839844,146.1953582763672,0.22540283203125
s_bird_117,resnet50_tl_20250829,8,4,120,184,124.0,188.0,146.42076110839844,146.29745483398438,0.1233062744140625
s_bird_117,resnet50_tl_20250829,8,4,120,188,124.0,192.0,146.42076110839844,146.26943969726562,0.1513214111328125
s_bird_117,resnet50_tl_20250829,8,4,120,192,124.0,196.0,146.42076110839844,146.32566833496094,0.0950927734375
s_bird_117,resnet50_tl_20250829,8,4,120,196,124.0,200.0,146.42076110839844,146.30850219726562,0.1122589111328125
s_bird_117,resnet50_tl_20250829,8,4,120,200,124.0,204.0,146.42076110839844,146.3525390625,0.0682220458984375
s_bird_117,resnet50_tl_20250829,8,4,120,204,124.0,208.0,146.42076110839844,146.4224395751953,-0.001678466796875
s_bird_117,resnet50_tl_20250829,8,4,120,208,124.0,212.0,146.42076110839844,146.44375610351562,-0.0229949951171875
s_bird_117,resnet50_tl_20250829,8,4,120,212,124.0,216.0,146.42076110839844,146.37754821777344,0.043212890625
s_bird_117,resnet50_tl_20250829,8,4,120,216,124.0,220.0,146.42076110839844,146.37490844726562,0.0458526611328125
s_bird_117,resnet50_tl_20250829,8,4,124,0,128.0,4.0,146.42076110839844,146.23837280273438,0.1823883056640625
s_bird_117,resnet50_tl_20250829,8,4,124,4,128.0,8.0,146.42076110839844,146.33349609375,0.0872650146484375
s_bird_117,resnet50_tl_20250829,8,4,124,8,128.0,12.0,146.42076110839844,146.4329376220703,-0.012176513671875
s_bird_117,resnet50_tl_20250829,8,4,124,12,128.0,16.0,146.42076110839844,146.38067626953125,0.0400848388671875
s_bird_117,resnet50_tl_20250829,8,4,124,16,128.0,20.0,146.42076110839844,146.3000946044922,0.12066650390625
s_bird_117,resnet50_tl_20250829,8,4,124,20,128.0,24.0,146.42076110839844,146.3912353515625,0.0295257568359375
s_bird_117,resnet50_tl_20250829,8,4,124,24,128.0,28.0,146.42076110839844,146.40963745117188,0.0111236572265625
s_bird_117,resnet50_tl_20250829,8,4,124,28,128.0,32.0,146.42076110839844,146.1669158935547,0.25384521484375
s_bird_117,resnet50_tl_20250829,8,4,124,32,128.0,36.0,146.42076110839844,146.07901000976562,0.3417510986328125
s_bird_117,resnet50_tl_20250829,8,4,124,36,128.0,40.0,146.42076110839844,146.2758331298828,0.144927978515625
s_bird_117,resnet50_tl_20250829,8,4,124,40,128.0,44.0,146.42076110839844,146.361328125,0.0594329833984375
s_bird_117,resnet50_tl_20250829,8,4,124,44,128.0,48.0,146.42076110839844,146.25277709960938,0.1679840087890625
s_bird_117,resnet50_tl_20250829,8,4,124,48,128.0,52.0,146.42076110839844,146.2113037109375,0.2094573974609375
s_bird_117,resnet50_tl_20250829,8,4,124,52,128.0,56.0,146.42076110839844,146.3797607421875,0.0410003662109375
s_bird_117,resnet50_tl_20250829,8,4,124,56,128.0,60.0,146.42076110839844,146.45436096191406,-0.033599853515625
s_bird_117,resnet50_tl_20250829,8,4,124,60,128.0,64.0,146.42076110839844,146.11488342285156,0.305877685546875
s_bird_117,resnet50_tl_20250829,8,4,124,64,128.0,68.0,146.42076110839844,146.1084442138672,0.31231689453125
s_bird_117,resnet50_tl_20250829,8,4,124,68,128.0,72.0,146.42076110839844,146.32090759277344,0.099853515625
s_bird_117,resnet50_tl_20250829,8,4,124,72,128.0,76.0,146.42076110839844,146.500732421875,-0.0799713134765625
s_bird_117,resnet50_tl_20250829,8,4,124,76,128.0,80.0,146.42076110839844,146.6182098388672,-0.19744873046875
s_bird_117,resnet50_tl_20250829,8,4,124,80,128.0,84.0,146.42076110839844,146.45867919921875,-0.0379180908203125
s_bird_117,resnet50_tl_20250829,8,4,124,84,128.0,88.0,146.42076110839844,146.30526733398438,0.1154937744140625
s_bird_117,resnet50_tl_20250829,8,4,124,88,128.0,92.0,146.42076110839844,146.19580078125,0.2249603271484375
s_bird_117,resnet50_tl_20250829,8,4,124,92,128.0,96.0,146.42076110839844,146.18032836914062,0.2404327392578125
s_bird_117,resnet50_tl_20250829,8,4,124,96,128.0,100.0,146.42076110839844,146.2479248046875,0.1728363037109375
s_bird_117,resnet50_tl_20250829,8,4,124,100,128.0,104.0,146.42076110839844,146.41888427734375,0.0018768310546875
s_bird_117,resnet50_tl_20250829,8,4,124,104,128.0,108.0,146.42076110839844,146.20263671875,0.2181243896484375
s_bird_117,resnet50_tl_20250829,8,4,124,108,128.0,112.0,146.42076110839844,146.25592041015625,0.1648406982421875
s_bird_117,resnet50_tl_20250829,8,4,124,112,128.0,116.0,146.42076110839844,146.12863159179688,0.2921295166015625
s_bird_117,resnet50_tl_20250829,8,4,124,116,128.0,120.0,146.42076110839844,146.45416259765625,-0.0334014892578125
s_bird_117,resnet50_tl_20250829,8,4,124,120,128.0,124.0,146.42076110839844,146.40615844726562,0.0146026611328125
s_bird_117,resnet50_tl_20250829,8,4,124,124,128.0,128.0,146.42076110839844,146.0550537109375,0.3657073974609375
s_bird_117,resnet50_tl_20250829,8,4,124,128,128.0,132.0,146.42076110839844,145.92373657226562,0.4970245361328125
s_bird_117,resnet50_tl_20250829,8,4,124,132,128.0,136.0,146.42076110839844,146.22840881347656,0.192352294921875
s_bird_117,resnet50_tl_20250829,8,4,124,136,128.0,140.0,146.42076110839844,146.30059814453125,0.1201629638671875
s_bird_117,resnet50_tl_20250829,8,4,124,140,128.0,144.0,146.42076110839844,146.15292358398438,0.2678375244140625
s_bird_117,resnet50_tl_20250829,8,4,124,144,128.0,148.0,146.42076110839844,146.08619689941406,0.334564208984375
s_bird_117,resnet50_tl_20250829,8,4,124,148,128.0,152.0,146.42076110839844,146.2893829345703,0.131378173828125
s_bird_117,resnet50_tl_20250829,8,4,124,152,128.0,156.0,146.42076110839844,146.28074645996094,0.1400146484375
s_bird_117,resnet50_tl_20250829,8,4,124,156,128.0,160.0,146.42076110839844,145.991455078125,0.4293060302734375
s_bird_117,resnet50_tl_20250829,8,4,124,160,128.0,164.0,146.42076110839844,145.95899963378906,0.461761474609375
s_bird_117,resnet50_tl_20250829,8,4,124,164,128.0,168.0,146.42076110839844,146.2628173828125,0.1579437255859375
s_bird_117,resnet50_tl_20250829,8,4,124,168,128.0,172.0,146.42076110839844,146.29554748535156,0.125213623046875
s_bird_117,resnet50_tl_20250829,8,4,124,172,128.0,176.0,146.42076110839844,146.17173767089844,0.2490234375
s_bird_117,resnet50_tl_20250829,8,4,124,176,128.0,180.0,146.42076110839844,146.12744140625,0.2933197021484375
s_bird_117,resnet50_tl_20250829,8,4,124,180,128.0,184.0,146.42076110839844,146.28260803222656,0.138153076171875
s_bird_117,resnet50_tl_20250829,8,4,124,184,128.0,188.0,146.42076110839844,146.37388610839844,0.046875
s_bird_117,resnet50_tl_20250829,8,4,124,188,128.0,192.0,146.42076110839844,146.203369140625,0.2173919677734375
s_bird_117,resnet50_tl_20250829,8,4,124,192,128.0,196.0,146.42076110839844,146.2321014404297,0.18865966796875
s_bird_117,resnet50_tl_20250829,8,4,124,196,128.0,200.0,146.42076110839844,146.28785705566406,0.132904052734375
s_bird_117,resnet50_tl_20250829,8,4,124,200,128.0,204.0,146.42076110839844,146.39117431640625,0.0295867919921875
s_bird_117,resnet50_tl_20250829,8,4,124,204,128.0,208.0,146.42076110839844,146.4346160888672,-0.01385498046875
s_bird_117,resnet50_tl_20250829,8,4,124,208,128.0,212.0,146.42076110839844,146.42408752441406,-0.003326416015625
s_bird_117,resnet50_tl_20250829,8,4,124,212,128.0,216.0,146.42076110839844,146.39991760253906,0.020843505859375
s_bird_117,resnet50_tl_20250829,8,4,124,216,128.0,220.0,146.42076110839844,146.4066162109375,0.0141448974609375
s_bird_117,resnet50_tl_20250829,8,4,128,0,132.0,4.0,146.42076110839844,146.2324676513672,0.18829345703125
s_bird_117,resnet50_tl_20250829,8,4,128,4,132.0,8.0,146.42076110839844,146.30564880371094,0.1151123046875
s_bird_117,resnet50_tl_20250829,8,4,128,8,132.0,12.0,146.42076110839844,146.38735961914062,0.0334014892578125
s_bird_117,resnet50_tl_20250829,8,4,128,12,132.0,16.0,146.42076110839844,146.23753356933594,0.1832275390625
s_bird_117,resnet50_tl_20250829,8,4,128,16,132.0,20.0,146.42076110839844,146.21377563476562,0.2069854736328125
s_bird_117,resnet50_tl_20250829,8,4,128,20,132.0,24.0,146.42076110839844,146.2036895751953,0.217071533203125
s_bird_117,resnet50_tl_20250829,8,4,128,24,132.0,28.0,146.42076110839844,146.2835693359375,0.1371917724609375
s_bird_117,resnet50_tl_20250829,8,4,128,28,132.0,32.0,146.42076110839844,146.0143280029297,0.40643310546875
s_bird_117,resnet50_tl_20250829,8,4,128,32,132.0,36.0,146.42076110839844,146.0457000732422,0.37506103515625
s_bird_117,resnet50_tl_20250829,8,4,128,36,132.0,40.0,146.42076110839844,146.14529418945312,0.2754669189453125
s_bird_117,resnet50_tl_20250829,8,4,128,40,132.0,44.0,146.42076110839844,146.2883758544922,0.13238525390625
s_bird_117,resnet50_tl_20250829,8,4,128,44,132.0,48.0,146.42076110839844,146.104736328125,0.3160247802734375
s_bird_117,resnet50_tl_20250829,8,4,128,48,132.0,52.0,146.42076110839844,146.15663146972656,0.264129638671875
s_bird_117,resnet50_tl_20250829,8,4,128,52,132.0,56.0,146.42076110839844,146.21713256835938,0.2036285400390625
s_bird_117,resnet50_tl_20250829,8,4,128,56,132.0,60.0,146.42076110839844,146.37210083007812,0.0486602783203125
s_bird_117,resnet50_tl_20250829,8,4,128,60,132.0,64.0,146.42076110839844,146.1266632080078,0.294097900390625
s_bird_117,resnet50_tl_20250829,8,4,128,64,132.0,68.0,146.42076110839844,146.1096649169922,0.31109619140625
s_bird_117,resnet50_tl_20250829,8,4,128,68,132.0,72.0,146.42076110839844,146.203125,0.2176361083984375
s_bird_117,resnet50_tl_20250829,8,4,128,72,132.0,76.0,146.42076110839844,146.38441467285156,0.036346435546875
s_bird_117,resnet50_tl_20250829,8,4,128,76,132.0,80.0,146.42076110839844,146.4840850830078,-0.063323974609375
s_bird_117,resnet50_tl_20250829,8,4,128,80,132.0,84.0,146.42076110839844,146.38902282714844,0.03173828125
s_bird_117,resnet50_tl_20250829,8,4,128,84,132.0,88.0,146.42076110839844,146.26622009277344,0.154541015625
s_bird_117,resnet50_tl_20250829,8,4,128,88,132.0,92.0,146.42076110839844,146.13992309570312,0.2808380126953125
s_bird_117,resnet50_tl_20250829,8,4,128,92,132.0,96.0,146.42076110839844,146.16525268554688,0.2555084228515625
s_bird_117,resnet50_tl_20250829,8,4,128,96,132.0,100.0,146.42076110839844,146.2255859375,0.1951751708984375
s_bird_117,resnet50_tl_20250829,8,4,128,100,132.0,104.0,146.42076110839844,146.26634216308594,0.1544189453125
s_bird_117,resnet50_tl_20250829,8,4,128,104,132.0,108.0,146.42076110839844,146.22488403320312,0.1958770751953125
s_bird_117,resnet50_tl_20250829,8,4,128,108,132.0,112.0,146.42076110839844,146.1870574951172,0.23370361328125
s_bird_117,resnet50_tl_20250829,8,4,128,112,132.0,116.0,146.42076110839844,146.15037536621094,0.2703857421875
s_bird_117,resnet50_tl_20250829,8,4,128,116,132.0,120.0,146.42076110839844,146.22799682617188,0.1927642822265625
s_bird_117,resnet50_tl_20250829,8,4,128,120,132.0,124.0,146.42076110839844,146.26699829101562,0.1537628173828125
s_bird_117,resnet50_tl_20250829,8,4,128,124,132.0,128.0,146.42076110839844,145.9707489013672,0.45001220703125
s_bird_117,resnet50_tl_20250829,8,4,128,128,132.0,132.0,146.42076110839844,145.89761352539062,0.5231475830078125
s_bird_117,resnet50_tl_20250829,8,4,128,132,132.0,136.0,146.42076110839844,146.0491180419922,0.37164306640625
s_bird_117,resnet50_tl_20250829,8,4,128,136,132.0,140.0,146.42076110839844,146.18577575683594,0.2349853515625
s_bird_117,resnet50_tl_20250829,8,4,128,140,132.0,144.0,146.42076110839844,146.0167999267578,0.403961181640625
s_bird_117,resnet50_tl_20250829,8,4,128,144,132.0,148.0,146.42076110839844,146.04049682617188,0.3802642822265625
s_bird_117,resnet50_tl_20250829,8,4,128,148,132.0,152.0,146.42076110839844,146.15272521972656,0.268035888671875
s_bird_117,resnet50_tl_20250829,8,4,128,152,132.0,156.0,146.42076110839844,146.22256469726562,0.1981964111328125
s_bird_117,resnet50_tl_20250829,8,4,128,156,132.0,160.0,146.42076110839844,145.94088745117188,0.4798736572265625
s_bird_117,resnet50_tl_20250829,8,4,128,160,132.0,164.0,146.42076110839844,145.96018981933594,0.4605712890625
s_bird_117,resnet50_tl_20250829,8,4,128,164,132.0,168.0,146.42076110839844,146.150390625,0.2703704833984375
s_bird_117,resnet50_tl_20250829,8,4,128,168,132.0,172.0,146.42076110839844,146.2255096435547,0.19525146484375
s_bird_117,resnet50_tl_20250829,8,4,128,172,132.0,176.0,146.42076110839844,146.07704162597656,0.343719482421875
s_bird_117,resnet50_tl_20250829,8,4,128,176,132.0,180.0,146.42076110839844,146.09580993652344,0.324951171875
s_bird_117,resnet50_tl_20250829,8,4,128,180,132.0,184.0,146.42076110839844,146.1925048828125,0.2282562255859375
s_bird_117,resnet50_tl_20250829,8,4,128,184,132.0,188.0,146.42076110839844,146.31512451171875,0.1056365966796875
s_bird_117,resnet50_tl_20250829,8,4,128,188,132.0,192.0,146.42076110839844,146.1933135986328,0.227447509765625
s_bird_117,resnet50_tl_20250829,8,4,128,192,132.0,196.0,146.42076110839844,146.23374938964844,0.18701171875
s_bird_117,resnet50_tl_20250829,8,4,128,196,132.0,200.0,146.42076110839844,146.29434204101562,0.1264190673828125
s_bird_117,resnet50_tl_20250829,8,4,128,200,132.0,204.0,146.42076110839844,146.3587646484375,0.0619964599609375
s_bird_117,resnet50_tl_20250829,8,4,128,204,132.0,208.0,146.42076110839844,146.3817596435547,0.03900146484375
s_bird_117,resnet50_tl_20250829,8,4,128,208,132.0,212.0,146.42076110839844,146.38961791992188,0.0311431884765625
s_bird_117,resnet50_tl_20250829,8,4,128,212,132.0,216.0,146.42076110839844,146.37892150878906,0.041839599609375
s_bird_117,resnet50_tl_20250829,8,4,128,216,132.0,220.0,146.42076110839844,146.4130096435547,0.00775146484375
s_bird_117,resnet50_tl_20250829,8,4,132,0,136.0,4.0,146.42076110839844,146.38467407226562,0.0360870361328125
s_bird_117,resnet50_tl_20250829,8,4,132,4,136.0,8.0,146.42076110839844,146.4158477783203,0.004913330078125
s_bird_117,resnet50_tl_20250829,8,4,132,8,136.0,12.0,146.42076110839844,146.42608642578125,-0.0053253173828125
s_bird_117,resnet50_tl_20250829,8,4,132,12,136.0,16.0,146.42076110839844,146.45413208007812,-0.0333709716796875
s_bird_117,resnet50_tl_20250829,8,4,132,16,136.0,20.0,146.42076110839844,146.3456268310547,0.07513427734375
s_bird_117,resnet50_tl_20250829,8,4,132,20,136.0,24.0,146.42076110839844,146.42947387695312,-0.0087127685546875
s_bird_117,resnet50_tl_20250829,8,4,132,24,136.0,28.0,146.42076110839844,146.33294677734375,0.0878143310546875
s_bird_117,resnet50_tl_20250829,8,4,132,28,136.0,32.0,146.42076110839844,146.4114227294922,0.00933837890625
s_bird_117,resnet50_tl_20250829,8,4,132,32,136.0,36.0,146.42076110839844,146.3513946533203,0.069366455078125
s_bird_117,resnet50_tl_20250829,8,4,132,36,136.0,40.0,146.42076110839844,146.41162109375,0.0091400146484375
s_bird_117,resnet50_tl_20250829,8,4,132,40,136.0,44.0,146.42076110839844,146.36122131347656,0.059539794921875
s_bird_117,resnet50_tl_20250829,8,4,132,44,136.0,48.0,146.42076110839844,146.45228576660156,-0.031524658203125
s_bird_117,resnet50_tl_20250829,8,4,132,48,136.0,52.0,146.42076110839844,146.42831420898438,-0.0075531005859375
s_bird_117,resnet50_tl_20250829,8,4,132,52,136.0,56.0,146.42076110839844,146.4536895751953,-0.032928466796875
s_bird_117,resnet50_tl_20250829,8,4,132,56,136.0,60.0,146.42076110839844,146.43763732910156,-0.016876220703125
s_bird_117,resnet50_tl_20250829,8,4,132,60,136.0,64.0,146.42076110839844,146.5220947265625,-0.1013336181640625
s_bird_117,resnet50_tl_20250829,8,4,132,64,136.0,68.0,146.42076110839844,146.494384765625,-0.0736236572265625
s_bird_117,resnet50_tl_20250829,8,4,132,68,136.0,72.0,146.42076110839844,146.3875274658203,0.033233642578125
s_bird_117,resnet50_tl_20250829,8,4,132,72,136.0,76.0,146.42076110839844,146.3253173828125,0.0954437255859375
s_bird_117,resnet50_tl_20250829,8,4,132,76,136.0,80.0,146.42076110839844,146.38601684570312,0.0347442626953125
s_bird_117,resnet50_tl_20250829,8,4,132,80,136.0,84.0,146.42076110839844,146.2766571044922,0.14410400390625
s_bird_117,resnet50_tl_20250829,8,4,132,84,136.0,88.0,146.42076110839844,146.32313537597656,0.097625732421875
s_bird_117,resnet50_tl_20250829,8,4,132,88,136.0,92.0,146.42076110839844,146.19700622558594,0.2237548828125
s_bird_117,resnet50_tl_20250829,8,4,132,92,136.0,96.0,146.42076110839844,146.2743682861328,0.146392822265625
s_bird_117,resnet50_tl_20250829,8,4,132,96,136.0,100.0,146.42076110839844,146.1894989013672,0.23126220703125
s_bird_117,resnet50_tl_20250829,8,4,132,100,136.0,104.0,146.42076110839844,146.52159118652344,-0.100830078125
s_bird_117,resnet50_tl_20250829,8,4,132,104,136.0,108.0,146.42076110839844,146.37294006347656,0.047821044921875
s_bird_117,resnet50_tl_20250829,8,4,132,108,136.0,112.0,146.42076110839844,146.59735107421875,-0.1765899658203125
s_bird_117,resnet50_tl_20250829,8,4,132,112,136.0,116.0,146.42076110839844,146.4503173828125,-0.0295562744140625
s_bird_117,resnet50_tl_20250829,8,4,132,116,136.0,120.0,146.42076110839844,146.5556640625,-0.1349029541015625
s_bird_117,resnet50_tl_20250829,8,4,132,120,136.0,124.0,146.42076110839844,146.34393310546875,0.0768280029296875
s_bird_117,resnet50_tl_20250829,8,4,132,124,136.0,128.0,146.42076110839844,146.42178344726562,-0.0010223388671875
s_bird_117,resnet50_tl_20250829,8,4,132,128,136.0,132.0,146.42076110839844,146.19769287109375,0.2230682373046875
s_bird_117,resnet50_tl_20250829,8,4,132,132,136.0,136.0,146.42076110839844,146.31951904296875,0.1012420654296875
s_bird_117,resnet50_tl_20250829,8,4,132,136,136.0,140.0,146.42076110839844,146.18382263183594,0.2369384765625
s_bird_117,resnet50_tl_20250829,8,4,132,140,136.0,144.0,146.42076110839844,146.34132385253906,0.079437255859375
s_bird_117,resnet50_tl_20250829,8,4,132,144,136.0,148.0,146.42076110839844,146.25796508789062,0.1627960205078125
s_bird_117,resnet50_tl_20250829,8,4,132,148,136.0,152.0,146.42076110839844,146.40200805664062,0.0187530517578125
s_bird_117,resnet50_tl_20250829,8,4,132,152,136.0,156.0,146.42076110839844,146.2510528564453,0.169708251953125
s_bird_117,resnet50_tl_20250829,8,4,132,156,136.0,160.0,146.42076110839844,146.35340881347656,0.067352294921875
s_bird_117,resnet50_tl_20250829,8,4,132,160,136.0,164.0,146.42076110839844,146.30487060546875,0.1158905029296875
s_bird_117,resnet50_tl_20250829,8,4,132,164,136.0,168.0,146.42076110839844,146.41177368164062,0.0089874267578125
s_bird_117,resnet50_tl_20250829,8,4,132,168,136.0,172.0,146.42076110839844,146.29139709472656,0.129364013671875
s_bird_117,resnet50_tl_20250829,8,4,132,172,136.0,176.0,146.42076110839844,146.40252685546875,0.0182342529296875
s_bird_117,resnet50_tl_20250829,8,4,132,176,136.0,180.0,146.42076110839844,146.33682250976562,0.0839385986328125
s_bird_117,resnet50_tl_20250829,8,4,132,180,136.0,184.0,146.42076110839844,146.4132537841797,0.00750732421875
s_bird_117,resnet50_tl_20250829,8,4,132,184,136.0,188.0,146.42076110839844,146.34889221191406,0.071868896484375
s_bird_117,resnet50_tl_20250829,8,4,132,188,136.0,192.0,146.42076110839844,146.4241485595703,-0.003387451171875
s_bird_117,resnet50_tl_20250829,8,4,132,192,136.0,196.0,146.42076110839844,146.44503784179688,-0.0242767333984375
s_bird_117,resnet50_tl_20250829,8,4,132,196,136.0,200.0,146.42076110839844,146.4197235107422,0.00103759765625
s_bird_117,resnet50_tl_20250829,8,4,132,200,136.0,204.0,146.42076110839844,146.36447143554688,0.0562896728515625
s_bird_117,resnet50_tl_20250829,8,4,132,204,136.0,208.0,146.42076110839844,146.4237823486328,-0.003021240234375
s_bird_117,resnet50_tl_20250829,8,4,132,208,136.0,212.0,146.42076110839844,146.44200134277344,-0.021240234375
s_bird_117,resnet50_tl_20250829,8,4,132,212,136.0,216.0,146.42076110839844,146.42013549804688,0.0006256103515625
s_bird_117,resnet50_tl_20250829,8,4,132,216,136.0,220.0,146.42076110839844,146.40040588378906,0.020355224609375
s_bird_117,resnet50_tl_20250829,8,4,136,0,140.0,4.0,146.42076110839844,146.26280212402344,0.157958984375
s_bird_117,resnet50_tl_20250829,8,4,136,4,140.0,8.0,146.42076110839844,146.29354858398438,0.1272125244140625
s_bird_117,resnet50_tl_20250829,8,4,136,8,140.0,12.0,146.42076110839844,146.37112426757812,0.0496368408203125
s_bird_117,resnet50_tl_20250829,8,4,136,12,140.0,16.0,146.42076110839844,146.2476806640625,0.1730804443359375
s_bird_117,resnet50_tl_20250829,8,4,136,16,140.0,20.0,146.42076110839844,146.1929931640625,0.2277679443359375
s_bird_117,resnet50_tl_20250829,8,4,136,20,140.0,24.0,146.42076110839844,146.19654846191406,0.224212646484375
s_bird_117,resnet50_tl_20250829,8,4,136,24,140.0,28.0,146.42076110839844,146.23643493652344,0.184326171875
s_bird_117,resnet50_tl_20250829,8,4,136,28,140.0,32.0,146.42076110839844,146.1226348876953,0.298126220703125
s_bird_117,resnet50_tl_20250829,8,4,136,32,140.0,36.0,146.42076110839844,146.12034606933594,0.3004150390625
s_bird_117,resnet50_tl_20250829,8,4,136,36,140.0,40.0,146.42076110839844,146.15126037597656,0.269500732421875
s_bird_117,resnet50_tl_20250829,8,4,136,40,140.0,44.0,146.42076110839844,146.23825073242188,0.1825103759765625
s_bird_117,resnet50_tl_20250829,8,4,136,44,140.0,48.0,146.42076110839844,146.1336669921875,0.2870941162109375
s_bird_117,resnet50_tl_20250829,8,4,136,48,140.0,52.0,146.42076110839844,146.17300415039062,0.2477569580078125
s_bird_117,resnet50_tl_20250829,8,4,136,52,140.0,56.0,146.42076110839844,146.1897735595703,0.230987548828125
s_bird_117,resnet50_tl_20250829,8,4,136,56,140.0,60.0,146.42076110839844,146.30943298339844,0.111328125
s_bird_117,resnet50_tl_20250829,8,4,136,60,140.0,64.0,146.42076110839844,146.23260498046875,0.1881561279296875
s_bird_117,resnet50_tl_20250829,8,4,136,64,140.0,68.0,146.42076110839844,146.17837524414062,0.2423858642578125
s_bird_117,resnet50_tl_20250829,8,4,136,68,140.0,72.0,146.42076110839844,146.22119140625,0.1995697021484375
s_bird_117,resnet50_tl_20250829,8,4,136,72,140.0,76.0,146.42076110839844,146.34420776367188,0.0765533447265625
s_bird_117,resnet50_tl_20250829,8,4,136,76,140.0,80.0,146.42076110839844,146.4247589111328,-0.003997802734375
s_bird_117,resnet50_tl_20250829,8,4,136,80,140.0,84.0,146.42076110839844,146.24801635742188,0.1727447509765625
s_bird_117,resnet50_tl_20250829,8,4,136,84,140.0,88.0,146.42076110839844,146.23818969726562,0.1825714111328125
s_bird_117,resnet50_tl_20250829,8,4,136,88,140.0,92.0,146.42076110839844,146.1312713623047,0.28948974609375
s_bird_117,resnet50_tl_20250829,8,4,136,92,140.0,96.0,146.42076110839844,146.18125915527344,0.239501953125
s_bird_117,resnet50_tl_20250829,8,4,136,96,140.0,100.0,146.42076110839844,146.17294311523438,0.2478179931640625
s_bird_117,resnet50_tl_20250829,8,4,136,100,140.0,104.0,146.42076110839844,146.3357391357422,0.08502197265625
s_bird_117,resnet50_tl_20250829,8,4,136,104,140.0,108.0,146.42076110839844,146.29273986816406,0.128021240234375
s_bird_117,resnet50_tl_20250829,8,4,136,108,140.0,112.0,146.42076110839844,146.2332000732422,0.18756103515625
s_bird_117,resnet50_tl_20250829,8,4,136,112,140.0,116.0,146.42076110839844,146.14920043945312,0.2715606689453125
s_bird_117,resnet50_tl_20250829,8,4,136,116,140.0,120.0,146.42076110839844,146.22341918945312,0.1973419189453125
s_bird_117,resnet50_tl_20250829,8,4,136,120,140.0,124.0,146.42076110839844,146.19940185546875,0.2213592529296875
s_bird_117,resnet50_tl_20250829,8,4,136,124,140.0,128.0,146.42076110839844,146.10321044921875,0.3175506591796875
s_bird_117,resnet50_tl_20250829,8,4,136,128,140.0,132.0,146.42076110839844,145.96466064453125,0.4561004638671875
s_bird_117,resnet50_tl_20250829,8,4,136,132,140.0,136.0,146.42076110839844,145.98739624023438,0.4333648681640625
s_bird_117,resnet50_tl_20250829,8,4,136,136,140.0,140.0,146.42076110839844,146.08645629882812,0.3343048095703125
s_bird_117,resnet50_tl_20250829,8,4,136,140,140.0,144.0,146.42076110839844,146.04998779296875,0.3707733154296875
s_bird_117,resnet50_tl_20250829,8,4,136,144,140.0,148.0,146.42076110839844,146.0254364013672,0.39532470703125
s_bird_117,resnet50_tl_20250829,8,4,136,148,140.0,152.0,146.42076110839844,146.0837860107422,0.33697509765625
s_bird_117,resnet50_tl_20250829,8,4,136,152,140.0,156.0,146.42076110839844,146.1566619873047,0.26409912109375
s_bird_117,resnet50_tl_20250829,8,4,136,156,140.0,160.0,146.42076110839844,146.0968017578125,0.3239593505859375
s_bird_117,resnet50_tl_20250829,8,4,136,160,140.0,164.0,146.42076110839844,146.08433532714844,0.33642578125
s_bird_117,resnet50_tl_20250829,8,4,136,164,140.0,168.0,146.42076110839844,146.1388702392578,0.281890869140625
s_bird_117,resnet50_tl_20250829,8,4,136,168,140.0,172.0,146.42076110839844,146.18727111816406,0.233489990234375
s_bird_117,resnet50_tl_20250829,8,4,136,172,140.0,176.0,146.42076110839844,146.155517578125,0.2652435302734375
s_bird_117,resnet50_tl_20250829,8,4,136,176,140.0,180.0,146.42076110839844,146.13536071777344,0.285400390625
s_bird_117,resnet50_tl_20250829,8,4,136,180,140.0,184.0,146.42076110839844,146.16644287109375,0.2543182373046875
s_bird_117,resnet50_tl_20250829,8,4,136,184,140.0,188.0,146.42076110839844,146.28623962402344,0.134521484375
s_bird_117,resnet50_tl_20250829,8,4,136,188,140.0,192.0,146.42076110839844,146.31004333496094,0.1107177734375
s_bird_117,resnet50_tl_20250829,8,4,136,192,140.0,196.0,146.42076110839844,146.32791137695312,0.0928497314453125
s_bird_117,resnet50_tl_20250829,8,4,136,196,140.0,200.0,146.42076110839844,146.3079071044922,0.11285400390625
s_bird_117,resnet50_tl_20250829,8,4,136,200,140.0,204.0,146.42076110839844,146.3263702392578,0.094390869140625
s_bird_117,resnet50_tl_20250829,8,4,136,204,140.0,208.0,146.42076110839844,146.36236572265625,0.0583953857421875
s_bird_117,resnet50_tl_20250829,8,4,136,208,140.0,212.0,146.42076110839844,146.36192321777344,0.058837890625
s_bird_117,resnet50_tl_20250829,8,4,136,212,140.0,216.0,146.42076110839844,146.35751342773438,0.0632476806640625
s_bird_117,resnet50_tl_20250829,8,4,136,216,140.0,220.0,146.42076110839844,146.38558959960938,0.0351715087890625
s_bird_117,resnet50_tl_20250829,8,4,140,0,144.0,4.0,146.42076110839844,146.09837341308594,0.3223876953125
s_bird_117,resnet50_tl_20250829,8,4,140,4,144.0,8.0,146.42076110839844,146.3071746826172,0.11358642578125
s_bird_117,resnet50_tl_20250829,8,4,140,8,144.0,12.0,146.42076110839844,146.3773651123047,0.04339599609375
s_bird_117,resnet50_tl_20250829,8,4,140,12,144.0,16.0,146.42076110839844,146.33340454101562,0.0873565673828125
s_bird_117,resnet50_tl_20250829,8,4,140,16,144.0,20.0,146.42076110839844,146.1717987060547,0.24896240234375
s_bird_117,resnet50_tl_20250829,8,4,140,20,144.0,24.0,146.42076110839844,146.3022003173828,0.118560791015625
s_bird_117,resnet50_tl_20250829,8,4,140,24,144.0,28.0,146.42076110839844,146.32679748535156,0.093963623046875
s_bird_117,resnet50_tl_20250829,8,4,140,28,144.0,32.0,146.42076110839844,146.1255645751953,0.295196533203125
s_bird_117,resnet50_tl_20250829,8,4,140,32,144.0,36.0,146.42076110839844,146.0445556640625,0.3762054443359375
s_bird_117,resnet50_tl_20250829,8,4,140,36,144.0,40.0,146.42076110839844,146.28225708007812,0.1385040283203125
s_bird_117,resnet50_tl_20250829,8,4,140,40,144.0,44.0,146.42076110839844,146.31329345703125,0.1074676513671875
s_bird_117,resnet50_tl_20250829,8,4,140,44,144.0,48.0,146.42076110839844,146.05209350585938,0.3686676025390625
s_bird_117,resnet50_tl_20250829,8,4,140,48,144.0,52.0,146.42076110839844,146.02902221679688,0.3917388916015625
s_bird_117,resnet50_tl_20250829,8,4,140,52,144.0,56.0,146.42076110839844,146.34840393066406,0.072357177734375
s_bird_117,resnet50_tl_20250829,8,4,140,56,144.0,60.0,146.42076110839844,146.39463806152344,0.026123046875
s_bird_117,resnet50_tl_20250829,8,4,140,60,144.0,64.0,146.42076110839844,146.02090454101562,0.3998565673828125
s_bird_117,resnet50_tl_20250829,8,4,140,64,144.0,68.0,146.42076110839844,145.90887451171875,0.5118865966796875
s_bird_117,resnet50_tl_20250829,8,4,140,68,144.0,72.0,146.42076110839844,146.10604858398438,0.3147125244140625
s_bird_117,resnet50_tl_20250829,8,4,140,72,144.0,76.0,146.42076110839844,146.15492248535156,0.265838623046875
s_bird_117,resnet50_tl_20250829,8,4,140,76,144.0,80.0,146.42076110839844,146.35752868652344,0.063232421875
s_bird_117,resnet50_tl_20250829,8,4,140,80,144.0,84.0,146.42076110839844,146.39027404785156,0.030487060546875
s_bird_117,resnet50_tl_20250829,8,4,140,84,144.0,88.0,146.42076110839844,146.1890106201172,0.23175048828125
s_bird_117,resnet50_tl_20250829,8,4,140,88,144.0,92.0,146.42076110839844,146.06497192382812,0.3557891845703125
s_bird_117,resnet50_tl_20250829,8,4,140,92,144.0,96.0,146.42076110839844,146.1866455078125,0.2341156005859375
s_bird_117,resnet50_tl_20250829,8,4,140,96,144.0,100.0,146.42076110839844,146.21841430664062,0.2023468017578125
s_bird_117,resnet50_tl_20250829,8,4,140,100,144.0,104.0,146.42076110839844,146.3680419921875,0.0527191162109375
s_bird_117,resnet50_tl_20250829,8,4,140,104,144.0,108.0,146.42076110839844,146.25950622558594,0.1612548828125
s_bird_117,resnet50_tl_20250829,8,4,140,108,144.0,112.0,146.42076110839844,146.1806182861328,0.240142822265625
s_bird_117,resnet50_tl_20250829,8,4,140,112,144.0,116.0,146.42076110839844,146.04791259765625,0.3728485107421875
s_bird_117,resnet50_tl_20250829,8,4,140,116,144.0,120.0,146.42076110839844,146.35963439941406,0.061126708984375
s_bird_117,resnet50_tl_20250829,8,4,140,120,144.0,124.0,146.42076110839844,146.28663635253906,0.134124755859375
s_bird_117,resnet50_tl_20250829,8,4,140,124,144.0,128.0,146.42076110839844,146.0257568359375,0.3950042724609375
s_bird_117,resnet50_tl_20250829,8,4,140,128,144.0,132.0,146.42076110839844,145.8330535888672,0.58770751953125
s_bird_117,resnet50_tl_20250829,8,4,140,132,144.0,136.0,146.42076110839844,146.10150146484375,0.3192596435546875
s_bird_117,resnet50_tl_20250829,8,4,140,136,144.0,140.0,146.42076110839844,146.2010955810547,0.21966552734375
s_bird_117,resnet50_tl_20250829,8,4,140,140,144.0,144.0,146.42076110839844,146.0829620361328,0.337799072265625
s_bird_117,resnet50_tl_20250829,8,4,140,144,144.0,148.0,146.42076110839844,145.9669647216797,0.45379638671875
s_bird_117,resnet50_tl_20250829,8,4,140,148,144.0,152.0,146.42076110839844,146.2406463623047,0.18011474609375
s_bird_117,resnet50_tl_20250829,8,4,140,152,144.0,156.0,146.42076110839844,146.27059936523438,0.1501617431640625
s_bird_117,resnet50_tl_20250829,8,4,140,156,144.0,160.0,146.42076110839844,146.04222106933594,0.3785400390625
s_bird_117,resnet50_tl_20250829,8,4,140,160,144.0,164.0,146.42076110839844,145.99403381347656,0.426727294921875
s_bird_117,resnet50_tl_20250829,8,4,140,164,144.0,168.0,146.42076110839844,146.25038146972656,0.170379638671875
s_bird_117,resnet50_tl_20250829,8,4,140,168,144.0,172.0,146.42076110839844,146.27537536621094,0.1453857421875
s_bird_117,resnet50_tl_20250829,8,4,140,172,144.0,176.0,146.42076110839844,146.11361694335938,0.3071441650390625
s_bird_117,resnet50_tl_20250829,8,4,140,176,144.0,180.0,146.42076110839844,146.03750610351562,0.3832550048828125
s_bird_117,resnet50_tl_20250829,8,4,140,180,144.0,184.0,146.42076110839844,146.2373046875,0.1834564208984375
s_bird_117,resnet50_tl_20250829,8,4,140,184,144.0,188.0,146.42076110839844,146.35433959960938,0.0664215087890625
s_bird_117,resnet50_tl_20250829,8,4,140,188,144.0,192.0,146.42076110839844,146.2468719482422,0.17388916015625
s_bird_117,resnet50_tl_20250829,8,4,140,192,144.0,196.0,146.42076110839844,146.25746154785156,0.163299560546875
s_bird_117,resnet50_tl_20250829,8,4,140,196,144.0,200.0,146.42076110839844,146.2771759033203,0.143585205078125
s_bird_117,resnet50_tl_20250829,8,4,140,200,144.0,204.0,146.42076110839844,146.3463134765625,0.0744476318359375
s_bird_117,resnet50_tl_20250829,8,4,140,204,144.0,208.0,146.42076110839844,146.32778930664062,0.0929718017578125
s_bird_117,resnet50_tl_20250829,8,4,140,208,144.0,212.0,146.42076110839844,146.3170623779297,0.10369873046875
s_bird_117,resnet50_tl_20250829,8,4,140,212,144.0,216.0,146.42076110839844,146.3328857421875,0.0878753662109375
s_bird_117,resnet50_tl_20250829,8,4,140,216,144.0,220.0,146.42076110839844,146.37413024902344,0.046630859375
s_bird_117,resnet50_tl_20250829,8,4,144,0,148.0,4.0,146.42076110839844,146.11776733398438,0.3029937744140625
s_bird_117,resnet50_tl_20250829,8,4,144,4,148.0,8.0,146.42076110839844,146.23072814941406,0.190032958984375
s_bird_117,resnet50_tl_20250829,8,4,144,8,148.0,12.0,146.42076110839844,146.39349365234375,0.0272674560546875
s_bird_117,resnet50_tl_20250829,8,4,144,12,148.0,16.0,146.42076110839844,146.17947387695312,0.2412872314453125
s_bird_117,resnet50_tl_20250829,8,4,144,16,148.0,20.0,146.42076110839844,146.1629638671875,0.2577972412109375
s_bird_117,resnet50_tl_20250829,8,4,144,20,148.0,24.0,146.42076110839844,146.16702270507812,0.2537384033203125
s_bird_117,resnet50_tl_20250829,8,4,144,24,148.0,28.0,146.42076110839844,146.28741455078125,0.1333465576171875
s_bird_117,resnet50_tl_20250829,8,4,144,28,148.0,32.0,146.42076110839844,146.0094451904297,0.41131591796875
s_bird_117,resnet50_tl_20250829,8,4,144,32,148.0,36.0,146.42076110839844,146.0590362548828,0.361724853515625
s_bird_117,resnet50_tl_20250829,8,4,144,36,148.0,40.0,146.42076110839844,146.1616668701172,0.25909423828125
s_bird_117,resnet50_tl_20250829,8,4,144,40,148.0,44.0,146.42076110839844,146.295654296875,0.1251068115234375
s_bird_117,resnet50_tl_20250829,8,4,144,44,148.0,48.0,146.42076110839844,145.99172973632812,0.4290313720703125
s_bird_117,resnet50_tl_20250829,8,4,144,48,148.0,52.0,146.42076110839844,146.0755157470703,0.345245361328125
s_bird_117,resnet50_tl_20250829,8,4,144,52,148.0,56.0,146.42076110839844,146.2371063232422,0.18365478515625
s_bird_117,resnet50_tl_20250829,8,4,144,56,148.0,60.0,146.42076110839844,146.3667755126953,0.053985595703125
s_bird_117,resnet50_tl_20250829,8,4,144,60,148.0,64.0,146.42076110839844,145.9873504638672,0.43341064453125
s_bird_117,resnet50_tl_20250829,8,4,144,64,148.0,68.0,146.42076110839844,146.0223846435547,0.39837646484375
s_bird_117,resnet50_tl_20250829,8,4,144,68,148.0,72.0,146.42076110839844,146.17477416992188,0.2459869384765625
s_bird_117,resnet50_tl_20250829,8,4,144,72,148.0,76.0,146.42076110839844,145.97573852539062,0.4450225830078125
s_bird_117,resnet50_tl_20250829,8,4,144,76,148.0,80.0,146.42076110839844,146.22857666015625,0.1921844482421875
s_bird_117,resnet50_tl_20250829,8,4,144,80,148.0,84.0,146.42076110839844,146.40594482421875,0.0148162841796875
s_bird_117,resnet50_tl_20250829,8,4,144,84,148.0,88.0,146.42076110839844,146.18301391601562,0.2377471923828125
s_bird_117,resnet50_tl_20250829,8,4,144,88,148.0,92.0,146.42076110839844,146.02464294433594,0.3961181640625
s_bird_117,resnet50_tl_20250829,8,4,144,92,148.0,96.0,146.42076110839844,146.08609008789062,0.3346710205078125
s_bird_117,resnet50_tl_20250829,8,4,144,96,148.0,100.0,146.42076110839844,146.09425354003906,0.326507568359375
s_bird_117,resnet50_tl_20250829,8,4,144,100,148.0,104.0,146.42076110839844,146.25404357910156,0.166717529296875
s_bird_117,resnet50_tl_20250829,8,4,144,104,148.0,108.0,146.42076110839844,146.18939208984375,0.2313690185546875
s_bird_117,resnet50_tl_20250829,8,4,144,108,148.0,112.0,146.42076110839844,146.0417938232422,0.37896728515625
s_bird_117,resnet50_tl_20250829,8,4,144,112,148.0,116.0,146.42076110839844,146.0089569091797,0.41180419921875
s_bird_117,resnet50_tl_20250829,8,4,144,116,148.0,120.0,146.42076110839844,146.17001342773438,0.2507476806640625
s_bird_117,resnet50_tl_20250829,8,4,144,120,148.0,124.0,146.42076110839844,146.20787048339844,0.212890625
s_bird_117,resnet50_tl_20250829,8,4,144,124,148.0,128.0,146.42076110839844,145.9149932861328,0.505767822265625
s_bird_117,resnet50_tl_20250829,8,4,144,128,148.0,132.0,146.42076110839844,145.83554077148438,0.5852203369140625
s_bird_117,resnet50_tl_20250829,8,4,144,132,148.0,136.0,146.42076110839844,145.96722412109375,0.4535369873046875
s_bird_117,resnet50_tl_20250829,8,4,144,136,148.0,140.0,146.42076110839844,146.1371307373047,0.28363037109375
s_bird_117,resnet50_tl_20250829,8,4,144,140,148.0,144.0,146.42076110839844,145.9146728515625,0.5060882568359375
s_bird_117,resnet50_tl_20250829,8,4,144,144,148.0,148.0,146.42076110839844,145.9442596435547,0.47650146484375
s_bird_117,resnet50_tl_20250829,8,4,144,148,148.0,152.0,146.42076110839844,146.08090209960938,0.3398590087890625
s_bird_117,resnet50_tl_20250829,8,4,144,152,148.0,156.0,146.42076110839844,146.21414184570312,0.2066192626953125
s_bird_117,resnet50_tl_20250829,8,4,144,156,148.0,160.0,146.42076110839844,145.95370483398438,0.4670562744140625
s_bird_117,resnet50_tl_20250829,8,4,144,160,148.0,164.0,146.42076110839844,145.9897918701172,0.43096923828125
s_bird_117,resnet50_tl_20250829,8,4,144,164,148.0,168.0,146.42076110839844,146.14334106445312,0.2774200439453125
s_bird_117,resnet50_tl_20250829,8,4,144,168,148.0,172.0,146.42076110839844,146.2299346923828,0.190826416015625
s_bird_117,resnet50_tl_20250829,8,4,144,172,148.0,176.0,146.42076110839844,146.03659057617188,0.3841705322265625
s_bird_117,resnet50_tl_20250829,8,4,144,176,148.0,180.0,146.42076110839844,146.04525756835938,0.3755035400390625
s_bird_117,resnet50_tl_20250829,8,4,144,180,148.0,184.0,146.42076110839844,146.15359497070312,0.2671661376953125
s_bird_117,resnet50_tl_20250829,8,4,144,184,148.0,188.0,146.42076110839844,146.30953979492188,0.1112213134765625
s_bird_117,resnet50_tl_20250829,8,4,144,188,148.0,192.0,146.42076110839844,146.2047576904297,0.21600341796875
s_bird_117,resnet50_tl_20250829,8,4,144,192,148.0,196.0,146.42076110839844,146.25819396972656,0.162567138671875
s_bird_117,resnet50_tl_20250829,8,4,144,196,148.0,200.0,146.42076110839844,146.28521728515625,0.1355438232421875
s_bird_117,resnet50_tl_20250829,8,4,144,200,148.0,204.0,146.42076110839844,146.3431854248047,0.07757568359375
s_bird_117,resnet50_tl_20250829,8,4,144,204,148.0,208.0,146.42076110839844,146.3141326904297,0.10662841796875
s_bird_117,resnet50_tl_20250829,8,4,144,208,148.0,212.0,146.42076110839844,146.31146240234375,0.1092987060546875
s_bird_117,resnet50_tl_20250829,8,4,144,212,148.0,216.0,146.42076110839844,146.32119750976562,0.0995635986328125
s_bird_117,resnet50_tl_20250829,8,4,144,216,148.0,220.0,146.42076110839844,146.3689422607422,0.05181884765625
s_bird_117,resnet50_tl_20250829,8,4,148,0,152.0,4.0,146.42076110839844,146.33326721191406,0.087493896484375
s_bird_117,resnet50_tl_20250829,8,4,148,4,152.0,8.0,146.42076110839844,146.3699188232422,0.05084228515625
s_bird_117,resnet50_tl_20250829,8,4,148,8,152.0,12.0,146.42076110839844,146.42941284179688,-0.0086517333984375
s_bird_117,resnet50_tl_20250829,8,4,148,12,152.0,16.0,146.42076110839844,146.4226531982422,-0.00189208984375
s_bird_117,resnet50_tl_20250829,8,4,148,16,152.0,20.0,146.42076110839844,146.3263397216797,0.09442138671875
s_bird_117,resnet50_tl_20250829,8,4,148,20,152.0,24.0,146.42076110839844,146.35916137695312,0.0615997314453125
s_bird_117,resnet50_tl_20250829,8,4,148,24,152.0,28.0,146.42076110839844,146.31813049316406,0.102630615234375
s_bird_117,resnet50_tl_20250829,8,4,148,28,152.0,32.0,146.42076110839844,146.35745239257812,0.0633087158203125
s_bird_117,resnet50_tl_20250829,8,4,148,32,152.0,36.0,146.42076110839844,146.33505249023438,0.0857086181640625
s_bird_117,resnet50_tl_20250829,8,4,148,36,152.0,40.0,146.42076110839844,146.414794921875,0.0059661865234375
s_bird_117,resnet50_tl_20250829,8,4,148,40,152.0,44.0,146.42076110839844,146.3483428955078,0.072418212890625
s_bird_117,resnet50_tl_20250829,8,4,148,44,152.0,48.0,146.42076110839844,146.38021850585938,0.0405426025390625
s_bird_117,resnet50_tl_20250829,8,4,148,48,152.0,52.0,146.42076110839844,146.4051971435547,0.01556396484375
s_bird_117,resnet50_tl_20250829,8,4,148,52,152.0,56.0,146.42076110839844,146.4901123046875,-0.0693511962890625
s_bird_117,resnet50_tl_20250829,8,4,148,56,152.0,60.0,146.42076110839844,146.43829345703125,-0.0175323486328125
s_bird_117,resnet50_tl_20250829,8,4,148,60,152.0,64.0,146.42076110839844,146.45533752441406,-0.034576416015625
s_bird_117,resnet50_tl_20250829,8,4,148,64,152.0,68.0,146.42076110839844,146.43380737304688,-0.0130462646484375
s_bird_117,resnet50_tl_20250829,8,4,148,68,152.0,72.0,146.42076110839844,146.38121032714844,0.03955078125
s_bird_117,resnet50_tl_20250829,8,4,148,72,152.0,76.0,146.42076110839844,146.16302490234375,0.2577362060546875
s_bird_117,resnet50_tl_20250829,8,4,148,76,152.0,80.0,146.42076110839844,146.32374572753906,0.097015380859375
s_bird_117,resnet50_tl_20250829,8,4,148,80,152.0,84.0,146.42076110839844,146.19692993164062,0.2238311767578125
s_bird_117,resnet50_tl_20250829,8,4,148,84,152.0,88.0,146.42076110839844,146.10292053222656,0.317840576171875
s_bird_117,resnet50_tl_20250829,8,4,148,88,152.0,92.0,146.42076110839844,145.87649536132812,0.5442657470703125
s_bird_117,resnet50_tl_20250829,8,4,148,92,152.0,96.0,146.42076110839844,146.00283813476562,0.4179229736328125
s_bird_117,resnet50_tl_20250829,8,4,148,96,152.0,100.0,146.42076110839844,146.07017517089844,0.3505859375
s_bird_117,resnet50_tl_20250829,8,4,148,100,152.0,104.0,146.42076110839844,146.24351501464844,0.17724609375
s_bird_117,resnet50_tl_20250829,8,4,148,104,152.0,108.0,146.42076110839844,146.22482299804688,0.1959381103515625
s_bird_117,resnet50_tl_20250829,8,4,148,108,152.0,112.0,146.42076110839844,146.47720336914062,-0.0564422607421875
s_bird_117,resnet50_tl_20250829,8,4,148,112,152.0,116.0,146.42076110839844,146.3714141845703,0.049346923828125
s_bird_117,resnet50_tl_20250829,8,4,148,116,152.0,120.0,146.42076110839844,146.52597045898438,-0.1052093505859375
s_bird_117,resnet50_tl_20250829,8,4,148,120,152.0,124.0,146.42076110839844,146.3214569091797,0.09930419921875
s_bird_117,resnet50_tl_20250829,8,4,148,124,152.0,128.0,146.42076110839844,146.37521362304688,0.0455474853515625
s_bird_117,resnet50_tl_20250829,8,4,148,128,152.0,132.0,146.42076110839844,146.1918182373047,0.22894287109375
s_bird_117,resnet50_tl_20250829,8,4,148,132,152.0,136.0,146.42076110839844,146.29608154296875,0.1246795654296875
s_bird_117,resnet50_tl_20250829,8,4,148,136,152.0,140.0,146.42076110839844,146.18087768554688,0.2398834228515625
s_bird_117,resnet50_tl_20250829,8,4,148,140,152.0,144.0,146.42076110839844,146.3126220703125,0.1081390380859375
s_bird_117,resnet50_tl_20250829,8,4,148,144,152.0,148.0,146.42076110839844,146.26513671875,0.1556243896484375
s_bird_117,resnet50_tl_20250829,8,4,148,148,152.0,152.0,146.42076110839844,146.38417053222656,0.036590576171875
s_bird_117,resnet50_tl_20250829,8,4,148,152,152.0,156.0,146.42076110839844,146.28334045410156,0.137420654296875
s_bird_117,resnet50_tl_20250829,8,4,148,156,152.0,160.0,146.42076110839844,146.34645080566406,0.074310302734375
s_bird_117,resnet50_tl_20250829,8,4,148,160,152.0,164.0,146.42076110839844,146.3354034423828,0.085357666015625
s_bird_117,resnet50_tl_20250829,8,4,148,164,152.0,168.0,146.42076110839844,146.41506958007812,0.0056915283203125
s_bird_117,resnet50_tl_20250829,8,4,148,168,152.0,172.0,146.42076110839844,146.30345153808594,0.1173095703125
s_bird_117,resnet50_tl_20250829,8,4,148,172,152.0,176.0,146.42076110839844,146.38658142089844,0.0341796875
s_bird_117,resnet50_tl_20250829,8,4,148,176,152.0,180.0,146.42076110839844,146.36993408203125,0.0508270263671875
s_bird_117,resnet50_tl_20250829,8,4,148,180,152.0,184.0,146.42076110839844,146.4000701904297,0.02069091796875
s_bird_117,resnet50_tl_20250829,8,4,148,184,152.0,188.0,146.42076110839844,146.35830688476562,0.0624542236328125
s_bird_117,resnet50_tl_20250829,8,4,148,188,152.0,192.0,146.42076110839844,146.40597534179688,0.0147857666015625
s_bird_117,resnet50_tl_20250829,8,4,148,192,152.0,196.0,146.42076110839844,146.46388244628906,-0.043121337890625
s_bird_117,resnet50_tl_20250829,8,4,148,196,152.0,200.0,146.42076110839844,146.4149627685547,0.00579833984375
s_bird_117,resnet50_tl_20250829,8,4,148,200,152.0,204.0,146.42076110839844,146.36668395996094,0.0540771484375
s_bird_117,resnet50_tl_20250829,8,4,148,204,152.0,208.0,146.42076110839844,146.39501953125,0.0257415771484375
s_bird_117,resnet50_tl_20250829,8,4,148,208,152.0,212.0,146.42076110839844,146.43560791015625,-0.0148468017578125
s_bird_117,resnet50_tl_20250829,8,4,148,212,152.0,216.0,146.42076110839844,146.387939453125,0.0328216552734375
s_bird_117,resnet50_tl_20250829,8,4,148,216,152.0,220.0,146.42076110839844,146.364013671875,0.0567474365234375
s_bird_117,resnet50_tl_20250829,8,4,152,0,156.0,4.0,146.42076110839844,146.2097625732422,0.21099853515625
s_bird_117,resnet50_tl_20250829,8,4,152,4,156.0,8.0,146.42076110839844,146.2314910888672,0.18927001953125
s_bird_117,resnet50_tl_20250829,8,4,152,8,156.0,12.0,146.42076110839844,146.310302734375,0.1104583740234375
s_bird_117,resnet50_tl_20250829,8,4,152,12,156.0,16.0,146.42076110839844,146.13539123535156,0.285369873046875
s_bird_117,resnet50_tl_20250829,8,4,152,16,156.0,20.0,146.42076110839844,146.10394287109375,0.3168182373046875
s_bird_117,resnet50_tl_20250829,8,4,152,20,156.0,24.0,146.42076110839844,146.1051483154297,0.31561279296875
s_bird_117,resnet50_tl_20250829,8,4,152,24,156.0,28.0,146.42076110839844,146.15798950195312,0.2627716064453125
s_bird_117,resnet50_tl_20250829,8,4,152,28,156.0,32.0,146.42076110839844,145.99188232421875,0.4288787841796875
s_bird_117,resnet50_tl_20250829,8,4,152,32,156.0,36.0,146.42076110839844,146.0300750732422,0.39068603515625
s_bird_117,resnet50_tl_20250829,8,4,152,36,156.0,40.0,146.42076110839844,146.07925415039062,0.3415069580078125
s_bird_117,resnet50_tl_20250829,8,4,152,40,156.0,44.0,146.42076110839844,146.2002410888672,0.22052001953125
s_bird_117,resnet50_tl_20250829,8,4,152,44,156.0,48.0,146.42076110839844,146.0878143310547,0.33294677734375
s_bird_117,resnet50_tl_20250829,8,4,152,48,156.0,52.0,146.42076110839844,146.15811157226562,0.2626495361328125
s_bird_117,resnet50_tl_20250829,8,4,152,52,156.0,56.0,146.42076110839844,146.18467712402344,0.236083984375
s_bird_117,resnet50_tl_20250829,8,4,152,56,156.0,60.0,146.42076110839844,146.2980499267578,0.122711181640625
s_bird_117,resnet50_tl_20250829,8,4,152,60,156.0,64.0,146.42076110839844,146.18080139160156,0.239959716796875
s_bird_117,resnet50_tl_20250829,8,4,152,64,156.0,68.0,146.42076110839844,146.21914672851562,0.2016143798828125
s_bird_117,resnet50_tl_20250829,8,4,152,68,156.0,72.0,146.42076110839844,146.2346954345703,0.186065673828125
s_bird_117,resnet50_tl_20250829,8,4,152,72,156.0,76.0,146.42076110839844,146.29010009765625,0.1306610107421875
s_bird_117,resnet50_tl_20250829,8,4,152,76,156.0,80.0,146.42076110839844,146.3394012451172,0.08135986328125
s_bird_117,resnet50_tl_20250829,8,4,152,80,156.0,84.0,146.42076110839844,146.22195434570312,0.1988067626953125
s_bird_117,resnet50_tl_20250829,8,4,152,84,156.0,88.0,146.42076110839844,146.11834716796875,0.3024139404296875
s_bird_117,resnet50_tl_20250829,8,4,152,88,156.0,92.0,146.42076110839844,145.8603057861328,0.560455322265625
s_bird_117,resnet50_tl_20250829,8,4,152,92,156.0,96.0,146.42076110839844,145.98081970214844,0.43994140625
s_bird_117,resnet50_tl_20250829,8,4,152,96,156.0,100.0,146.42076110839844,145.95574951171875,0.4650115966796875
s_bird_117,resnet50_tl_20250829,8,4,152,100,156.0,104.0,146.42076110839844,146.07142639160156,0.349334716796875
s_bird_117,resnet50_tl_20250829,8,4,152,104,156.0,108.0,146.42076110839844,146.1324462890625,0.2883148193359375
s_bird_117,resnet50_tl_20250829,8,4,152,108,156.0,112.0,146.42076110839844,146.047119140625,0.3736419677734375
s_bird_117,resnet50_tl_20250829,8,4,152,112,156.0,116.0,146.42076110839844,146.06500244140625,0.3557586669921875
s_bird_117,resnet50_tl_20250829,8,4,152,116,156.0,120.0,146.42076110839844,146.232177734375,0.1885833740234375
s_bird_117,resnet50_tl_20250829,8,4,152,120,156.0,124.0,146.42076110839844,146.18203735351562,0.2387237548828125
s_bird_117,resnet50_tl_20250829,8,4,152,124,156.0,128.0,146.42076110839844,145.95933532714844,0.46142578125
s_bird_117,resnet50_tl_20250829,8,4,152,128,156.0,132.0,146.42076110839844,145.8470458984375,0.5737152099609375
s_bird_117,resnet50_tl_20250829,8,4,152,132,156.0,136.0,146.42076110839844,145.9288330078125,0.4919281005859375
s_bird_117,resnet50_tl_20250829,8,4,152,136,156.0,140.0,146.42076110839844,146.0325927734375,0.3881683349609375
s_bird_117,resnet50_tl_20250829,8,4,152,140,156.0,144.0,146.42076110839844,145.93080139160156,0.489959716796875
s_bird_117,resnet50_tl_20250829,8,4,152,144,156.0,148.0,146.42076110839844,145.9313201904297,0.48944091796875
s_bird_117,resnet50_tl_20250829,8,4,152,148,156.0,152.0,146.42076110839844,146.0313720703125,0.3893890380859375
s_bird_117,resnet50_tl_20250829,8,4,152,152,156.0,156.0,146.42076110839844,146.11734008789062,0.3034210205078125
s_bird_117,resnet50_tl_20250829,8,4,152,156,156.0,160.0,146.42076110839844,145.97145080566406,0.449310302734375
s_bird_117,resnet50_tl_20250829,8,4,152,160,156.0,164.0,146.42076110839844,145.9722442626953,0.448516845703125
s_bird_117,resnet50_tl_20250829,8,4,152,164,156.0,168.0,146.42076110839844,146.07278442382812,0.3479766845703125
s_bird_117,resnet50_tl_20250829,8,4,152,168,156.0,172.0,146.42076110839844,146.16571044921875,0.2550506591796875
s_bird_117,resnet50_tl_20250829,8,4,152,172,156.0,176.0,146.42076110839844,146.133056640625,0.2877044677734375
s_bird_117,resnet50_tl_20250829,8,4,152,176,156.0,180.0,146.42076110839844,146.14671325683594,0.2740478515625
s_bird_117,resnet50_tl_20250829,8,4,152,180,156.0,184.0,146.42076110839844,146.17457580566406,0.246185302734375
s_bird_117,resnet50_tl_20250829,8,4,152,184,156.0,188.0,146.42076110839844,146.2620849609375,0.1586761474609375
s_bird_117,resnet50_tl_20250829,8,4,152,188,156.0,192.0,146.42076110839844,146.20489501953125,0.2158660888671875
s_bird_117,resnet50_tl_20250829,8,4,152,192,156.0,196.0,146.42076110839844,146.2376251220703,0.183135986328125
s_bird_117,resnet50_tl_20250829,8,4,152,196,156.0,200.0,146.42076110839844,146.25193786621094,0.1688232421875
s_bird_117,resnet50_tl_20250829,8,4,152,200,156.0,204.0,146.42076110839844,146.32472229003906,0.096038818359375
s_bird_117,resnet50_tl_20250829,8,4,152,204,156.0,208.0,146.42076110839844,146.3484649658203,0.072296142578125
s_bird_117,resnet50_tl_20250829,8,4,152,208,156.0,212.0,146.42076110839844,146.36924743652344,0.051513671875
s_bird_117,resnet50_tl_20250829,8,4,152,212,156.0,216.0,146.42076110839844,146.33370971679688,0.0870513916015625
s_bird_117,resnet50_tl_20250829,8,4,152,216,156.0,220.0,146.42076110839844,146.3563232421875,0.0644378662109375
s_bird_117,resnet50_tl_20250829,8,4,156,0,160.0,4.0,146.42076110839844,146.01455688476562,0.4062042236328125
s_bird_117,resnet50_tl_20250829,8,4,156,4,160.0,8.0,146.42076110839844,146.2569122314453,0.163848876953125
s_bird_117,resnet50_tl_20250829,8,4,156,8,160.0,12.0,146.42076110839844,146.34906005859375,0.0717010498046875
s_bird_117,resnet50_tl_20250829,8,4,156,12,160.0,16.0,146.42076110839844,146.17144775390625,0.2493133544921875
s_bird_117,resnet50_tl_20250829,8,4,156,16,160.0,20.0,146.42076110839844,146.0544891357422,0.36627197265625
s_bird_117,resnet50_tl_20250829,8,4,156,20,160.0,24.0,146.42076110839844,146.2169189453125,0.2038421630859375
s_bird_117,resnet50_tl_20250829,8,4,156,24,160.0,28.0,146.42076110839844,146.2729949951172,0.14776611328125
s_bird_117,resnet50_tl_20250829,8,4,156,28,160.0,32.0,146.42076110839844,145.86917114257812,0.5515899658203125
s_bird_117,resnet50_tl_20250829,8,4,156,32,160.0,36.0,146.42076110839844,145.8116912841797,0.60906982421875
s_bird_117,resnet50_tl_20250829,8,4,156,36,160.0,40.0,146.42076110839844,146.16769409179688,0.2530670166015625
s_bird_117,resnet50_tl_20250829,8,4,156,40,160.0,44.0,146.42076110839844,146.2623291015625,0.1584320068359375
s_bird_117,resnet50_tl_20250829,8,4,156,44,160.0,48.0,146.42076110839844,146.01446533203125,0.4062957763671875
s_bird_117,resnet50_tl_20250829,8,4,156,48,160.0,52.0,146.42076110839844,146.016845703125,0.4039154052734375
s_bird_117,resnet50_tl_20250829,8,4,156,52,160.0,56.0,146.42076110839844,146.27821350097656,0.142547607421875
s_bird_117,resnet50_tl_20250829,8,4,156,56,160.0,60.0,146.42076110839844,146.36505126953125,0.0557098388671875
s_bird_117,resnet50_tl_20250829,8,4,156,60,160.0,64.0,146.42076110839844,145.99618530273438,0.4245758056640625
s_bird_117,resnet50_tl_20250829,8,4,156,64,160.0,68.0,146.42076110839844,145.9874267578125,0.4333343505859375
s_bird_117,resnet50_tl_20250829,8,4,156,68,160.0,72.0,146.42076110839844,146.2271728515625,0.1935882568359375
s_bird_117,resnet50_tl_20250829,8,4,156,72,160.0,76.0,146.42076110839844,146.2690887451172,0.15167236328125
s_bird_117,resnet50_tl_20250829,8,4,156,76,160.0,80.0,146.42076110839844,146.2279510498047,0.19281005859375
s_bird_117,resnet50_tl_20250829,8,4,156,80,160.0,84.0,146.42076110839844,146.150146484375,0.2706146240234375
s_bird_117,resnet50_tl_20250829,8,4,156,84,160.0,88.0,146.42076110839844,146.2254638671875,0.1952972412109375
s_bird_117,resnet50_tl_20250829,8,4,156,88,160.0,92.0,146.42076110839844,145.86843872070312,0.5523223876953125
s_bird_117,resnet50_tl_20250829,8,4,156,92,160.0,96.0,146.42076110839844,145.92637634277344,0.494384765625
s_bird_117,resnet50_tl_20250829,8,4,156,96,160.0,100.0,146.42076110839844,146.05380249023438,0.3669586181640625
s_bird_117,resnet50_tl_20250829,8,4,156,100,160.0,104.0,146.42076110839844,146.2601776123047,0.16058349609375
s_bird_117,resnet50_tl_20250829,8,4,156,104,160.0,108.0,146.42076110839844,146.18148803710938,0.2392730712890625
s_bird_117,resnet50_tl_20250829,8,4,156,108,160.0,112.0,146.42076110839844,145.95077514648438,0.4699859619140625
s_bird_117,resnet50_tl_20250829,8,4,156,112,160.0,116.0,146.42076110839844,145.89697265625,0.5237884521484375
s_bird_117,resnet50_tl_20250829,8,4,156,116,160.0,120.0,146.42076110839844,146.42005920410156,0.000701904296875
s_bird_117,resnet50_tl_20250829,8,4,156,120,160.0,124.0,146.42076110839844,146.36843872070312,0.0523223876953125
s_bird_117,resnet50_tl_20250829,8,4,156,124,160.0,128.0,146.42076110839844,145.80857849121094,0.6121826171875
s_bird_117,resnet50_tl_20250829,8,4,156,128,160.0,132.0,146.42076110839844,145.63409423828125,0.7866668701171875
s_bird_117,resnet50_tl_20250829,8,4,156,132,160.0,136.0,146.42076110839844,146.0566864013672,0.36407470703125
s_bird_117,resnet50_tl_20250829,8,4,156,136,160.0,140.0,146.42076110839844,146.17648315429688,0.2442779541015625
s_bird_117,resnet50_tl_20250829,8,4,156,140,160.0,144.0,146.42076110839844,145.8963165283203,0.524444580078125
s_bird_117,resnet50_tl_20250829,8,4,156,144,160.0,148.0,146.42076110839844,145.82530212402344,0.595458984375
s_bird_117,resnet50_tl_20250829,8,4,156,148,160.0,152.0,146.42076110839844,146.19305419921875,0.2277069091796875
s_bird_117,resnet50_tl_20250829,8,4,156,152,160.0,156.0,146.42076110839844,146.24722290039062,0.1735382080078125
s_bird_117,resnet50_tl_20250829,8,4,156,156,160.0,160.0,146.42076110839844,145.79693603515625,0.6238250732421875
s_bird_117,resnet50_tl_20250829,8,4,156,160,160.0,164.0,146.42076110839844,145.77748107910156,0.643280029296875
s_bird_117,resnet50_tl_20250829,8,4,156,164,160.0,168.0,146.42076110839844,146.16000366210938,0.2607574462890625
s_bird_117,resnet50_tl_20250829,8,4,156,168,160.0,172.0,146.42076110839844,146.25978088378906,0.160980224609375
s_bird_117,resnet50_tl_20250829,8,4,156,172,160.0,176.0,146.42076110839844,146.0952911376953,0.325469970703125
s_bird_117,resnet50_tl_20250829,8,4,156,176,160.0,180.0,146.42076110839844,146.05690002441406,0.363861083984375
s_bird_117,resnet50_tl_20250829,8,4,156,180,160.0,184.0,146.42076110839844,146.24954223632812,0.1712188720703125
s_bird_117,resnet50_tl_20250829,8,4,156,184,160.0,188.0,146.42076110839844,146.34243774414062,0.0783233642578125
s_bird_117,resnet50_tl_20250829,8,4,156,188,160.0,192.0,146.42076110839844,146.08042907714844,0.34033203125
s_bird_117,resnet50_tl_20250829,8,4,156,192,160.0,196.0,146.42076110839844,146.10128784179688,0.3194732666015625
s_bird_117,resnet50_tl_20250829,8,4,156,196,160.0,200.0,146.42076110839844,146.1929473876953,0.227813720703125
s_bird_117,resnet50_tl_20250829,8,4,156,200,160.0,204.0,146.42076110839844,146.35452270507812,0.0662384033203125
s_bird_117,resnet50_tl_20250829,8,4,156,204,160.0,208.0,146.42076110839844,146.31101989746094,0.1097412109375
s_bird_117,resnet50_tl_20250829,8,4,156,208,160.0,212.0,146.42076110839844,146.31930541992188,0.1014556884765625
s_bird_117,resnet50_tl_20250829,8,4,156,212,160.0,216.0,146.42076110839844,146.3235626220703,0.097198486328125
s_bird_117,resnet50_tl_20250829,8,4,156,216,160.0,220.0,146.42076110839844,146.3593292236328,0.061431884765625
s_bird_117,resnet50_tl_20250829,8,4,160,0,164.0,4.0,146.42076110839844,146.0576629638672,0.36309814453125
s_bird_117,resnet50_tl_20250829,8,4,160,4,164.0,8.0,146.42076110839844,146.19882202148438,0.2219390869140625
s_bird_117,resnet50_tl_20250829,8,4,160,8,164.0,12.0,146.42076110839844,146.329345703125,0.0914154052734375
s_bird_117,resnet50_tl_20250829,8,4,160,12,164.0,16.0,146.42076110839844,146.05316162109375,0.3675994873046875
s_bird_117,resnet50_tl_20250829,8,4,160,16,164.0,20.0,146.42076110839844,146.0540771484375,0.3666839599609375
s_bird_117,resnet50_tl_20250829,8,4,160,20,164.0,24.0,146.42076110839844,146.0938262939453,0.326934814453125
s_bird_117,resnet50_tl_20250829,8,4,160,24,164.0,28.0,146.42076110839844,146.19618225097656,0.224578857421875
s_bird_117,resnet50_tl_20250829,8,4,160,28,164.0,32.0,146.42076110839844,145.80335998535156,0.617401123046875
s_bird_117,resnet50_tl_20250829,8,4,160,32,164.0,36.0,146.42076110839844,145.83837890625,0.5823822021484375
s_bird_117,resnet50_tl_20250829,8,4,160,36,164.0,40.0,146.42076110839844,146.054443359375,0.3663177490234375
s_bird_117,resnet50_tl_20250829,8,4,160,40,164.0,44.0,146.42076110839844,146.18032836914062,0.2404327392578125
s_bird_117,resnet50_tl_20250829,8,4,160,44,164.0,48.0,146.42076110839844,145.892822265625,0.5279388427734375
s_bird_117,resnet50_tl_20250829,8,4,160,48,164.0,52.0,146.42076110839844,145.96824645996094,0.4525146484375
s_bird_117,resnet50_tl_20250829,8,4,160,52,164.0,56.0,146.42076110839844,146.11383056640625,0.3069305419921875
s_bird_117,resnet50_tl_20250829,8,4,160,56,164.0,60.0,146.42076110839844,146.24107360839844,0.1796875
s_bird_117,resnet50_tl_20250829,8,4,160,60,164.0,64.0,146.42076110839844,145.92930603027344,0.491455078125
s_bird_117,resnet50_tl_20250829,8,4,160,64,164.0,68.0,146.42076110839844,145.9976043701172,0.42315673828125
s_bird_117,resnet50_tl_20250829,8,4,160,68,164.0,72.0,146.42076110839844,146.1217803955078,0.298980712890625
s_bird_117,resnet50_tl_20250829,8,4,160,72,164.0,76.0,146.42076110839844,146.2923126220703,0.128448486328125
s_bird_117,resnet50_tl_20250829,8,4,160,76,164.0,80.0,146.42076110839844,146.31614685058594,0.1046142578125
s_bird_117,resnet50_tl_20250829,8,4,160,80,164.0,84.0,146.42076110839844,146.21084594726562,0.2099151611328125
s_bird_117,resnet50_tl_20250829,8,4,160,84,164.0,88.0,146.42076110839844,146.2501678466797,0.17059326171875
s_bird_117,resnet50_tl_20250829,8,4,160,88,164.0,92.0,146.42076110839844,146.0006561279297,0.42010498046875
s_bird_117,resnet50_tl_20250829,8,4,160,92,164.0,96.0,146.42076110839844,145.98487854003906,0.435882568359375
s_bird_117,resnet50_tl_20250829,8,4,160,96,164.0,100.0,146.42076110839844,145.980712890625,0.4400482177734375
s_bird_117,resnet50_tl_20250829,8,4,160,100,164.0,104.0,146.42076110839844,146.1793670654297,0.24139404296875
s_bird_117,resnet50_tl_20250829,8,4,160,104,164.0,108.0,146.42076110839844,146.23779296875,0.1829681396484375
s_bird_117,resnet50_tl_20250829,8,4,160,108,164.0,112.0,146.42076110839844,145.88070678710938,0.5400543212890625
s_bird_117,resnet50_tl_20250829,8,4,160,112,164.0,116.0,146.42076110839844,145.89804077148438,0.5227203369140625
s_bird_117,resnet50_tl_20250829,8,4,160,116,164.0,120.0,146.42076110839844,146.1871795654297,0.23358154296875
s_bird_117,resnet50_tl_20250829,8,4,160,120,164.0,124.0,146.42076110839844,146.3542938232422,0.06646728515625
s_bird_117,resnet50_tl_20250829,8,4,160,124,164.0,128.0,146.42076110839844,145.78419494628906,0.636566162109375
s_bird_117,resnet50_tl_20250829,8,4,160,128,164.0,132.0,146.42076110839844,145.69677734375,0.7239837646484375
s_bird_117,resnet50_tl_20250829,8,4,160,132,164.0,136.0,146.42076110839844,145.92811584472656,0.492645263671875
s_bird_117,resnet50_tl_20250829,8,4,160,136,164.0,140.0,146.42076110839844,146.10862731933594,0.3121337890625
s_bird_117,resnet50_tl_20250829,8,4,160,140,164.0,144.0,146.42076110839844,145.75814819335938,0.6626129150390625
s_bird_117,resnet50_tl_20250829,8,4,160,144,164.0,148.0,146.42076110839844,145.79490661621094,0.6258544921875
s_bird_117,resnet50_tl_20250829,8,4,160,148,164.0,152.0,146.42076110839844,146.01771545410156,0.403045654296875
s_bird_117,resnet50_tl_20250829,8,4,160,152,164.0,156.0,146.42076110839844,146.1610565185547,0.25970458984375
s_bird_117,resnet50_tl_20250829,8,4,160,156,164.0,160.0,146.42076110839844,145.75119018554688,0.6695709228515625
s_bird_117,resnet50_tl_20250829,8,4,160,160,164.0,164.0,146.42076110839844,145.79339599609375,0.6273651123046875
s_bird_117,resnet50_tl_20250829,8,4,160,164,164.0,168.0,146.42076110839844,146.04733276367188,0.3734283447265625
s_bird_117,resnet50_tl_20250829,8,4,160,168,164.0,172.0,146.42076110839844,146.1837158203125,0.2370452880859375
s_bird_117,resnet50_tl_20250829,8,4,160,172,164.0,176.0,146.42076110839844,145.99911499023438,0.4216461181640625
s_bird_117,resnet50_tl_20250829,8,4,160,176,164.0,180.0,146.42076110839844,146.0493927001953,0.371368408203125
s_bird_117,resnet50_tl_20250829,8,4,160,180,164.0,184.0,146.42076110839844,146.16358947753906,0.257171630859375
s_bird_117,resnet50_tl_20250829,8,4,160,184,164.0,188.0,146.42076110839844,146.285888671875,0.1348724365234375
s_bird_117,resnet50_tl_20250829,8,4,160,188,164.0,192.0,146.42076110839844,146.0651092529297,0.35565185546875
s_bird_117,resnet50_tl_20250829,8,4,160,192,164.0,196.0,146.42076110839844,146.12815856933594,0.2926025390625
s_bird_117,resnet50_tl_20250829,8,4,160,196,164.0,200.0,146.42076110839844,146.206787109375,0.2139739990234375
s_bird_117,resnet50_tl_20250829,8,4,160,200,164.0,204.0,146.42076110839844,146.3354949951172,0.08526611328125
s_bird_117,resnet50_tl_20250829,8,4,160,204,164.0,208.0,146.42076110839844,146.28831481933594,0.1324462890625
s_bird_117,resnet50_tl_20250829,8,4,160,208,164.0,212.0,146.42076110839844,146.31967163085938,0.1010894775390625
s_bird_117,resnet50_tl_20250829,8,4,160,212,164.0,216.0,146.42076110839844,146.3162384033203,0.104522705078125
s_bird_117,resnet50_tl_20250829,8,4,160,216,164.0,220.0,146.42076110839844,146.36892700195312,0.0518341064453125
s_bird_117,resnet50_tl_20250829,8,4,164,0,168.0,4.0,146.42076110839844,146.27813720703125,0.1426239013671875
s_bird_117,resnet50_tl_20250829,8,4,164,4,168.0,8.0,146.42076110839844,146.30108642578125,0.1196746826171875
s_bird_117,resnet50_tl_20250829,8,4,164,8,168.0,12.0,146.42076110839844,146.35891723632812,0.0618438720703125
s_bird_117,resnet50_tl_20250829,8,4,164,12,168.0,16.0,146.42076110839844,146.34292602539062,0.0778350830078125
s_bird_117,resnet50_tl_20250829,8,4,164,16,168.0,20.0,146.42076110839844,146.2581024169922,0.16265869140625
s_bird_117,resnet50_tl_20250829,8,4,164,20,168.0,24.0,146.42076110839844,146.2726287841797,0.14813232421875
s_bird_117,resnet50_tl_20250829,8,4,164,24,168.0,28.0,146.42076110839844,146.21315002441406,0.207611083984375
s_bird_117,resnet50_tl_20250829,8,4,164,28,168.0,32.0,146.42076110839844,146.22776794433594,0.1929931640625
s_bird_117,resnet50_tl_20250829,8,4,164,32,168.0,36.0,146.42076110839844,146.20297241210938,0.2177886962890625
s_bird_117,resnet50_tl_20250829,8,4,164,36,168.0,40.0,146.42076110839844,146.28372192382812,0.1370391845703125
s_bird_117,resnet50_tl_20250829,8,4,164,40,168.0,44.0,146.42076110839844,146.2067108154297,0.21405029296875
s_bird_117,resnet50_tl_20250829,8,4,164,44,168.0,48.0,146.42076110839844,146.27578735351562,0.1449737548828125
s_bird_117,resnet50_tl_20250829,8,4,164,48,168.0,52.0,146.42076110839844,146.26202392578125,0.1587371826171875
s_bird_117,resnet50_tl_20250829,8,4,164,52,168.0,56.0,146.42076110839844,146.33412170410156,0.086639404296875
s_bird_117,resnet50_tl_20250829,8,4,164,56,168.0,60.0,146.42076110839844,146.2413330078125,0.1794281005859375
s_bird_117,resnet50_tl_20250829,8,4,164,60,168.0,64.0,146.42076110839844,146.3301544189453,0.090606689453125
s_bird_117,resnet50_tl_20250829,8,4,164,64,168.0,68.0,146.42076110839844,146.36709594726562,0.0536651611328125
s_bird_117,resnet50_tl_20250829,8,4,164,68,168.0,72.0,146.42076110839844,146.44610595703125,-0.0253448486328125
s_bird_117,resnet50_tl_20250829,8,4,164,72,168.0,76.0,146.42076110839844,146.40289306640625,0.0178680419921875
s_bird_117,resnet50_tl_20250829,8,4,164,76,168.0,80.0,146.42076110839844,146.49171447753906,-0.070953369140625
s_bird_117,resnet50_tl_20250829,8,4,164,80,168.0,84.0,146.42076110839844,146.2330780029297,0.18768310546875
s_bird_117,resnet50_tl_20250829,8,4,164,84,168.0,88.0,146.42076110839844,146.21800231933594,0.2027587890625
s_bird_117,resnet50_tl_20250829,8,4,164,88,168.0,92.0,146.42076110839844,146.11688232421875,0.3038787841796875
s_bird_117,resnet50_tl_20250829,8,4,164,92,168.0,96.0,146.42076110839844,146.05885314941406,0.361907958984375
s_bird_117,resnet50_tl_20250829,8,4,164,96,168.0,100.0,146.42076110839844,146.0820770263672,0.33868408203125
s_bird_117,resnet50_tl_20250829,8,4,164,100,168.0,104.0,146.42076110839844,146.10629272460938,0.3144683837890625
s_bird_117,resnet50_tl_20250829,8,4,164,104,168.0,108.0,146.42076110839844,146.39686584472656,0.023895263671875
s_bird_117,resnet50_tl_20250829,8,4,164,108,168.0,112.0,146.42076110839844,146.2821502685547,0.13861083984375
s_bird_117,resnet50_tl_20250829,8,4,164,112,168.0,116.0,146.42076110839844,146.2525177001953,0.168243408203125
s_bird_117,resnet50_tl_20250829,8,4,164,116,168.0,120.0,146.42076110839844,146.47137451171875,-0.0506134033203125
s_bird_117,resnet50_tl_20250829,8,4,164,120,168.0,124.0,146.42076110839844,146.43426513671875,-0.0135040283203125
s_bird_117,resnet50_tl_20250829,8,4,164,124,168.0,128.0,146.42076110839844,146.37594604492188,0.0448150634765625
s_bird_117,resnet50_tl_20250829,8,4,164,128,168.0,132.0,146.42076110839844,146.17254638671875,0.2482147216796875
s_bird_117,resnet50_tl_20250829,8,4,164,132,168.0,136.0,146.42076110839844,146.24807739257812,0.1726837158203125
s_bird_117,resnet50_tl_20250829,8,4,164,136,168.0,140.0,146.42076110839844,146.15408325195312,0.2666778564453125
s_bird_117,resnet50_tl_20250829,8,4,164,140,168.0,144.0,146.42076110839844,146.22354125976562,0.1972198486328125
s_bird_117,resnet50_tl_20250829,8,4,164,144,168.0,148.0,146.42076110839844,146.17196655273438,0.2487945556640625
s_bird_117,resnet50_tl_20250829,8,4,164,148,168.0,152.0,146.42076110839844,146.29376220703125,0.1269989013671875
s_bird_117,resnet50_tl_20250829,8,4,164,152,168.0,156.0,146.42076110839844,146.2107391357422,0.21002197265625
s_bird_117,resnet50_tl_20250829,8,4,164,156,168.0,160.0,146.42076110839844,146.25521850585938,0.1655426025390625
s_bird_117,resnet50_tl_20250829,8,4,164,160,168.0,164.0,146.42076110839844,146.2456817626953,0.175079345703125
s_bird_117,resnet50_tl_20250829,8,4,164,164,168.0,168.0,146.42076110839844,146.31024169921875,0.1105194091796875
s_bird_117,resnet50_tl_20250829,8,4,164,168,168.0,172.0,146.42076110839844,146.21725463867188,0.2035064697265625
s_bird_117,resnet50_tl_20250829,8,4,164,172,168.0,176.0,146.42076110839844,146.2987060546875,0.1220550537109375
s_bird_117,resnet50_tl_20250829,8,4,164,176,168.0,180.0,146.42076110839844,146.30715942382812,0.1136016845703125
s_bird_117,resnet50_tl_20250829,8,4,164,180,168.0,184.0,146.42076110839844,146.34649658203125,0.0742645263671875
s_bird_117,resnet50_tl_20250829,8,4,164,184,168.0,188.0,146.42076110839844,146.3103485107422,0.11041259765625
s_bird_117,resnet50_tl_20250829,8,4,164,188,168.0,192.0,146.42076110839844,146.3202667236328,0.100494384765625
s_bird_117,resnet50_tl_20250829,8,4,164,192,168.0,196.0,146.42076110839844,146.40298461914062,0.0177764892578125
s_bird_117,resnet50_tl_20250829,8,4,164,196,168.0,200.0,146.42076110839844,146.3243865966797,0.09637451171875
s_bird_117,resnet50_tl_20250829,8,4,164,200,168.0,204.0,146.42076110839844,146.33016967773438,0.0905914306640625
s_bird_117,resnet50_tl_20250829,8,4,164,204,168.0,208.0,146.42076110839844,146.36398315429688,0.0567779541015625
s_bird_117,resnet50_tl_20250829,8,4,164,208,168.0,212.0,146.42076110839844,146.43673706054688,-0.0159759521484375
s_bird_117,resnet50_tl_20250829,8,4,164,212,168.0,216.0,146.42076110839844,146.3654327392578,0.055328369140625
s_bird_117,resnet50_tl_20250829,8,4,164,216,168.0,220.0,146.42076110839844,146.35389709472656,0.066864013671875
s_bird_117,resnet50_tl_20250829,8,4,168,0,172.0,4.0,146.42076110839844,146.23736572265625,0.1833953857421875
s_bird_117,resnet50_tl_20250829,8,4,168,4,172.0,8.0,146.42076110839844,146.2310791015625,0.1896820068359375
s_bird_117,resnet50_tl_20250829,8,4,168,8,172.0,12.0,146.42076110839844,146.3090057373047,0.11175537109375
s_bird_117,resnet50_tl_20250829,8,4,168,12,172.0,16.0,146.42076110839844,146.15011596679688,0.2706451416015625
s_bird_117,resnet50_tl_20250829,8,4,168,16,172.0,20.0,146.42076110839844,146.13540649414062,0.2853546142578125
s_bird_117,resnet50_tl_20250829,8,4,168,20,172.0,24.0,146.42076110839844,146.10235595703125,0.3184051513671875
s_bird_117,resnet50_tl_20250829,8,4,168,24,172.0,28.0,146.42076110839844,146.12843322753906,0.292327880859375
s_bird_117,resnet50_tl_20250829,8,4,168,28,172.0,32.0,146.42076110839844,145.95994567871094,0.4608154296875
s_bird_117,resnet50_tl_20250829,8,4,168,32,172.0,36.0,146.42076110839844,145.99281311035156,0.427947998046875
s_bird_117,resnet50_tl_20250829,8,4,168,36,172.0,40.0,146.42076110839844,146.01544189453125,0.4053192138671875
s_bird_117,resnet50_tl_20250829,8,4,168,40,172.0,44.0,146.42076110839844,146.1294403076172,0.29132080078125
s_bird_117,resnet50_tl_20250829,8,4,168,44,172.0,48.0,146.42076110839844,146.0353240966797,0.38543701171875
s_bird_117,resnet50_tl_20250829,8,4,168,48,172.0,52.0,146.42076110839844,146.06317138671875,0.3575897216796875
s_bird_117,resnet50_tl_20250829,8,4,168,52,172.0,56.0,146.42076110839844,146.08067321777344,0.340087890625
s_bird_117,resnet50_tl_20250829,8,4,168,56,172.0,60.0,146.42076110839844,146.1586456298828,0.262115478515625
s_bird_117,resnet50_tl_20250829,8,4,168,60,172.0,64.0,146.42076110839844,146.08462524414062,0.3361358642578125
s_bird_117,resnet50_tl_20250829,8,4,168,64,172.0,68.0,146.42076110839844,146.1368865966797,0.28387451171875
s_bird_117,resnet50_tl_20250829,8,4,168,68,172.0,72.0,146.42076110839844,146.16607666015625,0.2546844482421875
s_bird_117,resnet50_tl_20250829,8,4,168,72,172.0,76.0,146.42076110839844,146.284912109375,0.1358489990234375
s_bird_117,resnet50_tl_20250829,8,4,168,76,172.0,80.0,146.42076110839844,146.32127380371094,0.0994873046875
s_bird_117,resnet50_tl_20250829,8,4,168,80,172.0,84.0,146.42076110839844,145.96702575683594,0.4537353515625
s_bird_117,resnet50_tl_20250829,8,4,168,84,172.0,88.0,146.42076110839844,146.13870239257812,0.2820587158203125
s_bird_117,resnet50_tl_20250829,8,4,168,88,172.0,92.0,146.42076110839844,146.0950927734375,0.3256683349609375
s_bird_117,resnet50_tl_20250829,8,4,168,92,172.0,96.0,146.42076110839844,146.04913330078125,0.3716278076171875
s_bird_117,resnet50_tl_20250829,8,4,168,96,172.0,100.0,146.42076110839844,145.9193115234375,0.5014495849609375
s_bird_117,resnet50_tl_20250829,8,4,168,100,172.0,104.0,146.42076110839844,146.036865234375,0.3838958740234375
s_bird_117,resnet50_tl_20250829,8,4,168,104,172.0,108.0,146.42076110839844,146.1639404296875,0.2568206787109375
s_bird_117,resnet50_tl_20250829,8,4,168,108,172.0,112.0,146.42076110839844,145.97567749023438,0.4450836181640625
s_bird_117,resnet50_tl_20250829,8,4,168,112,172.0,116.0,146.42076110839844,146.11587524414062,0.3048858642578125
s_bird_117,resnet50_tl_20250829,8,4,168,116,172.0,120.0,146.42076110839844,146.15591430664062,0.2648468017578125
s_bird_117,resnet50_tl_20250829,8,4,168,120,172.0,124.0,146.42076110839844,146.27891540527344,0.141845703125
s_bird_117,resnet50_tl_20250829,8,4,168,124,172.0,128.0,146.42076110839844,146.09205627441406,0.328704833984375
s_bird_117,resnet50_tl_20250829,8,4,168,128,172.0,132.0,146.42076110839844,145.92689514160156,0.493865966796875
s_bird_117,resnet50_tl_20250829,8,4,168,132,172.0,136.0,146.42076110839844,145.93414306640625,0.4866180419921875
s_bird_117,resnet50_tl_20250829,8,4,168,136,172.0,140.0,146.42076110839844,146.02737426757812,0.3933868408203125
s_bird_117,resnet50_tl_20250829,8,4,168,140,172.0,144.0,146.42076110839844,145.88998413085938,0.5307769775390625
s_bird_117,resnet50_tl_20250829,8,4,168,144,172.0,148.0,146.42076110839844,145.90316772460938,0.5175933837890625
s_bird_117,resnet50_tl_20250829,8,4,168,148,172.0,152.0,146.42076110839844,145.96249389648438,0.4582672119140625
s_bird_117,resnet50_tl_20250829,8,4,168,152,172.0,156.0,146.42076110839844,146.0816650390625,0.3390960693359375
s_bird_117,resnet50_tl_20250829,8,4,168,156,172.0,160.0,146.42076110839844,145.9484100341797,0.47235107421875
s_bird_117,resnet50_tl_20250829,8,4,168,160,172.0,164.0,146.42076110839844,145.97573852539062,0.4450225830078125
s_bird_117,resnet50_tl_20250829,8,4,168,164,172.0,168.0,146.42076110839844,146.01904296875,0.4017181396484375
s_bird_117,resnet50_tl_20250829,8,4,168,168,172.0,172.0,146.42076110839844,146.1427001953125,0.2780609130859375
s_bird_117,resnet50_tl_20250829,8,4,168,172,172.0,176.0,146.42076110839844,146.07406616210938,0.3466949462890625
s_bird_117,resnet50_tl_20250829,8,4,168,176,172.0,180.0,146.42076110839844,146.1114044189453,0.309356689453125
s_bird_117,resnet50_tl_20250829,8,4,168,180,172.0,184.0,146.42076110839844,146.12744140625,0.2933197021484375
s_bird_117,resnet50_tl_20250829,8,4,168,184,172.0,188.0,146.42076110839844,146.2710723876953,0.149688720703125
s_bird_117,resnet50_tl_20250829,8,4,168,188,172.0,192.0,146.42076110839844,146.2350616455078,0.185699462890625
s_bird_117,resnet50_tl_20250829,8,4,168,192,172.0,196.0,146.42076110839844,146.29576110839844,0.125
s_bird_117,resnet50_tl_20250829,8,4,168,196,172.0,200.0,146.42076110839844,146.2630157470703,0.157745361328125
s_bird_117,resnet50_tl_20250829,8,4,168,200,172.0,204.0,146.42076110839844,146.3280792236328,0.092681884765625
s_bird_117,resnet50_tl_20250829,8,4,168,204,172.0,208.0,146.42076110839844,146.34115600585938,0.0796051025390625
s_bird_117,resnet50_tl_20250829,8,4,168,208,172.0,212.0,146.42076110839844,146.384765625,0.0359954833984375
s_bird_117,resnet50_tl_20250829,8,4,168,212,172.0,216.0,146.42076110839844,146.3311767578125,0.0895843505859375
s_bird_117,resnet50_tl_20250829,8,4,168,216,172.0,220.0,146.42076110839844,146.356201171875,0.0645599365234375
s_bird_117,resnet50_tl_20250829,8,4,172,0,176.0,4.0,146.42076110839844,146.02047729492188,0.4002838134765625
s_bird_117,resnet50_tl_20250829,8,4,172,4,176.0,8.0,146.42076110839844,146.2482147216797,0.17254638671875
s_bird_117,resnet50_tl_20250829,8,4,172,8,176.0,12.0,146.42076110839844,146.30699157714844,0.11376953125
s_bird_117,resnet50_tl_20250829,8,4,172,12,176.0,16.0,146.42076110839844,146.10482788085938,0.3159332275390625
s_bird_117,resnet50_tl_20250829,8,4,172,16,176.0,20.0,146.42076110839844,146.01063537597656,0.410125732421875
s_bird_117,resnet50_tl_20250829,8,4,172,20,176.0,24.0,146.42076110839844,146.16519165039062,0.2555694580078125
s_bird_117,resnet50_tl_20250829,8,4,172,24,176.0,28.0,146.42076110839844,146.21066284179688,0.2100982666015625
s_bird_117,resnet50_tl_20250829,8,4,172,28,176.0,32.0,146.42076110839844,145.8192901611328,0.601470947265625
s_bird_117,resnet50_tl_20250829,8,4,172,32,176.0,36.0,146.42076110839844,145.79957580566406,0.621185302734375
s_bird_117,resnet50_tl_20250829,8,4,172,36,176.0,40.0,146.42076110839844,146.0628204345703,0.357940673828125
s_bird_117,resnet50_tl_20250829,8,4,172,40,176.0,44.0,146.42076110839844,146.1820526123047,0.23870849609375
s_bird_117,resnet50_tl_20250829,8,4,172,44,176.0,48.0,146.42076110839844,145.89686584472656,0.523895263671875
s_bird_117,resnet50_tl_20250829,8,4,172,48,176.0,52.0,146.42076110839844,145.89427185058594,0.5264892578125
s_bird_117,resnet50_tl_20250829,8,4,172,52,176.0,56.0,146.42076110839844,146.16017150878906,0.260589599609375
s_bird_117,resnet50_tl_20250829,8,4,172,56,176.0,60.0,146.42076110839844,146.23997497558594,0.1807861328125
s_bird_117,resnet50_tl_20250829,8,4,172,60,176.0,64.0,146.42076110839844,145.97650146484375,0.4442596435546875
s_bird_117,resnet50_tl_20250829,8,4,172,64,176.0,68.0,146.42076110839844,146.0107421875,0.4100189208984375
s_bird_117,resnet50_tl_20250829,8,4,172,68,176.0,72.0,146.42076110839844,146.27255249023438,0.1482086181640625
s_bird_117,resnet50_tl_20250829,8,4,172,72,176.0,76.0,146.42076110839844,146.35009765625,0.0706634521484375
s_bird_117,resnet50_tl_20250829,8,4,172,76,176.0,80.0,146.42076110839844,146.23330688476562,0.1874542236328125
s_bird_117,resnet50_tl_20250829,8,4,172,80,176.0,84.0,146.42076110839844,146.04933166503906,0.371429443359375
s_bird_117,resnet50_tl_20250829,8,4,172,84,176.0,88.0,146.42076110839844,146.18753051757812,0.2332305908203125
s_bird_117,resnet50_tl_20250829,8,4,172,88,176.0,92.0,146.42076110839844,146.1726837158203,0.248077392578125
s_bird_117,resnet50_tl_20250829,8,4,172,92,176.0,96.0,146.42076110839844,146.1149444580078,0.305816650390625
s_bird_117,resnet50_tl_20250829,8,4,172,96,176.0,100.0,146.42076110839844,145.9398193359375,0.4809417724609375
s_bird_117,resnet50_tl_20250829,8,4,172,100,176.0,104.0,146.42076110839844,146.1424102783203,0.278350830078125
s_bird_117,resnet50_tl_20250829,8,4,172,104,176.0,108.0,146.42076110839844,146.00942993164062,0.4113311767578125
s_bird_117,resnet50_tl_20250829,8,4,172,108,176.0,112.0,146.42076110839844,145.75645446777344,0.664306640625
s_bird_117,resnet50_tl_20250829,8,4,172,112,176.0,116.0,146.42076110839844,145.9674072265625,0.4533538818359375
s_bird_117,resnet50_tl_20250829,8,4,172,116,176.0,120.0,146.42076110839844,146.30836486816406,0.112396240234375
s_bird_117,resnet50_tl_20250829,8,4,172,120,176.0,124.0,146.42076110839844,146.2906951904297,0.13006591796875
s_bird_117,resnet50_tl_20250829,8,4,172,124,176.0,128.0,146.42076110839844,145.8936309814453,0.527130126953125
s_bird_117,resnet50_tl_20250829,8,4,172,128,176.0,132.0,146.42076110839844,145.75338745117188,0.6673736572265625
s_bird_117,resnet50_tl_20250829,8,4,172,132,176.0,136.0,146.42076110839844,146.03125,0.3895111083984375
s_bird_117,resnet50_tl_20250829,8,4,172,136,176.0,140.0,146.42076110839844,146.1290740966797,0.29168701171875
s_bird_117,resnet50_tl_20250829,8,4,172,140,176.0,144.0,146.42076110839844,145.7676239013672,0.65313720703125
s_bird_117,resnet50_tl_20250829,8,4,172,144,176.0,148.0,146.42076110839844,145.7314910888672,0.68927001953125
s_bird_117,resnet50_tl_20250829,8,4,172,148,176.0,152.0,146.42076110839844,146.04763793945312,0.3731231689453125
s_bird_117,resnet50_tl_20250829,8,4,172,152,176.0,156.0,146.42076110839844,146.16519165039062,0.2555694580078125
s_bird_117,resnet50_tl_20250829,8,4,172,156,176.0,160.0,146.42076110839844,145.79861450195312,0.6221466064453125
s_bird_117,resnet50_tl_20250829,8,4,172,160,176.0,164.0,146.42076110839844,145.78128051757812,0.6394805908203125
s_bird_117,resnet50_tl_20250829,8,4,172,164,176.0,168.0,146.42076110839844,146.0529022216797,0.36785888671875
s_bird_117,resnet50_tl_20250829,8,4,172,168,176.0,172.0,146.42076110839844,146.19163513183594,0.2291259765625
s_bird_117,resnet50_tl_20250829,8,4,172,172,176.0,176.0,146.42076110839844,145.9862518310547,0.43450927734375
s_bird_117,resnet50_tl_20250829,8,4,172,176,176.0,180.0,146.42076110839844,145.9754180908203,0.445343017578125
s_bird_117,resnet50_tl_20250829,8,4,172,180,176.0,184.0,146.42076110839844,146.1538543701172,0.26690673828125
s_bird_117,resnet50_tl_20250829,8,4,172,184,176.0,188.0,146.42076110839844,146.3220672607422,0.09869384765625
s_bird_117,resnet50_tl_20250829,8,4,172,188,176.0,192.0,146.42076110839844,146.13731384277344,0.283447265625
s_bird_117,resnet50_tl_20250829,8,4,172,192,176.0,196.0,146.42076110839844,146.18896484375,0.2317962646484375
s_bird_117,resnet50_tl_20250829,8,4,172,196,176.0,200.0,146.42076110839844,146.21231079101562,0.2084503173828125
s_bird_117,resnet50_tl_20250829,8,4,172,200,176.0,204.0,146.42076110839844,146.36056518554688,0.0601959228515625
s_bird_117,resnet50_tl_20250829,8,4,172,204,176.0,208.0,146.42076110839844,146.3057098388672,0.11505126953125
s_bird_117,resnet50_tl_20250829,8,4,172,208,176.0,212.0,146.42076110839844,146.33274841308594,0.0880126953125
s_bird_117,resnet50_tl_20250829,8,4,172,212,176.0,216.0,146.42076110839844,146.32174682617188,0.0990142822265625
s_bird_117,resnet50_tl_20250829,8,4,172,216,176.0,220.0,146.42076110839844,146.35916137695312,0.0615997314453125
s_bird_117,resnet50_tl_20250829,8,4,176,0,180.0,4.0,146.42076110839844,146.07501220703125,0.3457489013671875
s_bird_117,resnet50_tl_20250829,8,4,176,4,180.0,8.0,146.42076110839844,146.19869995117188,0.2220611572265625
s_bird_117,resnet50_tl_20250829,8,4,176,8,180.0,12.0,146.42076110839844,146.32992553710938,0.0908355712890625
s_bird_117,resnet50_tl_20250829,8,4,176,12,180.0,16.0,146.42076110839844,146.05093383789062,0.3698272705078125
s_bird_117,resnet50_tl_20250829,8,4,176,16,180.0,20.0,146.42076110839844,146.06687927246094,0.3538818359375
s_bird_117,resnet50_tl_20250829,8,4,176,20,180.0,24.0,146.42076110839844,146.100341796875,0.3204193115234375
s_bird_117,resnet50_tl_20250829,8,4,176,24,180.0,28.0,146.42076110839844,146.1940155029297,0.22674560546875
s_bird_117,resnet50_tl_20250829,8,4,176,28,180.0,32.0,146.42076110839844,145.7879180908203,0.632843017578125
s_bird_117,resnet50_tl_20250829,8,4,176,32,180.0,36.0,146.42076110839844,145.85218811035156,0.568572998046875
s_bird_117,resnet50_tl_20250829,8,4,176,36,180.0,40.0,146.42076110839844,146.00221252441406,0.418548583984375
s_bird_117,resnet50_tl_20250829,8,4,176,40,180.0,44.0,146.42076110839844,146.16317749023438,0.2575836181640625
s_bird_117,resnet50_tl_20250829,8,4,176,44,180.0,48.0,146.42076110839844,145.8595733642578,0.561187744140625
s_bird_117,resnet50_tl_20250829,8,4,176,48,180.0,52.0,146.42076110839844,145.92991638183594,0.4908447265625
s_bird_117,resnet50_tl_20250829,8,4,176,52,180.0,56.0,146.42076110839844,146.07723999023438,0.3435211181640625
s_bird_117,resnet50_tl_20250829,8,4,176,56,180.0,60.0,146.42076110839844,146.19635009765625,0.2244110107421875
s_bird_117,resnet50_tl_20250829,8,4,176,60,180.0,64.0,146.42076110839844,145.9553985595703,0.465362548828125
s_bird_117,resnet50_tl_20250829,8,4,176,64,180.0,68.0,146.42076110839844,146.02496337890625,0.3957977294921875
s_bird_117,resnet50_tl_20250829,8,4,176,68,180.0,72.0,146.42076110839844,146.16030883789062,0.2604522705078125
s_bird_117,resnet50_tl_20250829,8,4,176,72,180.0,76.0,146.42076110839844,146.2843780517578,0.136383056640625
s_bird_117,resnet50_tl_20250829,8,4,176,76,180.0,80.0,146.42076110839844,146.18240356445312,0.2383575439453125
s_bird_117,resnet50_tl_20250829,8,4,176,80,180.0,84.0,146.42076110839844,146.22940063476562,0.1913604736328125
s_bird_117,resnet50_tl_20250829,8,4,176,84,180.0,88.0,146.42076110839844,146.19081115722656,0.229949951171875
s_bird_117,resnet50_tl_20250829,8,4,176,88,180.0,92.0,146.42076110839844,146.1466827392578,0.274078369140625
s_bird_117,resnet50_tl_20250829,8,4,176,92,180.0,96.0,146.42076110839844,146.12144470214844,0.29931640625
s_bird_117,resnet50_tl_20250829,8,4,176,96,180.0,100.0,146.42076110839844,145.9805908203125,0.4401702880859375
s_bird_117,resnet50_tl_20250829,8,4,176,100,180.0,104.0,146.42076110839844,146.05075073242188,0.3700103759765625
s_bird_117,resnet50_tl_20250829,8,4,176,104,180.0,108.0,146.42076110839844,145.92535400390625,0.4954071044921875
s_bird_117,resnet50_tl_20250829,8,4,176,108,180.0,112.0,146.42076110839844,145.84820556640625,0.5725555419921875
s_bird_117,resnet50_tl_20250829,8,4,176,112,180.0,116.0,146.42076110839844,145.94349670410156,0.477264404296875
s_bird_117,resnet50_tl_20250829,8,4,176,116,180.0,120.0,146.42076110839844,146.15652465820312,0.2642364501953125
s_bird_117,resnet50_tl_20250829,8,4,176,120,180.0,124.0,146.42076110839844,146.22384643554688,0.1969146728515625
s_bird_117,resnet50_tl_20250829,8,4,176,124,180.0,128.0,146.42076110839844,145.87705993652344,0.543701171875
s_bird_117,resnet50_tl_20250829,8,4,176,128,180.0,132.0,146.42076110839844,145.7974853515625,0.6232757568359375
s_bird_117,resnet50_tl_20250829,8,4,176,132,180.0,136.0,146.42076110839844,145.96604919433594,0.4547119140625
s_bird_117,resnet50_tl_20250829,8,4,176,136,180.0,140.0,146.42076110839844,146.07679748535156,0.343963623046875
s_bird_117,resnet50_tl_20250829,8,4,176,140,180.0,144.0,146.42076110839844,145.69020080566406,0.730560302734375
s_bird_117,resnet50_tl_20250829,8,4,176,144,180.0,148.0,146.42076110839844,145.76107788085938,0.6596832275390625
s_bird_117,resnet50_tl_20250829,8,4,176,148,180.0,152.0,146.42076110839844,145.9481964111328,0.472564697265625
s_bird_117,resnet50_tl_20250829,8,4,176,152,180.0,156.0,146.42076110839844,146.09930419921875,0.3214569091796875
s_bird_117,resnet50_tl_20250829,8,4,176,156,180.0,160.0,146.42076110839844,145.74896240234375,0.6717987060546875
s_bird_117,resnet50_tl_20250829,8,4,176,160,180.0,164.0,146.42076110839844,145.81292724609375,0.6078338623046875
s_bird_117,resnet50_tl_20250829,8,4,176,164,180.0,168.0,146.42076110839844,145.99072265625,0.4300384521484375
s_bird_117,resnet50_tl_20250829,8,4,176,168,180.0,172.0,146.42076110839844,146.1572265625,0.2635345458984375
s_bird_117,resnet50_tl_20250829,8,4,176,172,180.0,176.0,146.42076110839844,145.94647216796875,0.4742889404296875
s_bird_117,resnet50_tl_20250829,8,4,176,176,180.0,180.0,146.42076110839844,146.0193328857422,0.40142822265625
s_bird_117,resnet50_tl_20250829,8,4,176,180,180.0,184.0,146.42076110839844,146.13172912597656,0.289031982421875
s_bird_117,resnet50_tl_20250829,8,4,176,184,180.0,188.0,146.42076110839844,146.2926483154297,0.12811279296875
s_bird_117,resnet50_tl_20250829,8,4,176,188,180.0,192.0,146.42076110839844,146.13548278808594,0.2852783203125
s_bird_117,resnet50_tl_20250829,8,4,176,192,180.0,196.0,146.42076110839844,146.22921752929688,0.1915435791015625
s_bird_117,resnet50_tl_20250829,8,4,176,196,180.0,200.0,146.42076110839844,146.27552795410156,0.145233154296875
s_bird_117,resnet50_tl_20250829,8,4,176,200,180.0,204.0,146.42076110839844,146.3692169189453,0.051544189453125
s_bird_117,resnet50_tl_20250829,8,4,176,204,180.0,208.0,146.42076110839844,146.31138610839844,0.109375
s_bird_117,resnet50_tl_20250829,8,4,176,208,180.0,212.0,146.42076110839844,146.34002685546875,0.0807342529296875
s_bird_117,resnet50_tl_20250829,8,4,176,212,180.0,216.0,146.42076110839844,146.3334503173828,0.087310791015625
s_bird_117,resnet50_tl_20250829,8,4,176,216,180.0,220.0,146.42076110839844,146.38394165039062,0.0368194580078125
s_bird_117,resnet50_tl_20250829,8,4,180,0,184.0,4.0,146.42076110839844,146.2631378173828,0.157623291015625
s_bird_117,resnet50_tl_20250829,8,4,180,4,184.0,8.0,146.42076110839844,146.29075622558594,0.1300048828125
s_bird_117,resnet50_tl_20250829,8,4,180,8,184.0,12.0,146.42076110839844,146.36489868164062,0.0558624267578125
s_bird_117,resnet50_tl_20250829,8,4,180,12,184.0,16.0,146.42076110839844,146.29806518554688,0.1226959228515625
s_bird_117,resnet50_tl_20250829,8,4,180,16,184.0,20.0,146.42076110839844,146.2870635986328,0.133697509765625
s_bird_117,resnet50_tl_20250829,8,4,180,20,184.0,24.0,146.42076110839844,146.23382568359375,0.1869354248046875
s_bird_117,resnet50_tl_20250829,8,4,180,24,184.0,28.0,146.42076110839844,146.22360229492188,0.1971588134765625
s_bird_117,resnet50_tl_20250829,8,4,180,28,184.0,32.0,146.42076110839844,146.1827850341797,0.23797607421875
s_bird_117,resnet50_tl_20250829,8,4,180,32,184.0,36.0,146.42076110839844,146.19920349121094,0.2215576171875
s_bird_117,resnet50_tl_20250829,8,4,180,36,184.0,40.0,146.42076110839844,146.2053680419922,0.21539306640625
s_bird_117,resnet50_tl_20250829,8,4,180,40,184.0,44.0,146.42076110839844,146.19676208496094,0.2239990234375
s_bird_117,resnet50_tl_20250829,8,4,180,44,184.0,48.0,146.42076110839844,146.2484588623047,0.17230224609375
s_bird_117,resnet50_tl_20250829,8,4,180,48,184.0,52.0,146.42076110839844,146.2760009765625,0.1447601318359375
s_bird_117,resnet50_tl_20250829,8,4,180,52,184.0,56.0,146.42076110839844,146.28733825683594,0.1334228515625
s_bird_117,resnet50_tl_20250829,8,4,180,56,184.0,60.0,146.42076110839844,146.24156188964844,0.17919921875
s_bird_117,resnet50_tl_20250829,8,4,180,60,184.0,64.0,146.42076110839844,146.27896118164062,0.1417999267578125
s_bird_117,resnet50_tl_20250829,8,4,180,64,184.0,68.0,146.42076110839844,146.34669494628906,0.074066162109375
s_bird_117,resnet50_tl_20250829,8,4,180,68,184.0,72.0,146.42076110839844,146.4311981201172,-0.01043701171875
s_bird_117,resnet50_tl_20250829,8,4,180,72,184.0,76.0,146.42076110839844,146.3804473876953,0.040313720703125
s_bird_117,resnet50_tl_20250829,8,4,180,76,184.0,80.0,146.42076110839844,146.39828491210938,0.0224761962890625
s_bird_117,resnet50_tl_20250829,8,4,180,80,184.0,84.0,146.42076110839844,146.4579620361328,-0.037200927734375
s_bird_117,resnet50_tl_20250829,8,4,180,84,184.0,88.0,146.42076110839844,146.31826782226562,0.1024932861328125
s_bird_117,resnet50_tl_20250829,8,4,180,88,184.0,92.0,146.42076110839844,146.20001220703125,0.2207489013671875
s_bird_117,resnet50_tl_20250829,8,4,180,92,184.0,96.0,146.42076110839844,146.1686553955078,0.252105712890625
s_bird_117,resnet50_tl_20250829,8,4,180,96,184.0,100.0,146.42076110839844,146.01573181152344,0.405029296875
s_bird_117,resnet50_tl_20250829,8,4,180,100,184.0,104.0,146.42076110839844,146.02694702148438,0.3938140869140625
s_bird_117,resnet50_tl_20250829,8,4,180,104,184.0,108.0,146.42076110839844,146.1381072998047,0.28265380859375
s_bird_117,resnet50_tl_20250829,8,4,180,108,184.0,112.0,146.42076110839844,146.13746643066406,0.283294677734375
s_bird_117,resnet50_tl_20250829,8,4,180,112,184.0,116.0,146.42076110839844,146.14364624023438,0.2771148681640625
s_bird_117,resnet50_tl_20250829,8,4,180,116,184.0,120.0,146.42076110839844,146.13116455078125,0.2895965576171875
s_bird_117,resnet50_tl_20250829,8,4,180,120,184.0,124.0,146.42076110839844,146.1290283203125,0.2917327880859375
s_bird_117,resnet50_tl_20250829,8,4,180,124,184.0,128.0,146.42076110839844,146.27391052246094,0.1468505859375
s_bird_117,resnet50_tl_20250829,8,4,180,128,184.0,132.0,146.42076110839844,146.21560668945312,0.2051544189453125
s_bird_117,resnet50_tl_20250829,8,4,180,132,184.0,136.0,146.42076110839844,146.16030883789062,0.2604522705078125
s_bird_117,resnet50_tl_20250829,8,4,180,136,184.0,140.0,146.42076110839844,146.1289825439453,0.291778564453125
s_bird_117,resnet50_tl_20250829,8,4,180,140,184.0,144.0,146.42076110839844,146.11842346191406,0.302337646484375
s_bird_117,resnet50_tl_20250829,8,4,180,144,184.0,148.0,146.42076110839844,146.14028930664062,0.2804718017578125
s_bird_117,resnet50_tl_20250829,8,4,180,148,184.0,152.0,146.42076110839844,146.17449951171875,0.2462615966796875
s_bird_117,resnet50_tl_20250829,8,4,180,152,184.0,156.0,146.42076110839844,146.13885498046875,0.2819061279296875
s_bird_117,resnet50_tl_20250829,8,4,180,156,184.0,160.0,146.42076110839844,146.1519317626953,0.268829345703125
s_bird_117,resnet50_tl_20250829,8,4,180,160,184.0,164.0,146.42076110839844,146.20669555664062,0.2140655517578125
s_bird_117,resnet50_tl_20250829,8,4,180,164,184.0,168.0,146.42076110839844,146.20193481445312,0.2188262939453125
s_bird_117,resnet50_tl_20250829,8,4,180,168,184.0,172.0,146.42076110839844,146.1793212890625,0.2414398193359375
s_bird_117,resnet50_tl_20250829,8,4,180,172,184.0,176.0,146.42076110839844,146.23973083496094,0.1810302734375
s_bird_117,resnet50_tl_20250829,8,4,180,176,184.0,180.0,146.42076110839844,146.3289794921875,0.0917816162109375
s_bird_117,resnet50_tl_20250829,8,4,180,180,184.0,184.0,146.42076110839844,146.2918701171875,0.1288909912109375
s_bird_117,resnet50_tl_20250829,8,4,180,184,184.0,188.0,146.42076110839844,146.30210876464844,0.11865234375
s_bird_117,resnet50_tl_20250829,8,4,180,188,184.0,192.0,146.42076110839844,146.29620361328125,0.1245574951171875
s_bird_117,resnet50_tl_20250829,8,4,180,192,184.0,196.0,146.42076110839844,146.4169464111328,0.003814697265625
s_bird_117,resnet50_tl_20250829,8,4,180,196,184.0,200.0,146.42076110839844,146.34214782714844,0.07861328125
s_bird_117,resnet50_tl_20250829,8,4,180,200,184.0,204.0,146.42076110839844,146.35614013671875,0.0646209716796875
s_bird_117,resnet50_tl_20250829,8,4,180,204,184.0,208.0,146.42076110839844,146.3629150390625,0.0578460693359375
s_bird_117,resnet50_tl_20250829,8,4,180,208,184.0,212.0,146.42076110839844,146.45143127441406,-0.030670166015625
s_bird_117,resnet50_tl_20250829,8,4,180,212,184.0,216.0,146.42076110839844,146.39239501953125,0.0283660888671875
s_bird_117,resnet50_tl_20250829,8,4,180,216,184.0,220.0,146.42076110839844,146.3893585205078,0.031402587890625
s_bird_117,resnet50_tl_20250829,8,4,184,0,188.0,4.0,146.42076110839844,146.21456909179688,0.2061920166015625
s_bird_117,resnet50_tl_20250829,8,4,184,4,188.0,8.0,146.42076110839844,146.22808837890625,0.1926727294921875
s_bird_117,resnet50_tl_20250829,8,4,184,8,188.0,12.0,146.42076110839844,146.30636596679688,0.1143951416015625
s_bird_117,resnet50_tl_20250829,8,4,184,12,188.0,16.0,146.42076110839844,146.1759490966797,0.24481201171875
s_bird_117,resnet50_tl_20250829,8,4,184,16,188.0,20.0,146.42076110839844,146.19244384765625,0.2283172607421875
s_bird_117,resnet50_tl_20250829,8,4,184,20,188.0,24.0,146.42076110839844,146.1127471923828,0.308013916015625
s_bird_117,resnet50_tl_20250829,8,4,184,24,188.0,28.0,146.42076110839844,146.11988830566406,0.300872802734375
s_bird_117,resnet50_tl_20250829,8,4,184,28,188.0,32.0,146.42076110839844,145.98751831054688,0.4332427978515625
s_bird_117,resnet50_tl_20250829,8,4,184,32,188.0,36.0,146.42076110839844,146.0411834716797,0.37957763671875
s_bird_117,resnet50_tl_20250829,8,4,184,36,188.0,40.0,146.42076110839844,146.03250122070312,0.3882598876953125
s_bird_117,resnet50_tl_20250829,8,4,184,40,188.0,44.0,146.42076110839844,146.10650634765625,0.3142547607421875
s_bird_117,resnet50_tl_20250829,8,4,184,44,188.0,48.0,146.42076110839844,146.01449584960938,0.4062652587890625
s_bird_117,resnet50_tl_20250829,8,4,184,48,188.0,52.0,146.42076110839844,146.05563354492188,0.3651275634765625
s_bird_117,resnet50_tl_20250829,8,4,184,52,188.0,56.0,146.42076110839844,146.08502197265625,0.3357391357421875
s_bird_117,resnet50_tl_20250829,8,4,184,56,188.0,60.0,146.42076110839844,146.16079711914062,0.2599639892578125
s_bird_117,resnet50_tl_20250829,8,4,184,60,188.0,64.0,146.42076110839844,146.09814453125,0.3226165771484375
s_bird_117,resnet50_tl_20250829,8,4,184,64,188.0,68.0,146.42076110839844,146.1531219482422,0.26763916015625
s_bird_117,resnet50_tl_20250829,8,4,184,68,188.0,72.0,146.42076110839844,146.2032470703125,0.2175140380859375
s_bird_117,resnet50_tl_20250829,8,4,184,72,188.0,76.0,146.42076110839844,146.3054962158203,0.115264892578125
s_bird_117,resnet50_tl_20250829,8,4,184,76,188.0,80.0,146.42076110839844,146.25042724609375,0.1703338623046875
s_bird_117,resnet50_tl_20250829,8,4,184,80,188.0,84.0,146.42076110839844,146.26300048828125,0.1577606201171875
s_bird_117,resnet50_tl_20250829,8,4,184,84,188.0,88.0,146.42076110839844,146.21217346191406,0.208587646484375
s_bird_117,resnet50_tl_20250829,8,4,184,88,188.0,92.0,146.42076110839844,146.32916259765625,0.0915985107421875
s_bird_117,resnet50_tl_20250829,8,4,184,92,188.0,96.0,146.42076110839844,146.445068359375,-0.0243072509765625
s_bird_117,resnet50_tl_20250829,8,4,184,96,188.0,100.0,146.42076110839844,146.40518188476562,0.0155792236328125
s_bird_117,resnet50_tl_20250829,8,4,184,100,188.0,104.0,146.42076110839844,146.2564239501953,0.164337158203125
s_bird_117,resnet50_tl_20250829,8,4,184,104,188.0,108.0,146.42076110839844,146.2368927001953,0.183868408203125
s_bird_117,resnet50_tl_20250829,8,4,184,108,188.0,112.0,146.42076110839844,146.19371032714844,0.22705078125
s_bird_117,resnet50_tl_20250829,8,4,184,112,188.0,116.0,146.42076110839844,146.1244659423828,0.296295166015625
s_bird_117,resnet50_tl_20250829,8,4,184,116,188.0,120.0,146.42076110839844,146.14886474609375,0.2718963623046875
s_bird_117,resnet50_tl_20250829,8,4,184,120,188.0,124.0,146.42076110839844,146.10154724121094,0.3192138671875
s_bird_117,resnet50_tl_20250829,8,4,184,124,188.0,128.0,146.42076110839844,146.02447509765625,0.3962860107421875
s_bird_117,resnet50_tl_20250829,8,4,184,128,188.0,132.0,146.42076110839844,146.0819854736328,0.338775634765625
s_bird_117,resnet50_tl_20250829,8,4,184,132,188.0,136.0,146.42076110839844,146.02525329589844,0.3955078125
s_bird_117,resnet50_tl_20250829,8,4,184,136,188.0,140.0,146.42076110839844,146.04576110839844,0.375
s_bird_117,resnet50_tl_20250829,8,4,184,140,188.0,144.0,146.42076110839844,145.97657775878906,0.444183349609375
s_bird_117,resnet50_tl_20250829,8,4,184,144,188.0,148.0,146.42076110839844,145.9879608154297,0.43280029296875
s_bird_117,resnet50_tl_20250829,8,4,184,148,188.0,152.0,146.42076110839844,145.9864501953125,0.4343109130859375
s_bird_117,resnet50_tl_20250829,8,4,184,152,188.0,156.0,146.42076110839844,146.0629425048828,0.357818603515625
s_bird_117,resnet50_tl_20250829,8,4,184,156,188.0,160.0,146.42076110839844,146.00457763671875,0.4161834716796875
s_bird_117,resnet50_tl_20250829,8,4,184,160,188.0,164.0,146.42076110839844,146.06982421875,0.3509368896484375
s_bird_117,resnet50_tl_20250829,8,4,184,164,188.0,168.0,146.42076110839844,146.03338623046875,0.3873748779296875
s_bird_117,resnet50_tl_20250829,8,4,184,168,188.0,172.0,146.42076110839844,146.1385040283203,0.282257080078125
s_bird_117,resnet50_tl_20250829,8,4,184,172,188.0,176.0,146.42076110839844,146.15765380859375,0.2631072998046875
s_bird_117,resnet50_tl_20250829,8,4,184,176,188.0,180.0,146.42076110839844,146.234375,0.1863861083984375
s_bird_117,resnet50_tl_20250829,8,4,184,180,188.0,184.0,146.42076110839844,146.1880340576172,0.23272705078125
s_bird_117,resnet50_tl_20250829,8,4,184,184,188.0,188.0,146.42076110839844,146.30194091796875,0.1188201904296875
s_bird_117,resnet50_tl_20250829,8,4,184,188,188.0,192.0,146.42076110839844,146.30715942382812,0.1136016845703125
s_bird_117,resnet50_tl_20250829,8,4,184,192,188.0,196.0,146.42076110839844,146.40219116210938,0.0185699462890625
s_bird_117,resnet50_tl_20250829,8,4,184,196,188.0,200.0,146.42076110839844,146.3405303955078,0.080230712890625
s_bird_117,resnet50_tl_20250829,8,4,184,200,188.0,204.0,146.42076110839844,146.37876892089844,0.0419921875
s_bird_117,resnet50_tl_20250829,8,4,184,204,188.0,208.0,146.42076110839844,146.42405700683594,-0.0032958984375
s_bird_117,resnet50_tl_20250829,8,4,184,208,188.0,212.0,146.42076110839844,146.4778289794922,-0.05706787109375
s_bird_117,resnet50_tl_20250829,8,4,184,212,188.0,216.0,146.42076110839844,146.4078369140625,0.0129241943359375
s_bird_117,resnet50_tl_20250829,8,4,184,216,188.0,220.0,146.42076110839844,146.40557861328125,0.0151824951171875
s_bird_117,resnet50_tl_20250829,8,4,188,0,192.0,4.0,146.42076110839844,146.02867126464844,0.39208984375
s_bird_117,resnet50_tl_20250829,8,4,188,4,192.0,8.0,146.42076110839844,146.20559692382812,0.2151641845703125
s_bird_117,resnet50_tl_20250829,8,4,188,8,192.0,12.0,146.42076110839844,146.30905151367188,0.1117095947265625
s_bird_117,resnet50_tl_20250829,8,4,188,12,192.0,16.0,146.42076110839844,146.08705139160156,0.333709716796875
s_bird_117,resnet50_tl_20250829,8,4,188,16,192.0,20.0,146.42076110839844,146.10446166992188,0.3162994384765625
s_bird_117,resnet50_tl_20250829,8,4,188,20,192.0,24.0,146.42076110839844,146.15548706054688,0.2652740478515625
s_bird_117,resnet50_tl_20250829,8,4,188,24,192.0,28.0,146.42076110839844,146.21240234375,0.2083587646484375
s_bird_117,resnet50_tl_20250829,8,4,188,28,192.0,32.0,146.42076110839844,145.83694458007812,0.5838165283203125
s_bird_117,resnet50_tl_20250829,8,4,188,32,192.0,36.0,146.42076110839844,145.8887939453125,0.5319671630859375
s_bird_117,resnet50_tl_20250829,8,4,188,36,192.0,40.0,146.42076110839844,146.08840942382812,0.3323516845703125
s_bird_117,resnet50_tl_20250829,8,4,188,40,192.0,44.0,146.42076110839844,146.17446899414062,0.2462921142578125
s_bird_117,resnet50_tl_20250829,8,4,188,44,192.0,48.0,146.42076110839844,145.83607482910156,0.584686279296875
s_bird_117,resnet50_tl_20250829,8,4,188,48,192.0,52.0,146.42076110839844,145.87213134765625,0.5486297607421875
s_bird_117,resnet50_tl_20250829,8,4,188,52,192.0,56.0,146.42076110839844,146.11273193359375,0.3080291748046875
s_bird_117,resnet50_tl_20250829,8,4,188,56,192.0,60.0,146.42076110839844,146.22438049316406,0.196380615234375
s_bird_117,resnet50_tl_20250829,8,4,188,60,192.0,64.0,146.42076110839844,145.91592407226562,0.5048370361328125
s_bird_117,resnet50_tl_20250829,8,4,188,64,192.0,68.0,146.42076110839844,145.9820556640625,0.4387054443359375
s_bird_117,resnet50_tl_20250829,8,4,188,68,192.0,72.0,146.42076110839844,146.20863342285156,0.212127685546875
s_bird_117,resnet50_tl_20250829,8,4,188,72,192.0,76.0,146.42076110839844,146.36402893066406,0.056732177734375
s_bird_117,resnet50_tl_20250829,8,4,188,76,192.0,80.0,146.42076110839844,146.1142578125,0.3065032958984375
s_bird_117,resnet50_tl_20250829,8,4,188,80,192.0,84.0,146.42076110839844,146.09974670410156,0.321014404296875
s_bird_117,resnet50_tl_20250829,8,4,188,84,192.0,88.0,146.42076110839844,146.2709503173828,0.149810791015625
s_bird_117,resnet50_tl_20250829,8,4,188,88,192.0,92.0,146.42076110839844,146.2803955078125,0.1403656005859375
s_bird_117,resnet50_tl_20250829,8,4,188,92,192.0,96.0,146.42076110839844,146.34677124023438,0.0739898681640625
s_bird_117,resnet50_tl_20250829,8,4,188,96,192.0,100.0,146.42076110839844,146.4663543701172,-0.04559326171875
s_bird_117,resnet50_tl_20250829,8,4,188,100,192.0,104.0,146.42076110839844,146.2978515625,0.1229095458984375
s_bird_117,resnet50_tl_20250829,8,4,188,104,192.0,108.0,146.42076110839844,146.37588500976562,0.0448760986328125
s_bird_117,resnet50_tl_20250829,8,4,188,108,192.0,112.0,146.42076110839844,146.23558044433594,0.1851806640625
s_bird_117,resnet50_tl_20250829,8,4,188,112,192.0,116.0,146.42076110839844,146.3200225830078,0.100738525390625
s_bird_117,resnet50_tl_20250829,8,4,188,116,192.0,120.0,146.42076110839844,146.44219970703125,-0.0214385986328125
s_bird_117,resnet50_tl_20250829,8,4,188,120,192.0,124.0,146.42076110839844,146.25494384765625,0.1658172607421875
s_bird_117,resnet50_tl_20250829,8,4,188,124,192.0,128.0,146.42076110839844,145.97409057617188,0.4466705322265625
s_bird_117,resnet50_tl_20250829,8,4,188,128,192.0,132.0,146.42076110839844,145.93624877929688,0.4845123291015625
s_bird_117,resnet50_tl_20250829,8,4,188,132,192.0,136.0,146.42076110839844,146.17515563964844,0.24560546875
s_bird_117,resnet50_tl_20250829,8,4,188,136,192.0,140.0,146.42076110839844,146.20948791503906,0.211273193359375
s_bird_117,resnet50_tl_20250829,8,4,188,140,192.0,144.0,146.42076110839844,145.9491424560547,0.47161865234375
s_bird_117,resnet50_tl_20250829,8,4,188,144,192.0,148.0,146.42076110839844,145.8898162841797,0.53094482421875
s_bird_117,resnet50_tl_20250829,8,4,188,148,192.0,152.0,146.42076110839844,146.039306640625,0.3814544677734375
s_bird_117,resnet50_tl_20250829,8,4,188,152,192.0,156.0,146.42076110839844,146.14073181152344,0.280029296875
s_bird_117,resnet50_tl_20250829,8,4,188,156,192.0,160.0,146.42076110839844,145.86160278320312,0.5591583251953125
s_bird_117,resnet50_tl_20250829,8,4,188,160,192.0,164.0,146.42076110839844,145.9073028564453,0.513458251953125
s_bird_117,resnet50_tl_20250829,8,4,188,164,192.0,168.0,146.42076110839844,146.06324768066406,0.357513427734375
s_bird_117,resnet50_tl_20250829,8,4,188,168,192.0,172.0,146.42076110839844,146.19082641601562,0.2299346923828125
s_bird_117,resnet50_tl_20250829,8,4,188,172,192.0,176.0,146.42076110839844,146.04449462890625,0.3762664794921875
s_bird_117,resnet50_tl_20250829,8,4,188,176,192.0,180.0,146.42076110839844,146.0991668701172,0.32159423828125
s_bird_117,resnet50_tl_20250829,8,4,188,180,192.0,184.0,146.42076110839844,146.16990661621094,0.2508544921875
s_bird_117,resnet50_tl_20250829,8,4,188,184,192.0,188.0,146.42076110839844,146.3284149169922,0.09234619140625
s_bird_117,resnet50_tl_20250829,8,4,188,188,192.0,192.0,146.42076110839844,146.21592712402344,0.204833984375
s_bird_117,resnet50_tl_20250829,8,4,188,192,192.0,196.0,146.42076110839844,146.3031463623047,0.11761474609375
s_bird_117,resnet50_tl_20250829,8,4,188,196,192.0,200.0,146.42076110839844,146.30215454101562,0.1186065673828125
s_bird_117,resnet50_tl_20250829,8,4,188,200,192.0,204.0,146.42076110839844,146.3883056640625,0.0324554443359375
s_bird_117,resnet50_tl_20250829,8,4,188,204,192.0,208.0,146.42076110839844,146.44168090820312,-0.0209197998046875
s_bird_117,resnet50_tl_20250829,8,4,188,208,192.0,212.0,146.42076110839844,146.49102783203125,-0.0702667236328125
s_bird_117,resnet50_tl_20250829,8,4,188,212,192.0,216.0,146.42076110839844,146.42535400390625,-0.0045928955078125
s_bird_117,resnet50_tl_20250829,8,4,188,216,192.0,220.0,146.42076110839844,146.4251708984375,-0.0044097900390625
s_bird_117,resnet50_tl_20250829,8,4,192,0,196.0,4.0,146.42076110839844,146.13804626464844,0.28271484375
s_bird_117,resnet50_tl_20250829,8,4,192,4,196.0,8.0,146.42076110839844,146.23304748535156,0.187713623046875
s_bird_117,resnet50_tl_20250829,8,4,192,8,196.0,12.0,146.42076110839844,146.33773803710938,0.0830230712890625
s_bird_117,resnet50_tl_20250829,8,4,192,12,196.0,16.0,146.42076110839844,146.09518432617188,0.3255767822265625
s_bird_117,resnet50_tl_20250829,8,4,192,16,196.0,20.0,146.42076110839844,146.17628479003906,0.244476318359375
s_bird_117,resnet50_tl_20250829,8,4,192,20,196.0,24.0,146.42076110839844,146.18336486816406,0.237396240234375
s_bird_117,resnet50_tl_20250829,8,4,192,24,196.0,28.0,146.42076110839844,146.24095153808594,0.1798095703125
s_bird_117,resnet50_tl_20250829,8,4,192,28,196.0,32.0,146.42076110839844,145.88912963867188,0.5316314697265625
s_bird_117,resnet50_tl_20250829,8,4,192,32,196.0,36.0,146.42076110839844,145.98170471191406,0.439056396484375
s_bird_117,resnet50_tl_20250829,8,4,192,36,196.0,40.0,146.42076110839844,146.1292724609375,0.2914886474609375
s_bird_117,resnet50_tl_20250829,8,4,192,40,196.0,44.0,146.42076110839844,146.1925811767578,0.228179931640625
s_bird_117,resnet50_tl_20250829,8,4,192,44,196.0,48.0,146.42076110839844,145.8623504638672,0.55841064453125
s_bird_117,resnet50_tl_20250829,8,4,192,48,196.0,52.0,146.42076110839844,145.9385986328125,0.4821624755859375
s_bird_117,resnet50_tl_20250829,8,4,192,52,196.0,56.0,146.42076110839844,146.1140594482422,0.30670166015625
s_bird_117,resnet50_tl_20250829,8,4,192,56,196.0,60.0,146.42076110839844,146.228759765625,0.1920013427734375
s_bird_117,resnet50_tl_20250829,8,4,192,60,196.0,64.0,146.42076110839844,145.9688720703125,0.4518890380859375
s_bird_117,resnet50_tl_20250829,8,4,192,64,196.0,68.0,146.42076110839844,146.04930114746094,0.3714599609375
s_bird_117,resnet50_tl_20250829,8,4,192,68,196.0,72.0,146.42076110839844,146.22659301757812,0.1941680908203125
s_bird_117,resnet50_tl_20250829,8,4,192,72,196.0,76.0,146.42076110839844,146.32406616210938,0.0966949462890625
s_bird_117,resnet50_tl_20250829,8,4,192,76,196.0,80.0,146.42076110839844,146.13829040527344,0.282470703125
s_bird_117,resnet50_tl_20250829,8,4,192,80,196.0,84.0,146.42076110839844,146.15225219726562,0.2685089111328125
s_bird_117,resnet50_tl_20250829,8,4,192,84,196.0,88.0,146.42076110839844,146.28506469726562,0.1356964111328125
s_bird_117,resnet50_tl_20250829,8,4,192,88,196.0,92.0,146.42076110839844,146.371337890625,0.0494232177734375
s_bird_117,resnet50_tl_20250829,8,4,192,92,196.0,96.0,146.42076110839844,146.22900390625,0.1917572021484375
s_bird_117,resnet50_tl_20250829,8,4,192,96,196.0,100.0,146.42076110839844,146.1919708251953,0.228790283203125
s_bird_117,resnet50_tl_20250829,8,4,192,100,196.0,104.0,146.42076110839844,146.24497985839844,0.17578125
s_bird_117,resnet50_tl_20250829,8,4,192,104,196.0,108.0,146.42076110839844,146.3434600830078,0.077301025390625
s_bird_117,resnet50_tl_20250829,8,4,192,108,196.0,112.0,146.42076110839844,146.23619079589844,0.1845703125
s_bird_117,resnet50_tl_20250829,8,4,192,112,196.0,116.0,146.42076110839844,146.233642578125,0.1871185302734375
s_bird_117,resnet50_tl_20250829,8,4,192,116,196.0,120.0,146.42076110839844,146.25975036621094,0.1610107421875
s_bird_117,resnet50_tl_20250829,8,4,192,120,196.0,124.0,146.42076110839844,146.20632934570312,0.2144317626953125
s_bird_117,resnet50_tl_20250829,8,4,192,124,196.0,128.0,146.42076110839844,146.11520385742188,0.3055572509765625
s_bird_117,resnet50_tl_20250829,8,4,192,128,196.0,132.0,146.42076110839844,146.02114868164062,0.3996124267578125
s_bird_117,resnet50_tl_20250829,8,4,192,132,196.0,136.0,146.42076110839844,146.1188201904297,0.30194091796875
s_bird_117,resnet50_tl_20250829,8,4,192,136,196.0,140.0,146.42076110839844,146.19393920898438,0.2268218994140625
s_bird_117,resnet50_tl_20250829,8,4,192,140,196.0,144.0,146.42076110839844,145.96278381347656,0.457977294921875
s_bird_117,resnet50_tl_20250829,8,4,192,144,196.0,148.0,146.42076110839844,145.9674072265625,0.4533538818359375
s_bird_117,resnet50_tl_20250829,8,4,192,148,196.0,152.0,146.42076110839844,146.06422424316406,0.356536865234375
s_bird_117,resnet50_tl_20250829,8,4,192,152,196.0,156.0,146.42076110839844,146.17201232910156,0.248748779296875
s_bird_117,resnet50_tl_20250829,8,4,192,156,196.0,160.0,146.42076110839844,145.90769958496094,0.5130615234375
s_bird_117,resnet50_tl_20250829,8,4,192,160,196.0,164.0,146.42076110839844,145.9991455078125,0.4216156005859375
s_bird_117,resnet50_tl_20250829,8,4,192,164,196.0,168.0,146.42076110839844,146.12149047851562,0.2992706298828125
s_bird_117,resnet50_tl_20250829,8,4,192,168,196.0,172.0,146.42076110839844,146.2218017578125,0.1989593505859375
s_bird_117,resnet50_tl_20250829,8,4,192,172,196.0,176.0,146.42076110839844,146.07920837402344,0.341552734375
s_bird_117,resnet50_tl_20250829,8,4,192,176,196.0,180.0,146.42076110839844,146.1614532470703,0.259307861328125
s_bird_117,resnet50_tl_20250829,8,4,192,180,196.0,184.0,146.42076110839844,146.22654724121094,0.1942138671875
s_bird_117,resnet50_tl_20250829,8,4,192,184,196.0,188.0,146.42076110839844,146.35325622558594,0.0675048828125
s_bird_117,resnet50_tl_20250829,8,4,192,188,196.0,192.0,146.42076110839844,146.26943969726562,0.1513214111328125
s_bird_117,resnet50_tl_20250829,8,4,192,192,196.0,196.0,146.42076110839844,146.3615264892578,0.059234619140625
s_bird_117,resnet50_tl_20250829,8,4,192,196,196.0,200.0,146.42076110839844,146.3769073486328,0.043853759765625
s_bird_117,resnet50_tl_20250829,8,4,192,200,196.0,204.0,146.42076110839844,146.42230224609375,-0.0015411376953125
s_bird_117,resnet50_tl_20250829,8,4,192,204,196.0,208.0,146.42076110839844,146.4438018798828,-0.023040771484375
s_bird_117,resnet50_tl_20250829,8,4,192,208,196.0,212.0,146.42076110839844,146.48013305664062,-0.0593719482421875
s_bird_117,resnet50_tl_20250829,8,4,192,212,196.0,216.0,146.42076110839844,146.44622802734375,-0.0254669189453125
s_bird_117,resnet50_tl_20250829,8,4,192,216,196.0,220.0,146.42076110839844,146.4549102783203,-0.034149169921875
s_bird_117,resnet50_tl_20250829,8,4,196,0,200.0,4.0,146.42076110839844,146.3068084716797,0.11395263671875
s_bird_117,resnet50_tl_20250829,8,4,196,4,200.0,8.0,146.42076110839844,146.32937622070312,0.0913848876953125
s_bird_117,resnet50_tl_20250829,8,4,196,8,200.0,12.0,146.42076110839844,146.39837646484375,0.0223846435546875
s_bird_117,resnet50_tl_20250829,8,4,196,12,200.0,16.0,146.42076110839844,146.31240844726562,0.1083526611328125
s_bird_117,resnet50_tl_20250829,8,4,196,16,200.0,20.0,146.42076110839844,146.3115692138672,0.10919189453125
s_bird_117,resnet50_tl_20250829,8,4,196,20,200.0,24.0,146.42076110839844,146.32083129882812,0.0999298095703125
s_bird_117,resnet50_tl_20250829,8,4,196,24,200.0,28.0,146.42076110839844,146.29640197753906,0.124359130859375
s_bird_117,resnet50_tl_20250829,8,4,196,28,200.0,32.0,146.42076110839844,146.22047424316406,0.200286865234375
s_bird_117,resnet50_tl_20250829,8,4,196,32,200.0,36.0,146.42076110839844,146.23773193359375,0.1830291748046875
s_bird_117,resnet50_tl_20250829,8,4,196,36,200.0,40.0,146.42076110839844,146.303466796875,0.1172943115234375
s_bird_117,resnet50_tl_20250829,8,4,196,40,200.0,44.0,146.42076110839844,146.2551727294922,0.16558837890625
s_bird_117,resnet50_tl_20250829,8,4,196,44,200.0,48.0,146.42076110839844,146.2279510498047,0.19281005859375
s_bird_117,resnet50_tl_20250829,8,4,196,48,200.0,52.0,146.42076110839844,146.25027465820312,0.1704864501953125
s_bird_117,resnet50_tl_20250829,8,4,196,52,200.0,56.0,146.42076110839844,146.33267211914062,0.0880889892578125
s_bird_117,resnet50_tl_20250829,8,4,196,56,200.0,60.0,146.42076110839844,146.27890014648438,0.1418609619140625
s_bird_117,resnet50_tl_20250829,8,4,196,60,200.0,64.0,146.42076110839844,146.26678466796875,0.1539764404296875
s_bird_117,resnet50_tl_20250829,8,4,196,64,200.0,68.0,146.42076110839844,146.31056213378906,0.110198974609375
s_bird_117,resnet50_tl_20250829,8,4,196,68,200.0,72.0,146.42076110839844,146.37696838378906,0.043792724609375
s_bird_117,resnet50_tl_20250829,8,4,196,72,200.0,76.0,146.42076110839844,146.3638458251953,0.056915283203125
s_bird_117,resnet50_tl_20250829,8,4,196,76,200.0,80.0,146.42076110839844,146.33628845214844,0.08447265625
s_bird_117,resnet50_tl_20250829,8,4,196,80,200.0,84.0,146.42076110839844,146.38101196289062,0.0397491455078125
s_bird_117,resnet50_tl_20250829,8,4,196,84,200.0,88.0,146.42076110839844,146.4715118408203,-0.050750732421875
s_bird_117,resnet50_tl_20250829,8,4,196,88,200.0,92.0,146.42076110839844,146.4785614013672,-0.05780029296875
s_bird_117,resnet50_tl_20250829,8,4,196,92,200.0,96.0,146.42076110839844,146.264892578125,0.1558685302734375
s_bird_117,resnet50_tl_20250829,8,4,196,96,200.0,100.0,146.42076110839844,146.2393341064453,0.181427001953125
s_bird_117,resnet50_tl_20250829,8,4,196,100,200.0,104.0,146.42076110839844,146.3116455078125,0.1091156005859375
s_bird_117,resnet50_tl_20250829,8,4,196,104,200.0,108.0,146.42076110839844,146.3831329345703,0.037628173828125
s_bird_117,resnet50_tl_20250829,8,4,196,108,200.0,112.0,146.42076110839844,146.3190460205078,0.101715087890625
s_bird_117,resnet50_tl_20250829,8,4,196,112,200.0,116.0,146.42076110839844,146.1534423828125,0.2673187255859375
s_bird_117,resnet50_tl_20250829,8,4,196,116,200.0,120.0,146.42076110839844,146.18113708496094,0.2396240234375
s_bird_117,resnet50_tl_20250829,8,4,196,120,200.0,124.0,146.42076110839844,146.17112731933594,0.2496337890625
s_bird_117,resnet50_tl_20250829,8,4,196,124,200.0,128.0,146.42076110839844,146.26345825195312,0.1573028564453125
s_bird_117,resnet50_tl_20250829,8,4,196,128,200.0,132.0,146.42076110839844,146.1351318359375,0.2856292724609375
s_bird_117,resnet50_tl_20250829,8,4,196,132,200.0,136.0,146.42076110839844,146.19100952148438,0.2297515869140625
s_bird_117,resnet50_tl_20250829,8,4,196,136,200.0,140.0,146.42076110839844,146.23643493652344,0.184326171875
s_bird_117,resnet50_tl_20250829,8,4,196,140,200.0,144.0,146.42076110839844,146.2249298095703,0.195831298828125
s_bird_117,resnet50_tl_20250829,8,4,196,144,200.0,148.0,146.42076110839844,146.17054748535156,0.250213623046875
s_bird_117,resnet50_tl_20250829,8,4,196,148,200.0,152.0,146.42076110839844,146.24203491210938,0.1787261962890625
s_bird_117,resnet50_tl_20250829,8,4,196,152,200.0,156.0,146.42076110839844,146.22930908203125,0.1914520263671875
s_bird_117,resnet50_tl_20250829,8,4,196,156,200.0,160.0,146.42076110839844,146.19320678710938,0.2275543212890625
s_bird_117,resnet50_tl_20250829,8,4,196,160,200.0,164.0,146.42076110839844,146.24627685546875,0.1744842529296875
s_bird_117,resnet50_tl_20250829,8,4,196,164,200.0,168.0,146.42076110839844,146.2962646484375,0.1244964599609375
s_bird_117,resnet50_tl_20250829,8,4,196,168,200.0,172.0,146.42076110839844,146.26890563964844,0.15185546875
s_bird_117,resnet50_tl_20250829,8,4,196,172,200.0,176.0,146.42076110839844,146.27310180664062,0.1476593017578125
s_bird_117,resnet50_tl_20250829,8,4,196,176,200.0,180.0,146.42076110839844,146.33273315429688,0.0880279541015625
s_bird_117,resnet50_tl_20250829,8,4,196,180,200.0,184.0,146.42076110839844,146.36328125,0.0574798583984375
s_bird_117,resnet50_tl_20250829,8,4,196,184,200.0,188.0,146.42076110839844,146.37164306640625,0.0491180419921875
s_bird_117,resnet50_tl_20250829,8,4,196,188,200.0,192.0,146.42076110839844,146.35000610351562,0.0707550048828125
s_bird_117,resnet50_tl_20250829,8,4,196,192,200.0,196.0,146.42076110839844,146.4358367919922,-0.01507568359375
s_bird_117,resnet50_tl_20250829,8,4,196,196,200.0,200.0,146.42076110839844,146.41610717773438,0.0046539306640625
s_bird_117,resnet50_tl_20250829,8,4,196,200,200.0,204.0,146.42076110839844,146.42962646484375,-0.0088653564453125
s_bird_117,resnet50_tl_20250829,8,4,196,204,200.0,208.0,146.42076110839844,146.3992156982422,0.02154541015625
s_bird_117,resnet50_tl_20250829,8,4,196,208,200.0,212.0,146.42076110839844,146.44921875,-0.0284576416015625
s_bird_117,resnet50_tl_20250829,8,4,196,212,200.0,216.0,146.42076110839844,146.44952392578125,-0.0287628173828125
s_bird_117,resnet50_tl_20250829,8,4,196,216,200.0,220.0,146.42076110839844,146.4541473388672,-0.03338623046875
s_bird_117,resnet50_tl_20250829,8,4,200,0,204.0,4.0,146.42076110839844,146.29014587402344,0.130615234375
s_bird_117,resnet50_tl_20250829,8,4,200,4,204.0,8.0,146.42076110839844,146.34434509277344,0.076416015625
s_bird_117,resnet50_tl_20250829,8,4,200,8,204.0,12.0,146.42076110839844,146.4055938720703,0.015167236328125
s_bird_117,resnet50_tl_20250829,8,4,200,12,204.0,16.0,146.42076110839844,146.26419067382812,0.1565704345703125
s_bird_117,resnet50_tl_20250829,8,4,200,16,204.0,20.0,146.42076110839844,146.2799072265625,0.1408538818359375
s_bird_117,resnet50_tl_20250829,8,4,200,20,204.0,24.0,146.42076110839844,146.2729949951172,0.14776611328125
s_bird_117,resnet50_tl_20250829,8,4,200,24,204.0,28.0,146.42076110839844,146.30484008789062,0.1159210205078125
s_bird_117,resnet50_tl_20250829,8,4,200,28,204.0,32.0,146.42076110839844,146.14938354492188,0.2713775634765625
s_bird_117,resnet50_tl_20250829,8,4,200,32,204.0,36.0,146.42076110839844,146.1842803955078,0.236480712890625
s_bird_117,resnet50_tl_20250829,8,4,200,36,204.0,40.0,146.42076110839844,146.22393798828125,0.1968231201171875
s_bird_117,resnet50_tl_20250829,8,4,200,40,204.0,44.0,146.42076110839844,146.27992248535156,0.140838623046875
s_bird_117,resnet50_tl_20250829,8,4,200,44,204.0,48.0,146.42076110839844,146.1522674560547,0.26849365234375
s_bird_117,resnet50_tl_20250829,8,4,200,48,204.0,52.0,146.42076110839844,146.1980438232422,0.22271728515625
s_bird_117,resnet50_tl_20250829,8,4,200,52,204.0,56.0,146.42076110839844,146.22900390625,0.1917572021484375
s_bird_117,resnet50_tl_20250829,8,4,200,56,204.0,60.0,146.42076110839844,146.3046875,0.1160736083984375
s_bird_117,resnet50_tl_20250829,8,4,200,60,204.0,64.0,146.42076110839844,146.18954467773438,0.2312164306640625
s_bird_117,resnet50_tl_20250829,8,4,200,64,204.0,68.0,146.42076110839844,146.24314880371094,0.1776123046875
s_bird_117,resnet50_tl_20250829,8,4,200,68,204.0,72.0,146.42076110839844,146.29351806640625,0.1272430419921875
s_bird_117,resnet50_tl_20250829,8,4,200,72,204.0,76.0,146.42076110839844,146.38433837890625,0.0364227294921875
s_bird_117,resnet50_tl_20250829,8,4,200,76,204.0,80.0,146.42076110839844,146.26510620117188,0.1556549072265625
s_bird_117,resnet50_tl_20250829,8,4,200,80,204.0,84.0,146.42076110839844,146.3402557373047,0.08050537109375
s_bird_117,resnet50_tl_20250829,8,4,200,84,204.0,88.0,146.42076110839844,146.43841552734375,-0.0176544189453125
s_bird_117,resnet50_tl_20250829,8,4,200,88,204.0,92.0,146.42076110839844,146.4830780029297,-0.06231689453125
s_bird_117,resnet50_tl_20250829,8,4,200,92,204.0,96.0,146.42076110839844,146.30682373046875,0.1139373779296875
s_bird_117,resnet50_tl_20250829,8,4,200,96,204.0,100.0,146.42076110839844,146.3280029296875,0.0927581787109375
s_bird_117,resnet50_tl_20250829,8,4,200,100,204.0,104.0,146.42076110839844,146.2839813232422,0.13677978515625
s_bird_117,resnet50_tl_20250829,8,4,200,104,204.0,108.0,146.42076110839844,146.45135498046875,-0.0305938720703125
s_bird_117,resnet50_tl_20250829,8,4,200,108,204.0,112.0,146.42076110839844,146.30970764160156,0.111053466796875
s_bird_117,resnet50_tl_20250829,8,4,200,112,204.0,116.0,146.42076110839844,146.23892211914062,0.1818389892578125
s_bird_117,resnet50_tl_20250829,8,4,200,116,204.0,120.0,146.42076110839844,146.24339294433594,0.1773681640625
s_bird_117,resnet50_tl_20250829,8,4,200,120,204.0,124.0,146.42076110839844,146.1468963623047,0.27386474609375
s_bird_117,resnet50_tl_20250829,8,4,200,124,204.0,128.0,146.42076110839844,146.15415954589844,0.2666015625
s_bird_117,resnet50_tl_20250829,8,4,200,128,204.0,132.0,146.42076110839844,146.12417602539062,0.2965850830078125
s_bird_117,resnet50_tl_20250829,8,4,200,132,204.0,136.0,146.42076110839844,146.1149139404297,0.30584716796875
s_bird_117,resnet50_tl_20250829,8,4,200,136,204.0,140.0,146.42076110839844,146.20069885253906,0.220062255859375
s_bird_117,resnet50_tl_20250829,8,4,200,140,204.0,144.0,146.42076110839844,146.16616821289062,0.2545928955078125
s_bird_117,resnet50_tl_20250829,8,4,200,144,204.0,148.0,146.42076110839844,146.15907287597656,0.261688232421875
s_bird_117,resnet50_tl_20250829,8,4,200,148,204.0,152.0,146.42076110839844,146.1691131591797,0.25164794921875
s_bird_117,resnet50_tl_20250829,8,4,200,152,204.0,156.0,146.42076110839844,146.25787353515625,0.1628875732421875
s_bird_117,resnet50_tl_20250829,8,4,200,156,204.0,160.0,146.42076110839844,146.1507110595703,0.270050048828125
s_bird_117,resnet50_tl_20250829,8,4,200,160,204.0,164.0,146.42076110839844,146.20689392089844,0.2138671875
s_bird_117,resnet50_tl_20250829,8,4,200,164,204.0,168.0,146.42076110839844,146.2214813232422,0.19927978515625
s_bird_117,resnet50_tl_20250829,8,4,200,168,204.0,172.0,146.42076110839844,146.3051300048828,0.115631103515625
s_bird_117,resnet50_tl_20250829,8,4,200,172,204.0,176.0,146.42076110839844,146.2476043701172,0.17315673828125
s_bird_117,resnet50_tl_20250829,8,4,200,176,204.0,180.0,146.42076110839844,146.2981414794922,0.12261962890625
s_bird_117,resnet50_tl_20250829,8,4,200,180,204.0,184.0,146.42076110839844,146.31732177734375,0.1034393310546875
s_bird_117,resnet50_tl_20250829,8,4,200,184,204.0,188.0,146.42076110839844,146.40333557128906,0.017425537109375
s_bird_117,resnet50_tl_20250829,8,4,200,188,204.0,192.0,146.42076110839844,146.3347625732422,0.08599853515625
s_bird_117,resnet50_tl_20250829,8,4,200,192,204.0,196.0,146.42076110839844,146.4061737060547,0.01458740234375
s_bird_117,resnet50_tl_20250829,8,4,200,196,204.0,200.0,146.42076110839844,146.4036407470703,0.017120361328125
s_bird_117,resnet50_tl_20250829,8,4,200,200,204.0,204.0,146.42076110839844,146.44805908203125,-0.0272979736328125
s_bird_117,resnet50_tl_20250829,8,4,200,204,204.0,208.0,146.42076110839844,146.4174346923828,0.003326416015625
s_bird_117,resnet50_tl_20250829,8,4,200,208,204.0,212.0,146.42076110839844,146.4459991455078,-0.025238037109375
s_bird_117,resnet50_tl_20250829,8,4,200,212,204.0,216.0,146.42076110839844,146.44168090820312,-0.0209197998046875
s_bird_117,resnet50_tl_20250829,8,4,200,216,204.0,220.0,146.42076110839844,146.45460510253906,-0.033843994140625
s_bird_117,resnet50_tl_20250829,8,4,204,0,208.0,4.0,146.42076110839844,146.08099365234375,0.3397674560546875
s_bird_117,resnet50_tl_20250829,8,4,204,4,208.0,8.0,146.42076110839844,146.37664794921875,0.0441131591796875
s_bird_117,resnet50_tl_20250829,8,4,204,8,208.0,12.0,146.42076110839844,146.47662353515625,-0.0558624267578125
s_bird_117,resnet50_tl_20250829,8,4,204,12,208.0,16.0,146.42076110839844,146.21311950683594,0.2076416015625
s_bird_117,resnet50_tl_20250829,8,4,204,16,208.0,20.0,146.42076110839844,146.23033142089844,0.1904296875
s_bird_117,resnet50_tl_20250829,8,4,204,20,208.0,24.0,146.42076110839844,146.3795623779297,0.04119873046875
s_bird_117,resnet50_tl_20250829,8,4,204,24,208.0,28.0,146.42076110839844,146.42637634277344,-0.005615234375
s_bird_117,resnet50_tl_20250829,8,4,204,28,208.0,32.0,146.42076110839844,146.05914306640625,0.3616180419921875
s_bird_117,resnet50_tl_20250829,8,4,204,32,208.0,36.0,146.42076110839844,146.09080505371094,0.3299560546875
s_bird_117,resnet50_tl_20250829,8,4,204,36,208.0,40.0,146.42076110839844,146.3120880126953,0.108673095703125
s_bird_117,resnet50_tl_20250829,8,4,204,40,208.0,44.0,146.42076110839844,146.38140869140625,0.0393524169921875
s_bird_117,resnet50_tl_20250829,8,4,204,44,208.0,48.0,146.42076110839844,146.07830810546875,0.3424530029296875
s_bird_117,resnet50_tl_20250829,8,4,204,48,208.0,52.0,146.42076110839844,146.089599609375,0.3311614990234375
s_bird_117,resnet50_tl_20250829,8,4,204,52,208.0,56.0,146.42076110839844,146.3003692626953,0.120391845703125
s_bird_117,resnet50_tl_20250829,8,4,204,56,208.0,60.0,146.42076110839844,146.40098571777344,0.019775390625
s_bird_117,resnet50_tl_20250829,8,4,204,60,208.0,64.0,146.42076110839844,146.05145263671875,0.3693084716796875
s_bird_117,resnet50_tl_20250829,8,4,204,64,208.0,68.0,146.42076110839844,146.0841064453125,0.3366546630859375
s_bird_117,resnet50_tl_20250829,8,4,204,68,208.0,72.0,146.42076110839844,146.30606079101562,0.1147003173828125
s_bird_117,resnet50_tl_20250829,8,4,204,72,208.0,76.0,146.42076110839844,146.41189575195312,0.0088653564453125
s_bird_117,resnet50_tl_20250829,8,4,204,76,208.0,80.0,146.42076110839844,146.1746368408203,0.246124267578125
s_bird_117,resnet50_tl_20250829,8,4,204,80,208.0,84.0,146.42076110839844,146.18341064453125,0.2373504638671875
s_bird_117,resnet50_tl_20250829,8,4,204,84,208.0,88.0,146.42076110839844,146.39878845214844,0.02197265625
s_bird_117,resnet50_tl_20250829,8,4,204,88,208.0,92.0,146.42076110839844,146.4466552734375,-0.0258941650390625
s_bird_117,resnet50_tl_20250829,8,4,204,92,208.0,96.0,146.42076110839844,146.13491821289062,0.2858428955078125
s_bird_117,resnet50_tl_20250829,8,4,204,96,208.0,100.0,146.42076110839844,146.215576171875,0.2051849365234375
s_bird_117,resnet50_tl_20250829,8,4,204,100,208.0,104.0,146.42076110839844,146.4309539794922,-0.01019287109375
s_bird_117,resnet50_tl_20250829,8,4,204,104,208.0,108.0,146.42076110839844,146.286376953125,0.1343841552734375
s_bird_117,resnet50_tl_20250829,8,4,204,108,208.0,112.0,146.42076110839844,146.33554077148438,0.0852203369140625
s_bird_117,resnet50_tl_20250829,8,4,204,112,208.0,116.0,146.42076110839844,146.2876739501953,0.133087158203125
s_bird_117,resnet50_tl_20250829,8,4,204,116,208.0,120.0,146.42076110839844,146.51695251464844,-0.09619140625
s_bird_117,resnet50_tl_20250829,8,4,204,120,208.0,124.0,146.42076110839844,146.3446044921875,0.0761566162109375
s_bird_117,resnet50_tl_20250829,8,4,204,124,208.0,128.0,146.42076110839844,146.0211181640625,0.3996429443359375
s_bird_117,resnet50_tl_20250829,8,4,204,128,208.0,132.0,146.42076110839844,146.05899047851562,0.3617706298828125
s_bird_117,resnet50_tl_20250829,8,4,204,132,208.0,136.0,146.42076110839844,146.3003692626953,0.120391845703125
s_bird_117,resnet50_tl_20250829,8,4,204,136,208.0,140.0,146.42076110839844,146.30612182617188,0.1146392822265625
s_bird_117,resnet50_tl_20250829,8,4,204,140,208.0,144.0,146.42076110839844,146.05764770507812,0.3631134033203125
s_bird_117,resnet50_tl_20250829,8,4,204,144,208.0,148.0,146.42076110839844,146.07725524902344,0.343505859375
s_bird_117,resnet50_tl_20250829,8,4,204,148,208.0,152.0,146.42076110839844,146.25540161132812,0.1653594970703125
s_bird_117,resnet50_tl_20250829,8,4,204,152,208.0,156.0,146.42076110839844,146.37039184570312,0.0503692626953125
s_bird_117,resnet50_tl_20250829,8,4,204,156,208.0,160.0,146.42076110839844,146.0166015625,0.4041595458984375
s_bird_117,resnet50_tl_20250829,8,4,204,160,208.0,164.0,146.42076110839844,146.08518981933594,0.3355712890625
s_bird_117,resnet50_tl_20250829,8,4,204,164,208.0,168.0,146.42076110839844,146.24044799804688,0.1803131103515625
s_bird_117,resnet50_tl_20250829,8,4,204,168,208.0,172.0,146.42076110839844,146.370361328125,0.0503997802734375
s_bird_117,resnet50_tl_20250829,8,4,204,172,208.0,176.0,146.42076110839844,146.14341735839844,0.27734375
s_bird_117,resnet50_tl_20250829,8,4,204,176,208.0,180.0,146.42076110839844,146.18325805664062,0.2375030517578125
s_bird_117,resnet50_tl_20250829,8,4,204,180,208.0,184.0,146.42076110839844,146.298095703125,0.1226654052734375
s_bird_117,resnet50_tl_20250829,8,4,204,184,208.0,188.0,146.42076110839844,146.4372100830078,-0.016448974609375
s_bird_117,resnet50_tl_20250829,8,4,204,188,208.0,192.0,146.42076110839844,146.22958374023438,0.1911773681640625
s_bird_117,resnet50_tl_20250829,8,4,204,192,208.0,196.0,146.42076110839844,146.29811096191406,0.122650146484375
s_bird_117,resnet50_tl_20250829,8,4,204,196,208.0,200.0,146.42076110839844,146.33831787109375,0.0824432373046875
s_bird_117,resnet50_tl_20250829,8,4,204,200,208.0,204.0,146.42076110839844,146.41664123535156,0.004119873046875
s_bird_117,resnet50_tl_20250829,8,4,204,204,208.0,208.0,146.42076110839844,146.3766326904297,0.04412841796875
s_bird_117,resnet50_tl_20250829,8,4,204,208,208.0,212.0,146.42076110839844,146.40481567382812,0.0159454345703125
s_bird_117,resnet50_tl_20250829,8,4,204,212,208.0,216.0,146.42076110839844,146.41778564453125,0.0029754638671875
s_bird_117,resnet50_tl_20250829,8,4,204,216,208.0,220.0,146.42076110839844,146.4347686767578,-0.014007568359375
s_bird_117,resnet50_tl_20250829,8,4,208,0,212.0,4.0,146.42076110839844,146.16091918945312,0.2598419189453125
s_bird_117,resnet50_tl_20250829,8,4,208,4,212.0,8.0,146.42076110839844,146.36256408691406,0.058197021484375
s_bird_117,resnet50_tl_20250829,8,4,208,8,212.0,12.0,146.42076110839844,146.50344848632812,-0.0826873779296875
s_bird_117,resnet50_tl_20250829,8,4,208,12,212.0,16.0,146.42076110839844,146.2504425048828,0.170318603515625
s_bird_117,resnet50_tl_20250829,8,4,208,16,212.0,20.0,146.42076110839844,146.29261779785156,0.128143310546875
s_bird_117,resnet50_tl_20250829,8,4,208,20,212.0,24.0,146.42076110839844,146.38040161132812,0.0403594970703125
s_bird_117,resnet50_tl_20250829,8,4,208,24,212.0,28.0,146.42076110839844,146.4679412841797,-0.04718017578125
s_bird_117,resnet50_tl_20250829,8,4,208,28,212.0,32.0,146.42076110839844,146.14772033691406,0.273040771484375
s_bird_117,resnet50_tl_20250829,8,4,208,32,212.0,36.0,146.42076110839844,146.18588256835938,0.2348785400390625
s_bird_117,resnet50_tl_20250829,8,4,208,36,212.0,40.0,146.42076110839844,146.35377502441406,0.066986083984375
s_bird_117,resnet50_tl_20250829,8,4,208,40,212.0,44.0,146.42076110839844,146.44078063964844,-0.02001953125
s_bird_117,resnet50_tl_20250829,8,4,208,44,212.0,48.0,146.42076110839844,146.13247680664062,0.2882843017578125
s_bird_117,resnet50_tl_20250829,8,4,208,48,212.0,52.0,146.42076110839844,146.17747497558594,0.2432861328125
s_bird_117,resnet50_tl_20250829,8,4,208,52,212.0,56.0,146.42076110839844,146.34010314941406,0.080657958984375
s_bird_117,resnet50_tl_20250829,8,4,208,56,212.0,60.0,146.42076110839844,146.45196533203125,-0.0312042236328125
s_bird_117,resnet50_tl_20250829,8,4,208,60,212.0,64.0,146.42076110839844,146.1338348388672,0.28692626953125
s_bird_117,resnet50_tl_20250829,8,4,208,64,212.0,68.0,146.42076110839844,146.17189025878906,0.248870849609375
s_bird_117,resnet50_tl_20250829,8,4,208,68,212.0,72.0,146.42076110839844,146.33309936523438,0.0876617431640625
s_bird_117,resnet50_tl_20250829,8,4,208,72,212.0,76.0,146.42076110839844,146.437744140625,-0.0169830322265625
s_bird_117,resnet50_tl_20250829,8,4,208,76,212.0,80.0,146.42076110839844,146.22596740722656,0.194793701171875
s_bird_117,resnet50_tl_20250829,8,4,208,80,212.0,84.0,146.42076110839844,146.26734924316406,0.153411865234375
s_bird_117,resnet50_tl_20250829,8,4,208,84,212.0,88.0,146.42076110839844,146.37966918945312,0.0410919189453125
s_bird_117,resnet50_tl_20250829,8,4,208,88,212.0,92.0,146.42076110839844,146.4991455078125,-0.0783843994140625
s_bird_117,resnet50_tl_20250829,8,4,208,92,212.0,96.0,146.42076110839844,146.33164978027344,0.089111328125
s_bird_117,resnet50_tl_20250829,8,4,208,96,212.0,100.0,146.42076110839844,146.28590393066406,0.134857177734375
s_bird_117,resnet50_tl_20250829,8,4,208,100,212.0,104.0,146.42076110839844,146.45297241210938,-0.0322113037109375
s_bird_117,resnet50_tl_20250829,8,4,208,104,212.0,108.0,146.42076110839844,146.3528594970703,0.067901611328125
s_bird_117,resnet50_tl_20250829,8,4,208,108,212.0,112.0,146.42076110839844,146.2177734375,0.2029876708984375
s_bird_117,resnet50_tl_20250829,8,4,208,112,212.0,116.0,146.42076110839844,146.2226104736328,0.198150634765625
s_bird_117,resnet50_tl_20250829,8,4,208,116,212.0,120.0,146.42076110839844,146.36927795410156,0.051483154296875
s_bird_117,resnet50_tl_20250829,8,4,208,120,212.0,124.0,146.42076110839844,146.3923797607422,0.02838134765625
s_bird_117,resnet50_tl_20250829,8,4,208,124,212.0,128.0,146.42076110839844,146.1566925048828,0.264068603515625
s_bird_117,resnet50_tl_20250829,8,4,208,128,212.0,132.0,146.42076110839844,146.12689208984375,0.2938690185546875
s_bird_117,resnet50_tl_20250829,8,4,208,132,212.0,136.0,146.42076110839844,146.3446807861328,0.076080322265625
s_bird_117,resnet50_tl_20250829,8,4,208,136,212.0,140.0,146.42076110839844,146.40235900878906,0.018402099609375
s_bird_117,resnet50_tl_20250829,8,4,208,140,212.0,144.0,146.42076110839844,146.10580444335938,0.3149566650390625
s_bird_117,resnet50_tl_20250829,8,4,208,144,212.0,148.0,146.42076110839844,146.17800903320312,0.2427520751953125
s_bird_117,resnet50_tl_20250829,8,4,208,148,212.0,152.0,146.42076110839844,146.3223114013672,0.09844970703125
s_bird_117,resnet50_tl_20250829,8,4,208,152,212.0,156.0,146.42076110839844,146.44618225097656,-0.025421142578125
s_bird_117,resnet50_tl_20250829,8,4,208,156,212.0,160.0,146.42076110839844,146.13104248046875,0.2897186279296875
s_bird_117,resnet50_tl_20250829,8,4,208,160,212.0,164.0,146.42076110839844,146.1922149658203,0.228546142578125
s_bird_117,resnet50_tl_20250829,8,4,208,164,212.0,168.0,146.42076110839844,146.31341552734375,0.1073455810546875
s_bird_117,resnet50_tl_20250829,8,4,208,168,212.0,172.0,146.42076110839844,146.44215393066406,-0.021392822265625
s_bird_117,resnet50_tl_20250829,8,4,208,172,212.0,176.0,146.42076110839844,146.23611450195312,0.1846466064453125
s_bird_117,resnet50_tl_20250829,8,4,208,176,212.0,180.0,146.42076110839844,146.28396606445312,0.1367950439453125
s_bird_117,resnet50_tl_20250829,8,4,208,180,212.0,184.0,146.42076110839844,146.3598175048828,0.060943603515625
s_bird_117,resnet50_tl_20250829,8,4,208,184,212.0,188.0,146.42076110839844,146.4789581298828,-0.058197021484375
s_bird_117,resnet50_tl_20250829,8,4,208,188,212.0,192.0,146.42076110839844,146.32376098632812,0.0970001220703125
s_bird_117,resnet50_tl_20250829,8,4,208,192,212.0,196.0,146.42076110839844,146.3644561767578,0.056304931640625
s_bird_117,resnet50_tl_20250829,8,4,208,196,212.0,200.0,146.42076110839844,146.39324951171875,0.0275115966796875
s_bird_117,resnet50_tl_20250829,8,4,208,200,212.0,204.0,146.42076110839844,146.45343017578125,-0.0326690673828125
s_bird_117,resnet50_tl_20250829,8,4,208,204,212.0,208.0,146.42076110839844,146.41722106933594,0.0035400390625
s_bird_117,resnet50_tl_20250829,8,4,208,208,212.0,212.0,146.42076110839844,146.43287658691406,-0.012115478515625
s_bird_117,resnet50_tl_20250829,8,4,208,212,212.0,216.0,146.42076110839844,146.4249267578125,-0.0041656494140625
s_bird_117,resnet50_tl_20250829,8,4,208,216,212.0,220.0,146.42076110839844,146.4406280517578,-0.019866943359375
s_bird_117,resnet50_tl_20250829,8,4,212,0,216.0,4.0,146.42076110839844,146.27296447753906,0.147796630859375
s_bird_117,resnet50_tl_20250829,8,4,212,4,216.0,8.0,146.42076110839844,146.36337280273438,0.0573883056640625
s_bird_117,resnet50_tl_20250829,8,4,212,8,216.0,12.0,146.42076110839844,146.46533203125,-0.0445709228515625
s_bird_117,resnet50_tl_20250829,8,4,212,12,216.0,16.0,146.42076110839844,146.37744140625,0.0433197021484375
s_bird_117,resnet50_tl_20250829,8,4,212,16,216.0,20.0,146.42076110839844,146.4113311767578,0.009429931640625
s_bird_117,resnet50_tl_20250829,8,4,212,20,216.0,24.0,146.42076110839844,146.3778533935547,0.04290771484375
s_bird_117,resnet50_tl_20250829,8,4,212,24,216.0,28.0,146.42076110839844,146.4212646484375,-0.0005035400390625
s_bird_117,resnet50_tl_20250829,8,4,212,28,216.0,32.0,146.42076110839844,146.3387451171875,0.0820159912109375
s_bird_117,resnet50_tl_20250829,8,4,212,32,216.0,36.0,146.42076110839844,146.35496520996094,0.0657958984375
s_bird_117,resnet50_tl_20250829,8,4,212,36,216.0,40.0,146.42076110839844,146.34469604492188,0.0760650634765625
s_bird_117,resnet50_tl_20250829,8,4,212,40,216.0,44.0,146.42076110839844,146.3821563720703,0.038604736328125
s_bird_117,resnet50_tl_20250829,8,4,212,44,216.0,48.0,146.42076110839844,146.33203125,0.0887298583984375
s_bird_117,resnet50_tl_20250829,8,4,212,48,216.0,52.0,146.42076110839844,146.35752868652344,0.063232421875
s_bird_117,resnet50_tl_20250829,8,4,212,52,216.0,56.0,146.42076110839844,146.3411102294922,0.07965087890625
s_bird_117,resnet50_tl_20250829,8,4,212,56,216.0,60.0,146.42076110839844,146.38795471191406,0.032806396484375
s_bird_117,resnet50_tl_20250829,8,4,212,60,216.0,64.0,146.42076110839844,146.33937072753906,0.081390380859375
s_bird_117,resnet50_tl_20250829,8,4,212,64,216.0,68.0,146.42076110839844,146.34957885742188,0.0711822509765625
s_bird_117,resnet50_tl_20250829,8,4,212,68,216.0,72.0,146.42076110839844,146.32870483398438,0.0920562744140625
s_bird_117,resnet50_tl_20250829,8,4,212,72,216.0,76.0,146.42076110839844,146.35943603515625,0.0613250732421875
s_bird_117,resnet50_tl_20250829,8,4,212,76,216.0,80.0,146.42076110839844,146.3484649658203,0.072296142578125
s_bird_117,resnet50_tl_20250829,8,4,212,80,216.0,84.0,146.42076110839844,146.37733459472656,0.043426513671875
s_bird_117,resnet50_tl_20250829,8,4,212,84,216.0,88.0,146.42076110839844,146.35507202148438,0.0656890869140625
s_bird_117,resnet50_tl_20250829,8,4,212,88,216.0,92.0,146.42076110839844,146.4439239501953,-0.023162841796875
s_bird_117,resnet50_tl_20250829,8,4,212,92,216.0,96.0,146.42076110839844,146.42535400390625,-0.0045928955078125
s_bird_117,resnet50_tl_20250829,8,4,212,96,216.0,100.0,146.42076110839844,146.44894409179688,-0.0281829833984375
s_bird_117,resnet50_tl_20250829,8,4,212,100,216.0,104.0,146.42076110839844,146.4076385498047,0.01312255859375
s_bird_117,resnet50_tl_20250829,8,4,212,104,216.0,108.0,146.42076110839844,146.39605712890625,0.0247039794921875
s_bird_117,resnet50_tl_20250829,8,4,212,108,216.0,112.0,146.42076110839844,146.39161682128906,0.029144287109375
s_bird_117,resnet50_tl_20250829,8,4,212,112,216.0,116.0,146.42076110839844,146.250244140625,0.1705169677734375
s_bird_117,resnet50_tl_20250829,8,4,212,116,216.0,120.0,146.42076110839844,146.32437133789062,0.0963897705078125
s_bird_117,resnet50_tl_20250829,8,4,212,120,216.0,124.0,146.42076110839844,146.22760009765625,0.1931610107421875
s_bird_117,resnet50_tl_20250829,8,4,212,124,216.0,128.0,146.42076110839844,146.19654846191406,0.224212646484375
s_bird_117,resnet50_tl_20250829,8,4,212,128,216.0,132.0,146.42076110839844,146.25210571289062,0.1686553955078125
s_bird_117,resnet50_tl_20250829,8,4,212,132,216.0,136.0,146.42076110839844,146.23414611816406,0.186614990234375
s_bird_117,resnet50_tl_20250829,8,4,212,136,216.0,140.0,146.42076110839844,146.30303955078125,0.1177215576171875
s_bird_117,resnet50_tl_20250829,8,4,212,140,216.0,144.0,146.42076110839844,146.25816345214844,0.16259765625
s_bird_117,resnet50_tl_20250829,8,4,212,144,216.0,148.0,146.42076110839844,146.33460998535156,0.086151123046875
s_bird_117,resnet50_tl_20250829,8,4,212,148,216.0,152.0,146.42076110839844,146.32557678222656,0.095184326171875
s_bird_117,resnet50_tl_20250829,8,4,212,152,216.0,156.0,146.42076110839844,146.39431762695312,0.0264434814453125
s_bird_117,resnet50_tl_20250829,8,4,212,156,216.0,160.0,146.42076110839844,146.3217010498047,0.09906005859375
s_bird_117,resnet50_tl_20250829,8,4,212,160,216.0,164.0,146.42076110839844,146.3670196533203,0.053741455078125
s_bird_117,resnet50_tl_20250829,8,4,212,164,216.0,168.0,146.42076110839844,146.3387908935547,0.08197021484375
s_bird_117,resnet50_tl_20250829,8,4,212,168,216.0,172.0,146.42076110839844,146.39874267578125,0.0220184326171875
s_bird_117,resnet50_tl_20250829,8,4,212,172,216.0,176.0,146.42076110839844,146.37771606445312,0.0430450439453125
s_bird_117,resnet50_tl_20250829,8,4,212,176,216.0,180.0,146.42076110839844,146.4119873046875,0.0087738037109375
s_bird_117,resnet50_tl_20250829,8,4,212,180,216.0,184.0,146.42076110839844,146.38619995117188,0.0345611572265625
s_bird_117,resnet50_tl_20250829,8,4,212,184,216.0,188.0,146.42076110839844,146.44805908203125,-0.0272979736328125
s_bird_117,resnet50_tl_20250829,8,4,212,188,216.0,192.0,146.42076110839844,146.40481567382812,0.0159454345703125
s_bird_117,resnet50_tl_20250829,8,4,212,192,216.0,196.0,146.42076110839844,146.44482421875,-0.0240631103515625
s_bird_117,resnet50_tl_20250829,8,4,212,196,216.0,200.0,146.42076110839844,146.42037963867188,0.0003814697265625
s_bird_117,resnet50_tl_20250829,8,4,212,200,216.0,204.0,146.42076110839844,146.4528045654297,-0.03204345703125
s_bird_117,resnet50_tl_20250829,8,4,212,204,216.0,208.0,146.42076110839844,146.426025390625,-0.0052642822265625
s_bird_117,resnet50_tl_20250829,8,4,212,208,216.0,212.0,146.42076110839844,146.44039916992188,-0.0196380615234375
s_bird_117,resnet50_tl_20250829,8,4,212,212,216.0,216.0,146.42076110839844,146.43380737304688,-0.0130462646484375
s_bird_117,resnet50_tl_20250829,8,4,212,216,216.0,220.0,146.42076110839844,146.43228149414062,-0.0115203857421875
s_bird_117,resnet50_tl_20250829,8,4,216,0,220.0,4.0,146.42076110839844,146.34048461914062,0.0802764892578125
s_bird_117,resnet50_tl_20250829,8,4,216,4,220.0,8.0,146.42076110839844,146.37225341796875,0.0485076904296875
s_bird_117,resnet50_tl_20250829,8,4,216,8,220.0,12.0,146.42076110839844,146.4059295654297,0.01483154296875
s_bird_117,resnet50_tl_20250829,8,4,216,12,220.0,16.0,146.42076110839844,146.39334106445312,0.0274200439453125
s_bird_117,resnet50_tl_20250829,8,4,216,16,220.0,20.0,146.42076110839844,146.38587951660156,0.034881591796875
s_bird_117,resnet50_tl_20250829,8,4,216,20,220.0,24.0,146.42076110839844,146.3599853515625,0.0607757568359375
s_bird_117,resnet50_tl_20250829,8,4,216,24,220.0,28.0,146.42076110839844,146.36305236816406,0.057708740234375
s_bird_117,resnet50_tl_20250829,8,4,216,28,220.0,32.0,146.42076110839844,146.3687286376953,0.052032470703125
s_bird_117,resnet50_tl_20250829,8,4,216,32,220.0,36.0,146.42076110839844,146.3600616455078,0.060699462890625
s_bird_117,resnet50_tl_20250829,8,4,216,36,220.0,40.0,146.42076110839844,146.3332977294922,0.08746337890625
s_bird_117,resnet50_tl_20250829,8,4,216,40,220.0,44.0,146.42076110839844,146.3350372314453,0.085723876953125
s_bird_117,resnet50_tl_20250829,8,4,216,44,220.0,48.0,146.42076110839844,146.36990356445312,0.0508575439453125
s_bird_117,resnet50_tl_20250829,8,4,216,48,220.0,52.0,146.42076110839844,146.36781311035156,0.052947998046875
s_bird_117,resnet50_tl_20250829,8,4,216,52,220.0,56.0,146.42076110839844,146.3435821533203,0.077178955078125
s_bird_117,resnet50_tl_20250829,8,4,216,56,220.0,60.0,146.42076110839844,146.34625244140625,0.0745086669921875
s_bird_117,resnet50_tl_20250829,8,4,216,60,220.0,64.0,146.42076110839844,146.38116455078125,0.0395965576171875
s_bird_117,resnet50_tl_20250829,8,4,216,64,220.0,68.0,146.42076110839844,146.38229370117188,0.0384674072265625
s_bird_117,resnet50_tl_20250829,8,4,216,68,220.0,72.0,146.42076110839844,146.35079956054688,0.0699615478515625
s_bird_117,resnet50_tl_20250829,8,4,216,72,220.0,76.0,146.42076110839844,146.3481903076172,0.07257080078125
s_bird_117,resnet50_tl_20250829,8,4,216,76,220.0,80.0,146.42076110839844,146.38931274414062,0.0314483642578125
s_bird_117,resnet50_tl_20250829,8,4,216,80,220.0,84.0,146.42076110839844,146.38314819335938,0.0376129150390625
s_bird_117,resnet50_tl_20250829,8,4,216,84,220.0,88.0,146.42076110839844,146.3533172607422,0.06744384765625
s_bird_117,resnet50_tl_20250829,8,4,216,88,220.0,92.0,146.42076110839844,146.3782196044922,0.04254150390625
s_bird_117,resnet50_tl_20250829,8,4,216,92,220.0,96.0,146.42076110839844,146.38136291503906,0.039398193359375
s_bird_117,resnet50_tl_20250829,8,4,216,96,220.0,100.0,146.42076110839844,146.38902282714844,0.03173828125
s_bird_117,resnet50_tl_20250829,8,4,216,100,220.0,104.0,146.42076110839844,146.35971069335938,0.0610504150390625
s_bird_117,resnet50_tl_20250829,8,4,216,104,220.0,108.0,146.42076110839844,146.4189453125,0.0018157958984375
s_bird_117,resnet50_tl_20250829,8,4,216,108,220.0,112.0,146.42076110839844,146.4891815185547,-0.06842041015625
s_bird_117,resnet50_tl_20250829,8,4,216,112,220.0,116.0,146.42076110839844,146.40968322753906,0.011077880859375
s_bird_117,resnet50_tl_20250829,8,4,216,116,220.0,120.0,146.42076110839844,146.3638153076172,0.05694580078125
s_bird_117,resnet50_tl_20250829,8,4,216,120,220.0,124.0,146.42076110839844,146.3712921142578,0.049468994140625
s_bird_117,resnet50_tl_20250829,8,4,216,124,220.0,128.0,146.42076110839844,146.26361083984375,0.1571502685546875
s_bird_117,resnet50_tl_20250829,8,4,216,128,220.0,132.0,146.42076110839844,146.2633819580078,0.157379150390625
s_bird_117,resnet50_tl_20250829,8,4,216,132,220.0,136.0,146.42076110839844,146.2532958984375,0.1674652099609375
s_bird_117,resnet50_tl_20250829,8,4,216,136,220.0,140.0,146.42076110839844,146.27073669433594,0.1500244140625
s_bird_117,resnet50_tl_20250829,8,4,216,140,220.0,144.0,146.42076110839844,146.33351135253906,0.087249755859375
s_bird_117,resnet50_tl_20250829,8,4,216,144,220.0,148.0,146.42076110839844,146.35337829589844,0.0673828125
s_bird_117,resnet50_tl_20250829,8,4,216,148,220.0,152.0,146.42076110839844,146.3260955810547,0.09466552734375
s_bird_117,resnet50_tl_20250829,8,4,216,152,220.0,156.0,146.42076110839844,146.34423828125,0.0765228271484375
s_bird_117,resnet50_tl_20250829,8,4,216,156,220.0,160.0,146.42076110839844,146.37533569335938,0.0454254150390625
s_bird_117,resnet50_tl_20250829,8,4,216,160,220.0,164.0,146.42076110839844,146.38442993164062,0.0363311767578125
s_bird_117,resnet50_tl_20250829,8,4,216,164,220.0,168.0,146.42076110839844,146.3539276123047,0.06683349609375
s_bird_117,resnet50_tl_20250829,8,4,216,168,220.0,172.0,146.42076110839844,146.3690643310547,0.05169677734375
s_bird_117,resnet50_tl_20250829,8,4,216,172,220.0,176.0,146.42076110839844,146.420166015625,0.0005950927734375
s_bird_117,resnet50_tl_20250829,8,4,216,176,220.0,180.0,146.42076110839844,146.42889404296875,-0.0081329345703125
s_bird_117,resnet50_tl_20250829,8,4,216,180,220.0,184.0,146.42076110839844,146.39501953125,0.0257415771484375
s_bird_117,resnet50_tl_20250829,8,4,216,184,220.0,188.0,146.42076110839844,146.4103546142578,0.010406494140625
s_bird_117,resnet50_tl_20250829,8,4,216,188,220.0,192.0,146.42076110839844,146.4210205078125,-0.0002593994140625
s_bird_117,resnet50_tl_20250829,8,4,216,192,220.0,196.0,146.42076110839844,146.4424285888672,-0.02166748046875
s_bird_117,resnet50_tl_20250829,8,4,216,196,220.0,200.0,146.42076110839844,146.4144744873047,0.00628662109375
s_bird_117,resnet50_tl_20250829,8,4,216,200,220.0,204.0,146.42076110839844,146.42796325683594,-0.0072021484375
s_bird_117,resnet50_tl_20250829,8,4,216,204,220.0,208.0,146.42076110839844,146.42550659179688,-0.0047454833984375
s_bird_117,resnet50_tl_20250829,8,4,216,208,220.0,212.0,146.42076110839844,146.43209838867188,-0.0113372802734375
s_bird_117,resnet50_tl_20250829,8,4,216,212,220.0,216.0,146.42076110839844,146.42950439453125,-0.0087432861328125
s_bird_117,resnet50_tl_20250829,8,4,216,216,220.0,220.0,146.42076110839844,146.4252166748047,-0.00445556640625
