case_id,model_type,occluder_size,stride,y0,x0,y_center,x_center,baseline_target_logit,post_occlusion_target_logit,target_logit_drop
s_oyster_4,resnet50_geirhos_tl,8,4,0,0,4.0,4.0,5.123429298400879,5.151111125946045,-0.027681827545166016
s_oyster_4,resnet50_geirhos_tl,8,4,0,4,4.0,8.0,5.123429298400879,5.138535499572754,-0.015106201171875
s_oyster_4,resnet50_geirhos_tl,8,4,0,8,4.0,12.0,5.123429298400879,5.122183799743652,0.0012454986572265625
s_oyster_4,resnet50_geirhos_tl,8,4,0,12,4.0,16.0,5.123429298400879,5.125065803527832,-0.001636505126953125
s_oyster_4,resnet50_geirhos_tl,8,4,0,16,4.0,20.0,5.123429298400879,5.147827625274658,-0.024398326873779297
s_oyster_4,resnet50_geirhos_tl,8,4,0,20,4.0,24.0,5.123429298400879,5.174860000610352,-0.051430702209472656
s_oyster_4,resnet50_geirhos_tl,8,4,0,24,4.0,28.0,5.123429298400879,5.187984466552734,-0.06455516815185547
s_oyster_4,resnet50_geirhos_tl,8,4,0,28,4.0,32.0,5.123429298400879,5.211243152618408,-0.0878138542175293
s_oyster_4,resnet50_geirhos_tl,8,4,0,32,4.0,36.0,5.123429298400879,5.214035987854004,-0.090606689453125
s_oyster_4,resnet50_geirhos_tl,8,4,0,36,4.0,40.0,5.123429298400879,5.228989124298096,-0.1055598258972168
s_oyster_4,resnet50_geirhos_tl,8,4,0,40,4.0,44.0,5.123429298400879,5.205030918121338,-0.08160161972045898
s_oyster_4,resnet50_geirhos_tl,8,4,0,44,4.0,48.0,5.123429298400879,5.227898120880127,-0.10446882247924805
s_oyster_4,resnet50_geirhos_tl,8,4,0,48,4.0,52.0,5.123429298400879,5.248948097229004,-0.125518798828125
s_oyster_4,resnet50_geirhos_tl,8,4,0,52,4.0,56.0,5.123429298400879,5.258194446563721,-0.1347651481628418
s_oyster_4,resnet50_geirhos_tl,8,4,0,56,4.0,60.0,5.123429298400879,5.264565944671631,-0.14113664627075195
s_oyster_4,resnet50_geirhos_tl,8,4,0,60,4.0,64.0,5.123429298400879,5.25101375579834,-0.12758445739746094
s_oyster_4,resnet50_geirhos_tl,8,4,0,64,4.0,68.0,5.123429298400879,5.275747299194336,-0.15231800079345703
s_oyster_4,resnet50_geirhos_tl,8,4,0,68,4.0,72.0,5.123429298400879,5.268983840942383,-0.1455545425415039
s_oyster_4,resnet50_geirhos_tl,8,4,0,72,4.0,76.0,5.123429298400879,5.268951416015625,-0.1455221176147461
s_oyster_4,resnet50_geirhos_tl,8,4,0,76,4.0,80.0,5.123429298400879,5.246009349822998,-0.12258005142211914
s_oyster_4,resnet50_geirhos_tl,8,4,0,80,4.0,84.0,5.123429298400879,5.243895530700684,-0.12046623229980469
s_oyster_4,resnet50_geirhos_tl,8,4,0,84,4.0,88.0,5.123429298400879,5.218050479888916,-0.09462118148803711
s_oyster_4,resnet50_geirhos_tl,8,4,0,88,4.0,92.0,5.123429298400879,5.256446838378906,-0.13301753997802734
s_oyster_4,resnet50_geirhos_tl,8,4,0,92,4.0,96.0,5.123429298400879,5.218757152557373,-0.09532785415649414
s_oyster_4,resnet50_geirhos_tl,8,4,0,96,4.0,100.0,5.123429298400879,5.218774795532227,-0.09534549713134766
s_oyster_4,resnet50_geirhos_tl,8,4,0,100,4.0,104.0,5.123429298400879,5.207592010498047,-0.08416271209716797
s_oyster_4,resnet50_geirhos_tl,8,4,0,104,4.0,108.0,5.123429298400879,5.228277206420898,-0.10484790802001953
s_oyster_4,resnet50_geirhos_tl,8,4,0,108,4.0,112.0,5.123429298400879,5.195098400115967,-0.07166910171508789
s_oyster_4,resnet50_geirhos_tl,8,4,0,112,4.0,116.0,5.123429298400879,5.252203941345215,-0.12877464294433594
s_oyster_4,resnet50_geirhos_tl,8,4,0,116,4.0,120.0,5.123429298400879,5.251168251037598,-0.12773895263671875
s_oyster_4,resnet50_geirhos_tl,8,4,0,120,4.0,124.0,5.123429298400879,5.256051063537598,-0.13262176513671875
s_oyster_4,resnet50_geirhos_tl,8,4,0,124,4.0,128.0,5.123429298400879,5.222661018371582,-0.09923171997070312
s_oyster_4,resnet50_geirhos_tl,8,4,0,128,4.0,132.0,5.123429298400879,5.199021816253662,-0.0755925178527832
s_oyster_4,resnet50_geirhos_tl,8,4,0,132,4.0,136.0,5.123429298400879,5.220124244689941,-0.0966949462890625
s_oyster_4,resnet50_geirhos_tl,8,4,0,136,4.0,140.0,5.123429298400879,5.210860252380371,-0.08743095397949219
s_oyster_4,resnet50_geirhos_tl,8,4,0,140,4.0,144.0,5.123429298400879,5.192560195922852,-0.06913089752197266
s_oyster_4,resnet50_geirhos_tl,8,4,0,144,4.0,148.0,5.123429298400879,5.1868896484375,-0.0634603500366211
s_oyster_4,resnet50_geirhos_tl,8,4,0,148,4.0,152.0,5.123429298400879,5.1672844886779785,-0.04385519027709961
s_oyster_4,resnet50_geirhos_tl,8,4,0,152,4.0,156.0,5.123429298400879,5.146745681762695,-0.023316383361816406
s_oyster_4,resnet50_geirhos_tl,8,4,0,156,4.0,160.0,5.123429298400879,5.098604679107666,0.02482461929321289
s_oyster_4,resnet50_geirhos_tl,8,4,0,160,4.0,164.0,5.123429298400879,5.103463172912598,0.01996612548828125
s_oyster_4,resnet50_geirhos_tl,8,4,0,164,4.0,168.0,5.123429298400879,5.103682518005371,0.019746780395507812
s_oyster_4,resnet50_geirhos_tl,8,4,0,168,4.0,172.0,5.123429298400879,5.089901447296143,0.03352785110473633
s_oyster_4,resnet50_geirhos_tl,8,4,0,172,4.0,176.0,5.123429298400879,5.097897052764893,0.025532245635986328
s_oyster_4,resnet50_geirhos_tl,8,4,0,176,4.0,180.0,5.123429298400879,5.108983039855957,0.014446258544921875
s_oyster_4,resnet50_geirhos_tl,8,4,0,180,4.0,184.0,5.123429298400879,5.120420932769775,0.0030083656311035156
s_oyster_4,resnet50_geirhos_tl,8,4,0,184,4.0,188.0,5.123429298400879,5.118042945861816,0.0053863525390625
s_oyster_4,resnet50_geirhos_tl,8,4,0,188,4.0,192.0,5.123429298400879,5.118001937866211,0.005427360534667969
s_oyster_4,resnet50_geirhos_tl,8,4,0,192,4.0,196.0,5.123429298400879,5.110624313354492,0.012804985046386719
s_oyster_4,resnet50_geirhos_tl,8,4,0,196,4.0,200.0,5.123429298400879,5.128028869628906,-0.004599571228027344
s_oyster_4,resnet50_geirhos_tl,8,4,0,200,4.0,204.0,5.123429298400879,5.148691654205322,-0.02526235580444336
s_oyster_4,resnet50_geirhos_tl,8,4,0,204,4.0,208.0,5.123429298400879,5.165750980377197,-0.04232168197631836
s_oyster_4,resnet50_geirhos_tl,8,4,0,208,4.0,212.0,5.123429298400879,5.173475742340088,-0.050046443939208984
s_oyster_4,resnet50_geirhos_tl,8,4,0,212,4.0,216.0,5.123429298400879,5.166230201721191,-0.0428009033203125
s_oyster_4,resnet50_geirhos_tl,8,4,0,216,4.0,220.0,5.123429298400879,5.139441013336182,-0.016011714935302734
s_oyster_4,resnet50_geirhos_tl,8,4,4,0,8.0,4.0,5.123429298400879,5.065613269805908,0.0578160285949707
s_oyster_4,resnet50_geirhos_tl,8,4,4,4,8.0,8.0,5.123429298400879,5.112010955810547,0.011418342590332031
s_oyster_4,resnet50_geirhos_tl,8,4,4,8,8.0,12.0,5.123429298400879,5.163314342498779,-0.03988504409790039
s_oyster_4,resnet50_geirhos_tl,8,4,4,12,8.0,16.0,5.123429298400879,5.142096519470215,-0.018667221069335938
s_oyster_4,resnet50_geirhos_tl,8,4,4,16,8.0,20.0,5.123429298400879,5.185184478759766,-0.06175518035888672
s_oyster_4,resnet50_geirhos_tl,8,4,4,20,8.0,24.0,5.123429298400879,5.187282562255859,-0.06385326385498047
s_oyster_4,resnet50_geirhos_tl,8,4,4,24,8.0,28.0,5.123429298400879,5.236143589019775,-0.11271429061889648
s_oyster_4,resnet50_geirhos_tl,8,4,4,28,8.0,32.0,5.123429298400879,5.213218688964844,-0.08978939056396484
s_oyster_4,resnet50_geirhos_tl,8,4,4,32,8.0,36.0,5.123429298400879,5.238903045654297,-0.11547374725341797
s_oyster_4,resnet50_geirhos_tl,8,4,4,36,8.0,40.0,5.123429298400879,5.268601417541504,-0.145172119140625
s_oyster_4,resnet50_geirhos_tl,8,4,4,40,8.0,44.0,5.123429298400879,5.312645435333252,-0.18921613693237305
s_oyster_4,resnet50_geirhos_tl,8,4,4,44,8.0,48.0,5.123429298400879,5.3085832595825195,-0.18515396118164062
s_oyster_4,resnet50_geirhos_tl,8,4,4,48,8.0,52.0,5.123429298400879,5.312623977661133,-0.1891946792602539
s_oyster_4,resnet50_geirhos_tl,8,4,4,52,8.0,56.0,5.123429298400879,5.271590709686279,-0.1481614112854004
s_oyster_4,resnet50_geirhos_tl,8,4,4,56,8.0,60.0,5.123429298400879,5.291466236114502,-0.16803693771362305
s_oyster_4,resnet50_geirhos_tl,8,4,4,60,8.0,64.0,5.123429298400879,5.2529096603393555,-0.12948036193847656
s_oyster_4,resnet50_geirhos_tl,8,4,4,64,8.0,68.0,5.123429298400879,5.269397735595703,-0.14596843719482422
s_oyster_4,resnet50_geirhos_tl,8,4,4,68,8.0,72.0,5.123429298400879,5.266326427459717,-0.1428971290588379
s_oyster_4,resnet50_geirhos_tl,8,4,4,72,8.0,76.0,5.123429298400879,5.28955078125,-0.1661214828491211
s_oyster_4,resnet50_geirhos_tl,8,4,4,76,8.0,80.0,5.123429298400879,5.2795305252075195,-0.15610122680664062
s_oyster_4,resnet50_geirhos_tl,8,4,4,80,8.0,84.0,5.123429298400879,5.260956287384033,-0.1375269889831543
s_oyster_4,resnet50_geirhos_tl,8,4,4,84,8.0,88.0,5.123429298400879,5.242067813873291,-0.11863851547241211
s_oyster_4,resnet50_geirhos_tl,8,4,4,88,8.0,92.0,5.123429298400879,5.256558895111084,-0.13312959671020508
s_oyster_4,resnet50_geirhos_tl,8,4,4,92,8.0,96.0,5.123429298400879,5.24798583984375,-0.1245565414428711
s_oyster_4,resnet50_geirhos_tl,8,4,4,96,8.0,100.0,5.123429298400879,5.23792839050293,-0.11449909210205078
s_oyster_4,resnet50_geirhos_tl,8,4,4,100,8.0,104.0,5.123429298400879,5.234611511230469,-0.11118221282958984
s_oyster_4,resnet50_geirhos_tl,8,4,4,104,8.0,108.0,5.123429298400879,5.231120586395264,-0.10769128799438477
s_oyster_4,resnet50_geirhos_tl,8,4,4,108,8.0,112.0,5.123429298400879,5.255902290344238,-0.13247299194335938
s_oyster_4,resnet50_geirhos_tl,8,4,4,112,8.0,116.0,5.123429298400879,5.226156711578369,-0.10272741317749023
s_oyster_4,resnet50_geirhos_tl,8,4,4,116,8.0,120.0,5.123429298400879,5.270400524139404,-0.1469712257385254
s_oyster_4,resnet50_geirhos_tl,8,4,4,120,8.0,124.0,5.123429298400879,5.230780601501465,-0.10735130310058594
s_oyster_4,resnet50_geirhos_tl,8,4,4,124,8.0,128.0,5.123429298400879,5.234263896942139,-0.11083459854125977
s_oyster_4,resnet50_geirhos_tl,8,4,4,128,8.0,132.0,5.123429298400879,5.170879364013672,-0.04745006561279297
s_oyster_4,resnet50_geirhos_tl,8,4,4,132,8.0,136.0,5.123429298400879,5.185517311096191,-0.0620880126953125
s_oyster_4,resnet50_geirhos_tl,8,4,4,136,8.0,140.0,5.123429298400879,5.15189790725708,-0.028468608856201172
s_oyster_4,resnet50_geirhos_tl,8,4,4,140,8.0,144.0,5.123429298400879,5.18130350112915,-0.057874202728271484
s_oyster_4,resnet50_geirhos_tl,8,4,4,144,8.0,148.0,5.123429298400879,5.211089134216309,-0.08765983581542969
s_oyster_4,resnet50_geirhos_tl,8,4,4,148,8.0,152.0,5.123429298400879,5.205695629119873,-0.08226633071899414
s_oyster_4,resnet50_geirhos_tl,8,4,4,152,8.0,156.0,5.123429298400879,5.162354946136475,-0.0389256477355957
s_oyster_4,resnet50_geirhos_tl,8,4,4,156,8.0,160.0,5.123429298400879,5.130720615386963,-0.007291316986083984
s_oyster_4,resnet50_geirhos_tl,8,4,4,160,8.0,164.0,5.123429298400879,5.105391502380371,0.018037796020507812
s_oyster_4,resnet50_geirhos_tl,8,4,4,164,8.0,168.0,5.123429298400879,5.111614227294922,0.011815071105957031
s_oyster_4,resnet50_geirhos_tl,8,4,4,168,8.0,172.0,5.123429298400879,5.09732723236084,0.026102066040039062
s_oyster_4,resnet50_geirhos_tl,8,4,4,172,8.0,176.0,5.123429298400879,5.133613109588623,-0.01018381118774414
s_oyster_4,resnet50_geirhos_tl,8,4,4,176,8.0,180.0,5.123429298400879,5.154494285583496,-0.031064987182617188
s_oyster_4,resnet50_geirhos_tl,8,4,4,180,8.0,184.0,5.123429298400879,5.144525051116943,-0.021095752716064453
s_oyster_4,resnet50_geirhos_tl,8,4,4,184,8.0,188.0,5.123429298400879,5.109393119812012,0.014036178588867188
s_oyster_4,resnet50_geirhos_tl,8,4,4,188,8.0,192.0,5.123429298400879,5.11110258102417,0.012326717376708984
s_oyster_4,resnet50_geirhos_tl,8,4,4,192,8.0,196.0,5.123429298400879,5.095555305480957,0.027873992919921875
s_oyster_4,resnet50_geirhos_tl,8,4,4,196,8.0,200.0,5.123429298400879,5.099273681640625,0.024155616760253906
s_oyster_4,resnet50_geirhos_tl,8,4,4,200,8.0,204.0,5.123429298400879,5.125272750854492,-0.0018434524536132812
s_oyster_4,resnet50_geirhos_tl,8,4,4,204,8.0,208.0,5.123429298400879,5.183862209320068,-0.06043291091918945
s_oyster_4,resnet50_geirhos_tl,8,4,4,208,8.0,212.0,5.123429298400879,5.197307586669922,-0.07387828826904297
s_oyster_4,resnet50_geirhos_tl,8,4,4,212,8.0,216.0,5.123429298400879,5.194507122039795,-0.07107782363891602
s_oyster_4,resnet50_geirhos_tl,8,4,4,216,8.0,220.0,5.123429298400879,5.154446601867676,-0.031017303466796875
s_oyster_4,resnet50_geirhos_tl,8,4,8,0,12.0,4.0,5.123429298400879,5.073363780975342,0.05006551742553711
s_oyster_4,resnet50_geirhos_tl,8,4,8,4,12.0,8.0,5.123429298400879,5.132462978363037,-0.009033679962158203
s_oyster_4,resnet50_geirhos_tl,8,4,8,8,12.0,12.0,5.123429298400879,5.199949741363525,-0.07652044296264648
s_oyster_4,resnet50_geirhos_tl,8,4,8,12,12.0,16.0,5.123429298400879,5.19103479385376,-0.06760549545288086
s_oyster_4,resnet50_geirhos_tl,8,4,8,16,12.0,20.0,5.123429298400879,5.219573020935059,-0.09614372253417969
s_oyster_4,resnet50_geirhos_tl,8,4,8,20,12.0,24.0,5.123429298400879,5.236832141876221,-0.1134028434753418
s_oyster_4,resnet50_geirhos_tl,8,4,8,24,12.0,28.0,5.123429298400879,5.253001689910889,-0.12957239151000977
s_oyster_4,resnet50_geirhos_tl,8,4,8,28,12.0,32.0,5.123429298400879,5.2646074295043945,-0.14117813110351562
s_oyster_4,resnet50_geirhos_tl,8,4,8,32,12.0,36.0,5.123429298400879,5.283693790435791,-0.1602644920349121
s_oyster_4,resnet50_geirhos_tl,8,4,8,36,12.0,40.0,5.123429298400879,5.295760631561279,-0.1723313331604004
s_oyster_4,resnet50_geirhos_tl,8,4,8,40,12.0,44.0,5.123429298400879,5.315035343170166,-0.1916060447692871
s_oyster_4,resnet50_geirhos_tl,8,4,8,44,12.0,48.0,5.123429298400879,5.329909324645996,-0.2064800262451172
s_oyster_4,resnet50_geirhos_tl,8,4,8,48,12.0,52.0,5.123429298400879,5.314326286315918,-0.19089698791503906
s_oyster_4,resnet50_geirhos_tl,8,4,8,52,12.0,56.0,5.123429298400879,5.298594951629639,-0.17516565322875977
s_oyster_4,resnet50_geirhos_tl,8,4,8,56,12.0,60.0,5.123429298400879,5.293751239776611,-0.17032194137573242
s_oyster_4,resnet50_geirhos_tl,8,4,8,60,12.0,64.0,5.123429298400879,5.281789779663086,-0.15836048126220703
s_oyster_4,resnet50_geirhos_tl,8,4,8,64,12.0,68.0,5.123429298400879,5.2610979080200195,-0.13766860961914062
s_oyster_4,resnet50_geirhos_tl,8,4,8,68,12.0,72.0,5.123429298400879,5.2686543464660645,-0.14522504806518555
s_oyster_4,resnet50_geirhos_tl,8,4,8,72,12.0,76.0,5.123429298400879,5.3116068840026855,-0.18817758560180664
s_oyster_4,resnet50_geirhos_tl,8,4,8,76,12.0,80.0,5.123429298400879,5.280033588409424,-0.15660429000854492
s_oyster_4,resnet50_geirhos_tl,8,4,8,80,12.0,84.0,5.123429298400879,5.263021945953369,-0.13959264755249023
s_oyster_4,resnet50_geirhos_tl,8,4,8,84,12.0,88.0,5.123429298400879,5.242110729217529,-0.11868143081665039
s_oyster_4,resnet50_geirhos_tl,8,4,8,88,12.0,92.0,5.123429298400879,5.282684326171875,-0.1592550277709961
s_oyster_4,resnet50_geirhos_tl,8,4,8,92,12.0,96.0,5.123429298400879,5.258450031280518,-0.13502073287963867
s_oyster_4,resnet50_geirhos_tl,8,4,8,96,12.0,100.0,5.123429298400879,5.269983291625977,-0.14655399322509766
s_oyster_4,resnet50_geirhos_tl,8,4,8,100,12.0,104.0,5.123429298400879,5.255521297454834,-0.13209199905395508
s_oyster_4,resnet50_geirhos_tl,8,4,8,104,12.0,108.0,5.123429298400879,5.2194623947143555,-0.09603309631347656
s_oyster_4,resnet50_geirhos_tl,8,4,8,108,12.0,112.0,5.123429298400879,5.207723617553711,-0.08429431915283203
s_oyster_4,resnet50_geirhos_tl,8,4,8,112,12.0,116.0,5.123429298400879,5.193133354187012,-0.06970405578613281
s_oyster_4,resnet50_geirhos_tl,8,4,8,116,12.0,120.0,5.123429298400879,5.161245346069336,-0.03781604766845703
s_oyster_4,resnet50_geirhos_tl,8,4,8,120,12.0,124.0,5.123429298400879,5.174551010131836,-0.05112171173095703
s_oyster_4,resnet50_geirhos_tl,8,4,8,124,12.0,128.0,5.123429298400879,5.199758529663086,-0.07632923126220703
s_oyster_4,resnet50_geirhos_tl,8,4,8,128,12.0,132.0,5.123429298400879,5.137189865112305,-0.013760566711425781
s_oyster_4,resnet50_geirhos_tl,8,4,8,132,12.0,136.0,5.123429298400879,5.121690273284912,0.0017390251159667969
s_oyster_4,resnet50_geirhos_tl,8,4,8,136,12.0,140.0,5.123429298400879,5.157718181610107,-0.034288883209228516
s_oyster_4,resnet50_geirhos_tl,8,4,8,140,12.0,144.0,5.123429298400879,5.21288537979126,-0.08945608139038086
s_oyster_4,resnet50_geirhos_tl,8,4,8,144,12.0,148.0,5.123429298400879,5.221583366394043,-0.09815406799316406
s_oyster_4,resnet50_geirhos_tl,8,4,8,148,12.0,152.0,5.123429298400879,5.214702606201172,-0.09127330780029297
s_oyster_4,resnet50_geirhos_tl,8,4,8,152,12.0,156.0,5.123429298400879,5.197336673736572,-0.07390737533569336
s_oyster_4,resnet50_geirhos_tl,8,4,8,156,12.0,160.0,5.123429298400879,5.179948329925537,-0.0565190315246582
s_oyster_4,resnet50_geirhos_tl,8,4,8,160,12.0,164.0,5.123429298400879,5.160391807556152,-0.03696250915527344
s_oyster_4,resnet50_geirhos_tl,8,4,8,164,12.0,168.0,5.123429298400879,5.15317440032959,-0.029745101928710938
s_oyster_4,resnet50_geirhos_tl,8,4,8,168,12.0,172.0,5.123429298400879,5.153941631317139,-0.030512332916259766
s_oyster_4,resnet50_geirhos_tl,8,4,8,172,12.0,176.0,5.123429298400879,5.205686092376709,-0.08225679397583008
s_oyster_4,resnet50_geirhos_tl,8,4,8,176,12.0,180.0,5.123429298400879,5.224361419677734,-0.10093212127685547
s_oyster_4,resnet50_geirhos_tl,8,4,8,180,12.0,184.0,5.123429298400879,5.211575031280518,-0.08814573287963867
s_oyster_4,resnet50_geirhos_tl,8,4,8,184,12.0,188.0,5.123429298400879,5.181900978088379,-0.0584716796875
s_oyster_4,resnet50_geirhos_tl,8,4,8,188,12.0,192.0,5.123429298400879,5.17764949798584,-0.05422019958496094
s_oyster_4,resnet50_geirhos_tl,8,4,8,192,12.0,196.0,5.123429298400879,5.154601097106934,-0.031171798706054688
s_oyster_4,resnet50_geirhos_tl,8,4,8,196,12.0,200.0,5.123429298400879,5.105748176574707,0.017681121826171875
s_oyster_4,resnet50_geirhos_tl,8,4,8,200,12.0,204.0,5.123429298400879,5.07179594039917,0.051633358001708984
s_oyster_4,resnet50_geirhos_tl,8,4,8,204,12.0,208.0,5.123429298400879,5.124645233154297,-0.0012159347534179688
s_oyster_4,resnet50_geirhos_tl,8,4,8,208,12.0,212.0,5.123429298400879,5.209563732147217,-0.08613443374633789
s_oyster_4,resnet50_geirhos_tl,8,4,8,212,12.0,216.0,5.123429298400879,5.195647716522217,-0.07221841812133789
s_oyster_4,resnet50_geirhos_tl,8,4,8,216,12.0,220.0,5.123429298400879,5.146755218505859,-0.02332592010498047
s_oyster_4,resnet50_geirhos_tl,8,4,12,0,16.0,4.0,5.123429298400879,5.098389148712158,0.025040149688720703
s_oyster_4,resnet50_geirhos_tl,8,4,12,4,16.0,8.0,5.123429298400879,5.148082256317139,-0.024652957916259766
s_oyster_4,resnet50_geirhos_tl,8,4,12,8,16.0,12.0,5.123429298400879,5.203850269317627,-0.08042097091674805
s_oyster_4,resnet50_geirhos_tl,8,4,12,12,16.0,16.0,5.123429298400879,5.187668323516846,-0.0642390251159668
s_oyster_4,resnet50_geirhos_tl,8,4,12,16,16.0,20.0,5.123429298400879,5.251863956451416,-0.1284346580505371
s_oyster_4,resnet50_geirhos_tl,8,4,12,20,16.0,24.0,5.123429298400879,5.236252784729004,-0.112823486328125
s_oyster_4,resnet50_geirhos_tl,8,4,12,24,16.0,28.0,5.123429298400879,5.265334606170654,-0.1419053077697754
s_oyster_4,resnet50_geirhos_tl,8,4,12,28,16.0,32.0,5.123429298400879,5.283961296081543,-0.16053199768066406
s_oyster_4,resnet50_geirhos_tl,8,4,12,32,16.0,36.0,5.123429298400879,5.29375696182251,-0.17032766342163086
s_oyster_4,resnet50_geirhos_tl,8,4,12,36,16.0,40.0,5.123429298400879,5.273167610168457,-0.14973831176757812
s_oyster_4,resnet50_geirhos_tl,8,4,12,40,16.0,44.0,5.123429298400879,5.28400993347168,-0.16058063507080078
s_oyster_4,resnet50_geirhos_tl,8,4,12,44,16.0,48.0,5.123429298400879,5.275583744049072,-0.15215444564819336
s_oyster_4,resnet50_geirhos_tl,8,4,12,48,16.0,52.0,5.123429298400879,5.280989646911621,-0.1575603485107422
s_oyster_4,resnet50_geirhos_tl,8,4,12,52,16.0,56.0,5.123429298400879,5.260189533233643,-0.13676023483276367
s_oyster_4,resnet50_geirhos_tl,8,4,12,56,16.0,60.0,5.123429298400879,5.2791314125061035,-0.1557021141052246
s_oyster_4,resnet50_geirhos_tl,8,4,12,60,16.0,64.0,5.123429298400879,5.243356704711914,-0.11992740631103516
s_oyster_4,resnet50_geirhos_tl,8,4,12,64,16.0,68.0,5.123429298400879,5.237692356109619,-0.11426305770874023
s_oyster_4,resnet50_geirhos_tl,8,4,12,68,16.0,72.0,5.123429298400879,5.246685028076172,-0.12325572967529297
s_oyster_4,resnet50_geirhos_tl,8,4,12,72,16.0,76.0,5.123429298400879,5.246676445007324,-0.12324714660644531
s_oyster_4,resnet50_geirhos_tl,8,4,12,76,16.0,80.0,5.123429298400879,5.214816093444824,-0.09138679504394531
s_oyster_4,resnet50_geirhos_tl,8,4,12,80,16.0,84.0,5.123429298400879,5.208438396453857,-0.08500909805297852
s_oyster_4,resnet50_geirhos_tl,8,4,12,84,16.0,88.0,5.123429298400879,5.211163520812988,-0.08773422241210938
s_oyster_4,resnet50_geirhos_tl,8,4,12,88,16.0,92.0,5.123429298400879,5.243220806121826,-0.11979150772094727
s_oyster_4,resnet50_geirhos_tl,8,4,12,92,16.0,96.0,5.123429298400879,5.22634744644165,-0.10291814804077148
s_oyster_4,resnet50_geirhos_tl,8,4,12,96,16.0,100.0,5.123429298400879,5.234169960021973,-0.11074066162109375
s_oyster_4,resnet50_geirhos_tl,8,4,12,100,16.0,104.0,5.123429298400879,5.2318806648254395,-0.10845136642456055
s_oyster_4,resnet50_geirhos_tl,8,4,12,104,16.0,108.0,5.123429298400879,5.227588176727295,-0.10415887832641602
s_oyster_4,resnet50_geirhos_tl,8,4,12,108,16.0,112.0,5.123429298400879,5.1809892654418945,-0.057559967041015625
s_oyster_4,resnet50_geirhos_tl,8,4,12,112,16.0,116.0,5.123429298400879,5.142017364501953,-0.01858806610107422
s_oyster_4,resnet50_geirhos_tl,8,4,12,116,16.0,120.0,5.123429298400879,5.203732967376709,-0.08030366897583008
s_oyster_4,resnet50_geirhos_tl,8,4,12,120,16.0,124.0,5.123429298400879,5.208093166351318,-0.08466386795043945
s_oyster_4,resnet50_geirhos_tl,8,4,12,124,16.0,128.0,5.123429298400879,5.169981002807617,-0.04655170440673828
s_oyster_4,resnet50_geirhos_tl,8,4,12,128,16.0,132.0,5.123429298400879,5.179986476898193,-0.05655717849731445
s_oyster_4,resnet50_geirhos_tl,8,4,12,132,16.0,136.0,5.123429298400879,5.198332786560059,-0.07490348815917969
s_oyster_4,resnet50_geirhos_tl,8,4,12,136,16.0,140.0,5.123429298400879,5.2000274658203125,-0.0765981674194336
s_oyster_4,resnet50_geirhos_tl,8,4,12,140,16.0,144.0,5.123429298400879,5.192458152770996,-0.06902885437011719
s_oyster_4,resnet50_geirhos_tl,8,4,12,144,16.0,148.0,5.123429298400879,5.205225467681885,-0.08179616928100586
s_oyster_4,resnet50_geirhos_tl,8,4,12,148,16.0,152.0,5.123429298400879,5.2115325927734375,-0.0881032943725586
s_oyster_4,resnet50_geirhos_tl,8,4,12,152,16.0,156.0,5.123429298400879,5.216721534729004,-0.093292236328125
s_oyster_4,resnet50_geirhos_tl,8,4,12,156,16.0,160.0,5.123429298400879,5.185851097106934,-0.06242179870605469
s_oyster_4,resnet50_geirhos_tl,8,4,12,160,16.0,164.0,5.123429298400879,5.176192283630371,-0.05276298522949219
s_oyster_4,resnet50_geirhos_tl,8,4,12,164,16.0,168.0,5.123429298400879,5.178088665008545,-0.054659366607666016
s_oyster_4,resnet50_geirhos_tl,8,4,12,168,16.0,172.0,5.123429298400879,5.169139385223389,-0.045710086822509766
s_oyster_4,resnet50_geirhos_tl,8,4,12,172,16.0,176.0,5.123429298400879,5.2084503173828125,-0.0850210189819336
s_oyster_4,resnet50_geirhos_tl,8,4,12,176,16.0,180.0,5.123429298400879,5.189004898071289,-0.06557559967041016
s_oyster_4,resnet50_geirhos_tl,8,4,12,180,16.0,184.0,5.123429298400879,5.2008891105651855,-0.07745981216430664
s_oyster_4,resnet50_geirhos_tl,8,4,12,184,16.0,188.0,5.123429298400879,5.186764240264893,-0.06333494186401367
s_oyster_4,resnet50_geirhos_tl,8,4,12,188,16.0,192.0,5.123429298400879,5.2143144607543945,-0.09088516235351562
s_oyster_4,resnet50_geirhos_tl,8,4,12,192,16.0,196.0,5.123429298400879,5.200779914855957,-0.07735061645507812
s_oyster_4,resnet50_geirhos_tl,8,4,12,196,16.0,200.0,5.123429298400879,5.133085250854492,-0.009655952453613281
s_oyster_4,resnet50_geirhos_tl,8,4,12,200,16.0,204.0,5.123429298400879,5.134389877319336,-0.010960578918457031
s_oyster_4,resnet50_geirhos_tl,8,4,12,204,16.0,208.0,5.123429298400879,5.117948532104492,0.005480766296386719
s_oyster_4,resnet50_geirhos_tl,8,4,12,208,16.0,212.0,5.123429298400879,5.200321197509766,-0.07689189910888672
s_oyster_4,resnet50_geirhos_tl,8,4,12,212,16.0,216.0,5.123429298400879,5.201996803283691,-0.0785675048828125
s_oyster_4,resnet50_geirhos_tl,8,4,12,216,16.0,220.0,5.123429298400879,5.151208400726318,-0.027779102325439453
s_oyster_4,resnet50_geirhos_tl,8,4,16,0,20.0,4.0,5.123429298400879,5.102550029754639,0.020879268646240234
s_oyster_4,resnet50_geirhos_tl,8,4,16,4,20.0,8.0,5.123429298400879,5.186074733734131,-0.06264543533325195
s_oyster_4,resnet50_geirhos_tl,8,4,16,8,20.0,12.0,5.123429298400879,5.218515396118164,-0.09508609771728516
s_oyster_4,resnet50_geirhos_tl,8,4,16,12,20.0,16.0,5.123429298400879,5.217046737670898,-0.09361743927001953
s_oyster_4,resnet50_geirhos_tl,8,4,16,16,20.0,20.0,5.123429298400879,5.243468761444092,-0.12003946304321289
s_oyster_4,resnet50_geirhos_tl,8,4,16,20,20.0,24.0,5.123429298400879,5.292659759521484,-0.16923046112060547
s_oyster_4,resnet50_geirhos_tl,8,4,16,24,20.0,28.0,5.123429298400879,5.310922622680664,-0.18749332427978516
s_oyster_4,resnet50_geirhos_tl,8,4,16,28,20.0,32.0,5.123429298400879,5.312426567077637,-0.1889972686767578
s_oyster_4,resnet50_geirhos_tl,8,4,16,32,20.0,36.0,5.123429298400879,5.326413631439209,-0.20298433303833008
s_oyster_4,resnet50_geirhos_tl,8,4,16,36,20.0,40.0,5.123429298400879,5.300261497497559,-0.1768321990966797
s_oyster_4,resnet50_geirhos_tl,8,4,16,40,20.0,44.0,5.123429298400879,5.3203043937683105,-0.19687509536743164
s_oyster_4,resnet50_geirhos_tl,8,4,16,44,20.0,48.0,5.123429298400879,5.315299987792969,-0.19187068939208984
s_oyster_4,resnet50_geirhos_tl,8,4,16,48,20.0,52.0,5.123429298400879,5.291647434234619,-0.16821813583374023
s_oyster_4,resnet50_geirhos_tl,8,4,16,52,20.0,56.0,5.123429298400879,5.268239974975586,-0.14481067657470703
s_oyster_4,resnet50_geirhos_tl,8,4,16,56,20.0,60.0,5.123429298400879,5.305900573730469,-0.18247127532958984
s_oyster_4,resnet50_geirhos_tl,8,4,16,60,20.0,64.0,5.123429298400879,5.2445220947265625,-0.1210927963256836
s_oyster_4,resnet50_geirhos_tl,8,4,16,64,20.0,68.0,5.123429298400879,5.23837423324585,-0.1149449348449707
s_oyster_4,resnet50_geirhos_tl,8,4,16,68,20.0,72.0,5.123429298400879,5.236573219299316,-0.1131439208984375
s_oyster_4,resnet50_geirhos_tl,8,4,16,72,20.0,76.0,5.123429298400879,5.253688812255859,-0.13025951385498047
s_oyster_4,resnet50_geirhos_tl,8,4,16,76,20.0,80.0,5.123429298400879,5.22474479675293,-0.10131549835205078
s_oyster_4,resnet50_geirhos_tl,8,4,16,80,20.0,84.0,5.123429298400879,5.235540390014648,-0.11211109161376953
s_oyster_4,resnet50_geirhos_tl,8,4,16,84,20.0,88.0,5.123429298400879,5.251506805419922,-0.12807750701904297
s_oyster_4,resnet50_geirhos_tl,8,4,16,88,20.0,92.0,5.123429298400879,5.286868095397949,-0.1634387969970703
s_oyster_4,resnet50_geirhos_tl,8,4,16,92,20.0,96.0,5.123429298400879,5.260202407836914,-0.13677310943603516
s_oyster_4,resnet50_geirhos_tl,8,4,16,96,20.0,100.0,5.123429298400879,5.267309665679932,-0.14388036727905273
s_oyster_4,resnet50_geirhos_tl,8,4,16,100,20.0,104.0,5.123429298400879,5.266915321350098,-0.14348602294921875
s_oyster_4,resnet50_geirhos_tl,8,4,16,104,20.0,108.0,5.123429298400879,5.22590970993042,-0.10248041152954102
s_oyster_4,resnet50_geirhos_tl,8,4,16,108,20.0,112.0,5.123429298400879,5.147381782531738,-0.023952484130859375
s_oyster_4,resnet50_geirhos_tl,8,4,16,112,20.0,116.0,5.123429298400879,5.147736549377441,-0.0243072509765625
s_oyster_4,resnet50_geirhos_tl,8,4,16,116,20.0,120.0,5.123429298400879,5.194108486175537,-0.0706791877746582
s_oyster_4,resnet50_geirhos_tl,8,4,16,120,20.0,124.0,5.123429298400879,5.178586483001709,-0.05515718460083008
s_oyster_4,resnet50_geirhos_tl,8,4,16,124,20.0,128.0,5.123429298400879,5.161896228790283,-0.0384669303894043
s_oyster_4,resnet50_geirhos_tl,8,4,16,128,20.0,132.0,5.123429298400879,5.162935256958008,-0.039505958557128906
s_oyster_4,resnet50_geirhos_tl,8,4,16,132,20.0,136.0,5.123429298400879,5.168284893035889,-0.044855594635009766
s_oyster_4,resnet50_geirhos_tl,8,4,16,136,20.0,140.0,5.123429298400879,5.170948505401611,-0.04751920700073242
s_oyster_4,resnet50_geirhos_tl,8,4,16,140,20.0,144.0,5.123429298400879,5.204124927520752,-0.08069562911987305
s_oyster_4,resnet50_geirhos_tl,8,4,16,144,20.0,148.0,5.123429298400879,5.199153423309326,-0.07572412490844727
s_oyster_4,resnet50_geirhos_tl,8,4,16,148,20.0,152.0,5.123429298400879,5.200446128845215,-0.07701683044433594
s_oyster_4,resnet50_geirhos_tl,8,4,16,152,20.0,156.0,5.123429298400879,5.197690010070801,-0.07426071166992188
s_oyster_4,resnet50_geirhos_tl,8,4,16,156,20.0,160.0,5.123429298400879,5.1915669441223145,-0.06813764572143555
s_oyster_4,resnet50_geirhos_tl,8,4,16,160,20.0,164.0,5.123429298400879,5.1869215965271,-0.0634922981262207
s_oyster_4,resnet50_geirhos_tl,8,4,16,164,20.0,168.0,5.123429298400879,5.1964945793151855,-0.07306528091430664
s_oyster_4,resnet50_geirhos_tl,8,4,16,168,20.0,172.0,5.123429298400879,5.191503047943115,-0.06807374954223633
s_oyster_4,resnet50_geirhos_tl,8,4,16,172,20.0,176.0,5.123429298400879,5.202627182006836,-0.07919788360595703
s_oyster_4,resnet50_geirhos_tl,8,4,16,176,20.0,180.0,5.123429298400879,5.187114238739014,-0.06368494033813477
s_oyster_4,resnet50_geirhos_tl,8,4,16,180,20.0,184.0,5.123429298400879,5.160463333129883,-0.037034034729003906
s_oyster_4,resnet50_geirhos_tl,8,4,16,184,20.0,188.0,5.123429298400879,5.173324108123779,-0.04989480972290039
s_oyster_4,resnet50_geirhos_tl,8,4,16,188,20.0,192.0,5.123429298400879,5.20383882522583,-0.08040952682495117
s_oyster_4,resnet50_geirhos_tl,8,4,16,192,20.0,196.0,5.123429298400879,5.21079683303833,-0.08736753463745117
s_oyster_4,resnet50_geirhos_tl,8,4,16,196,20.0,200.0,5.123429298400879,5.193221092224121,-0.06979179382324219
s_oyster_4,resnet50_geirhos_tl,8,4,16,200,20.0,204.0,5.123429298400879,5.18385124206543,-0.06042194366455078
s_oyster_4,resnet50_geirhos_tl,8,4,16,204,20.0,208.0,5.123429298400879,5.09774112701416,0.02568817138671875
s_oyster_4,resnet50_geirhos_tl,8,4,16,208,20.0,212.0,5.123429298400879,5.151162624359131,-0.027733325958251953
s_oyster_4,resnet50_geirhos_tl,8,4,16,212,20.0,216.0,5.123429298400879,5.172780990600586,-0.04935169219970703
s_oyster_4,resnet50_geirhos_tl,8,4,16,216,20.0,220.0,5.123429298400879,5.15117073059082,-0.027741432189941406
s_oyster_4,resnet50_geirhos_tl,8,4,20,0,24.0,4.0,5.123429298400879,5.093722343444824,0.029706954956054688
s_oyster_4,resnet50_geirhos_tl,8,4,20,4,24.0,8.0,5.123429298400879,5.1776509284973145,-0.05422163009643555
s_oyster_4,resnet50_geirhos_tl,8,4,20,8,24.0,12.0,5.123429298400879,5.188127040863037,-0.0646977424621582
s_oyster_4,resnet50_geirhos_tl,8,4,20,12,24.0,16.0,5.123429298400879,5.198866367340088,-0.07543706893920898
s_oyster_4,resnet50_geirhos_tl,8,4,20,16,24.0,20.0,5.123429298400879,5.264226913452148,-0.14079761505126953
s_oyster_4,resnet50_geirhos_tl,8,4,20,20,24.0,24.0,5.123429298400879,5.293561935424805,-0.17013263702392578
s_oyster_4,resnet50_geirhos_tl,8,4,20,24,24.0,28.0,5.123429298400879,5.322393894195557,-0.19896459579467773
s_oyster_4,resnet50_geirhos_tl,8,4,20,28,24.0,32.0,5.123429298400879,5.332937240600586,-0.20950794219970703
s_oyster_4,resnet50_geirhos_tl,8,4,20,32,24.0,36.0,5.123429298400879,5.333413124084473,-0.20998382568359375
s_oyster_4,resnet50_geirhos_tl,8,4,20,36,24.0,40.0,5.123429298400879,5.320287704467773,-0.19685840606689453
s_oyster_4,resnet50_geirhos_tl,8,4,20,40,24.0,44.0,5.123429298400879,5.321690559387207,-0.19826126098632812
s_oyster_4,resnet50_geirhos_tl,8,4,20,44,24.0,48.0,5.123429298400879,5.316015720367432,-0.19258642196655273
s_oyster_4,resnet50_geirhos_tl,8,4,20,48,24.0,52.0,5.123429298400879,5.313462734222412,-0.1900334358215332
s_oyster_4,resnet50_geirhos_tl,8,4,20,52,24.0,56.0,5.123429298400879,5.271940231323242,-0.14851093292236328
s_oyster_4,resnet50_geirhos_tl,8,4,20,56,24.0,60.0,5.123429298400879,5.265882968902588,-0.14245367050170898
s_oyster_4,resnet50_geirhos_tl,8,4,20,60,24.0,64.0,5.123429298400879,5.243083477020264,-0.11965417861938477
s_oyster_4,resnet50_geirhos_tl,8,4,20,64,24.0,68.0,5.123429298400879,5.245128154754639,-0.12169885635375977
s_oyster_4,resnet50_geirhos_tl,8,4,20,68,24.0,72.0,5.123429298400879,5.238063812255859,-0.11463451385498047
s_oyster_4,resnet50_geirhos_tl,8,4,20,72,24.0,76.0,5.123429298400879,5.222828388214111,-0.09939908981323242
s_oyster_4,resnet50_geirhos_tl,8,4,20,76,24.0,80.0,5.123429298400879,5.258017063140869,-0.13458776473999023
s_oyster_4,resnet50_geirhos_tl,8,4,20,80,24.0,84.0,5.123429298400879,5.284290313720703,-0.16086101531982422
s_oyster_4,resnet50_geirhos_tl,8,4,20,84,24.0,88.0,5.123429298400879,5.303961753845215,-0.18053245544433594
s_oyster_4,resnet50_geirhos_tl,8,4,20,88,24.0,92.0,5.123429298400879,5.284826755523682,-0.16139745712280273
s_oyster_4,resnet50_geirhos_tl,8,4,20,92,24.0,96.0,5.123429298400879,5.312498569488525,-0.18906927108764648
s_oyster_4,resnet50_geirhos_tl,8,4,20,96,24.0,100.0,5.123429298400879,5.23301362991333,-0.10958433151245117
s_oyster_4,resnet50_geirhos_tl,8,4,20,100,24.0,104.0,5.123429298400879,5.185007572174072,-0.06157827377319336
s_oyster_4,resnet50_geirhos_tl,8,4,20,104,24.0,108.0,5.123429298400879,5.154964447021484,-0.03153514862060547
s_oyster_4,resnet50_geirhos_tl,8,4,20,108,24.0,112.0,5.123429298400879,5.178128719329834,-0.05469942092895508
s_oyster_4,resnet50_geirhos_tl,8,4,20,112,24.0,116.0,5.123429298400879,5.178193092346191,-0.0547637939453125
s_oyster_4,resnet50_geirhos_tl,8,4,20,116,24.0,120.0,5.123429298400879,5.20654821395874,-0.08311891555786133
s_oyster_4,resnet50_geirhos_tl,8,4,20,120,24.0,124.0,5.123429298400879,5.177463531494141,-0.05403423309326172
s_oyster_4,resnet50_geirhos_tl,8,4,20,124,24.0,128.0,5.123429298400879,5.141719341278076,-0.018290042877197266
s_oyster_4,resnet50_geirhos_tl,8,4,20,128,24.0,132.0,5.123429298400879,5.15427303314209,-0.030843734741210938
s_oyster_4,resnet50_geirhos_tl,8,4,20,132,24.0,136.0,5.123429298400879,5.167181968688965,-0.04375267028808594
s_oyster_4,resnet50_geirhos_tl,8,4,20,136,24.0,140.0,5.123429298400879,5.203896522521973,-0.08046722412109375
s_oyster_4,resnet50_geirhos_tl,8,4,20,140,24.0,144.0,5.123429298400879,5.197087287902832,-0.07365798950195312
s_oyster_4,resnet50_geirhos_tl,8,4,20,144,24.0,148.0,5.123429298400879,5.209186553955078,-0.08575725555419922
s_oyster_4,resnet50_geirhos_tl,8,4,20,148,24.0,152.0,5.123429298400879,5.1819682121276855,-0.05853891372680664
s_oyster_4,resnet50_geirhos_tl,8,4,20,152,24.0,156.0,5.123429298400879,5.1742448806762695,-0.050815582275390625
s_oyster_4,resnet50_geirhos_tl,8,4,20,156,24.0,160.0,5.123429298400879,5.142323970794678,-0.018894672393798828
s_oyster_4,resnet50_geirhos_tl,8,4,20,160,24.0,164.0,5.123429298400879,5.14532995223999,-0.021900653839111328
s_oyster_4,resnet50_geirhos_tl,8,4,20,164,24.0,168.0,5.123429298400879,5.1485490798950195,-0.025119781494140625
s_oyster_4,resnet50_geirhos_tl,8,4,20,168,24.0,172.0,5.123429298400879,5.133969306945801,-0.010540008544921875
s_oyster_4,resnet50_geirhos_tl,8,4,20,172,24.0,176.0,5.123429298400879,5.13830041885376,-0.01487112045288086
s_oyster_4,resnet50_geirhos_tl,8,4,20,176,24.0,180.0,5.123429298400879,5.150379657745361,-0.026950359344482422
s_oyster_4,resnet50_geirhos_tl,8,4,20,180,24.0,184.0,5.123429298400879,5.083941459655762,0.03948783874511719
s_oyster_4,resnet50_geirhos_tl,8,4,20,184,24.0,188.0,5.123429298400879,5.118546485900879,0.0048828125
s_oyster_4,resnet50_geirhos_tl,8,4,20,188,24.0,192.0,5.123429298400879,5.151136875152588,-0.027707576751708984
s_oyster_4,resnet50_geirhos_tl,8,4,20,192,24.0,196.0,5.123429298400879,5.1679911613464355,-0.04456186294555664
s_oyster_4,resnet50_geirhos_tl,8,4,20,196,24.0,200.0,5.123429298400879,5.153203010559082,-0.029773712158203125
s_oyster_4,resnet50_geirhos_tl,8,4,20,200,24.0,204.0,5.123429298400879,5.1439104080200195,-0.020481109619140625
s_oyster_4,resnet50_geirhos_tl,8,4,20,204,24.0,208.0,5.123429298400879,5.137045383453369,-0.013616085052490234
s_oyster_4,resnet50_geirhos_tl,8,4,20,208,24.0,212.0,5.123429298400879,5.144979476928711,-0.02155017852783203
s_oyster_4,resnet50_geirhos_tl,8,4,20,212,24.0,216.0,5.123429298400879,5.158814430236816,-0.0353851318359375
s_oyster_4,resnet50_geirhos_tl,8,4,20,216,24.0,220.0,5.123429298400879,5.147932052612305,-0.02450275421142578
s_oyster_4,resnet50_geirhos_tl,8,4,24,0,28.0,4.0,5.123429298400879,5.097704887390137,0.025724411010742188
s_oyster_4,resnet50_geirhos_tl,8,4,24,4,28.0,8.0,5.123429298400879,5.148427486419678,-0.024998188018798828
s_oyster_4,resnet50_geirhos_tl,8,4,24,8,28.0,12.0,5.123429298400879,5.171637535095215,-0.04820823669433594
s_oyster_4,resnet50_geirhos_tl,8,4,24,12,28.0,16.0,5.123429298400879,5.179380416870117,-0.05595111846923828
s_oyster_4,resnet50_geirhos_tl,8,4,24,16,28.0,20.0,5.123429298400879,5.2350239753723145,-0.11159467697143555
s_oyster_4,resnet50_geirhos_tl,8,4,24,20,28.0,24.0,5.123429298400879,5.255136966705322,-0.13170766830444336
s_oyster_4,resnet50_geirhos_tl,8,4,24,24,28.0,28.0,5.123429298400879,5.261448383331299,-0.13801908493041992
s_oyster_4,resnet50_geirhos_tl,8,4,24,28,28.0,32.0,5.123429298400879,5.258238792419434,-0.1348094940185547
s_oyster_4,resnet50_geirhos_tl,8,4,24,32,28.0,36.0,5.123429298400879,5.268545627593994,-0.14511632919311523
s_oyster_4,resnet50_geirhos_tl,8,4,24,36,28.0,40.0,5.123429298400879,5.26215124130249,-0.13872194290161133
s_oyster_4,resnet50_geirhos_tl,8,4,24,40,28.0,44.0,5.123429298400879,5.318902015686035,-0.19547271728515625
s_oyster_4,resnet50_geirhos_tl,8,4,24,44,28.0,48.0,5.123429298400879,5.308858394622803,-0.18542909622192383
s_oyster_4,resnet50_geirhos_tl,8,4,24,48,28.0,52.0,5.123429298400879,5.29270076751709,-0.16927146911621094
s_oyster_4,resnet50_geirhos_tl,8,4,24,52,28.0,56.0,5.123429298400879,5.281735420227051,-0.15830612182617188
s_oyster_4,resnet50_geirhos_tl,8,4,24,56,28.0,60.0,5.123429298400879,5.316678047180176,-0.19324874877929688
s_oyster_4,resnet50_geirhos_tl,8,4,24,60,28.0,64.0,5.123429298400879,5.2931694984436035,-0.1697402000427246
s_oyster_4,resnet50_geirhos_tl,8,4,24,64,28.0,68.0,5.123429298400879,5.276439666748047,-0.15301036834716797
s_oyster_4,resnet50_geirhos_tl,8,4,24,68,28.0,72.0,5.123429298400879,5.253166675567627,-0.12973737716674805
s_oyster_4,resnet50_geirhos_tl,8,4,24,72,28.0,76.0,5.123429298400879,5.283780574798584,-0.16035127639770508
s_oyster_4,resnet50_geirhos_tl,8,4,24,76,28.0,80.0,5.123429298400879,5.316218376159668,-0.19278907775878906
s_oyster_4,resnet50_geirhos_tl,8,4,24,80,28.0,84.0,5.123429298400879,5.330636024475098,-0.20720672607421875
s_oyster_4,resnet50_geirhos_tl,8,4,24,84,28.0,88.0,5.123429298400879,5.3054585456848145,-0.18202924728393555
s_oyster_4,resnet50_geirhos_tl,8,4,24,88,28.0,92.0,5.123429298400879,5.271744728088379,-0.1483154296875
s_oyster_4,resnet50_geirhos_tl,8,4,24,92,28.0,96.0,5.123429298400879,5.257844924926758,-0.1344156265258789
s_oyster_4,resnet50_geirhos_tl,8,4,24,96,28.0,100.0,5.123429298400879,5.235358715057373,-0.11192941665649414
s_oyster_4,resnet50_geirhos_tl,8,4,24,100,28.0,104.0,5.123429298400879,5.1809468269348145,-0.05751752853393555
s_oyster_4,resnet50_geirhos_tl,8,4,24,104,28.0,108.0,5.123429298400879,5.153486251831055,-0.03005695343017578
s_oyster_4,resnet50_geirhos_tl,8,4,24,108,28.0,112.0,5.123429298400879,5.182436943054199,-0.05900764465332031
s_oyster_4,resnet50_geirhos_tl,8,4,24,112,28.0,116.0,5.123429298400879,5.156771659851074,-0.03334236145019531
s_oyster_4,resnet50_geirhos_tl,8,4,24,116,28.0,120.0,5.123429298400879,5.210737705230713,-0.08730840682983398
s_oyster_4,resnet50_geirhos_tl,8,4,24,120,28.0,124.0,5.123429298400879,5.141446113586426,-0.018016815185546875
s_oyster_4,resnet50_geirhos_tl,8,4,24,124,28.0,128.0,5.123429298400879,5.12307071685791,0.00035858154296875
s_oyster_4,resnet50_geirhos_tl,8,4,24,128,28.0,132.0,5.123429298400879,5.1224775314331055,0.0009517669677734375
s_oyster_4,resnet50_geirhos_tl,8,4,24,132,28.0,136.0,5.123429298400879,5.143346786499023,-0.01991748809814453
s_oyster_4,resnet50_geirhos_tl,8,4,24,136,28.0,140.0,5.123429298400879,5.158888816833496,-0.03545951843261719
s_oyster_4,resnet50_geirhos_tl,8,4,24,140,28.0,144.0,5.123429298400879,5.15198278427124,-0.028553485870361328
s_oyster_4,resnet50_geirhos_tl,8,4,24,144,28.0,148.0,5.123429298400879,5.155874252319336,-0.03244495391845703
s_oyster_4,resnet50_geirhos_tl,8,4,24,148,28.0,152.0,5.123429298400879,5.134266376495361,-0.010837078094482422
s_oyster_4,resnet50_geirhos_tl,8,4,24,152,28.0,156.0,5.123429298400879,5.134820461273193,-0.011391162872314453
s_oyster_4,resnet50_geirhos_tl,8,4,24,156,28.0,160.0,5.123429298400879,5.09868860244751,0.02474069595336914
s_oyster_4,resnet50_geirhos_tl,8,4,24,160,28.0,164.0,5.123429298400879,5.111145973205566,0.0122833251953125
s_oyster_4,resnet50_geirhos_tl,8,4,24,164,28.0,168.0,5.123429298400879,5.117961883544922,0.005467414855957031
s_oyster_4,resnet50_geirhos_tl,8,4,24,168,28.0,172.0,5.123429298400879,5.1547160148620605,-0.03128671646118164
s_oyster_4,resnet50_geirhos_tl,8,4,24,172,28.0,176.0,5.123429298400879,5.1382246017456055,-0.014795303344726562
s_oyster_4,resnet50_geirhos_tl,8,4,24,176,28.0,180.0,5.123429298400879,5.097147464752197,0.02628183364868164
s_oyster_4,resnet50_geirhos_tl,8,4,24,180,28.0,184.0,5.123429298400879,5.055134296417236,0.06829500198364258
s_oyster_4,resnet50_geirhos_tl,8,4,24,184,28.0,188.0,5.123429298400879,5.052523612976074,0.07090568542480469
s_oyster_4,resnet50_geirhos_tl,8,4,24,188,28.0,192.0,5.123429298400879,5.094348430633545,0.029080867767333984
s_oyster_4,resnet50_geirhos_tl,8,4,24,192,28.0,196.0,5.123429298400879,5.114727020263672,0.008702278137207031
s_oyster_4,resnet50_geirhos_tl,8,4,24,196,28.0,200.0,5.123429298400879,5.1429443359375,-0.019515037536621094
s_oyster_4,resnet50_geirhos_tl,8,4,24,200,28.0,204.0,5.123429298400879,5.161401748657227,-0.037972450256347656
s_oyster_4,resnet50_geirhos_tl,8,4,24,204,28.0,208.0,5.123429298400879,5.140646934509277,-0.017217636108398438
s_oyster_4,resnet50_geirhos_tl,8,4,24,208,28.0,212.0,5.123429298400879,5.1218061447143555,0.0016231536865234375
s_oyster_4,resnet50_geirhos_tl,8,4,24,212,28.0,216.0,5.123429298400879,5.127119064331055,-0.0036897659301757812
s_oyster_4,resnet50_geirhos_tl,8,4,24,216,28.0,220.0,5.123429298400879,5.121240615844727,0.0021886825561523438
s_oyster_4,resnet50_geirhos_tl,8,4,28,0,32.0,4.0,5.123429298400879,5.116438388824463,0.006990909576416016
s_oyster_4,resnet50_geirhos_tl,8,4,28,4,32.0,8.0,5.123429298400879,5.114372730255127,0.009056568145751953
s_oyster_4,resnet50_geirhos_tl,8,4,28,8,32.0,12.0,5.123429298400879,5.126641273498535,-0.00321197509765625
s_oyster_4,resnet50_geirhos_tl,8,4,28,12,32.0,16.0,5.123429298400879,5.149553298950195,-0.026124000549316406
s_oyster_4,resnet50_geirhos_tl,8,4,28,16,32.0,20.0,5.123429298400879,5.209465980529785,-0.08603668212890625
s_oyster_4,resnet50_geirhos_tl,8,4,28,20,32.0,24.0,5.123429298400879,5.24757719039917,-0.12414789199829102
s_oyster_4,resnet50_geirhos_tl,8,4,28,24,32.0,28.0,5.123429298400879,5.236869812011719,-0.11344051361083984
s_oyster_4,resnet50_geirhos_tl,8,4,28,28,32.0,32.0,5.123429298400879,5.24150276184082,-0.1180734634399414
s_oyster_4,resnet50_geirhos_tl,8,4,28,32,32.0,36.0,5.123429298400879,5.242299556732178,-0.11887025833129883
s_oyster_4,resnet50_geirhos_tl,8,4,28,36,32.0,40.0,5.123429298400879,5.2781147956848145,-0.15468549728393555
s_oyster_4,resnet50_geirhos_tl,8,4,28,40,32.0,44.0,5.123429298400879,5.251302719116211,-0.12787342071533203
s_oyster_4,resnet50_geirhos_tl,8,4,28,44,32.0,48.0,5.123429298400879,5.243283271789551,-0.11985397338867188
s_oyster_4,resnet50_geirhos_tl,8,4,28,48,32.0,52.0,5.123429298400879,5.234920501708984,-0.11149120330810547
s_oyster_4,resnet50_geirhos_tl,8,4,28,52,32.0,56.0,5.123429298400879,5.264208793640137,-0.1407794952392578
s_oyster_4,resnet50_geirhos_tl,8,4,28,56,32.0,60.0,5.123429298400879,5.280099391937256,-0.15667009353637695
s_oyster_4,resnet50_geirhos_tl,8,4,28,60,32.0,64.0,5.123429298400879,5.250147819519043,-0.12671852111816406
s_oyster_4,resnet50_geirhos_tl,8,4,28,64,32.0,68.0,5.123429298400879,5.227841854095459,-0.10441255569458008
s_oyster_4,resnet50_geirhos_tl,8,4,28,68,32.0,72.0,5.123429298400879,5.2723469734191895,-0.14891767501831055
s_oyster_4,resnet50_geirhos_tl,8,4,28,72,32.0,76.0,5.123429298400879,5.277138710021973,-0.15370941162109375
s_oyster_4,resnet50_geirhos_tl,8,4,28,76,32.0,80.0,5.123429298400879,5.299130916595459,-0.17570161819458008
s_oyster_4,resnet50_geirhos_tl,8,4,28,80,32.0,84.0,5.123429298400879,5.3086256980896,-0.1851963996887207
s_oyster_4,resnet50_geirhos_tl,8,4,28,84,32.0,88.0,5.123429298400879,5.264245986938477,-0.14081668853759766
s_oyster_4,resnet50_geirhos_tl,8,4,28,88,32.0,92.0,5.123429298400879,5.165641784667969,-0.042212486267089844
s_oyster_4,resnet50_geirhos_tl,8,4,28,92,32.0,96.0,5.123429298400879,5.1440629959106445,-0.020633697509765625
s_oyster_4,resnet50_geirhos_tl,8,4,28,96,32.0,100.0,5.123429298400879,5.19003438949585,-0.0666050910949707
s_oyster_4,resnet50_geirhos_tl,8,4,28,100,32.0,104.0,5.123429298400879,5.172626972198486,-0.04919767379760742
s_oyster_4,resnet50_geirhos_tl,8,4,28,104,32.0,108.0,5.123429298400879,5.207624435424805,-0.08419513702392578
s_oyster_4,resnet50_geirhos_tl,8,4,28,108,32.0,112.0,5.123429298400879,5.2134809494018555,-0.09005165100097656
s_oyster_4,resnet50_geirhos_tl,8,4,28,112,32.0,116.0,5.123429298400879,5.20761251449585,-0.0841832160949707
s_oyster_4,resnet50_geirhos_tl,8,4,28,116,32.0,120.0,5.123429298400879,5.175735950469971,-0.0523066520690918
s_oyster_4,resnet50_geirhos_tl,8,4,28,120,32.0,124.0,5.123429298400879,5.18233060836792,-0.058901309967041016
s_oyster_4,resnet50_geirhos_tl,8,4,28,124,32.0,128.0,5.123429298400879,5.183618545532227,-0.060189247131347656
s_oyster_4,resnet50_geirhos_tl,8,4,28,128,32.0,132.0,5.123429298400879,5.164388179779053,-0.04095888137817383
s_oyster_4,resnet50_geirhos_tl,8,4,28,132,32.0,136.0,5.123429298400879,5.177672863006592,-0.05424356460571289
s_oyster_4,resnet50_geirhos_tl,8,4,28,136,32.0,140.0,5.123429298400879,5.112795352935791,0.01063394546508789
s_oyster_4,resnet50_geirhos_tl,8,4,28,140,32.0,144.0,5.123429298400879,5.068050384521484,0.05537891387939453
s_oyster_4,resnet50_geirhos_tl,8,4,28,144,32.0,148.0,5.123429298400879,5.0736589431762695,0.049770355224609375
s_oyster_4,resnet50_geirhos_tl,8,4,28,148,32.0,152.0,5.123429298400879,5.095099925994873,0.02832937240600586
s_oyster_4,resnet50_geirhos_tl,8,4,28,152,32.0,156.0,5.123429298400879,5.079206466674805,0.04422283172607422
s_oyster_4,resnet50_geirhos_tl,8,4,28,156,32.0,160.0,5.123429298400879,5.054091930389404,0.06933736801147461
s_oyster_4,resnet50_geirhos_tl,8,4,28,160,32.0,164.0,5.123429298400879,5.058848857879639,0.06458044052124023
s_oyster_4,resnet50_geirhos_tl,8,4,28,164,32.0,168.0,5.123429298400879,5.0684967041015625,0.054932594299316406
s_oyster_4,resnet50_geirhos_tl,8,4,28,168,32.0,172.0,5.123429298400879,5.055700778961182,0.06772851943969727
s_oyster_4,resnet50_geirhos_tl,8,4,28,172,32.0,176.0,5.123429298400879,5.037871837615967,0.08555746078491211
s_oyster_4,resnet50_geirhos_tl,8,4,28,176,32.0,180.0,5.123429298400879,5.008008003234863,0.11542129516601562
s_oyster_4,resnet50_geirhos_tl,8,4,28,180,32.0,184.0,5.123429298400879,5.033506393432617,0.08992290496826172
s_oyster_4,resnet50_geirhos_tl,8,4,28,184,32.0,188.0,5.123429298400879,5.023931980133057,0.09949731826782227
s_oyster_4,resnet50_geirhos_tl,8,4,28,188,32.0,192.0,5.123429298400879,5.01387882232666,0.10955047607421875
s_oyster_4,resnet50_geirhos_tl,8,4,28,192,32.0,196.0,5.123429298400879,5.036192417144775,0.08723688125610352
s_oyster_4,resnet50_geirhos_tl,8,4,28,196,32.0,200.0,5.123429298400879,5.057587623596191,0.0658416748046875
s_oyster_4,resnet50_geirhos_tl,8,4,28,200,32.0,204.0,5.123429298400879,5.095925807952881,0.027503490447998047
s_oyster_4,resnet50_geirhos_tl,8,4,28,204,32.0,208.0,5.123429298400879,5.062590599060059,0.06083869934082031
s_oyster_4,resnet50_geirhos_tl,8,4,28,208,32.0,212.0,5.123429298400879,5.071767807006836,0.05166149139404297
s_oyster_4,resnet50_geirhos_tl,8,4,28,212,32.0,216.0,5.123429298400879,5.095162391662598,0.02826690673828125
s_oyster_4,resnet50_geirhos_tl,8,4,28,216,32.0,220.0,5.123429298400879,5.09446907043457,0.028960227966308594
s_oyster_4,resnet50_geirhos_tl,8,4,32,0,36.0,4.0,5.123429298400879,5.110231399536133,0.013197898864746094
s_oyster_4,resnet50_geirhos_tl,8,4,32,4,36.0,8.0,5.123429298400879,5.129933834075928,-0.006504535675048828
s_oyster_4,resnet50_geirhos_tl,8,4,32,8,36.0,12.0,5.123429298400879,5.15265417098999,-0.029224872589111328
s_oyster_4,resnet50_geirhos_tl,8,4,32,12,36.0,16.0,5.123429298400879,5.160707950592041,-0.03727865219116211
s_oyster_4,resnet50_geirhos_tl,8,4,32,16,36.0,20.0,5.123429298400879,5.239424705505371,-0.11599540710449219
s_oyster_4,resnet50_geirhos_tl,8,4,32,20,36.0,24.0,5.123429298400879,5.243215560913086,-0.11978626251220703
s_oyster_4,resnet50_geirhos_tl,8,4,32,24,36.0,28.0,5.123429298400879,5.218282222747803,-0.09485292434692383
s_oyster_4,resnet50_geirhos_tl,8,4,32,28,36.0,32.0,5.123429298400879,5.19169807434082,-0.0682687759399414
s_oyster_4,resnet50_geirhos_tl,8,4,32,32,36.0,36.0,5.123429298400879,5.2477922439575195,-0.12436294555664062
s_oyster_4,resnet50_geirhos_tl,8,4,32,36,36.0,40.0,5.123429298400879,5.226665496826172,-0.10323619842529297
s_oyster_4,resnet50_geirhos_tl,8,4,32,40,36.0,44.0,5.123429298400879,5.245226860046387,-0.12179756164550781
s_oyster_4,resnet50_geirhos_tl,8,4,32,44,36.0,48.0,5.123429298400879,5.217554092407227,-0.09412479400634766
s_oyster_4,resnet50_geirhos_tl,8,4,32,48,36.0,52.0,5.123429298400879,5.245712757110596,-0.1222834587097168
s_oyster_4,resnet50_geirhos_tl,8,4,32,52,36.0,56.0,5.123429298400879,5.263916969299316,-0.1404876708984375
s_oyster_4,resnet50_geirhos_tl,8,4,32,56,36.0,60.0,5.123429298400879,5.305774688720703,-0.18234539031982422
s_oyster_4,resnet50_geirhos_tl,8,4,32,60,36.0,64.0,5.123429298400879,5.301401138305664,-0.17797183990478516
s_oyster_4,resnet50_geirhos_tl,8,4,32,64,36.0,68.0,5.123429298400879,5.314869403839111,-0.19144010543823242
s_oyster_4,resnet50_geirhos_tl,8,4,32,68,36.0,72.0,5.123429298400879,5.326191425323486,-0.20276212692260742
s_oyster_4,resnet50_geirhos_tl,8,4,32,72,36.0,76.0,5.123429298400879,5.305296421051025,-0.18186712265014648
s_oyster_4,resnet50_geirhos_tl,8,4,32,76,36.0,80.0,5.123429298400879,5.2273759841918945,-0.10394668579101562
s_oyster_4,resnet50_geirhos_tl,8,4,32,80,36.0,84.0,5.123429298400879,5.170197010040283,-0.0467677116394043
s_oyster_4,resnet50_geirhos_tl,8,4,32,84,36.0,88.0,5.123429298400879,5.17696475982666,-0.05353546142578125
s_oyster_4,resnet50_geirhos_tl,8,4,32,88,36.0,92.0,5.123429298400879,5.150123596191406,-0.026694297790527344
s_oyster_4,resnet50_geirhos_tl,8,4,32,92,36.0,96.0,5.123429298400879,5.18590784072876,-0.06247854232788086
s_oyster_4,resnet50_geirhos_tl,8,4,32,96,36.0,100.0,5.123429298400879,5.195655822753906,-0.07222652435302734
s_oyster_4,resnet50_geirhos_tl,8,4,32,100,36.0,104.0,5.123429298400879,5.160401821136475,-0.0369725227355957
s_oyster_4,resnet50_geirhos_tl,8,4,32,104,36.0,108.0,5.123429298400879,5.173823833465576,-0.050394535064697266
s_oyster_4,resnet50_geirhos_tl,8,4,32,108,36.0,112.0,5.123429298400879,5.183277606964111,-0.05984830856323242
s_oyster_4,resnet50_geirhos_tl,8,4,32,112,36.0,116.0,5.123429298400879,5.214724063873291,-0.09129476547241211
s_oyster_4,resnet50_geirhos_tl,8,4,32,116,36.0,120.0,5.123429298400879,5.168179035186768,-0.04474973678588867
s_oyster_4,resnet50_geirhos_tl,8,4,32,120,36.0,124.0,5.123429298400879,5.186465740203857,-0.06303644180297852
s_oyster_4,resnet50_geirhos_tl,8,4,32,124,36.0,128.0,5.123429298400879,5.15574312210083,-0.03231382369995117
s_oyster_4,resnet50_geirhos_tl,8,4,32,128,36.0,132.0,5.123429298400879,5.183880805969238,-0.060451507568359375
s_oyster_4,resnet50_geirhos_tl,8,4,32,132,36.0,136.0,5.123429298400879,5.175640106201172,-0.05221080780029297
s_oyster_4,resnet50_geirhos_tl,8,4,32,136,36.0,140.0,5.123429298400879,5.135657787322998,-0.01222848892211914
s_oyster_4,resnet50_geirhos_tl,8,4,32,140,36.0,144.0,5.123429298400879,5.014425754547119,0.10900354385375977
s_oyster_4,resnet50_geirhos_tl,8,4,32,144,36.0,148.0,5.123429298400879,5.0016889572143555,0.12174034118652344
s_oyster_4,resnet50_geirhos_tl,8,4,32,148,36.0,152.0,5.123429298400879,4.9751386642456055,0.14829063415527344
s_oyster_4,resnet50_geirhos_tl,8,4,32,152,36.0,156.0,5.123429298400879,4.970340251922607,0.15308904647827148
s_oyster_4,resnet50_geirhos_tl,8,4,32,156,36.0,160.0,5.123429298400879,4.967942714691162,0.1554865837097168
s_oyster_4,resnet50_geirhos_tl,8,4,32,160,36.0,164.0,5.123429298400879,4.997915744781494,0.12551355361938477
s_oyster_4,resnet50_geirhos_tl,8,4,32,164,36.0,168.0,5.123429298400879,5.011170864105225,0.1122584342956543
s_oyster_4,resnet50_geirhos_tl,8,4,32,168,36.0,172.0,5.123429298400879,5.017173767089844,0.10625553131103516
s_oyster_4,resnet50_geirhos_tl,8,4,32,172,36.0,176.0,5.123429298400879,5.023613929748535,0.09981536865234375
s_oyster_4,resnet50_geirhos_tl,8,4,32,176,36.0,180.0,5.123429298400879,4.974884986877441,0.1485443115234375
s_oyster_4,resnet50_geirhos_tl,8,4,32,180,36.0,184.0,5.123429298400879,5.02677059173584,0.09665870666503906
s_oyster_4,resnet50_geirhos_tl,8,4,32,184,36.0,188.0,5.123429298400879,5.018031597137451,0.10539770126342773
s_oyster_4,resnet50_geirhos_tl,8,4,32,188,36.0,192.0,5.123429298400879,5.016080856323242,0.10734844207763672
s_oyster_4,resnet50_geirhos_tl,8,4,32,192,36.0,196.0,5.123429298400879,5.032556533813477,0.09087276458740234
s_oyster_4,resnet50_geirhos_tl,8,4,32,196,36.0,200.0,5.123429298400879,5.0517730712890625,0.0716562271118164
s_oyster_4,resnet50_geirhos_tl,8,4,32,200,36.0,204.0,5.123429298400879,5.072076797485352,0.051352500915527344
s_oyster_4,resnet50_geirhos_tl,8,4,32,204,36.0,208.0,5.123429298400879,5.04249382019043,0.08093547821044922
s_oyster_4,resnet50_geirhos_tl,8,4,32,208,36.0,212.0,5.123429298400879,5.030906677246094,0.09252262115478516
s_oyster_4,resnet50_geirhos_tl,8,4,32,212,36.0,216.0,5.123429298400879,5.089534759521484,0.03389453887939453
s_oyster_4,resnet50_geirhos_tl,8,4,32,216,36.0,220.0,5.123429298400879,5.093540191650391,0.02988910675048828
s_oyster_4,resnet50_geirhos_tl,8,4,36,0,40.0,4.0,5.123429298400879,5.079874515533447,0.04355478286743164
s_oyster_4,resnet50_geirhos_tl,8,4,36,4,40.0,8.0,5.123429298400879,5.162215709686279,-0.03878641128540039
s_oyster_4,resnet50_geirhos_tl,8,4,36,8,40.0,12.0,5.123429298400879,5.141252517700195,-0.017823219299316406
s_oyster_4,resnet50_geirhos_tl,8,4,36,12,40.0,16.0,5.123429298400879,5.1139631271362305,0.009466171264648438
s_oyster_4,resnet50_geirhos_tl,8,4,36,16,40.0,20.0,5.123429298400879,5.205405235290527,-0.08197593688964844
s_oyster_4,resnet50_geirhos_tl,8,4,36,20,40.0,24.0,5.123429298400879,5.268610954284668,-0.14518165588378906
s_oyster_4,resnet50_geirhos_tl,8,4,36,24,40.0,28.0,5.123429298400879,5.227639198303223,-0.10420989990234375
s_oyster_4,resnet50_geirhos_tl,8,4,36,28,40.0,32.0,5.123429298400879,5.176135063171387,-0.05270576477050781
s_oyster_4,resnet50_geirhos_tl,8,4,36,32,40.0,36.0,5.123429298400879,5.173609733581543,-0.05018043518066406
s_oyster_4,resnet50_geirhos_tl,8,4,36,36,40.0,40.0,5.123429298400879,5.219720840454102,-0.09629154205322266
s_oyster_4,resnet50_geirhos_tl,8,4,36,40,40.0,44.0,5.123429298400879,5.223522663116455,-0.10009336471557617
s_oyster_4,resnet50_geirhos_tl,8,4,36,44,40.0,48.0,5.123429298400879,5.175189971923828,-0.05176067352294922
s_oyster_4,resnet50_geirhos_tl,8,4,36,48,40.0,52.0,5.123429298400879,5.207935333251953,-0.08450603485107422
s_oyster_4,resnet50_geirhos_tl,8,4,36,52,40.0,56.0,5.123429298400879,5.244497299194336,-0.12106800079345703
s_oyster_4,resnet50_geirhos_tl,8,4,36,56,40.0,60.0,5.123429298400879,5.296949863433838,-0.17352056503295898
s_oyster_4,resnet50_geirhos_tl,8,4,36,60,40.0,64.0,5.123429298400879,5.3051958084106445,-0.18176651000976562
s_oyster_4,resnet50_geirhos_tl,8,4,36,64,40.0,68.0,5.123429298400879,5.2852373123168945,-0.16180801391601562
s_oyster_4,resnet50_geirhos_tl,8,4,36,68,40.0,72.0,5.123429298400879,5.269704341888428,-0.14627504348754883
s_oyster_4,resnet50_geirhos_tl,8,4,36,72,40.0,76.0,5.123429298400879,5.2097554206848145,-0.08632612228393555
s_oyster_4,resnet50_geirhos_tl,8,4,36,76,40.0,80.0,5.123429298400879,5.1924967765808105,-0.06906747817993164
s_oyster_4,resnet50_geirhos_tl,8,4,36,80,40.0,84.0,5.123429298400879,5.1308722496032715,-0.007442951202392578
s_oyster_4,resnet50_geirhos_tl,8,4,36,84,40.0,88.0,5.123429298400879,5.187826156616211,-0.06439685821533203
s_oyster_4,resnet50_geirhos_tl,8,4,36,88,40.0,92.0,5.123429298400879,5.203486919403076,-0.08005762100219727
s_oyster_4,resnet50_geirhos_tl,8,4,36,92,40.0,96.0,5.123429298400879,5.244539260864258,-0.1211099624633789
s_oyster_4,resnet50_geirhos_tl,8,4,36,96,40.0,100.0,5.123429298400879,5.282186985015869,-0.15875768661499023
s_oyster_4,resnet50_geirhos_tl,8,4,36,100,40.0,104.0,5.123429298400879,5.2870988845825195,-0.16366958618164062
s_oyster_4,resnet50_geirhos_tl,8,4,36,104,40.0,108.0,5.123429298400879,5.249841690063477,-0.12641239166259766
s_oyster_4,resnet50_geirhos_tl,8,4,36,108,40.0,112.0,5.123429298400879,5.214698314666748,-0.09126901626586914
s_oyster_4,resnet50_geirhos_tl,8,4,36,112,40.0,116.0,5.123429298400879,5.234128475189209,-0.11069917678833008
s_oyster_4,resnet50_geirhos_tl,8,4,36,116,40.0,120.0,5.123429298400879,5.202630519866943,-0.07920122146606445
s_oyster_4,resnet50_geirhos_tl,8,4,36,120,40.0,124.0,5.123429298400879,5.1788740158081055,-0.05544471740722656
s_oyster_4,resnet50_geirhos_tl,8,4,36,124,40.0,128.0,5.123429298400879,5.159185409545898,-0.03575611114501953
s_oyster_4,resnet50_geirhos_tl,8,4,36,128,40.0,132.0,5.123429298400879,5.131504535675049,-0.008075237274169922
s_oyster_4,resnet50_geirhos_tl,8,4,36,132,40.0,136.0,5.123429298400879,5.127656936645508,-0.004227638244628906
s_oyster_4,resnet50_geirhos_tl,8,4,36,136,40.0,140.0,5.123429298400879,5.067809104919434,0.05562019348144531
s_oyster_4,resnet50_geirhos_tl,8,4,36,140,40.0,144.0,5.123429298400879,4.941964149475098,0.18146514892578125
s_oyster_4,resnet50_geirhos_tl,8,4,36,144,40.0,148.0,5.123429298400879,4.936971664428711,0.18645763397216797
s_oyster_4,resnet50_geirhos_tl,8,4,36,148,40.0,152.0,5.123429298400879,4.899178981781006,0.22425031661987305
s_oyster_4,resnet50_geirhos_tl,8,4,36,152,40.0,156.0,5.123429298400879,4.981177806854248,0.14225149154663086
s_oyster_4,resnet50_geirhos_tl,8,4,36,156,40.0,160.0,5.123429298400879,4.9696044921875,0.1538248062133789
s_oyster_4,resnet50_geirhos_tl,8,4,36,160,40.0,164.0,5.123429298400879,4.993351936340332,0.13007736206054688
s_oyster_4,resnet50_geirhos_tl,8,4,36,164,40.0,168.0,5.123429298400879,4.967270374298096,0.1561589241027832
s_oyster_4,resnet50_geirhos_tl,8,4,36,168,40.0,172.0,5.123429298400879,5.006636619567871,0.11679267883300781
s_oyster_4,resnet50_geirhos_tl,8,4,36,172,40.0,176.0,5.123429298400879,4.985208988189697,0.13822031021118164
s_oyster_4,resnet50_geirhos_tl,8,4,36,176,40.0,180.0,5.123429298400879,4.924280643463135,0.19914865493774414
s_oyster_4,resnet50_geirhos_tl,8,4,36,180,40.0,184.0,5.123429298400879,4.914251327514648,0.20917797088623047
s_oyster_4,resnet50_geirhos_tl,8,4,36,184,40.0,188.0,5.123429298400879,4.962282180786133,0.1611471176147461
s_oyster_4,resnet50_geirhos_tl,8,4,36,188,40.0,192.0,5.123429298400879,4.97804069519043,0.14538860321044922
s_oyster_4,resnet50_geirhos_tl,8,4,36,192,40.0,196.0,5.123429298400879,4.9931745529174805,0.13025474548339844
s_oyster_4,resnet50_geirhos_tl,8,4,36,196,40.0,200.0,5.123429298400879,5.024784088134766,0.09864521026611328
s_oyster_4,resnet50_geirhos_tl,8,4,36,200,40.0,204.0,5.123429298400879,5.072971820831299,0.05045747756958008
s_oyster_4,resnet50_geirhos_tl,8,4,36,204,40.0,208.0,5.123429298400879,5.052278518676758,0.0711507797241211
s_oyster_4,resnet50_geirhos_tl,8,4,36,208,40.0,212.0,5.123429298400879,5.006676197052002,0.11675310134887695
s_oyster_4,resnet50_geirhos_tl,8,4,36,212,40.0,216.0,5.123429298400879,5.073909282684326,0.049520015716552734
s_oyster_4,resnet50_geirhos_tl,8,4,36,216,40.0,220.0,5.123429298400879,5.088925361633301,0.034503936767578125
s_oyster_4,resnet50_geirhos_tl,8,4,40,0,44.0,4.0,5.123429298400879,5.073147773742676,0.050281524658203125
s_oyster_4,resnet50_geirhos_tl,8,4,40,4,44.0,8.0,5.123429298400879,5.1472601890563965,-0.023830890655517578
s_oyster_4,resnet50_geirhos_tl,8,4,40,8,44.0,12.0,5.123429298400879,5.109752655029297,0.013676643371582031
s_oyster_4,resnet50_geirhos_tl,8,4,40,12,44.0,16.0,5.123429298400879,5.096115589141846,0.027313709259033203
s_oyster_4,resnet50_geirhos_tl,8,4,40,16,44.0,20.0,5.123429298400879,5.153203964233398,-0.02977466583251953
s_oyster_4,resnet50_geirhos_tl,8,4,40,20,44.0,24.0,5.123429298400879,5.187704563140869,-0.06427526473999023
s_oyster_4,resnet50_geirhos_tl,8,4,40,24,44.0,28.0,5.123429298400879,5.193253040313721,-0.0698237419128418
s_oyster_4,resnet50_geirhos_tl,8,4,40,28,44.0,32.0,5.123429298400879,5.212734222412109,-0.08930492401123047
s_oyster_4,resnet50_geirhos_tl,8,4,40,32,44.0,36.0,5.123429298400879,5.196220874786377,-0.07279157638549805
s_oyster_4,resnet50_geirhos_tl,8,4,40,36,44.0,40.0,5.123429298400879,5.214040756225586,-0.09061145782470703
s_oyster_4,resnet50_geirhos_tl,8,4,40,40,44.0,44.0,5.123429298400879,5.242048263549805,-0.11861896514892578
s_oyster_4,resnet50_geirhos_tl,8,4,40,44,44.0,48.0,5.123429298400879,5.213516712188721,-0.0900874137878418
s_oyster_4,resnet50_geirhos_tl,8,4,40,48,44.0,52.0,5.123429298400879,5.2649712562561035,-0.1415419578552246
s_oyster_4,resnet50_geirhos_tl,8,4,40,52,44.0,56.0,5.123429298400879,5.209394931793213,-0.08596563339233398
s_oyster_4,resnet50_geirhos_tl,8,4,40,56,44.0,60.0,5.123429298400879,5.276383399963379,-0.1529541015625
s_oyster_4,resnet50_geirhos_tl,8,4,40,60,44.0,64.0,5.123429298400879,5.258337497711182,-0.13490819931030273
s_oyster_4,resnet50_geirhos_tl,8,4,40,64,44.0,68.0,5.123429298400879,5.258235454559326,-0.13480615615844727
s_oyster_4,resnet50_geirhos_tl,8,4,40,68,44.0,72.0,5.123429298400879,5.192055702209473,-0.06862640380859375
s_oyster_4,resnet50_geirhos_tl,8,4,40,72,44.0,76.0,5.123429298400879,5.1422343254089355,-0.01880502700805664
s_oyster_4,resnet50_geirhos_tl,8,4,40,76,44.0,80.0,5.123429298400879,5.1604814529418945,-0.037052154541015625
s_oyster_4,resnet50_geirhos_tl,8,4,40,80,44.0,84.0,5.123429298400879,5.241874694824219,-0.11844539642333984
s_oyster_4,resnet50_geirhos_tl,8,4,40,84,44.0,88.0,5.123429298400879,5.225489616394043,-0.10206031799316406
s_oyster_4,resnet50_geirhos_tl,8,4,40,88,44.0,92.0,5.123429298400879,5.307870864868164,-0.18444156646728516
s_oyster_4,resnet50_geirhos_tl,8,4,40,92,44.0,96.0,5.123429298400879,5.325173377990723,-0.20174407958984375
s_oyster_4,resnet50_geirhos_tl,8,4,40,96,44.0,100.0,5.123429298400879,5.323411464691162,-0.1999821662902832
s_oyster_4,resnet50_geirhos_tl,8,4,40,100,44.0,104.0,5.123429298400879,5.309618949890137,-0.1861896514892578
s_oyster_4,resnet50_geirhos_tl,8,4,40,104,44.0,108.0,5.123429298400879,5.294282913208008,-0.1708536148071289
s_oyster_4,resnet50_geirhos_tl,8,4,40,108,44.0,112.0,5.123429298400879,5.271874904632568,-0.14844560623168945
s_oyster_4,resnet50_geirhos_tl,8,4,40,112,44.0,116.0,5.123429298400879,5.269153118133545,-0.14572381973266602
s_oyster_4,resnet50_geirhos_tl,8,4,40,116,44.0,120.0,5.123429298400879,5.217615604400635,-0.09418630599975586
s_oyster_4,resnet50_geirhos_tl,8,4,40,120,44.0,124.0,5.123429298400879,5.172561168670654,-0.04913187026977539
s_oyster_4,resnet50_geirhos_tl,8,4,40,124,44.0,128.0,5.123429298400879,5.11478853225708,0.008640766143798828
s_oyster_4,resnet50_geirhos_tl,8,4,40,128,44.0,132.0,5.123429298400879,5.089267730712891,0.03416156768798828
s_oyster_4,resnet50_geirhos_tl,8,4,40,132,44.0,136.0,5.123429298400879,5.017515182495117,0.10591411590576172
s_oyster_4,resnet50_geirhos_tl,8,4,40,136,44.0,140.0,5.123429298400879,4.908759117126465,0.21467018127441406
s_oyster_4,resnet50_geirhos_tl,8,4,40,140,44.0,144.0,5.123429298400879,4.821028232574463,0.302401065826416
s_oyster_4,resnet50_geirhos_tl,8,4,40,144,44.0,148.0,5.123429298400879,4.845070838928223,0.27835845947265625
s_oyster_4,resnet50_geirhos_tl,8,4,40,148,44.0,152.0,5.123429298400879,4.8260698318481445,0.2973594665527344
s_oyster_4,resnet50_geirhos_tl,8,4,40,152,44.0,156.0,5.123429298400879,4.8281779289245605,0.29525136947631836
s_oyster_4,resnet50_geirhos_tl,8,4,40,156,44.0,160.0,5.123429298400879,4.821101188659668,0.30232810974121094
s_oyster_4,resnet50_geirhos_tl,8,4,40,160,44.0,164.0,5.123429298400879,4.780664443969727,0.34276485443115234
s_oyster_4,resnet50_geirhos_tl,8,4,40,164,44.0,168.0,5.123429298400879,4.807837963104248,0.31559133529663086
s_oyster_4,resnet50_geirhos_tl,8,4,40,168,44.0,172.0,5.123429298400879,4.815978527069092,0.3074507713317871
s_oyster_4,resnet50_geirhos_tl,8,4,40,172,44.0,176.0,5.123429298400879,4.923672676086426,0.19975662231445312
s_oyster_4,resnet50_geirhos_tl,8,4,40,176,44.0,180.0,5.123429298400879,4.8268938064575195,0.2965354919433594
s_oyster_4,resnet50_geirhos_tl,8,4,40,180,44.0,184.0,5.123429298400879,4.874390602111816,0.2490386962890625
s_oyster_4,resnet50_geirhos_tl,8,4,40,184,44.0,188.0,5.123429298400879,4.882058143615723,0.24137115478515625
s_oyster_4,resnet50_geirhos_tl,8,4,40,188,44.0,192.0,5.123429298400879,4.955043315887451,0.16838598251342773
s_oyster_4,resnet50_geirhos_tl,8,4,40,192,44.0,196.0,5.123429298400879,4.991394996643066,0.1320343017578125
s_oyster_4,resnet50_geirhos_tl,8,4,40,196,44.0,200.0,5.123429298400879,5.01886510848999,0.10456418991088867
s_oyster_4,resnet50_geirhos_tl,8,4,40,200,44.0,204.0,5.123429298400879,5.049764156341553,0.07366514205932617
s_oyster_4,resnet50_geirhos_tl,8,4,40,204,44.0,208.0,5.123429298400879,5.031161785125732,0.09226751327514648
s_oyster_4,resnet50_geirhos_tl,8,4,40,208,44.0,212.0,5.123429298400879,5.05681037902832,0.0666189193725586
s_oyster_4,resnet50_geirhos_tl,8,4,40,212,44.0,216.0,5.123429298400879,5.08776330947876,0.03566598892211914
s_oyster_4,resnet50_geirhos_tl,8,4,40,216,44.0,220.0,5.123429298400879,5.106536865234375,0.016892433166503906
s_oyster_4,resnet50_geirhos_tl,8,4,44,0,48.0,4.0,5.123429298400879,5.080637454986572,0.04279184341430664
s_oyster_4,resnet50_geirhos_tl,8,4,44,4,48.0,8.0,5.123429298400879,5.154858112335205,-0.03142881393432617
s_oyster_4,resnet50_geirhos_tl,8,4,44,8,48.0,12.0,5.123429298400879,5.108682632446289,0.014746665954589844
s_oyster_4,resnet50_geirhos_tl,8,4,44,12,48.0,16.0,5.123429298400879,5.099140644073486,0.024288654327392578
s_oyster_4,resnet50_geirhos_tl,8,4,44,16,48.0,20.0,5.123429298400879,5.153425693511963,-0.029996395111083984
s_oyster_4,resnet50_geirhos_tl,8,4,44,20,48.0,24.0,5.123429298400879,5.219488620758057,-0.09605932235717773
s_oyster_4,resnet50_geirhos_tl,8,4,44,24,48.0,28.0,5.123429298400879,5.226471900939941,-0.1030426025390625
s_oyster_4,resnet50_geirhos_tl,8,4,44,28,48.0,32.0,5.123429298400879,5.2469587326049805,-0.12352943420410156
s_oyster_4,resnet50_geirhos_tl,8,4,44,32,48.0,36.0,5.123429298400879,5.2326507568359375,-0.1092214584350586
s_oyster_4,resnet50_geirhos_tl,8,4,44,36,48.0,40.0,5.123429298400879,5.230066299438477,-0.10663700103759766
s_oyster_4,resnet50_geirhos_tl,8,4,44,40,48.0,44.0,5.123429298400879,5.26469087600708,-0.14126157760620117
s_oyster_4,resnet50_geirhos_tl,8,4,44,44,48.0,48.0,5.123429298400879,5.283113479614258,-0.1596841812133789
s_oyster_4,resnet50_geirhos_tl,8,4,44,48,48.0,52.0,5.123429298400879,5.28314733505249,-0.15971803665161133
s_oyster_4,resnet50_geirhos_tl,8,4,44,52,48.0,56.0,5.123429298400879,5.287350654602051,-0.16392135620117188
s_oyster_4,resnet50_geirhos_tl,8,4,44,56,48.0,60.0,5.123429298400879,5.256715297698975,-0.1332859992980957
s_oyster_4,resnet50_geirhos_tl,8,4,44,60,48.0,64.0,5.123429298400879,5.239358425140381,-0.11592912673950195
s_oyster_4,resnet50_geirhos_tl,8,4,44,64,48.0,68.0,5.123429298400879,5.214542865753174,-0.09111356735229492
s_oyster_4,resnet50_geirhos_tl,8,4,44,68,48.0,72.0,5.123429298400879,5.1756591796875,-0.052229881286621094
s_oyster_4,resnet50_geirhos_tl,8,4,44,72,48.0,76.0,5.123429298400879,5.115248680114746,0.008180618286132812
s_oyster_4,resnet50_geirhos_tl,8,4,44,76,48.0,80.0,5.123429298400879,5.214605331420898,-0.09117603302001953
s_oyster_4,resnet50_geirhos_tl,8,4,44,80,48.0,84.0,5.123429298400879,5.24485969543457,-0.1214303970336914
s_oyster_4,resnet50_geirhos_tl,8,4,44,84,48.0,88.0,5.123429298400879,5.311223030090332,-0.18779373168945312
s_oyster_4,resnet50_geirhos_tl,8,4,44,88,48.0,92.0,5.123429298400879,5.350109577178955,-0.22668027877807617
s_oyster_4,resnet50_geirhos_tl,8,4,44,92,48.0,96.0,5.123429298400879,5.35126256942749,-0.22783327102661133
s_oyster_4,resnet50_geirhos_tl,8,4,44,96,48.0,100.0,5.123429298400879,5.362227916717529,-0.2387986183166504
s_oyster_4,resnet50_geirhos_tl,8,4,44,100,48.0,104.0,5.123429298400879,5.385406017303467,-0.2619767189025879
s_oyster_4,resnet50_geirhos_tl,8,4,44,104,48.0,108.0,5.123429298400879,5.3249053955078125,-0.2014760971069336
s_oyster_4,resnet50_geirhos_tl,8,4,44,108,48.0,112.0,5.123429298400879,5.292647361755371,-0.1692180633544922
s_oyster_4,resnet50_geirhos_tl,8,4,44,112,48.0,116.0,5.123429298400879,5.319246292114258,-0.1958169937133789
s_oyster_4,resnet50_geirhos_tl,8,4,44,116,48.0,120.0,5.123429298400879,5.307697772979736,-0.18426847457885742
s_oyster_4,resnet50_geirhos_tl,8,4,44,120,48.0,124.0,5.123429298400879,5.172865390777588,-0.049436092376708984
s_oyster_4,resnet50_geirhos_tl,8,4,44,124,48.0,128.0,5.123429298400879,5.110827445983887,0.012601852416992188
s_oyster_4,resnet50_geirhos_tl,8,4,44,128,48.0,132.0,5.123429298400879,5.062835693359375,0.060593605041503906
s_oyster_4,resnet50_geirhos_tl,8,4,44,132,48.0,136.0,5.123429298400879,5.008993625640869,0.11443567276000977
s_oyster_4,resnet50_geirhos_tl,8,4,44,136,48.0,140.0,5.123429298400879,4.8930864334106445,0.23034286499023438
s_oyster_4,resnet50_geirhos_tl,8,4,44,140,48.0,144.0,5.123429298400879,4.824570178985596,0.2988591194152832
s_oyster_4,resnet50_geirhos_tl,8,4,44,144,48.0,148.0,5.123429298400879,4.936852931976318,0.18657636642456055
s_oyster_4,resnet50_geirhos_tl,8,4,44,148,48.0,152.0,5.123429298400879,4.825100898742676,0.2983283996582031
s_oyster_4,resnet50_geirhos_tl,8,4,44,152,48.0,156.0,5.123429298400879,4.86221170425415,0.2612175941467285
s_oyster_4,resnet50_geirhos_tl,8,4,44,156,48.0,160.0,5.123429298400879,4.798495769500732,0.3249335289001465
s_oyster_4,resnet50_geirhos_tl,8,4,44,160,48.0,164.0,5.123429298400879,4.795694351196289,0.32773494720458984
s_oyster_4,resnet50_geirhos_tl,8,4,44,164,48.0,168.0,5.123429298400879,4.762385845184326,0.36104345321655273
s_oyster_4,resnet50_geirhos_tl,8,4,44,168,48.0,172.0,5.123429298400879,4.777352333068848,0.34607696533203125
s_oyster_4,resnet50_geirhos_tl,8,4,44,172,48.0,176.0,5.123429298400879,4.784656524658203,0.3387727737426758
s_oyster_4,resnet50_geirhos_tl,8,4,44,176,48.0,180.0,5.123429298400879,4.790693283081055,0.3327360153198242
s_oyster_4,resnet50_geirhos_tl,8,4,44,180,48.0,184.0,5.123429298400879,4.866196632385254,0.257232666015625
s_oyster_4,resnet50_geirhos_tl,8,4,44,184,48.0,188.0,5.123429298400879,4.928652763366699,0.1947765350341797
s_oyster_4,resnet50_geirhos_tl,8,4,44,188,48.0,192.0,5.123429298400879,4.94291877746582,0.1805105209350586
s_oyster_4,resnet50_geirhos_tl,8,4,44,192,48.0,196.0,5.123429298400879,4.967949390411377,0.15547990798950195
s_oyster_4,resnet50_geirhos_tl,8,4,44,196,48.0,200.0,5.123429298400879,5.022864818572998,0.10056447982788086
s_oyster_4,resnet50_geirhos_tl,8,4,44,200,48.0,204.0,5.123429298400879,5.00408411026001,0.11934518814086914
s_oyster_4,resnet50_geirhos_tl,8,4,44,204,48.0,208.0,5.123429298400879,5.005642414093018,0.11778688430786133
s_oyster_4,resnet50_geirhos_tl,8,4,44,208,48.0,212.0,5.123429298400879,5.068041801452637,0.05538749694824219
s_oyster_4,resnet50_geirhos_tl,8,4,44,212,48.0,216.0,5.123429298400879,5.079495906829834,0.04393339157104492
s_oyster_4,resnet50_geirhos_tl,8,4,44,216,48.0,220.0,5.123429298400879,5.112751007080078,0.010678291320800781
s_oyster_4,resnet50_geirhos_tl,8,4,48,0,52.0,4.0,5.123429298400879,5.048346996307373,0.07508230209350586
s_oyster_4,resnet50_geirhos_tl,8,4,48,4,52.0,8.0,5.123429298400879,5.143610954284668,-0.020181655883789062
s_oyster_4,resnet50_geirhos_tl,8,4,48,8,52.0,12.0,5.123429298400879,5.150466442108154,-0.02703714370727539
s_oyster_4,resnet50_geirhos_tl,8,4,48,12,52.0,16.0,5.123429298400879,5.116693019866943,0.006736278533935547
s_oyster_4,resnet50_geirhos_tl,8,4,48,16,52.0,20.0,5.123429298400879,5.159357070922852,-0.035927772521972656
s_oyster_4,resnet50_geirhos_tl,8,4,48,20,52.0,24.0,5.123429298400879,5.224052906036377,-0.10062360763549805
s_oyster_4,resnet50_geirhos_tl,8,4,48,24,52.0,28.0,5.123429298400879,5.248351573944092,-0.12492227554321289
s_oyster_4,resnet50_geirhos_tl,8,4,48,28,52.0,32.0,5.123429298400879,5.271816253662109,-0.14838695526123047
s_oyster_4,resnet50_geirhos_tl,8,4,48,32,52.0,36.0,5.123429298400879,5.252839088439941,-0.1294097900390625
s_oyster_4,resnet50_geirhos_tl,8,4,48,36,52.0,40.0,5.123429298400879,5.253427505493164,-0.12999820709228516
s_oyster_4,resnet50_geirhos_tl,8,4,48,40,52.0,44.0,5.123429298400879,5.281827926635742,-0.15839862823486328
s_oyster_4,resnet50_geirhos_tl,8,4,48,44,52.0,48.0,5.123429298400879,5.271524429321289,-0.14809513092041016
s_oyster_4,resnet50_geirhos_tl,8,4,48,48,52.0,52.0,5.123429298400879,5.245100021362305,-0.12167072296142578
s_oyster_4,resnet50_geirhos_tl,8,4,48,52,52.0,56.0,5.123429298400879,5.227463245391846,-0.1040339469909668
s_oyster_4,resnet50_geirhos_tl,8,4,48,56,52.0,60.0,5.123429298400879,5.235377311706543,-0.11194801330566406
s_oyster_4,resnet50_geirhos_tl,8,4,48,60,52.0,64.0,5.123429298400879,5.187117099761963,-0.06368780136108398
s_oyster_4,resnet50_geirhos_tl,8,4,48,64,52.0,68.0,5.123429298400879,5.1212239265441895,0.002205371856689453
s_oyster_4,resnet50_geirhos_tl,8,4,48,68,52.0,72.0,5.123429298400879,5.139636993408203,-0.01620769500732422
s_oyster_4,resnet50_geirhos_tl,8,4,48,72,52.0,76.0,5.123429298400879,5.162629127502441,-0.0391998291015625
s_oyster_4,resnet50_geirhos_tl,8,4,48,76,52.0,80.0,5.123429298400879,5.198821544647217,-0.07539224624633789
s_oyster_4,resnet50_geirhos_tl,8,4,48,80,52.0,84.0,5.123429298400879,5.297791004180908,-0.1743617057800293
s_oyster_4,resnet50_geirhos_tl,8,4,48,84,52.0,88.0,5.123429298400879,5.303840637207031,-0.18041133880615234
s_oyster_4,resnet50_geirhos_tl,8,4,48,88,52.0,92.0,5.123429298400879,5.3996901512146,-0.2762608528137207
s_oyster_4,resnet50_geirhos_tl,8,4,48,92,52.0,96.0,5.123429298400879,5.4089555740356445,-0.2855262756347656
s_oyster_4,resnet50_geirhos_tl,8,4,48,96,52.0,100.0,5.123429298400879,5.361064910888672,-0.23763561248779297
s_oyster_4,resnet50_geirhos_tl,8,4,48,100,52.0,104.0,5.123429298400879,5.3763933181762695,-0.2529640197753906
s_oyster_4,resnet50_geirhos_tl,8,4,48,104,52.0,108.0,5.123429298400879,5.422451496124268,-0.29902219772338867
s_oyster_4,resnet50_geirhos_tl,8,4,48,108,52.0,112.0,5.123429298400879,5.355806350708008,-0.2323770523071289
s_oyster_4,resnet50_geirhos_tl,8,4,48,112,52.0,116.0,5.123429298400879,5.379049777984619,-0.25562047958374023
s_oyster_4,resnet50_geirhos_tl,8,4,48,116,52.0,120.0,5.123429298400879,5.343238353729248,-0.21980905532836914
s_oyster_4,resnet50_geirhos_tl,8,4,48,120,52.0,124.0,5.123429298400879,5.21225643157959,-0.08882713317871094
s_oyster_4,resnet50_geirhos_tl,8,4,48,124,52.0,128.0,5.123429298400879,5.071310043334961,0.05211925506591797
s_oyster_4,resnet50_geirhos_tl,8,4,48,128,52.0,132.0,5.123429298400879,5.031315803527832,0.09211349487304688
s_oyster_4,resnet50_geirhos_tl,8,4,48,132,52.0,136.0,5.123429298400879,4.9206156730651855,0.20281362533569336
s_oyster_4,resnet50_geirhos_tl,8,4,48,136,52.0,140.0,5.123429298400879,4.811770439147949,0.3116588592529297
s_oyster_4,resnet50_geirhos_tl,8,4,48,140,52.0,144.0,5.123429298400879,4.796839714050293,0.32658958435058594
s_oyster_4,resnet50_geirhos_tl,8,4,48,144,52.0,148.0,5.123429298400879,4.90088415145874,0.22254514694213867
s_oyster_4,resnet50_geirhos_tl,8,4,48,148,52.0,152.0,5.123429298400879,4.791347980499268,0.33208131790161133
s_oyster_4,resnet50_geirhos_tl,8,4,48,152,52.0,156.0,5.123429298400879,4.5941901206970215,0.5292391777038574
s_oyster_4,resnet50_geirhos_tl,8,4,48,156,52.0,160.0,5.123429298400879,4.646339416503906,0.47708988189697266
s_oyster_4,resnet50_geirhos_tl,8,4,48,160,52.0,164.0,5.123429298400879,4.623369216918945,0.5000600814819336
s_oyster_4,resnet50_geirhos_tl,8,4,48,164,52.0,168.0,5.123429298400879,4.623838901519775,0.4995903968811035
s_oyster_4,resnet50_geirhos_tl,8,4,48,168,52.0,172.0,5.123429298400879,4.530533313751221,0.5928959846496582
s_oyster_4,resnet50_geirhos_tl,8,4,48,172,52.0,176.0,5.123429298400879,4.690494060516357,0.4329352378845215
s_oyster_4,resnet50_geirhos_tl,8,4,48,176,52.0,180.0,5.123429298400879,4.691677093505859,0.43175220489501953
s_oyster_4,resnet50_geirhos_tl,8,4,48,180,52.0,184.0,5.123429298400879,4.822695732116699,0.3007335662841797
s_oyster_4,resnet50_geirhos_tl,8,4,48,184,52.0,188.0,5.123429298400879,4.902842998504639,0.22058629989624023
s_oyster_4,resnet50_geirhos_tl,8,4,48,188,52.0,192.0,5.123429298400879,4.952472686767578,0.17095661163330078
s_oyster_4,resnet50_geirhos_tl,8,4,48,192,52.0,196.0,5.123429298400879,4.993960857391357,0.12946844100952148
s_oyster_4,resnet50_geirhos_tl,8,4,48,196,52.0,200.0,5.123429298400879,5.039319038391113,0.08411026000976562
s_oyster_4,resnet50_geirhos_tl,8,4,48,200,52.0,204.0,5.123429298400879,4.9750447273254395,0.14838457107543945
s_oyster_4,resnet50_geirhos_tl,8,4,48,204,52.0,208.0,5.123429298400879,4.997219562530518,0.12620973587036133
s_oyster_4,resnet50_geirhos_tl,8,4,48,208,52.0,212.0,5.123429298400879,5.049494743347168,0.07393455505371094
s_oyster_4,resnet50_geirhos_tl,8,4,48,212,52.0,216.0,5.123429298400879,5.0984697341918945,0.024959564208984375
s_oyster_4,resnet50_geirhos_tl,8,4,48,216,52.0,220.0,5.123429298400879,5.089908599853516,0.03352069854736328
s_oyster_4,resnet50_geirhos_tl,8,4,52,0,56.0,4.0,5.123429298400879,4.996354579925537,0.1270747184753418
s_oyster_4,resnet50_geirhos_tl,8,4,52,4,56.0,8.0,5.123429298400879,5.145009994506836,-0.02158069610595703
s_oyster_4,resnet50_geirhos_tl,8,4,52,8,56.0,12.0,5.123429298400879,5.1162543296813965,0.007174968719482422
s_oyster_4,resnet50_geirhos_tl,8,4,52,12,56.0,16.0,5.123429298400879,5.090566158294678,0.03286314010620117
s_oyster_4,resnet50_geirhos_tl,8,4,52,16,56.0,20.0,5.123429298400879,5.17514705657959,-0.05171775817871094
s_oyster_4,resnet50_geirhos_tl,8,4,52,20,56.0,24.0,5.123429298400879,5.204741477966309,-0.08131217956542969
s_oyster_4,resnet50_geirhos_tl,8,4,52,24,56.0,28.0,5.123429298400879,5.231633186340332,-0.10820388793945312
s_oyster_4,resnet50_geirhos_tl,8,4,52,28,56.0,32.0,5.123429298400879,5.201876163482666,-0.07844686508178711
s_oyster_4,resnet50_geirhos_tl,8,4,52,32,56.0,36.0,5.123429298400879,5.215179443359375,-0.0917501449584961
s_oyster_4,resnet50_geirhos_tl,8,4,52,36,56.0,40.0,5.123429298400879,5.255967617034912,-0.1325383186340332
s_oyster_4,resnet50_geirhos_tl,8,4,52,40,56.0,44.0,5.123429298400879,5.2473907470703125,-0.1239614486694336
s_oyster_4,resnet50_geirhos_tl,8,4,52,44,56.0,48.0,5.123429298400879,5.259203910827637,-0.1357746124267578
s_oyster_4,resnet50_geirhos_tl,8,4,52,48,56.0,52.0,5.123429298400879,5.193429946899414,-0.07000064849853516
s_oyster_4,resnet50_geirhos_tl,8,4,52,52,56.0,56.0,5.123429298400879,5.219364166259766,-0.09593486785888672
s_oyster_4,resnet50_geirhos_tl,8,4,52,56,56.0,60.0,5.123429298400879,5.198233604431152,-0.07480430603027344
s_oyster_4,resnet50_geirhos_tl,8,4,52,60,56.0,64.0,5.123429298400879,5.104015350341797,0.01941394805908203
s_oyster_4,resnet50_geirhos_tl,8,4,52,64,56.0,68.0,5.123429298400879,5.165079116821289,-0.041649818420410156
s_oyster_4,resnet50_geirhos_tl,8,4,52,68,56.0,72.0,5.123429298400879,5.203598499298096,-0.0801692008972168
s_oyster_4,resnet50_geirhos_tl,8,4,52,72,56.0,76.0,5.123429298400879,5.1262898445129395,-0.002860546112060547
s_oyster_4,resnet50_geirhos_tl,8,4,52,76,56.0,80.0,5.123429298400879,5.21095085144043,-0.08752155303955078
s_oyster_4,resnet50_geirhos_tl,8,4,52,80,56.0,84.0,5.123429298400879,5.288890361785889,-0.16546106338500977
s_oyster_4,resnet50_geirhos_tl,8,4,52,84,56.0,88.0,5.123429298400879,5.360194683074951,-0.23676538467407227
s_oyster_4,resnet50_geirhos_tl,8,4,52,88,56.0,92.0,5.123429298400879,5.392309188842773,-0.26887989044189453
s_oyster_4,resnet50_geirhos_tl,8,4,52,92,56.0,96.0,5.123429298400879,5.400060653686523,-0.27663135528564453
s_oyster_4,resnet50_geirhos_tl,8,4,52,96,56.0,100.0,5.123429298400879,5.401187896728516,-0.2777585983276367
s_oyster_4,resnet50_geirhos_tl,8,4,52,100,56.0,104.0,5.123429298400879,5.407643795013428,-0.28421449661254883
s_oyster_4,resnet50_geirhos_tl,8,4,52,104,56.0,108.0,5.123429298400879,5.44502592086792,-0.321596622467041
s_oyster_4,resnet50_geirhos_tl,8,4,52,108,56.0,112.0,5.123429298400879,5.419070720672607,-0.2956414222717285
s_oyster_4,resnet50_geirhos_tl,8,4,52,112,56.0,116.0,5.123429298400879,5.422762393951416,-0.2993330955505371
s_oyster_4,resnet50_geirhos_tl,8,4,52,116,56.0,120.0,5.123429298400879,5.354588985443115,-0.23115968704223633
s_oyster_4,resnet50_geirhos_tl,8,4,52,120,56.0,124.0,5.123429298400879,5.260690689086914,-0.13726139068603516
s_oyster_4,resnet50_geirhos_tl,8,4,52,124,56.0,128.0,5.123429298400879,5.108038425445557,0.015390872955322266
s_oyster_4,resnet50_geirhos_tl,8,4,52,128,56.0,132.0,5.123429298400879,5.100812911987305,0.02261638641357422
s_oyster_4,resnet50_geirhos_tl,8,4,52,132,56.0,136.0,5.123429298400879,5.010458469390869,0.11297082901000977
s_oyster_4,resnet50_geirhos_tl,8,4,52,136,56.0,140.0,5.123429298400879,5.057650566101074,0.06577873229980469
s_oyster_4,resnet50_geirhos_tl,8,4,52,140,56.0,144.0,5.123429298400879,4.970856666564941,0.1525726318359375
s_oyster_4,resnet50_geirhos_tl,8,4,52,144,56.0,148.0,5.123429298400879,5.057967185974121,0.06546211242675781
s_oyster_4,resnet50_geirhos_tl,8,4,52,148,56.0,152.0,5.123429298400879,4.826480865478516,0.2969484329223633
s_oyster_4,resnet50_geirhos_tl,8,4,52,152,56.0,156.0,5.123429298400879,4.841794013977051,0.2816352844238281
s_oyster_4,resnet50_geirhos_tl,8,4,52,156,56.0,160.0,5.123429298400879,4.61030912399292,0.513120174407959
s_oyster_4,resnet50_geirhos_tl,8,4,52,160,56.0,164.0,5.123429298400879,4.661271572113037,0.4621577262878418
s_oyster_4,resnet50_geirhos_tl,8,4,52,164,56.0,168.0,5.123429298400879,4.531661033630371,0.5917682647705078
s_oyster_4,resnet50_geirhos_tl,8,4,52,168,56.0,172.0,5.123429298400879,4.745275020599365,0.37815427780151367
s_oyster_4,resnet50_geirhos_tl,8,4,52,172,56.0,176.0,5.123429298400879,4.807201385498047,0.31622791290283203
s_oyster_4,resnet50_geirhos_tl,8,4,52,176,56.0,180.0,5.123429298400879,4.891088962554932,0.23234033584594727
s_oyster_4,resnet50_geirhos_tl,8,4,52,180,56.0,184.0,5.123429298400879,4.878054618835449,0.2453746795654297
s_oyster_4,resnet50_geirhos_tl,8,4,52,184,56.0,188.0,5.123429298400879,4.957635879516602,0.16579341888427734
s_oyster_4,resnet50_geirhos_tl,8,4,52,188,56.0,192.0,5.123429298400879,4.965073108673096,0.1583561897277832
s_oyster_4,resnet50_geirhos_tl,8,4,52,192,56.0,196.0,5.123429298400879,5.003115653991699,0.12031364440917969
s_oyster_4,resnet50_geirhos_tl,8,4,52,196,56.0,200.0,5.123429298400879,5.001613140106201,0.12181615829467773
s_oyster_4,resnet50_geirhos_tl,8,4,52,200,56.0,204.0,5.123429298400879,4.973395347595215,0.15003395080566406
s_oyster_4,resnet50_geirhos_tl,8,4,52,204,56.0,208.0,5.123429298400879,5.082705974578857,0.040723323822021484
s_oyster_4,resnet50_geirhos_tl,8,4,52,208,56.0,212.0,5.123429298400879,5.083879470825195,0.039549827575683594
s_oyster_4,resnet50_geirhos_tl,8,4,52,212,56.0,216.0,5.123429298400879,5.102616786956787,0.020812511444091797
s_oyster_4,resnet50_geirhos_tl,8,4,52,216,56.0,220.0,5.123429298400879,5.090728759765625,0.032700538635253906
s_oyster_4,resnet50_geirhos_tl,8,4,56,0,60.0,4.0,5.123429298400879,4.970468044281006,0.15296125411987305
s_oyster_4,resnet50_geirhos_tl,8,4,56,4,60.0,8.0,5.123429298400879,5.036409378051758,0.0870199203491211
s_oyster_4,resnet50_geirhos_tl,8,4,56,8,60.0,12.0,5.123429298400879,5.088838577270508,0.034590721130371094
s_oyster_4,resnet50_geirhos_tl,8,4,56,12,60.0,16.0,5.123429298400879,5.074743747711182,0.048685550689697266
s_oyster_4,resnet50_geirhos_tl,8,4,56,16,60.0,20.0,5.123429298400879,5.105902671813965,0.017526626586914062
s_oyster_4,resnet50_geirhos_tl,8,4,56,20,60.0,24.0,5.123429298400879,5.120378494262695,0.0030508041381835938
s_oyster_4,resnet50_geirhos_tl,8,4,56,24,60.0,28.0,5.123429298400879,5.175700664520264,-0.052271366119384766
s_oyster_4,resnet50_geirhos_tl,8,4,56,28,60.0,32.0,5.123429298400879,5.174527168273926,-0.051097869873046875
s_oyster_4,resnet50_geirhos_tl,8,4,56,32,60.0,36.0,5.123429298400879,5.119132041931152,0.0042972564697265625
s_oyster_4,resnet50_geirhos_tl,8,4,56,36,60.0,40.0,5.123429298400879,5.140164375305176,-0.016735076904296875
s_oyster_4,resnet50_geirhos_tl,8,4,56,40,60.0,44.0,5.123429298400879,5.215991973876953,-0.09256267547607422
s_oyster_4,resnet50_geirhos_tl,8,4,56,44,60.0,48.0,5.123429298400879,5.165324687957764,-0.041895389556884766
s_oyster_4,resnet50_geirhos_tl,8,4,56,48,60.0,52.0,5.123429298400879,5.156598091125488,-0.033168792724609375
s_oyster_4,resnet50_geirhos_tl,8,4,56,52,60.0,56.0,5.123429298400879,5.0953803062438965,0.028048992156982422
s_oyster_4,resnet50_geirhos_tl,8,4,56,56,60.0,60.0,5.123429298400879,5.038567066192627,0.08486223220825195
s_oyster_4,resnet50_geirhos_tl,8,4,56,60,60.0,64.0,5.123429298400879,5.0068206787109375,0.1166086196899414
s_oyster_4,resnet50_geirhos_tl,8,4,56,64,60.0,68.0,5.123429298400879,5.008866310119629,0.11456298828125
s_oyster_4,resnet50_geirhos_tl,8,4,56,68,60.0,72.0,5.123429298400879,5.095725059509277,0.027704238891601562
s_oyster_4,resnet50_geirhos_tl,8,4,56,72,60.0,76.0,5.123429298400879,5.107763290405273,0.01566600799560547
s_oyster_4,resnet50_geirhos_tl,8,4,56,76,60.0,80.0,5.123429298400879,5.146571159362793,-0.023141860961914062
s_oyster_4,resnet50_geirhos_tl,8,4,56,80,60.0,84.0,5.123429298400879,5.336564064025879,-0.213134765625
s_oyster_4,resnet50_geirhos_tl,8,4,56,84,60.0,88.0,5.123429298400879,5.350492477416992,-0.22706317901611328
s_oyster_4,resnet50_geirhos_tl,8,4,56,88,60.0,92.0,5.123429298400879,5.368661403656006,-0.24523210525512695
s_oyster_4,resnet50_geirhos_tl,8,4,56,92,60.0,96.0,5.123429298400879,5.319085597991943,-0.19565629959106445
s_oyster_4,resnet50_geirhos_tl,8,4,56,96,60.0,100.0,5.123429298400879,5.402710914611816,-0.2792816162109375
s_oyster_4,resnet50_geirhos_tl,8,4,56,100,60.0,104.0,5.123429298400879,5.3825459480285645,-0.25911664962768555
s_oyster_4,resnet50_geirhos_tl,8,4,56,104,60.0,108.0,5.123429298400879,5.490734100341797,-0.36730480194091797
s_oyster_4,resnet50_geirhos_tl,8,4,56,108,60.0,112.0,5.123429298400879,5.352443695068359,-0.22901439666748047
s_oyster_4,resnet50_geirhos_tl,8,4,56,112,60.0,116.0,5.123429298400879,5.378689289093018,-0.25525999069213867
s_oyster_4,resnet50_geirhos_tl,8,4,56,116,60.0,120.0,5.123429298400879,5.350093841552734,-0.22666454315185547
s_oyster_4,resnet50_geirhos_tl,8,4,56,120,60.0,124.0,5.123429298400879,5.276230335235596,-0.1528010368347168
s_oyster_4,resnet50_geirhos_tl,8,4,56,124,60.0,128.0,5.123429298400879,5.029912948608398,0.09351634979248047
s_oyster_4,resnet50_geirhos_tl,8,4,56,128,60.0,132.0,5.123429298400879,5.038890838623047,0.08453845977783203
s_oyster_4,resnet50_geirhos_tl,8,4,56,132,60.0,136.0,5.123429298400879,5.0246076583862305,0.09882164001464844
s_oyster_4,resnet50_geirhos_tl,8,4,56,136,60.0,140.0,5.123429298400879,5.021984577178955,0.10144472122192383
s_oyster_4,resnet50_geirhos_tl,8,4,56,140,60.0,144.0,5.123429298400879,4.943589210510254,0.179840087890625
s_oyster_4,resnet50_geirhos_tl,8,4,56,144,60.0,148.0,5.123429298400879,4.837319850921631,0.28610944747924805
s_oyster_4,resnet50_geirhos_tl,8,4,56,148,60.0,152.0,5.123429298400879,4.753904819488525,0.3695244789123535
s_oyster_4,resnet50_geirhos_tl,8,4,56,152,60.0,156.0,5.123429298400879,4.57481575012207,0.5486135482788086
s_oyster_4,resnet50_geirhos_tl,8,4,56,156,60.0,160.0,5.123429298400879,4.4934587478637695,0.6299705505371094
s_oyster_4,resnet50_geirhos_tl,8,4,56,160,60.0,164.0,5.123429298400879,4.366163730621338,0.757265567779541
s_oyster_4,resnet50_geirhos_tl,8,4,56,164,60.0,168.0,5.123429298400879,4.544512748718262,0.5789165496826172
s_oyster_4,resnet50_geirhos_tl,8,4,56,168,60.0,172.0,5.123429298400879,4.598654270172119,0.5247750282287598
s_oyster_4,resnet50_geirhos_tl,8,4,56,172,60.0,176.0,5.123429298400879,4.768086910247803,0.35534238815307617
s_oyster_4,resnet50_geirhos_tl,8,4,56,176,60.0,180.0,5.123429298400879,4.815544128417969,0.30788516998291016
s_oyster_4,resnet50_geirhos_tl,8,4,56,180,60.0,184.0,5.123429298400879,4.91579008102417,0.20763921737670898
s_oyster_4,resnet50_geirhos_tl,8,4,56,184,60.0,188.0,5.123429298400879,4.972230434417725,0.1511988639831543
s_oyster_4,resnet50_geirhos_tl,8,4,56,188,60.0,192.0,5.123429298400879,5.009692668914795,0.11373662948608398
s_oyster_4,resnet50_geirhos_tl,8,4,56,192,60.0,196.0,5.123429298400879,5.006096363067627,0.11733293533325195
s_oyster_4,resnet50_geirhos_tl,8,4,56,196,60.0,200.0,5.123429298400879,4.971207141876221,0.1522221565246582
s_oyster_4,resnet50_geirhos_tl,8,4,56,200,60.0,204.0,5.123429298400879,4.9586944580078125,0.1647348403930664
s_oyster_4,resnet50_geirhos_tl,8,4,56,204,60.0,208.0,5.123429298400879,5.002371311187744,0.12105798721313477
s_oyster_4,resnet50_geirhos_tl,8,4,56,208,60.0,212.0,5.123429298400879,5.053554058074951,0.06987524032592773
s_oyster_4,resnet50_geirhos_tl,8,4,56,212,60.0,216.0,5.123429298400879,5.069520473480225,0.0539088249206543
s_oyster_4,resnet50_geirhos_tl,8,4,56,216,60.0,220.0,5.123429298400879,5.068501949310303,0.05492734909057617
s_oyster_4,resnet50_geirhos_tl,8,4,60,0,64.0,4.0,5.123429298400879,5.054929733276367,0.06849956512451172
s_oyster_4,resnet50_geirhos_tl,8,4,60,4,64.0,8.0,5.123429298400879,5.124546051025391,-0.0011167526245117188
s_oyster_4,resnet50_geirhos_tl,8,4,60,8,64.0,12.0,5.123429298400879,5.167626857757568,-0.04419755935668945
s_oyster_4,resnet50_geirhos_tl,8,4,60,12,64.0,16.0,5.123429298400879,5.206944465637207,-0.08351516723632812
s_oyster_4,resnet50_geirhos_tl,8,4,60,16,64.0,20.0,5.123429298400879,5.141706943511963,-0.018277645111083984
s_oyster_4,resnet50_geirhos_tl,8,4,60,20,64.0,24.0,5.123429298400879,5.1434173583984375,-0.019988059997558594
s_oyster_4,resnet50_geirhos_tl,8,4,60,24,64.0,28.0,5.123429298400879,5.089537143707275,0.033892154693603516
s_oyster_4,resnet50_geirhos_tl,8,4,60,28,64.0,32.0,5.123429298400879,5.025400638580322,0.09802865982055664
s_oyster_4,resnet50_geirhos_tl,8,4,60,32,64.0,36.0,5.123429298400879,5.0449652671813965,0.07846403121948242
s_oyster_4,resnet50_geirhos_tl,8,4,60,36,64.0,40.0,5.123429298400879,5.134459018707275,-0.011029720306396484
s_oyster_4,resnet50_geirhos_tl,8,4,60,40,64.0,44.0,5.123429298400879,5.146070957183838,-0.022641658782958984
s_oyster_4,resnet50_geirhos_tl,8,4,60,44,64.0,48.0,5.123429298400879,5.136935234069824,-0.013505935668945312
s_oyster_4,resnet50_geirhos_tl,8,4,60,48,64.0,52.0,5.123429298400879,5.058138370513916,0.06529092788696289
s_oyster_4,resnet50_geirhos_tl,8,4,60,52,64.0,56.0,5.123429298400879,5.055398941040039,0.06803035736083984
s_oyster_4,resnet50_geirhos_tl,8,4,60,56,64.0,60.0,5.123429298400879,4.9951887130737305,0.12824058532714844
s_oyster_4,resnet50_geirhos_tl,8,4,60,60,64.0,64.0,5.123429298400879,4.952333927154541,0.1710953712463379
s_oyster_4,resnet50_geirhos_tl,8,4,60,64,64.0,68.0,5.123429298400879,5.020750045776367,0.10267925262451172
s_oyster_4,resnet50_geirhos_tl,8,4,60,68,64.0,72.0,5.123429298400879,5.110130786895752,0.013298511505126953
s_oyster_4,resnet50_geirhos_tl,8,4,60,72,64.0,76.0,5.123429298400879,5.186146259307861,-0.06271696090698242
s_oyster_4,resnet50_geirhos_tl,8,4,60,76,64.0,80.0,5.123429298400879,5.207540035247803,-0.08411073684692383
s_oyster_4,resnet50_geirhos_tl,8,4,60,80,64.0,84.0,5.123429298400879,5.287711143493652,-0.16428184509277344
s_oyster_4,resnet50_geirhos_tl,8,4,60,84,64.0,88.0,5.123429298400879,5.354609489440918,-0.23118019104003906
s_oyster_4,resnet50_geirhos_tl,8,4,60,88,64.0,92.0,5.123429298400879,5.358964920043945,-0.2355356216430664
s_oyster_4,resnet50_geirhos_tl,8,4,60,92,64.0,96.0,5.123429298400879,5.292891979217529,-0.1694626808166504
s_oyster_4,resnet50_geirhos_tl,8,4,60,96,64.0,100.0,5.123429298400879,5.343749046325684,-0.2203197479248047
s_oyster_4,resnet50_geirhos_tl,8,4,60,100,64.0,104.0,5.123429298400879,5.343396186828613,-0.21996688842773438
s_oyster_4,resnet50_geirhos_tl,8,4,60,104,64.0,108.0,5.123429298400879,5.320024490356445,-0.1965951919555664
s_oyster_4,resnet50_geirhos_tl,8,4,60,108,64.0,112.0,5.123429298400879,5.263778209686279,-0.1403489112854004
s_oyster_4,resnet50_geirhos_tl,8,4,60,112,64.0,116.0,5.123429298400879,5.383671283721924,-0.2602419853210449
s_oyster_4,resnet50_geirhos_tl,8,4,60,116,64.0,120.0,5.123429298400879,5.322126388549805,-0.19869709014892578
s_oyster_4,resnet50_geirhos_tl,8,4,60,120,64.0,124.0,5.123429298400879,5.19941520690918,-0.07598590850830078
s_oyster_4,resnet50_geirhos_tl,8,4,60,124,64.0,128.0,5.123429298400879,5.03082275390625,0.0926065444946289
s_oyster_4,resnet50_geirhos_tl,8,4,60,128,64.0,132.0,5.123429298400879,5.019445896148682,0.10398340225219727
s_oyster_4,resnet50_geirhos_tl,8,4,60,132,64.0,136.0,5.123429298400879,4.998556137084961,0.12487316131591797
s_oyster_4,resnet50_geirhos_tl,8,4,60,136,64.0,140.0,5.123429298400879,5.010695934295654,0.11273336410522461
s_oyster_4,resnet50_geirhos_tl,8,4,60,140,64.0,144.0,5.123429298400879,4.921426773071289,0.20200252532958984
s_oyster_4,resnet50_geirhos_tl,8,4,60,144,64.0,148.0,5.123429298400879,4.95039701461792,0.17303228378295898
s_oyster_4,resnet50_geirhos_tl,8,4,60,148,64.0,152.0,5.123429298400879,4.784114837646484,0.33931446075439453
s_oyster_4,resnet50_geirhos_tl,8,4,60,152,64.0,156.0,5.123429298400879,4.6767659187316895,0.44666337966918945
s_oyster_4,resnet50_geirhos_tl,8,4,60,156,64.0,160.0,5.123429298400879,4.5086236000061035,0.6148056983947754
s_oyster_4,resnet50_geirhos_tl,8,4,60,160,64.0,164.0,5.123429298400879,4.5224409103393555,0.6009883880615234
s_oyster_4,resnet50_geirhos_tl,8,4,60,164,64.0,168.0,5.123429298400879,4.566287040710449,0.5571422576904297
s_oyster_4,resnet50_geirhos_tl,8,4,60,168,64.0,172.0,5.123429298400879,4.775885105133057,0.34754419326782227
s_oyster_4,resnet50_geirhos_tl,8,4,60,172,64.0,176.0,5.123429298400879,4.85500431060791,0.26842498779296875
s_oyster_4,resnet50_geirhos_tl,8,4,60,176,64.0,180.0,5.123429298400879,4.973306655883789,0.15012264251708984
s_oyster_4,resnet50_geirhos_tl,8,4,60,180,64.0,184.0,5.123429298400879,4.994479179382324,0.1289501190185547
s_oyster_4,resnet50_geirhos_tl,8,4,60,184,64.0,188.0,5.123429298400879,5.050929069519043,0.07250022888183594
s_oyster_4,resnet50_geirhos_tl,8,4,60,188,64.0,192.0,5.123429298400879,5.075930595397949,0.04749870300292969
s_oyster_4,resnet50_geirhos_tl,8,4,60,192,64.0,196.0,5.123429298400879,5.104704856872559,0.018724441528320312
s_oyster_4,resnet50_geirhos_tl,8,4,60,196,64.0,200.0,5.123429298400879,5.016195774078369,0.10723352432250977
s_oyster_4,resnet50_geirhos_tl,8,4,60,200,64.0,204.0,5.123429298400879,5.021368026733398,0.10206127166748047
s_oyster_4,resnet50_geirhos_tl,8,4,60,204,64.0,208.0,5.123429298400879,5.05797004699707,0.0654592514038086
s_oyster_4,resnet50_geirhos_tl,8,4,60,208,64.0,212.0,5.123429298400879,5.083278656005859,0.04015064239501953
s_oyster_4,resnet50_geirhos_tl,8,4,60,212,64.0,216.0,5.123429298400879,5.088490009307861,0.03493928909301758
s_oyster_4,resnet50_geirhos_tl,8,4,60,216,64.0,220.0,5.123429298400879,5.092304706573486,0.031124591827392578
s_oyster_4,resnet50_geirhos_tl,8,4,64,0,68.0,4.0,5.123429298400879,5.135552406311035,-0.01212310791015625
s_oyster_4,resnet50_geirhos_tl,8,4,64,4,68.0,8.0,5.123429298400879,5.170461177825928,-0.04703187942504883
s_oyster_4,resnet50_geirhos_tl,8,4,64,8,68.0,12.0,5.123429298400879,5.2225165367126465,-0.09908723831176758
s_oyster_4,resnet50_geirhos_tl,8,4,64,12,68.0,16.0,5.123429298400879,5.186789512634277,-0.06336021423339844
s_oyster_4,resnet50_geirhos_tl,8,4,64,16,68.0,20.0,5.123429298400879,5.135296821594238,-0.011867523193359375
s_oyster_4,resnet50_geirhos_tl,8,4,64,20,68.0,24.0,5.123429298400879,5.114317417144775,0.009111881256103516
s_oyster_4,resnet50_geirhos_tl,8,4,64,24,68.0,28.0,5.123429298400879,5.05026388168335,0.0731654167175293
s_oyster_4,resnet50_geirhos_tl,8,4,64,28,68.0,32.0,5.123429298400879,5.045271873474121,0.07815742492675781
s_oyster_4,resnet50_geirhos_tl,8,4,64,32,68.0,36.0,5.123429298400879,5.048847675323486,0.07458162307739258
s_oyster_4,resnet50_geirhos_tl,8,4,64,36,68.0,40.0,5.123429298400879,5.050805568695068,0.07262372970581055
s_oyster_4,resnet50_geirhos_tl,8,4,64,40,68.0,44.0,5.123429298400879,5.083144187927246,0.04028511047363281
s_oyster_4,resnet50_geirhos_tl,8,4,64,44,68.0,48.0,5.123429298400879,5.067397594451904,0.05603170394897461
s_oyster_4,resnet50_geirhos_tl,8,4,64,48,68.0,52.0,5.123429298400879,5.002079010009766,0.12135028839111328
s_oyster_4,resnet50_geirhos_tl,8,4,64,52,68.0,56.0,5.123429298400879,4.976556301116943,0.14687299728393555
s_oyster_4,resnet50_geirhos_tl,8,4,64,56,68.0,60.0,5.123429298400879,5.003574848175049,0.11985445022583008
s_oyster_4,resnet50_geirhos_tl,8,4,64,60,68.0,64.0,5.123429298400879,5.02426815032959,0.09916114807128906
s_oyster_4,resnet50_geirhos_tl,8,4,64,64,68.0,68.0,5.123429298400879,5.087087631225586,0.03634166717529297
s_oyster_4,resnet50_geirhos_tl,8,4,64,68,68.0,72.0,5.123429298400879,5.139415740966797,-0.01598644256591797
s_oyster_4,resnet50_geirhos_tl,8,4,64,72,68.0,76.0,5.123429298400879,5.239527702331543,-0.11609840393066406
s_oyster_4,resnet50_geirhos_tl,8,4,64,76,68.0,80.0,5.123429298400879,5.201688289642334,-0.07825899124145508
s_oyster_4,resnet50_geirhos_tl,8,4,64,80,68.0,84.0,5.123429298400879,5.250970363616943,-0.12754106521606445
s_oyster_4,resnet50_geirhos_tl,8,4,64,84,68.0,88.0,5.123429298400879,5.296865940093994,-0.17343664169311523
s_oyster_4,resnet50_geirhos_tl,8,4,64,88,68.0,92.0,5.123429298400879,5.320613861083984,-0.19718456268310547
s_oyster_4,resnet50_geirhos_tl,8,4,64,92,68.0,96.0,5.123429298400879,5.245152473449707,-0.12172317504882812
s_oyster_4,resnet50_geirhos_tl,8,4,64,96,68.0,100.0,5.123429298400879,5.230942726135254,-0.107513427734375
s_oyster_4,resnet50_geirhos_tl,8,4,64,100,68.0,104.0,5.123429298400879,5.155603885650635,-0.03217458724975586
s_oyster_4,resnet50_geirhos_tl,8,4,64,104,68.0,108.0,5.123429298400879,5.219577789306641,-0.09614849090576172
s_oyster_4,resnet50_geirhos_tl,8,4,64,108,68.0,112.0,5.123429298400879,5.18933629989624,-0.06590700149536133
s_oyster_4,resnet50_geirhos_tl,8,4,64,112,68.0,116.0,5.123429298400879,5.278899669647217,-0.1554703712463379
s_oyster_4,resnet50_geirhos_tl,8,4,64,116,68.0,120.0,5.123429298400879,5.191362380981445,-0.0679330825805664
s_oyster_4,resnet50_geirhos_tl,8,4,64,120,68.0,124.0,5.123429298400879,5.162222862243652,-0.03879356384277344
s_oyster_4,resnet50_geirhos_tl,8,4,64,124,68.0,128.0,5.123429298400879,4.9951300621032715,0.12829923629760742
s_oyster_4,resnet50_geirhos_tl,8,4,64,128,68.0,132.0,5.123429298400879,4.980812072753906,0.14261722564697266
s_oyster_4,resnet50_geirhos_tl,8,4,64,132,68.0,136.0,5.123429298400879,4.939695358276367,0.18373394012451172
s_oyster_4,resnet50_geirhos_tl,8,4,64,136,68.0,140.0,5.123429298400879,4.953265190124512,0.1701641082763672
s_oyster_4,resnet50_geirhos_tl,8,4,64,140,68.0,144.0,5.123429298400879,4.942828178405762,0.1806011199951172
s_oyster_4,resnet50_geirhos_tl,8,4,64,144,68.0,148.0,5.123429298400879,4.847309589385986,0.2761197090148926
s_oyster_4,resnet50_geirhos_tl,8,4,64,148,68.0,152.0,5.123429298400879,4.802770614624023,0.32065868377685547
s_oyster_4,resnet50_geirhos_tl,8,4,64,152,68.0,156.0,5.123429298400879,4.631988048553467,0.4914412498474121
s_oyster_4,resnet50_geirhos_tl,8,4,64,156,68.0,160.0,5.123429298400879,4.570568084716797,0.552861213684082
s_oyster_4,resnet50_geirhos_tl,8,4,64,160,68.0,164.0,5.123429298400879,4.541780948638916,0.5816483497619629
s_oyster_4,resnet50_geirhos_tl,8,4,64,164,68.0,168.0,5.123429298400879,4.582855224609375,0.5405740737915039
s_oyster_4,resnet50_geirhos_tl,8,4,64,168,68.0,172.0,5.123429298400879,4.673252105712891,0.4501771926879883
s_oyster_4,resnet50_geirhos_tl,8,4,64,172,68.0,176.0,5.123429298400879,4.879173278808594,0.24425601959228516
s_oyster_4,resnet50_geirhos_tl,8,4,64,176,68.0,180.0,5.123429298400879,4.936527252197266,0.18690204620361328
s_oyster_4,resnet50_geirhos_tl,8,4,64,180,68.0,184.0,5.123429298400879,4.988478183746338,0.13495111465454102
s_oyster_4,resnet50_geirhos_tl,8,4,64,184,68.0,188.0,5.123429298400879,5.021971225738525,0.10145807266235352
s_oyster_4,resnet50_geirhos_tl,8,4,64,188,68.0,192.0,5.123429298400879,5.039763450622559,0.08366584777832031
s_oyster_4,resnet50_geirhos_tl,8,4,64,192,68.0,196.0,5.123429298400879,5.01263427734375,0.1107950210571289
s_oyster_4,resnet50_geirhos_tl,8,4,64,196,68.0,200.0,5.123429298400879,5.0129780769348145,0.11045122146606445
s_oyster_4,resnet50_geirhos_tl,8,4,64,200,68.0,204.0,5.123429298400879,4.992973327636719,0.13045597076416016
s_oyster_4,resnet50_geirhos_tl,8,4,64,204,68.0,208.0,5.123429298400879,5.072258472442627,0.05117082595825195
s_oyster_4,resnet50_geirhos_tl,8,4,64,208,68.0,212.0,5.123429298400879,5.051011085510254,0.072418212890625
s_oyster_4,resnet50_geirhos_tl,8,4,64,212,68.0,216.0,5.123429298400879,5.061635494232178,0.06179380416870117
s_oyster_4,resnet50_geirhos_tl,8,4,64,216,68.0,220.0,5.123429298400879,5.060481071472168,0.06294822692871094
s_oyster_4,resnet50_geirhos_tl,8,4,68,0,72.0,4.0,5.123429298400879,5.11311674118042,0.010312557220458984
s_oyster_4,resnet50_geirhos_tl,8,4,68,4,72.0,8.0,5.123429298400879,5.190878868103027,-0.06744956970214844
s_oyster_4,resnet50_geirhos_tl,8,4,68,8,72.0,12.0,5.123429298400879,5.153656482696533,-0.030227184295654297
s_oyster_4,resnet50_geirhos_tl,8,4,68,12,72.0,16.0,5.123429298400879,5.178923606872559,-0.05549430847167969
s_oyster_4,resnet50_geirhos_tl,8,4,68,16,72.0,20.0,5.123429298400879,5.05675745010376,0.06667184829711914
s_oyster_4,resnet50_geirhos_tl,8,4,68,20,72.0,24.0,5.123429298400879,5.093271255493164,0.030158042907714844
s_oyster_4,resnet50_geirhos_tl,8,4,68,24,72.0,28.0,5.123429298400879,5.043027877807617,0.08040142059326172
s_oyster_4,resnet50_geirhos_tl,8,4,68,28,72.0,32.0,5.123429298400879,5.063774108886719,0.059655189514160156
s_oyster_4,resnet50_geirhos_tl,8,4,68,32,72.0,36.0,5.123429298400879,4.979466438293457,0.14396286010742188
s_oyster_4,resnet50_geirhos_tl,8,4,68,36,72.0,40.0,5.123429298400879,4.959259986877441,0.1641693115234375
s_oyster_4,resnet50_geirhos_tl,8,4,68,40,72.0,44.0,5.123429298400879,4.98722505569458,0.13620424270629883
s_oyster_4,resnet50_geirhos_tl,8,4,68,44,72.0,48.0,5.123429298400879,5.029446601867676,0.09398269653320312
s_oyster_4,resnet50_geirhos_tl,8,4,68,48,72.0,52.0,5.123429298400879,5.02587366104126,0.09755563735961914
s_oyster_4,resnet50_geirhos_tl,8,4,68,52,72.0,56.0,5.123429298400879,4.99862813949585,0.1248011589050293
s_oyster_4,resnet50_geirhos_tl,8,4,68,56,72.0,60.0,5.123429298400879,4.987661838531494,0.13576745986938477
s_oyster_4,resnet50_geirhos_tl,8,4,68,60,72.0,64.0,5.123429298400879,5.030642986297607,0.09278631210327148
s_oyster_4,resnet50_geirhos_tl,8,4,68,64,72.0,68.0,5.123429298400879,5.097849369049072,0.02557992935180664
s_oyster_4,resnet50_geirhos_tl,8,4,68,68,72.0,72.0,5.123429298400879,5.207751750946045,-0.08432245254516602
s_oyster_4,resnet50_geirhos_tl,8,4,68,72,72.0,76.0,5.123429298400879,5.198640823364258,-0.0752115249633789
s_oyster_4,resnet50_geirhos_tl,8,4,68,76,72.0,80.0,5.123429298400879,5.2567853927612305,-0.13335609436035156
s_oyster_4,resnet50_geirhos_tl,8,4,68,80,72.0,84.0,5.123429298400879,5.251751899719238,-0.12832260131835938
s_oyster_4,resnet50_geirhos_tl,8,4,68,84,72.0,88.0,5.123429298400879,5.225163459777832,-0.10173416137695312
s_oyster_4,resnet50_geirhos_tl,8,4,68,88,72.0,92.0,5.123429298400879,5.2515130043029785,-0.1280837059020996
s_oyster_4,resnet50_geirhos_tl,8,4,68,92,72.0,96.0,5.123429298400879,5.150904655456543,-0.027475357055664062
s_oyster_4,resnet50_geirhos_tl,8,4,68,96,72.0,100.0,5.123429298400879,5.109664440155029,0.01376485824584961
s_oyster_4,resnet50_geirhos_tl,8,4,68,100,72.0,104.0,5.123429298400879,5.079930782318115,0.04349851608276367
s_oyster_4,resnet50_geirhos_tl,8,4,68,104,72.0,108.0,5.123429298400879,5.215266704559326,-0.09183740615844727
s_oyster_4,resnet50_geirhos_tl,8,4,68,108,72.0,112.0,5.123429298400879,5.131203651428223,-0.00777435302734375
s_oyster_4,resnet50_geirhos_tl,8,4,68,112,72.0,116.0,5.123429298400879,5.260547637939453,-0.13711833953857422
s_oyster_4,resnet50_geirhos_tl,8,4,68,116,72.0,120.0,5.123429298400879,5.211085319519043,-0.08765602111816406
s_oyster_4,resnet50_geirhos_tl,8,4,68,120,72.0,124.0,5.123429298400879,5.213504791259766,-0.09007549285888672
s_oyster_4,resnet50_geirhos_tl,8,4,68,124,72.0,128.0,5.123429298400879,5.100193500518799,0.023235797882080078
s_oyster_4,resnet50_geirhos_tl,8,4,68,128,72.0,132.0,5.123429298400879,5.074841022491455,0.04858827590942383
s_oyster_4,resnet50_geirhos_tl,8,4,68,132,72.0,136.0,5.123429298400879,4.977021217346191,0.1464080810546875
s_oyster_4,resnet50_geirhos_tl,8,4,68,136,72.0,140.0,5.123429298400879,5.032092571258545,0.09133672714233398
s_oyster_4,resnet50_geirhos_tl,8,4,68,140,72.0,144.0,5.123429298400879,4.953621864318848,0.16980743408203125
s_oyster_4,resnet50_geirhos_tl,8,4,68,144,72.0,148.0,5.123429298400879,4.898780822753906,0.22464847564697266
s_oyster_4,resnet50_geirhos_tl,8,4,68,148,72.0,152.0,5.123429298400879,4.764852523803711,0.35857677459716797
s_oyster_4,resnet50_geirhos_tl,8,4,68,152,72.0,156.0,5.123429298400879,4.806343078613281,0.31708621978759766
s_oyster_4,resnet50_geirhos_tl,8,4,68,156,72.0,160.0,5.123429298400879,4.741857528686523,0.38157176971435547
s_oyster_4,resnet50_geirhos_tl,8,4,68,160,72.0,164.0,5.123429298400879,4.740009307861328,0.3834199905395508
s_oyster_4,resnet50_geirhos_tl,8,4,68,164,72.0,168.0,5.123429298400879,4.718875885009766,0.4045534133911133
s_oyster_4,resnet50_geirhos_tl,8,4,68,168,72.0,172.0,5.123429298400879,4.890819549560547,0.23260974884033203
s_oyster_4,resnet50_geirhos_tl,8,4,68,172,72.0,176.0,5.123429298400879,4.943561553955078,0.17986774444580078
s_oyster_4,resnet50_geirhos_tl,8,4,68,176,72.0,180.0,5.123429298400879,4.973363399505615,0.15006589889526367
s_oyster_4,resnet50_geirhos_tl,8,4,68,180,72.0,184.0,5.123429298400879,4.989971160888672,0.13345813751220703
s_oyster_4,resnet50_geirhos_tl,8,4,68,184,72.0,188.0,5.123429298400879,5.04676628112793,0.07666301727294922
s_oyster_4,resnet50_geirhos_tl,8,4,68,188,72.0,192.0,5.123429298400879,5.0262770652771,0.0971522331237793
s_oyster_4,resnet50_geirhos_tl,8,4,68,192,72.0,196.0,5.123429298400879,5.0389862060546875,0.0844430923461914
s_oyster_4,resnet50_geirhos_tl,8,4,68,196,72.0,200.0,5.123429298400879,5.00846004486084,0.11496925354003906
s_oyster_4,resnet50_geirhos_tl,8,4,68,200,72.0,204.0,5.123429298400879,5.061516761779785,0.06191253662109375
s_oyster_4,resnet50_geirhos_tl,8,4,68,204,72.0,208.0,5.123429298400879,5.060420989990234,0.06300830841064453
s_oyster_4,resnet50_geirhos_tl,8,4,68,208,72.0,212.0,5.123429298400879,5.050525665283203,0.07290363311767578
s_oyster_4,resnet50_geirhos_tl,8,4,68,212,72.0,216.0,5.123429298400879,5.0364484786987305,0.08698081970214844
s_oyster_4,resnet50_geirhos_tl,8,4,68,216,72.0,220.0,5.123429298400879,5.073582649230957,0.049846649169921875
s_oyster_4,resnet50_geirhos_tl,8,4,72,0,76.0,4.0,5.123429298400879,5.133577823638916,-0.01014852523803711
s_oyster_4,resnet50_geirhos_tl,8,4,72,4,76.0,8.0,5.123429298400879,5.124478340148926,-0.001049041748046875
s_oyster_4,resnet50_geirhos_tl,8,4,72,8,76.0,12.0,5.123429298400879,5.150097846984863,-0.026668548583984375
s_oyster_4,resnet50_geirhos_tl,8,4,72,12,76.0,16.0,5.123429298400879,5.132948875427246,-0.009519577026367188
s_oyster_4,resnet50_geirhos_tl,8,4,72,16,76.0,20.0,5.123429298400879,5.043731212615967,0.07969808578491211
s_oyster_4,resnet50_geirhos_tl,8,4,72,20,76.0,24.0,5.123429298400879,5.085888385772705,0.03754091262817383
s_oyster_4,resnet50_geirhos_tl,8,4,72,24,76.0,28.0,5.123429298400879,5.1050004959106445,0.018428802490234375
s_oyster_4,resnet50_geirhos_tl,8,4,72,28,76.0,32.0,5.123429298400879,5.099589824676514,0.023839473724365234
s_oyster_4,resnet50_geirhos_tl,8,4,72,32,76.0,36.0,5.123429298400879,5.077447414398193,0.04598188400268555
s_oyster_4,resnet50_geirhos_tl,8,4,72,36,76.0,40.0,5.123429298400879,4.927132606506348,0.19629669189453125
s_oyster_4,resnet50_geirhos_tl,8,4,72,40,76.0,44.0,5.123429298400879,4.92521858215332,0.1982107162475586
s_oyster_4,resnet50_geirhos_tl,8,4,72,44,76.0,48.0,5.123429298400879,4.970728397369385,0.15270090103149414
s_oyster_4,resnet50_geirhos_tl,8,4,72,48,76.0,52.0,5.123429298400879,4.9711594581604,0.15226984024047852
s_oyster_4,resnet50_geirhos_tl,8,4,72,52,76.0,56.0,5.123429298400879,5.042302131652832,0.08112716674804688
s_oyster_4,resnet50_geirhos_tl,8,4,72,56,76.0,60.0,5.123429298400879,5.036197662353516,0.08723163604736328
s_oyster_4,resnet50_geirhos_tl,8,4,72,60,76.0,64.0,5.123429298400879,5.054571151733398,0.06885814666748047
s_oyster_4,resnet50_geirhos_tl,8,4,72,64,76.0,68.0,5.123429298400879,5.091958999633789,0.031470298767089844
s_oyster_4,resnet50_geirhos_tl,8,4,72,68,76.0,72.0,5.123429298400879,5.170862674713135,-0.04743337631225586
s_oyster_4,resnet50_geirhos_tl,8,4,72,72,76.0,76.0,5.123429298400879,5.211523056030273,-0.08809375762939453
s_oyster_4,resnet50_geirhos_tl,8,4,72,76,76.0,80.0,5.123429298400879,5.164892673492432,-0.041463375091552734
s_oyster_4,resnet50_geirhos_tl,8,4,72,80,76.0,84.0,5.123429298400879,5.166464805603027,-0.04303550720214844
s_oyster_4,resnet50_geirhos_tl,8,4,72,84,76.0,88.0,5.123429298400879,5.198074817657471,-0.0746455192565918
s_oyster_4,resnet50_geirhos_tl,8,4,72,88,76.0,92.0,5.123429298400879,5.237288475036621,-0.11385917663574219
s_oyster_4,resnet50_geirhos_tl,8,4,72,92,76.0,96.0,5.123429298400879,5.127851486206055,-0.004422187805175781
s_oyster_4,resnet50_geirhos_tl,8,4,72,96,76.0,100.0,5.123429298400879,5.185122966766357,-0.061693668365478516
s_oyster_4,resnet50_geirhos_tl,8,4,72,100,76.0,104.0,5.123429298400879,5.152080535888672,-0.02865123748779297
s_oyster_4,resnet50_geirhos_tl,8,4,72,104,76.0,108.0,5.123429298400879,5.20957088470459,-0.08614158630371094
s_oyster_4,resnet50_geirhos_tl,8,4,72,108,76.0,112.0,5.123429298400879,5.193461894989014,-0.07003259658813477
s_oyster_4,resnet50_geirhos_tl,8,4,72,112,76.0,116.0,5.123429298400879,5.218379020690918,-0.09494972229003906
s_oyster_4,resnet50_geirhos_tl,8,4,72,116,76.0,120.0,5.123429298400879,5.270263195037842,-0.1468338966369629
s_oyster_4,resnet50_geirhos_tl,8,4,72,120,76.0,124.0,5.123429298400879,5.233539581298828,-0.11011028289794922
s_oyster_4,resnet50_geirhos_tl,8,4,72,124,76.0,128.0,5.123429298400879,5.085231781005859,0.03819751739501953
s_oyster_4,resnet50_geirhos_tl,8,4,72,128,76.0,132.0,5.123429298400879,4.961096286773682,0.16233301162719727
s_oyster_4,resnet50_geirhos_tl,8,4,72,132,76.0,136.0,5.123429298400879,4.954998970031738,0.16843032836914062
s_oyster_4,resnet50_geirhos_tl,8,4,72,136,76.0,140.0,5.123429298400879,4.927049160003662,0.1963801383972168
s_oyster_4,resnet50_geirhos_tl,8,4,72,140,76.0,144.0,5.123429298400879,4.887685775756836,0.23574352264404297
s_oyster_4,resnet50_geirhos_tl,8,4,72,144,76.0,148.0,5.123429298400879,4.715176105499268,0.40825319290161133
s_oyster_4,resnet50_geirhos_tl,8,4,72,148,76.0,152.0,5.123429298400879,4.7739176750183105,0.34951162338256836
s_oyster_4,resnet50_geirhos_tl,8,4,72,152,76.0,156.0,5.123429298400879,4.695555210113525,0.4278740882873535
s_oyster_4,resnet50_geirhos_tl,8,4,72,156,76.0,160.0,5.123429298400879,4.793577194213867,0.3298521041870117
s_oyster_4,resnet50_geirhos_tl,8,4,72,160,76.0,164.0,5.123429298400879,4.597369194030762,0.5260601043701172
s_oyster_4,resnet50_geirhos_tl,8,4,72,164,76.0,168.0,5.123429298400879,4.759165287017822,0.36426401138305664
s_oyster_4,resnet50_geirhos_tl,8,4,72,168,76.0,172.0,5.123429298400879,4.925576686859131,0.19785261154174805
s_oyster_4,resnet50_geirhos_tl,8,4,72,172,76.0,176.0,5.123429298400879,4.968859672546387,0.1545696258544922
s_oyster_4,resnet50_geirhos_tl,8,4,72,176,76.0,180.0,5.123429298400879,4.970934867858887,0.1524944305419922
s_oyster_4,resnet50_geirhos_tl,8,4,72,180,76.0,184.0,5.123429298400879,4.998570919036865,0.12485837936401367
s_oyster_4,resnet50_geirhos_tl,8,4,72,184,76.0,188.0,5.123429298400879,5.089913845062256,0.03351545333862305
s_oyster_4,resnet50_geirhos_tl,8,4,72,188,76.0,192.0,5.123429298400879,5.114950656890869,0.008478641510009766
s_oyster_4,resnet50_geirhos_tl,8,4,72,192,76.0,196.0,5.123429298400879,5.124090671539307,-0.0006613731384277344
s_oyster_4,resnet50_geirhos_tl,8,4,72,196,76.0,200.0,5.123429298400879,5.050691604614258,0.0727376937866211
s_oyster_4,resnet50_geirhos_tl,8,4,72,200,76.0,204.0,5.123429298400879,4.9385085105896,0.1849207878112793
s_oyster_4,resnet50_geirhos_tl,8,4,72,204,76.0,208.0,5.123429298400879,4.989625453948975,0.1338038444519043
s_oyster_4,resnet50_geirhos_tl,8,4,72,208,76.0,212.0,5.123429298400879,4.964337348937988,0.15909194946289062
s_oyster_4,resnet50_geirhos_tl,8,4,72,212,76.0,216.0,5.123429298400879,4.9718828201293945,0.15154647827148438
s_oyster_4,resnet50_geirhos_tl,8,4,72,216,76.0,220.0,5.123429298400879,5.026852607727051,0.09657669067382812
s_oyster_4,resnet50_geirhos_tl,8,4,76,0,80.0,4.0,5.123429298400879,5.098016738891602,0.025412559509277344
s_oyster_4,resnet50_geirhos_tl,8,4,76,4,80.0,8.0,5.123429298400879,5.195790767669678,-0.07236146926879883
s_oyster_4,resnet50_geirhos_tl,8,4,76,8,80.0,12.0,5.123429298400879,5.164891242980957,-0.041461944580078125
s_oyster_4,resnet50_geirhos_tl,8,4,76,12,80.0,16.0,5.123429298400879,5.131474494934082,-0.008045196533203125
s_oyster_4,resnet50_geirhos_tl,8,4,76,16,80.0,20.0,5.123429298400879,4.959803104400635,0.16362619400024414
s_oyster_4,resnet50_geirhos_tl,8,4,76,20,80.0,24.0,5.123429298400879,4.949856758117676,0.17357254028320312
s_oyster_4,resnet50_geirhos_tl,8,4,76,24,80.0,28.0,5.123429298400879,5.004865646362305,0.11856365203857422
s_oyster_4,resnet50_geirhos_tl,8,4,76,28,80.0,32.0,5.123429298400879,5.063864231109619,0.059565067291259766
s_oyster_4,resnet50_geirhos_tl,8,4,76,32,80.0,36.0,5.123429298400879,4.964088439941406,0.15934085845947266
s_oyster_4,resnet50_geirhos_tl,8,4,76,36,80.0,40.0,5.123429298400879,4.916147232055664,0.20728206634521484
s_oyster_4,resnet50_geirhos_tl,8,4,76,40,80.0,44.0,5.123429298400879,4.929320335388184,0.1941089630126953
s_oyster_4,resnet50_geirhos_tl,8,4,76,44,80.0,48.0,5.123429298400879,4.892740726470947,0.23068857192993164
s_oyster_4,resnet50_geirhos_tl,8,4,76,48,80.0,52.0,5.123429298400879,4.925508499145508,0.1979207992553711
s_oyster_4,resnet50_geirhos_tl,8,4,76,52,80.0,56.0,5.123429298400879,5.011903762817383,0.1115255355834961
s_oyster_4,resnet50_geirhos_tl,8,4,76,56,80.0,60.0,5.123429298400879,4.977949142456055,0.14548015594482422
s_oyster_4,resnet50_geirhos_tl,8,4,76,60,80.0,64.0,5.123429298400879,4.947535037994385,0.17589426040649414
s_oyster_4,resnet50_geirhos_tl,8,4,76,64,80.0,68.0,5.123429298400879,4.8901166915893555,0.23331260681152344
s_oyster_4,resnet50_geirhos_tl,8,4,76,68,80.0,72.0,5.123429298400879,5.017832279205322,0.10559701919555664
s_oyster_4,resnet50_geirhos_tl,8,4,76,72,80.0,76.0,5.123429298400879,5.002412796020508,0.1210165023803711
s_oyster_4,resnet50_geirhos_tl,8,4,76,76,80.0,80.0,5.123429298400879,4.980444431304932,0.14298486709594727
s_oyster_4,resnet50_geirhos_tl,8,4,76,80,80.0,84.0,5.123429298400879,4.991555213928223,0.13187408447265625
s_oyster_4,resnet50_geirhos_tl,8,4,76,84,80.0,88.0,5.123429298400879,5.069225788116455,0.05420351028442383
s_oyster_4,resnet50_geirhos_tl,8,4,76,88,80.0,92.0,5.123429298400879,5.1897196769714355,-0.06629037857055664
s_oyster_4,resnet50_geirhos_tl,8,4,76,92,80.0,96.0,5.123429298400879,5.1245269775390625,-0.0010976791381835938
s_oyster_4,resnet50_geirhos_tl,8,4,76,96,80.0,100.0,5.123429298400879,5.216671943664551,-0.09324264526367188
s_oyster_4,resnet50_geirhos_tl,8,4,76,100,80.0,104.0,5.123429298400879,5.239275932312012,-0.11584663391113281
s_oyster_4,resnet50_geirhos_tl,8,4,76,104,80.0,108.0,5.123429298400879,5.346796035766602,-0.22336673736572266
s_oyster_4,resnet50_geirhos_tl,8,4,76,108,80.0,112.0,5.123429298400879,5.257595062255859,-0.13416576385498047
s_oyster_4,resnet50_geirhos_tl,8,4,76,112,80.0,116.0,5.123429298400879,5.353070259094238,-0.22964096069335938
s_oyster_4,resnet50_geirhos_tl,8,4,76,116,80.0,120.0,5.123429298400879,5.288957595825195,-0.1655282974243164
s_oyster_4,resnet50_geirhos_tl,8,4,76,120,80.0,124.0,5.123429298400879,5.241432189941406,-0.11800289154052734
s_oyster_4,resnet50_geirhos_tl,8,4,76,124,80.0,128.0,5.123429298400879,5.0512590408325195,0.07217025756835938
s_oyster_4,resnet50_geirhos_tl,8,4,76,128,80.0,132.0,5.123429298400879,5.008650779724121,0.11477851867675781
s_oyster_4,resnet50_geirhos_tl,8,4,76,132,80.0,136.0,5.123429298400879,4.960531711578369,0.16289758682250977
s_oyster_4,resnet50_geirhos_tl,8,4,76,136,80.0,140.0,5.123429298400879,4.976012229919434,0.1474170684814453
s_oyster_4,resnet50_geirhos_tl,8,4,76,140,80.0,144.0,5.123429298400879,4.88006591796875,0.2433633804321289
s_oyster_4,resnet50_geirhos_tl,8,4,76,144,80.0,148.0,5.123429298400879,4.832202911376953,0.2912263870239258
s_oyster_4,resnet50_geirhos_tl,8,4,76,148,80.0,152.0,5.123429298400879,4.7598700523376465,0.3635592460632324
s_oyster_4,resnet50_geirhos_tl,8,4,76,152,80.0,156.0,5.123429298400879,4.822789669036865,0.30063962936401367
s_oyster_4,resnet50_geirhos_tl,8,4,76,156,80.0,160.0,5.123429298400879,4.811339378356934,0.3120899200439453
s_oyster_4,resnet50_geirhos_tl,8,4,76,160,80.0,164.0,5.123429298400879,4.8343729972839355,0.28905630111694336
s_oyster_4,resnet50_geirhos_tl,8,4,76,164,80.0,168.0,5.123429298400879,4.844477653503418,0.27895164489746094
s_oyster_4,resnet50_geirhos_tl,8,4,76,168,80.0,172.0,5.123429298400879,4.955427646636963,0.16800165176391602
s_oyster_4,resnet50_geirhos_tl,8,4,76,172,80.0,176.0,5.123429298400879,4.97385835647583,0.14957094192504883
s_oyster_4,resnet50_geirhos_tl,8,4,76,176,80.0,180.0,5.123429298400879,5.0279951095581055,0.09543418884277344
s_oyster_4,resnet50_geirhos_tl,8,4,76,180,80.0,184.0,5.123429298400879,5.0439453125,0.0794839859008789
s_oyster_4,resnet50_geirhos_tl,8,4,76,184,80.0,188.0,5.123429298400879,5.087146282196045,0.036283016204833984
s_oyster_4,resnet50_geirhos_tl,8,4,76,188,80.0,192.0,5.123429298400879,5.102128028869629,0.02130126953125
s_oyster_4,resnet50_geirhos_tl,8,4,76,192,80.0,196.0,5.123429298400879,5.073177337646484,0.05025196075439453
s_oyster_4,resnet50_geirhos_tl,8,4,76,196,80.0,200.0,5.123429298400879,5.07622766494751,0.04720163345336914
s_oyster_4,resnet50_geirhos_tl,8,4,76,200,80.0,204.0,5.123429298400879,5.007371425628662,0.1160578727722168
s_oyster_4,resnet50_geirhos_tl,8,4,76,204,80.0,208.0,5.123429298400879,4.9781813621521,0.1452479362487793
s_oyster_4,resnet50_geirhos_tl,8,4,76,208,80.0,212.0,5.123429298400879,4.993809223175049,0.12962007522583008
s_oyster_4,resnet50_geirhos_tl,8,4,76,212,80.0,216.0,5.123429298400879,5.014525890350342,0.10890340805053711
s_oyster_4,resnet50_geirhos_tl,8,4,76,216,80.0,220.0,5.123429298400879,5.048722267150879,0.07470703125
s_oyster_4,resnet50_geirhos_tl,8,4,80,0,84.0,4.0,5.123429298400879,5.114652156829834,0.008777141571044922
s_oyster_4,resnet50_geirhos_tl,8,4,80,4,84.0,8.0,5.123429298400879,5.182389259338379,-0.0589599609375
s_oyster_4,resnet50_geirhos_tl,8,4,80,8,84.0,12.0,5.123429298400879,5.089574813842773,0.03385448455810547
s_oyster_4,resnet50_geirhos_tl,8,4,80,12,84.0,16.0,5.123429298400879,5.026244640350342,0.09718465805053711
s_oyster_4,resnet50_geirhos_tl,8,4,80,16,84.0,20.0,5.123429298400879,4.927773952484131,0.19565534591674805
s_oyster_4,resnet50_geirhos_tl,8,4,80,20,84.0,24.0,5.123429298400879,4.934093475341797,0.18933582305908203
s_oyster_4,resnet50_geirhos_tl,8,4,80,24,84.0,28.0,5.123429298400879,4.9576005935668945,0.16582870483398438
s_oyster_4,resnet50_geirhos_tl,8,4,80,28,84.0,32.0,5.123429298400879,4.9420270919799805,0.18140220642089844
s_oyster_4,resnet50_geirhos_tl,8,4,80,32,84.0,36.0,5.123429298400879,5.003486633300781,0.11994266510009766
s_oyster_4,resnet50_geirhos_tl,8,4,80,36,84.0,40.0,5.123429298400879,4.9964494705200195,0.12697982788085938
s_oyster_4,resnet50_geirhos_tl,8,4,80,40,84.0,44.0,5.123429298400879,4.931379318237305,0.19204998016357422
s_oyster_4,resnet50_geirhos_tl,8,4,80,44,84.0,48.0,5.123429298400879,4.957535743713379,0.1658935546875
s_oyster_4,resnet50_geirhos_tl,8,4,80,48,84.0,52.0,5.123429298400879,4.939100742340088,0.18432855606079102
s_oyster_4,resnet50_geirhos_tl,8,4,80,52,84.0,56.0,5.123429298400879,4.978551387786865,0.14487791061401367
s_oyster_4,resnet50_geirhos_tl,8,4,80,56,84.0,60.0,5.123429298400879,4.90461540222168,0.21881389617919922
s_oyster_4,resnet50_geirhos_tl,8,4,80,60,84.0,64.0,5.123429298400879,4.819705963134766,0.3037233352661133
s_oyster_4,resnet50_geirhos_tl,8,4,80,64,84.0,68.0,5.123429298400879,4.82866907119751,0.29476022720336914
s_oyster_4,resnet50_geirhos_tl,8,4,80,68,84.0,72.0,5.123429298400879,4.8521728515625,0.2712564468383789
s_oyster_4,resnet50_geirhos_tl,8,4,80,72,84.0,76.0,5.123429298400879,4.96323823928833,0.16019105911254883
s_oyster_4,resnet50_geirhos_tl,8,4,80,76,84.0,80.0,5.123429298400879,4.973017692565918,0.15041160583496094
s_oyster_4,resnet50_geirhos_tl,8,4,80,80,84.0,84.0,5.123429298400879,5.002518653869629,0.12091064453125
s_oyster_4,resnet50_geirhos_tl,8,4,80,84,84.0,88.0,5.123429298400879,4.972914695739746,0.1505146026611328
s_oyster_4,resnet50_geirhos_tl,8,4,80,88,84.0,92.0,5.123429298400879,5.103165626525879,0.020263671875
s_oyster_4,resnet50_geirhos_tl,8,4,80,92,84.0,96.0,5.123429298400879,5.10001277923584,0.023416519165039062
s_oyster_4,resnet50_geirhos_tl,8,4,80,96,84.0,100.0,5.123429298400879,5.238130569458008,-0.1147012710571289
s_oyster_4,resnet50_geirhos_tl,8,4,80,100,84.0,104.0,5.123429298400879,5.15856409072876,-0.03513479232788086
s_oyster_4,resnet50_geirhos_tl,8,4,80,104,84.0,108.0,5.123429298400879,5.297470569610596,-0.1740412712097168
s_oyster_4,resnet50_geirhos_tl,8,4,80,108,84.0,112.0,5.123429298400879,5.3642072677612305,-0.24077796936035156
s_oyster_4,resnet50_geirhos_tl,8,4,80,112,84.0,116.0,5.123429298400879,5.362453460693359,-0.23902416229248047
s_oyster_4,resnet50_geirhos_tl,8,4,80,116,84.0,120.0,5.123429298400879,5.27425479888916,-0.15082550048828125
s_oyster_4,resnet50_geirhos_tl,8,4,80,120,84.0,124.0,5.123429298400879,5.109015464782715,0.014413833618164062
s_oyster_4,resnet50_geirhos_tl,8,4,80,124,84.0,128.0,5.123429298400879,5.074812412261963,0.048616886138916016
s_oyster_4,resnet50_geirhos_tl,8,4,80,128,84.0,132.0,5.123429298400879,4.992464065551758,0.1309652328491211
s_oyster_4,resnet50_geirhos_tl,8,4,80,132,84.0,136.0,5.123429298400879,4.920240879058838,0.20318841934204102
s_oyster_4,resnet50_geirhos_tl,8,4,80,136,84.0,140.0,5.123429298400879,4.806661605834961,0.31676769256591797
s_oyster_4,resnet50_geirhos_tl,8,4,80,140,84.0,144.0,5.123429298400879,4.850164890289307,0.27326440811157227
s_oyster_4,resnet50_geirhos_tl,8,4,80,144,84.0,148.0,5.123429298400879,4.81472110748291,0.30870819091796875
s_oyster_4,resnet50_geirhos_tl,8,4,80,148,84.0,152.0,5.123429298400879,4.882887363433838,0.24054193496704102
s_oyster_4,resnet50_geirhos_tl,8,4,80,152,84.0,156.0,5.123429298400879,4.769314765930176,0.3541145324707031
s_oyster_4,resnet50_geirhos_tl,8,4,80,156,84.0,160.0,5.123429298400879,4.854342937469482,0.2690863609313965
s_oyster_4,resnet50_geirhos_tl,8,4,80,160,84.0,164.0,5.123429298400879,4.8287200927734375,0.2947092056274414
s_oyster_4,resnet50_geirhos_tl,8,4,80,164,84.0,168.0,5.123429298400879,4.83676815032959,0.28666114807128906
s_oyster_4,resnet50_geirhos_tl,8,4,80,168,84.0,172.0,5.123429298400879,4.942820072174072,0.18060922622680664
s_oyster_4,resnet50_geirhos_tl,8,4,80,172,84.0,176.0,5.123429298400879,4.947951793670654,0.1754775047302246
s_oyster_4,resnet50_geirhos_tl,8,4,80,176,84.0,180.0,5.123429298400879,4.991135597229004,0.132293701171875
s_oyster_4,resnet50_geirhos_tl,8,4,80,180,84.0,184.0,5.123429298400879,4.995630741119385,0.12779855728149414
s_oyster_4,resnet50_geirhos_tl,8,4,80,184,84.0,188.0,5.123429298400879,5.035944938659668,0.08748435974121094
s_oyster_4,resnet50_geirhos_tl,8,4,80,188,84.0,192.0,5.123429298400879,5.032661437988281,0.09076786041259766
s_oyster_4,resnet50_geirhos_tl,8,4,80,192,84.0,196.0,5.123429298400879,5.031100273132324,0.09232902526855469
s_oyster_4,resnet50_geirhos_tl,8,4,80,196,84.0,200.0,5.123429298400879,5.06006383895874,0.06336545944213867
s_oyster_4,resnet50_geirhos_tl,8,4,80,200,84.0,204.0,5.123429298400879,4.959753036499023,0.16367626190185547
s_oyster_4,resnet50_geirhos_tl,8,4,80,204,84.0,208.0,5.123429298400879,4.992615699768066,0.1308135986328125
s_oyster_4,resnet50_geirhos_tl,8,4,80,208,84.0,212.0,5.123429298400879,5.029509544372559,0.09391975402832031
s_oyster_4,resnet50_geirhos_tl,8,4,80,212,84.0,216.0,5.123429298400879,5.012396812438965,0.11103248596191406
s_oyster_4,resnet50_geirhos_tl,8,4,80,216,84.0,220.0,5.123429298400879,5.043952941894531,0.07947635650634766
s_oyster_4,resnet50_geirhos_tl,8,4,84,0,88.0,4.0,5.123429298400879,5.110324859619141,0.013104438781738281
s_oyster_4,resnet50_geirhos_tl,8,4,84,4,88.0,8.0,5.123429298400879,5.162588119506836,-0.03915882110595703
s_oyster_4,resnet50_geirhos_tl,8,4,84,8,88.0,12.0,5.123429298400879,5.078558444976807,0.044870853424072266
s_oyster_4,resnet50_geirhos_tl,8,4,84,12,88.0,16.0,5.123429298400879,4.9232401847839355,0.20018911361694336
s_oyster_4,resnet50_geirhos_tl,8,4,84,16,88.0,20.0,5.123429298400879,4.885202884674072,0.23822641372680664
s_oyster_4,resnet50_geirhos_tl,8,4,84,20,88.0,24.0,5.123429298400879,4.948811054229736,0.17461824417114258
s_oyster_4,resnet50_geirhos_tl,8,4,84,24,88.0,28.0,5.123429298400879,4.913028717041016,0.21040058135986328
s_oyster_4,resnet50_geirhos_tl,8,4,84,28,88.0,32.0,5.123429298400879,4.893033027648926,0.23039627075195312
s_oyster_4,resnet50_geirhos_tl,8,4,84,32,88.0,36.0,5.123429298400879,4.989693641662598,0.13373565673828125
s_oyster_4,resnet50_geirhos_tl,8,4,84,36,88.0,40.0,5.123429298400879,4.971005916595459,0.15242338180541992
s_oyster_4,resnet50_geirhos_tl,8,4,84,40,88.0,44.0,5.123429298400879,4.989203453063965,0.13422584533691406
s_oyster_4,resnet50_geirhos_tl,8,4,84,44,88.0,48.0,5.123429298400879,5.015078067779541,0.10835123062133789
s_oyster_4,resnet50_geirhos_tl,8,4,84,48,88.0,52.0,5.123429298400879,4.997887134552002,0.12554216384887695
s_oyster_4,resnet50_geirhos_tl,8,4,84,52,88.0,56.0,5.123429298400879,4.94217586517334,0.18125343322753906
s_oyster_4,resnet50_geirhos_tl,8,4,84,56,88.0,60.0,5.123429298400879,4.8929572105407715,0.23047208786010742
s_oyster_4,resnet50_geirhos_tl,8,4,84,60,88.0,64.0,5.123429298400879,4.868627071380615,0.25480222702026367
s_oyster_4,resnet50_geirhos_tl,8,4,84,64,88.0,68.0,5.123429298400879,4.889009952545166,0.2344193458557129
s_oyster_4,resnet50_geirhos_tl,8,4,84,68,88.0,72.0,5.123429298400879,4.893960952758789,0.22946834564208984
s_oyster_4,resnet50_geirhos_tl,8,4,84,72,88.0,76.0,5.123429298400879,4.992751598358154,0.1306777000427246
s_oyster_4,resnet50_geirhos_tl,8,4,84,76,88.0,80.0,5.123429298400879,5.004197597503662,0.1192317008972168
s_oyster_4,resnet50_geirhos_tl,8,4,84,80,88.0,84.0,5.123429298400879,5.092571258544922,0.03085803985595703
s_oyster_4,resnet50_geirhos_tl,8,4,84,84,88.0,88.0,5.123429298400879,5.074967384338379,0.0484619140625
s_oyster_4,resnet50_geirhos_tl,8,4,84,88,88.0,92.0,5.123429298400879,5.187997817993164,-0.06456851959228516
s_oyster_4,resnet50_geirhos_tl,8,4,84,92,88.0,96.0,5.123429298400879,5.147791862487793,-0.024362564086914062
s_oyster_4,resnet50_geirhos_tl,8,4,84,96,88.0,100.0,5.123429298400879,5.242314338684082,-0.11888504028320312
s_oyster_4,resnet50_geirhos_tl,8,4,84,100,88.0,104.0,5.123429298400879,5.188305377960205,-0.06487607955932617
s_oyster_4,resnet50_geirhos_tl,8,4,84,104,88.0,108.0,5.123429298400879,5.356026649475098,-0.23259735107421875
s_oyster_4,resnet50_geirhos_tl,8,4,84,108,88.0,112.0,5.123429298400879,5.367727756500244,-0.24429845809936523
s_oyster_4,resnet50_geirhos_tl,8,4,84,112,88.0,116.0,5.123429298400879,5.360138416290283,-0.2367091178894043
s_oyster_4,resnet50_geirhos_tl,8,4,84,116,88.0,120.0,5.123429298400879,5.241311550140381,-0.11788225173950195
s_oyster_4,resnet50_geirhos_tl,8,4,84,120,88.0,124.0,5.123429298400879,5.18385648727417,-0.060427188873291016
s_oyster_4,resnet50_geirhos_tl,8,4,84,124,88.0,128.0,5.123429298400879,5.045186519622803,0.07824277877807617
s_oyster_4,resnet50_geirhos_tl,8,4,84,128,88.0,132.0,5.123429298400879,4.966838836669922,0.15659046173095703
s_oyster_4,resnet50_geirhos_tl,8,4,84,132,88.0,136.0,5.123429298400879,4.898172378540039,0.22525691986083984
s_oyster_4,resnet50_geirhos_tl,8,4,84,136,88.0,140.0,5.123429298400879,4.9233503341674805,0.20007896423339844
s_oyster_4,resnet50_geirhos_tl,8,4,84,140,88.0,144.0,5.123429298400879,4.829776287078857,0.2936530113220215
s_oyster_4,resnet50_geirhos_tl,8,4,84,144,88.0,148.0,5.123429298400879,4.884475231170654,0.2389540672302246
s_oyster_4,resnet50_geirhos_tl,8,4,84,148,88.0,152.0,5.123429298400879,4.8454461097717285,0.2779831886291504
s_oyster_4,resnet50_geirhos_tl,8,4,84,152,88.0,156.0,5.123429298400879,4.952877521514893,0.17055177688598633
s_oyster_4,resnet50_geirhos_tl,8,4,84,156,88.0,160.0,5.123429298400879,4.98292350769043,0.14050579071044922
s_oyster_4,resnet50_geirhos_tl,8,4,84,160,88.0,164.0,5.123429298400879,4.935931205749512,0.1874980926513672
s_oyster_4,resnet50_geirhos_tl,8,4,84,164,88.0,168.0,5.123429298400879,4.867810249328613,0.2556190490722656
s_oyster_4,resnet50_geirhos_tl,8,4,84,168,88.0,172.0,5.123429298400879,4.988893508911133,0.1345357894897461
s_oyster_4,resnet50_geirhos_tl,8,4,84,172,88.0,176.0,5.123429298400879,4.959854602813721,0.1635746955871582
s_oyster_4,resnet50_geirhos_tl,8,4,84,176,88.0,180.0,5.123429298400879,5.0228986740112305,0.10053062438964844
s_oyster_4,resnet50_geirhos_tl,8,4,84,180,88.0,184.0,5.123429298400879,4.998813152313232,0.12461614608764648
s_oyster_4,resnet50_geirhos_tl,8,4,84,184,88.0,188.0,5.123429298400879,5.0465168952941895,0.07691240310668945
s_oyster_4,resnet50_geirhos_tl,8,4,84,188,88.0,192.0,5.123429298400879,4.943944931030273,0.17948436737060547
s_oyster_4,resnet50_geirhos_tl,8,4,84,192,88.0,196.0,5.123429298400879,5.148756980895996,-0.025327682495117188
s_oyster_4,resnet50_geirhos_tl,8,4,84,196,88.0,200.0,5.123429298400879,5.058018207550049,0.06541109085083008
s_oyster_4,resnet50_geirhos_tl,8,4,84,200,88.0,204.0,5.123429298400879,5.013172149658203,0.11025714874267578
s_oyster_4,resnet50_geirhos_tl,8,4,84,204,88.0,208.0,5.123429298400879,4.9622392654418945,0.16119003295898438
s_oyster_4,resnet50_geirhos_tl,8,4,84,208,88.0,212.0,5.123429298400879,5.017180442810059,0.10624885559082031
s_oyster_4,resnet50_geirhos_tl,8,4,84,212,88.0,216.0,5.123429298400879,4.9691643714904785,0.1542649269104004
s_oyster_4,resnet50_geirhos_tl,8,4,84,216,88.0,220.0,5.123429298400879,5.029891490936279,0.09353780746459961
s_oyster_4,resnet50_geirhos_tl,8,4,88,0,92.0,4.0,5.123429298400879,5.1173176765441895,0.006111621856689453
s_oyster_4,resnet50_geirhos_tl,8,4,88,4,92.0,8.0,5.123429298400879,5.1441330909729,-0.020703792572021484
s_oyster_4,resnet50_geirhos_tl,8,4,88,8,92.0,12.0,5.123429298400879,5.050972938537598,0.07245635986328125
s_oyster_4,resnet50_geirhos_tl,8,4,88,12,92.0,16.0,5.123429298400879,4.881348133087158,0.2420811653137207
s_oyster_4,resnet50_geirhos_tl,8,4,88,16,92.0,20.0,5.123429298400879,4.93837833404541,0.18505096435546875
s_oyster_4,resnet50_geirhos_tl,8,4,88,20,92.0,24.0,5.123429298400879,4.971487998962402,0.15194129943847656
s_oyster_4,resnet50_geirhos_tl,8,4,88,24,92.0,28.0,5.123429298400879,4.877419948577881,0.24600934982299805
s_oyster_4,resnet50_geirhos_tl,8,4,88,28,92.0,32.0,5.123429298400879,4.906466960906982,0.21696233749389648
s_oyster_4,resnet50_geirhos_tl,8,4,88,32,92.0,36.0,5.123429298400879,4.893939971923828,0.22948932647705078
s_oyster_4,resnet50_geirhos_tl,8,4,88,36,92.0,40.0,5.123429298400879,4.937715530395508,0.1857137680053711
s_oyster_4,resnet50_geirhos_tl,8,4,88,40,92.0,44.0,5.123429298400879,4.891110897064209,0.23231840133666992
s_oyster_4,resnet50_geirhos_tl,8,4,88,44,92.0,48.0,5.123429298400879,4.91306734085083,0.21036195755004883
s_oyster_4,resnet50_geirhos_tl,8,4,88,48,92.0,52.0,5.123429298400879,4.846835136413574,0.2765941619873047
s_oyster_4,resnet50_geirhos_tl,8,4,88,52,92.0,56.0,5.123429298400879,4.834269046783447,0.28916025161743164
s_oyster_4,resnet50_geirhos_tl,8,4,88,56,92.0,60.0,5.123429298400879,4.834871292114258,0.2885580062866211
s_oyster_4,resnet50_geirhos_tl,8,4,88,60,92.0,64.0,5.123429298400879,4.834385395050049,0.2890439033508301
s_oyster_4,resnet50_geirhos_tl,8,4,88,64,92.0,68.0,5.123429298400879,4.900518894195557,0.22291040420532227
s_oyster_4,resnet50_geirhos_tl,8,4,88,68,92.0,72.0,5.123429298400879,4.985125541687012,0.1383037567138672
s_oyster_4,resnet50_geirhos_tl,8,4,88,72,92.0,76.0,5.123429298400879,4.970066547393799,0.15336275100708008
s_oyster_4,resnet50_geirhos_tl,8,4,88,76,92.0,80.0,5.123429298400879,4.995683670043945,0.1277456283569336
s_oyster_4,resnet50_geirhos_tl,8,4,88,80,92.0,84.0,5.123429298400879,5.107565402984619,0.015863895416259766
s_oyster_4,resnet50_geirhos_tl,8,4,88,84,92.0,88.0,5.123429298400879,5.191866874694824,-0.06843757629394531
s_oyster_4,resnet50_geirhos_tl,8,4,88,88,92.0,92.0,5.123429298400879,5.366612911224365,-0.24318361282348633
s_oyster_4,resnet50_geirhos_tl,8,4,88,92,92.0,96.0,5.123429298400879,5.292730808258057,-0.16930150985717773
s_oyster_4,resnet50_geirhos_tl,8,4,88,96,92.0,100.0,5.123429298400879,5.341238021850586,-0.21780872344970703
s_oyster_4,resnet50_geirhos_tl,8,4,88,100,92.0,104.0,5.123429298400879,5.381312370300293,-0.25788307189941406
s_oyster_4,resnet50_geirhos_tl,8,4,88,104,92.0,108.0,5.123429298400879,5.34220027923584,-0.21877098083496094
s_oyster_4,resnet50_geirhos_tl,8,4,88,108,92.0,112.0,5.123429298400879,5.276527404785156,-0.15309810638427734
s_oyster_4,resnet50_geirhos_tl,8,4,88,112,92.0,116.0,5.123429298400879,5.209138870239258,-0.0857095718383789
s_oyster_4,resnet50_geirhos_tl,8,4,88,116,92.0,120.0,5.123429298400879,5.140798091888428,-0.017368793487548828
s_oyster_4,resnet50_geirhos_tl,8,4,88,120,92.0,124.0,5.123429298400879,5.022971153259277,0.10045814514160156
s_oyster_4,resnet50_geirhos_tl,8,4,88,124,92.0,128.0,5.123429298400879,4.84023904800415,0.2831902503967285
s_oyster_4,resnet50_geirhos_tl,8,4,88,128,92.0,132.0,5.123429298400879,4.742222309112549,0.3812069892883301
s_oyster_4,resnet50_geirhos_tl,8,4,88,132,92.0,136.0,5.123429298400879,4.746627330780029,0.3768019676208496
s_oyster_4,resnet50_geirhos_tl,8,4,88,136,92.0,140.0,5.123429298400879,4.772945880889893,0.35048341751098633
s_oyster_4,resnet50_geirhos_tl,8,4,88,140,92.0,144.0,5.123429298400879,4.744316101074219,0.37911319732666016
s_oyster_4,resnet50_geirhos_tl,8,4,88,144,92.0,148.0,5.123429298400879,4.758230209350586,0.36519908905029297
s_oyster_4,resnet50_geirhos_tl,8,4,88,148,92.0,152.0,5.123429298400879,4.834918022155762,0.2885112762451172
s_oyster_4,resnet50_geirhos_tl,8,4,88,152,92.0,156.0,5.123429298400879,4.879938125610352,0.24349117279052734
s_oyster_4,resnet50_geirhos_tl,8,4,88,156,92.0,160.0,5.123429298400879,4.919529438018799,0.20389986038208008
s_oyster_4,resnet50_geirhos_tl,8,4,88,160,92.0,164.0,5.123429298400879,4.837278842926025,0.2861504554748535
s_oyster_4,resnet50_geirhos_tl,8,4,88,164,92.0,168.0,5.123429298400879,4.858800411224365,0.26462888717651367
s_oyster_4,resnet50_geirhos_tl,8,4,88,168,92.0,172.0,5.123429298400879,4.976202011108398,0.14722728729248047
s_oyster_4,resnet50_geirhos_tl,8,4,88,172,92.0,176.0,5.123429298400879,4.907818794250488,0.21561050415039062
s_oyster_4,resnet50_geirhos_tl,8,4,88,176,92.0,180.0,5.123429298400879,4.97228479385376,0.15114450454711914
s_oyster_4,resnet50_geirhos_tl,8,4,88,180,92.0,184.0,5.123429298400879,5.0120038986206055,0.11142539978027344
s_oyster_4,resnet50_geirhos_tl,8,4,88,184,92.0,188.0,5.123429298400879,5.002099990844727,0.12132930755615234
s_oyster_4,resnet50_geirhos_tl,8,4,88,188,92.0,192.0,5.123429298400879,4.9820451736450195,0.14138412475585938
s_oyster_4,resnet50_geirhos_tl,8,4,88,192,92.0,196.0,5.123429298400879,5.094532012939453,0.02889728546142578
s_oyster_4,resnet50_geirhos_tl,8,4,88,196,92.0,200.0,5.123429298400879,5.0603203773498535,0.06310892105102539
s_oyster_4,resnet50_geirhos_tl,8,4,88,200,92.0,204.0,5.123429298400879,4.968604564666748,0.15482473373413086
s_oyster_4,resnet50_geirhos_tl,8,4,88,204,92.0,208.0,5.123429298400879,4.978675842285156,0.14475345611572266
s_oyster_4,resnet50_geirhos_tl,8,4,88,208,92.0,212.0,5.123429298400879,4.983974456787109,0.13945484161376953
s_oyster_4,resnet50_geirhos_tl,8,4,88,212,92.0,216.0,5.123429298400879,4.96810245513916,0.15532684326171875
s_oyster_4,resnet50_geirhos_tl,8,4,88,216,92.0,220.0,5.123429298400879,5.002147674560547,0.12128162384033203
s_oyster_4,resnet50_geirhos_tl,8,4,92,0,96.0,4.0,5.123429298400879,5.135623931884766,-0.012194633483886719
s_oyster_4,resnet50_geirhos_tl,8,4,92,4,96.0,8.0,5.123429298400879,5.19099760055542,-0.06756830215454102
s_oyster_4,resnet50_geirhos_tl,8,4,92,8,96.0,12.0,5.123429298400879,5.032893657684326,0.09053564071655273
s_oyster_4,resnet50_geirhos_tl,8,4,92,12,96.0,16.0,5.123429298400879,4.927416801452637,0.1960124969482422
s_oyster_4,resnet50_geirhos_tl,8,4,92,16,96.0,20.0,5.123429298400879,5.020220756530762,0.10320854187011719
s_oyster_4,resnet50_geirhos_tl,8,4,92,20,96.0,24.0,5.123429298400879,5.020054340362549,0.10337495803833008
s_oyster_4,resnet50_geirhos_tl,8,4,92,24,96.0,28.0,5.123429298400879,4.889925003051758,0.2335042953491211
s_oyster_4,resnet50_geirhos_tl,8,4,92,28,96.0,32.0,5.123429298400879,4.898352146148682,0.22507715225219727
s_oyster_4,resnet50_geirhos_tl,8,4,92,32,96.0,36.0,5.123429298400879,4.826137542724609,0.29729175567626953
s_oyster_4,resnet50_geirhos_tl,8,4,92,36,96.0,40.0,5.123429298400879,4.86321496963501,0.26021432876586914
s_oyster_4,resnet50_geirhos_tl,8,4,92,40,96.0,44.0,5.123429298400879,4.801223278045654,0.3222060203552246
s_oyster_4,resnet50_geirhos_tl,8,4,92,44,96.0,48.0,5.123429298400879,4.763363361358643,0.36006593704223633
s_oyster_4,resnet50_geirhos_tl,8,4,92,48,96.0,52.0,5.123429298400879,4.6987810134887695,0.4246482849121094
s_oyster_4,resnet50_geirhos_tl,8,4,92,52,96.0,56.0,5.123429298400879,4.735568046569824,0.3878612518310547
s_oyster_4,resnet50_geirhos_tl,8,4,92,56,96.0,60.0,5.123429298400879,4.773806571960449,0.3496227264404297
s_oyster_4,resnet50_geirhos_tl,8,4,92,60,96.0,64.0,5.123429298400879,4.747905254364014,0.37552404403686523
s_oyster_4,resnet50_geirhos_tl,8,4,92,64,96.0,68.0,5.123429298400879,4.857187271118164,0.26624202728271484
s_oyster_4,resnet50_geirhos_tl,8,4,92,68,96.0,72.0,5.123429298400879,4.926000595092773,0.19742870330810547
s_oyster_4,resnet50_geirhos_tl,8,4,92,72,96.0,76.0,5.123429298400879,4.92896032333374,0.19446897506713867
s_oyster_4,resnet50_geirhos_tl,8,4,92,76,96.0,80.0,5.123429298400879,5.00255012512207,0.1208791732788086
s_oyster_4,resnet50_geirhos_tl,8,4,92,80,96.0,84.0,5.123429298400879,5.101192951202393,0.022236347198486328
s_oyster_4,resnet50_geirhos_tl,8,4,92,84,96.0,88.0,5.123429298400879,5.112305164337158,0.011124134063720703
s_oyster_4,resnet50_geirhos_tl,8,4,92,88,96.0,92.0,5.123429298400879,5.257162570953369,-0.13373327255249023
s_oyster_4,resnet50_geirhos_tl,8,4,92,92,96.0,96.0,5.123429298400879,5.279352188110352,-0.15592288970947266
s_oyster_4,resnet50_geirhos_tl,8,4,92,96,96.0,100.0,5.123429298400879,5.352437973022461,-0.22900867462158203
s_oyster_4,resnet50_geirhos_tl,8,4,92,100,96.0,104.0,5.123429298400879,5.32286262512207,-0.1994333267211914
s_oyster_4,resnet50_geirhos_tl,8,4,92,104,96.0,108.0,5.123429298400879,5.264184951782227,-0.14075565338134766
s_oyster_4,resnet50_geirhos_tl,8,4,92,108,96.0,112.0,5.123429298400879,5.247016906738281,-0.12358760833740234
s_oyster_4,resnet50_geirhos_tl,8,4,92,112,96.0,116.0,5.123429298400879,5.367503643035889,-0.24407434463500977
s_oyster_4,resnet50_geirhos_tl,8,4,92,116,96.0,120.0,5.123429298400879,5.16408634185791,-0.04065704345703125
s_oyster_4,resnet50_geirhos_tl,8,4,92,120,96.0,124.0,5.123429298400879,5.004648685455322,0.11878061294555664
s_oyster_4,resnet50_geirhos_tl,8,4,92,124,96.0,128.0,5.123429298400879,4.8221049308776855,0.30132436752319336
s_oyster_4,resnet50_geirhos_tl,8,4,92,128,96.0,132.0,5.123429298400879,4.757927417755127,0.36550188064575195
s_oyster_4,resnet50_geirhos_tl,8,4,92,132,96.0,136.0,5.123429298400879,4.689394474029541,0.4340348243713379
s_oyster_4,resnet50_geirhos_tl,8,4,92,136,96.0,140.0,5.123429298400879,4.761636734008789,0.36179256439208984
s_oyster_4,resnet50_geirhos_tl,8,4,92,140,96.0,144.0,5.123429298400879,4.7727155685424805,0.35071372985839844
s_oyster_4,resnet50_geirhos_tl,8,4,92,144,96.0,148.0,5.123429298400879,4.845417022705078,0.2780122756958008
s_oyster_4,resnet50_geirhos_tl,8,4,92,148,96.0,152.0,5.123429298400879,4.896660804748535,0.22676849365234375
s_oyster_4,resnet50_geirhos_tl,8,4,92,152,96.0,156.0,5.123429298400879,4.927818775177002,0.19561052322387695
s_oyster_4,resnet50_geirhos_tl,8,4,92,156,96.0,160.0,5.123429298400879,4.931650638580322,0.19177865982055664
s_oyster_4,resnet50_geirhos_tl,8,4,92,160,96.0,164.0,5.123429298400879,4.86767578125,0.2557535171508789
s_oyster_4,resnet50_geirhos_tl,8,4,92,164,96.0,168.0,5.123429298400879,4.879676342010498,0.24375295639038086
s_oyster_4,resnet50_geirhos_tl,8,4,92,168,96.0,172.0,5.123429298400879,4.996603488922119,0.12682580947875977
s_oyster_4,resnet50_geirhos_tl,8,4,92,172,96.0,176.0,5.123429298400879,4.965615749359131,0.15781354904174805
s_oyster_4,resnet50_geirhos_tl,8,4,92,176,96.0,180.0,5.123429298400879,5.000729560852051,0.12269973754882812
s_oyster_4,resnet50_geirhos_tl,8,4,92,180,96.0,184.0,5.123429298400879,4.948168754577637,0.1752605438232422
s_oyster_4,resnet50_geirhos_tl,8,4,92,184,96.0,188.0,5.123429298400879,4.991072177886963,0.13235712051391602
s_oyster_4,resnet50_geirhos_tl,8,4,92,188,96.0,192.0,5.123429298400879,5.1203460693359375,0.0030832290649414062
s_oyster_4,resnet50_geirhos_tl,8,4,92,192,96.0,196.0,5.123429298400879,5.0967183113098145,0.026710987091064453
s_oyster_4,resnet50_geirhos_tl,8,4,92,196,96.0,200.0,5.123429298400879,5.033112525939941,0.0903167724609375
s_oyster_4,resnet50_geirhos_tl,8,4,92,200,96.0,204.0,5.123429298400879,4.99622106552124,0.12720823287963867
s_oyster_4,resnet50_geirhos_tl,8,4,92,204,96.0,208.0,5.123429298400879,4.9541916847229,0.16923761367797852
s_oyster_4,resnet50_geirhos_tl,8,4,92,208,96.0,212.0,5.123429298400879,4.96971321105957,0.1537160873413086
s_oyster_4,resnet50_geirhos_tl,8,4,92,212,96.0,216.0,5.123429298400879,4.957623481750488,0.16580581665039062
s_oyster_4,resnet50_geirhos_tl,8,4,92,216,96.0,220.0,5.123429298400879,4.999398708343506,0.12403059005737305
s_oyster_4,resnet50_geirhos_tl,8,4,96,0,100.0,4.0,5.123429298400879,5.14276123046875,-0.019331932067871094
s_oyster_4,resnet50_geirhos_tl,8,4,96,4,100.0,8.0,5.123429298400879,5.179630279541016,-0.05620098114013672
s_oyster_4,resnet50_geirhos_tl,8,4,96,8,100.0,12.0,5.123429298400879,4.96466064453125,0.1587686538696289
s_oyster_4,resnet50_geirhos_tl,8,4,96,12,100.0,16.0,5.123429298400879,4.9069414138793945,0.21648788452148438
s_oyster_4,resnet50_geirhos_tl,8,4,96,16,100.0,20.0,5.123429298400879,4.9960503578186035,0.1273789405822754
s_oyster_4,resnet50_geirhos_tl,8,4,96,20,100.0,24.0,5.123429298400879,4.982186794281006,0.14124250411987305
s_oyster_4,resnet50_geirhos_tl,8,4,96,24,100.0,28.0,5.123429298400879,4.872801303863525,0.2506279945373535
s_oyster_4,resnet50_geirhos_tl,8,4,96,28,100.0,32.0,5.123429298400879,4.912870407104492,0.21055889129638672
s_oyster_4,resnet50_geirhos_tl,8,4,96,32,100.0,36.0,5.123429298400879,4.8145575523376465,0.3088717460632324
s_oyster_4,resnet50_geirhos_tl,8,4,96,36,100.0,40.0,5.123429298400879,4.8397064208984375,0.2837228775024414
s_oyster_4,resnet50_geirhos_tl,8,4,96,40,100.0,44.0,5.123429298400879,4.685628890991211,0.43780040740966797
s_oyster_4,resnet50_geirhos_tl,8,4,96,44,100.0,48.0,5.123429298400879,4.623948097229004,0.499481201171875
s_oyster_4,resnet50_geirhos_tl,8,4,96,48,100.0,52.0,5.123429298400879,4.6461310386657715,0.4772982597351074
s_oyster_4,resnet50_geirhos_tl,8,4,96,52,100.0,56.0,5.123429298400879,4.659293174743652,0.46413612365722656
s_oyster_4,resnet50_geirhos_tl,8,4,96,56,100.0,60.0,5.123429298400879,4.7578887939453125,0.3655405044555664
s_oyster_4,resnet50_geirhos_tl,8,4,96,60,100.0,64.0,5.123429298400879,4.805811405181885,0.31761789321899414
s_oyster_4,resnet50_geirhos_tl,8,4,96,64,100.0,68.0,5.123429298400879,4.905770301818848,0.21765899658203125
s_oyster_4,resnet50_geirhos_tl,8,4,96,68,100.0,72.0,5.123429298400879,4.967829704284668,0.15559959411621094
s_oyster_4,resnet50_geirhos_tl,8,4,96,72,100.0,76.0,5.123429298400879,4.999409198760986,0.12402009963989258
s_oyster_4,resnet50_geirhos_tl,8,4,96,76,100.0,80.0,5.123429298400879,5.108050346374512,0.015378952026367188
s_oyster_4,resnet50_geirhos_tl,8,4,96,80,100.0,84.0,5.123429298400879,5.155721664428711,-0.03229236602783203
s_oyster_4,resnet50_geirhos_tl,8,4,96,84,100.0,88.0,5.123429298400879,5.121521472930908,0.0019078254699707031
s_oyster_4,resnet50_geirhos_tl,8,4,96,88,100.0,92.0,5.123429298400879,5.309731960296631,-0.18630266189575195
s_oyster_4,resnet50_geirhos_tl,8,4,96,92,100.0,96.0,5.123429298400879,5.373400688171387,-0.2499713897705078
s_oyster_4,resnet50_geirhos_tl,8,4,96,96,100.0,100.0,5.123429298400879,5.293201923370361,-0.16977262496948242
s_oyster_4,resnet50_geirhos_tl,8,4,96,100,100.0,104.0,5.123429298400879,5.231314659118652,-0.10788536071777344
s_oyster_4,resnet50_geirhos_tl,8,4,96,104,100.0,108.0,5.123429298400879,5.223197937011719,-0.09976863861083984
s_oyster_4,resnet50_geirhos_tl,8,4,96,108,100.0,112.0,5.123429298400879,5.325515270233154,-0.2020859718322754
s_oyster_4,resnet50_geirhos_tl,8,4,96,112,100.0,116.0,5.123429298400879,5.358240127563477,-0.23481082916259766
s_oyster_4,resnet50_geirhos_tl,8,4,96,116,100.0,120.0,5.123429298400879,5.146461009979248,-0.02303171157836914
s_oyster_4,resnet50_geirhos_tl,8,4,96,120,100.0,124.0,5.123429298400879,4.970208168029785,0.15322113037109375
s_oyster_4,resnet50_geirhos_tl,8,4,96,124,100.0,128.0,5.123429298400879,4.724109649658203,0.3993196487426758
s_oyster_4,resnet50_geirhos_tl,8,4,96,128,100.0,132.0,5.123429298400879,4.6662774085998535,0.4571518898010254
s_oyster_4,resnet50_geirhos_tl,8,4,96,132,100.0,136.0,5.123429298400879,4.564513683319092,0.5589156150817871
s_oyster_4,resnet50_geirhos_tl,8,4,96,136,100.0,140.0,5.123429298400879,4.577484607696533,0.5459446907043457
s_oyster_4,resnet50_geirhos_tl,8,4,96,140,100.0,144.0,5.123429298400879,4.689825057983398,0.43360424041748047
s_oyster_4,resnet50_geirhos_tl,8,4,96,144,100.0,148.0,5.123429298400879,4.759016036987305,0.3644132614135742
s_oyster_4,resnet50_geirhos_tl,8,4,96,148,100.0,152.0,5.123429298400879,4.84183931350708,0.28158998489379883
s_oyster_4,resnet50_geirhos_tl,8,4,96,152,100.0,156.0,5.123429298400879,4.830109596252441,0.2933197021484375
s_oyster_4,resnet50_geirhos_tl,8,4,96,156,100.0,160.0,5.123429298400879,4.812342643737793,0.31108665466308594
s_oyster_4,resnet50_geirhos_tl,8,4,96,160,100.0,164.0,5.123429298400879,4.751482963562012,0.3719463348388672
s_oyster_4,resnet50_geirhos_tl,8,4,96,164,100.0,168.0,5.123429298400879,4.821835517883301,0.3015937805175781
s_oyster_4,resnet50_geirhos_tl,8,4,96,168,100.0,172.0,5.123429298400879,4.930837631225586,0.19259166717529297
s_oyster_4,resnet50_geirhos_tl,8,4,96,172,100.0,176.0,5.123429298400879,4.983413219451904,0.1400160789489746
s_oyster_4,resnet50_geirhos_tl,8,4,96,176,100.0,180.0,5.123429298400879,4.953330039978027,0.17009925842285156
s_oyster_4,resnet50_geirhos_tl,8,4,96,180,100.0,184.0,5.123429298400879,4.996286869049072,0.12714242935180664
s_oyster_4,resnet50_geirhos_tl,8,4,96,184,100.0,188.0,5.123429298400879,5.09173059463501,0.03169870376586914
s_oyster_4,resnet50_geirhos_tl,8,4,96,188,100.0,192.0,5.123429298400879,5.087656021118164,0.035773277282714844
s_oyster_4,resnet50_geirhos_tl,8,4,96,192,100.0,196.0,5.123429298400879,5.075869083404541,0.04756021499633789
s_oyster_4,resnet50_geirhos_tl,8,4,96,196,100.0,200.0,5.123429298400879,5.0117950439453125,0.1116342544555664
s_oyster_4,resnet50_geirhos_tl,8,4,96,200,100.0,204.0,5.123429298400879,4.956122875213623,0.16730642318725586
s_oyster_4,resnet50_geirhos_tl,8,4,96,204,100.0,208.0,5.123429298400879,4.957372665405273,0.16605663299560547
s_oyster_4,resnet50_geirhos_tl,8,4,96,208,100.0,212.0,5.123429298400879,4.967235088348389,0.15619421005249023
s_oyster_4,resnet50_geirhos_tl,8,4,96,212,100.0,216.0,5.123429298400879,4.9886088371276855,0.13482046127319336
s_oyster_4,resnet50_geirhos_tl,8,4,96,216,100.0,220.0,5.123429298400879,4.989411354064941,0.1340179443359375
s_oyster_4,resnet50_geirhos_tl,8,4,100,0,104.0,4.0,5.123429298400879,5.141718864440918,-0.018289566040039062
s_oyster_4,resnet50_geirhos_tl,8,4,100,4,104.0,8.0,5.123429298400879,5.111137866973877,0.012291431427001953
s_oyster_4,resnet50_geirhos_tl,8,4,100,8,104.0,12.0,5.123429298400879,4.964512348175049,0.15891695022583008
s_oyster_4,resnet50_geirhos_tl,8,4,100,12,104.0,16.0,5.123429298400879,4.846922874450684,0.2765064239501953
s_oyster_4,resnet50_geirhos_tl,8,4,100,16,104.0,20.0,5.123429298400879,4.889850616455078,0.23357868194580078
s_oyster_4,resnet50_geirhos_tl,8,4,100,20,104.0,24.0,5.123429298400879,4.918107509613037,0.2053217887878418
s_oyster_4,resnet50_geirhos_tl,8,4,100,24,104.0,28.0,5.123429298400879,4.890091419219971,0.2333378791809082
s_oyster_4,resnet50_geirhos_tl,8,4,100,28,104.0,32.0,5.123429298400879,4.885453701019287,0.2379755973815918
s_oyster_4,resnet50_geirhos_tl,8,4,100,32,104.0,36.0,5.123429298400879,4.819429397583008,0.3039999008178711
s_oyster_4,resnet50_geirhos_tl,8,4,100,36,104.0,40.0,5.123429298400879,4.823278903961182,0.30015039443969727
s_oyster_4,resnet50_geirhos_tl,8,4,100,40,104.0,44.0,5.123429298400879,4.801092147827148,0.32233715057373047
s_oyster_4,resnet50_geirhos_tl,8,4,100,44,104.0,48.0,5.123429298400879,4.729679584503174,0.3937497138977051
s_oyster_4,resnet50_geirhos_tl,8,4,100,48,104.0,52.0,5.123429298400879,4.68135404586792,0.442075252532959
s_oyster_4,resnet50_geirhos_tl,8,4,100,52,104.0,56.0,5.123429298400879,4.7193603515625,0.4040689468383789
s_oyster_4,resnet50_geirhos_tl,8,4,100,56,104.0,60.0,5.123429298400879,4.727038383483887,0.3963909149169922
s_oyster_4,resnet50_geirhos_tl,8,4,100,60,104.0,64.0,5.123429298400879,4.7772369384765625,0.3461923599243164
s_oyster_4,resnet50_geirhos_tl,8,4,100,64,104.0,68.0,5.123429298400879,4.87946081161499,0.24396848678588867
s_oyster_4,resnet50_geirhos_tl,8,4,100,68,104.0,72.0,5.123429298400879,4.976995468139648,0.14643383026123047
s_oyster_4,resnet50_geirhos_tl,8,4,100,72,104.0,76.0,5.123429298400879,4.966525554656982,0.15690374374389648
s_oyster_4,resnet50_geirhos_tl,8,4,100,76,104.0,80.0,5.123429298400879,5.078642845153809,0.04478645324707031
s_oyster_4,resnet50_geirhos_tl,8,4,100,80,104.0,84.0,5.123429298400879,5.123399257659912,3.0040740966796875e-05
s_oyster_4,resnet50_geirhos_tl,8,4,100,84,104.0,88.0,5.123429298400879,5.115116119384766,0.008313179016113281
s_oyster_4,resnet50_geirhos_tl,8,4,100,88,104.0,92.0,5.123429298400879,5.234111785888672,-0.11068248748779297
s_oyster_4,resnet50_geirhos_tl,8,4,100,92,104.0,96.0,5.123429298400879,5.309021949768066,-0.1855926513671875
s_oyster_4,resnet50_geirhos_tl,8,4,100,96,104.0,100.0,5.123429298400879,5.302618503570557,-0.17918920516967773
s_oyster_4,resnet50_geirhos_tl,8,4,100,100,104.0,104.0,5.123429298400879,5.213845252990723,-0.09041595458984375
s_oyster_4,resnet50_geirhos_tl,8,4,100,104,104.0,108.0,5.123429298400879,5.208881378173828,-0.08545207977294922
s_oyster_4,resnet50_geirhos_tl,8,4,100,108,104.0,112.0,5.123429298400879,5.253974914550781,-0.13054561614990234
s_oyster_4,resnet50_geirhos_tl,8,4,100,112,104.0,116.0,5.123429298400879,5.294136047363281,-0.17070674896240234
s_oyster_4,resnet50_geirhos_tl,8,4,100,116,104.0,120.0,5.123429298400879,5.043547630310059,0.07988166809082031
s_oyster_4,resnet50_geirhos_tl,8,4,100,120,104.0,124.0,5.123429298400879,4.803704261779785,0.31972503662109375
s_oyster_4,resnet50_geirhos_tl,8,4,100,124,104.0,128.0,5.123429298400879,4.573139190673828,0.5502901077270508
s_oyster_4,resnet50_geirhos_tl,8,4,100,128,104.0,132.0,5.123429298400879,4.560950756072998,0.5624785423278809
s_oyster_4,resnet50_geirhos_tl,8,4,100,132,104.0,136.0,5.123429298400879,4.403088569641113,0.7203407287597656
s_oyster_4,resnet50_geirhos_tl,8,4,100,136,104.0,140.0,5.123429298400879,4.564120292663574,0.5593090057373047
s_oyster_4,resnet50_geirhos_tl,8,4,100,140,104.0,144.0,5.123429298400879,4.624341011047363,0.4990882873535156
s_oyster_4,resnet50_geirhos_tl,8,4,100,144,104.0,148.0,5.123429298400879,4.820518970489502,0.30291032791137695
s_oyster_4,resnet50_geirhos_tl,8,4,100,148,104.0,152.0,5.123429298400879,4.833225727081299,0.2902035713195801
s_oyster_4,resnet50_geirhos_tl,8,4,100,152,104.0,156.0,5.123429298400879,4.923247337341309,0.2001819610595703
s_oyster_4,resnet50_geirhos_tl,8,4,100,156,104.0,160.0,5.123429298400879,4.903952598571777,0.21947669982910156
s_oyster_4,resnet50_geirhos_tl,8,4,100,160,104.0,164.0,5.123429298400879,4.852121353149414,0.27130794525146484
s_oyster_4,resnet50_geirhos_tl,8,4,100,164,104.0,168.0,5.123429298400879,4.841182708740234,0.28224658966064453
s_oyster_4,resnet50_geirhos_tl,8,4,100,168,104.0,172.0,5.123429298400879,4.941621780395508,0.1818075180053711
s_oyster_4,resnet50_geirhos_tl,8,4,100,172,104.0,176.0,5.123429298400879,4.972346305847168,0.15108299255371094
s_oyster_4,resnet50_geirhos_tl,8,4,100,176,104.0,180.0,5.123429298400879,4.977904796600342,0.1455245018005371
s_oyster_4,resnet50_geirhos_tl,8,4,100,180,104.0,184.0,5.123429298400879,5.102208137512207,0.021221160888671875
s_oyster_4,resnet50_geirhos_tl,8,4,100,184,104.0,188.0,5.123429298400879,5.0909342765808105,0.03249502182006836
s_oyster_4,resnet50_geirhos_tl,8,4,100,188,104.0,192.0,5.123429298400879,5.1262712478637695,-0.002841949462890625
s_oyster_4,resnet50_geirhos_tl,8,4,100,192,104.0,196.0,5.123429298400879,5.114181041717529,0.00924825668334961
s_oyster_4,resnet50_geirhos_tl,8,4,100,196,104.0,200.0,5.123429298400879,5.0465898513793945,0.07683944702148438
s_oyster_4,resnet50_geirhos_tl,8,4,100,200,104.0,204.0,5.123429298400879,4.966629505157471,0.1567997932434082
s_oyster_4,resnet50_geirhos_tl,8,4,100,204,104.0,208.0,5.123429298400879,4.905849933624268,0.21757936477661133
s_oyster_4,resnet50_geirhos_tl,8,4,100,208,104.0,212.0,5.123429298400879,4.917393684387207,0.20603561401367188
s_oyster_4,resnet50_geirhos_tl,8,4,100,212,104.0,216.0,5.123429298400879,4.938889980316162,0.1845393180847168
s_oyster_4,resnet50_geirhos_tl,8,4,100,216,104.0,220.0,5.123429298400879,5.010224342346191,0.1132049560546875
s_oyster_4,resnet50_geirhos_tl,8,4,104,0,108.0,4.0,5.123429298400879,5.13491153717041,-0.01148223876953125
s_oyster_4,resnet50_geirhos_tl,8,4,104,4,108.0,8.0,5.123429298400879,5.060013294219971,0.0634160041809082
s_oyster_4,resnet50_geirhos_tl,8,4,104,8,108.0,12.0,5.123429298400879,4.841942310333252,0.28148698806762695
s_oyster_4,resnet50_geirhos_tl,8,4,104,12,108.0,16.0,5.123429298400879,4.790005683898926,0.3334236145019531
s_oyster_4,resnet50_geirhos_tl,8,4,104,16,108.0,20.0,5.123429298400879,4.808908462524414,0.31452083587646484
s_oyster_4,resnet50_geirhos_tl,8,4,104,20,108.0,24.0,5.123429298400879,4.894447326660156,0.22898197174072266
s_oyster_4,resnet50_geirhos_tl,8,4,104,24,108.0,28.0,5.123429298400879,4.786153793334961,0.33727550506591797
s_oyster_4,resnet50_geirhos_tl,8,4,104,28,108.0,32.0,5.123429298400879,4.8887224197387695,0.23470687866210938
s_oyster_4,resnet50_geirhos_tl,8,4,104,32,108.0,36.0,5.123429298400879,4.7725830078125,0.3508462905883789
s_oyster_4,resnet50_geirhos_tl,8,4,104,36,108.0,40.0,5.123429298400879,4.760179042816162,0.3632502555847168
s_oyster_4,resnet50_geirhos_tl,8,4,104,40,108.0,44.0,5.123429298400879,4.7217607498168945,0.4016685485839844
s_oyster_4,resnet50_geirhos_tl,8,4,104,44,108.0,48.0,5.123429298400879,4.705934047698975,0.4174952507019043
s_oyster_4,resnet50_geirhos_tl,8,4,104,48,108.0,52.0,5.123429298400879,4.643312931060791,0.4801163673400879
s_oyster_4,resnet50_geirhos_tl,8,4,104,52,108.0,56.0,5.123429298400879,4.616767406463623,0.5066618919372559
s_oyster_4,resnet50_geirhos_tl,8,4,104,56,108.0,60.0,5.123429298400879,4.546285629272461,0.577143669128418
s_oyster_4,resnet50_geirhos_tl,8,4,104,60,108.0,64.0,5.123429298400879,4.627111434936523,0.49631786346435547
s_oyster_4,resnet50_geirhos_tl,8,4,104,64,108.0,68.0,5.123429298400879,4.699278354644775,0.4241509437561035
s_oyster_4,resnet50_geirhos_tl,8,4,104,68,108.0,72.0,5.123429298400879,4.852328777313232,0.2711005210876465
s_oyster_4,resnet50_geirhos_tl,8,4,104,72,108.0,76.0,5.123429298400879,4.914700984954834,0.20872831344604492
s_oyster_4,resnet50_geirhos_tl,8,4,104,76,108.0,80.0,5.123429298400879,5.028398513793945,0.0950307846069336
s_oyster_4,resnet50_geirhos_tl,8,4,104,80,108.0,84.0,5.123429298400879,5.150881290435791,-0.02745199203491211
s_oyster_4,resnet50_geirhos_tl,8,4,104,84,108.0,88.0,5.123429298400879,5.171733856201172,-0.04830455780029297
s_oyster_4,resnet50_geirhos_tl,8,4,104,88,108.0,92.0,5.123429298400879,5.249724388122559,-0.1262950897216797
s_oyster_4,resnet50_geirhos_tl,8,4,104,92,108.0,96.0,5.123429298400879,5.326287269592285,-0.20285797119140625
s_oyster_4,resnet50_geirhos_tl,8,4,104,96,108.0,100.0,5.123429298400879,5.355334281921387,-0.2319049835205078
s_oyster_4,resnet50_geirhos_tl,8,4,104,100,108.0,104.0,5.123429298400879,5.24726676940918,-0.12383747100830078
s_oyster_4,resnet50_geirhos_tl,8,4,104,104,108.0,108.0,5.123429298400879,5.2388834953308105,-0.11545419692993164
s_oyster_4,resnet50_geirhos_tl,8,4,104,108,108.0,112.0,5.123429298400879,5.254453659057617,-0.13102436065673828
s_oyster_4,resnet50_geirhos_tl,8,4,104,112,108.0,116.0,5.123429298400879,5.136404037475586,-0.012974739074707031
s_oyster_4,resnet50_geirhos_tl,8,4,104,116,108.0,120.0,5.123429298400879,5.000594615936279,0.12283468246459961
s_oyster_4,resnet50_geirhos_tl,8,4,104,120,108.0,124.0,5.123429298400879,4.721189498901367,0.4022397994995117
s_oyster_4,resnet50_geirhos_tl,8,4,104,124,108.0,128.0,5.123429298400879,4.619810104370117,0.5036191940307617
s_oyster_4,resnet50_geirhos_tl,8,4,104,128,108.0,132.0,5.123429298400879,4.452889442443848,0.6705398559570312
s_oyster_4,resnet50_geirhos_tl,8,4,104,132,108.0,136.0,5.123429298400879,4.451381683349609,0.6720476150512695
s_oyster_4,resnet50_geirhos_tl,8,4,104,136,108.0,140.0,5.123429298400879,4.498015880584717,0.6254134178161621
s_oyster_4,resnet50_geirhos_tl,8,4,104,140,108.0,144.0,5.123429298400879,4.680969715118408,0.4424595832824707
s_oyster_4,resnet50_geirhos_tl,8,4,104,144,108.0,148.0,5.123429298400879,4.759228229522705,0.36420106887817383
s_oyster_4,resnet50_geirhos_tl,8,4,104,148,108.0,152.0,5.123429298400879,4.783044815063477,0.34038448333740234
s_oyster_4,resnet50_geirhos_tl,8,4,104,152,108.0,156.0,5.123429298400879,4.846970081329346,0.2764592170715332
s_oyster_4,resnet50_geirhos_tl,8,4,104,156,108.0,160.0,5.123429298400879,4.920563697814941,0.2028656005859375
s_oyster_4,resnet50_geirhos_tl,8,4,104,160,108.0,164.0,5.123429298400879,4.809927463531494,0.31350183486938477
s_oyster_4,resnet50_geirhos_tl,8,4,104,164,108.0,168.0,5.123429298400879,4.768951416015625,0.3544778823852539
s_oyster_4,resnet50_geirhos_tl,8,4,104,168,108.0,172.0,5.123429298400879,4.874585151672363,0.24884414672851562
s_oyster_4,resnet50_geirhos_tl,8,4,104,172,108.0,176.0,5.123429298400879,4.881011009216309,0.2424182891845703
s_oyster_4,resnet50_geirhos_tl,8,4,104,176,108.0,180.0,5.123429298400879,5.008895397186279,0.11453390121459961
s_oyster_4,resnet50_geirhos_tl,8,4,104,180,108.0,184.0,5.123429298400879,5.069879531860352,0.053549766540527344
s_oyster_4,resnet50_geirhos_tl,8,4,104,184,108.0,188.0,5.123429298400879,5.107183456420898,0.01624584197998047
s_oyster_4,resnet50_geirhos_tl,8,4,104,188,108.0,192.0,5.123429298400879,5.116016387939453,0.007412910461425781
s_oyster_4,resnet50_geirhos_tl,8,4,104,192,108.0,196.0,5.123429298400879,5.020389556884766,0.10303974151611328
s_oyster_4,resnet50_geirhos_tl,8,4,104,196,108.0,200.0,5.123429298400879,5.023223400115967,0.10020589828491211
s_oyster_4,resnet50_geirhos_tl,8,4,104,200,108.0,204.0,5.123429298400879,4.9049296379089355,0.21849966049194336
s_oyster_4,resnet50_geirhos_tl,8,4,104,204,108.0,208.0,5.123429298400879,4.904198169708252,0.21923112869262695
s_oyster_4,resnet50_geirhos_tl,8,4,104,208,108.0,212.0,5.123429298400879,4.9123334884643555,0.21109580993652344
s_oyster_4,resnet50_geirhos_tl,8,4,104,212,108.0,216.0,5.123429298400879,4.950949192047119,0.17248010635375977
s_oyster_4,resnet50_geirhos_tl,8,4,104,216,108.0,220.0,5.123429298400879,5.008600234985352,0.11482906341552734
s_oyster_4,resnet50_geirhos_tl,8,4,108,0,112.0,4.0,5.123429298400879,5.126711845397949,-0.0032825469970703125
s_oyster_4,resnet50_geirhos_tl,8,4,108,4,112.0,8.0,5.123429298400879,5.114583969116211,0.008845329284667969
s_oyster_4,resnet50_geirhos_tl,8,4,108,8,112.0,12.0,5.123429298400879,4.842630863189697,0.28079843521118164
s_oyster_4,resnet50_geirhos_tl,8,4,108,12,112.0,16.0,5.123429298400879,4.789583206176758,0.3338460922241211
s_oyster_4,resnet50_geirhos_tl,8,4,108,16,112.0,20.0,5.123429298400879,4.8071513175964355,0.31627798080444336
s_oyster_4,resnet50_geirhos_tl,8,4,108,20,112.0,24.0,5.123429298400879,4.876827239990234,0.24660205841064453
s_oyster_4,resnet50_geirhos_tl,8,4,108,24,112.0,28.0,5.123429298400879,4.819941997528076,0.30348730087280273
s_oyster_4,resnet50_geirhos_tl,8,4,108,28,112.0,32.0,5.123429298400879,4.774822235107422,0.34860706329345703
s_oyster_4,resnet50_geirhos_tl,8,4,108,32,112.0,36.0,5.123429298400879,4.751040935516357,0.3723883628845215
s_oyster_4,resnet50_geirhos_tl,8,4,108,36,112.0,40.0,5.123429298400879,4.796662330627441,0.3267669677734375
s_oyster_4,resnet50_geirhos_tl,8,4,108,40,112.0,44.0,5.123429298400879,4.777376174926758,0.3460531234741211
s_oyster_4,resnet50_geirhos_tl,8,4,108,44,112.0,48.0,5.123429298400879,4.695350170135498,0.42807912826538086
s_oyster_4,resnet50_geirhos_tl,8,4,108,48,112.0,52.0,5.123429298400879,4.6753740310668945,0.4480552673339844
s_oyster_4,resnet50_geirhos_tl,8,4,108,52,112.0,56.0,5.123429298400879,4.655223846435547,0.46820545196533203
s_oyster_4,resnet50_geirhos_tl,8,4,108,56,112.0,60.0,5.123429298400879,4.561746120452881,0.561683177947998
s_oyster_4,resnet50_geirhos_tl,8,4,108,60,112.0,64.0,5.123429298400879,4.551409721374512,0.5720195770263672
s_oyster_4,resnet50_geirhos_tl,8,4,108,64,112.0,68.0,5.123429298400879,4.6692657470703125,0.4541635513305664
s_oyster_4,resnet50_geirhos_tl,8,4,108,68,112.0,72.0,5.123429298400879,4.7953667640686035,0.3280625343322754
s_oyster_4,resnet50_geirhos_tl,8,4,108,72,112.0,76.0,5.123429298400879,4.847768783569336,0.27566051483154297
s_oyster_4,resnet50_geirhos_tl,8,4,108,76,112.0,80.0,5.123429298400879,4.942065238952637,0.1813640594482422
s_oyster_4,resnet50_geirhos_tl,8,4,108,80,112.0,84.0,5.123429298400879,5.0690202713012695,0.054409027099609375
s_oyster_4,resnet50_geirhos_tl,8,4,108,84,112.0,88.0,5.123429298400879,5.1151604652404785,0.00826883316040039
s_oyster_4,resnet50_geirhos_tl,8,4,108,88,112.0,92.0,5.123429298400879,5.204158306121826,-0.08072900772094727
s_oyster_4,resnet50_geirhos_tl,8,4,108,92,112.0,96.0,5.123429298400879,5.2525200843811035,-0.1290907859802246
s_oyster_4,resnet50_geirhos_tl,8,4,108,96,112.0,100.0,5.123429298400879,5.4184722900390625,-0.2950429916381836
s_oyster_4,resnet50_geirhos_tl,8,4,108,100,112.0,104.0,5.123429298400879,5.366697788238525,-0.24326848983764648
s_oyster_4,resnet50_geirhos_tl,8,4,108,104,112.0,108.0,5.123429298400879,5.333786487579346,-0.2103571891784668
s_oyster_4,resnet50_geirhos_tl,8,4,108,108,112.0,112.0,5.123429298400879,5.2025885581970215,-0.07915925979614258
s_oyster_4,resnet50_geirhos_tl,8,4,108,112,112.0,116.0,5.123429298400879,5.175236701965332,-0.051807403564453125
s_oyster_4,resnet50_geirhos_tl,8,4,108,116,112.0,120.0,5.123429298400879,5.072490215301514,0.050939083099365234
s_oyster_4,resnet50_geirhos_tl,8,4,108,120,112.0,124.0,5.123429298400879,4.919057846069336,0.20437145233154297
s_oyster_4,resnet50_geirhos_tl,8,4,108,124,112.0,128.0,5.123429298400879,4.662308216094971,0.4611210823059082
s_oyster_4,resnet50_geirhos_tl,8,4,108,128,112.0,132.0,5.123429298400879,4.636882781982422,0.48654651641845703
s_oyster_4,resnet50_geirhos_tl,8,4,108,132,112.0,136.0,5.123429298400879,4.5359721183776855,0.5874571800231934
s_oyster_4,resnet50_geirhos_tl,8,4,108,136,112.0,140.0,5.123429298400879,4.665832042694092,0.4575972557067871
s_oyster_4,resnet50_geirhos_tl,8,4,108,140,112.0,144.0,5.123429298400879,4.678928375244141,0.4445009231567383
s_oyster_4,resnet50_geirhos_tl,8,4,108,144,112.0,148.0,5.123429298400879,4.861669063568115,0.26176023483276367
s_oyster_4,resnet50_geirhos_tl,8,4,108,148,112.0,152.0,5.123429298400879,4.874544143676758,0.2488851547241211
s_oyster_4,resnet50_geirhos_tl,8,4,108,152,112.0,156.0,5.123429298400879,5.043887615203857,0.07954168319702148
s_oyster_4,resnet50_geirhos_tl,8,4,108,156,112.0,160.0,5.123429298400879,4.968425273895264,0.15500402450561523
s_oyster_4,resnet50_geirhos_tl,8,4,108,160,112.0,164.0,5.123429298400879,4.921760559082031,0.20166873931884766
s_oyster_4,resnet50_geirhos_tl,8,4,108,164,112.0,168.0,5.123429298400879,4.821737289428711,0.30169200897216797
s_oyster_4,resnet50_geirhos_tl,8,4,108,168,112.0,172.0,5.123429298400879,4.939332008361816,0.1840972900390625
s_oyster_4,resnet50_geirhos_tl,8,4,108,172,112.0,176.0,5.123429298400879,4.898036956787109,0.22539234161376953
s_oyster_4,resnet50_geirhos_tl,8,4,108,176,112.0,180.0,5.123429298400879,5.086124420166016,0.03730487823486328
s_oyster_4,resnet50_geirhos_tl,8,4,108,180,112.0,184.0,5.123429298400879,5.0854644775390625,0.037964820861816406
s_oyster_4,resnet50_geirhos_tl,8,4,108,184,112.0,188.0,5.123429298400879,5.081823825836182,0.041605472564697266
s_oyster_4,resnet50_geirhos_tl,8,4,108,188,112.0,192.0,5.123429298400879,5.089094161987305,0.03433513641357422
s_oyster_4,resnet50_geirhos_tl,8,4,108,192,112.0,196.0,5.123429298400879,5.039297103881836,0.08413219451904297
s_oyster_4,resnet50_geirhos_tl,8,4,108,196,112.0,200.0,5.123429298400879,4.995953559875488,0.12747573852539062
s_oyster_4,resnet50_geirhos_tl,8,4,108,200,112.0,204.0,5.123429298400879,4.944383144378662,0.1790461540222168
s_oyster_4,resnet50_geirhos_tl,8,4,108,204,112.0,208.0,5.123429298400879,4.942554473876953,0.18087482452392578
s_oyster_4,resnet50_geirhos_tl,8,4,108,208,112.0,212.0,5.123429298400879,4.965582847595215,0.15784645080566406
s_oyster_4,resnet50_geirhos_tl,8,4,108,212,112.0,216.0,5.123429298400879,4.977096080780029,0.1463332176208496
s_oyster_4,resnet50_geirhos_tl,8,4,108,216,112.0,220.0,5.123429298400879,5.032968997955322,0.09046030044555664
s_oyster_4,resnet50_geirhos_tl,8,4,112,0,116.0,4.0,5.123429298400879,5.134031295776367,-0.010601997375488281
s_oyster_4,resnet50_geirhos_tl,8,4,112,4,116.0,8.0,5.123429298400879,5.167128086090088,-0.043698787689208984
s_oyster_4,resnet50_geirhos_tl,8,4,112,8,116.0,12.0,5.123429298400879,4.893431663513184,0.2299976348876953
s_oyster_4,resnet50_geirhos_tl,8,4,112,12,116.0,16.0,5.123429298400879,4.898654460906982,0.22477483749389648
s_oyster_4,resnet50_geirhos_tl,8,4,112,16,116.0,20.0,5.123429298400879,4.807971954345703,0.3154573440551758
s_oyster_4,resnet50_geirhos_tl,8,4,112,20,116.0,24.0,5.123429298400879,4.926164627075195,0.1972646713256836
s_oyster_4,resnet50_geirhos_tl,8,4,112,24,116.0,28.0,5.123429298400879,4.867624282836914,0.25580501556396484
s_oyster_4,resnet50_geirhos_tl,8,4,112,28,116.0,32.0,5.123429298400879,4.740233898162842,0.3831954002380371
s_oyster_4,resnet50_geirhos_tl,8,4,112,32,116.0,36.0,5.123429298400879,4.752999782562256,0.37042951583862305
s_oyster_4,resnet50_geirhos_tl,8,4,112,36,116.0,40.0,5.123429298400879,4.740561008453369,0.38286828994750977
s_oyster_4,resnet50_geirhos_tl,8,4,112,40,116.0,44.0,5.123429298400879,4.740420818328857,0.3830084800720215
s_oyster_4,resnet50_geirhos_tl,8,4,112,44,116.0,48.0,5.123429298400879,4.715241432189941,0.4081878662109375
s_oyster_4,resnet50_geirhos_tl,8,4,112,48,116.0,52.0,5.123429298400879,4.599033832550049,0.5243954658508301
s_oyster_4,resnet50_geirhos_tl,8,4,112,52,116.0,56.0,5.123429298400879,4.6354804039001465,0.4879488945007324
s_oyster_4,resnet50_geirhos_tl,8,4,112,56,116.0,60.0,5.123429298400879,4.51729679107666,0.6061325073242188
s_oyster_4,resnet50_geirhos_tl,8,4,112,60,116.0,64.0,5.123429298400879,4.624829292297363,0.4986000061035156
s_oyster_4,resnet50_geirhos_tl,8,4,112,64,116.0,68.0,5.123429298400879,4.66659688949585,0.4568324089050293
s_oyster_4,resnet50_geirhos_tl,8,4,112,68,116.0,72.0,5.123429298400879,4.801175594329834,0.3222537040710449
s_oyster_4,resnet50_geirhos_tl,8,4,112,72,116.0,76.0,5.123429298400879,4.77172327041626,0.35170602798461914
s_oyster_4,resnet50_geirhos_tl,8,4,112,76,116.0,80.0,5.123429298400879,4.924898624420166,0.1985306739807129
s_oyster_4,resnet50_geirhos_tl,8,4,112,80,116.0,84.0,5.123429298400879,5.005970001220703,0.11745929718017578
s_oyster_4,resnet50_geirhos_tl,8,4,112,84,116.0,88.0,5.123429298400879,5.030557632446289,0.09287166595458984
s_oyster_4,resnet50_geirhos_tl,8,4,112,88,116.0,92.0,5.123429298400879,5.126669883728027,-0.0032405853271484375
s_oyster_4,resnet50_geirhos_tl,8,4,112,92,116.0,96.0,5.123429298400879,5.279313087463379,-0.1558837890625
s_oyster_4,resnet50_geirhos_tl,8,4,112,96,116.0,100.0,5.123429298400879,5.381750106811523,-0.25832080841064453
s_oyster_4,resnet50_geirhos_tl,8,4,112,100,116.0,104.0,5.123429298400879,5.309409141540527,-0.18597984313964844
s_oyster_4,resnet50_geirhos_tl,8,4,112,104,116.0,108.0,5.123429298400879,5.245668888092041,-0.12223958969116211
s_oyster_4,resnet50_geirhos_tl,8,4,112,108,116.0,112.0,5.123429298400879,5.171960353851318,-0.04853105545043945
s_oyster_4,resnet50_geirhos_tl,8,4,112,112,116.0,116.0,5.123429298400879,5.091992378234863,0.031436920166015625
s_oyster_4,resnet50_geirhos_tl,8,4,112,116,116.0,120.0,5.123429298400879,4.99894905090332,0.1244802474975586
s_oyster_4,resnet50_geirhos_tl,8,4,112,120,116.0,124.0,5.123429298400879,4.851964950561523,0.27146434783935547
s_oyster_4,resnet50_geirhos_tl,8,4,112,124,116.0,128.0,5.123429298400879,4.704747200012207,0.4186820983886719
s_oyster_4,resnet50_geirhos_tl,8,4,112,128,116.0,132.0,5.123429298400879,4.61002254486084,0.5134067535400391
s_oyster_4,resnet50_geirhos_tl,8,4,112,132,116.0,136.0,5.123429298400879,4.562953948974609,0.5604753494262695
s_oyster_4,resnet50_geirhos_tl,8,4,112,136,116.0,140.0,5.123429298400879,4.5655622482299805,0.5578670501708984
s_oyster_4,resnet50_geirhos_tl,8,4,112,140,116.0,144.0,5.123429298400879,4.681454658508301,0.4419746398925781
s_oyster_4,resnet50_geirhos_tl,8,4,112,144,116.0,148.0,5.123429298400879,4.825770378112793,0.29765892028808594
s_oyster_4,resnet50_geirhos_tl,8,4,112,148,116.0,152.0,5.123429298400879,4.86628532409668,0.2571439743041992
s_oyster_4,resnet50_geirhos_tl,8,4,112,152,116.0,156.0,5.123429298400879,5.0034871101379395,0.11994218826293945
s_oyster_4,resnet50_geirhos_tl,8,4,112,156,116.0,160.0,5.123429298400879,5.010666370391846,0.1127629280090332
s_oyster_4,resnet50_geirhos_tl,8,4,112,160,116.0,164.0,5.123429298400879,4.964973449707031,0.15845584869384766
s_oyster_4,resnet50_geirhos_tl,8,4,112,164,116.0,168.0,5.123429298400879,4.881920337677002,0.24150896072387695
s_oyster_4,resnet50_geirhos_tl,8,4,112,168,116.0,172.0,5.123429298400879,4.977564811706543,0.14586448669433594
s_oyster_4,resnet50_geirhos_tl,8,4,112,172,116.0,176.0,5.123429298400879,5.037294864654541,0.08613443374633789
s_oyster_4,resnet50_geirhos_tl,8,4,112,176,116.0,180.0,5.123429298400879,5.063787460327148,0.05964183807373047
s_oyster_4,resnet50_geirhos_tl,8,4,112,180,116.0,184.0,5.123429298400879,5.034035682678223,0.08939361572265625
s_oyster_4,resnet50_geirhos_tl,8,4,112,184,116.0,188.0,5.123429298400879,4.994748592376709,0.12868070602416992
s_oyster_4,resnet50_geirhos_tl,8,4,112,188,116.0,192.0,5.123429298400879,5.070897102355957,0.052532196044921875
s_oyster_4,resnet50_geirhos_tl,8,4,112,192,116.0,196.0,5.123429298400879,5.025717258453369,0.09771203994750977
s_oyster_4,resnet50_geirhos_tl,8,4,112,196,116.0,200.0,5.123429298400879,5.034399509429932,0.08902978897094727
s_oyster_4,resnet50_geirhos_tl,8,4,112,200,116.0,204.0,5.123429298400879,5.003218173980713,0.12021112442016602
s_oyster_4,resnet50_geirhos_tl,8,4,112,204,116.0,208.0,5.123429298400879,5.000919818878174,0.12250947952270508
s_oyster_4,resnet50_geirhos_tl,8,4,112,208,116.0,212.0,5.123429298400879,4.999577045440674,0.12385225296020508
s_oyster_4,resnet50_geirhos_tl,8,4,112,212,116.0,216.0,5.123429298400879,5.003326892852783,0.1201024055480957
s_oyster_4,resnet50_geirhos_tl,8,4,112,216,116.0,220.0,5.123429298400879,5.036828517913818,0.08660078048706055
s_oyster_4,resnet50_geirhos_tl,8,4,116,0,120.0,4.0,5.123429298400879,5.17814302444458,-0.05471372604370117
s_oyster_4,resnet50_geirhos_tl,8,4,116,4,120.0,8.0,5.123429298400879,5.260654449462891,-0.13722515106201172
s_oyster_4,resnet50_geirhos_tl,8,4,116,8,120.0,12.0,5.123429298400879,5.227870941162109,-0.10444164276123047
s_oyster_4,resnet50_geirhos_tl,8,4,116,12,120.0,16.0,5.123429298400879,4.962879180908203,0.16055011749267578
s_oyster_4,resnet50_geirhos_tl,8,4,116,16,120.0,20.0,5.123429298400879,4.965020656585693,0.15840864181518555
s_oyster_4,resnet50_geirhos_tl,8,4,116,20,120.0,24.0,5.123429298400879,4.868228435516357,0.2552008628845215
s_oyster_4,resnet50_geirhos_tl,8,4,116,24,120.0,28.0,5.123429298400879,4.735391139984131,0.38803815841674805
s_oyster_4,resnet50_geirhos_tl,8,4,116,28,120.0,32.0,5.123429298400879,4.739092826843262,0.3843364715576172
s_oyster_4,resnet50_geirhos_tl,8,4,116,32,120.0,36.0,5.123429298400879,4.718955039978027,0.40447425842285156
s_oyster_4,resnet50_geirhos_tl,8,4,116,36,120.0,40.0,5.123429298400879,4.75524377822876,0.36818552017211914
s_oyster_4,resnet50_geirhos_tl,8,4,116,40,120.0,44.0,5.123429298400879,4.77101993560791,0.35240936279296875
s_oyster_4,resnet50_geirhos_tl,8,4,116,44,120.0,48.0,5.123429298400879,4.817881107330322,0.30554819107055664
s_oyster_4,resnet50_geirhos_tl,8,4,116,48,120.0,52.0,5.123429298400879,4.74867057800293,0.3747587203979492
s_oyster_4,resnet50_geirhos_tl,8,4,116,52,120.0,56.0,5.123429298400879,4.776844024658203,0.3465852737426758
s_oyster_4,resnet50_geirhos_tl,8,4,116,56,120.0,60.0,5.123429298400879,4.804896831512451,0.31853246688842773
s_oyster_4,resnet50_geirhos_tl,8,4,116,60,120.0,64.0,5.123429298400879,4.8058295249938965,0.3175997734069824
s_oyster_4,resnet50_geirhos_tl,8,4,116,64,120.0,68.0,5.123429298400879,4.746769905090332,0.3766593933105469
s_oyster_4,resnet50_geirhos_tl,8,4,116,68,120.0,72.0,5.123429298400879,4.848612308502197,0.27481698989868164
s_oyster_4,resnet50_geirhos_tl,8,4,116,72,120.0,76.0,5.123429298400879,4.852292537689209,0.2711367607116699
s_oyster_4,resnet50_geirhos_tl,8,4,116,76,120.0,80.0,5.123429298400879,4.8993425369262695,0.22408676147460938
s_oyster_4,resnet50_geirhos_tl,8,4,116,80,120.0,84.0,5.123429298400879,5.033047199249268,0.09038209915161133
s_oyster_4,resnet50_geirhos_tl,8,4,116,84,120.0,88.0,5.123429298400879,5.0471343994140625,0.0762948989868164
s_oyster_4,resnet50_geirhos_tl,8,4,116,88,120.0,92.0,5.123429298400879,5.177828788757324,-0.05439949035644531
s_oyster_4,resnet50_geirhos_tl,8,4,116,92,120.0,96.0,5.123429298400879,5.213870525360107,-0.09044122695922852
s_oyster_4,resnet50_geirhos_tl,8,4,116,96,120.0,100.0,5.123429298400879,5.301417827606201,-0.17798852920532227
s_oyster_4,resnet50_geirhos_tl,8,4,116,100,120.0,104.0,5.123429298400879,5.210236549377441,-0.0868072509765625
s_oyster_4,resnet50_geirhos_tl,8,4,116,104,120.0,108.0,5.123429298400879,5.166841506958008,-0.043412208557128906
s_oyster_4,resnet50_geirhos_tl,8,4,116,108,120.0,112.0,5.123429298400879,5.078129291534424,0.04530000686645508
s_oyster_4,resnet50_geirhos_tl,8,4,116,112,120.0,116.0,5.123429298400879,5.064988136291504,0.058441162109375
s_oyster_4,resnet50_geirhos_tl,8,4,116,116,120.0,120.0,5.123429298400879,4.932046890258789,0.19138240814208984
s_oyster_4,resnet50_geirhos_tl,8,4,116,120,120.0,124.0,5.123429298400879,4.877882480621338,0.24554681777954102
s_oyster_4,resnet50_geirhos_tl,8,4,116,124,120.0,128.0,5.123429298400879,4.751461982727051,0.3719673156738281
s_oyster_4,resnet50_geirhos_tl,8,4,116,128,120.0,132.0,5.123429298400879,4.724815845489502,0.39861345291137695
s_oyster_4,resnet50_geirhos_tl,8,4,116,132,120.0,136.0,5.123429298400879,4.659839153289795,0.463590145111084
s_oyster_4,resnet50_geirhos_tl,8,4,116,136,120.0,140.0,5.123429298400879,4.779790878295898,0.34363842010498047
s_oyster_4,resnet50_geirhos_tl,8,4,116,140,120.0,144.0,5.123429298400879,4.8647894859313965,0.2586398124694824
s_oyster_4,resnet50_geirhos_tl,8,4,116,144,120.0,148.0,5.123429298400879,5.016561508178711,0.10686779022216797
s_oyster_4,resnet50_geirhos_tl,8,4,116,148,120.0,152.0,5.123429298400879,5.007594108581543,0.11583518981933594
s_oyster_4,resnet50_geirhos_tl,8,4,116,152,120.0,156.0,5.123429298400879,5.111690998077393,0.011738300323486328
s_oyster_4,resnet50_geirhos_tl,8,4,116,156,120.0,160.0,5.123429298400879,5.111482620239258,0.011946678161621094
s_oyster_4,resnet50_geirhos_tl,8,4,116,160,120.0,164.0,5.123429298400879,5.133843421936035,-0.01041412353515625
s_oyster_4,resnet50_geirhos_tl,8,4,116,164,120.0,168.0,5.123429298400879,5.110406875610352,0.013022422790527344
s_oyster_4,resnet50_geirhos_tl,8,4,116,168,120.0,172.0,5.123429298400879,5.019157409667969,0.10427188873291016
s_oyster_4,resnet50_geirhos_tl,8,4,116,172,120.0,176.0,5.123429298400879,5.086616039276123,0.03681325912475586
s_oyster_4,resnet50_geirhos_tl,8,4,116,176,120.0,180.0,5.123429298400879,5.1241559982299805,-0.0007266998291015625
s_oyster_4,resnet50_geirhos_tl,8,4,116,180,120.0,184.0,5.123429298400879,5.092385292053223,0.03104400634765625
s_oyster_4,resnet50_geirhos_tl,8,4,116,184,120.0,188.0,5.123429298400879,5.051438331604004,0.071990966796875
s_oyster_4,resnet50_geirhos_tl,8,4,116,188,120.0,192.0,5.123429298400879,5.031228065490723,0.09220123291015625
s_oyster_4,resnet50_geirhos_tl,8,4,116,192,120.0,196.0,5.123429298400879,5.016529083251953,0.10690021514892578
s_oyster_4,resnet50_geirhos_tl,8,4,116,196,120.0,200.0,5.123429298400879,4.979568958282471,0.1438603401184082
s_oyster_4,resnet50_geirhos_tl,8,4,116,200,120.0,204.0,5.123429298400879,5.011188983917236,0.11224031448364258
s_oyster_4,resnet50_geirhos_tl,8,4,116,204,120.0,208.0,5.123429298400879,4.98072624206543,0.14270305633544922
s_oyster_4,resnet50_geirhos_tl,8,4,116,208,120.0,212.0,5.123429298400879,4.976653575897217,0.1467757225036621
s_oyster_4,resnet50_geirhos_tl,8,4,116,212,120.0,216.0,5.123429298400879,4.998068332672119,0.12536096572875977
s_oyster_4,resnet50_geirhos_tl,8,4,116,216,120.0,220.0,5.123429298400879,5.04512357711792,0.07830572128295898
s_oyster_4,resnet50_geirhos_tl,8,4,120,0,124.0,4.0,5.123429298400879,5.069241523742676,0.054187774658203125
s_oyster_4,resnet50_geirhos_tl,8,4,120,4,124.0,8.0,5.123429298400879,5.191015243530273,-0.06758594512939453
s_oyster_4,resnet50_geirhos_tl,8,4,120,8,124.0,12.0,5.123429298400879,5.148481369018555,-0.02505207061767578
s_oyster_4,resnet50_geirhos_tl,8,4,120,12,124.0,16.0,5.123429298400879,5.120370864868164,0.0030584335327148438
s_oyster_4,resnet50_geirhos_tl,8,4,120,16,124.0,20.0,5.123429298400879,4.965421199798584,0.15800809860229492
s_oyster_4,resnet50_geirhos_tl,8,4,120,20,124.0,24.0,5.123429298400879,4.824344158172607,0.2990851402282715
s_oyster_4,resnet50_geirhos_tl,8,4,120,24,124.0,28.0,5.123429298400879,4.701297283172607,0.4221320152282715
s_oyster_4,resnet50_geirhos_tl,8,4,120,28,124.0,32.0,5.123429298400879,4.677895545959473,0.44553375244140625
s_oyster_4,resnet50_geirhos_tl,8,4,120,32,124.0,36.0,5.123429298400879,4.705036163330078,0.4183931350708008
s_oyster_4,resnet50_geirhos_tl,8,4,120,36,124.0,40.0,5.123429298400879,4.765156269073486,0.3582730293273926
s_oyster_4,resnet50_geirhos_tl,8,4,120,40,124.0,44.0,5.123429298400879,4.673681735992432,0.44974756240844727
s_oyster_4,resnet50_geirhos_tl,8,4,120,44,124.0,48.0,5.123429298400879,4.705012321472168,0.41841697692871094
s_oyster_4,resnet50_geirhos_tl,8,4,120,48,124.0,52.0,5.123429298400879,4.710394382476807,0.41303491592407227
s_oyster_4,resnet50_geirhos_tl,8,4,120,52,124.0,56.0,5.123429298400879,4.775157451629639,0.34827184677124023
s_oyster_4,resnet50_geirhos_tl,8,4,120,56,124.0,60.0,5.123429298400879,4.782576560974121,0.3408527374267578
s_oyster_4,resnet50_geirhos_tl,8,4,120,60,124.0,64.0,5.123429298400879,4.8111467361450195,0.3122825622558594
s_oyster_4,resnet50_geirhos_tl,8,4,120,64,124.0,68.0,5.123429298400879,4.794810771942139,0.32861852645874023
s_oyster_4,resnet50_geirhos_tl,8,4,120,68,124.0,72.0,5.123429298400879,4.869617462158203,0.2538118362426758
s_oyster_4,resnet50_geirhos_tl,8,4,120,72,124.0,76.0,5.123429298400879,4.861236572265625,0.2621927261352539
s_oyster_4,resnet50_geirhos_tl,8,4,120,76,124.0,80.0,5.123429298400879,4.860799789428711,0.26262950897216797
s_oyster_4,resnet50_geirhos_tl,8,4,120,80,124.0,84.0,5.123429298400879,4.910961151123047,0.21246814727783203
s_oyster_4,resnet50_geirhos_tl,8,4,120,84,124.0,88.0,5.123429298400879,5.047056198120117,0.07637310028076172
s_oyster_4,resnet50_geirhos_tl,8,4,120,88,124.0,92.0,5.123429298400879,5.275521755218506,-0.15209245681762695
s_oyster_4,resnet50_geirhos_tl,8,4,120,92,124.0,96.0,5.123429298400879,5.197788238525391,-0.07435894012451172
s_oyster_4,resnet50_geirhos_tl,8,4,120,96,124.0,100.0,5.123429298400879,5.265186309814453,-0.14175701141357422
s_oyster_4,resnet50_geirhos_tl,8,4,120,100,124.0,104.0,5.123429298400879,5.2093825340271,-0.0859532356262207
s_oyster_4,resnet50_geirhos_tl,8,4,120,104,124.0,108.0,5.123429298400879,5.2647223472595215,-0.14129304885864258
s_oyster_4,resnet50_geirhos_tl,8,4,120,108,124.0,112.0,5.123429298400879,5.051296234130859,0.07213306427001953
s_oyster_4,resnet50_geirhos_tl,8,4,120,112,124.0,116.0,5.123429298400879,4.977433681488037,0.1459956169128418
s_oyster_4,resnet50_geirhos_tl,8,4,120,116,124.0,120.0,5.123429298400879,4.903871536254883,0.2195577621459961
s_oyster_4,resnet50_geirhos_tl,8,4,120,120,124.0,124.0,5.123429298400879,4.8037109375,0.3197183609008789
s_oyster_4,resnet50_geirhos_tl,8,4,120,124,124.0,128.0,5.123429298400879,4.640935897827148,0.48249340057373047
s_oyster_4,resnet50_geirhos_tl,8,4,120,128,124.0,132.0,5.123429298400879,4.610267162322998,0.5131621360778809
s_oyster_4,resnet50_geirhos_tl,8,4,120,132,124.0,136.0,5.123429298400879,4.621435165405273,0.5019941329956055
s_oyster_4,resnet50_geirhos_tl,8,4,120,136,124.0,140.0,5.123429298400879,4.766666412353516,0.3567628860473633
s_oyster_4,resnet50_geirhos_tl,8,4,120,140,124.0,144.0,5.123429298400879,4.87493896484375,0.2484903335571289
s_oyster_4,resnet50_geirhos_tl,8,4,120,144,124.0,148.0,5.123429298400879,4.984439849853516,0.13898944854736328
s_oyster_4,resnet50_geirhos_tl,8,4,120,148,124.0,152.0,5.123429298400879,5.02821159362793,0.09521770477294922
s_oyster_4,resnet50_geirhos_tl,8,4,120,152,124.0,156.0,5.123429298400879,5.100282669067383,0.023146629333496094
s_oyster_4,resnet50_geirhos_tl,8,4,120,156,124.0,160.0,5.123429298400879,5.124212741851807,-0.0007834434509277344
s_oyster_4,resnet50_geirhos_tl,8,4,120,160,124.0,164.0,5.123429298400879,5.1224236488342285,0.0010056495666503906
s_oyster_4,resnet50_geirhos_tl,8,4,120,164,124.0,168.0,5.123429298400879,5.0339555740356445,0.08947372436523438
s_oyster_4,resnet50_geirhos_tl,8,4,120,168,124.0,172.0,5.123429298400879,5.031866073608398,0.09156322479248047
s_oyster_4,resnet50_geirhos_tl,8,4,120,172,124.0,176.0,5.123429298400879,5.089407920837402,0.03402137756347656
s_oyster_4,resnet50_geirhos_tl,8,4,120,176,124.0,180.0,5.123429298400879,5.056637763977051,0.06679153442382812
s_oyster_4,resnet50_geirhos_tl,8,4,120,180,124.0,184.0,5.123429298400879,5.0811638832092285,0.04226541519165039
s_oyster_4,resnet50_geirhos_tl,8,4,120,184,124.0,188.0,5.123429298400879,5.00853157043457,0.1148977279663086
s_oyster_4,resnet50_geirhos_tl,8,4,120,188,124.0,192.0,5.123429298400879,5.005257606506348,0.11817169189453125
s_oyster_4,resnet50_geirhos_tl,8,4,120,192,124.0,196.0,5.123429298400879,5.009124755859375,0.1143045425415039
s_oyster_4,resnet50_geirhos_tl,8,4,120,196,124.0,200.0,5.123429298400879,4.9887237548828125,0.1347055435180664
s_oyster_4,resnet50_geirhos_tl,8,4,120,200,124.0,204.0,5.123429298400879,4.979527473449707,0.14390182495117188
s_oyster_4,resnet50_geirhos_tl,8,4,120,204,124.0,208.0,5.123429298400879,5.006490707397461,0.11693859100341797
s_oyster_4,resnet50_geirhos_tl,8,4,120,208,124.0,212.0,5.123429298400879,5.000701904296875,0.1227273941040039
s_oyster_4,resnet50_geirhos_tl,8,4,120,212,124.0,216.0,5.123429298400879,5.002677917480469,0.12075138092041016
s_oyster_4,resnet50_geirhos_tl,8,4,120,216,124.0,220.0,5.123429298400879,5.039609909057617,0.08381938934326172
s_oyster_4,resnet50_geirhos_tl,8,4,124,0,128.0,4.0,5.123429298400879,5.158506393432617,-0.03507709503173828
s_oyster_4,resnet50_geirhos_tl,8,4,124,4,128.0,8.0,5.123429298400879,5.138843059539795,-0.015413761138916016
s_oyster_4,resnet50_geirhos_tl,8,4,124,8,128.0,12.0,5.123429298400879,5.205198287963867,-0.08176898956298828
s_oyster_4,resnet50_geirhos_tl,8,4,124,12,128.0,16.0,5.123429298400879,5.123520851135254,-9.1552734375e-05
s_oyster_4,resnet50_geirhos_tl,8,4,124,16,128.0,20.0,5.123429298400879,5.075869560241699,0.04755973815917969
s_oyster_4,resnet50_geirhos_tl,8,4,124,20,128.0,24.0,5.123429298400879,4.897716999053955,0.22571229934692383
s_oyster_4,resnet50_geirhos_tl,8,4,124,24,128.0,28.0,5.123429298400879,4.693321228027344,0.43010807037353516
s_oyster_4,resnet50_geirhos_tl,8,4,124,28,128.0,32.0,5.123429298400879,4.617854595184326,0.5055747032165527
s_oyster_4,resnet50_geirhos_tl,8,4,124,32,128.0,36.0,5.123429298400879,4.729095935821533,0.3943333625793457
s_oyster_4,resnet50_geirhos_tl,8,4,124,36,128.0,40.0,5.123429298400879,4.770034313201904,0.3533949851989746
s_oyster_4,resnet50_geirhos_tl,8,4,124,40,128.0,44.0,5.123429298400879,4.672285079956055,0.4511442184448242
s_oyster_4,resnet50_geirhos_tl,8,4,124,44,128.0,48.0,5.123429298400879,4.751226425170898,0.37220287322998047
s_oyster_4,resnet50_geirhos_tl,8,4,124,48,128.0,52.0,5.123429298400879,4.808196067810059,0.3152332305908203
s_oyster_4,resnet50_geirhos_tl,8,4,124,52,128.0,56.0,5.123429298400879,4.841454982757568,0.28197431564331055
s_oyster_4,resnet50_geirhos_tl,8,4,124,56,128.0,60.0,5.123429298400879,4.865541458129883,0.2578878402709961
s_oyster_4,resnet50_geirhos_tl,8,4,124,60,128.0,64.0,5.123429298400879,4.78090763092041,0.34252166748046875
s_oyster_4,resnet50_geirhos_tl,8,4,124,64,128.0,68.0,5.123429298400879,4.862796306610107,0.2606329917907715
s_oyster_4,resnet50_geirhos_tl,8,4,124,68,128.0,72.0,5.123429298400879,4.902502059936523,0.22092723846435547
s_oyster_4,resnet50_geirhos_tl,8,4,124,72,128.0,76.0,5.123429298400879,4.927464008331299,0.19596529006958008
s_oyster_4,resnet50_geirhos_tl,8,4,124,76,128.0,80.0,5.123429298400879,4.893032073974609,0.23039722442626953
s_oyster_4,resnet50_geirhos_tl,8,4,124,80,128.0,84.0,5.123429298400879,4.928478717803955,0.19495058059692383
s_oyster_4,resnet50_geirhos_tl,8,4,124,84,128.0,88.0,5.123429298400879,5.0854339599609375,0.037995338439941406
s_oyster_4,resnet50_geirhos_tl,8,4,124,88,128.0,92.0,5.123429298400879,5.312121391296387,-0.1886920928955078
s_oyster_4,resnet50_geirhos_tl,8,4,124,92,128.0,96.0,5.123429298400879,5.261763095855713,-0.13833379745483398
s_oyster_4,resnet50_geirhos_tl,8,4,124,96,128.0,100.0,5.123429298400879,5.281732559204102,-0.15830326080322266
s_oyster_4,resnet50_geirhos_tl,8,4,124,100,128.0,104.0,5.123429298400879,5.266127109527588,-0.14269781112670898
s_oyster_4,resnet50_geirhos_tl,8,4,124,104,128.0,108.0,5.123429298400879,5.268137454986572,-0.14470815658569336
s_oyster_4,resnet50_geirhos_tl,8,4,124,108,128.0,112.0,5.123429298400879,5.125158309936523,-0.0017290115356445312
s_oyster_4,resnet50_geirhos_tl,8,4,124,112,128.0,116.0,5.123429298400879,5.0689592361450195,0.054470062255859375
s_oyster_4,resnet50_geirhos_tl,8,4,124,116,128.0,120.0,5.123429298400879,4.983648777008057,0.13978052139282227
s_oyster_4,resnet50_geirhos_tl,8,4,124,120,128.0,124.0,5.123429298400879,4.994609355926514,0.12881994247436523
s_oyster_4,resnet50_geirhos_tl,8,4,124,124,128.0,128.0,5.123429298400879,4.827766418457031,0.29566287994384766
s_oyster_4,resnet50_geirhos_tl,8,4,124,128,128.0,132.0,5.123429298400879,4.85378885269165,0.2696404457092285
s_oyster_4,resnet50_geirhos_tl,8,4,124,132,128.0,136.0,5.123429298400879,4.848911285400391,0.2745180130004883
s_oyster_4,resnet50_geirhos_tl,8,4,124,136,128.0,140.0,5.123429298400879,5.103843688964844,0.019585609436035156
s_oyster_4,resnet50_geirhos_tl,8,4,124,140,128.0,144.0,5.123429298400879,5.0929765701293945,0.030452728271484375
s_oyster_4,resnet50_geirhos_tl,8,4,124,144,128.0,148.0,5.123429298400879,5.2313995361328125,-0.1079702377319336
s_oyster_4,resnet50_geirhos_tl,8,4,124,148,128.0,152.0,5.123429298400879,5.1962080001831055,-0.07277870178222656
s_oyster_4,resnet50_geirhos_tl,8,4,124,152,128.0,156.0,5.123429298400879,5.203854084014893,-0.08042478561401367
s_oyster_4,resnet50_geirhos_tl,8,4,124,156,128.0,160.0,5.123429298400879,5.229293346405029,-0.10586404800415039
s_oyster_4,resnet50_geirhos_tl,8,4,124,160,128.0,164.0,5.123429298400879,5.216167449951172,-0.09273815155029297
s_oyster_4,resnet50_geirhos_tl,8,4,124,164,128.0,168.0,5.123429298400879,5.1150312423706055,0.008398056030273438
s_oyster_4,resnet50_geirhos_tl,8,4,124,168,128.0,172.0,5.123429298400879,5.105882167816162,0.017547130584716797
s_oyster_4,resnet50_geirhos_tl,8,4,124,172,128.0,176.0,5.123429298400879,5.050604820251465,0.07282447814941406
s_oyster_4,resnet50_geirhos_tl,8,4,124,176,128.0,180.0,5.123429298400879,5.0402092933654785,0.08322000503540039
s_oyster_4,resnet50_geirhos_tl,8,4,124,180,128.0,184.0,5.123429298400879,5.053994178771973,0.06943511962890625
s_oyster_4,resnet50_geirhos_tl,8,4,124,184,128.0,188.0,5.123429298400879,5.0354461669921875,0.0879831314086914
s_oyster_4,resnet50_geirhos_tl,8,4,124,188,128.0,192.0,5.123429298400879,4.963862419128418,0.15956687927246094
s_oyster_4,resnet50_geirhos_tl,8,4,124,192,128.0,196.0,5.123429298400879,4.973886966705322,0.14954233169555664
s_oyster_4,resnet50_geirhos_tl,8,4,124,196,128.0,200.0,5.123429298400879,4.971169948577881,0.15225934982299805
s_oyster_4,resnet50_geirhos_tl,8,4,124,200,128.0,204.0,5.123429298400879,4.962538719177246,0.1608905792236328
s_oyster_4,resnet50_geirhos_tl,8,4,124,204,128.0,208.0,5.123429298400879,5.041182041168213,0.08224725723266602
s_oyster_4,resnet50_geirhos_tl,8,4,124,208,128.0,212.0,5.123429298400879,5.0370635986328125,0.0863656997680664
s_oyster_4,resnet50_geirhos_tl,8,4,124,212,128.0,216.0,5.123429298400879,5.048669815063477,0.07475948333740234
s_oyster_4,resnet50_geirhos_tl,8,4,124,216,128.0,220.0,5.123429298400879,5.053940773010254,0.069488525390625
s_oyster_4,resnet50_geirhos_tl,8,4,128,0,132.0,4.0,5.123429298400879,5.161323547363281,-0.037894248962402344
s_oyster_4,resnet50_geirhos_tl,8,4,128,4,132.0,8.0,5.123429298400879,5.166689872741699,-0.04326057434082031
s_oyster_4,resnet50_geirhos_tl,8,4,128,8,132.0,12.0,5.123429298400879,5.133945465087891,-0.010516166687011719
s_oyster_4,resnet50_geirhos_tl,8,4,128,12,132.0,16.0,5.123429298400879,5.082210540771484,0.04121875762939453
s_oyster_4,resnet50_geirhos_tl,8,4,128,16,132.0,20.0,5.123429298400879,5.013400554656982,0.11002874374389648
s_oyster_4,resnet50_geirhos_tl,8,4,128,20,132.0,24.0,5.123429298400879,4.942898750305176,0.18053054809570312
s_oyster_4,resnet50_geirhos_tl,8,4,128,24,132.0,28.0,5.123429298400879,4.8567633628845215,0.2666659355163574
s_oyster_4,resnet50_geirhos_tl,8,4,128,28,132.0,32.0,5.123429298400879,4.8155059814453125,0.3079233169555664
s_oyster_4,resnet50_geirhos_tl,8,4,128,32,132.0,36.0,5.123429298400879,4.845122814178467,0.2783064842224121
s_oyster_4,resnet50_geirhos_tl,8,4,128,36,132.0,40.0,5.123429298400879,4.792949676513672,0.33047962188720703
s_oyster_4,resnet50_geirhos_tl,8,4,128,40,132.0,44.0,5.123429298400879,4.732851982116699,0.3905773162841797
s_oyster_4,resnet50_geirhos_tl,8,4,128,44,132.0,48.0,5.123429298400879,4.784463882446289,0.33896541595458984
s_oyster_4,resnet50_geirhos_tl,8,4,128,48,132.0,52.0,5.123429298400879,4.884932994842529,0.2384963035583496
s_oyster_4,resnet50_geirhos_tl,8,4,128,52,132.0,56.0,5.123429298400879,4.845369815826416,0.2780594825744629
s_oyster_4,resnet50_geirhos_tl,8,4,128,56,132.0,60.0,5.123429298400879,4.815859317779541,0.3075699806213379
s_oyster_4,resnet50_geirhos_tl,8,4,128,60,132.0,64.0,5.123429298400879,4.727488040924072,0.39594125747680664
s_oyster_4,resnet50_geirhos_tl,8,4,128,64,132.0,68.0,5.123429298400879,4.801668167114258,0.3217611312866211
s_oyster_4,resnet50_geirhos_tl,8,4,128,68,132.0,72.0,5.123429298400879,4.7931952476501465,0.3302340507507324
s_oyster_4,resnet50_geirhos_tl,8,4,128,72,132.0,76.0,5.123429298400879,4.917097568511963,0.20633172988891602
s_oyster_4,resnet50_geirhos_tl,8,4,128,76,132.0,80.0,5.123429298400879,4.948032855987549,0.17539644241333008
s_oyster_4,resnet50_geirhos_tl,8,4,128,80,132.0,84.0,5.123429298400879,5.026581764221191,0.0968475341796875
s_oyster_4,resnet50_geirhos_tl,8,4,128,84,132.0,88.0,5.123429298400879,5.138908863067627,-0.015479564666748047
s_oyster_4,resnet50_geirhos_tl,8,4,128,88,132.0,92.0,5.123429298400879,5.281064987182617,-0.15763568878173828
s_oyster_4,resnet50_geirhos_tl,8,4,128,92,132.0,96.0,5.123429298400879,5.261358261108398,-0.13792896270751953
s_oyster_4,resnet50_geirhos_tl,8,4,128,96,132.0,100.0,5.123429298400879,5.377420902252197,-0.25399160385131836
s_oyster_4,resnet50_geirhos_tl,8,4,128,100,132.0,104.0,5.123429298400879,5.261747360229492,-0.13831806182861328
s_oyster_4,resnet50_geirhos_tl,8,4,128,104,132.0,108.0,5.123429298400879,5.303298473358154,-0.1798691749572754
s_oyster_4,resnet50_geirhos_tl,8,4,128,108,132.0,112.0,5.123429298400879,5.1208696365356445,0.002559661865234375
s_oyster_4,resnet50_geirhos_tl,8,4,128,112,132.0,116.0,5.123429298400879,5.079132556915283,0.0442967414855957
s_oyster_4,resnet50_geirhos_tl,8,4,128,116,132.0,120.0,5.123429298400879,5.002793788909912,0.1206355094909668
s_oyster_4,resnet50_geirhos_tl,8,4,128,120,132.0,124.0,5.123429298400879,5.090740203857422,0.03268909454345703
s_oyster_4,resnet50_geirhos_tl,8,4,128,124,132.0,128.0,5.123429298400879,4.995803356170654,0.1276259422302246
s_oyster_4,resnet50_geirhos_tl,8,4,128,128,132.0,132.0,5.123429298400879,4.964885711669922,0.15854358673095703
s_oyster_4,resnet50_geirhos_tl,8,4,128,132,132.0,136.0,5.123429298400879,4.878108978271484,0.24532032012939453
s_oyster_4,resnet50_geirhos_tl,8,4,128,136,132.0,140.0,5.123429298400879,5.1015191078186035,0.02191019058227539
s_oyster_4,resnet50_geirhos_tl,8,4,128,140,132.0,144.0,5.123429298400879,5.119965076446533,0.003464221954345703
s_oyster_4,resnet50_geirhos_tl,8,4,128,144,132.0,148.0,5.123429298400879,5.216679096221924,-0.09324979782104492
s_oyster_4,resnet50_geirhos_tl,8,4,128,148,132.0,152.0,5.123429298400879,5.159993648529053,-0.03656435012817383
s_oyster_4,resnet50_geirhos_tl,8,4,128,152,132.0,156.0,5.123429298400879,5.197216510772705,-0.07378721237182617
s_oyster_4,resnet50_geirhos_tl,8,4,128,156,132.0,160.0,5.123429298400879,5.212769508361816,-0.0893402099609375
s_oyster_4,resnet50_geirhos_tl,8,4,128,160,132.0,164.0,5.123429298400879,5.150656223297119,-0.027226924896240234
s_oyster_4,resnet50_geirhos_tl,8,4,128,164,132.0,168.0,5.123429298400879,5.090801239013672,0.03262805938720703
s_oyster_4,resnet50_geirhos_tl,8,4,128,168,132.0,172.0,5.123429298400879,5.0411882400512695,0.08224105834960938
s_oyster_4,resnet50_geirhos_tl,8,4,128,172,132.0,176.0,5.123429298400879,5.006587505340576,0.11684179306030273
s_oyster_4,resnet50_geirhos_tl,8,4,128,176,132.0,180.0,5.123429298400879,4.9486870765686035,0.1747422218322754
s_oyster_4,resnet50_geirhos_tl,8,4,128,180,132.0,184.0,5.123429298400879,4.970635890960693,0.15279340744018555
s_oyster_4,resnet50_geirhos_tl,8,4,128,184,132.0,188.0,5.123429298400879,4.9158735275268555,0.20755577087402344
s_oyster_4,resnet50_geirhos_tl,8,4,128,188,132.0,192.0,5.123429298400879,4.937049388885498,0.18637990951538086
s_oyster_4,resnet50_geirhos_tl,8,4,128,192,132.0,196.0,5.123429298400879,4.970162391662598,0.15326690673828125
s_oyster_4,resnet50_geirhos_tl,8,4,128,196,132.0,200.0,5.123429298400879,4.996410846710205,0.12701845169067383
s_oyster_4,resnet50_geirhos_tl,8,4,128,200,132.0,204.0,5.123429298400879,4.984149932861328,0.13927936553955078
s_oyster_4,resnet50_geirhos_tl,8,4,128,204,132.0,208.0,5.123429298400879,5.0316619873046875,0.0917673110961914
s_oyster_4,resnet50_geirhos_tl,8,4,128,208,132.0,212.0,5.123429298400879,5.042575359344482,0.08085393905639648
s_oyster_4,resnet50_geirhos_tl,8,4,128,212,132.0,216.0,5.123429298400879,5.02940559387207,0.0940237045288086
s_oyster_4,resnet50_geirhos_tl,8,4,128,216,132.0,220.0,5.123429298400879,5.032243251800537,0.0911860466003418
s_oyster_4,resnet50_geirhos_tl,8,4,132,0,136.0,4.0,5.123429298400879,5.094128608703613,0.029300689697265625
s_oyster_4,resnet50_geirhos_tl,8,4,132,4,136.0,8.0,5.123429298400879,5.089617729187012,0.03381156921386719
s_oyster_4,resnet50_geirhos_tl,8,4,132,8,136.0,12.0,5.123429298400879,5.097253799438477,0.026175498962402344
s_oyster_4,resnet50_geirhos_tl,8,4,132,12,136.0,16.0,5.123429298400879,5.053462982177734,0.06996631622314453
s_oyster_4,resnet50_geirhos_tl,8,4,132,16,136.0,20.0,5.123429298400879,5.038356781005859,0.08507251739501953
s_oyster_4,resnet50_geirhos_tl,8,4,132,20,136.0,24.0,5.123429298400879,4.984792709350586,0.13863658905029297
s_oyster_4,resnet50_geirhos_tl,8,4,132,24,136.0,28.0,5.123429298400879,4.95879602432251,0.16463327407836914
s_oyster_4,resnet50_geirhos_tl,8,4,132,28,136.0,32.0,5.123429298400879,4.949923038482666,0.1735062599182129
s_oyster_4,resnet50_geirhos_tl,8,4,132,32,136.0,36.0,5.123429298400879,4.975078582763672,0.14835071563720703
s_oyster_4,resnet50_geirhos_tl,8,4,132,36,136.0,40.0,5.123429298400879,4.825201511383057,0.29822778701782227
s_oyster_4,resnet50_geirhos_tl,8,4,132,40,136.0,44.0,5.123429298400879,4.727634906768799,0.3957943916320801
s_oyster_4,resnet50_geirhos_tl,8,4,132,44,136.0,48.0,5.123429298400879,4.698116779327393,0.42531251907348633
s_oyster_4,resnet50_geirhos_tl,8,4,132,48,136.0,52.0,5.123429298400879,4.751398086547852,0.37203121185302734
s_oyster_4,resnet50_geirhos_tl,8,4,132,52,136.0,56.0,5.123429298400879,4.736788272857666,0.3866410255432129
s_oyster_4,resnet50_geirhos_tl,8,4,132,56,136.0,60.0,5.123429298400879,4.650630474090576,0.47279882431030273
s_oyster_4,resnet50_geirhos_tl,8,4,132,60,136.0,64.0,5.123429298400879,4.704827785491943,0.41860151290893555
s_oyster_4,resnet50_geirhos_tl,8,4,132,64,136.0,68.0,5.123429298400879,4.743429660797119,0.37999963760375977
s_oyster_4,resnet50_geirhos_tl,8,4,132,68,136.0,72.0,5.123429298400879,4.798104763031006,0.32532453536987305
s_oyster_4,resnet50_geirhos_tl,8,4,132,72,136.0,76.0,5.123429298400879,4.882401466369629,0.24102783203125
s_oyster_4,resnet50_geirhos_tl,8,4,132,76,136.0,80.0,5.123429298400879,4.95224142074585,0.1711878776550293
s_oyster_4,resnet50_geirhos_tl,8,4,132,80,136.0,84.0,5.123429298400879,5.0277323722839355,0.09569692611694336
s_oyster_4,resnet50_geirhos_tl,8,4,132,84,136.0,88.0,5.123429298400879,5.122713565826416,0.0007157325744628906
s_oyster_4,resnet50_geirhos_tl,8,4,132,88,136.0,92.0,5.123429298400879,5.20801305770874,-0.08458375930786133
s_oyster_4,resnet50_geirhos_tl,8,4,132,92,136.0,96.0,5.123429298400879,5.289239883422852,-0.16581058502197266
s_oyster_4,resnet50_geirhos_tl,8,4,132,96,136.0,100.0,5.123429298400879,5.352592945098877,-0.22916364669799805
s_oyster_4,resnet50_geirhos_tl,8,4,132,100,136.0,104.0,5.123429298400879,5.309561252593994,-0.18613195419311523
s_oyster_4,resnet50_geirhos_tl,8,4,132,104,136.0,108.0,5.123429298400879,5.2544450759887695,-0.13101577758789062
s_oyster_4,resnet50_geirhos_tl,8,4,132,108,136.0,112.0,5.123429298400879,5.175798416137695,-0.052369117736816406
s_oyster_4,resnet50_geirhos_tl,8,4,132,112,136.0,116.0,5.123429298400879,5.14018440246582,-0.016755104064941406
s_oyster_4,resnet50_geirhos_tl,8,4,132,116,136.0,120.0,5.123429298400879,4.994626045227051,0.12880325317382812
s_oyster_4,resnet50_geirhos_tl,8,4,132,120,136.0,124.0,5.123429298400879,5.115592956542969,0.007836341857910156
s_oyster_4,resnet50_geirhos_tl,8,4,132,124,136.0,128.0,5.123429298400879,5.021867275238037,0.1015620231628418
s_oyster_4,resnet50_geirhos_tl,8,4,132,128,136.0,132.0,5.123429298400879,5.092501163482666,0.03092813491821289
s_oyster_4,resnet50_geirhos_tl,8,4,132,132,136.0,136.0,5.123429298400879,5.011398792266846,0.1120305061340332
s_oyster_4,resnet50_geirhos_tl,8,4,132,136,136.0,140.0,5.123429298400879,5.126365661621094,-0.0029363632202148438
s_oyster_4,resnet50_geirhos_tl,8,4,132,140,136.0,144.0,5.123429298400879,5.133297443389893,-0.009868144989013672
s_oyster_4,resnet50_geirhos_tl,8,4,132,144,136.0,148.0,5.123429298400879,5.252463340759277,-0.12903404235839844
s_oyster_4,resnet50_geirhos_tl,8,4,132,148,136.0,152.0,5.123429298400879,5.233997821807861,-0.11056852340698242
s_oyster_4,resnet50_geirhos_tl,8,4,132,152,136.0,156.0,5.123429298400879,5.168910503387451,-0.045481204986572266
s_oyster_4,resnet50_geirhos_tl,8,4,132,156,136.0,160.0,5.123429298400879,5.124917984008789,-0.0014886856079101562
s_oyster_4,resnet50_geirhos_tl,8,4,132,160,136.0,164.0,5.123429298400879,5.054390907287598,0.06903839111328125
s_oyster_4,resnet50_geirhos_tl,8,4,132,164,136.0,168.0,5.123429298400879,4.992448329925537,0.1309809684753418
s_oyster_4,resnet50_geirhos_tl,8,4,132,168,136.0,172.0,5.123429298400879,5.050283432006836,0.07314586639404297
s_oyster_4,resnet50_geirhos_tl,8,4,132,172,136.0,176.0,5.123429298400879,5.02895975112915,0.09446954727172852
s_oyster_4,resnet50_geirhos_tl,8,4,132,176,136.0,180.0,5.123429298400879,4.9532623291015625,0.1701669692993164
s_oyster_4,resnet50_geirhos_tl,8,4,132,180,136.0,184.0,5.123429298400879,4.9245452880859375,0.1988840103149414
s_oyster_4,resnet50_geirhos_tl,8,4,132,184,136.0,188.0,5.123429298400879,4.914482116699219,0.20894718170166016
s_oyster_4,resnet50_geirhos_tl,8,4,132,188,136.0,192.0,5.123429298400879,4.847495079040527,0.27593421936035156
s_oyster_4,resnet50_geirhos_tl,8,4,132,192,136.0,196.0,5.123429298400879,4.899409770965576,0.22401952743530273
s_oyster_4,resnet50_geirhos_tl,8,4,132,196,136.0,200.0,5.123429298400879,4.92023229598999,0.20319700241088867
s_oyster_4,resnet50_geirhos_tl,8,4,132,200,136.0,204.0,5.123429298400879,4.925063133239746,0.1983661651611328
s_oyster_4,resnet50_geirhos_tl,8,4,132,204,136.0,208.0,5.123429298400879,4.982983589172363,0.14044570922851562
s_oyster_4,resnet50_geirhos_tl,8,4,132,208,136.0,212.0,5.123429298400879,5.0097222328186035,0.11370706558227539
s_oyster_4,resnet50_geirhos_tl,8,4,132,212,136.0,216.0,5.123429298400879,5.002540588378906,0.12088871002197266
s_oyster_4,resnet50_geirhos_tl,8,4,132,216,136.0,220.0,5.123429298400879,5.022148609161377,0.10128068923950195
s_oyster_4,resnet50_geirhos_tl,8,4,136,0,140.0,4.0,5.123429298400879,5.047114372253418,0.07631492614746094
s_oyster_4,resnet50_geirhos_tl,8,4,136,4,140.0,8.0,5.123429298400879,5.085925102233887,0.03750419616699219
s_oyster_4,resnet50_geirhos_tl,8,4,136,8,140.0,12.0,5.123429298400879,5.1130828857421875,0.010346412658691406
s_oyster_4,resnet50_geirhos_tl,8,4,136,12,140.0,16.0,5.123429298400879,5.07397985458374,0.04944944381713867
s_oyster_4,resnet50_geirhos_tl,8,4,136,16,140.0,20.0,5.123429298400879,5.073575019836426,0.049854278564453125
s_oyster_4,resnet50_geirhos_tl,8,4,136,20,140.0,24.0,5.123429298400879,5.017899990081787,0.1055293083190918
s_oyster_4,resnet50_geirhos_tl,8,4,136,24,140.0,28.0,5.123429298400879,4.930196285247803,0.19323301315307617
s_oyster_4,resnet50_geirhos_tl,8,4,136,28,140.0,32.0,5.123429298400879,5.042514324188232,0.08091497421264648
s_oyster_4,resnet50_geirhos_tl,8,4,136,32,140.0,36.0,5.123429298400879,5.061374664306641,0.06205463409423828
s_oyster_4,resnet50_geirhos_tl,8,4,136,36,140.0,40.0,5.123429298400879,5.018928527832031,0.10450077056884766
s_oyster_4,resnet50_geirhos_tl,8,4,136,40,140.0,44.0,5.123429298400879,4.7660369873046875,0.3573923110961914
s_oyster_4,resnet50_geirhos_tl,8,4,136,44,140.0,48.0,5.123429298400879,4.757180213928223,0.36624908447265625
s_oyster_4,resnet50_geirhos_tl,8,4,136,48,140.0,52.0,5.123429298400879,4.8112101554870605,0.31221914291381836
s_oyster_4,resnet50_geirhos_tl,8,4,136,52,140.0,56.0,5.123429298400879,4.778158187866211,0.34527111053466797
s_oyster_4,resnet50_geirhos_tl,8,4,136,56,140.0,60.0,5.123429298400879,4.835831165313721,0.2875981330871582
s_oyster_4,resnet50_geirhos_tl,8,4,136,60,140.0,64.0,5.123429298400879,4.78921365737915,0.3342156410217285
s_oyster_4,resnet50_geirhos_tl,8,4,136,64,140.0,68.0,5.123429298400879,4.876034259796143,0.24739503860473633
s_oyster_4,resnet50_geirhos_tl,8,4,136,68,140.0,72.0,5.123429298400879,4.838979721069336,0.28444957733154297
s_oyster_4,resnet50_geirhos_tl,8,4,136,72,140.0,76.0,5.123429298400879,4.944019317626953,0.17940998077392578
s_oyster_4,resnet50_geirhos_tl,8,4,136,76,140.0,80.0,5.123429298400879,4.98779296875,0.1356363296508789
s_oyster_4,resnet50_geirhos_tl,8,4,136,80,140.0,84.0,5.123429298400879,5.045209884643555,0.07821941375732422
s_oyster_4,resnet50_geirhos_tl,8,4,136,84,140.0,88.0,5.123429298400879,5.109004497528076,0.014424800872802734
s_oyster_4,resnet50_geirhos_tl,8,4,136,88,140.0,92.0,5.123429298400879,5.2779622077941895,-0.15453290939331055
s_oyster_4,resnet50_geirhos_tl,8,4,136,92,140.0,96.0,5.123429298400879,5.351996421813965,-0.22856712341308594
s_oyster_4,resnet50_geirhos_tl,8,4,136,96,140.0,100.0,5.123429298400879,5.397748947143555,-0.2743196487426758
s_oyster_4,resnet50_geirhos_tl,8,4,136,100,140.0,104.0,5.123429298400879,5.343868732452393,-0.22043943405151367
s_oyster_4,resnet50_geirhos_tl,8,4,136,104,140.0,108.0,5.123429298400879,5.283457279205322,-0.16002798080444336
s_oyster_4,resnet50_geirhos_tl,8,4,136,108,140.0,112.0,5.123429298400879,5.179971694946289,-0.056542396545410156
s_oyster_4,resnet50_geirhos_tl,8,4,136,112,140.0,116.0,5.123429298400879,5.067450046539307,0.055979251861572266
s_oyster_4,resnet50_geirhos_tl,8,4,136,116,140.0,120.0,5.123429298400879,4.995959281921387,0.1274700164794922
s_oyster_4,resnet50_geirhos_tl,8,4,136,120,140.0,124.0,5.123429298400879,4.951580047607422,0.17184925079345703
s_oyster_4,resnet50_geirhos_tl,8,4,136,124,140.0,128.0,5.123429298400879,4.9884233474731445,0.13500595092773438
s_oyster_4,resnet50_geirhos_tl,8,4,136,128,140.0,132.0,5.123429298400879,4.9920759201049805,0.13135337829589844
s_oyster_4,resnet50_geirhos_tl,8,4,136,132,140.0,136.0,5.123429298400879,4.966770648956299,0.15665864944458008
s_oyster_4,resnet50_geirhos_tl,8,4,136,136,140.0,140.0,5.123429298400879,5.062773704528809,0.06065559387207031
s_oyster_4,resnet50_geirhos_tl,8,4,136,140,140.0,144.0,5.123429298400879,5.081132888793945,0.042296409606933594
s_oyster_4,resnet50_geirhos_tl,8,4,136,144,140.0,148.0,5.123429298400879,5.096115589141846,0.027313709259033203
s_oyster_4,resnet50_geirhos_tl,8,4,136,148,140.0,152.0,5.123429298400879,5.097039699554443,0.026389598846435547
s_oyster_4,resnet50_geirhos_tl,8,4,136,152,140.0,156.0,5.123429298400879,5.084774017333984,0.03865528106689453
s_oyster_4,resnet50_geirhos_tl,8,4,136,156,140.0,160.0,5.123429298400879,5.081757068634033,0.0416722297668457
s_oyster_4,resnet50_geirhos_tl,8,4,136,160,140.0,164.0,5.123429298400879,5.089341163635254,0.034088134765625
s_oyster_4,resnet50_geirhos_tl,8,4,136,164,140.0,168.0,5.123429298400879,5.028929233551025,0.09450006484985352
s_oyster_4,resnet50_geirhos_tl,8,4,136,168,140.0,172.0,5.123429298400879,4.9660444259643555,0.15738487243652344
s_oyster_4,resnet50_geirhos_tl,8,4,136,172,140.0,176.0,5.123429298400879,4.981416702270508,0.1420125961303711
s_oyster_4,resnet50_geirhos_tl,8,4,136,176,140.0,180.0,5.123429298400879,4.919332981109619,0.20409631729125977
s_oyster_4,resnet50_geirhos_tl,8,4,136,180,140.0,184.0,5.123429298400879,4.918220043182373,0.20520925521850586
s_oyster_4,resnet50_geirhos_tl,8,4,136,184,140.0,188.0,5.123429298400879,4.8649001121521,0.2585291862487793
s_oyster_4,resnet50_geirhos_tl,8,4,136,188,140.0,192.0,5.123429298400879,4.8705854415893555,0.25284385681152344
s_oyster_4,resnet50_geirhos_tl,8,4,136,192,140.0,196.0,5.123429298400879,4.871283531188965,0.25214576721191406
s_oyster_4,resnet50_geirhos_tl,8,4,136,196,140.0,200.0,5.123429298400879,4.888721942901611,0.23470735549926758
s_oyster_4,resnet50_geirhos_tl,8,4,136,200,140.0,204.0,5.123429298400879,4.9113078117370605,0.21212148666381836
s_oyster_4,resnet50_geirhos_tl,8,4,136,204,140.0,208.0,5.123429298400879,4.953268051147461,0.17016124725341797
s_oyster_4,resnet50_geirhos_tl,8,4,136,208,140.0,212.0,5.123429298400879,4.969778537750244,0.15365076065063477
s_oyster_4,resnet50_geirhos_tl,8,4,136,212,140.0,216.0,5.123429298400879,4.957939147949219,0.16549015045166016
s_oyster_4,resnet50_geirhos_tl,8,4,136,216,140.0,220.0,5.123429298400879,4.993086814880371,0.1303424835205078
s_oyster_4,resnet50_geirhos_tl,8,4,140,0,144.0,4.0,5.123429298400879,5.052667617797852,0.07076168060302734
s_oyster_4,resnet50_geirhos_tl,8,4,140,4,144.0,8.0,5.123429298400879,5.057849407196045,0.06557989120483398
s_oyster_4,resnet50_geirhos_tl,8,4,140,8,144.0,12.0,5.123429298400879,5.144228458404541,-0.02079916000366211
s_oyster_4,resnet50_geirhos_tl,8,4,140,12,144.0,16.0,5.123429298400879,5.138476371765137,-0.015047073364257812
s_oyster_4,resnet50_geirhos_tl,8,4,140,16,144.0,20.0,5.123429298400879,5.207151412963867,-0.08372211456298828
s_oyster_4,resnet50_geirhos_tl,8,4,140,20,144.0,24.0,5.123429298400879,5.121029853820801,0.002399444580078125
s_oyster_4,resnet50_geirhos_tl,8,4,140,24,144.0,28.0,5.123429298400879,5.010815620422363,0.11261367797851562
s_oyster_4,resnet50_geirhos_tl,8,4,140,28,144.0,32.0,5.123429298400879,5.140182971954346,-0.016753673553466797
s_oyster_4,resnet50_geirhos_tl,8,4,140,32,144.0,36.0,5.123429298400879,5.072901248931885,0.05052804946899414
s_oyster_4,resnet50_geirhos_tl,8,4,140,36,144.0,40.0,5.123429298400879,5.120095252990723,0.00333404541015625
s_oyster_4,resnet50_geirhos_tl,8,4,140,40,144.0,44.0,5.123429298400879,5.189249515533447,-0.06582021713256836
s_oyster_4,resnet50_geirhos_tl,8,4,140,44,144.0,48.0,5.123429298400879,5.040733337402344,0.08269596099853516
s_oyster_4,resnet50_geirhos_tl,8,4,140,48,144.0,52.0,5.123429298400879,4.891556739807129,0.23187255859375
s_oyster_4,resnet50_geirhos_tl,8,4,140,52,144.0,56.0,5.123429298400879,4.771387100219727,0.35204219818115234
s_oyster_4,resnet50_geirhos_tl,8,4,140,56,144.0,60.0,5.123429298400879,4.858908653259277,0.26452064514160156
s_oyster_4,resnet50_geirhos_tl,8,4,140,60,144.0,64.0,5.123429298400879,4.676854610443115,0.44657468795776367
s_oyster_4,resnet50_geirhos_tl,8,4,140,64,144.0,68.0,5.123429298400879,4.739651203155518,0.38377809524536133
s_oyster_4,resnet50_geirhos_tl,8,4,140,68,144.0,72.0,5.123429298400879,4.64150333404541,0.48192596435546875
s_oyster_4,resnet50_geirhos_tl,8,4,140,72,144.0,76.0,5.123429298400879,4.887628555297852,0.23580074310302734
s_oyster_4,resnet50_geirhos_tl,8,4,140,76,144.0,80.0,5.123429298400879,4.846655368804932,0.27677392959594727
s_oyster_4,resnet50_geirhos_tl,8,4,140,80,144.0,84.0,5.123429298400879,4.905755043029785,0.21767425537109375
s_oyster_4,resnet50_geirhos_tl,8,4,140,84,144.0,88.0,5.123429298400879,5.008960723876953,0.11446857452392578
s_oyster_4,resnet50_geirhos_tl,8,4,140,88,144.0,92.0,5.123429298400879,5.227201461791992,-0.10377216339111328
s_oyster_4,resnet50_geirhos_tl,8,4,140,92,144.0,96.0,5.123429298400879,5.3103861808776855,-0.18695688247680664
s_oyster_4,resnet50_geirhos_tl,8,4,140,96,144.0,100.0,5.123429298400879,5.364353656768799,-0.24092435836791992
s_oyster_4,resnet50_geirhos_tl,8,4,140,100,144.0,104.0,5.123429298400879,5.30132532119751,-0.17789602279663086
s_oyster_4,resnet50_geirhos_tl,8,4,140,104,144.0,108.0,5.123429298400879,5.166634559631348,-0.04320526123046875
s_oyster_4,resnet50_geirhos_tl,8,4,140,108,144.0,112.0,5.123429298400879,5.020603179931641,0.10282611846923828
s_oyster_4,resnet50_geirhos_tl,8,4,140,112,144.0,116.0,5.123429298400879,5.07346248626709,0.04996681213378906
s_oyster_4,resnet50_geirhos_tl,8,4,140,116,144.0,120.0,5.123429298400879,5.038341999053955,0.08508729934692383
s_oyster_4,resnet50_geirhos_tl,8,4,140,120,144.0,124.0,5.123429298400879,5.002440929412842,0.12098836898803711
s_oyster_4,resnet50_geirhos_tl,8,4,140,124,144.0,128.0,5.123429298400879,4.951720237731934,0.1717090606689453
s_oyster_4,resnet50_geirhos_tl,8,4,140,128,144.0,132.0,5.123429298400879,5.040138244628906,0.08329105377197266
s_oyster_4,resnet50_geirhos_tl,8,4,140,132,144.0,136.0,5.123429298400879,4.895148277282715,0.22828102111816406
s_oyster_4,resnet50_geirhos_tl,8,4,140,136,144.0,140.0,5.123429298400879,5.078605651855469,0.044823646545410156
s_oyster_4,resnet50_geirhos_tl,8,4,140,140,144.0,144.0,5.123429298400879,5.099843978881836,0.02358531951904297
s_oyster_4,resnet50_geirhos_tl,8,4,140,144,144.0,148.0,5.123429298400879,5.122226238250732,0.0012030601501464844
s_oyster_4,resnet50_geirhos_tl,8,4,140,148,144.0,152.0,5.123429298400879,4.985971450805664,0.13745784759521484
s_oyster_4,resnet50_geirhos_tl,8,4,140,152,144.0,156.0,5.123429298400879,5.0270094871521,0.0964198112487793
s_oyster_4,resnet50_geirhos_tl,8,4,140,156,144.0,160.0,5.123429298400879,4.910955429077148,0.21247386932373047
s_oyster_4,resnet50_geirhos_tl,8,4,140,160,144.0,164.0,5.123429298400879,4.984682559967041,0.1387467384338379
s_oyster_4,resnet50_geirhos_tl,8,4,140,164,144.0,168.0,5.123429298400879,4.947772026062012,0.1756572723388672
s_oyster_4,resnet50_geirhos_tl,8,4,140,168,144.0,172.0,5.123429298400879,4.945732116699219,0.17769718170166016
s_oyster_4,resnet50_geirhos_tl,8,4,140,172,144.0,176.0,5.123429298400879,5.01685905456543,0.10657024383544922
s_oyster_4,resnet50_geirhos_tl,8,4,140,176,144.0,180.0,5.123429298400879,4.968142032623291,0.1552872657775879
s_oyster_4,resnet50_geirhos_tl,8,4,140,180,144.0,184.0,5.123429298400879,4.954399585723877,0.16902971267700195
s_oyster_4,resnet50_geirhos_tl,8,4,140,184,144.0,188.0,5.123429298400879,4.924614906311035,0.19881439208984375
s_oyster_4,resnet50_geirhos_tl,8,4,140,188,144.0,192.0,5.123429298400879,4.924814701080322,0.19861459732055664
s_oyster_4,resnet50_geirhos_tl,8,4,140,192,144.0,196.0,5.123429298400879,4.918180465698242,0.20524883270263672
s_oyster_4,resnet50_geirhos_tl,8,4,140,196,144.0,200.0,5.123429298400879,4.9124908447265625,0.2109384536743164
s_oyster_4,resnet50_geirhos_tl,8,4,140,200,144.0,204.0,5.123429298400879,4.906116962432861,0.21731233596801758
s_oyster_4,resnet50_geirhos_tl,8,4,140,204,144.0,208.0,5.123429298400879,4.962048053741455,0.16138124465942383
s_oyster_4,resnet50_geirhos_tl,8,4,140,208,144.0,212.0,5.123429298400879,5.001235008239746,0.12219429016113281
s_oyster_4,resnet50_geirhos_tl,8,4,140,212,144.0,216.0,5.123429298400879,4.9715142250061035,0.1519150733947754
s_oyster_4,resnet50_geirhos_tl,8,4,140,216,144.0,220.0,5.123429298400879,5.0096211433410645,0.11380815505981445
s_oyster_4,resnet50_geirhos_tl,8,4,144,0,148.0,4.0,5.123429298400879,4.997620105743408,0.1258091926574707
s_oyster_4,resnet50_geirhos_tl,8,4,144,4,148.0,8.0,5.123429298400879,5.040221214294434,0.08320808410644531
s_oyster_4,resnet50_geirhos_tl,8,4,144,8,148.0,12.0,5.123429298400879,5.100086212158203,0.02334308624267578
s_oyster_4,resnet50_geirhos_tl,8,4,144,12,148.0,16.0,5.123429298400879,5.113765716552734,0.009663581848144531
s_oyster_4,resnet50_geirhos_tl,8,4,144,16,148.0,20.0,5.123429298400879,5.1713151931762695,-0.047885894775390625
s_oyster_4,resnet50_geirhos_tl,8,4,144,20,148.0,24.0,5.123429298400879,5.137180805206299,-0.013751506805419922
s_oyster_4,resnet50_geirhos_tl,8,4,144,24,148.0,28.0,5.123429298400879,5.09287166595459,0.030557632446289062
s_oyster_4,resnet50_geirhos_tl,8,4,144,28,148.0,32.0,5.123429298400879,5.200308322906494,-0.07687902450561523
s_oyster_4,resnet50_geirhos_tl,8,4,144,32,148.0,36.0,5.123429298400879,5.173947334289551,-0.050518035888671875
s_oyster_4,resnet50_geirhos_tl,8,4,144,36,148.0,40.0,5.123429298400879,5.251319408416748,-0.12789011001586914
s_oyster_4,resnet50_geirhos_tl,8,4,144,40,148.0,44.0,5.123429298400879,5.241371154785156,-0.11794185638427734
s_oyster_4,resnet50_geirhos_tl,8,4,144,44,148.0,48.0,5.123429298400879,5.122838973999023,0.0005903244018554688
s_oyster_4,resnet50_geirhos_tl,8,4,144,48,148.0,52.0,5.123429298400879,5.062804698944092,0.06062459945678711
s_oyster_4,resnet50_geirhos_tl,8,4,144,52,148.0,56.0,5.123429298400879,4.965198993682861,0.15823030471801758
s_oyster_4,resnet50_geirhos_tl,8,4,144,56,148.0,60.0,5.123429298400879,4.94525146484375,0.1781778335571289
s_oyster_4,resnet50_geirhos_tl,8,4,144,60,148.0,64.0,5.123429298400879,4.769408226013184,0.3540210723876953
s_oyster_4,resnet50_geirhos_tl,8,4,144,64,148.0,68.0,5.123429298400879,4.913686275482178,0.20974302291870117
s_oyster_4,resnet50_geirhos_tl,8,4,144,68,148.0,72.0,5.123429298400879,4.953118324279785,0.17031097412109375
s_oyster_4,resnet50_geirhos_tl,8,4,144,72,148.0,76.0,5.123429298400879,5.043765544891357,0.07966375350952148
s_oyster_4,resnet50_geirhos_tl,8,4,144,76,148.0,80.0,5.123429298400879,4.906955718994141,0.21647357940673828
s_oyster_4,resnet50_geirhos_tl,8,4,144,80,148.0,84.0,5.123429298400879,4.917696475982666,0.2057328224182129
s_oyster_4,resnet50_geirhos_tl,8,4,144,84,148.0,88.0,5.123429298400879,5.0009613037109375,0.1224679946899414
s_oyster_4,resnet50_geirhos_tl,8,4,144,88,148.0,92.0,5.123429298400879,5.0732951164245605,0.05013418197631836
s_oyster_4,resnet50_geirhos_tl,8,4,144,92,148.0,96.0,5.123429298400879,5.070577144622803,0.05285215377807617
s_oyster_4,resnet50_geirhos_tl,8,4,144,96,148.0,100.0,5.123429298400879,5.1162567138671875,0.007172584533691406
s_oyster_4,resnet50_geirhos_tl,8,4,144,100,148.0,104.0,5.123429298400879,5.071836471557617,0.05159282684326172
s_oyster_4,resnet50_geirhos_tl,8,4,144,104,148.0,108.0,5.123429298400879,5.099423885345459,0.024005413055419922
s_oyster_4,resnet50_geirhos_tl,8,4,144,108,148.0,112.0,5.123429298400879,4.986771106719971,0.1366581916809082
s_oyster_4,resnet50_geirhos_tl,8,4,144,112,148.0,116.0,5.123429298400879,4.943988800048828,0.17944049835205078
s_oyster_4,resnet50_geirhos_tl,8,4,144,116,148.0,120.0,5.123429298400879,4.94534969329834,0.17807960510253906
s_oyster_4,resnet50_geirhos_tl,8,4,144,120,148.0,124.0,5.123429298400879,4.91081428527832,0.2126150131225586
s_oyster_4,resnet50_geirhos_tl,8,4,144,124,148.0,128.0,5.123429298400879,5.1016435623168945,0.021785736083984375
s_oyster_4,resnet50_geirhos_tl,8,4,144,128,148.0,132.0,5.123429298400879,5.139318943023682,-0.015889644622802734
s_oyster_4,resnet50_geirhos_tl,8,4,144,132,148.0,136.0,5.123429298400879,4.953319072723389,0.17011022567749023
s_oyster_4,resnet50_geirhos_tl,8,4,144,136,148.0,140.0,5.123429298400879,4.9324774742126465,0.19095182418823242
s_oyster_4,resnet50_geirhos_tl,8,4,144,140,148.0,144.0,5.123429298400879,4.951566219329834,0.17186307907104492
s_oyster_4,resnet50_geirhos_tl,8,4,144,144,148.0,148.0,5.123429298400879,4.916071891784668,0.20735740661621094
s_oyster_4,resnet50_geirhos_tl,8,4,144,148,148.0,152.0,5.123429298400879,4.951005935668945,0.1724233627319336
s_oyster_4,resnet50_geirhos_tl,8,4,144,152,148.0,156.0,5.123429298400879,4.873275279998779,0.2501540184020996
s_oyster_4,resnet50_geirhos_tl,8,4,144,156,148.0,160.0,5.123429298400879,4.766136646270752,0.35729265213012695
s_oyster_4,resnet50_geirhos_tl,8,4,144,160,148.0,164.0,5.123429298400879,4.766327857971191,0.3571014404296875
s_oyster_4,resnet50_geirhos_tl,8,4,144,164,148.0,168.0,5.123429298400879,4.987664699554443,0.13576459884643555
s_oyster_4,resnet50_geirhos_tl,8,4,144,168,148.0,172.0,5.123429298400879,4.902148246765137,0.2212810516357422
s_oyster_4,resnet50_geirhos_tl,8,4,144,172,148.0,176.0,5.123429298400879,4.957419395446777,0.16600990295410156
s_oyster_4,resnet50_geirhos_tl,8,4,144,176,148.0,180.0,5.123429298400879,4.935131072998047,0.18829822540283203
s_oyster_4,resnet50_geirhos_tl,8,4,144,180,148.0,184.0,5.123429298400879,4.888618469238281,0.23481082916259766
s_oyster_4,resnet50_geirhos_tl,8,4,144,184,148.0,188.0,5.123429298400879,4.881799221038818,0.24163007736206055
s_oyster_4,resnet50_geirhos_tl,8,4,144,188,148.0,192.0,5.123429298400879,4.891765594482422,0.23166370391845703
s_oyster_4,resnet50_geirhos_tl,8,4,144,192,148.0,196.0,5.123429298400879,4.871779441833496,0.2516498565673828
s_oyster_4,resnet50_geirhos_tl,8,4,144,196,148.0,200.0,5.123429298400879,4.879006862640381,0.24442243576049805
s_oyster_4,resnet50_geirhos_tl,8,4,144,200,148.0,204.0,5.123429298400879,4.87635612487793,0.24707317352294922
s_oyster_4,resnet50_geirhos_tl,8,4,144,204,148.0,208.0,5.123429298400879,4.934465408325195,0.1889638900756836
s_oyster_4,resnet50_geirhos_tl,8,4,144,208,148.0,212.0,5.123429298400879,4.96533203125,0.1580972671508789
s_oyster_4,resnet50_geirhos_tl,8,4,144,212,148.0,216.0,5.123429298400879,4.943565845489502,0.17986345291137695
s_oyster_4,resnet50_geirhos_tl,8,4,144,216,148.0,220.0,5.123429298400879,4.96951961517334,0.15390968322753906
s_oyster_4,resnet50_geirhos_tl,8,4,148,0,152.0,4.0,5.123429298400879,4.93537712097168,0.18805217742919922
s_oyster_4,resnet50_geirhos_tl,8,4,148,4,152.0,8.0,5.123429298400879,4.944217681884766,0.17921161651611328
s_oyster_4,resnet50_geirhos_tl,8,4,148,8,152.0,12.0,5.123429298400879,5.011321067810059,0.11210823059082031
s_oyster_4,resnet50_geirhos_tl,8,4,148,12,152.0,16.0,5.123429298400879,5.024824142456055,0.09860515594482422
s_oyster_4,resnet50_geirhos_tl,8,4,148,16,152.0,20.0,5.123429298400879,5.09138298034668,0.03204631805419922
s_oyster_4,resnet50_geirhos_tl,8,4,148,20,152.0,24.0,5.123429298400879,5.080585956573486,0.04284334182739258
s_oyster_4,resnet50_geirhos_tl,8,4,148,24,152.0,28.0,5.123429298400879,5.084002494812012,0.03942680358886719
s_oyster_4,resnet50_geirhos_tl,8,4,148,28,152.0,32.0,5.123429298400879,5.119516372680664,0.003912925720214844
s_oyster_4,resnet50_geirhos_tl,8,4,148,32,152.0,36.0,5.123429298400879,5.1082987785339355,0.01513051986694336
s_oyster_4,resnet50_geirhos_tl,8,4,148,36,152.0,40.0,5.123429298400879,5.114198207855225,0.009231090545654297
s_oyster_4,resnet50_geirhos_tl,8,4,148,40,152.0,44.0,5.123429298400879,5.111757278442383,0.011672019958496094
s_oyster_4,resnet50_geirhos_tl,8,4,148,44,152.0,48.0,5.123429298400879,5.097675323486328,0.02575397491455078
s_oyster_4,resnet50_geirhos_tl,8,4,148,48,152.0,52.0,5.123429298400879,5.082372665405273,0.04105663299560547
s_oyster_4,resnet50_geirhos_tl,8,4,148,52,152.0,56.0,5.123429298400879,5.065417289733887,0.05801200866699219
s_oyster_4,resnet50_geirhos_tl,8,4,148,56,152.0,60.0,5.123429298400879,5.118021011352539,0.005408287048339844
s_oyster_4,resnet50_geirhos_tl,8,4,148,60,152.0,64.0,5.123429298400879,5.088382244110107,0.035047054290771484
s_oyster_4,resnet50_geirhos_tl,8,4,148,64,152.0,68.0,5.123429298400879,5.065816879272461,0.05761241912841797
s_oyster_4,resnet50_geirhos_tl,8,4,148,68,152.0,72.0,5.123429298400879,5.103903293609619,0.019526004791259766
s_oyster_4,resnet50_geirhos_tl,8,4,148,72,152.0,76.0,5.123429298400879,4.992809295654297,0.13062000274658203
s_oyster_4,resnet50_geirhos_tl,8,4,148,76,152.0,80.0,5.123429298400879,4.975594520568848,0.14783477783203125
s_oyster_4,resnet50_geirhos_tl,8,4,148,80,152.0,84.0,5.123429298400879,4.953802108764648,0.16962718963623047
s_oyster_4,resnet50_geirhos_tl,8,4,148,84,152.0,88.0,5.123429298400879,4.880993366241455,0.24243593215942383
s_oyster_4,resnet50_geirhos_tl,8,4,148,88,152.0,92.0,5.123429298400879,5.0301594734191895,0.09326982498168945
s_oyster_4,resnet50_geirhos_tl,8,4,148,92,152.0,96.0,5.123429298400879,4.967106342315674,0.15632295608520508
s_oyster_4,resnet50_geirhos_tl,8,4,148,96,152.0,100.0,5.123429298400879,5.052995204925537,0.0704340934753418
s_oyster_4,resnet50_geirhos_tl,8,4,148,100,152.0,104.0,5.123429298400879,5.0316877365112305,0.09174156188964844
s_oyster_4,resnet50_geirhos_tl,8,4,148,104,152.0,108.0,5.123429298400879,5.095722198486328,0.02770709991455078
s_oyster_4,resnet50_geirhos_tl,8,4,148,108,152.0,112.0,5.123429298400879,4.994566917419434,0.1288623809814453
s_oyster_4,resnet50_geirhos_tl,8,4,148,112,152.0,116.0,5.123429298400879,5.036828517913818,0.08660078048706055
s_oyster_4,resnet50_geirhos_tl,8,4,148,116,152.0,120.0,5.123429298400879,5.016928672790527,0.10650062561035156
s_oyster_4,resnet50_geirhos_tl,8,4,148,120,152.0,124.0,5.123429298400879,5.241457462310791,-0.11802816390991211
s_oyster_4,resnet50_geirhos_tl,8,4,148,124,152.0,128.0,5.123429298400879,5.1914472579956055,-0.06801795959472656
s_oyster_4,resnet50_geirhos_tl,8,4,148,128,152.0,132.0,5.123429298400879,5.24630069732666,-0.12287139892578125
s_oyster_4,resnet50_geirhos_tl,8,4,148,132,152.0,136.0,5.123429298400879,5.021844863891602,0.10158443450927734
s_oyster_4,resnet50_geirhos_tl,8,4,148,136,152.0,140.0,5.123429298400879,4.959688663482666,0.1637406349182129
s_oyster_4,resnet50_geirhos_tl,8,4,148,140,152.0,144.0,5.123429298400879,4.911954402923584,0.21147489547729492
s_oyster_4,resnet50_geirhos_tl,8,4,148,144,152.0,148.0,5.123429298400879,5.002549171447754,0.120880126953125
s_oyster_4,resnet50_geirhos_tl,8,4,148,148,152.0,152.0,5.123429298400879,5.025386810302734,0.09804248809814453
s_oyster_4,resnet50_geirhos_tl,8,4,148,152,152.0,156.0,5.123429298400879,4.997665882110596,0.1257634162902832
s_oyster_4,resnet50_geirhos_tl,8,4,148,156,152.0,160.0,5.123429298400879,4.902761936187744,0.22066736221313477
s_oyster_4,resnet50_geirhos_tl,8,4,148,160,152.0,164.0,5.123429298400879,5.011673927307129,0.11175537109375
s_oyster_4,resnet50_geirhos_tl,8,4,148,164,152.0,168.0,5.123429298400879,5.017340660095215,0.10608863830566406
s_oyster_4,resnet50_geirhos_tl,8,4,148,168,152.0,172.0,5.123429298400879,4.966886520385742,0.15654277801513672
s_oyster_4,resnet50_geirhos_tl,8,4,148,172,152.0,176.0,5.123429298400879,4.959680557250977,0.16374874114990234
s_oyster_4,resnet50_geirhos_tl,8,4,148,176,152.0,180.0,5.123429298400879,4.907033920288086,0.21639537811279297
s_oyster_4,resnet50_geirhos_tl,8,4,148,180,152.0,184.0,5.123429298400879,4.847705841064453,0.2757234573364258
s_oyster_4,resnet50_geirhos_tl,8,4,148,184,152.0,188.0,5.123429298400879,4.888636112213135,0.23479318618774414
s_oyster_4,resnet50_geirhos_tl,8,4,148,188,152.0,192.0,5.123429298400879,4.887182235717773,0.23624706268310547
s_oyster_4,resnet50_geirhos_tl,8,4,148,192,152.0,196.0,5.123429298400879,4.845558166503906,0.27787113189697266
s_oyster_4,resnet50_geirhos_tl,8,4,148,196,152.0,200.0,5.123429298400879,4.871715068817139,0.25171422958374023
s_oyster_4,resnet50_geirhos_tl,8,4,148,200,152.0,204.0,5.123429298400879,4.871798038482666,0.2516312599182129
s_oyster_4,resnet50_geirhos_tl,8,4,148,204,152.0,208.0,5.123429298400879,4.888432025909424,0.23499727249145508
s_oyster_4,resnet50_geirhos_tl,8,4,148,208,152.0,212.0,5.123429298400879,4.944129467010498,0.17929983139038086
s_oyster_4,resnet50_geirhos_tl,8,4,148,212,152.0,216.0,5.123429298400879,4.9347920417785645,0.18863725662231445
s_oyster_4,resnet50_geirhos_tl,8,4,148,216,152.0,220.0,5.123429298400879,4.9829487800598145,0.14048051834106445
s_oyster_4,resnet50_geirhos_tl,8,4,152,0,156.0,4.0,5.123429298400879,4.913632869720459,0.20979642868041992
s_oyster_4,resnet50_geirhos_tl,8,4,152,4,156.0,8.0,5.123429298400879,4.951241493225098,0.17218780517578125
s_oyster_4,resnet50_geirhos_tl,8,4,152,8,156.0,12.0,5.123429298400879,4.992661952972412,0.1307673454284668
s_oyster_4,resnet50_geirhos_tl,8,4,152,12,156.0,16.0,5.123429298400879,5.014807224273682,0.10862207412719727
s_oyster_4,resnet50_geirhos_tl,8,4,152,16,156.0,20.0,5.123429298400879,5.041163444519043,0.08226585388183594
s_oyster_4,resnet50_geirhos_tl,8,4,152,20,156.0,24.0,5.123429298400879,5.0667524337768555,0.05667686462402344
s_oyster_4,resnet50_geirhos_tl,8,4,152,24,156.0,28.0,5.123429298400879,5.0213799476623535,0.10204935073852539
s_oyster_4,resnet50_geirhos_tl,8,4,152,28,156.0,32.0,5.123429298400879,5.052419185638428,0.07101011276245117
s_oyster_4,resnet50_geirhos_tl,8,4,152,32,156.0,36.0,5.123429298400879,5.1094183921813965,0.014010906219482422
s_oyster_4,resnet50_geirhos_tl,8,4,152,36,156.0,40.0,5.123429298400879,5.08820915222168,0.03522014617919922
s_oyster_4,resnet50_geirhos_tl,8,4,152,40,156.0,44.0,5.123429298400879,5.04914665222168,0.07428264617919922
s_oyster_4,resnet50_geirhos_tl,8,4,152,44,156.0,48.0,5.123429298400879,5.009764194488525,0.11366510391235352
s_oyster_4,resnet50_geirhos_tl,8,4,152,48,156.0,52.0,5.123429298400879,5.0058979988098145,0.11753129959106445
s_oyster_4,resnet50_geirhos_tl,8,4,152,52,156.0,56.0,5.123429298400879,5.036581993103027,0.08684730529785156
s_oyster_4,resnet50_geirhos_tl,8,4,152,56,156.0,60.0,5.123429298400879,5.081793785095215,0.04163551330566406
s_oyster_4,resnet50_geirhos_tl,8,4,152,60,156.0,64.0,5.123429298400879,5.115660667419434,0.0077686309814453125
s_oyster_4,resnet50_geirhos_tl,8,4,152,64,156.0,68.0,5.123429298400879,5.092416286468506,0.031013011932373047
s_oyster_4,resnet50_geirhos_tl,8,4,152,68,156.0,72.0,5.123429298400879,5.113658905029297,0.009770393371582031
s_oyster_4,resnet50_geirhos_tl,8,4,152,72,156.0,76.0,5.123429298400879,5.020620822906494,0.10280847549438477
s_oyster_4,resnet50_geirhos_tl,8,4,152,76,156.0,80.0,5.123429298400879,5.075174331665039,0.048254966735839844
s_oyster_4,resnet50_geirhos_tl,8,4,152,80,156.0,84.0,5.123429298400879,4.990112781524658,0.1333165168762207
s_oyster_4,resnet50_geirhos_tl,8,4,152,84,156.0,88.0,5.123429298400879,4.86744499206543,0.2559843063354492
s_oyster_4,resnet50_geirhos_tl,8,4,152,88,156.0,92.0,5.123429298400879,5.049630641937256,0.07379865646362305
s_oyster_4,resnet50_geirhos_tl,8,4,152,92,156.0,96.0,5.123429298400879,5.005908012390137,0.11752128601074219
s_oyster_4,resnet50_geirhos_tl,8,4,152,96,156.0,100.0,5.123429298400879,5.073204040527344,0.050225257873535156
s_oyster_4,resnet50_geirhos_tl,8,4,152,100,156.0,104.0,5.123429298400879,5.193671703338623,-0.07024240493774414
s_oyster_4,resnet50_geirhos_tl,8,4,152,104,156.0,108.0,5.123429298400879,5.2083420753479,-0.08491277694702148
s_oyster_4,resnet50_geirhos_tl,8,4,152,108,156.0,112.0,5.123429298400879,5.0320916175842285,0.09133768081665039
s_oyster_4,resnet50_geirhos_tl,8,4,152,112,156.0,116.0,5.123429298400879,5.031221389770508,0.0922079086303711
s_oyster_4,resnet50_geirhos_tl,8,4,152,116,156.0,120.0,5.123429298400879,5.077885627746582,0.045543670654296875
s_oyster_4,resnet50_geirhos_tl,8,4,152,120,156.0,124.0,5.123429298400879,5.177905559539795,-0.054476261138916016
s_oyster_4,resnet50_geirhos_tl,8,4,152,124,156.0,128.0,5.123429298400879,5.144216537475586,-0.02078723907470703
s_oyster_4,resnet50_geirhos_tl,8,4,152,128,156.0,132.0,5.123429298400879,5.055372714996338,0.06805658340454102
s_oyster_4,resnet50_geirhos_tl,8,4,152,132,156.0,136.0,5.123429298400879,5.07440710067749,0.04902219772338867
s_oyster_4,resnet50_geirhos_tl,8,4,152,136,156.0,140.0,5.123429298400879,5.040802955627441,0.0826263427734375
s_oyster_4,resnet50_geirhos_tl,8,4,152,140,156.0,144.0,5.123429298400879,5.055874347686768,0.06755495071411133
s_oyster_4,resnet50_geirhos_tl,8,4,152,144,156.0,148.0,5.123429298400879,5.1848649978637695,-0.061435699462890625
s_oyster_4,resnet50_geirhos_tl,8,4,152,148,156.0,152.0,5.123429298400879,5.1617560386657715,-0.03832674026489258
s_oyster_4,resnet50_geirhos_tl,8,4,152,152,156.0,156.0,5.123429298400879,5.061160087585449,0.06226921081542969
s_oyster_4,resnet50_geirhos_tl,8,4,152,156,156.0,160.0,5.123429298400879,5.1074934005737305,0.015935897827148438
s_oyster_4,resnet50_geirhos_tl,8,4,152,160,156.0,164.0,5.123429298400879,5.040818691253662,0.0826106071472168
s_oyster_4,resnet50_geirhos_tl,8,4,152,164,156.0,168.0,5.123429298400879,5.070396423339844,0.053032875061035156
s_oyster_4,resnet50_geirhos_tl,8,4,152,168,156.0,172.0,5.123429298400879,4.931164264678955,0.19226503372192383
s_oyster_4,resnet50_geirhos_tl,8,4,152,172,156.0,176.0,5.123429298400879,4.935708522796631,0.18772077560424805
s_oyster_4,resnet50_geirhos_tl,8,4,152,176,156.0,180.0,5.123429298400879,4.8650312423706055,0.25839805603027344
s_oyster_4,resnet50_geirhos_tl,8,4,152,180,156.0,184.0,5.123429298400879,4.815401077270508,0.3080282211303711
s_oyster_4,resnet50_geirhos_tl,8,4,152,184,156.0,188.0,5.123429298400879,4.81366491317749,0.30976438522338867
s_oyster_4,resnet50_geirhos_tl,8,4,152,188,156.0,192.0,5.123429298400879,4.858475208282471,0.2649540901184082
s_oyster_4,resnet50_geirhos_tl,8,4,152,192,156.0,196.0,5.123429298400879,4.839132308959961,0.28429698944091797
s_oyster_4,resnet50_geirhos_tl,8,4,152,196,156.0,200.0,5.123429298400879,4.856025218963623,0.26740407943725586
s_oyster_4,resnet50_geirhos_tl,8,4,152,200,156.0,204.0,5.123429298400879,4.866431713104248,0.25699758529663086
s_oyster_4,resnet50_geirhos_tl,8,4,152,204,156.0,208.0,5.123429298400879,4.901561737060547,0.22186756134033203
s_oyster_4,resnet50_geirhos_tl,8,4,152,208,156.0,212.0,5.123429298400879,4.929344654083252,0.19408464431762695
s_oyster_4,resnet50_geirhos_tl,8,4,152,212,156.0,216.0,5.123429298400879,4.893858909606934,0.2295703887939453
s_oyster_4,resnet50_geirhos_tl,8,4,152,216,156.0,220.0,5.123429298400879,4.938070297241211,0.18535900115966797
s_oyster_4,resnet50_geirhos_tl,8,4,156,0,160.0,4.0,5.123429298400879,4.970009803771973,0.15341949462890625
s_oyster_4,resnet50_geirhos_tl,8,4,156,4,160.0,8.0,5.123429298400879,4.9507737159729,0.17265558242797852
s_oyster_4,resnet50_geirhos_tl,8,4,156,8,160.0,12.0,5.123429298400879,4.975000381469727,0.14842891693115234
s_oyster_4,resnet50_geirhos_tl,8,4,156,12,160.0,16.0,5.123429298400879,4.99533224105835,0.1280970573425293
s_oyster_4,resnet50_geirhos_tl,8,4,156,16,160.0,20.0,5.123429298400879,5.024341583251953,0.09908771514892578
s_oyster_4,resnet50_geirhos_tl,8,4,156,20,160.0,24.0,5.123429298400879,5.079188346862793,0.04424095153808594
s_oyster_4,resnet50_geirhos_tl,8,4,156,24,160.0,28.0,5.123429298400879,5.119915962219238,0.003513336181640625
s_oyster_4,resnet50_geirhos_tl,8,4,156,28,160.0,32.0,5.123429298400879,5.093303203582764,0.030126094818115234
s_oyster_4,resnet50_geirhos_tl,8,4,156,32,160.0,36.0,5.123429298400879,5.06983757019043,0.05359172821044922
s_oyster_4,resnet50_geirhos_tl,8,4,156,36,160.0,40.0,5.123429298400879,5.110431671142578,0.012997627258300781
s_oyster_4,resnet50_geirhos_tl,8,4,156,40,160.0,44.0,5.123429298400879,5.085322856903076,0.038106441497802734
s_oyster_4,resnet50_geirhos_tl,8,4,156,44,160.0,48.0,5.123429298400879,5.08268404006958,0.04074525833129883
s_oyster_4,resnet50_geirhos_tl,8,4,156,48,160.0,52.0,5.123429298400879,5.077940940856934,0.04548835754394531
s_oyster_4,resnet50_geirhos_tl,8,4,156,52,160.0,56.0,5.123429298400879,5.142300128936768,-0.018870830535888672
s_oyster_4,resnet50_geirhos_tl,8,4,156,56,160.0,60.0,5.123429298400879,5.132763862609863,-0.009334564208984375
s_oyster_4,resnet50_geirhos_tl,8,4,156,60,160.0,64.0,5.123429298400879,5.138852596282959,-0.015423297882080078
s_oyster_4,resnet50_geirhos_tl,8,4,156,64,160.0,68.0,5.123429298400879,5.08633279800415,0.037096500396728516
s_oyster_4,resnet50_geirhos_tl,8,4,156,68,160.0,72.0,5.123429298400879,5.151505947113037,-0.028076648712158203
s_oyster_4,resnet50_geirhos_tl,8,4,156,72,160.0,76.0,5.123429298400879,5.0896196365356445,0.033809661865234375
s_oyster_4,resnet50_geirhos_tl,8,4,156,76,160.0,80.0,5.123429298400879,5.079834461212158,0.0435948371887207
s_oyster_4,resnet50_geirhos_tl,8,4,156,80,160.0,84.0,5.123429298400879,5.163181304931641,-0.03975200653076172
s_oyster_4,resnet50_geirhos_tl,8,4,156,84,160.0,88.0,5.123429298400879,5.194234848022461,-0.07080554962158203
s_oyster_4,resnet50_geirhos_tl,8,4,156,88,160.0,92.0,5.123429298400879,5.143791198730469,-0.020361900329589844
s_oyster_4,resnet50_geirhos_tl,8,4,156,92,160.0,96.0,5.123429298400879,5.151793956756592,-0.02836465835571289
s_oyster_4,resnet50_geirhos_tl,8,4,156,96,160.0,100.0,5.123429298400879,5.271601676940918,-0.14817237854003906
s_oyster_4,resnet50_geirhos_tl,8,4,156,100,160.0,104.0,5.123429298400879,5.247992992401123,-0.12456369400024414
s_oyster_4,resnet50_geirhos_tl,8,4,156,104,160.0,108.0,5.123429298400879,5.247689247131348,-0.12425994873046875
s_oyster_4,resnet50_geirhos_tl,8,4,156,108,160.0,112.0,5.123429298400879,5.13163948059082,-0.008210182189941406
s_oyster_4,resnet50_geirhos_tl,8,4,156,112,160.0,116.0,5.123429298400879,5.121781349182129,0.00164794921875
s_oyster_4,resnet50_geirhos_tl,8,4,156,116,160.0,120.0,5.123429298400879,5.168647766113281,-0.045218467712402344
s_oyster_4,resnet50_geirhos_tl,8,4,156,120,160.0,124.0,5.123429298400879,5.172685623168945,-0.049256324768066406
s_oyster_4,resnet50_geirhos_tl,8,4,156,124,160.0,128.0,5.123429298400879,5.217621326446533,-0.0941920280456543
s_oyster_4,resnet50_geirhos_tl,8,4,156,128,160.0,132.0,5.123429298400879,5.257516384124756,-0.13408708572387695
s_oyster_4,resnet50_geirhos_tl,8,4,156,132,160.0,136.0,5.123429298400879,5.294274806976318,-0.17084550857543945
s_oyster_4,resnet50_geirhos_tl,8,4,156,136,160.0,140.0,5.123429298400879,5.245724678039551,-0.12229537963867188
s_oyster_4,resnet50_geirhos_tl,8,4,156,140,160.0,144.0,5.123429298400879,5.224608898162842,-0.10117959976196289
s_oyster_4,resnet50_geirhos_tl,8,4,156,144,160.0,148.0,5.123429298400879,5.187780380249023,-0.06435108184814453
s_oyster_4,resnet50_geirhos_tl,8,4,156,148,160.0,152.0,5.123429298400879,5.187777519226074,-0.06434822082519531
s_oyster_4,resnet50_geirhos_tl,8,4,156,152,160.0,156.0,5.123429298400879,5.161174297332764,-0.037744998931884766
s_oyster_4,resnet50_geirhos_tl,8,4,156,156,160.0,160.0,5.123429298400879,5.104979038238525,0.018450260162353516
s_oyster_4,resnet50_geirhos_tl,8,4,156,160,160.0,164.0,5.123429298400879,5.07175874710083,0.05167055130004883
s_oyster_4,resnet50_geirhos_tl,8,4,156,164,160.0,168.0,5.123429298400879,5.019464492797852,0.10396480560302734
s_oyster_4,resnet50_geirhos_tl,8,4,156,168,160.0,172.0,5.123429298400879,4.99447774887085,0.1289515495300293
s_oyster_4,resnet50_geirhos_tl,8,4,156,172,160.0,176.0,5.123429298400879,4.943912506103516,0.17951679229736328
s_oyster_4,resnet50_geirhos_tl,8,4,156,176,160.0,180.0,5.123429298400879,4.854592323303223,0.26883697509765625
s_oyster_4,resnet50_geirhos_tl,8,4,156,180,160.0,184.0,5.123429298400879,4.839114189147949,0.2843151092529297
s_oyster_4,resnet50_geirhos_tl,8,4,156,184,160.0,188.0,5.123429298400879,4.854418754577637,0.2690105438232422
s_oyster_4,resnet50_geirhos_tl,8,4,156,188,160.0,192.0,5.123429298400879,4.927103042602539,0.19632625579833984
s_oyster_4,resnet50_geirhos_tl,8,4,156,192,160.0,196.0,5.123429298400879,4.916790008544922,0.20663928985595703
s_oyster_4,resnet50_geirhos_tl,8,4,156,196,160.0,200.0,5.123429298400879,4.914191722869873,0.20923757553100586
s_oyster_4,resnet50_geirhos_tl,8,4,156,200,160.0,204.0,5.123429298400879,4.887261867523193,0.23616743087768555
s_oyster_4,resnet50_geirhos_tl,8,4,156,204,160.0,208.0,5.123429298400879,4.92924690246582,0.1941823959350586
s_oyster_4,resnet50_geirhos_tl,8,4,156,208,160.0,212.0,5.123429298400879,4.961423397064209,0.16200590133666992
s_oyster_4,resnet50_geirhos_tl,8,4,156,212,160.0,216.0,5.123429298400879,4.937211990356445,0.1862173080444336
s_oyster_4,resnet50_geirhos_tl,8,4,156,216,160.0,220.0,5.123429298400879,4.966704368591309,0.1567249298095703
s_oyster_4,resnet50_geirhos_tl,8,4,160,0,164.0,4.0,5.123429298400879,5.0009074211120605,0.12252187728881836
s_oyster_4,resnet50_geirhos_tl,8,4,160,4,164.0,8.0,5.123429298400879,4.965403079986572,0.15802621841430664
s_oyster_4,resnet50_geirhos_tl,8,4,160,8,164.0,12.0,5.123429298400879,5.008928298950195,0.1145009994506836
s_oyster_4,resnet50_geirhos_tl,8,4,160,12,164.0,16.0,5.123429298400879,5.004761695861816,0.1186676025390625
s_oyster_4,resnet50_geirhos_tl,8,4,160,16,164.0,20.0,5.123429298400879,5.019543647766113,0.10388565063476562
s_oyster_4,resnet50_geirhos_tl,8,4,160,20,164.0,24.0,5.123429298400879,5.073649883270264,0.049779415130615234
s_oyster_4,resnet50_geirhos_tl,8,4,160,24,164.0,28.0,5.123429298400879,5.13080358505249,-0.007374286651611328
s_oyster_4,resnet50_geirhos_tl,8,4,160,28,164.0,32.0,5.123429298400879,5.1125922203063965,0.010837078094482422
s_oyster_4,resnet50_geirhos_tl,8,4,160,32,164.0,36.0,5.123429298400879,5.121699810028076,0.0017294883728027344
s_oyster_4,resnet50_geirhos_tl,8,4,160,36,164.0,40.0,5.123429298400879,5.143988609313965,-0.020559310913085938
s_oyster_4,resnet50_geirhos_tl,8,4,160,40,164.0,44.0,5.123429298400879,5.110650539398193,0.012778759002685547
s_oyster_4,resnet50_geirhos_tl,8,4,160,44,164.0,48.0,5.123429298400879,5.103305816650391,0.02012348175048828
s_oyster_4,resnet50_geirhos_tl,8,4,160,48,164.0,52.0,5.123429298400879,5.133424282073975,-0.009994983673095703
s_oyster_4,resnet50_geirhos_tl,8,4,160,52,164.0,56.0,5.123429298400879,5.167414665222168,-0.04398536682128906
s_oyster_4,resnet50_geirhos_tl,8,4,160,56,164.0,60.0,5.123429298400879,5.1412353515625,-0.017806053161621094
s_oyster_4,resnet50_geirhos_tl,8,4,160,60,164.0,64.0,5.123429298400879,5.133835792541504,-0.010406494140625
s_oyster_4,resnet50_geirhos_tl,8,4,160,64,164.0,68.0,5.123429298400879,5.058208465576172,0.06522083282470703
s_oyster_4,resnet50_geirhos_tl,8,4,160,68,164.0,72.0,5.123429298400879,5.122625350952148,0.0008039474487304688
s_oyster_4,resnet50_geirhos_tl,8,4,160,72,164.0,76.0,5.123429298400879,5.078168869018555,0.04526042938232422
s_oyster_4,resnet50_geirhos_tl,8,4,160,76,164.0,80.0,5.123429298400879,5.096993446350098,0.02643585205078125
s_oyster_4,resnet50_geirhos_tl,8,4,160,80,164.0,84.0,5.123429298400879,5.108298301696777,0.015130996704101562
s_oyster_4,resnet50_geirhos_tl,8,4,160,84,164.0,88.0,5.123429298400879,5.170234203338623,-0.04680490493774414
s_oyster_4,resnet50_geirhos_tl,8,4,160,88,164.0,92.0,5.123429298400879,5.171473503112793,-0.04804420471191406
s_oyster_4,resnet50_geirhos_tl,8,4,160,92,164.0,96.0,5.123429298400879,5.219315528869629,-0.09588623046875
s_oyster_4,resnet50_geirhos_tl,8,4,160,96,164.0,100.0,5.123429298400879,5.201586723327637,-0.07815742492675781
s_oyster_4,resnet50_geirhos_tl,8,4,160,100,164.0,104.0,5.123429298400879,5.210253715515137,-0.08682441711425781
s_oyster_4,resnet50_geirhos_tl,8,4,160,104,164.0,108.0,5.123429298400879,5.175101280212402,-0.05167198181152344
s_oyster_4,resnet50_geirhos_tl,8,4,160,108,164.0,112.0,5.123429298400879,5.132415771484375,-0.008986473083496094
s_oyster_4,resnet50_geirhos_tl,8,4,160,112,164.0,116.0,5.123429298400879,5.0950236320495605,0.02840566635131836
s_oyster_4,resnet50_geirhos_tl,8,4,160,116,164.0,120.0,5.123429298400879,5.168718338012695,-0.045289039611816406
s_oyster_4,resnet50_geirhos_tl,8,4,160,120,164.0,124.0,5.123429298400879,5.200263023376465,-0.07683372497558594
s_oyster_4,resnet50_geirhos_tl,8,4,160,124,164.0,128.0,5.123429298400879,5.244970321655273,-0.12154102325439453
s_oyster_4,resnet50_geirhos_tl,8,4,160,128,164.0,132.0,5.123429298400879,5.243832111358643,-0.12040281295776367
s_oyster_4,resnet50_geirhos_tl,8,4,160,132,164.0,136.0,5.123429298400879,5.313125133514404,-0.1896958351135254
s_oyster_4,resnet50_geirhos_tl,8,4,160,136,164.0,140.0,5.123429298400879,5.290040016174316,-0.1666107177734375
s_oyster_4,resnet50_geirhos_tl,8,4,160,140,164.0,144.0,5.123429298400879,5.267578125,-0.1441488265991211
s_oyster_4,resnet50_geirhos_tl,8,4,160,144,164.0,148.0,5.123429298400879,5.246874809265137,-0.12344551086425781
s_oyster_4,resnet50_geirhos_tl,8,4,160,148,164.0,152.0,5.123429298400879,5.220304012298584,-0.09687471389770508
s_oyster_4,resnet50_geirhos_tl,8,4,160,152,164.0,156.0,5.123429298400879,5.157196998596191,-0.0337677001953125
s_oyster_4,resnet50_geirhos_tl,8,4,160,156,164.0,160.0,5.123429298400879,5.128965854644775,-0.005536556243896484
s_oyster_4,resnet50_geirhos_tl,8,4,160,160,164.0,164.0,5.123429298400879,5.0543904304504395,0.06903886795043945
s_oyster_4,resnet50_geirhos_tl,8,4,160,164,164.0,168.0,5.123429298400879,5.003270626068115,0.12015867233276367
s_oyster_4,resnet50_geirhos_tl,8,4,160,168,164.0,172.0,5.123429298400879,4.9684014320373535,0.1550278663635254
s_oyster_4,resnet50_geirhos_tl,8,4,160,172,164.0,176.0,5.123429298400879,4.937516689300537,0.1859126091003418
s_oyster_4,resnet50_geirhos_tl,8,4,160,176,164.0,180.0,5.123429298400879,4.904661178588867,0.21876811981201172
s_oyster_4,resnet50_geirhos_tl,8,4,160,180,164.0,184.0,5.123429298400879,4.907214164733887,0.2162151336669922
s_oyster_4,resnet50_geirhos_tl,8,4,160,184,164.0,188.0,5.123429298400879,4.926372528076172,0.19705677032470703
s_oyster_4,resnet50_geirhos_tl,8,4,160,188,164.0,192.0,5.123429298400879,4.949951171875,0.1734781265258789
s_oyster_4,resnet50_geirhos_tl,8,4,160,192,164.0,196.0,5.123429298400879,4.940403461456299,0.18302583694458008
s_oyster_4,resnet50_geirhos_tl,8,4,160,196,164.0,200.0,5.123429298400879,4.9241414070129395,0.19928789138793945
s_oyster_4,resnet50_geirhos_tl,8,4,160,200,164.0,204.0,5.123429298400879,4.912102699279785,0.21132659912109375
s_oyster_4,resnet50_geirhos_tl,8,4,160,204,164.0,208.0,5.123429298400879,4.930851936340332,0.19257736206054688
s_oyster_4,resnet50_geirhos_tl,8,4,160,208,164.0,212.0,5.123429298400879,4.93470573425293,0.18872356414794922
s_oyster_4,resnet50_geirhos_tl,8,4,160,212,164.0,216.0,5.123429298400879,4.913447856903076,0.20998144149780273
s_oyster_4,resnet50_geirhos_tl,8,4,160,216,164.0,220.0,5.123429298400879,4.942157745361328,0.18127155303955078
s_oyster_4,resnet50_geirhos_tl,8,4,164,0,168.0,4.0,5.123429298400879,5.01514196395874,0.10828733444213867
s_oyster_4,resnet50_geirhos_tl,8,4,164,4,168.0,8.0,5.123429298400879,4.9906511306762695,0.13277816772460938
s_oyster_4,resnet50_geirhos_tl,8,4,164,8,168.0,12.0,5.123429298400879,5.029107093811035,0.09432220458984375
s_oyster_4,resnet50_geirhos_tl,8,4,164,12,168.0,16.0,5.123429298400879,5.013961315155029,0.10946798324584961
s_oyster_4,resnet50_geirhos_tl,8,4,164,16,168.0,20.0,5.123429298400879,5.056052207946777,0.06737709045410156
s_oyster_4,resnet50_geirhos_tl,8,4,164,20,168.0,24.0,5.123429298400879,5.057951927185059,0.06547737121582031
s_oyster_4,resnet50_geirhos_tl,8,4,164,24,168.0,28.0,5.123429298400879,5.113766670227051,0.009662628173828125
s_oyster_4,resnet50_geirhos_tl,8,4,164,28,168.0,32.0,5.123429298400879,5.094261169433594,0.029168128967285156
s_oyster_4,resnet50_geirhos_tl,8,4,164,32,168.0,36.0,5.123429298400879,5.089494705200195,0.033934593200683594
s_oyster_4,resnet50_geirhos_tl,8,4,164,36,168.0,40.0,5.123429298400879,5.120327472686768,0.003101825714111328
s_oyster_4,resnet50_geirhos_tl,8,4,164,40,168.0,44.0,5.123429298400879,5.104813575744629,0.01861572265625
s_oyster_4,resnet50_geirhos_tl,8,4,164,44,168.0,48.0,5.123429298400879,5.1026692390441895,0.020760059356689453
s_oyster_4,resnet50_geirhos_tl,8,4,164,48,168.0,52.0,5.123429298400879,5.137424468994141,-0.013995170593261719
s_oyster_4,resnet50_geirhos_tl,8,4,164,52,168.0,56.0,5.123429298400879,5.184508800506592,-0.06107950210571289
s_oyster_4,resnet50_geirhos_tl,8,4,164,56,168.0,60.0,5.123429298400879,5.184484004974365,-0.06105470657348633
s_oyster_4,resnet50_geirhos_tl,8,4,164,60,168.0,64.0,5.123429298400879,5.150212287902832,-0.026782989501953125
s_oyster_4,resnet50_geirhos_tl,8,4,164,64,168.0,68.0,5.123429298400879,5.124404430389404,-0.0009751319885253906
s_oyster_4,resnet50_geirhos_tl,8,4,164,68,168.0,72.0,5.123429298400879,5.118926048278809,0.0045032501220703125
s_oyster_4,resnet50_geirhos_tl,8,4,164,72,168.0,76.0,5.123429298400879,5.088022232055664,0.035407066345214844
s_oyster_4,resnet50_geirhos_tl,8,4,164,76,168.0,80.0,5.123429298400879,5.048524856567383,0.0749044418334961
s_oyster_4,resnet50_geirhos_tl,8,4,164,80,168.0,84.0,5.123429298400879,5.047963619232178,0.07546567916870117
s_oyster_4,resnet50_geirhos_tl,8,4,164,84,168.0,88.0,5.123429298400879,5.08139705657959,0.04203224182128906
s_oyster_4,resnet50_geirhos_tl,8,4,164,88,168.0,92.0,5.123429298400879,5.138122081756592,-0.01469278335571289
s_oyster_4,resnet50_geirhos_tl,8,4,164,92,168.0,96.0,5.123429298400879,5.207585334777832,-0.08415603637695312
s_oyster_4,resnet50_geirhos_tl,8,4,164,96,168.0,100.0,5.123429298400879,5.181946754455566,-0.0585174560546875
s_oyster_4,resnet50_geirhos_tl,8,4,164,100,168.0,104.0,5.123429298400879,5.1887526512146,-0.0653233528137207
s_oyster_4,resnet50_geirhos_tl,8,4,164,104,168.0,108.0,5.123429298400879,5.193698406219482,-0.07026910781860352
s_oyster_4,resnet50_geirhos_tl,8,4,164,108,168.0,112.0,5.123429298400879,5.167367935180664,-0.043938636779785156
s_oyster_4,resnet50_geirhos_tl,8,4,164,112,168.0,116.0,5.123429298400879,5.125094413757324,-0.0016651153564453125
s_oyster_4,resnet50_geirhos_tl,8,4,164,116,168.0,120.0,5.123429298400879,5.158928871154785,-0.03549957275390625
s_oyster_4,resnet50_geirhos_tl,8,4,164,120,168.0,124.0,5.123429298400879,5.2180681228637695,-0.09463882446289062
s_oyster_4,resnet50_geirhos_tl,8,4,164,124,168.0,128.0,5.123429298400879,5.246665954589844,-0.12323665618896484
s_oyster_4,resnet50_geirhos_tl,8,4,164,128,168.0,132.0,5.123429298400879,5.266384124755859,-0.14295482635498047
s_oyster_4,resnet50_geirhos_tl,8,4,164,132,168.0,136.0,5.123429298400879,5.297056674957275,-0.17362737655639648
s_oyster_4,resnet50_geirhos_tl,8,4,164,136,168.0,140.0,5.123429298400879,5.309576034545898,-0.18614673614501953
s_oyster_4,resnet50_geirhos_tl,8,4,164,140,168.0,144.0,5.123429298400879,5.272195339202881,-0.14876604080200195
s_oyster_4,resnet50_geirhos_tl,8,4,164,144,168.0,148.0,5.123429298400879,5.232341289520264,-0.10891199111938477
s_oyster_4,resnet50_geirhos_tl,8,4,164,148,168.0,152.0,5.123429298400879,5.186352252960205,-0.06292295455932617
s_oyster_4,resnet50_geirhos_tl,8,4,164,152,168.0,156.0,5.123429298400879,5.175459861755371,-0.05203056335449219
s_oyster_4,resnet50_geirhos_tl,8,4,164,156,168.0,160.0,5.123429298400879,5.080836296081543,0.04259300231933594
s_oyster_4,resnet50_geirhos_tl,8,4,164,160,168.0,164.0,5.123429298400879,5.030148506164551,0.09328079223632812
s_oyster_4,resnet50_geirhos_tl,8,4,164,164,168.0,168.0,5.123429298400879,4.9669013023376465,0.15652799606323242
s_oyster_4,resnet50_geirhos_tl,8,4,164,168,168.0,172.0,5.123429298400879,4.975131988525391,0.14829730987548828
s_oyster_4,resnet50_geirhos_tl,8,4,164,172,168.0,176.0,5.123429298400879,4.94126033782959,0.18216896057128906
s_oyster_4,resnet50_geirhos_tl,8,4,164,176,168.0,180.0,5.123429298400879,4.916776657104492,0.20665264129638672
s_oyster_4,resnet50_geirhos_tl,8,4,164,180,168.0,184.0,5.123429298400879,4.955523490905762,0.1679058074951172
s_oyster_4,resnet50_geirhos_tl,8,4,164,184,168.0,188.0,5.123429298400879,4.956037998199463,0.16739130020141602
s_oyster_4,resnet50_geirhos_tl,8,4,164,188,168.0,192.0,5.123429298400879,5.007480621337891,0.11594867706298828
s_oyster_4,resnet50_geirhos_tl,8,4,164,192,168.0,196.0,5.123429298400879,4.9630231857299805,0.16040611267089844
s_oyster_4,resnet50_geirhos_tl,8,4,164,196,168.0,200.0,5.123429298400879,4.965694427490234,0.15773487091064453
s_oyster_4,resnet50_geirhos_tl,8,4,164,200,168.0,204.0,5.123429298400879,4.925958633422852,0.19747066497802734
s_oyster_4,resnet50_geirhos_tl,8,4,164,204,168.0,208.0,5.123429298400879,4.9383344650268555,0.18509483337402344
s_oyster_4,resnet50_geirhos_tl,8,4,164,208,168.0,212.0,5.123429298400879,4.9371185302734375,0.1863107681274414
s_oyster_4,resnet50_geirhos_tl,8,4,164,212,168.0,216.0,5.123429298400879,4.927509307861328,0.19591999053955078
s_oyster_4,resnet50_geirhos_tl,8,4,164,216,168.0,220.0,5.123429298400879,4.965879440307617,0.15754985809326172
s_oyster_4,resnet50_geirhos_tl,8,4,168,0,172.0,4.0,5.123429298400879,4.997372150421143,0.12605714797973633
s_oyster_4,resnet50_geirhos_tl,8,4,168,4,172.0,8.0,5.123429298400879,5.000861167907715,0.12256813049316406
s_oyster_4,resnet50_geirhos_tl,8,4,168,8,172.0,12.0,5.123429298400879,5.03532600402832,0.0881032943725586
s_oyster_4,resnet50_geirhos_tl,8,4,168,12,172.0,16.0,5.123429298400879,5.038127422332764,0.08530187606811523
s_oyster_4,resnet50_geirhos_tl,8,4,168,16,172.0,20.0,5.123429298400879,5.050620079040527,0.07280921936035156
s_oyster_4,resnet50_geirhos_tl,8,4,168,20,172.0,24.0,5.123429298400879,5.060626029968262,0.06280326843261719
s_oyster_4,resnet50_geirhos_tl,8,4,168,24,172.0,28.0,5.123429298400879,5.057215213775635,0.06621408462524414
s_oyster_4,resnet50_geirhos_tl,8,4,168,28,172.0,32.0,5.123429298400879,5.0194993019104,0.10392999649047852
s_oyster_4,resnet50_geirhos_tl,8,4,168,32,172.0,36.0,5.123429298400879,5.03154182434082,0.0918874740600586
s_oyster_4,resnet50_geirhos_tl,8,4,168,36,172.0,40.0,5.123429298400879,5.05021858215332,0.0732107162475586
s_oyster_4,resnet50_geirhos_tl,8,4,168,40,172.0,44.0,5.123429298400879,5.060397148132324,0.06303215026855469
s_oyster_4,resnet50_geirhos_tl,8,4,168,44,172.0,48.0,5.123429298400879,5.076003074645996,0.04742622375488281
s_oyster_4,resnet50_geirhos_tl,8,4,168,48,172.0,52.0,5.123429298400879,5.093893527984619,0.029535770416259766
s_oyster_4,resnet50_geirhos_tl,8,4,168,52,172.0,56.0,5.123429298400879,5.127420902252197,-0.003991603851318359
s_oyster_4,resnet50_geirhos_tl,8,4,168,56,172.0,60.0,5.123429298400879,5.134693622589111,-0.011264324188232422
s_oyster_4,resnet50_geirhos_tl,8,4,168,60,172.0,64.0,5.123429298400879,5.155701637268066,-0.0322723388671875
s_oyster_4,resnet50_geirhos_tl,8,4,168,64,172.0,68.0,5.123429298400879,5.087065696716309,0.03636360168457031
s_oyster_4,resnet50_geirhos_tl,8,4,168,68,172.0,72.0,5.123429298400879,5.137172222137451,-0.013742923736572266
s_oyster_4,resnet50_geirhos_tl,8,4,168,72,172.0,76.0,5.123429298400879,5.121389389038086,0.0020399093627929688
s_oyster_4,resnet50_geirhos_tl,8,4,168,76,172.0,80.0,5.123429298400879,5.127554893493652,-0.0041255950927734375
s_oyster_4,resnet50_geirhos_tl,8,4,168,80,172.0,84.0,5.123429298400879,5.117583751678467,0.005845546722412109
s_oyster_4,resnet50_geirhos_tl,8,4,168,84,172.0,88.0,5.123429298400879,5.148701190948486,-0.025271892547607422
s_oyster_4,resnet50_geirhos_tl,8,4,168,88,172.0,92.0,5.123429298400879,5.117133140563965,0.0062961578369140625
s_oyster_4,resnet50_geirhos_tl,8,4,168,92,172.0,96.0,5.123429298400879,5.147235870361328,-0.02380657196044922
s_oyster_4,resnet50_geirhos_tl,8,4,168,96,172.0,100.0,5.123429298400879,5.106223106384277,0.017206192016601562
s_oyster_4,resnet50_geirhos_tl,8,4,168,100,172.0,104.0,5.123429298400879,5.149950981140137,-0.026521682739257812
s_oyster_4,resnet50_geirhos_tl,8,4,168,104,172.0,108.0,5.123429298400879,5.1983747482299805,-0.07494544982910156
s_oyster_4,resnet50_geirhos_tl,8,4,168,108,172.0,112.0,5.123429298400879,5.200104236602783,-0.0766749382019043
s_oyster_4,resnet50_geirhos_tl,8,4,168,112,172.0,116.0,5.123429298400879,5.159517288208008,-0.036087989807128906
s_oyster_4,resnet50_geirhos_tl,8,4,168,116,172.0,120.0,5.123429298400879,5.200161933898926,-0.07673263549804688
s_oyster_4,resnet50_geirhos_tl,8,4,168,120,172.0,124.0,5.123429298400879,5.201272487640381,-0.07784318923950195
s_oyster_4,resnet50_geirhos_tl,8,4,168,124,172.0,128.0,5.123429298400879,5.232429027557373,-0.10899972915649414
s_oyster_4,resnet50_geirhos_tl,8,4,168,128,172.0,132.0,5.123429298400879,5.2579426765441895,-0.13451337814331055
s_oyster_4,resnet50_geirhos_tl,8,4,168,132,172.0,136.0,5.123429298400879,5.247359275817871,-0.12392997741699219
s_oyster_4,resnet50_geirhos_tl,8,4,168,136,172.0,140.0,5.123429298400879,5.207137107849121,-0.08370780944824219
s_oyster_4,resnet50_geirhos_tl,8,4,168,140,172.0,144.0,5.123429298400879,5.175422191619873,-0.05199289321899414
s_oyster_4,resnet50_geirhos_tl,8,4,168,144,172.0,148.0,5.123429298400879,5.1257171630859375,-0.0022878646850585938
s_oyster_4,resnet50_geirhos_tl,8,4,168,148,172.0,152.0,5.123429298400879,5.123908042907715,-0.0004787445068359375
s_oyster_4,resnet50_geirhos_tl,8,4,168,152,172.0,156.0,5.123429298400879,5.096200942993164,0.027228355407714844
s_oyster_4,resnet50_geirhos_tl,8,4,168,156,172.0,160.0,5.123429298400879,5.069958686828613,0.053470611572265625
s_oyster_4,resnet50_geirhos_tl,8,4,168,160,172.0,164.0,5.123429298400879,5.012065887451172,0.11136341094970703
s_oyster_4,resnet50_geirhos_tl,8,4,168,164,172.0,168.0,5.123429298400879,4.996168613433838,0.12726068496704102
s_oyster_4,resnet50_geirhos_tl,8,4,168,168,172.0,172.0,5.123429298400879,4.971956729888916,0.1514725685119629
s_oyster_4,resnet50_geirhos_tl,8,4,168,172,172.0,176.0,5.123429298400879,4.980502605438232,0.14292669296264648
s_oyster_4,resnet50_geirhos_tl,8,4,168,176,172.0,180.0,5.123429298400879,4.9642438888549805,0.15918540954589844
s_oyster_4,resnet50_geirhos_tl,8,4,168,180,172.0,184.0,5.123429298400879,4.95009708404541,0.17333221435546875
s_oyster_4,resnet50_geirhos_tl,8,4,168,184,172.0,188.0,5.123429298400879,4.986155986785889,0.13727331161499023
s_oyster_4,resnet50_geirhos_tl,8,4,168,188,172.0,192.0,5.123429298400879,5.023582935333252,0.09984636306762695
s_oyster_4,resnet50_geirhos_tl,8,4,168,192,172.0,196.0,5.123429298400879,5.018070697784424,0.10535860061645508
s_oyster_4,resnet50_geirhos_tl,8,4,168,196,172.0,200.0,5.123429298400879,4.961543560028076,0.16188573837280273
s_oyster_4,resnet50_geirhos_tl,8,4,168,200,172.0,204.0,5.123429298400879,4.961971282958984,0.16145801544189453
s_oyster_4,resnet50_geirhos_tl,8,4,168,204,172.0,208.0,5.123429298400879,4.966882705688477,0.15654659271240234
s_oyster_4,resnet50_geirhos_tl,8,4,168,208,172.0,212.0,5.123429298400879,4.9915289878845215,0.13190031051635742
s_oyster_4,resnet50_geirhos_tl,8,4,168,212,172.0,216.0,5.123429298400879,4.965760707855225,0.1576685905456543
s_oyster_4,resnet50_geirhos_tl,8,4,168,216,172.0,220.0,5.123429298400879,5.004245281219482,0.11918401718139648
s_oyster_4,resnet50_geirhos_tl,8,4,172,0,176.0,4.0,5.123429298400879,5.039440155029297,0.08398914337158203
s_oyster_4,resnet50_geirhos_tl,8,4,172,4,176.0,8.0,5.123429298400879,5.052185535430908,0.0712437629699707
s_oyster_4,resnet50_geirhos_tl,8,4,172,8,176.0,12.0,5.123429298400879,5.071792125701904,0.05163717269897461
s_oyster_4,resnet50_geirhos_tl,8,4,172,12,176.0,16.0,5.123429298400879,5.083628177642822,0.03980112075805664
s_oyster_4,resnet50_geirhos_tl,8,4,172,16,176.0,20.0,5.123429298400879,5.061205863952637,0.06222343444824219
s_oyster_4,resnet50_geirhos_tl,8,4,172,20,176.0,24.0,5.123429298400879,5.0947699546813965,0.028659343719482422
s_oyster_4,resnet50_geirhos_tl,8,4,172,24,176.0,28.0,5.123429298400879,5.065770626068115,0.05765867233276367
s_oyster_4,resnet50_geirhos_tl,8,4,172,28,176.0,32.0,5.123429298400879,5.059003829956055,0.06442546844482422
s_oyster_4,resnet50_geirhos_tl,8,4,172,32,176.0,36.0,5.123429298400879,5.039549827575684,0.08387947082519531
s_oyster_4,resnet50_geirhos_tl,8,4,172,36,176.0,40.0,5.123429298400879,5.093090057373047,0.03033924102783203
s_oyster_4,resnet50_geirhos_tl,8,4,172,40,176.0,44.0,5.123429298400879,5.086388111114502,0.03704118728637695
s_oyster_4,resnet50_geirhos_tl,8,4,172,44,176.0,48.0,5.123429298400879,5.082694053649902,0.04073524475097656
s_oyster_4,resnet50_geirhos_tl,8,4,172,48,176.0,52.0,5.123429298400879,5.100679397583008,0.022749900817871094
s_oyster_4,resnet50_geirhos_tl,8,4,172,52,176.0,56.0,5.123429298400879,5.124401092529297,-0.0009717941284179688
s_oyster_4,resnet50_geirhos_tl,8,4,172,56,176.0,60.0,5.123429298400879,5.092285633087158,0.031143665313720703
s_oyster_4,resnet50_geirhos_tl,8,4,172,60,176.0,64.0,5.123429298400879,5.097734451293945,0.025694847106933594
s_oyster_4,resnet50_geirhos_tl,8,4,172,64,176.0,68.0,5.123429298400879,5.068294048309326,0.055135250091552734
s_oyster_4,resnet50_geirhos_tl,8,4,172,68,176.0,72.0,5.123429298400879,5.103270053863525,0.020159244537353516
s_oyster_4,resnet50_geirhos_tl,8,4,172,72,176.0,76.0,5.123429298400879,5.131285667419434,-0.007856369018554688
s_oyster_4,resnet50_geirhos_tl,8,4,172,76,176.0,80.0,5.123429298400879,5.131445407867432,-0.008016109466552734
s_oyster_4,resnet50_geirhos_tl,8,4,172,80,176.0,84.0,5.123429298400879,5.140312671661377,-0.016883373260498047
s_oyster_4,resnet50_geirhos_tl,8,4,172,84,176.0,88.0,5.123429298400879,5.194433689117432,-0.07100439071655273
s_oyster_4,resnet50_geirhos_tl,8,4,172,88,176.0,92.0,5.123429298400879,5.173180103302002,-0.04975080490112305
s_oyster_4,resnet50_geirhos_tl,8,4,172,92,176.0,96.0,5.123429298400879,5.152393341064453,-0.02896404266357422
s_oyster_4,resnet50_geirhos_tl,8,4,172,96,176.0,100.0,5.123429298400879,5.1479973793029785,-0.02456808090209961
s_oyster_4,resnet50_geirhos_tl,8,4,172,100,176.0,104.0,5.123429298400879,5.186115741729736,-0.06268644332885742
s_oyster_4,resnet50_geirhos_tl,8,4,172,104,176.0,108.0,5.123429298400879,5.2267069816589355,-0.10327768325805664
s_oyster_4,resnet50_geirhos_tl,8,4,172,108,176.0,112.0,5.123429298400879,5.1730427742004395,-0.04961347579956055
s_oyster_4,resnet50_geirhos_tl,8,4,172,112,176.0,116.0,5.123429298400879,5.136901378631592,-0.01347208023071289
s_oyster_4,resnet50_geirhos_tl,8,4,172,116,176.0,120.0,5.123429298400879,5.159113883972168,-0.03568458557128906
s_oyster_4,resnet50_geirhos_tl,8,4,172,120,176.0,124.0,5.123429298400879,5.1494460105896,-0.026016712188720703
s_oyster_4,resnet50_geirhos_tl,8,4,172,124,176.0,128.0,5.123429298400879,5.166570663452148,-0.04314136505126953
s_oyster_4,resnet50_geirhos_tl,8,4,172,128,176.0,132.0,5.123429298400879,5.18931770324707,-0.0658884048461914
s_oyster_4,resnet50_geirhos_tl,8,4,172,132,176.0,136.0,5.123429298400879,5.183579921722412,-0.0601506233215332
s_oyster_4,resnet50_geirhos_tl,8,4,172,136,176.0,140.0,5.123429298400879,5.1270060539245605,-0.0035767555236816406
s_oyster_4,resnet50_geirhos_tl,8,4,172,140,176.0,144.0,5.123429298400879,5.1000590324401855,0.02337026596069336
s_oyster_4,resnet50_geirhos_tl,8,4,172,144,176.0,148.0,5.123429298400879,5.068402290344238,0.055027008056640625
s_oyster_4,resnet50_geirhos_tl,8,4,172,148,176.0,152.0,5.123429298400879,5.081943035125732,0.041486263275146484
s_oyster_4,resnet50_geirhos_tl,8,4,172,152,176.0,156.0,5.123429298400879,5.04645299911499,0.07697629928588867
s_oyster_4,resnet50_geirhos_tl,8,4,172,156,176.0,160.0,5.123429298400879,5.035135269165039,0.08829402923583984
s_oyster_4,resnet50_geirhos_tl,8,4,172,160,176.0,164.0,5.123429298400879,5.02123498916626,0.10219430923461914
s_oyster_4,resnet50_geirhos_tl,8,4,172,164,176.0,168.0,5.123429298400879,5.045888900756836,0.07754039764404297
s_oyster_4,resnet50_geirhos_tl,8,4,172,168,176.0,172.0,5.123429298400879,5.004955768585205,0.11847352981567383
s_oyster_4,resnet50_geirhos_tl,8,4,172,172,176.0,176.0,5.123429298400879,5.054062366485596,0.0693669319152832
s_oyster_4,resnet50_geirhos_tl,8,4,172,176,176.0,180.0,5.123429298400879,5.010711193084717,0.11271810531616211
s_oyster_4,resnet50_geirhos_tl,8,4,172,180,176.0,184.0,5.123429298400879,5.02725887298584,0.09617042541503906
s_oyster_4,resnet50_geirhos_tl,8,4,172,184,176.0,188.0,5.123429298400879,5.02825403213501,0.09517526626586914
s_oyster_4,resnet50_geirhos_tl,8,4,172,188,176.0,192.0,5.123429298400879,5.081116199493408,0.0423130989074707
s_oyster_4,resnet50_geirhos_tl,8,4,172,192,176.0,196.0,5.123429298400879,5.052605628967285,0.07082366943359375
s_oyster_4,resnet50_geirhos_tl,8,4,172,196,176.0,200.0,5.123429298400879,5.041768550872803,0.08166074752807617
s_oyster_4,resnet50_geirhos_tl,8,4,172,200,176.0,204.0,5.123429298400879,4.983442783355713,0.13998651504516602
s_oyster_4,resnet50_geirhos_tl,8,4,172,204,176.0,208.0,5.123429298400879,5.022933483123779,0.10049581527709961
s_oyster_4,resnet50_geirhos_tl,8,4,172,208,176.0,212.0,5.123429298400879,5.04826545715332,0.0751638412475586
s_oyster_4,resnet50_geirhos_tl,8,4,172,212,176.0,216.0,5.123429298400879,5.032026290893555,0.09140300750732422
s_oyster_4,resnet50_geirhos_tl,8,4,172,216,176.0,220.0,5.123429298400879,5.047455310821533,0.0759739875793457
s_oyster_4,resnet50_geirhos_tl,8,4,176,0,180.0,4.0,5.123429298400879,5.042550086975098,0.08087921142578125
s_oyster_4,resnet50_geirhos_tl,8,4,176,4,180.0,8.0,5.123429298400879,5.062984943389893,0.06044435501098633
s_oyster_4,resnet50_geirhos_tl,8,4,176,8,180.0,12.0,5.123429298400879,5.108017921447754,0.015411376953125
s_oyster_4,resnet50_geirhos_tl,8,4,176,12,180.0,16.0,5.123429298400879,5.099413871765137,0.024015426635742188
s_oyster_4,resnet50_geirhos_tl,8,4,176,16,180.0,20.0,5.123429298400879,5.061702728271484,0.06172657012939453
s_oyster_4,resnet50_geirhos_tl,8,4,176,20,180.0,24.0,5.123429298400879,5.096811771392822,0.02661752700805664
s_oyster_4,resnet50_geirhos_tl,8,4,176,24,180.0,28.0,5.123429298400879,5.083207607269287,0.0402216911315918
s_oyster_4,resnet50_geirhos_tl,8,4,176,28,180.0,32.0,5.123429298400879,5.062121391296387,0.06130790710449219
s_oyster_4,resnet50_geirhos_tl,8,4,176,32,180.0,36.0,5.123429298400879,5.031367301940918,0.09206199645996094
s_oyster_4,resnet50_geirhos_tl,8,4,176,36,180.0,40.0,5.123429298400879,5.052849769592285,0.07057952880859375
s_oyster_4,resnet50_geirhos_tl,8,4,176,40,180.0,44.0,5.123429298400879,5.039341926574707,0.08408737182617188
s_oyster_4,resnet50_geirhos_tl,8,4,176,44,180.0,48.0,5.123429298400879,5.042868614196777,0.08056068420410156
s_oyster_4,resnet50_geirhos_tl,8,4,176,48,180.0,52.0,5.123429298400879,5.059059143066406,0.06437015533447266
s_oyster_4,resnet50_geirhos_tl,8,4,176,52,180.0,56.0,5.123429298400879,5.061606407165527,0.06182289123535156
s_oyster_4,resnet50_geirhos_tl,8,4,176,56,180.0,60.0,5.123429298400879,5.0512824058532715,0.07214689254760742
s_oyster_4,resnet50_geirhos_tl,8,4,176,60,180.0,64.0,5.123429298400879,5.098685264587402,0.024744033813476562
s_oyster_4,resnet50_geirhos_tl,8,4,176,64,180.0,68.0,5.123429298400879,5.0821967124938965,0.04123258590698242
s_oyster_4,resnet50_geirhos_tl,8,4,176,68,180.0,72.0,5.123429298400879,5.095412254333496,0.028017044067382812
s_oyster_4,resnet50_geirhos_tl,8,4,176,72,180.0,76.0,5.123429298400879,5.069206714630127,0.05422258377075195
s_oyster_4,resnet50_geirhos_tl,8,4,176,76,180.0,80.0,5.123429298400879,5.1646037101745605,-0.04117441177368164
s_oyster_4,resnet50_geirhos_tl,8,4,176,80,180.0,84.0,5.123429298400879,5.190197467803955,-0.06676816940307617
s_oyster_4,resnet50_geirhos_tl,8,4,176,84,180.0,88.0,5.123429298400879,5.2552361488342285,-0.1318068504333496
s_oyster_4,resnet50_geirhos_tl,8,4,176,88,180.0,92.0,5.123429298400879,5.169158458709717,-0.04572916030883789
s_oyster_4,resnet50_geirhos_tl,8,4,176,92,180.0,96.0,5.123429298400879,5.176366329193115,-0.05293703079223633
s_oyster_4,resnet50_geirhos_tl,8,4,176,96,180.0,100.0,5.123429298400879,5.156863689422607,-0.033434391021728516
s_oyster_4,resnet50_geirhos_tl,8,4,176,100,180.0,104.0,5.123429298400879,5.210482597351074,-0.08705329895019531
s_oyster_4,resnet50_geirhos_tl,8,4,176,104,180.0,108.0,5.123429298400879,5.216713905334473,-0.09328460693359375
s_oyster_4,resnet50_geirhos_tl,8,4,176,108,180.0,112.0,5.123429298400879,5.232723712921143,-0.10929441452026367
s_oyster_4,resnet50_geirhos_tl,8,4,176,112,180.0,116.0,5.123429298400879,5.190669059753418,-0.06723976135253906
s_oyster_4,resnet50_geirhos_tl,8,4,176,116,180.0,120.0,5.123429298400879,5.199578285217285,-0.07614898681640625
s_oyster_4,resnet50_geirhos_tl,8,4,176,120,180.0,124.0,5.123429298400879,5.154045104980469,-0.030615806579589844
s_oyster_4,resnet50_geirhos_tl,8,4,176,124,180.0,128.0,5.123429298400879,5.1463422775268555,-0.022912979125976562
s_oyster_4,resnet50_geirhos_tl,8,4,176,128,180.0,132.0,5.123429298400879,5.1442694664001465,-0.020840167999267578
s_oyster_4,resnet50_geirhos_tl,8,4,176,132,180.0,136.0,5.123429298400879,5.136991024017334,-0.013561725616455078
s_oyster_4,resnet50_geirhos_tl,8,4,176,136,180.0,140.0,5.123429298400879,5.1095428466796875,0.013886451721191406
s_oyster_4,resnet50_geirhos_tl,8,4,176,140,180.0,144.0,5.123429298400879,5.0941948890686035,0.02923440933227539
s_oyster_4,resnet50_geirhos_tl,8,4,176,144,180.0,148.0,5.123429298400879,5.0469279289245605,0.07650136947631836
s_oyster_4,resnet50_geirhos_tl,8,4,176,148,180.0,152.0,5.123429298400879,5.071099758148193,0.05232954025268555
s_oyster_4,resnet50_geirhos_tl,8,4,176,152,180.0,156.0,5.123429298400879,5.028518199920654,0.09491109848022461
s_oyster_4,resnet50_geirhos_tl,8,4,176,156,180.0,160.0,5.123429298400879,5.055713653564453,0.06771564483642578
s_oyster_4,resnet50_geirhos_tl,8,4,176,160,180.0,164.0,5.123429298400879,5.033113479614258,0.0903158187866211
s_oyster_4,resnet50_geirhos_tl,8,4,176,164,180.0,168.0,5.123429298400879,5.046987533569336,0.07644176483154297
s_oyster_4,resnet50_geirhos_tl,8,4,176,168,180.0,172.0,5.123429298400879,5.022210597991943,0.10121870040893555
s_oyster_4,resnet50_geirhos_tl,8,4,176,172,180.0,176.0,5.123429298400879,5.070774555206299,0.05265474319458008
s_oyster_4,resnet50_geirhos_tl,8,4,176,176,180.0,180.0,5.123429298400879,5.080499649047852,0.042929649353027344
s_oyster_4,resnet50_geirhos_tl,8,4,176,180,180.0,184.0,5.123429298400879,5.054439067840576,0.06899023056030273
s_oyster_4,resnet50_geirhos_tl,8,4,176,184,180.0,188.0,5.123429298400879,5.04936408996582,0.0740652084350586
s_oyster_4,resnet50_geirhos_tl,8,4,176,188,180.0,192.0,5.123429298400879,5.079744338989258,0.043684959411621094
s_oyster_4,resnet50_geirhos_tl,8,4,176,192,180.0,196.0,5.123429298400879,5.063779354095459,0.05964994430541992
s_oyster_4,resnet50_geirhos_tl,8,4,176,196,180.0,200.0,5.123429298400879,5.048251628875732,0.07517766952514648
s_oyster_4,resnet50_geirhos_tl,8,4,176,200,180.0,204.0,5.123429298400879,5.033400058746338,0.09002923965454102
s_oyster_4,resnet50_geirhos_tl,8,4,176,204,180.0,208.0,5.123429298400879,5.057278633117676,0.06615066528320312
s_oyster_4,resnet50_geirhos_tl,8,4,176,208,180.0,212.0,5.123429298400879,5.074241638183594,0.049187660217285156
s_oyster_4,resnet50_geirhos_tl,8,4,176,212,180.0,216.0,5.123429298400879,5.064065933227539,0.059363365173339844
s_oyster_4,resnet50_geirhos_tl,8,4,176,216,180.0,220.0,5.123429298400879,5.084003925323486,0.03942537307739258
s_oyster_4,resnet50_geirhos_tl,8,4,180,0,184.0,4.0,5.123429298400879,5.040523052215576,0.08290624618530273
s_oyster_4,resnet50_geirhos_tl,8,4,180,4,184.0,8.0,5.123429298400879,5.0592942237854,0.06413507461547852
s_oyster_4,resnet50_geirhos_tl,8,4,180,8,184.0,12.0,5.123429298400879,5.107500076293945,0.015929222106933594
s_oyster_4,resnet50_geirhos_tl,8,4,180,12,184.0,16.0,5.123429298400879,5.105095386505127,0.018333911895751953
s_oyster_4,resnet50_geirhos_tl,8,4,180,16,184.0,20.0,5.123429298400879,5.060985088348389,0.062444210052490234
s_oyster_4,resnet50_geirhos_tl,8,4,180,20,184.0,24.0,5.123429298400879,5.074307441711426,0.049121856689453125
s_oyster_4,resnet50_geirhos_tl,8,4,180,24,184.0,28.0,5.123429298400879,5.075608253479004,0.047821044921875
s_oyster_4,resnet50_geirhos_tl,8,4,180,28,184.0,32.0,5.123429298400879,5.048730850219727,0.07469844818115234
s_oyster_4,resnet50_geirhos_tl,8,4,180,32,184.0,36.0,5.123429298400879,5.018779277801514,0.10465002059936523
s_oyster_4,resnet50_geirhos_tl,8,4,180,36,184.0,40.0,5.123429298400879,5.034688472747803,0.08874082565307617
s_oyster_4,resnet50_geirhos_tl,8,4,180,40,184.0,44.0,5.123429298400879,5.037858009338379,0.0855712890625
s_oyster_4,resnet50_geirhos_tl,8,4,180,44,184.0,48.0,5.123429298400879,5.017803192138672,0.10562610626220703
s_oyster_4,resnet50_geirhos_tl,8,4,180,48,184.0,52.0,5.123429298400879,5.042873859405518,0.08055543899536133
s_oyster_4,resnet50_geirhos_tl,8,4,180,52,184.0,56.0,5.123429298400879,5.034917831420898,0.08851146697998047
s_oyster_4,resnet50_geirhos_tl,8,4,180,56,184.0,60.0,5.123429298400879,5.041153907775879,0.082275390625
s_oyster_4,resnet50_geirhos_tl,8,4,180,60,184.0,64.0,5.123429298400879,5.046347618103027,0.07708168029785156
s_oyster_4,resnet50_geirhos_tl,8,4,180,64,184.0,68.0,5.123429298400879,5.082752227783203,0.04067707061767578
s_oyster_4,resnet50_geirhos_tl,8,4,180,68,184.0,72.0,5.123429298400879,5.077345848083496,0.04608345031738281
s_oyster_4,resnet50_geirhos_tl,8,4,180,72,184.0,76.0,5.123429298400879,5.1016011238098145,0.021828174591064453
s_oyster_4,resnet50_geirhos_tl,8,4,180,76,184.0,80.0,5.123429298400879,5.150766372680664,-0.027337074279785156
s_oyster_4,resnet50_geirhos_tl,8,4,180,80,184.0,84.0,5.123429298400879,5.199645042419434,-0.07621574401855469
s_oyster_4,resnet50_geirhos_tl,8,4,180,84,184.0,88.0,5.123429298400879,5.169157981872559,-0.04572868347167969
s_oyster_4,resnet50_geirhos_tl,8,4,180,88,184.0,92.0,5.123429298400879,5.174786567687988,-0.051357269287109375
s_oyster_4,resnet50_geirhos_tl,8,4,180,92,184.0,96.0,5.123429298400879,5.180367469787598,-0.05693817138671875
s_oyster_4,resnet50_geirhos_tl,8,4,180,96,184.0,100.0,5.123429298400879,5.171431541442871,-0.04800224304199219
s_oyster_4,resnet50_geirhos_tl,8,4,180,100,184.0,104.0,5.123429298400879,5.186191082000732,-0.06276178359985352
s_oyster_4,resnet50_geirhos_tl,8,4,180,104,184.0,108.0,5.123429298400879,5.202946186065674,-0.07951688766479492
s_oyster_4,resnet50_geirhos_tl,8,4,180,108,184.0,112.0,5.123429298400879,5.238773822784424,-0.11534452438354492
s_oyster_4,resnet50_geirhos_tl,8,4,180,112,184.0,116.0,5.123429298400879,5.224605083465576,-0.10117578506469727
s_oyster_4,resnet50_geirhos_tl,8,4,180,116,184.0,120.0,5.123429298400879,5.157388687133789,-0.033959388732910156
s_oyster_4,resnet50_geirhos_tl,8,4,180,120,184.0,124.0,5.123429298400879,5.12148380279541,0.00194549560546875
s_oyster_4,resnet50_geirhos_tl,8,4,180,124,184.0,128.0,5.123429298400879,5.102280616760254,0.021148681640625
s_oyster_4,resnet50_geirhos_tl,8,4,180,128,184.0,132.0,5.123429298400879,5.1047587394714355,0.01867055892944336
s_oyster_4,resnet50_geirhos_tl,8,4,180,132,184.0,136.0,5.123429298400879,5.088694095611572,0.03473520278930664
s_oyster_4,resnet50_geirhos_tl,8,4,180,136,184.0,140.0,5.123429298400879,5.085698127746582,0.037731170654296875
s_oyster_4,resnet50_geirhos_tl,8,4,180,140,184.0,144.0,5.123429298400879,5.060749530792236,0.06267976760864258
s_oyster_4,resnet50_geirhos_tl,8,4,180,144,184.0,148.0,5.123429298400879,5.052309036254883,0.0711202621459961
s_oyster_4,resnet50_geirhos_tl,8,4,180,148,184.0,152.0,5.123429298400879,5.0493316650390625,0.0740976333618164
s_oyster_4,resnet50_geirhos_tl,8,4,180,152,184.0,156.0,5.123429298400879,5.0382866859436035,0.08514261245727539
s_oyster_4,resnet50_geirhos_tl,8,4,180,156,184.0,160.0,5.123429298400879,5.047593593597412,0.0758357048034668
s_oyster_4,resnet50_geirhos_tl,8,4,180,160,184.0,164.0,5.123429298400879,5.028001308441162,0.0954279899597168
s_oyster_4,resnet50_geirhos_tl,8,4,180,164,184.0,168.0,5.123429298400879,5.030633449554443,0.09279584884643555
s_oyster_4,resnet50_geirhos_tl,8,4,180,168,184.0,172.0,5.123429298400879,5.022375106811523,0.10105419158935547
s_oyster_4,resnet50_geirhos_tl,8,4,180,172,184.0,176.0,5.123429298400879,5.049920558929443,0.07350873947143555
s_oyster_4,resnet50_geirhos_tl,8,4,180,176,184.0,180.0,5.123429298400879,5.059830188751221,0.0635991096496582
s_oyster_4,resnet50_geirhos_tl,8,4,180,180,184.0,184.0,5.123429298400879,5.076301097869873,0.04712820053100586
s_oyster_4,resnet50_geirhos_tl,8,4,180,184,184.0,188.0,5.123429298400879,5.07160758972168,0.05182170867919922
s_oyster_4,resnet50_geirhos_tl,8,4,180,188,184.0,192.0,5.123429298400879,5.101095199584961,0.02233409881591797
s_oyster_4,resnet50_geirhos_tl,8,4,180,192,184.0,196.0,5.123429298400879,5.0827507972717285,0.04067850112915039
s_oyster_4,resnet50_geirhos_tl,8,4,180,196,184.0,200.0,5.123429298400879,5.087820053100586,0.03560924530029297
s_oyster_4,resnet50_geirhos_tl,8,4,180,200,184.0,204.0,5.123429298400879,5.06313943862915,0.060289859771728516
s_oyster_4,resnet50_geirhos_tl,8,4,180,204,184.0,208.0,5.123429298400879,5.0837883949279785,0.03964090347290039
s_oyster_4,resnet50_geirhos_tl,8,4,180,208,184.0,212.0,5.123429298400879,5.083993911743164,0.039435386657714844
s_oyster_4,resnet50_geirhos_tl,8,4,180,212,184.0,216.0,5.123429298400879,5.086554527282715,0.03687477111816406
s_oyster_4,resnet50_geirhos_tl,8,4,180,216,184.0,220.0,5.123429298400879,5.128119468688965,-0.0046901702880859375
s_oyster_4,resnet50_geirhos_tl,8,4,184,0,188.0,4.0,5.123429298400879,4.977548599243164,0.14588069915771484
s_oyster_4,resnet50_geirhos_tl,8,4,184,4,188.0,8.0,5.123429298400879,5.000753402709961,0.12267589569091797
s_oyster_4,resnet50_geirhos_tl,8,4,184,8,188.0,12.0,5.123429298400879,5.090581893920898,0.03284740447998047
s_oyster_4,resnet50_geirhos_tl,8,4,184,12,188.0,16.0,5.123429298400879,5.1003217697143555,0.023107528686523438
s_oyster_4,resnet50_geirhos_tl,8,4,184,16,188.0,20.0,5.123429298400879,5.042043685913086,0.08138561248779297
s_oyster_4,resnet50_geirhos_tl,8,4,184,20,188.0,24.0,5.123429298400879,5.047032356262207,0.07639694213867188
s_oyster_4,resnet50_geirhos_tl,8,4,184,24,188.0,28.0,5.123429298400879,5.05338191986084,0.07004737854003906
s_oyster_4,resnet50_geirhos_tl,8,4,184,28,188.0,32.0,5.123429298400879,5.01897668838501,0.10445261001586914
s_oyster_4,resnet50_geirhos_tl,8,4,184,32,188.0,36.0,5.123429298400879,5.015585899353027,0.10784339904785156
s_oyster_4,resnet50_geirhos_tl,8,4,184,36,188.0,40.0,5.123429298400879,4.990535736083984,0.13289356231689453
s_oyster_4,resnet50_geirhos_tl,8,4,184,40,188.0,44.0,5.123429298400879,5.026766777038574,0.09666252136230469
s_oyster_4,resnet50_geirhos_tl,8,4,184,44,188.0,48.0,5.123429298400879,5.035837173461914,0.08759212493896484
s_oyster_4,resnet50_geirhos_tl,8,4,184,48,188.0,52.0,5.123429298400879,5.020163059234619,0.10326623916625977
s_oyster_4,resnet50_geirhos_tl,8,4,184,52,188.0,56.0,5.123429298400879,4.996890068054199,0.1265392303466797
s_oyster_4,resnet50_geirhos_tl,8,4,184,56,188.0,60.0,5.123429298400879,4.978121757507324,0.1453075408935547
s_oyster_4,resnet50_geirhos_tl,8,4,184,60,188.0,64.0,5.123429298400879,5.026097774505615,0.09733152389526367
s_oyster_4,resnet50_geirhos_tl,8,4,184,64,188.0,68.0,5.123429298400879,5.025275230407715,0.09815406799316406
s_oyster_4,resnet50_geirhos_tl,8,4,184,68,188.0,72.0,5.123429298400879,5.073212623596191,0.0502166748046875
s_oyster_4,resnet50_geirhos_tl,8,4,184,72,188.0,76.0,5.123429298400879,5.12815523147583,-0.004725933074951172
s_oyster_4,resnet50_geirhos_tl,8,4,184,76,188.0,80.0,5.123429298400879,5.201009750366211,-0.07758045196533203
s_oyster_4,resnet50_geirhos_tl,8,4,184,80,188.0,84.0,5.123429298400879,5.218249320983887,-0.09482002258300781
s_oyster_4,resnet50_geirhos_tl,8,4,184,84,188.0,88.0,5.123429298400879,5.2315192222595215,-0.10808992385864258
s_oyster_4,resnet50_geirhos_tl,8,4,184,88,188.0,92.0,5.123429298400879,5.2378692626953125,-0.1144399642944336
s_oyster_4,resnet50_geirhos_tl,8,4,184,92,188.0,96.0,5.123429298400879,5.231658935546875,-0.1082296371459961
s_oyster_4,resnet50_geirhos_tl,8,4,184,96,188.0,100.0,5.123429298400879,5.210412979125977,-0.08698368072509766
s_oyster_4,resnet50_geirhos_tl,8,4,184,100,188.0,104.0,5.123429298400879,5.218203544616699,-0.09477424621582031
s_oyster_4,resnet50_geirhos_tl,8,4,184,104,188.0,108.0,5.123429298400879,5.301816463470459,-0.17838716506958008
s_oyster_4,resnet50_geirhos_tl,8,4,184,108,188.0,112.0,5.123429298400879,5.324716567993164,-0.20128726959228516
s_oyster_4,resnet50_geirhos_tl,8,4,184,112,188.0,116.0,5.123429298400879,5.302149772644043,-0.17872047424316406
s_oyster_4,resnet50_geirhos_tl,8,4,184,116,188.0,120.0,5.123429298400879,5.26243782043457,-0.1390085220336914
s_oyster_4,resnet50_geirhos_tl,8,4,184,120,188.0,124.0,5.123429298400879,5.221889972686768,-0.09846067428588867
s_oyster_4,resnet50_geirhos_tl,8,4,184,124,188.0,128.0,5.123429298400879,5.171284198760986,-0.04785490036010742
s_oyster_4,resnet50_geirhos_tl,8,4,184,128,188.0,132.0,5.123429298400879,5.100954532623291,0.02247476577758789
s_oyster_4,resnet50_geirhos_tl,8,4,184,132,188.0,136.0,5.123429298400879,5.1035237312316895,0.019905567169189453
s_oyster_4,resnet50_geirhos_tl,8,4,184,136,188.0,140.0,5.123429298400879,5.132347106933594,-0.008917808532714844
s_oyster_4,resnet50_geirhos_tl,8,4,184,140,188.0,144.0,5.123429298400879,5.11057186126709,0.012857437133789062
s_oyster_4,resnet50_geirhos_tl,8,4,184,144,188.0,148.0,5.123429298400879,5.079087257385254,0.044342041015625
s_oyster_4,resnet50_geirhos_tl,8,4,184,148,188.0,152.0,5.123429298400879,5.069775581359863,0.053653717041015625
s_oyster_4,resnet50_geirhos_tl,8,4,184,152,188.0,156.0,5.123429298400879,5.0526509284973145,0.07077836990356445
s_oyster_4,resnet50_geirhos_tl,8,4,184,156,188.0,160.0,5.123429298400879,5.074291706085205,0.04913759231567383
s_oyster_4,resnet50_geirhos_tl,8,4,184,160,188.0,164.0,5.123429298400879,5.033975124359131,0.08945417404174805
s_oyster_4,resnet50_geirhos_tl,8,4,184,164,188.0,168.0,5.123429298400879,5.015965461730957,0.10746383666992188
s_oyster_4,resnet50_geirhos_tl,8,4,184,168,188.0,172.0,5.123429298400879,5.0251970291137695,0.09823226928710938
s_oyster_4,resnet50_geirhos_tl,8,4,184,172,188.0,176.0,5.123429298400879,5.055629253387451,0.06780004501342773
s_oyster_4,resnet50_geirhos_tl,8,4,184,176,188.0,180.0,5.123429298400879,5.069098472595215,0.05433082580566406
s_oyster_4,resnet50_geirhos_tl,8,4,184,180,188.0,184.0,5.123429298400879,5.047607898712158,0.0758213996887207
s_oyster_4,resnet50_geirhos_tl,8,4,184,184,188.0,188.0,5.123429298400879,5.076878070831299,0.04655122756958008
s_oyster_4,resnet50_geirhos_tl,8,4,184,188,188.0,192.0,5.123429298400879,5.110352993011475,0.013076305389404297
s_oyster_4,resnet50_geirhos_tl,8,4,184,192,188.0,196.0,5.123429298400879,5.109220027923584,0.014209270477294922
s_oyster_4,resnet50_geirhos_tl,8,4,184,196,188.0,200.0,5.123429298400879,5.081357002258301,0.042072296142578125
s_oyster_4,resnet50_geirhos_tl,8,4,184,200,188.0,204.0,5.123429298400879,5.098949909210205,0.024479389190673828
s_oyster_4,resnet50_geirhos_tl,8,4,184,204,188.0,208.0,5.123429298400879,5.092154502868652,0.03127479553222656
s_oyster_4,resnet50_geirhos_tl,8,4,184,208,188.0,212.0,5.123429298400879,5.082281112670898,0.04114818572998047
s_oyster_4,resnet50_geirhos_tl,8,4,184,212,188.0,216.0,5.123429298400879,5.086275577545166,0.03715372085571289
s_oyster_4,resnet50_geirhos_tl,8,4,184,216,188.0,220.0,5.123429298400879,5.104170322418213,0.019258975982666016
s_oyster_4,resnet50_geirhos_tl,8,4,188,0,192.0,4.0,5.123429298400879,5.025251865386963,0.09817743301391602
s_oyster_4,resnet50_geirhos_tl,8,4,188,4,192.0,8.0,5.123429298400879,5.014172554016113,0.10925674438476562
s_oyster_4,resnet50_geirhos_tl,8,4,188,8,192.0,12.0,5.123429298400879,5.05034875869751,0.07308053970336914
s_oyster_4,resnet50_geirhos_tl,8,4,188,12,192.0,16.0,5.123429298400879,5.0837907791137695,0.039638519287109375
s_oyster_4,resnet50_geirhos_tl,8,4,188,16,192.0,20.0,5.123429298400879,5.03939151763916,0.08403778076171875
s_oyster_4,resnet50_geirhos_tl,8,4,188,20,192.0,24.0,5.123429298400879,5.036133766174316,0.0872955322265625
s_oyster_4,resnet50_geirhos_tl,8,4,188,24,192.0,28.0,5.123429298400879,5.0129852294921875,0.1104440689086914
s_oyster_4,resnet50_geirhos_tl,8,4,188,28,192.0,32.0,5.123429298400879,5.003978252410889,0.11945104598999023
s_oyster_4,resnet50_geirhos_tl,8,4,188,32,192.0,36.0,5.123429298400879,4.992094039916992,0.13133525848388672
s_oyster_4,resnet50_geirhos_tl,8,4,188,36,192.0,40.0,5.123429298400879,4.995197772979736,0.12823152542114258
s_oyster_4,resnet50_geirhos_tl,8,4,188,40,192.0,44.0,5.123429298400879,4.966577529907227,0.15685176849365234
s_oyster_4,resnet50_geirhos_tl,8,4,188,44,192.0,48.0,5.123429298400879,4.99050235748291,0.13292694091796875
s_oyster_4,resnet50_geirhos_tl,8,4,188,48,192.0,52.0,5.123429298400879,4.998786449432373,0.12464284896850586
s_oyster_4,resnet50_geirhos_tl,8,4,188,52,192.0,56.0,5.123429298400879,4.99433708190918,0.12909221649169922
s_oyster_4,resnet50_geirhos_tl,8,4,188,56,192.0,60.0,5.123429298400879,4.997920513153076,0.12550878524780273
s_oyster_4,resnet50_geirhos_tl,8,4,188,60,192.0,64.0,5.123429298400879,5.017012596130371,0.10641670227050781
s_oyster_4,resnet50_geirhos_tl,8,4,188,64,192.0,68.0,5.123429298400879,5.031857490539551,0.09157180786132812
s_oyster_4,resnet50_geirhos_tl,8,4,188,68,192.0,72.0,5.123429298400879,5.119387149810791,0.004042148590087891
s_oyster_4,resnet50_geirhos_tl,8,4,188,72,192.0,76.0,5.123429298400879,5.142434120178223,-0.01900482177734375
s_oyster_4,resnet50_geirhos_tl,8,4,188,76,192.0,80.0,5.123429298400879,5.211188316345215,-0.08775901794433594
s_oyster_4,resnet50_geirhos_tl,8,4,188,80,192.0,84.0,5.123429298400879,5.249340534210205,-0.12591123580932617
s_oyster_4,resnet50_geirhos_tl,8,4,188,84,192.0,88.0,5.123429298400879,5.272555828094482,-0.14912652969360352
s_oyster_4,resnet50_geirhos_tl,8,4,188,88,192.0,92.0,5.123429298400879,5.20147705078125,-0.0780477523803711
s_oyster_4,resnet50_geirhos_tl,8,4,188,92,192.0,96.0,5.123429298400879,5.166611671447754,-0.043182373046875
s_oyster_4,resnet50_geirhos_tl,8,4,188,96,192.0,100.0,5.123429298400879,5.158446788787842,-0.03501749038696289
s_oyster_4,resnet50_geirhos_tl,8,4,188,100,192.0,104.0,5.123429298400879,5.2243332862854,-0.10090398788452148
s_oyster_4,resnet50_geirhos_tl,8,4,188,104,192.0,108.0,5.123429298400879,5.278929710388184,-0.1555004119873047
s_oyster_4,resnet50_geirhos_tl,8,4,188,108,192.0,112.0,5.123429298400879,5.3350348472595215,-0.21160554885864258
s_oyster_4,resnet50_geirhos_tl,8,4,188,112,192.0,116.0,5.123429298400879,5.263951778411865,-0.14052248001098633
s_oyster_4,resnet50_geirhos_tl,8,4,188,116,192.0,120.0,5.123429298400879,5.255612373352051,-0.13218307495117188
s_oyster_4,resnet50_geirhos_tl,8,4,188,120,192.0,124.0,5.123429298400879,5.228872299194336,-0.10544300079345703
s_oyster_4,resnet50_geirhos_tl,8,4,188,124,192.0,128.0,5.123429298400879,5.169157028198242,-0.04572772979736328
s_oyster_4,resnet50_geirhos_tl,8,4,188,128,192.0,132.0,5.123429298400879,5.13680362701416,-0.01337432861328125
s_oyster_4,resnet50_geirhos_tl,8,4,188,132,192.0,136.0,5.123429298400879,5.146758556365967,-0.02332925796508789
s_oyster_4,resnet50_geirhos_tl,8,4,188,136,192.0,140.0,5.123429298400879,5.151275634765625,-0.027846336364746094
s_oyster_4,resnet50_geirhos_tl,8,4,188,140,192.0,144.0,5.123429298400879,5.119206428527832,0.004222869873046875
s_oyster_4,resnet50_geirhos_tl,8,4,188,144,192.0,148.0,5.123429298400879,5.078352451324463,0.045076847076416016
s_oyster_4,resnet50_geirhos_tl,8,4,188,148,192.0,152.0,5.123429298400879,5.091689586639404,0.03173971176147461
s_oyster_4,resnet50_geirhos_tl,8,4,188,152,192.0,156.0,5.123429298400879,5.098820209503174,0.024609088897705078
s_oyster_4,resnet50_geirhos_tl,8,4,188,156,192.0,160.0,5.123429298400879,5.106052875518799,0.017376422882080078
s_oyster_4,resnet50_geirhos_tl,8,4,188,160,192.0,164.0,5.123429298400879,5.077764987945557,0.045664310455322266
s_oyster_4,resnet50_geirhos_tl,8,4,188,164,192.0,168.0,5.123429298400879,5.072321891784668,0.05110740661621094
s_oyster_4,resnet50_geirhos_tl,8,4,188,168,192.0,172.0,5.123429298400879,5.06264591217041,0.06078338623046875
s_oyster_4,resnet50_geirhos_tl,8,4,188,172,192.0,176.0,5.123429298400879,5.087607383728027,0.03582191467285156
s_oyster_4,resnet50_geirhos_tl,8,4,188,176,192.0,180.0,5.123429298400879,5.092226028442383,0.031203269958496094
s_oyster_4,resnet50_geirhos_tl,8,4,188,180,192.0,184.0,5.123429298400879,5.097028732299805,0.02640056610107422
s_oyster_4,resnet50_geirhos_tl,8,4,188,184,192.0,188.0,5.123429298400879,5.088955879211426,0.034473419189453125
s_oyster_4,resnet50_geirhos_tl,8,4,188,188,192.0,192.0,5.123429298400879,5.129218578338623,-0.005789279937744141
s_oyster_4,resnet50_geirhos_tl,8,4,188,192,192.0,196.0,5.123429298400879,5.118587017059326,0.004842281341552734
s_oyster_4,resnet50_geirhos_tl,8,4,188,196,192.0,200.0,5.123429298400879,5.121502876281738,0.001926422119140625
s_oyster_4,resnet50_geirhos_tl,8,4,188,200,192.0,204.0,5.123429298400879,5.080928802490234,0.04250049591064453
s_oyster_4,resnet50_geirhos_tl,8,4,188,204,192.0,208.0,5.123429298400879,5.101912498474121,0.021516799926757812
s_oyster_4,resnet50_geirhos_tl,8,4,188,208,192.0,212.0,5.123429298400879,5.092380046844482,0.031049251556396484
s_oyster_4,resnet50_geirhos_tl,8,4,188,212,192.0,216.0,5.123429298400879,5.0897345542907715,0.03369474411010742
s_oyster_4,resnet50_geirhos_tl,8,4,188,216,192.0,220.0,5.123429298400879,5.106528282165527,0.016901016235351562
s_oyster_4,resnet50_geirhos_tl,8,4,192,0,196.0,4.0,5.123429298400879,5.028780937194824,0.09464836120605469
s_oyster_4,resnet50_geirhos_tl,8,4,192,4,196.0,8.0,5.123429298400879,5.01945161819458,0.10397768020629883
s_oyster_4,resnet50_geirhos_tl,8,4,192,8,196.0,12.0,5.123429298400879,5.055468559265137,0.06796073913574219
s_oyster_4,resnet50_geirhos_tl,8,4,192,12,196.0,16.0,5.123429298400879,5.036739349365234,0.08668994903564453
s_oyster_4,resnet50_geirhos_tl,8,4,192,16,196.0,20.0,5.123429298400879,4.99880838394165,0.12462091445922852
s_oyster_4,resnet50_geirhos_tl,8,4,192,20,196.0,24.0,5.123429298400879,5.020793437957764,0.10263586044311523
s_oyster_4,resnet50_geirhos_tl,8,4,192,24,196.0,28.0,5.123429298400879,5.038724899291992,0.08470439910888672
s_oyster_4,resnet50_geirhos_tl,8,4,192,28,196.0,32.0,5.123429298400879,5.014612674713135,0.10881662368774414
s_oyster_4,resnet50_geirhos_tl,8,4,192,32,196.0,36.0,5.123429298400879,4.996838569641113,0.12659072875976562
s_oyster_4,resnet50_geirhos_tl,8,4,192,36,196.0,40.0,5.123429298400879,4.977685928344727,0.14574337005615234
s_oyster_4,resnet50_geirhos_tl,8,4,192,40,196.0,44.0,5.123429298400879,4.9590606689453125,0.1643686294555664
s_oyster_4,resnet50_geirhos_tl,8,4,192,44,196.0,48.0,5.123429298400879,4.984678745269775,0.13875055313110352
s_oyster_4,resnet50_geirhos_tl,8,4,192,48,196.0,52.0,5.123429298400879,4.975499629974365,0.14792966842651367
s_oyster_4,resnet50_geirhos_tl,8,4,192,52,196.0,56.0,5.123429298400879,5.002694606781006,0.12073469161987305
s_oyster_4,resnet50_geirhos_tl,8,4,192,56,196.0,60.0,5.123429298400879,5.009081840515137,0.11434745788574219
s_oyster_4,resnet50_geirhos_tl,8,4,192,60,196.0,64.0,5.123429298400879,5.039373397827148,0.08405590057373047
s_oyster_4,resnet50_geirhos_tl,8,4,192,64,196.0,68.0,5.123429298400879,5.058699131011963,0.06473016738891602
s_oyster_4,resnet50_geirhos_tl,8,4,192,68,196.0,72.0,5.123429298400879,5.103507041931152,0.019922256469726562
s_oyster_4,resnet50_geirhos_tl,8,4,192,72,196.0,76.0,5.123429298400879,5.121538162231445,0.0018911361694335938
s_oyster_4,resnet50_geirhos_tl,8,4,192,76,196.0,80.0,5.123429298400879,5.2174272537231445,-0.09399795532226562
s_oyster_4,resnet50_geirhos_tl,8,4,192,80,196.0,84.0,5.123429298400879,5.213544845581055,-0.09011554718017578
s_oyster_4,resnet50_geirhos_tl,8,4,192,84,196.0,88.0,5.123429298400879,5.230536460876465,-0.10710716247558594
s_oyster_4,resnet50_geirhos_tl,8,4,192,88,196.0,92.0,5.123429298400879,5.18162727355957,-0.058197975158691406
s_oyster_4,resnet50_geirhos_tl,8,4,192,92,196.0,96.0,5.123429298400879,5.17662239074707,-0.053193092346191406
s_oyster_4,resnet50_geirhos_tl,8,4,192,96,196.0,100.0,5.123429298400879,5.148867607116699,-0.025438308715820312
s_oyster_4,resnet50_geirhos_tl,8,4,192,100,196.0,104.0,5.123429298400879,5.207693576812744,-0.08426427841186523
s_oyster_4,resnet50_geirhos_tl,8,4,192,104,196.0,108.0,5.123429298400879,5.238814830780029,-0.11538553237915039
s_oyster_4,resnet50_geirhos_tl,8,4,192,108,196.0,112.0,5.123429298400879,5.332178115844727,-0.20874881744384766
s_oyster_4,resnet50_geirhos_tl,8,4,192,112,196.0,116.0,5.123429298400879,5.282567977905273,-0.15913867950439453
s_oyster_4,resnet50_geirhos_tl,8,4,192,116,196.0,120.0,5.123429298400879,5.269394874572754,-0.145965576171875
s_oyster_4,resnet50_geirhos_tl,8,4,192,120,196.0,124.0,5.123429298400879,5.218542098999023,-0.09511280059814453
s_oyster_4,resnet50_geirhos_tl,8,4,192,124,196.0,128.0,5.123429298400879,5.171514987945557,-0.048085689544677734
s_oyster_4,resnet50_geirhos_tl,8,4,192,128,196.0,132.0,5.123429298400879,5.154275894165039,-0.030846595764160156
s_oyster_4,resnet50_geirhos_tl,8,4,192,132,196.0,136.0,5.123429298400879,5.171049118041992,-0.04761981964111328
s_oyster_4,resnet50_geirhos_tl,8,4,192,136,196.0,140.0,5.123429298400879,5.129691123962402,-0.0062618255615234375
s_oyster_4,resnet50_geirhos_tl,8,4,192,140,196.0,144.0,5.123429298400879,5.110029220581055,0.013400077819824219
s_oyster_4,resnet50_geirhos_tl,8,4,192,144,196.0,148.0,5.123429298400879,5.065429210662842,0.05800008773803711
s_oyster_4,resnet50_geirhos_tl,8,4,192,148,196.0,152.0,5.123429298400879,5.0914082527160645,0.03202104568481445
s_oyster_4,resnet50_geirhos_tl,8,4,192,152,196.0,156.0,5.123429298400879,5.098517894744873,0.02491140365600586
s_oyster_4,resnet50_geirhos_tl,8,4,192,156,196.0,160.0,5.123429298400879,5.088871002197266,0.03455829620361328
s_oyster_4,resnet50_geirhos_tl,8,4,192,160,196.0,164.0,5.123429298400879,5.081049919128418,0.04237937927246094
s_oyster_4,resnet50_geirhos_tl,8,4,192,164,196.0,168.0,5.123429298400879,5.082645416259766,0.04078388214111328
s_oyster_4,resnet50_geirhos_tl,8,4,192,168,196.0,172.0,5.123429298400879,5.068939685821533,0.0544896125793457
s_oyster_4,resnet50_geirhos_tl,8,4,192,172,196.0,176.0,5.123429298400879,5.068422794342041,0.05500650405883789
s_oyster_4,resnet50_geirhos_tl,8,4,192,176,196.0,180.0,5.123429298400879,5.070489883422852,0.052939414978027344
s_oyster_4,resnet50_geirhos_tl,8,4,192,180,196.0,184.0,5.123429298400879,5.095281600952148,0.02814769744873047
s_oyster_4,resnet50_geirhos_tl,8,4,192,184,196.0,188.0,5.123429298400879,5.128371715545654,-0.004942417144775391
s_oyster_4,resnet50_geirhos_tl,8,4,192,188,196.0,192.0,5.123429298400879,5.156253814697266,-0.03282451629638672
s_oyster_4,resnet50_geirhos_tl,8,4,192,192,196.0,196.0,5.123429298400879,5.151619911193848,-0.02819061279296875
s_oyster_4,resnet50_geirhos_tl,8,4,192,196,196.0,200.0,5.123429298400879,5.126059055328369,-0.0026297569274902344
s_oyster_4,resnet50_geirhos_tl,8,4,192,200,196.0,204.0,5.123429298400879,5.099584102630615,0.023845195770263672
s_oyster_4,resnet50_geirhos_tl,8,4,192,204,196.0,208.0,5.123429298400879,5.1021199226379395,0.021309375762939453
s_oyster_4,resnet50_geirhos_tl,8,4,192,208,196.0,212.0,5.123429298400879,5.094766139984131,0.028663158416748047
s_oyster_4,resnet50_geirhos_tl,8,4,192,212,196.0,216.0,5.123429298400879,5.095098495483398,0.02833080291748047
s_oyster_4,resnet50_geirhos_tl,8,4,192,216,196.0,220.0,5.123429298400879,5.086846828460693,0.03658246994018555
s_oyster_4,resnet50_geirhos_tl,8,4,196,0,200.0,4.0,5.123429298400879,5.026040077209473,0.09738922119140625
s_oyster_4,resnet50_geirhos_tl,8,4,196,4,200.0,8.0,5.123429298400879,5.007889270782471,0.1155400276184082
s_oyster_4,resnet50_geirhos_tl,8,4,196,8,200.0,12.0,5.123429298400879,5.0641913414001465,0.05923795700073242
s_oyster_4,resnet50_geirhos_tl,8,4,196,12,200.0,16.0,5.123429298400879,5.065171241760254,0.058258056640625
s_oyster_4,resnet50_geirhos_tl,8,4,196,16,200.0,20.0,5.123429298400879,4.996371269226074,0.1270580291748047
s_oyster_4,resnet50_geirhos_tl,8,4,196,20,200.0,24.0,5.123429298400879,5.013021469116211,0.11040782928466797
s_oyster_4,resnet50_geirhos_tl,8,4,196,24,200.0,28.0,5.123429298400879,5.030158519744873,0.09327077865600586
s_oyster_4,resnet50_geirhos_tl,8,4,196,28,200.0,32.0,5.123429298400879,5.035586833953857,0.08784246444702148
s_oyster_4,resnet50_geirhos_tl,8,4,196,32,200.0,36.0,5.123429298400879,4.984177589416504,0.139251708984375
s_oyster_4,resnet50_geirhos_tl,8,4,196,36,200.0,40.0,5.123429298400879,4.993268013000488,0.13016128540039062
s_oyster_4,resnet50_geirhos_tl,8,4,196,40,200.0,44.0,5.123429298400879,5.002925395965576,0.12050390243530273
s_oyster_4,resnet50_geirhos_tl,8,4,196,44,200.0,48.0,5.123429298400879,5.035604476928711,0.08782482147216797
s_oyster_4,resnet50_geirhos_tl,8,4,196,48,200.0,52.0,5.123429298400879,5.035881519317627,0.08754777908325195
s_oyster_4,resnet50_geirhos_tl,8,4,196,52,200.0,56.0,5.123429298400879,5.045058727264404,0.07837057113647461
s_oyster_4,resnet50_geirhos_tl,8,4,196,56,200.0,60.0,5.123429298400879,5.073253631591797,0.05017566680908203
s_oyster_4,resnet50_geirhos_tl,8,4,196,60,200.0,64.0,5.123429298400879,5.083542823791504,0.039886474609375
s_oyster_4,resnet50_geirhos_tl,8,4,196,64,200.0,68.0,5.123429298400879,5.08686637878418,0.03656291961669922
s_oyster_4,resnet50_geirhos_tl,8,4,196,68,200.0,72.0,5.123429298400879,5.125965595245361,-0.002536296844482422
s_oyster_4,resnet50_geirhos_tl,8,4,196,72,200.0,76.0,5.123429298400879,5.180905342102051,-0.057476043701171875
s_oyster_4,resnet50_geirhos_tl,8,4,196,76,200.0,80.0,5.123429298400879,5.192595481872559,-0.06916618347167969
s_oyster_4,resnet50_geirhos_tl,8,4,196,80,200.0,84.0,5.123429298400879,5.205315113067627,-0.08188581466674805
s_oyster_4,resnet50_geirhos_tl,8,4,196,84,200.0,88.0,5.123429298400879,5.216050624847412,-0.0926213264465332
s_oyster_4,resnet50_geirhos_tl,8,4,196,88,200.0,92.0,5.123429298400879,5.169196605682373,-0.04576730728149414
s_oyster_4,resnet50_geirhos_tl,8,4,196,92,200.0,96.0,5.123429298400879,5.146570682525635,-0.02314138412475586
s_oyster_4,resnet50_geirhos_tl,8,4,196,96,200.0,100.0,5.123429298400879,5.144827842712402,-0.021398544311523438
s_oyster_4,resnet50_geirhos_tl,8,4,196,100,200.0,104.0,5.123429298400879,5.154011249542236,-0.030581951141357422
s_oyster_4,resnet50_geirhos_tl,8,4,196,104,200.0,108.0,5.123429298400879,5.242920875549316,-0.1194915771484375
s_oyster_4,resnet50_geirhos_tl,8,4,196,108,200.0,112.0,5.123429298400879,5.312328815460205,-0.18889951705932617
s_oyster_4,resnet50_geirhos_tl,8,4,196,112,200.0,116.0,5.123429298400879,5.293197154998779,-0.1697678565979004
s_oyster_4,resnet50_geirhos_tl,8,4,196,116,200.0,120.0,5.123429298400879,5.275974273681641,-0.15254497528076172
s_oyster_4,resnet50_geirhos_tl,8,4,196,120,200.0,124.0,5.123429298400879,5.258360862731934,-0.1349315643310547
s_oyster_4,resnet50_geirhos_tl,8,4,196,124,200.0,128.0,5.123429298400879,5.220096111297607,-0.09666681289672852
s_oyster_4,resnet50_geirhos_tl,8,4,196,128,200.0,132.0,5.123429298400879,5.1902384757995605,-0.06680917739868164
s_oyster_4,resnet50_geirhos_tl,8,4,196,132,200.0,136.0,5.123429298400879,5.161850929260254,-0.038421630859375
s_oyster_4,resnet50_geirhos_tl,8,4,196,136,200.0,140.0,5.123429298400879,5.163094997406006,-0.03966569900512695
s_oyster_4,resnet50_geirhos_tl,8,4,196,140,200.0,144.0,5.123429298400879,5.114433288574219,0.008996009826660156
s_oyster_4,resnet50_geirhos_tl,8,4,196,144,200.0,148.0,5.123429298400879,5.095444202423096,0.027985095977783203
s_oyster_4,resnet50_geirhos_tl,8,4,196,148,200.0,152.0,5.123429298400879,5.095460414886475,0.027968883514404297
s_oyster_4,resnet50_geirhos_tl,8,4,196,152,200.0,156.0,5.123429298400879,5.076922416687012,0.04650688171386719
s_oyster_4,resnet50_geirhos_tl,8,4,196,156,200.0,160.0,5.123429298400879,5.073302745819092,0.05012655258178711
s_oyster_4,resnet50_geirhos_tl,8,4,196,160,200.0,164.0,5.123429298400879,5.058178424835205,0.06525087356567383
s_oyster_4,resnet50_geirhos_tl,8,4,196,164,200.0,168.0,5.123429298400879,5.088054180145264,0.035375118255615234
s_oyster_4,resnet50_geirhos_tl,8,4,196,168,200.0,172.0,5.123429298400879,5.067941665649414,0.055487632751464844
s_oyster_4,resnet50_geirhos_tl,8,4,196,172,200.0,176.0,5.123429298400879,5.086343288421631,0.03708600997924805
s_oyster_4,resnet50_geirhos_tl,8,4,196,176,200.0,180.0,5.123429298400879,5.076886177062988,0.046543121337890625
s_oyster_4,resnet50_geirhos_tl,8,4,196,180,200.0,184.0,5.123429298400879,5.131837368011475,-0.008408069610595703
s_oyster_4,resnet50_geirhos_tl,8,4,196,184,200.0,188.0,5.123429298400879,5.130499839782715,-0.0070705413818359375
s_oyster_4,resnet50_geirhos_tl,8,4,196,188,200.0,192.0,5.123429298400879,5.144888877868652,-0.021459579467773438
s_oyster_4,resnet50_geirhos_tl,8,4,196,192,200.0,196.0,5.123429298400879,5.132613182067871,-0.009183883666992188
s_oyster_4,resnet50_geirhos_tl,8,4,196,196,200.0,200.0,5.123429298400879,5.140382766723633,-0.016953468322753906
s_oyster_4,resnet50_geirhos_tl,8,4,196,200,200.0,204.0,5.123429298400879,5.092881202697754,0.030548095703125
s_oyster_4,resnet50_geirhos_tl,8,4,196,204,200.0,208.0,5.123429298400879,5.095571994781494,0.027857303619384766
s_oyster_4,resnet50_geirhos_tl,8,4,196,208,200.0,212.0,5.123429298400879,5.07114315032959,0.05228614807128906
s_oyster_4,resnet50_geirhos_tl,8,4,196,212,200.0,216.0,5.123429298400879,5.090196132659912,0.0332331657409668
s_oyster_4,resnet50_geirhos_tl,8,4,196,216,200.0,220.0,5.123429298400879,5.095531463623047,0.02789783477783203
s_oyster_4,resnet50_geirhos_tl,8,4,200,0,204.0,4.0,5.123429298400879,5.00886869430542,0.11456060409545898
s_oyster_4,resnet50_geirhos_tl,8,4,200,4,204.0,8.0,5.123429298400879,5.000679969787598,0.12274932861328125
s_oyster_4,resnet50_geirhos_tl,8,4,200,8,204.0,12.0,5.123429298400879,5.083637237548828,0.03979206085205078
s_oyster_4,resnet50_geirhos_tl,8,4,200,12,204.0,16.0,5.123429298400879,5.078814506530762,0.04461479187011719
s_oyster_4,resnet50_geirhos_tl,8,4,200,16,204.0,20.0,5.123429298400879,5.035019874572754,0.088409423828125
s_oyster_4,resnet50_geirhos_tl,8,4,200,20,204.0,24.0,5.123429298400879,5.00594425201416,0.11748504638671875
s_oyster_4,resnet50_geirhos_tl,8,4,200,24,204.0,28.0,5.123429298400879,5.062128067016602,0.061301231384277344
s_oyster_4,resnet50_geirhos_tl,8,4,200,28,204.0,32.0,5.123429298400879,5.05110502243042,0.07232427597045898
s_oyster_4,resnet50_geirhos_tl,8,4,200,32,204.0,36.0,5.123429298400879,5.015950679779053,0.10747861862182617
s_oyster_4,resnet50_geirhos_tl,8,4,200,36,204.0,40.0,5.123429298400879,5.021053314208984,0.10237598419189453
s_oyster_4,resnet50_geirhos_tl,8,4,200,40,204.0,44.0,5.123429298400879,5.060813903808594,0.06261539459228516
s_oyster_4,resnet50_geirhos_tl,8,4,200,44,204.0,48.0,5.123429298400879,5.047333717346191,0.0760955810546875
s_oyster_4,resnet50_geirhos_tl,8,4,200,48,204.0,52.0,5.123429298400879,5.064364433288574,0.05906486511230469
s_oyster_4,resnet50_geirhos_tl,8,4,200,52,204.0,56.0,5.123429298400879,5.101508617401123,0.02192068099975586
s_oyster_4,resnet50_geirhos_tl,8,4,200,56,204.0,60.0,5.123429298400879,5.14858341217041,-0.02515411376953125
s_oyster_4,resnet50_geirhos_tl,8,4,200,60,204.0,64.0,5.123429298400879,5.116016387939453,0.007412910461425781
s_oyster_4,resnet50_geirhos_tl,8,4,200,64,204.0,68.0,5.123429298400879,5.107393741607666,0.01603555679321289
s_oyster_4,resnet50_geirhos_tl,8,4,200,68,204.0,72.0,5.123429298400879,5.167835235595703,-0.04440593719482422
s_oyster_4,resnet50_geirhos_tl,8,4,200,72,204.0,76.0,5.123429298400879,5.26259183883667,-0.13916254043579102
s_oyster_4,resnet50_geirhos_tl,8,4,200,76,204.0,80.0,5.123429298400879,5.21923828125,-0.0958089828491211
s_oyster_4,resnet50_geirhos_tl,8,4,200,80,204.0,84.0,5.123429298400879,5.204301357269287,-0.0808720588684082
s_oyster_4,resnet50_geirhos_tl,8,4,200,84,204.0,88.0,5.123429298400879,5.168574333190918,-0.04514503479003906
s_oyster_4,resnet50_geirhos_tl,8,4,200,88,204.0,92.0,5.123429298400879,5.192854404449463,-0.06942510604858398
s_oyster_4,resnet50_geirhos_tl,8,4,200,92,204.0,96.0,5.123429298400879,5.186389923095703,-0.06296062469482422
s_oyster_4,resnet50_geirhos_tl,8,4,200,96,204.0,100.0,5.123429298400879,5.131793975830078,-0.008364677429199219
s_oyster_4,resnet50_geirhos_tl,8,4,200,100,204.0,104.0,5.123429298400879,5.1624274253845215,-0.03899812698364258
s_oyster_4,resnet50_geirhos_tl,8,4,200,104,204.0,108.0,5.123429298400879,5.268594741821289,-0.14516544342041016
s_oyster_4,resnet50_geirhos_tl,8,4,200,108,204.0,112.0,5.123429298400879,5.317097187042236,-0.19366788864135742
s_oyster_4,resnet50_geirhos_tl,8,4,200,112,204.0,116.0,5.123429298400879,5.332274436950684,-0.2088451385498047
s_oyster_4,resnet50_geirhos_tl,8,4,200,116,204.0,120.0,5.123429298400879,5.320478916168213,-0.19704961776733398
s_oyster_4,resnet50_geirhos_tl,8,4,200,120,204.0,124.0,5.123429298400879,5.359316349029541,-0.2358870506286621
s_oyster_4,resnet50_geirhos_tl,8,4,200,124,204.0,128.0,5.123429298400879,5.27039098739624,-0.14696168899536133
s_oyster_4,resnet50_geirhos_tl,8,4,200,128,204.0,132.0,5.123429298400879,5.222548961639404,-0.09911966323852539
s_oyster_4,resnet50_geirhos_tl,8,4,200,132,204.0,136.0,5.123429298400879,5.236490249633789,-0.11306095123291016
s_oyster_4,resnet50_geirhos_tl,8,4,200,136,204.0,140.0,5.123429298400879,5.212825775146484,-0.08939647674560547
s_oyster_4,resnet50_geirhos_tl,8,4,200,140,204.0,144.0,5.123429298400879,5.1242170333862305,-0.0007877349853515625
s_oyster_4,resnet50_geirhos_tl,8,4,200,144,204.0,148.0,5.123429298400879,5.127869606018066,-0.0044403076171875
s_oyster_4,resnet50_geirhos_tl,8,4,200,148,204.0,152.0,5.123429298400879,5.122514724731445,0.0009145736694335938
s_oyster_4,resnet50_geirhos_tl,8,4,200,152,204.0,156.0,5.123429298400879,5.133965969085693,-0.010536670684814453
s_oyster_4,resnet50_geirhos_tl,8,4,200,156,204.0,160.0,5.123429298400879,5.101715087890625,0.021714210510253906
s_oyster_4,resnet50_geirhos_tl,8,4,200,160,204.0,164.0,5.123429298400879,5.101933002471924,0.021496295928955078
s_oyster_4,resnet50_geirhos_tl,8,4,200,164,204.0,168.0,5.123429298400879,5.096737861633301,0.026691436767578125
s_oyster_4,resnet50_geirhos_tl,8,4,200,168,204.0,172.0,5.123429298400879,5.1127142906188965,0.010715007781982422
s_oyster_4,resnet50_geirhos_tl,8,4,200,172,204.0,176.0,5.123429298400879,5.084743499755859,0.03868579864501953
s_oyster_4,resnet50_geirhos_tl,8,4,200,176,204.0,180.0,5.123429298400879,5.081399440765381,0.04202985763549805
s_oyster_4,resnet50_geirhos_tl,8,4,200,180,204.0,184.0,5.123429298400879,5.10247278213501,0.02095651626586914
s_oyster_4,resnet50_geirhos_tl,8,4,200,184,204.0,188.0,5.123429298400879,5.150109767913818,-0.026680469512939453
s_oyster_4,resnet50_geirhos_tl,8,4,200,188,204.0,192.0,5.123429298400879,5.148209571838379,-0.0247802734375
s_oyster_4,resnet50_geirhos_tl,8,4,200,192,204.0,196.0,5.123429298400879,5.149377822875977,-0.025948524475097656
s_oyster_4,resnet50_geirhos_tl,8,4,200,196,204.0,200.0,5.123429298400879,5.126667022705078,-0.0032377243041992188
s_oyster_4,resnet50_geirhos_tl,8,4,200,200,204.0,204.0,5.123429298400879,5.116247177124023,0.007182121276855469
s_oyster_4,resnet50_geirhos_tl,8,4,200,204,204.0,208.0,5.123429298400879,5.091962814331055,0.03146648406982422
s_oyster_4,resnet50_geirhos_tl,8,4,200,208,204.0,212.0,5.123429298400879,5.080441474914551,0.042987823486328125
s_oyster_4,resnet50_geirhos_tl,8,4,200,212,204.0,216.0,5.123429298400879,5.067911148071289,0.055518150329589844
s_oyster_4,resnet50_geirhos_tl,8,4,200,216,204.0,220.0,5.123429298400879,5.094479084014893,0.028950214385986328
s_oyster_4,resnet50_geirhos_tl,8,4,204,0,208.0,4.0,5.123429298400879,5.0419440269470215,0.08148527145385742
s_oyster_4,resnet50_geirhos_tl,8,4,204,4,208.0,8.0,5.123429298400879,5.011638641357422,0.11179065704345703
s_oyster_4,resnet50_geirhos_tl,8,4,204,8,208.0,12.0,5.123429298400879,5.08918571472168,0.03424358367919922
s_oyster_4,resnet50_geirhos_tl,8,4,204,12,208.0,16.0,5.123429298400879,5.102239608764648,0.02118968963623047
s_oyster_4,resnet50_geirhos_tl,8,4,204,16,208.0,20.0,5.123429298400879,5.037513732910156,0.08591556549072266
s_oyster_4,resnet50_geirhos_tl,8,4,204,20,208.0,24.0,5.123429298400879,5.046482086181641,0.07694721221923828
s_oyster_4,resnet50_geirhos_tl,8,4,204,24,208.0,28.0,5.123429298400879,5.044404029846191,0.0790252685546875
s_oyster_4,resnet50_geirhos_tl,8,4,204,28,208.0,32.0,5.123429298400879,5.036107063293457,0.08732223510742188
s_oyster_4,resnet50_geirhos_tl,8,4,204,32,208.0,36.0,5.123429298400879,5.02802848815918,0.09540081024169922
s_oyster_4,resnet50_geirhos_tl,8,4,204,36,208.0,40.0,5.123429298400879,5.060645580291748,0.06278371810913086
s_oyster_4,resnet50_geirhos_tl,8,4,204,40,208.0,44.0,5.123429298400879,5.058709621429443,0.06471967697143555
s_oyster_4,resnet50_geirhos_tl,8,4,204,44,208.0,48.0,5.123429298400879,5.075223445892334,0.04820585250854492
s_oyster_4,resnet50_geirhos_tl,8,4,204,48,208.0,52.0,5.123429298400879,5.068253517150879,0.05517578125
s_oyster_4,resnet50_geirhos_tl,8,4,204,52,208.0,56.0,5.123429298400879,5.108100891113281,0.015328407287597656
s_oyster_4,resnet50_geirhos_tl,8,4,204,56,208.0,60.0,5.123429298400879,5.104099273681641,0.01933002471923828
s_oyster_4,resnet50_geirhos_tl,8,4,204,60,208.0,64.0,5.123429298400879,5.0679216384887695,0.055507659912109375
s_oyster_4,resnet50_geirhos_tl,8,4,204,64,208.0,68.0,5.123429298400879,5.05552864074707,0.0679006576538086
s_oyster_4,resnet50_geirhos_tl,8,4,204,68,208.0,72.0,5.123429298400879,5.126999855041504,-0.003570556640625
s_oyster_4,resnet50_geirhos_tl,8,4,204,72,208.0,76.0,5.123429298400879,5.1800007820129395,-0.05657148361206055
s_oyster_4,resnet50_geirhos_tl,8,4,204,76,208.0,80.0,5.123429298400879,5.178167343139648,-0.05473804473876953
s_oyster_4,resnet50_geirhos_tl,8,4,204,80,208.0,84.0,5.123429298400879,5.164060592651367,-0.04063129425048828
s_oyster_4,resnet50_geirhos_tl,8,4,204,84,208.0,88.0,5.123429298400879,5.185997009277344,-0.06256771087646484
s_oyster_4,resnet50_geirhos_tl,8,4,204,88,208.0,92.0,5.123429298400879,5.101132869720459,0.022296428680419922
s_oyster_4,resnet50_geirhos_tl,8,4,204,92,208.0,96.0,5.123429298400879,5.120028972625732,0.0034003257751464844
s_oyster_4,resnet50_geirhos_tl,8,4,204,96,208.0,100.0,5.123429298400879,5.085855484008789,0.037573814392089844
s_oyster_4,resnet50_geirhos_tl,8,4,204,100,208.0,104.0,5.123429298400879,5.140892505645752,-0.017463207244873047
s_oyster_4,resnet50_geirhos_tl,8,4,204,104,208.0,108.0,5.123429298400879,5.200021266937256,-0.07659196853637695
s_oyster_4,resnet50_geirhos_tl,8,4,204,108,208.0,112.0,5.123429298400879,5.278467178344727,-0.15503787994384766
s_oyster_4,resnet50_geirhos_tl,8,4,204,112,208.0,116.0,5.123429298400879,5.271527290344238,-0.14809799194335938
s_oyster_4,resnet50_geirhos_tl,8,4,204,116,208.0,120.0,5.123429298400879,5.341350555419922,-0.21792125701904297
s_oyster_4,resnet50_geirhos_tl,8,4,204,120,208.0,124.0,5.123429298400879,5.320335865020752,-0.19690656661987305
s_oyster_4,resnet50_geirhos_tl,8,4,204,124,208.0,128.0,5.123429298400879,5.2691969871521,-0.1457676887512207
s_oyster_4,resnet50_geirhos_tl,8,4,204,128,208.0,132.0,5.123429298400879,5.20978307723999,-0.08635377883911133
s_oyster_4,resnet50_geirhos_tl,8,4,204,132,208.0,136.0,5.123429298400879,5.214130878448486,-0.09070158004760742
s_oyster_4,resnet50_geirhos_tl,8,4,204,136,208.0,140.0,5.123429298400879,5.197885513305664,-0.07445621490478516
s_oyster_4,resnet50_geirhos_tl,8,4,204,140,208.0,144.0,5.123429298400879,5.149036407470703,-0.02560710906982422
s_oyster_4,resnet50_geirhos_tl,8,4,204,144,208.0,148.0,5.123429298400879,5.111560821533203,0.011868476867675781
s_oyster_4,resnet50_geirhos_tl,8,4,204,148,208.0,152.0,5.123429298400879,5.143187522888184,-0.019758224487304688
s_oyster_4,resnet50_geirhos_tl,8,4,204,152,208.0,156.0,5.123429298400879,5.143029689788818,-0.019600391387939453
s_oyster_4,resnet50_geirhos_tl,8,4,204,156,208.0,160.0,5.123429298400879,5.132716178894043,-0.009286880493164062
s_oyster_4,resnet50_geirhos_tl,8,4,204,160,208.0,164.0,5.123429298400879,5.099979877471924,0.023449420928955078
s_oyster_4,resnet50_geirhos_tl,8,4,204,164,208.0,168.0,5.123429298400879,5.128981590270996,-0.0055522918701171875
s_oyster_4,resnet50_geirhos_tl,8,4,204,168,208.0,172.0,5.123429298400879,5.1211347579956055,0.0022945404052734375
s_oyster_4,resnet50_geirhos_tl,8,4,204,172,208.0,176.0,5.123429298400879,5.110593318939209,0.012835979461669922
s_oyster_4,resnet50_geirhos_tl,8,4,204,176,208.0,180.0,5.123429298400879,5.098267078399658,0.025162220001220703
s_oyster_4,resnet50_geirhos_tl,8,4,204,180,208.0,184.0,5.123429298400879,5.116015434265137,0.0074138641357421875
s_oyster_4,resnet50_geirhos_tl,8,4,204,184,208.0,188.0,5.123429298400879,5.1305084228515625,-0.007079124450683594
s_oyster_4,resnet50_geirhos_tl,8,4,204,188,208.0,192.0,5.123429298400879,5.144625186920166,-0.02119588851928711
s_oyster_4,resnet50_geirhos_tl,8,4,204,192,208.0,196.0,5.123429298400879,5.139165878295898,-0.01573657989501953
s_oyster_4,resnet50_geirhos_tl,8,4,204,196,208.0,200.0,5.123429298400879,5.133636951446533,-0.010207653045654297
s_oyster_4,resnet50_geirhos_tl,8,4,204,200,208.0,204.0,5.123429298400879,5.10657262802124,0.016856670379638672
s_oyster_4,resnet50_geirhos_tl,8,4,204,204,208.0,208.0,5.123429298400879,5.103033542633057,0.020395755767822266
s_oyster_4,resnet50_geirhos_tl,8,4,204,208,208.0,212.0,5.123429298400879,5.091259479522705,0.03216981887817383
s_oyster_4,resnet50_geirhos_tl,8,4,204,212,208.0,216.0,5.123429298400879,5.103416919708252,0.020012378692626953
s_oyster_4,resnet50_geirhos_tl,8,4,204,216,208.0,220.0,5.123429298400879,5.118535995483398,0.004893302917480469
s_oyster_4,resnet50_geirhos_tl,8,4,208,0,212.0,4.0,5.123429298400879,5.048089027404785,0.07534027099609375
s_oyster_4,resnet50_geirhos_tl,8,4,208,4,212.0,8.0,5.123429298400879,5.019914627075195,0.1035146713256836
s_oyster_4,resnet50_geirhos_tl,8,4,208,8,212.0,12.0,5.123429298400879,5.042479038238525,0.08095026016235352
s_oyster_4,resnet50_geirhos_tl,8,4,208,12,212.0,16.0,5.123429298400879,5.046518802642822,0.07691049575805664
s_oyster_4,resnet50_geirhos_tl,8,4,208,16,212.0,20.0,5.123429298400879,5.001589775085449,0.12183952331542969
s_oyster_4,resnet50_geirhos_tl,8,4,208,20,212.0,24.0,5.123429298400879,5.031386375427246,0.09204292297363281
s_oyster_4,resnet50_geirhos_tl,8,4,208,24,212.0,28.0,5.123429298400879,4.9890828132629395,0.13434648513793945
s_oyster_4,resnet50_geirhos_tl,8,4,208,28,212.0,32.0,5.123429298400879,4.979334831237793,0.14409446716308594
s_oyster_4,resnet50_geirhos_tl,8,4,208,32,212.0,36.0,5.123429298400879,4.953221321105957,0.17020797729492188
s_oyster_4,resnet50_geirhos_tl,8,4,208,36,212.0,40.0,5.123429298400879,5.001194477081299,0.12223482131958008
s_oyster_4,resnet50_geirhos_tl,8,4,208,40,212.0,44.0,5.123429298400879,4.973862171173096,0.1495671272277832
s_oyster_4,resnet50_geirhos_tl,8,4,208,44,212.0,48.0,5.123429298400879,4.998466491699219,0.12496280670166016
s_oyster_4,resnet50_geirhos_tl,8,4,208,48,212.0,52.0,5.123429298400879,4.9952826499938965,0.12814664840698242
s_oyster_4,resnet50_geirhos_tl,8,4,208,52,212.0,56.0,5.123429298400879,5.028257846832275,0.09517145156860352
s_oyster_4,resnet50_geirhos_tl,8,4,208,56,212.0,60.0,5.123429298400879,4.9986443519592285,0.12478494644165039
s_oyster_4,resnet50_geirhos_tl,8,4,208,60,212.0,64.0,5.123429298400879,4.999375343322754,0.124053955078125
s_oyster_4,resnet50_geirhos_tl,8,4,208,64,212.0,68.0,5.123429298400879,4.960301399230957,0.16312789916992188
s_oyster_4,resnet50_geirhos_tl,8,4,208,68,212.0,72.0,5.123429298400879,5.019321441650391,0.10410785675048828
s_oyster_4,resnet50_geirhos_tl,8,4,208,72,212.0,76.0,5.123429298400879,5.011322021484375,0.1121072769165039
s_oyster_4,resnet50_geirhos_tl,8,4,208,76,212.0,80.0,5.123429298400879,5.079045295715332,0.044384002685546875
s_oyster_4,resnet50_geirhos_tl,8,4,208,80,212.0,84.0,5.123429298400879,5.047281742095947,0.07614755630493164
s_oyster_4,resnet50_geirhos_tl,8,4,208,84,212.0,88.0,5.123429298400879,5.082977771759033,0.0404515266418457
s_oyster_4,resnet50_geirhos_tl,8,4,208,88,212.0,92.0,5.123429298400879,5.025833606719971,0.0975956916809082
s_oyster_4,resnet50_geirhos_tl,8,4,208,92,212.0,96.0,5.123429298400879,5.044787883758545,0.07864141464233398
s_oyster_4,resnet50_geirhos_tl,8,4,208,96,212.0,100.0,5.123429298400879,4.995265007019043,0.12816429138183594
s_oyster_4,resnet50_geirhos_tl,8,4,208,100,212.0,104.0,5.123429298400879,5.104331970214844,0.019097328186035156
s_oyster_4,resnet50_geirhos_tl,8,4,208,104,212.0,108.0,5.123429298400879,5.111325740814209,0.012103557586669922
s_oyster_4,resnet50_geirhos_tl,8,4,208,108,212.0,112.0,5.123429298400879,5.180912017822266,-0.05748271942138672
s_oyster_4,resnet50_geirhos_tl,8,4,208,112,212.0,116.0,5.123429298400879,5.180983543395996,-0.05755424499511719
s_oyster_4,resnet50_geirhos_tl,8,4,208,116,212.0,120.0,5.123429298400879,5.232561111450195,-0.1091318130493164
s_oyster_4,resnet50_geirhos_tl,8,4,208,120,212.0,124.0,5.123429298400879,5.195763111114502,-0.07233381271362305
s_oyster_4,resnet50_geirhos_tl,8,4,208,124,212.0,128.0,5.123429298400879,5.186182022094727,-0.06275272369384766
s_oyster_4,resnet50_geirhos_tl,8,4,208,128,212.0,132.0,5.123429298400879,5.110271453857422,0.013157844543457031
s_oyster_4,resnet50_geirhos_tl,8,4,208,132,212.0,136.0,5.123429298400879,5.136197566986084,-0.012768268585205078
s_oyster_4,resnet50_geirhos_tl,8,4,208,136,212.0,140.0,5.123429298400879,5.099663257598877,0.023766040802001953
s_oyster_4,resnet50_geirhos_tl,8,4,208,140,212.0,144.0,5.123429298400879,5.106715679168701,0.016713619232177734
s_oyster_4,resnet50_geirhos_tl,8,4,208,144,212.0,148.0,5.123429298400879,5.047611236572266,0.07581806182861328
s_oyster_4,resnet50_geirhos_tl,8,4,208,148,212.0,152.0,5.123429298400879,5.092891216278076,0.030538082122802734
s_oyster_4,resnet50_geirhos_tl,8,4,208,152,212.0,156.0,5.123429298400879,5.091710090637207,0.031719207763671875
s_oyster_4,resnet50_geirhos_tl,8,4,208,156,212.0,160.0,5.123429298400879,5.096897602081299,0.026531696319580078
s_oyster_4,resnet50_geirhos_tl,8,4,208,160,212.0,164.0,5.123429298400879,5.067789077758789,0.055640220642089844
s_oyster_4,resnet50_geirhos_tl,8,4,208,164,212.0,168.0,5.123429298400879,5.082788467407227,0.040640830993652344
s_oyster_4,resnet50_geirhos_tl,8,4,208,168,212.0,172.0,5.123429298400879,5.075272560119629,0.04815673828125
s_oyster_4,resnet50_geirhos_tl,8,4,208,172,212.0,176.0,5.123429298400879,5.072997093200684,0.05043220520019531
s_oyster_4,resnet50_geirhos_tl,8,4,208,176,212.0,180.0,5.123429298400879,5.086062908172607,0.037366390228271484
s_oyster_4,resnet50_geirhos_tl,8,4,208,180,212.0,184.0,5.123429298400879,5.089453220367432,0.033976078033447266
s_oyster_4,resnet50_geirhos_tl,8,4,208,184,212.0,188.0,5.123429298400879,5.096449375152588,0.026979923248291016
s_oyster_4,resnet50_geirhos_tl,8,4,208,188,212.0,192.0,5.123429298400879,5.0905280113220215,0.03290128707885742
s_oyster_4,resnet50_geirhos_tl,8,4,208,192,212.0,196.0,5.123429298400879,5.099259853363037,0.024169445037841797
s_oyster_4,resnet50_geirhos_tl,8,4,208,196,212.0,200.0,5.123429298400879,5.088006019592285,0.03542327880859375
s_oyster_4,resnet50_geirhos_tl,8,4,208,200,212.0,204.0,5.123429298400879,5.081407070159912,0.0420222282409668
s_oyster_4,resnet50_geirhos_tl,8,4,208,204,212.0,208.0,5.123429298400879,5.069530487060547,0.05389881134033203
s_oyster_4,resnet50_geirhos_tl,8,4,208,208,212.0,212.0,5.123429298400879,5.075411796569824,0.04801750183105469
s_oyster_4,resnet50_geirhos_tl,8,4,208,212,212.0,216.0,5.123429298400879,5.0799078941345215,0.04352140426635742
s_oyster_4,resnet50_geirhos_tl,8,4,208,216,212.0,220.0,5.123429298400879,5.127669811248779,-0.004240512847900391
s_oyster_4,resnet50_geirhos_tl,8,4,212,0,216.0,4.0,5.123429298400879,5.071632385253906,0.051796913146972656
s_oyster_4,resnet50_geirhos_tl,8,4,212,4,216.0,8.0,5.123429298400879,5.029860496520996,0.09356880187988281
s_oyster_4,resnet50_geirhos_tl,8,4,212,8,216.0,12.0,5.123429298400879,5.026340484619141,0.09708881378173828
s_oyster_4,resnet50_geirhos_tl,8,4,212,12,216.0,16.0,5.123429298400879,5.030102252960205,0.09332704544067383
s_oyster_4,resnet50_geirhos_tl,8,4,212,16,216.0,20.0,5.123429298400879,4.998587608337402,0.12484169006347656
s_oyster_4,resnet50_geirhos_tl,8,4,212,20,216.0,24.0,5.123429298400879,5.005134105682373,0.11829519271850586
s_oyster_4,resnet50_geirhos_tl,8,4,212,24,216.0,28.0,5.123429298400879,4.989794731140137,0.1336345672607422
s_oyster_4,resnet50_geirhos_tl,8,4,212,28,216.0,32.0,5.123429298400879,4.997211933135986,0.12621736526489258
s_oyster_4,resnet50_geirhos_tl,8,4,212,32,216.0,36.0,5.123429298400879,4.956174373626709,0.16725492477416992
s_oyster_4,resnet50_geirhos_tl,8,4,212,36,216.0,40.0,5.123429298400879,4.998836517333984,0.12459278106689453
s_oyster_4,resnet50_geirhos_tl,8,4,212,40,216.0,44.0,5.123429298400879,4.993569374084473,0.12985992431640625
s_oyster_4,resnet50_geirhos_tl,8,4,212,44,216.0,48.0,5.123429298400879,5.032210350036621,0.09121894836425781
s_oyster_4,resnet50_geirhos_tl,8,4,212,48,216.0,52.0,5.123429298400879,5.0154337882995605,0.10799551010131836
s_oyster_4,resnet50_geirhos_tl,8,4,212,52,216.0,56.0,5.123429298400879,5.044844627380371,0.07858467102050781
s_oyster_4,resnet50_geirhos_tl,8,4,212,56,216.0,60.0,5.123429298400879,5.00974178314209,0.11368751525878906
s_oyster_4,resnet50_geirhos_tl,8,4,212,60,216.0,64.0,5.123429298400879,5.027103424072266,0.09632587432861328
s_oyster_4,resnet50_geirhos_tl,8,4,212,64,216.0,68.0,5.123429298400879,4.988835334777832,0.13459396362304688
s_oyster_4,resnet50_geirhos_tl,8,4,212,68,216.0,72.0,5.123429298400879,5.0555925369262695,0.06783676147460938
s_oyster_4,resnet50_geirhos_tl,8,4,212,72,216.0,76.0,5.123429298400879,5.05780553817749,0.06562376022338867
s_oyster_4,resnet50_geirhos_tl,8,4,212,76,216.0,80.0,5.123429298400879,5.099268436431885,0.02416086196899414
s_oyster_4,resnet50_geirhos_tl,8,4,212,80,216.0,84.0,5.123429298400879,5.0883893966674805,0.03503990173339844
s_oyster_4,resnet50_geirhos_tl,8,4,212,84,216.0,88.0,5.123429298400879,5.112311363220215,0.011117935180664062
s_oyster_4,resnet50_geirhos_tl,8,4,212,88,216.0,92.0,5.123429298400879,5.065969467163086,0.05745983123779297
s_oyster_4,resnet50_geirhos_tl,8,4,212,92,216.0,96.0,5.123429298400879,5.08394718170166,0.03948211669921875
s_oyster_4,resnet50_geirhos_tl,8,4,212,96,216.0,100.0,5.123429298400879,5.057929515838623,0.06549978256225586
s_oyster_4,resnet50_geirhos_tl,8,4,212,100,216.0,104.0,5.123429298400879,5.088059902191162,0.0353693962097168
s_oyster_4,resnet50_geirhos_tl,8,4,212,104,216.0,108.0,5.123429298400879,5.117873191833496,0.0055561065673828125
s_oyster_4,resnet50_geirhos_tl,8,4,212,108,216.0,112.0,5.123429298400879,5.1603288650512695,-0.036899566650390625
s_oyster_4,resnet50_geirhos_tl,8,4,212,112,216.0,116.0,5.123429298400879,5.18547248840332,-0.062043190002441406
s_oyster_4,resnet50_geirhos_tl,8,4,212,116,216.0,120.0,5.123429298400879,5.214118003845215,-0.09068870544433594
s_oyster_4,resnet50_geirhos_tl,8,4,212,120,216.0,124.0,5.123429298400879,5.209792137145996,-0.08636283874511719
s_oyster_4,resnet50_geirhos_tl,8,4,212,124,216.0,128.0,5.123429298400879,5.1869330406188965,-0.06350374221801758
s_oyster_4,resnet50_geirhos_tl,8,4,212,128,216.0,132.0,5.123429298400879,5.134915351867676,-0.011486053466796875
s_oyster_4,resnet50_geirhos_tl,8,4,212,132,216.0,136.0,5.123429298400879,5.136628150939941,-0.0131988525390625
s_oyster_4,resnet50_geirhos_tl,8,4,212,136,216.0,140.0,5.123429298400879,5.133741855621338,-0.010312557220458984
s_oyster_4,resnet50_geirhos_tl,8,4,212,140,216.0,144.0,5.123429298400879,5.112951278686523,0.010478019714355469
s_oyster_4,resnet50_geirhos_tl,8,4,212,144,216.0,148.0,5.123429298400879,5.061821937561035,0.06160736083984375
s_oyster_4,resnet50_geirhos_tl,8,4,212,148,216.0,152.0,5.123429298400879,5.08580207824707,0.037627220153808594
s_oyster_4,resnet50_geirhos_tl,8,4,212,152,216.0,156.0,5.123429298400879,5.094460964202881,0.028968334197998047
s_oyster_4,resnet50_geirhos_tl,8,4,212,156,216.0,160.0,5.123429298400879,5.098509788513184,0.024919509887695312
s_oyster_4,resnet50_geirhos_tl,8,4,212,160,216.0,164.0,5.123429298400879,5.047680854797363,0.07574844360351562
s_oyster_4,resnet50_geirhos_tl,8,4,212,164,216.0,168.0,5.123429298400879,5.075852870941162,0.0475764274597168
s_oyster_4,resnet50_geirhos_tl,8,4,212,168,216.0,172.0,5.123429298400879,5.088992118835449,0.03443717956542969
s_oyster_4,resnet50_geirhos_tl,8,4,212,172,216.0,176.0,5.123429298400879,5.095410346984863,0.028018951416015625
s_oyster_4,resnet50_geirhos_tl,8,4,212,176,216.0,180.0,5.123429298400879,5.081319808959961,0.04210948944091797
s_oyster_4,resnet50_geirhos_tl,8,4,212,180,216.0,184.0,5.123429298400879,5.097817897796631,0.025611400604248047
s_oyster_4,resnet50_geirhos_tl,8,4,212,184,216.0,188.0,5.123429298400879,5.091717720031738,0.031711578369140625
s_oyster_4,resnet50_geirhos_tl,8,4,212,188,216.0,192.0,5.123429298400879,5.097890853881836,0.02553844451904297
s_oyster_4,resnet50_geirhos_tl,8,4,212,192,216.0,196.0,5.123429298400879,5.076611042022705,0.04681825637817383
s_oyster_4,resnet50_geirhos_tl,8,4,212,196,216.0,200.0,5.123429298400879,5.086024284362793,0.03740501403808594
s_oyster_4,resnet50_geirhos_tl,8,4,212,200,216.0,204.0,5.123429298400879,5.08011531829834,0.04331398010253906
s_oyster_4,resnet50_geirhos_tl,8,4,212,204,216.0,208.0,5.123429298400879,5.077212810516357,0.046216487884521484
s_oyster_4,resnet50_geirhos_tl,8,4,212,208,216.0,212.0,5.123429298400879,5.078183650970459,0.04524564743041992
s_oyster_4,resnet50_geirhos_tl,8,4,212,212,216.0,216.0,5.123429298400879,5.0813188552856445,0.042110443115234375
s_oyster_4,resnet50_geirhos_tl,8,4,212,216,216.0,220.0,5.123429298400879,5.136613368988037,-0.013184070587158203
s_oyster_4,resnet50_geirhos_tl,8,4,216,0,220.0,4.0,5.123429298400879,5.126277923583984,-0.0028486251831054688
s_oyster_4,resnet50_geirhos_tl,8,4,216,4,220.0,8.0,5.123429298400879,5.100127220153809,0.023302078247070312
s_oyster_4,resnet50_geirhos_tl,8,4,216,8,220.0,12.0,5.123429298400879,5.055203437805176,0.06822586059570312
s_oyster_4,resnet50_geirhos_tl,8,4,216,12,220.0,16.0,5.123429298400879,5.059580326080322,0.06384897232055664
s_oyster_4,resnet50_geirhos_tl,8,4,216,16,220.0,20.0,5.123429298400879,5.021999359130859,0.10142993927001953
s_oyster_4,resnet50_geirhos_tl,8,4,216,20,220.0,24.0,5.123429298400879,5.018698692321777,0.10473060607910156
s_oyster_4,resnet50_geirhos_tl,8,4,216,24,220.0,28.0,5.123429298400879,4.983421802520752,0.14000749588012695
s_oyster_4,resnet50_geirhos_tl,8,4,216,28,220.0,32.0,5.123429298400879,5.015592098236084,0.10783720016479492
s_oyster_4,resnet50_geirhos_tl,8,4,216,32,220.0,36.0,5.123429298400879,4.992206573486328,0.13122272491455078
s_oyster_4,resnet50_geirhos_tl,8,4,216,36,220.0,40.0,5.123429298400879,4.993204593658447,0.13022470474243164
s_oyster_4,resnet50_geirhos_tl,8,4,216,40,220.0,44.0,5.123429298400879,5.004273414611816,0.1191558837890625
s_oyster_4,resnet50_geirhos_tl,8,4,216,44,220.0,48.0,5.123429298400879,5.029331684112549,0.09409761428833008
s_oyster_4,resnet50_geirhos_tl,8,4,216,48,220.0,52.0,5.123429298400879,5.0151214599609375,0.1083078384399414
s_oyster_4,resnet50_geirhos_tl,8,4,216,52,220.0,56.0,5.123429298400879,5.032153606414795,0.09127569198608398
s_oyster_4,resnet50_geirhos_tl,8,4,216,56,220.0,60.0,5.123429298400879,5.033975124359131,0.08945417404174805
s_oyster_4,resnet50_geirhos_tl,8,4,216,60,220.0,64.0,5.123429298400879,5.046419143676758,0.0770101547241211
s_oyster_4,resnet50_geirhos_tl,8,4,216,64,220.0,68.0,5.123429298400879,5.023112773895264,0.10031652450561523
s_oyster_4,resnet50_geirhos_tl,8,4,216,68,220.0,72.0,5.123429298400879,5.081675052642822,0.04175424575805664
s_oyster_4,resnet50_geirhos_tl,8,4,216,72,220.0,76.0,5.123429298400879,5.106834888458252,0.016594409942626953
s_oyster_4,resnet50_geirhos_tl,8,4,216,76,220.0,80.0,5.123429298400879,5.143472194671631,-0.020042896270751953
s_oyster_4,resnet50_geirhos_tl,8,4,216,80,220.0,84.0,5.123429298400879,5.126183986663818,-0.002754688262939453
s_oyster_4,resnet50_geirhos_tl,8,4,216,84,220.0,88.0,5.123429298400879,5.146666049957275,-0.023236751556396484
s_oyster_4,resnet50_geirhos_tl,8,4,216,88,220.0,92.0,5.123429298400879,5.146024703979492,-0.02259540557861328
s_oyster_4,resnet50_geirhos_tl,8,4,216,92,220.0,96.0,5.123429298400879,5.1294660568237305,-0.0060367584228515625
s_oyster_4,resnet50_geirhos_tl,8,4,216,96,220.0,100.0,5.123429298400879,5.105959415435791,0.01746988296508789
s_oyster_4,resnet50_geirhos_tl,8,4,216,100,220.0,104.0,5.123429298400879,5.123170852661133,0.00025844573974609375
s_oyster_4,resnet50_geirhos_tl,8,4,216,104,220.0,108.0,5.123429298400879,5.164512634277344,-0.041083335876464844
s_oyster_4,resnet50_geirhos_tl,8,4,216,108,220.0,112.0,5.123429298400879,5.175494194030762,-0.05206489562988281
s_oyster_4,resnet50_geirhos_tl,8,4,216,112,220.0,116.0,5.123429298400879,5.192183494567871,-0.06875419616699219
s_oyster_4,resnet50_geirhos_tl,8,4,216,116,220.0,120.0,5.123429298400879,5.203798770904541,-0.08036947250366211
s_oyster_4,resnet50_geirhos_tl,8,4,216,120,220.0,124.0,5.123429298400879,5.19083309173584,-0.06740379333496094
s_oyster_4,resnet50_geirhos_tl,8,4,216,124,220.0,128.0,5.123429298400879,5.162875175476074,-0.03944587707519531
s_oyster_4,resnet50_geirhos_tl,8,4,216,128,220.0,132.0,5.123429298400879,5.122714996337891,0.0007143020629882812
s_oyster_4,resnet50_geirhos_tl,8,4,216,132,220.0,136.0,5.123429298400879,5.13721227645874,-0.013782978057861328
s_oyster_4,resnet50_geirhos_tl,8,4,216,136,220.0,140.0,5.123429298400879,5.121604919433594,0.0018243789672851562
s_oyster_4,resnet50_geirhos_tl,8,4,216,140,220.0,144.0,5.123429298400879,5.130470275878906,-0.007040977478027344
s_oyster_4,resnet50_geirhos_tl,8,4,216,144,220.0,148.0,5.123429298400879,5.075501441955566,0.0479278564453125
s_oyster_4,resnet50_geirhos_tl,8,4,216,148,220.0,152.0,5.123429298400879,5.10190486907959,0.021524429321289062
s_oyster_4,resnet50_geirhos_tl,8,4,216,152,220.0,156.0,5.123429298400879,5.08544397354126,0.03798532485961914
s_oyster_4,resnet50_geirhos_tl,8,4,216,156,220.0,160.0,5.123429298400879,5.091053485870361,0.03237581253051758
s_oyster_4,resnet50_geirhos_tl,8,4,216,160,220.0,164.0,5.123429298400879,5.07179594039917,0.051633358001708984
s_oyster_4,resnet50_geirhos_tl,8,4,216,164,220.0,168.0,5.123429298400879,5.083396911621094,0.040032386779785156
s_oyster_4,resnet50_geirhos_tl,8,4,216,168,220.0,172.0,5.123429298400879,5.075512886047363,0.047916412353515625
s_oyster_4,resnet50_geirhos_tl,8,4,216,172,220.0,176.0,5.123429298400879,5.111371994018555,0.012057304382324219
s_oyster_4,resnet50_geirhos_tl,8,4,216,176,220.0,180.0,5.123429298400879,5.092047214508057,0.031382083892822266
s_oyster_4,resnet50_geirhos_tl,8,4,216,180,220.0,184.0,5.123429298400879,5.112658977508545,0.010770320892333984
s_oyster_4,resnet50_geirhos_tl,8,4,216,184,220.0,188.0,5.123429298400879,5.085640907287598,0.03778839111328125
s_oyster_4,resnet50_geirhos_tl,8,4,216,188,220.0,192.0,5.123429298400879,5.099661827087402,0.023767471313476562
s_oyster_4,resnet50_geirhos_tl,8,4,216,192,220.0,196.0,5.123429298400879,5.103549003601074,0.019880294799804688
s_oyster_4,resnet50_geirhos_tl,8,4,216,196,220.0,200.0,5.123429298400879,5.089962959289551,0.033466339111328125
s_oyster_4,resnet50_geirhos_tl,8,4,216,200,220.0,204.0,5.123429298400879,5.084189414978027,0.03923988342285156
s_oyster_4,resnet50_geirhos_tl,8,4,216,204,220.0,208.0,5.123429298400879,5.095797061920166,0.02763223648071289
s_oyster_4,resnet50_geirhos_tl,8,4,216,208,220.0,212.0,5.123429298400879,5.109687805175781,0.013741493225097656
s_oyster_4,resnet50_geirhos_tl,8,4,216,212,220.0,216.0,5.123429298400879,5.127497673034668,-0.0040683746337890625
s_oyster_4,resnet50_geirhos_tl,8,4,216,216,220.0,220.0,5.123429298400879,5.132514953613281,-0.009085655212402344
