case_id,model_type,occluder_size,stride,y0,x0,y_center,x_center,baseline_target_logit,post_occlusion_target_logit,target_logit_drop
s_butterfly_350,resnet50_tl_20250829,8,4,0,0,4.0,4.0,139.23306274414062,139.1096649169922,0.1233978271484375
s_butterfly_350,resnet50_tl_20250829,8,4,0,4,4.0,8.0,139.23306274414062,139.32696533203125,-0.093902587890625
s_butterfly_350,resnet50_tl_20250829,8,4,0,8,4.0,12.0,139.23306274414062,139.29132080078125,-0.058258056640625
s_butterfly_350,resnet50_tl_20250829,8,4,0,12,4.0,16.0,139.23306274414062,139.3017120361328,-0.0686492919921875
s_butterfly_350,resnet50_tl_20250829,8,4,0,16,4.0,20.0,139.23306274414062,139.2913360595703,-0.0582733154296875
s_butterfly_350,resnet50_tl_20250829,8,4,0,20,4.0,24.0,139.23306274414062,139.37994384765625,-0.146881103515625
s_butterfly_350,resnet50_tl_20250829,8,4,0,24,4.0,28.0,139.23306274414062,139.27745056152344,-0.0443878173828125
s_butterfly_350,resnet50_tl_20250829,8,4,0,28,4.0,32.0,139.23306274414062,139.04983520507812,0.1832275390625
s_butterfly_350,resnet50_tl_20250829,8,4,0,32,4.0,36.0,139.23306274414062,138.97531127929688,0.25775146484375
s_butterfly_350,resnet50_tl_20250829,8,4,0,36,4.0,40.0,139.23306274414062,139.1038360595703,0.1292266845703125
s_butterfly_350,resnet50_tl_20250829,8,4,0,40,4.0,44.0,139.23306274414062,139.10498046875,0.128082275390625
s_butterfly_350,resnet50_tl_20250829,8,4,0,44,4.0,48.0,139.23306274414062,138.89474487304688,0.33831787109375
s_butterfly_350,resnet50_tl_20250829,8,4,0,48,4.0,52.0,139.23306274414062,138.8657989501953,0.3672637939453125
s_butterfly_350,resnet50_tl_20250829,8,4,0,52,4.0,56.0,139.23306274414062,139.11392211914062,0.119140625
s_butterfly_350,resnet50_tl_20250829,8,4,0,56,4.0,60.0,139.23306274414062,139.211669921875,0.021392822265625
s_butterfly_350,resnet50_tl_20250829,8,4,0,60,4.0,64.0,139.23306274414062,138.89471435546875,0.338348388671875
s_butterfly_350,resnet50_tl_20250829,8,4,0,64,4.0,68.0,139.23306274414062,138.8834686279297,0.3495941162109375
s_butterfly_350,resnet50_tl_20250829,8,4,0,68,4.0,72.0,139.23306274414062,139.1526336669922,0.0804290771484375
s_butterfly_350,resnet50_tl_20250829,8,4,0,72,4.0,76.0,139.23306274414062,139.13449096679688,0.09857177734375
s_butterfly_350,resnet50_tl_20250829,8,4,0,76,4.0,80.0,139.23306274414062,138.88729858398438,0.34576416015625
s_butterfly_350,resnet50_tl_20250829,8,4,0,80,4.0,84.0,139.23306274414062,138.86920166015625,0.363861083984375
s_butterfly_350,resnet50_tl_20250829,8,4,0,84,4.0,88.0,139.23306274414062,139.12413024902344,0.1089324951171875
s_butterfly_350,resnet50_tl_20250829,8,4,0,88,4.0,92.0,139.23306274414062,139.219482421875,0.013580322265625
s_butterfly_350,resnet50_tl_20250829,8,4,0,92,4.0,96.0,139.23306274414062,138.80426025390625,0.428802490234375
s_butterfly_350,resnet50_tl_20250829,8,4,0,96,4.0,100.0,139.23306274414062,138.84222412109375,0.390838623046875
s_butterfly_350,resnet50_tl_20250829,8,4,0,100,4.0,104.0,139.23306274414062,139.13035583496094,0.1027069091796875
s_butterfly_350,resnet50_tl_20250829,8,4,0,104,4.0,108.0,139.23306274414062,139.0986328125,0.134429931640625
s_butterfly_350,resnet50_tl_20250829,8,4,0,108,4.0,112.0,139.23306274414062,138.91458129882812,0.3184814453125
s_butterfly_350,resnet50_tl_20250829,8,4,0,112,4.0,116.0,139.23306274414062,138.90292358398438,0.33013916015625
s_butterfly_350,resnet50_tl_20250829,8,4,0,116,4.0,120.0,139.23306274414062,139.11004638671875,0.123016357421875
s_butterfly_350,resnet50_tl_20250829,8,4,0,120,4.0,124.0,139.23306274414062,139.19461059570312,0.0384521484375
s_butterfly_350,resnet50_tl_20250829,8,4,0,124,4.0,128.0,139.23306274414062,138.8544158935547,0.3786468505859375
s_butterfly_350,resnet50_tl_20250829,8,4,0,128,4.0,132.0,139.23306274414062,138.8704071044922,0.3626556396484375
s_butterfly_350,resnet50_tl_20250829,8,4,0,132,4.0,136.0,139.23306274414062,139.15286254882812,0.0802001953125
s_butterfly_350,resnet50_tl_20250829,8,4,0,136,4.0,140.0,139.23306274414062,139.08824157714844,0.1448211669921875
s_butterfly_350,resnet50_tl_20250829,8,4,0,140,4.0,144.0,139.23306274414062,138.87802124023438,0.35504150390625
s_butterfly_350,resnet50_tl_20250829,8,4,0,144,4.0,148.0,139.23306274414062,138.81564331054688,0.41741943359375
s_butterfly_350,resnet50_tl_20250829,8,4,0,148,4.0,152.0,139.23306274414062,139.02261352539062,0.21044921875
s_butterfly_350,resnet50_tl_20250829,8,4,0,152,4.0,156.0,139.23306274414062,139.1260223388672,0.1070404052734375
s_butterfly_350,resnet50_tl_20250829,8,4,0,156,4.0,160.0,139.23306274414062,138.950439453125,0.282623291015625
s_butterfly_350,resnet50_tl_20250829,8,4,0,160,4.0,164.0,139.23306274414062,138.95103454589844,0.2820281982421875
s_butterfly_350,resnet50_tl_20250829,8,4,0,164,4.0,168.0,139.23306274414062,139.12667846679688,0.10638427734375
s_butterfly_350,resnet50_tl_20250829,8,4,0,168,4.0,172.0,139.23306274414062,139.06944274902344,0.1636199951171875
s_butterfly_350,resnet50_tl_20250829,8,4,0,172,4.0,176.0,139.23306274414062,138.89520263671875,0.337860107421875
s_butterfly_350,resnet50_tl_20250829,8,4,0,176,4.0,180.0,139.23306274414062,138.83099365234375,0.402069091796875
s_butterfly_350,resnet50_tl_20250829,8,4,0,180,4.0,184.0,139.23306274414062,138.9459991455078,0.2870635986328125
s_butterfly_350,resnet50_tl_20250829,8,4,0,184,4.0,188.0,139.23306274414062,139.04678344726562,0.186279296875
s_butterfly_350,resnet50_tl_20250829,8,4,0,188,4.0,192.0,139.23306274414062,138.9379425048828,0.2951202392578125
s_butterfly_350,resnet50_tl_20250829,8,4,0,192,4.0,196.0,139.23306274414062,138.95460510253906,0.2784576416015625
s_butterfly_350,resnet50_tl_20250829,8,4,0,196,4.0,200.0,139.23306274414062,139.03836059570312,0.1947021484375
s_butterfly_350,resnet50_tl_20250829,8,4,0,200,4.0,204.0,139.23306274414062,139.0789794921875,0.154083251953125
s_butterfly_350,resnet50_tl_20250829,8,4,0,204,4.0,208.0,139.23306274414062,139.02976989746094,0.2032928466796875
s_butterfly_350,resnet50_tl_20250829,8,4,0,208,4.0,212.0,139.23306274414062,138.96707153320312,0.2659912109375
s_butterfly_350,resnet50_tl_20250829,8,4,0,212,4.0,216.0,139.23306274414062,138.99681091308594,0.2362518310546875
s_butterfly_350,resnet50_tl_20250829,8,4,0,216,4.0,220.0,139.23306274414062,139.11953735351562,0.113525390625
s_butterfly_350,resnet50_tl_20250829,8,4,4,0,8.0,4.0,139.23306274414062,139.48785400390625,-0.254791259765625
s_butterfly_350,resnet50_tl_20250829,8,4,4,4,8.0,8.0,139.23306274414062,139.2882080078125,-0.055145263671875
s_butterfly_350,resnet50_tl_20250829,8,4,4,8,8.0,12.0,139.23306274414062,139.3559112548828,-0.1228485107421875
s_butterfly_350,resnet50_tl_20250829,8,4,4,12,8.0,16.0,139.23306274414062,139.43992614746094,-0.2068634033203125
s_butterfly_350,resnet50_tl_20250829,8,4,4,16,8.0,20.0,139.23306274414062,139.39071655273438,-0.15765380859375
s_butterfly_350,resnet50_tl_20250829,8,4,4,20,8.0,24.0,139.23306274414062,139.4322967529297,-0.1992340087890625
s_butterfly_350,resnet50_tl_20250829,8,4,4,24,8.0,28.0,139.23306274414062,139.3535614013672,-0.1204986572265625
s_butterfly_350,resnet50_tl_20250829,8,4,4,28,8.0,32.0,139.23306274414062,139.32774353027344,-0.0946807861328125
s_butterfly_350,resnet50_tl_20250829,8,4,4,32,8.0,36.0,139.23306274414062,139.19651794433594,0.0365447998046875
s_butterfly_350,resnet50_tl_20250829,8,4,4,36,8.0,40.0,139.23306274414062,139.16207885742188,0.07098388671875
s_butterfly_350,resnet50_tl_20250829,8,4,4,40,8.0,44.0,139.23306274414062,139.14610290527344,0.0869598388671875
s_butterfly_350,resnet50_tl_20250829,8,4,4,44,8.0,48.0,139.23306274414062,139.21730041503906,0.0157623291015625
s_butterfly_350,resnet50_tl_20250829,8,4,4,48,8.0,52.0,139.23306274414062,139.12513732910156,0.1079254150390625
s_butterfly_350,resnet50_tl_20250829,8,4,4,52,8.0,56.0,139.23306274414062,139.2071075439453,0.0259552001953125
s_butterfly_350,resnet50_tl_20250829,8,4,4,56,8.0,60.0,139.23306274414062,139.22410583496094,0.0089569091796875
s_butterfly_350,resnet50_tl_20250829,8,4,4,60,8.0,64.0,139.23306274414062,139.2886962890625,-0.055633544921875
s_butterfly_350,resnet50_tl_20250829,8,4,4,64,8.0,68.0,139.23306274414062,139.19638061523438,0.03668212890625
s_butterfly_350,resnet50_tl_20250829,8,4,4,68,8.0,72.0,139.23306274414062,139.21548461914062,0.017578125
s_butterfly_350,resnet50_tl_20250829,8,4,4,72,8.0,76.0,139.23306274414062,139.15142822265625,0.081634521484375
s_butterfly_350,resnet50_tl_20250829,8,4,4,76,8.0,80.0,139.23306274414062,139.20217895507812,0.0308837890625
s_butterfly_350,resnet50_tl_20250829,8,4,4,80,8.0,84.0,139.23306274414062,139.11398315429688,0.11907958984375
s_butterfly_350,resnet50_tl_20250829,8,4,4,84,8.0,88.0,139.23306274414062,139.2388153076172,-0.0057525634765625
s_butterfly_350,resnet50_tl_20250829,8,4,4,88,8.0,92.0,139.23306274414062,139.20436096191406,0.0287017822265625
s_butterfly_350,resnet50_tl_20250829,8,4,4,92,8.0,96.0,139.23306274414062,139.23211669921875,0.000946044921875
s_butterfly_350,resnet50_tl_20250829,8,4,4,96,8.0,100.0,139.23306274414062,139.1497802734375,0.083282470703125
s_butterfly_350,resnet50_tl_20250829,8,4,4,100,8.0,104.0,139.23306274414062,139.1638946533203,0.0691680908203125
s_butterfly_350,resnet50_tl_20250829,8,4,4,104,8.0,108.0,139.23306274414062,139.1289520263672,0.1041107177734375
s_butterfly_350,resnet50_tl_20250829,8,4,4,108,8.0,112.0,139.23306274414062,139.17198181152344,0.0610809326171875
s_butterfly_350,resnet50_tl_20250829,8,4,4,112,8.0,116.0,139.23306274414062,139.10174560546875,0.131317138671875
s_butterfly_350,resnet50_tl_20250829,8,4,4,116,8.0,120.0,139.23306274414062,139.1820831298828,0.0509796142578125
s_butterfly_350,resnet50_tl_20250829,8,4,4,120,8.0,124.0,139.23306274414062,139.20188903808594,0.0311737060546875
s_butterfly_350,resnet50_tl_20250829,8,4,4,124,8.0,128.0,139.23306274414062,139.23345947265625,-0.000396728515625
s_butterfly_350,resnet50_tl_20250829,8,4,4,128,8.0,132.0,139.23306274414062,139.15892028808594,0.0741424560546875
s_butterfly_350,resnet50_tl_20250829,8,4,4,132,8.0,136.0,139.23306274414062,139.19009399414062,0.04296875
s_butterfly_350,resnet50_tl_20250829,8,4,4,136,8.0,140.0,139.23306274414062,139.10623168945312,0.1268310546875
s_butterfly_350,resnet50_tl_20250829,8,4,4,140,8.0,144.0,139.23306274414062,139.13465881347656,0.0984039306640625
s_butterfly_350,resnet50_tl_20250829,8,4,4,144,8.0,148.0,139.23306274414062,139.03529357910156,0.1977691650390625
s_butterfly_350,resnet50_tl_20250829,8,4,4,148,8.0,152.0,139.23306274414062,139.1253204345703,0.1077423095703125
s_butterfly_350,resnet50_tl_20250829,8,4,4,152,8.0,156.0,139.23306274414062,139.1348114013672,0.0982513427734375
s_butterfly_350,resnet50_tl_20250829,8,4,4,156,8.0,160.0,139.23306274414062,139.2386932373047,-0.0056304931640625
s_butterfly_350,resnet50_tl_20250829,8,4,4,160,8.0,164.0,139.23306274414062,139.15032958984375,0.082733154296875
s_butterfly_350,resnet50_tl_20250829,8,4,4,164,8.0,168.0,139.23306274414062,139.20529174804688,0.02777099609375
s_butterfly_350,resnet50_tl_20250829,8,4,4,168,8.0,172.0,139.23306274414062,139.13162231445312,0.1014404296875
s_butterfly_350,resnet50_tl_20250829,8,4,4,172,8.0,176.0,139.23306274414062,139.18499755859375,0.048065185546875
s_butterfly_350,resnet50_tl_20250829,8,4,4,176,8.0,180.0,139.23306274414062,139.0700225830078,0.1630401611328125
s_butterfly_350,resnet50_tl_20250829,8,4,4,180,8.0,184.0,139.23306274414062,139.15753173828125,0.075531005859375
s_butterfly_350,resnet50_tl_20250829,8,4,4,184,8.0,188.0,139.23306274414062,139.1614990234375,0.071563720703125
s_butterfly_350,resnet50_tl_20250829,8,4,4,188,8.0,192.0,139.23306274414062,139.2396240234375,-0.006561279296875
s_butterfly_350,resnet50_tl_20250829,8,4,4,192,8.0,196.0,139.23306274414062,139.17584228515625,0.057220458984375
s_butterfly_350,resnet50_tl_20250829,8,4,4,196,8.0,200.0,139.23306274414062,139.22909545898438,0.00396728515625
s_butterfly_350,resnet50_tl_20250829,8,4,4,200,8.0,204.0,139.23306274414062,139.18948364257812,0.0435791015625
s_butterfly_350,resnet50_tl_20250829,8,4,4,204,8.0,208.0,139.23306274414062,139.21096801757812,0.0220947265625
s_butterfly_350,resnet50_tl_20250829,8,4,4,208,8.0,212.0,139.23306274414062,139.12969970703125,0.103363037109375
s_butterfly_350,resnet50_tl_20250829,8,4,4,212,8.0,216.0,139.23306274414062,139.08615112304688,0.14691162109375
s_butterfly_350,resnet50_tl_20250829,8,4,4,216,8.0,220.0,139.23306274414062,139.09393310546875,0.139129638671875
s_butterfly_350,resnet50_tl_20250829,8,4,8,0,12.0,4.0,139.23306274414062,139.20408630371094,0.0289764404296875
s_butterfly_350,resnet50_tl_20250829,8,4,8,4,12.0,8.0,139.23306274414062,139.2683563232422,-0.0352935791015625
s_butterfly_350,resnet50_tl_20250829,8,4,8,8,12.0,12.0,139.23306274414062,139.2737274169922,-0.0406646728515625
s_butterfly_350,resnet50_tl_20250829,8,4,8,12,12.0,16.0,139.23306274414062,139.18875122070312,0.0443115234375
s_butterfly_350,resnet50_tl_20250829,8,4,8,16,12.0,20.0,139.23306274414062,139.0912322998047,0.1418304443359375
s_butterfly_350,resnet50_tl_20250829,8,4,8,20,12.0,24.0,139.23306274414062,139.18067932128906,0.0523834228515625
s_butterfly_350,resnet50_tl_20250829,8,4,8,24,12.0,28.0,139.23306274414062,139.16558837890625,0.067474365234375
s_butterfly_350,resnet50_tl_20250829,8,4,8,28,12.0,32.0,139.23306274414062,139.06752014160156,0.1655426025390625
s_butterfly_350,resnet50_tl_20250829,8,4,8,32,12.0,36.0,139.23306274414062,138.9859161376953,0.2471466064453125
s_butterfly_350,resnet50_tl_20250829,8,4,8,36,12.0,40.0,139.23306274414062,139.07696533203125,0.156097412109375
s_butterfly_350,resnet50_tl_20250829,8,4,8,40,12.0,44.0,139.23306274414062,139.0515899658203,0.1814727783203125
s_butterfly_350,resnet50_tl_20250829,8,4,8,44,12.0,48.0,139.23306274414062,138.9478302001953,0.2852325439453125
s_butterfly_350,resnet50_tl_20250829,8,4,8,48,12.0,52.0,139.23306274414062,138.87632751464844,0.3567352294921875
s_butterfly_350,resnet50_tl_20250829,8,4,8,52,12.0,56.0,139.23306274414062,139.04833984375,0.184722900390625
s_butterfly_350,resnet50_tl_20250829,8,4,8,56,12.0,60.0,139.23306274414062,139.06655883789062,0.16650390625
s_butterfly_350,resnet50_tl_20250829,8,4,8,60,12.0,64.0,139.23306274414062,138.9639129638672,0.2691497802734375
s_butterfly_350,resnet50_tl_20250829,8,4,8,64,12.0,68.0,139.23306274414062,138.87234497070312,0.3607177734375
s_butterfly_350,resnet50_tl_20250829,8,4,8,68,12.0,72.0,139.23306274414062,139.03318786621094,0.1998748779296875
s_butterfly_350,resnet50_tl_20250829,8,4,8,72,12.0,76.0,139.23306274414062,139.0498046875,0.183258056640625
s_butterfly_350,resnet50_tl_20250829,8,4,8,76,12.0,80.0,139.23306274414062,138.93365478515625,0.299407958984375
s_butterfly_350,resnet50_tl_20250829,8,4,8,80,12.0,84.0,139.23306274414062,138.89013671875,0.342926025390625
s_butterfly_350,resnet50_tl_20250829,8,4,8,84,12.0,88.0,139.23306274414062,139.07647705078125,0.156585693359375
s_butterfly_350,resnet50_tl_20250829,8,4,8,88,12.0,92.0,139.23306274414062,139.09603881835938,0.13702392578125
s_butterfly_350,resnet50_tl_20250829,8,4,8,92,12.0,96.0,139.23306274414062,138.99636840820312,0.2366943359375
s_butterfly_350,resnet50_tl_20250829,8,4,8,96,12.0,100.0,139.23306274414062,138.94894409179688,0.28411865234375
s_butterfly_350,resnet50_tl_20250829,8,4,8,100,12.0,104.0,139.23306274414062,139.0747833251953,0.1582794189453125
s_butterfly_350,resnet50_tl_20250829,8,4,8,104,12.0,108.0,139.23306274414062,139.08663940429688,0.14642333984375
s_butterfly_350,resnet50_tl_20250829,8,4,8,108,12.0,112.0,139.23306274414062,138.93663024902344,0.2964324951171875
s_butterfly_350,resnet50_tl_20250829,8,4,8,112,12.0,116.0,139.23306274414062,138.91497802734375,0.318084716796875
s_butterfly_350,resnet50_tl_20250829,8,4,8,116,12.0,120.0,139.23306274414062,139.06239318847656,0.1706695556640625
s_butterfly_350,resnet50_tl_20250829,8,4,8,120,12.0,124.0,139.23306274414062,139.0917205810547,0.1413421630859375
s_butterfly_350,resnet50_tl_20250829,8,4,8,124,12.0,128.0,139.23306274414062,138.9910888671875,0.241973876953125
s_butterfly_350,resnet50_tl_20250829,8,4,8,128,12.0,132.0,139.23306274414062,138.94471740722656,0.2883453369140625
s_butterfly_350,resnet50_tl_20250829,8,4,8,132,12.0,136.0,139.23306274414062,139.08168029785156,0.1513824462890625
s_butterfly_350,resnet50_tl_20250829,8,4,8,136,12.0,140.0,139.23306274414062,139.05152893066406,0.1815338134765625
s_butterfly_350,resnet50_tl_20250829,8,4,8,140,12.0,144.0,139.23306274414062,138.89739990234375,0.335662841796875
s_butterfly_350,resnet50_tl_20250829,8,4,8,144,12.0,148.0,139.23306274414062,138.85133361816406,0.3817291259765625
s_butterfly_350,resnet50_tl_20250829,8,4,8,148,12.0,152.0,139.23306274414062,139.0009307861328,0.2321319580078125
s_butterfly_350,resnet50_tl_20250829,8,4,8,152,12.0,156.0,139.23306274414062,139.02952575683594,0.2035369873046875
s_butterfly_350,resnet50_tl_20250829,8,4,8,156,12.0,160.0,139.23306274414062,138.935302734375,0.297760009765625
s_butterfly_350,resnet50_tl_20250829,8,4,8,160,12.0,164.0,139.23306274414062,138.90061950683594,0.3324432373046875
s_butterfly_350,resnet50_tl_20250829,8,4,8,164,12.0,168.0,139.23306274414062,139.0493621826172,0.1837005615234375
s_butterfly_350,resnet50_tl_20250829,8,4,8,168,12.0,172.0,139.23306274414062,139.0491180419922,0.1839447021484375
s_butterfly_350,resnet50_tl_20250829,8,4,8,172,12.0,176.0,139.23306274414062,138.90533447265625,0.327728271484375
s_butterfly_350,resnet50_tl_20250829,8,4,8,176,12.0,180.0,139.23306274414062,138.8754425048828,0.3576202392578125
s_butterfly_350,resnet50_tl_20250829,8,4,8,180,12.0,184.0,139.23306274414062,139.01702880859375,0.216033935546875
s_butterfly_350,resnet50_tl_20250829,8,4,8,184,12.0,188.0,139.23306274414062,139.09043884277344,0.1426239013671875
s_butterfly_350,resnet50_tl_20250829,8,4,8,188,12.0,192.0,139.23306274414062,139.01902770996094,0.2140350341796875
s_butterfly_350,resnet50_tl_20250829,8,4,8,192,12.0,196.0,139.23306274414062,138.9849853515625,0.248077392578125
s_butterfly_350,resnet50_tl_20250829,8,4,8,196,12.0,200.0,139.23306274414062,139.10362243652344,0.1294403076171875
s_butterfly_350,resnet50_tl_20250829,8,4,8,200,12.0,204.0,139.23306274414062,139.1822052001953,0.0508575439453125
s_butterfly_350,resnet50_tl_20250829,8,4,8,204,12.0,208.0,139.23306274414062,139.12033081054688,0.11273193359375
s_butterfly_350,resnet50_tl_20250829,8,4,8,208,12.0,212.0,139.23306274414062,139.05836486816406,0.1746978759765625
s_butterfly_350,resnet50_tl_20250829,8,4,8,212,12.0,216.0,139.23306274414062,139.0520477294922,0.1810150146484375
s_butterfly_350,resnet50_tl_20250829,8,4,8,216,12.0,220.0,139.23306274414062,139.11187744140625,0.121185302734375
s_butterfly_350,resnet50_tl_20250829,8,4,12,0,16.0,4.0,139.23306274414062,138.6289825439453,0.6040802001953125
s_butterfly_350,resnet50_tl_20250829,8,4,12,4,16.0,8.0,139.23306274414062,139.1036376953125,0.129425048828125
s_butterfly_350,resnet50_tl_20250829,8,4,12,8,16.0,12.0,139.23306274414062,139.2064971923828,0.0265655517578125
s_butterfly_350,resnet50_tl_20250829,8,4,12,12,16.0,16.0,139.23306274414062,138.98545837402344,0.2476043701171875
s_butterfly_350,resnet50_tl_20250829,8,4,12,16,16.0,20.0,139.23306274414062,138.85789489746094,0.3751678466796875
s_butterfly_350,resnet50_tl_20250829,8,4,12,20,16.0,24.0,139.23306274414062,139.04354858398438,0.18951416015625
s_butterfly_350,resnet50_tl_20250829,8,4,12,24,16.0,28.0,139.23306274414062,139.09181213378906,0.1412506103515625
s_butterfly_350,resnet50_tl_20250829,8,4,12,28,16.0,32.0,139.23306274414062,138.85182189941406,0.3812408447265625
s_butterfly_350,resnet50_tl_20250829,8,4,12,32,16.0,36.0,139.23306274414062,138.79107666015625,0.441986083984375
s_butterfly_350,resnet50_tl_20250829,8,4,12,36,16.0,40.0,139.23306274414062,139.07147216796875,0.161590576171875
s_butterfly_350,resnet50_tl_20250829,8,4,12,40,16.0,44.0,139.23306274414062,139.06298828125,0.170074462890625
s_butterfly_350,resnet50_tl_20250829,8,4,12,44,16.0,48.0,139.23306274414062,138.7183837890625,0.514678955078125
s_butterfly_350,resnet50_tl_20250829,8,4,12,48,16.0,52.0,139.23306274414062,138.60755920410156,0.6255035400390625
s_butterfly_350,resnet50_tl_20250829,8,4,12,52,16.0,56.0,139.23306274414062,138.98289489746094,0.2501678466796875
s_butterfly_350,resnet50_tl_20250829,8,4,12,56,16.0,60.0,139.23306274414062,139.05043029785156,0.1826324462890625
s_butterfly_350,resnet50_tl_20250829,8,4,12,60,16.0,64.0,139.23306274414062,138.66278076171875,0.570281982421875
s_butterfly_350,resnet50_tl_20250829,8,4,12,64,16.0,68.0,139.23306274414062,138.611328125,0.621734619140625
s_butterfly_350,resnet50_tl_20250829,8,4,12,68,16.0,72.0,139.23306274414062,138.9774169921875,0.255645751953125
s_butterfly_350,resnet50_tl_20250829,8,4,12,72,16.0,76.0,139.23306274414062,139.05520629882812,0.1778564453125
s_butterfly_350,resnet50_tl_20250829,8,4,12,76,16.0,80.0,139.23306274414062,138.68377685546875,0.549285888671875
s_butterfly_350,resnet50_tl_20250829,8,4,12,80,16.0,84.0,139.23306274414062,138.6215057373047,0.6115570068359375
s_butterfly_350,resnet50_tl_20250829,8,4,12,84,16.0,88.0,139.23306274414062,139.00328063964844,0.2297821044921875
s_butterfly_350,resnet50_tl_20250829,8,4,12,88,16.0,92.0,139.23306274414062,139.10475158691406,0.1283111572265625
s_butterfly_350,resnet50_tl_20250829,8,4,12,92,16.0,96.0,139.23306274414062,138.76258850097656,0.4704742431640625
s_butterfly_350,resnet50_tl_20250829,8,4,12,96,16.0,100.0,139.23306274414062,138.7818145751953,0.4512481689453125
s_butterfly_350,resnet50_tl_20250829,8,4,12,100,16.0,104.0,139.23306274414062,139.08071899414062,0.15234375
s_butterfly_350,resnet50_tl_20250829,8,4,12,104,16.0,108.0,139.23306274414062,139.08624267578125,0.146820068359375
s_butterfly_350,resnet50_tl_20250829,8,4,12,108,16.0,112.0,139.23306274414062,138.7379608154297,0.4951019287109375
s_butterfly_350,resnet50_tl_20250829,8,4,12,112,16.0,116.0,139.23306274414062,138.7322540283203,0.5008087158203125
s_butterfly_350,resnet50_tl_20250829,8,4,12,116,16.0,120.0,139.23306274414062,139.0681610107422,0.1649017333984375
s_butterfly_350,resnet50_tl_20250829,8,4,12,120,16.0,124.0,139.23306274414062,139.11074829101562,0.122314453125
s_butterfly_350,resnet50_tl_20250829,8,4,12,124,16.0,128.0,139.23306274414062,138.7595977783203,0.4734649658203125
s_butterfly_350,resnet50_tl_20250829,8,4,12,128,16.0,132.0,139.23306274414062,138.77377319335938,0.45928955078125
s_butterfly_350,resnet50_tl_20250829,8,4,12,132,16.0,136.0,139.23306274414062,139.09896850585938,0.13409423828125
s_butterfly_350,resnet50_tl_20250829,8,4,12,136,16.0,140.0,139.23306274414062,139.1092071533203,0.1238555908203125
s_butterfly_350,resnet50_tl_20250829,8,4,12,140,16.0,144.0,139.23306274414062,138.75558471679688,0.47747802734375
s_butterfly_350,resnet50_tl_20250829,8,4,12,144,16.0,148.0,139.23306274414062,138.65768432617188,0.57537841796875
s_butterfly_350,resnet50_tl_20250829,8,4,12,148,16.0,152.0,139.23306274414062,139.01246643066406,0.2205963134765625
s_butterfly_350,resnet50_tl_20250829,8,4,12,152,16.0,156.0,139.23306274414062,139.0722198486328,0.1608428955078125
s_butterfly_350,resnet50_tl_20250829,8,4,12,156,16.0,160.0,139.23306274414062,138.71588134765625,0.517181396484375
s_butterfly_350,resnet50_tl_20250829,8,4,12,160,16.0,164.0,139.23306274414062,138.7004852294922,0.5325775146484375
s_butterfly_350,resnet50_tl_20250829,8,4,12,164,16.0,168.0,139.23306274414062,139.07485961914062,0.158203125
s_butterfly_350,resnet50_tl_20250829,8,4,12,168,16.0,172.0,139.23306274414062,139.11978149414062,0.11328125
s_butterfly_350,resnet50_tl_20250829,8,4,12,172,16.0,176.0,139.23306274414062,138.7185821533203,0.5144805908203125
s_butterfly_350,resnet50_tl_20250829,8,4,12,176,16.0,180.0,139.23306274414062,138.69216918945312,0.5408935546875
s_butterfly_350,resnet50_tl_20250829,8,4,12,180,16.0,184.0,139.23306274414062,139.03814697265625,0.194915771484375
s_butterfly_350,resnet50_tl_20250829,8,4,12,184,16.0,188.0,139.23306274414062,139.15512084960938,0.07794189453125
s_butterfly_350,resnet50_tl_20250829,8,4,12,188,16.0,192.0,139.23306274414062,138.7595672607422,0.4734954833984375
s_butterfly_350,resnet50_tl_20250829,8,4,12,192,16.0,196.0,139.23306274414062,138.8056182861328,0.4274444580078125
s_butterfly_350,resnet50_tl_20250829,8,4,12,196,16.0,200.0,139.23306274414062,139.07672119140625,0.156341552734375
s_butterfly_350,resnet50_tl_20250829,8,4,12,200,16.0,204.0,139.23306274414062,139.2088623046875,0.024200439453125
s_butterfly_350,resnet50_tl_20250829,8,4,12,204,16.0,208.0,139.23306274414062,139.0074920654297,0.2255706787109375
s_butterfly_350,resnet50_tl_20250829,8,4,12,208,16.0,212.0,139.23306274414062,138.97543334960938,0.25762939453125
s_butterfly_350,resnet50_tl_20250829,8,4,12,212,16.0,216.0,139.23306274414062,139.04893493652344,0.1841278076171875
s_butterfly_350,resnet50_tl_20250829,8,4,12,216,16.0,220.0,139.23306274414062,139.10867309570312,0.1243896484375
s_butterfly_350,resnet50_tl_20250829,8,4,16,0,20.0,4.0,139.23306274414062,138.69430541992188,0.53875732421875
s_butterfly_350,resnet50_tl_20250829,8,4,16,4,20.0,8.0,139.23306274414062,138.95152282714844,0.2815399169921875
s_butterfly_350,resnet50_tl_20250829,8,4,16,8,20.0,12.0,139.23306274414062,139.1426544189453,0.0904083251953125
s_butterfly_350,resnet50_tl_20250829,8,4,16,12,20.0,16.0,139.23306274414062,138.87620544433594,0.3568572998046875
s_butterfly_350,resnet50_tl_20250829,8,4,16,16,20.0,20.0,139.23306274414062,138.8404998779297,0.3925628662109375
s_butterfly_350,resnet50_tl_20250829,8,4,16,20,20.0,24.0,139.23306274414062,138.88491821289062,0.34814453125
s_butterfly_350,resnet50_tl_20250829,8,4,16,24,20.0,28.0,139.23306274414062,139.0185089111328,0.2145538330078125
s_butterfly_350,resnet50_tl_20250829,8,4,16,28,20.0,32.0,139.23306274414062,138.7551727294922,0.4778900146484375
s_butterfly_350,resnet50_tl_20250829,8,4,16,32,20.0,36.0,139.23306274414062,138.79815673828125,0.434906005859375
s_butterfly_350,resnet50_tl_20250829,8,4,16,36,20.0,40.0,139.23306274414062,138.927978515625,0.305084228515625
s_butterfly_350,resnet50_tl_20250829,8,4,16,40,20.0,44.0,139.23306274414062,139.02076721191406,0.2122955322265625
s_butterfly_350,resnet50_tl_20250829,8,4,16,44,20.0,48.0,139.23306274414062,138.6363525390625,0.596710205078125
s_butterfly_350,resnet50_tl_20250829,8,4,16,48,20.0,52.0,139.23306274414062,138.6745147705078,0.5585479736328125
s_butterfly_350,resnet50_tl_20250829,8,4,16,52,20.0,56.0,139.23306274414062,138.85430908203125,0.378753662109375
s_butterfly_350,resnet50_tl_20250829,8,4,16,56,20.0,60.0,139.23306274414062,139.02655029296875,0.206512451171875
s_butterfly_350,resnet50_tl_20250829,8,4,16,60,20.0,64.0,139.23306274414062,138.6445770263672,0.5884857177734375
s_butterfly_350,resnet50_tl_20250829,8,4,16,64,20.0,68.0,139.23306274414062,138.6929473876953,0.5401153564453125
s_butterfly_350,resnet50_tl_20250829,8,4,16,68,20.0,72.0,139.23306274414062,138.95314025878906,0.2799224853515625
s_butterfly_350,resnet50_tl_20250829,8,4,16,72,20.0,76.0,139.23306274414062,139.087158203125,0.145904541015625
s_butterfly_350,resnet50_tl_20250829,8,4,16,76,20.0,80.0,139.23306274414062,138.68582153320312,0.5472412109375
s_butterfly_350,resnet50_tl_20250829,8,4,16,80,20.0,84.0,139.23306274414062,138.71583557128906,0.5172271728515625
s_butterfly_350,resnet50_tl_20250829,8,4,16,84,20.0,88.0,139.23306274414062,138.8789520263672,0.3541107177734375
s_butterfly_350,resnet50_tl_20250829,8,4,16,88,20.0,92.0,139.23306274414062,139.10922241210938,0.12384033203125
s_butterfly_350,resnet50_tl_20250829,8,4,16,92,20.0,96.0,139.23306274414062,138.79930114746094,0.4337615966796875
s_butterfly_350,resnet50_tl_20250829,8,4,16,96,20.0,100.0,139.23306274414062,138.86007690429688,0.37298583984375
s_butterfly_350,resnet50_tl_20250829,8,4,16,100,20.0,104.0,139.23306274414062,138.9872283935547,0.2458343505859375
s_butterfly_350,resnet50_tl_20250829,8,4,16,104,20.0,108.0,139.23306274414062,139.08180236816406,0.1512603759765625
s_butterfly_350,resnet50_tl_20250829,8,4,16,108,20.0,112.0,139.23306274414062,138.7359619140625,0.497100830078125
s_butterfly_350,resnet50_tl_20250829,8,4,16,112,20.0,116.0,139.23306274414062,138.81503295898438,0.41802978515625
s_butterfly_350,resnet50_tl_20250829,8,4,16,116,20.0,120.0,139.23306274414062,138.98561096191406,0.2474517822265625
s_butterfly_350,resnet50_tl_20250829,8,4,16,120,20.0,124.0,139.23306274414062,139.09388732910156,0.1391754150390625
s_butterfly_350,resnet50_tl_20250829,8,4,16,124,20.0,128.0,139.23306274414062,138.7628173828125,0.470245361328125
s_butterfly_350,resnet50_tl_20250829,8,4,16,128,20.0,132.0,139.23306274414062,138.8242950439453,0.4087677001953125
s_butterfly_350,resnet50_tl_20250829,8,4,16,132,20.0,136.0,139.23306274414062,138.96035766601562,0.272705078125
s_butterfly_350,resnet50_tl_20250829,8,4,16,136,20.0,140.0,139.23306274414062,139.08868408203125,0.144378662109375
s_butterfly_350,resnet50_tl_20250829,8,4,16,140,20.0,144.0,139.23306274414062,138.7320098876953,0.5010528564453125
s_butterfly_350,resnet50_tl_20250829,8,4,16,144,20.0,148.0,139.23306274414062,138.70986938476562,0.523193359375
s_butterfly_350,resnet50_tl_20250829,8,4,16,148,20.0,152.0,139.23306274414062,138.85110473632812,0.3819580078125
s_butterfly_350,resnet50_tl_20250829,8,4,16,152,20.0,156.0,139.23306274414062,139.04310607910156,0.1899566650390625
s_butterfly_350,resnet50_tl_20250829,8,4,16,156,20.0,160.0,139.23306274414062,138.6846160888672,0.5484466552734375
s_butterfly_350,resnet50_tl_20250829,8,4,16,160,20.0,164.0,139.23306274414062,138.7332000732422,0.4998626708984375
s_butterfly_350,resnet50_tl_20250829,8,4,16,164,20.0,168.0,139.23306274414062,138.92340087890625,0.309661865234375
s_butterfly_350,resnet50_tl_20250829,8,4,16,168,20.0,172.0,139.23306274414062,139.09619140625,0.136871337890625
s_butterfly_350,resnet50_tl_20250829,8,4,16,172,20.0,176.0,139.23306274414062,138.70249938964844,0.5305633544921875
s_butterfly_350,resnet50_tl_20250829,8,4,16,176,20.0,180.0,139.23306274414062,138.7498779296875,0.483184814453125
s_butterfly_350,resnet50_tl_20250829,8,4,16,180,20.0,184.0,139.23306274414062,138.91554260253906,0.3175201416015625
s_butterfly_350,resnet50_tl_20250829,8,4,16,184,20.0,188.0,139.23306274414062,139.12103271484375,0.112030029296875
s_butterfly_350,resnet50_tl_20250829,8,4,16,188,20.0,192.0,139.23306274414062,138.802001953125,0.431060791015625
s_butterfly_350,resnet50_tl_20250829,8,4,16,192,20.0,196.0,139.23306274414062,138.8532257080078,0.3798370361328125
s_butterfly_350,resnet50_tl_20250829,8,4,16,196,20.0,200.0,139.23306274414062,138.98858642578125,0.244476318359375
s_butterfly_350,resnet50_tl_20250829,8,4,16,200,20.0,204.0,139.23306274414062,139.14671325683594,0.0863494873046875
s_butterfly_350,resnet50_tl_20250829,8,4,16,204,20.0,208.0,139.23306274414062,138.98004150390625,0.253021240234375
s_butterfly_350,resnet50_tl_20250829,8,4,16,208,20.0,212.0,139.23306274414062,139.00460815429688,0.22845458984375
s_butterfly_350,resnet50_tl_20250829,8,4,16,212,20.0,216.0,139.23306274414062,139.01881408691406,0.2142486572265625
s_butterfly_350,resnet50_tl_20250829,8,4,16,216,20.0,220.0,139.23306274414062,139.09051513671875,0.142547607421875
s_butterfly_350,resnet50_tl_20250829,8,4,20,0,24.0,4.0,139.23306274414062,139.1273193359375,0.105743408203125
s_butterfly_350,resnet50_tl_20250829,8,4,20,4,24.0,8.0,139.23306274414062,139.1166534423828,0.1164093017578125
s_butterfly_350,resnet50_tl_20250829,8,4,20,8,24.0,12.0,139.23306274414062,139.2190399169922,0.0140228271484375
s_butterfly_350,resnet50_tl_20250829,8,4,20,12,24.0,16.0,139.23306274414062,139.18870544433594,0.0443572998046875
s_butterfly_350,resnet50_tl_20250829,8,4,20,16,24.0,20.0,139.23306274414062,139.11962890625,0.113433837890625
s_butterfly_350,resnet50_tl_20250829,8,4,20,20,24.0,24.0,139.23306274414062,139.12167358398438,0.11138916015625
s_butterfly_350,resnet50_tl_20250829,8,4,20,24,24.0,28.0,139.23306274414062,139.10479736328125,0.128265380859375
s_butterfly_350,resnet50_tl_20250829,8,4,20,28,24.0,32.0,139.23306274414062,139.12388610839844,0.1091766357421875
s_butterfly_350,resnet50_tl_20250829,8,4,20,32,24.0,36.0,139.23306274414062,139.1105499267578,0.1225128173828125
s_butterfly_350,resnet50_tl_20250829,8,4,20,36,24.0,40.0,139.23306274414062,139.15130615234375,0.081756591796875
s_butterfly_350,resnet50_tl_20250829,8,4,20,40,24.0,44.0,139.23306274414062,139.05841064453125,0.174652099609375
s_butterfly_350,resnet50_tl_20250829,8,4,20,44,24.0,48.0,139.23306274414062,139.06521606445312,0.1678466796875
s_butterfly_350,resnet50_tl_20250829,8,4,20,48,24.0,52.0,139.23306274414062,139.0547332763672,0.1783294677734375
s_butterfly_350,resnet50_tl_20250829,8,4,20,52,24.0,56.0,139.23306274414062,139.09298706054688,0.14007568359375
s_butterfly_350,resnet50_tl_20250829,8,4,20,56,24.0,60.0,139.23306274414062,139.04788208007812,0.1851806640625
s_butterfly_350,resnet50_tl_20250829,8,4,20,60,24.0,64.0,139.23306274414062,139.03652954101562,0.196533203125
s_butterfly_350,resnet50_tl_20250829,8,4,20,64,24.0,68.0,139.23306274414062,139.08651733398438,0.14654541015625
s_butterfly_350,resnet50_tl_20250829,8,4,20,68,24.0,72.0,139.23306274414062,139.22320556640625,0.009857177734375
s_butterfly_350,resnet50_tl_20250829,8,4,20,72,24.0,76.0,139.23306274414062,139.13832092285156,0.0947418212890625
s_butterfly_350,resnet50_tl_20250829,8,4,20,76,24.0,80.0,139.23306274414062,138.98275756835938,0.25030517578125
s_butterfly_350,resnet50_tl_20250829,8,4,20,80,24.0,84.0,139.23306274414062,138.98760986328125,0.245452880859375
s_butterfly_350,resnet50_tl_20250829,8,4,20,84,24.0,88.0,139.23306274414062,139.07090759277344,0.1621551513671875
s_butterfly_350,resnet50_tl_20250829,8,4,20,88,24.0,92.0,139.23306274414062,139.0612030029297,0.1718597412109375
s_butterfly_350,resnet50_tl_20250829,8,4,20,92,24.0,96.0,139.23306274414062,139.1771697998047,0.0558929443359375
s_butterfly_350,resnet50_tl_20250829,8,4,20,96,24.0,100.0,139.23306274414062,139.17539978027344,0.0576629638671875
s_butterfly_350,resnet50_tl_20250829,8,4,20,100,24.0,104.0,139.23306274414062,139.2029266357422,0.0301361083984375
s_butterfly_350,resnet50_tl_20250829,8,4,20,104,24.0,108.0,139.23306274414062,139.0890350341797,0.1440277099609375
s_butterfly_350,resnet50_tl_20250829,8,4,20,108,24.0,112.0,139.23306274414062,139.0614471435547,0.1716156005859375
s_butterfly_350,resnet50_tl_20250829,8,4,20,112,24.0,116.0,139.23306274414062,139.09378051757812,0.1392822265625
s_butterfly_350,resnet50_tl_20250829,8,4,20,116,24.0,120.0,139.23306274414062,139.0901641845703,0.1428985595703125
s_butterfly_350,resnet50_tl_20250829,8,4,20,120,24.0,124.0,139.23306274414062,139.103759765625,0.129302978515625
s_butterfly_350,resnet50_tl_20250829,8,4,20,124,24.0,128.0,139.23306274414062,139.09169006347656,0.1413726806640625
s_butterfly_350,resnet50_tl_20250829,8,4,20,128,24.0,132.0,139.23306274414062,139.08106994628906,0.1519927978515625
s_butterfly_350,resnet50_tl_20250829,8,4,20,132,24.0,136.0,139.23306274414062,139.07070922851562,0.162353515625
s_butterfly_350,resnet50_tl_20250829,8,4,20,136,24.0,140.0,139.23306274414062,139.06692504882812,0.1661376953125
s_butterfly_350,resnet50_tl_20250829,8,4,20,140,24.0,144.0,139.23306274414062,139.09860229492188,0.13446044921875
s_butterfly_350,resnet50_tl_20250829,8,4,20,144,24.0,148.0,139.23306274414062,139.01162719726562,0.221435546875
s_butterfly_350,resnet50_tl_20250829,8,4,20,148,24.0,152.0,139.23306274414062,139.0829315185547,0.1501312255859375
s_butterfly_350,resnet50_tl_20250829,8,4,20,152,24.0,156.0,139.23306274414062,139.06434631347656,0.1687164306640625
s_butterfly_350,resnet50_tl_20250829,8,4,20,156,24.0,160.0,139.23306274414062,139.09463500976562,0.138427734375
s_butterfly_350,resnet50_tl_20250829,8,4,20,160,24.0,164.0,139.23306274414062,139.11302185058594,0.1200408935546875
s_butterfly_350,resnet50_tl_20250829,8,4,20,164,24.0,168.0,139.23306274414062,139.18316650390625,0.049896240234375
s_butterfly_350,resnet50_tl_20250829,8,4,20,168,24.0,172.0,139.23306274414062,139.14373779296875,0.089324951171875
s_butterfly_350,resnet50_tl_20250829,8,4,20,172,24.0,176.0,139.23306274414062,139.15249633789062,0.08056640625
s_butterfly_350,resnet50_tl_20250829,8,4,20,176,24.0,180.0,139.23306274414062,139.18028259277344,0.0527801513671875
s_butterfly_350,resnet50_tl_20250829,8,4,20,180,24.0,184.0,139.23306274414062,139.1739501953125,0.059112548828125
s_butterfly_350,resnet50_tl_20250829,8,4,20,184,24.0,188.0,139.23306274414062,139.1768798828125,0.056182861328125
s_butterfly_350,resnet50_tl_20250829,8,4,20,188,24.0,192.0,139.23306274414062,139.18185424804688,0.05120849609375
s_butterfly_350,resnet50_tl_20250829,8,4,20,192,24.0,196.0,139.23306274414062,139.27230834960938,-0.03924560546875
s_butterfly_350,resnet50_tl_20250829,8,4,20,196,24.0,200.0,139.23306274414062,139.216552734375,0.016510009765625
s_butterfly_350,resnet50_tl_20250829,8,4,20,200,24.0,204.0,139.23306274414062,139.1765899658203,0.0564727783203125
s_butterfly_350,resnet50_tl_20250829,8,4,20,204,24.0,208.0,139.23306274414062,139.24282836914062,-0.009765625
s_butterfly_350,resnet50_tl_20250829,8,4,20,208,24.0,212.0,139.23306274414062,139.2769775390625,-0.043914794921875
s_butterfly_350,resnet50_tl_20250829,8,4,20,212,24.0,216.0,139.23306274414062,139.1607208251953,0.0723419189453125
s_butterfly_350,resnet50_tl_20250829,8,4,20,216,24.0,220.0,139.23306274414062,139.08584594726562,0.147216796875
s_butterfly_350,resnet50_tl_20250829,8,4,24,0,28.0,4.0,139.23306274414062,138.8853302001953,0.3477325439453125
s_butterfly_350,resnet50_tl_20250829,8,4,24,4,28.0,8.0,139.23306274414062,139.01126098632812,0.2218017578125
s_butterfly_350,resnet50_tl_20250829,8,4,24,8,28.0,12.0,139.23306274414062,139.1090545654297,0.1240081787109375
s_butterfly_350,resnet50_tl_20250829,8,4,24,12,28.0,16.0,139.23306274414062,138.92845153808594,0.3046112060546875
s_butterfly_350,resnet50_tl_20250829,8,4,24,16,28.0,20.0,139.23306274414062,138.89788818359375,0.335174560546875
s_butterfly_350,resnet50_tl_20250829,8,4,24,20,28.0,24.0,139.23306274414062,138.9335479736328,0.2995147705078125
s_butterfly_350,resnet50_tl_20250829,8,4,24,24,28.0,28.0,139.23306274414062,138.96011352539062,0.27294921875
s_butterfly_350,resnet50_tl_20250829,8,4,24,28,28.0,32.0,139.23306274414062,138.75686645507812,0.4761962890625
s_butterfly_350,resnet50_tl_20250829,8,4,24,32,28.0,36.0,139.23306274414062,138.78370666503906,0.4493560791015625
s_butterfly_350,resnet50_tl_20250829,8,4,24,36,28.0,40.0,139.23306274414062,138.89395141601562,0.339111328125
s_butterfly_350,resnet50_tl_20250829,8,4,24,40,28.0,44.0,139.23306274414062,138.93809509277344,0.2949676513671875
s_butterfly_350,resnet50_tl_20250829,8,4,24,44,28.0,48.0,139.23306274414062,138.72874450683594,0.5043182373046875
s_butterfly_350,resnet50_tl_20250829,8,4,24,48,28.0,52.0,139.23306274414062,138.78273010253906,0.4503326416015625
s_butterfly_350,resnet50_tl_20250829,8,4,24,52,28.0,56.0,139.23306274414062,138.84967041015625,0.383392333984375
s_butterfly_350,resnet50_tl_20250829,8,4,24,56,28.0,60.0,139.23306274414062,138.9966583251953,0.2364044189453125
s_butterfly_350,resnet50_tl_20250829,8,4,24,60,28.0,64.0,139.23306274414062,138.78189086914062,0.451171875
s_butterfly_350,resnet50_tl_20250829,8,4,24,64,28.0,68.0,139.23306274414062,138.90036010742188,0.33270263671875
s_butterfly_350,resnet50_tl_20250829,8,4,24,68,28.0,72.0,139.23306274414062,139.0150146484375,0.218048095703125
s_butterfly_350,resnet50_tl_20250829,8,4,24,72,28.0,76.0,139.23306274414062,139.143310546875,0.089752197265625
s_butterfly_350,resnet50_tl_20250829,8,4,24,76,28.0,80.0,139.23306274414062,139.09925842285156,0.1338043212890625
s_butterfly_350,resnet50_tl_20250829,8,4,24,80,28.0,84.0,139.23306274414062,139.03384399414062,0.19921875
s_butterfly_350,resnet50_tl_20250829,8,4,24,84,28.0,88.0,139.23306274414062,138.8770294189453,0.3560333251953125
s_butterfly_350,resnet50_tl_20250829,8,4,24,88,28.0,92.0,139.23306274414062,138.91976928710938,0.31329345703125
s_butterfly_350,resnet50_tl_20250829,8,4,24,92,28.0,96.0,139.23306274414062,138.84864807128906,0.3844146728515625
s_butterfly_350,resnet50_tl_20250829,8,4,24,96,28.0,100.0,139.23306274414062,138.8896942138672,0.3433685302734375
s_butterfly_350,resnet50_tl_20250829,8,4,24,100,28.0,104.0,139.23306274414062,138.97291564941406,0.2601470947265625
s_butterfly_350,resnet50_tl_20250829,8,4,24,104,28.0,108.0,139.23306274414062,139.01605224609375,0.217010498046875
s_butterfly_350,resnet50_tl_20250829,8,4,24,108,28.0,112.0,139.23306274414062,138.83355712890625,0.399505615234375
s_butterfly_350,resnet50_tl_20250829,8,4,24,112,28.0,116.0,139.23306274414062,138.85586547851562,0.377197265625
s_butterfly_350,resnet50_tl_20250829,8,4,24,116,28.0,120.0,139.23306274414062,138.91343688964844,0.3196258544921875
s_butterfly_350,resnet50_tl_20250829,8,4,24,120,28.0,124.0,139.23306274414062,138.9888458251953,0.2442169189453125
s_butterfly_350,resnet50_tl_20250829,8,4,24,124,28.0,128.0,139.23306274414062,138.9104461669922,0.3226165771484375
s_butterfly_350,resnet50_tl_20250829,8,4,24,128,28.0,132.0,139.23306274414062,138.8431396484375,0.389923095703125
s_butterfly_350,resnet50_tl_20250829,8,4,24,132,28.0,136.0,139.23306274414062,138.9017791748047,0.3312835693359375
s_butterfly_350,resnet50_tl_20250829,8,4,24,136,28.0,140.0,139.23306274414062,138.90902709960938,0.32403564453125
s_butterfly_350,resnet50_tl_20250829,8,4,24,140,28.0,144.0,139.23306274414062,138.76316833496094,0.4698944091796875
s_butterfly_350,resnet50_tl_20250829,8,4,24,144,28.0,148.0,139.23306274414062,138.74111938476562,0.491943359375
s_butterfly_350,resnet50_tl_20250829,8,4,24,148,28.0,152.0,139.23306274414062,138.84426879882812,0.3887939453125
s_butterfly_350,resnet50_tl_20250829,8,4,24,152,28.0,156.0,139.23306274414062,138.95565795898438,0.27740478515625
s_butterfly_350,resnet50_tl_20250829,8,4,24,156,28.0,160.0,139.23306274414062,138.72715759277344,0.5059051513671875
s_butterfly_350,resnet50_tl_20250829,8,4,24,160,28.0,164.0,139.23306274414062,138.8014678955078,0.4315948486328125
s_butterfly_350,resnet50_tl_20250829,8,4,24,164,28.0,168.0,139.23306274414062,138.8999786376953,0.3330841064453125
s_butterfly_350,resnet50_tl_20250829,8,4,24,168,28.0,172.0,139.23306274414062,139.07720947265625,0.155853271484375
s_butterfly_350,resnet50_tl_20250829,8,4,24,172,28.0,176.0,139.23306274414062,138.92144775390625,0.311614990234375
s_butterfly_350,resnet50_tl_20250829,8,4,24,176,28.0,180.0,139.23306274414062,138.9787139892578,0.2543487548828125
s_butterfly_350,resnet50_tl_20250829,8,4,24,180,28.0,184.0,139.23306274414062,138.98074340820312,0.2523193359375
s_butterfly_350,resnet50_tl_20250829,8,4,24,184,28.0,188.0,139.23306274414062,139.18763732910156,0.0454254150390625
s_butterfly_350,resnet50_tl_20250829,8,4,24,188,28.0,192.0,139.23306274414062,139.0732421875,0.159820556640625
s_butterfly_350,resnet50_tl_20250829,8,4,24,192,28.0,196.0,139.23306274414062,139.16812133789062,0.06494140625
s_butterfly_350,resnet50_tl_20250829,8,4,24,196,28.0,200.0,139.23306274414062,139.09466552734375,0.138397216796875
s_butterfly_350,resnet50_tl_20250829,8,4,24,200,28.0,204.0,139.23306274414062,139.20640563964844,0.0266571044921875
s_butterfly_350,resnet50_tl_20250829,8,4,24,204,28.0,208.0,139.23306274414062,139.21922302246094,0.0138397216796875
s_butterfly_350,resnet50_tl_20250829,8,4,24,208,28.0,212.0,139.23306274414062,139.24288940429688,-0.00982666015625
s_butterfly_350,resnet50_tl_20250829,8,4,24,212,28.0,216.0,139.23306274414062,139.10916137695312,0.1239013671875
s_butterfly_350,resnet50_tl_20250829,8,4,24,216,28.0,220.0,139.23306274414062,139.0984649658203,0.1345977783203125
s_butterfly_350,resnet50_tl_20250829,8,4,28,0,32.0,4.0,139.23306274414062,138.43972778320312,0.7933349609375
s_butterfly_350,resnet50_tl_20250829,8,4,28,4,32.0,8.0,139.23306274414062,139.02088928222656,0.2121734619140625
s_butterfly_350,resnet50_tl_20250829,8,4,28,8,32.0,12.0,139.23306274414062,139.12916564941406,0.1038970947265625
s_butterfly_350,resnet50_tl_20250829,8,4,28,12,32.0,16.0,139.23306274414062,138.70510864257812,0.5279541015625
s_butterfly_350,resnet50_tl_20250829,8,4,28,16,32.0,20.0,139.23306274414062,138.676513671875,0.556549072265625
s_butterfly_350,resnet50_tl_20250829,8,4,28,20,32.0,24.0,139.23306274414062,139.0540008544922,0.1790618896484375
s_butterfly_350,resnet50_tl_20250829,8,4,28,24,32.0,28.0,139.23306274414062,139.05499267578125,0.178070068359375
s_butterfly_350,resnet50_tl_20250829,8,4,28,28,32.0,32.0,139.23306274414062,138.41188049316406,0.8211822509765625
s_butterfly_350,resnet50_tl_20250829,8,4,28,32,32.0,36.0,139.23306274414062,138.44866943359375,0.784393310546875
s_butterfly_350,resnet50_tl_20250829,8,4,28,36,32.0,40.0,139.23306274414062,138.9232177734375,0.309844970703125
s_butterfly_350,resnet50_tl_20250829,8,4,28,40,32.0,44.0,139.23306274414062,138.977783203125,0.255279541015625
s_butterfly_350,resnet50_tl_20250829,8,4,28,44,32.0,48.0,139.23306274414062,138.5525360107422,0.6805267333984375
s_butterfly_350,resnet50_tl_20250829,8,4,28,48,32.0,52.0,139.23306274414062,138.5888214111328,0.6442413330078125
s_butterfly_350,resnet50_tl_20250829,8,4,28,52,32.0,56.0,139.23306274414062,138.9564666748047,0.2765960693359375
s_butterfly_350,resnet50_tl_20250829,8,4,28,56,32.0,60.0,139.23306274414062,139.0991973876953,0.1338653564453125
s_butterfly_350,resnet50_tl_20250829,8,4,28,60,32.0,64.0,139.23306274414062,138.541259765625,0.691802978515625
s_butterfly_350,resnet50_tl_20250829,8,4,28,64,32.0,68.0,139.23306274414062,138.63417053222656,0.5988922119140625
s_butterfly_350,resnet50_tl_20250829,8,4,28,68,32.0,72.0,139.23306274414062,139.00926208496094,0.2238006591796875
s_butterfly_350,resnet50_tl_20250829,8,4,28,72,32.0,76.0,139.23306274414062,139.10549926757812,0.1275634765625
s_butterfly_350,resnet50_tl_20250829,8,4,28,76,32.0,80.0,139.23306274414062,138.8525848388672,0.3804779052734375
s_butterfly_350,resnet50_tl_20250829,8,4,28,80,32.0,84.0,139.23306274414062,139.0304412841797,0.2026214599609375
s_butterfly_350,resnet50_tl_20250829,8,4,28,84,32.0,88.0,139.23306274414062,139.10546875,0.127593994140625
s_butterfly_350,resnet50_tl_20250829,8,4,28,88,32.0,92.0,139.23306274414062,138.94644165039062,0.28662109375
s_butterfly_350,resnet50_tl_20250829,8,4,28,92,32.0,96.0,139.23306274414062,138.52064514160156,0.7124176025390625
s_butterfly_350,resnet50_tl_20250829,8,4,28,96,32.0,100.0,139.23306274414062,138.53427124023438,0.69879150390625
s_butterfly_350,resnet50_tl_20250829,8,4,28,100,32.0,104.0,139.23306274414062,139.07376098632812,0.1593017578125
s_butterfly_350,resnet50_tl_20250829,8,4,28,104,32.0,108.0,139.23306274414062,139.11502075195312,0.1180419921875
s_butterfly_350,resnet50_tl_20250829,8,4,28,108,32.0,112.0,139.23306274414062,138.7297821044922,0.5032806396484375
s_butterfly_350,resnet50_tl_20250829,8,4,28,112,32.0,116.0,139.23306274414062,138.63250732421875,0.600555419921875
s_butterfly_350,resnet50_tl_20250829,8,4,28,116,32.0,120.0,139.23306274414062,139.05941772460938,0.17364501953125
s_butterfly_350,resnet50_tl_20250829,8,4,28,120,32.0,124.0,139.23306274414062,139.35374450683594,-0.1206817626953125
s_butterfly_350,resnet50_tl_20250829,8,4,28,124,32.0,128.0,139.23306274414062,139.07371520996094,0.1593475341796875
s_butterfly_350,resnet50_tl_20250829,8,4,28,128,32.0,132.0,139.23306274414062,138.75747680664062,0.4755859375
s_butterfly_350,resnet50_tl_20250829,8,4,28,132,32.0,136.0,139.23306274414062,139.16879272460938,0.06427001953125
s_butterfly_350,resnet50_tl_20250829,8,4,28,136,32.0,140.0,139.23306274414062,139.0251922607422,0.2078704833984375
s_butterfly_350,resnet50_tl_20250829,8,4,28,140,32.0,144.0,139.23306274414062,138.5924835205078,0.6405792236328125
s_butterfly_350,resnet50_tl_20250829,8,4,28,144,32.0,148.0,139.23306274414062,138.5129852294922,0.7200775146484375
s_butterfly_350,resnet50_tl_20250829,8,4,28,148,32.0,152.0,139.23306274414062,138.95567321777344,0.2773895263671875
s_butterfly_350,resnet50_tl_20250829,8,4,28,152,32.0,156.0,139.23306274414062,139.062255859375,0.170806884765625
s_butterfly_350,resnet50_tl_20250829,8,4,28,156,32.0,160.0,139.23306274414062,138.42913818359375,0.803924560546875
s_butterfly_350,resnet50_tl_20250829,8,4,28,160,32.0,164.0,139.23306274414062,138.48284912109375,0.750213623046875
s_butterfly_350,resnet50_tl_20250829,8,4,28,164,32.0,168.0,139.23306274414062,138.9373779296875,0.295684814453125
s_butterfly_350,resnet50_tl_20250829,8,4,28,168,32.0,172.0,139.23306274414062,139.07937622070312,0.1536865234375
s_butterfly_350,resnet50_tl_20250829,8,4,28,172,32.0,176.0,139.23306274414062,138.70628356933594,0.5267791748046875
s_butterfly_350,resnet50_tl_20250829,8,4,28,176,32.0,180.0,139.23306274414062,138.75790405273438,0.47515869140625
s_butterfly_350,resnet50_tl_20250829,8,4,28,180,32.0,184.0,139.23306274414062,139.04443359375,0.188629150390625
s_butterfly_350,resnet50_tl_20250829,8,4,28,184,32.0,188.0,139.23306274414062,139.2662353515625,-0.033172607421875
s_butterfly_350,resnet50_tl_20250829,8,4,28,188,32.0,192.0,139.23306274414062,138.8802947998047,0.3527679443359375
s_butterfly_350,resnet50_tl_20250829,8,4,28,192,32.0,196.0,139.23306274414062,138.99432373046875,0.238739013671875
s_butterfly_350,resnet50_tl_20250829,8,4,28,196,32.0,200.0,139.23306274414062,139.1446533203125,0.088409423828125
s_butterfly_350,resnet50_tl_20250829,8,4,28,200,32.0,204.0,139.23306274414062,139.3126983642578,-0.0796356201171875
s_butterfly_350,resnet50_tl_20250829,8,4,28,204,32.0,208.0,139.23306274414062,139.23216247558594,0.0009002685546875
s_butterfly_350,resnet50_tl_20250829,8,4,28,208,32.0,212.0,139.23306274414062,139.173095703125,0.059967041015625
s_butterfly_350,resnet50_tl_20250829,8,4,28,212,32.0,216.0,139.23306274414062,139.1329803466797,0.1000823974609375
s_butterfly_350,resnet50_tl_20250829,8,4,28,216,32.0,220.0,139.23306274414062,139.13754272460938,0.09552001953125
s_butterfly_350,resnet50_tl_20250829,8,4,32,0,36.0,4.0,139.23306274414062,138.61398315429688,0.61907958984375
s_butterfly_350,resnet50_tl_20250829,8,4,32,4,36.0,8.0,139.23306274414062,139.0057373046875,0.227325439453125
s_butterfly_350,resnet50_tl_20250829,8,4,32,8,36.0,12.0,139.23306274414062,139.18650817871094,0.0465545654296875
s_butterfly_350,resnet50_tl_20250829,8,4,32,12,36.0,16.0,139.23306274414062,138.73976135253906,0.4933013916015625
s_butterfly_350,resnet50_tl_20250829,8,4,32,16,36.0,20.0,139.23306274414062,138.71815490722656,0.5149078369140625
s_butterfly_350,resnet50_tl_20250829,8,4,32,20,36.0,24.0,139.23306274414062,138.9677276611328,0.2653350830078125
s_butterfly_350,resnet50_tl_20250829,8,4,32,24,36.0,28.0,139.23306274414062,139.09120178222656,0.1418609619140625
s_butterfly_350,resnet50_tl_20250829,8,4,32,28,36.0,32.0,139.23306274414062,138.55841064453125,0.674652099609375
s_butterfly_350,resnet50_tl_20250829,8,4,32,32,36.0,36.0,139.23306274414062,138.62139892578125,0.611663818359375
s_butterfly_350,resnet50_tl_20250829,8,4,32,36,36.0,40.0,139.23306274414062,138.96484375,0.268218994140625
s_butterfly_350,resnet50_tl_20250829,8,4,32,40,36.0,44.0,139.23306274414062,139.08921813964844,0.1438446044921875
s_butterfly_350,resnet50_tl_20250829,8,4,32,44,36.0,48.0,139.23306274414062,138.59962463378906,0.6334381103515625
s_butterfly_350,resnet50_tl_20250829,8,4,32,48,36.0,52.0,139.23306274414062,138.66490173339844,0.5681610107421875
s_butterfly_350,resnet50_tl_20250829,8,4,32,52,36.0,56.0,139.23306274414062,138.87994384765625,0.353118896484375
s_butterfly_350,resnet50_tl_20250829,8,4,32,56,36.0,60.0,139.23306274414062,139.04830932617188,0.18475341796875
s_butterfly_350,resnet50_tl_20250829,8,4,32,60,36.0,64.0,139.23306274414062,138.57025146484375,0.662811279296875
s_butterfly_350,resnet50_tl_20250829,8,4,32,64,36.0,68.0,139.23306274414062,138.68971252441406,0.5433502197265625
s_butterfly_350,resnet50_tl_20250829,8,4,32,68,36.0,72.0,139.23306274414062,138.86837768554688,0.36468505859375
s_butterfly_350,resnet50_tl_20250829,8,4,32,72,36.0,76.0,139.23306274414062,139.15272521972656,0.0803375244140625
s_butterfly_350,resnet50_tl_20250829,8,4,32,76,36.0,80.0,139.23306274414062,138.89930725097656,0.3337554931640625
s_butterfly_350,resnet50_tl_20250829,8,4,32,80,36.0,84.0,139.23306274414062,138.90853881835938,0.32452392578125
s_butterfly_350,resnet50_tl_20250829,8,4,32,84,36.0,88.0,139.23306274414062,139.02235412597656,0.2107086181640625
s_butterfly_350,resnet50_tl_20250829,8,4,32,88,36.0,92.0,139.23306274414062,138.8092498779297,0.4238128662109375
s_butterfly_350,resnet50_tl_20250829,8,4,32,92,36.0,96.0,139.23306274414062,138.52227783203125,0.710784912109375
s_butterfly_350,resnet50_tl_20250829,8,4,32,96,36.0,100.0,139.23306274414062,138.63021850585938,0.60284423828125
s_butterfly_350,resnet50_tl_20250829,8,4,32,100,36.0,104.0,139.23306274414062,138.92930603027344,0.3037567138671875
s_butterfly_350,resnet50_tl_20250829,8,4,32,104,36.0,108.0,139.23306274414062,139.08004760742188,0.15301513671875
s_butterfly_350,resnet50_tl_20250829,8,4,32,108,36.0,112.0,139.23306274414062,138.7759552001953,0.4571075439453125
s_butterfly_350,resnet50_tl_20250829,8,4,32,112,36.0,116.0,139.23306274414062,138.6098175048828,0.6232452392578125
s_butterfly_350,resnet50_tl_20250829,8,4,32,116,36.0,120.0,139.23306274414062,138.91641235351562,0.316650390625
s_butterfly_350,resnet50_tl_20250829,8,4,32,120,36.0,124.0,139.23306274414062,139.21722412109375,0.015838623046875
s_butterfly_350,resnet50_tl_20250829,8,4,32,124,36.0,128.0,139.23306274414062,138.91104125976562,0.322021484375
s_butterfly_350,resnet50_tl_20250829,8,4,32,128,36.0,132.0,139.23306274414062,138.82594299316406,0.4071197509765625
s_butterfly_350,resnet50_tl_20250829,8,4,32,132,36.0,136.0,139.23306274414062,138.9816436767578,0.2514190673828125
s_butterfly_350,resnet50_tl_20250829,8,4,32,136,36.0,140.0,139.23306274414062,139.01954650878906,0.2135162353515625
s_butterfly_350,resnet50_tl_20250829,8,4,32,140,36.0,144.0,139.23306274414062,138.56661987304688,0.66644287109375
s_butterfly_350,resnet50_tl_20250829,8,4,32,144,36.0,148.0,139.23306274414062,138.6041259765625,0.628936767578125
s_butterfly_350,resnet50_tl_20250829,8,4,32,148,36.0,152.0,139.23306274414062,138.8528289794922,0.3802337646484375
s_butterfly_350,resnet50_tl_20250829,8,4,32,152,36.0,156.0,139.23306274414062,139.05714416503906,0.1759185791015625
s_butterfly_350,resnet50_tl_20250829,8,4,32,156,36.0,160.0,139.23306274414062,138.46588134765625,0.767181396484375
s_butterfly_350,resnet50_tl_20250829,8,4,32,160,36.0,164.0,139.23306274414062,138.51539611816406,0.7176666259765625
s_butterfly_350,resnet50_tl_20250829,8,4,32,164,36.0,168.0,139.23306274414062,138.8799591064453,0.3531036376953125
s_butterfly_350,resnet50_tl_20250829,8,4,32,168,36.0,172.0,139.23306274414062,139.06907653808594,0.1639862060546875
s_butterfly_350,resnet50_tl_20250829,8,4,32,172,36.0,176.0,139.23306274414062,138.75306701660156,0.4799957275390625
s_butterfly_350,resnet50_tl_20250829,8,4,32,176,36.0,180.0,139.23306274414062,138.79931640625,0.433746337890625
s_butterfly_350,resnet50_tl_20250829,8,4,32,180,36.0,184.0,139.23306274414062,139.02737426757812,0.2056884765625
s_butterfly_350,resnet50_tl_20250829,8,4,32,184,36.0,188.0,139.23306274414062,139.22412109375,0.008941650390625
s_butterfly_350,resnet50_tl_20250829,8,4,32,188,36.0,192.0,139.23306274414062,138.90780639648438,0.32525634765625
s_butterfly_350,resnet50_tl_20250829,8,4,32,192,36.0,196.0,139.23306274414062,138.9627227783203,0.2703399658203125
s_butterfly_350,resnet50_tl_20250829,8,4,32,196,36.0,200.0,139.23306274414062,139.10488891601562,0.128173828125
s_butterfly_350,resnet50_tl_20250829,8,4,32,200,36.0,204.0,139.23306274414062,139.27139282226562,-0.038330078125
s_butterfly_350,resnet50_tl_20250829,8,4,32,204,36.0,208.0,139.23306274414062,139.1678009033203,0.0652618408203125
s_butterfly_350,resnet50_tl_20250829,8,4,32,208,36.0,212.0,139.23306274414062,139.19154357910156,0.0415191650390625
s_butterfly_350,resnet50_tl_20250829,8,4,32,212,36.0,216.0,139.23306274414062,139.1266632080078,0.1063995361328125
s_butterfly_350,resnet50_tl_20250829,8,4,32,216,36.0,220.0,139.23306274414062,139.16049194335938,0.07257080078125
s_butterfly_350,resnet50_tl_20250829,8,4,36,0,40.0,4.0,139.23306274414062,139.0845489501953,0.1485137939453125
s_butterfly_350,resnet50_tl_20250829,8,4,36,4,40.0,8.0,139.23306274414062,139.08047485351562,0.152587890625
s_butterfly_350,resnet50_tl_20250829,8,4,36,8,40.0,12.0,139.23306274414062,139.1291961669922,0.1038665771484375
s_butterfly_350,resnet50_tl_20250829,8,4,36,12,40.0,16.0,139.23306274414062,139.0709991455078,0.1620635986328125
s_butterfly_350,resnet50_tl_20250829,8,4,36,16,40.0,20.0,139.23306274414062,139.07275390625,0.160308837890625
s_butterfly_350,resnet50_tl_20250829,8,4,36,20,40.0,24.0,139.23306274414062,139.04049682617188,0.19256591796875
s_butterfly_350,resnet50_tl_20250829,8,4,36,24,40.0,28.0,139.23306274414062,139.05894470214844,0.1741180419921875
s_butterfly_350,resnet50_tl_20250829,8,4,36,28,40.0,32.0,139.23306274414062,138.97496032714844,0.2581024169921875
s_butterfly_350,resnet50_tl_20250829,8,4,36,32,40.0,36.0,139.23306274414062,139.0281524658203,0.2049102783203125
s_butterfly_350,resnet50_tl_20250829,8,4,36,36,40.0,40.0,139.23306274414062,139.12510681152344,0.1079559326171875
s_butterfly_350,resnet50_tl_20250829,8,4,36,40,40.0,44.0,139.23306274414062,139.11366271972656,0.1194000244140625
s_butterfly_350,resnet50_tl_20250829,8,4,36,44,40.0,48.0,139.23306274414062,139.1387481689453,0.0943145751953125
s_butterfly_350,resnet50_tl_20250829,8,4,36,48,40.0,52.0,139.23306274414062,139.12432861328125,0.108734130859375
s_butterfly_350,resnet50_tl_20250829,8,4,36,52,40.0,56.0,139.23306274414062,139.1439666748047,0.0890960693359375
s_butterfly_350,resnet50_tl_20250829,8,4,36,56,40.0,60.0,139.23306274414062,139.0939178466797,0.1391448974609375
s_butterfly_350,resnet50_tl_20250829,8,4,36,60,40.0,64.0,139.23306274414062,139.08351135253906,0.1495513916015625
s_butterfly_350,resnet50_tl_20250829,8,4,36,64,40.0,68.0,139.23306274414062,139.159912109375,0.073150634765625
s_butterfly_350,resnet50_tl_20250829,8,4,36,68,40.0,72.0,139.23306274414062,139.12840270996094,0.1046600341796875
s_butterfly_350,resnet50_tl_20250829,8,4,36,72,40.0,76.0,139.23306274414062,139.14984130859375,0.083221435546875
s_butterfly_350,resnet50_tl_20250829,8,4,36,76,40.0,80.0,139.23306274414062,139.3019561767578,-0.0688934326171875
s_butterfly_350,resnet50_tl_20250829,8,4,36,80,40.0,84.0,139.23306274414062,139.27633666992188,-0.04327392578125
s_butterfly_350,resnet50_tl_20250829,8,4,36,84,40.0,88.0,139.23306274414062,139.21383666992188,0.01922607421875
s_butterfly_350,resnet50_tl_20250829,8,4,36,88,40.0,92.0,139.23306274414062,138.91307067871094,0.3199920654296875
s_butterfly_350,resnet50_tl_20250829,8,4,36,92,40.0,96.0,139.23306274414062,139.0041961669922,0.2288665771484375
s_butterfly_350,resnet50_tl_20250829,8,4,36,96,40.0,100.0,139.23306274414062,139.07164001464844,0.1614227294921875
s_butterfly_350,resnet50_tl_20250829,8,4,36,100,40.0,104.0,139.23306274414062,139.16278076171875,0.070281982421875
s_butterfly_350,resnet50_tl_20250829,8,4,36,104,40.0,108.0,139.23306274414062,139.0990753173828,0.1339874267578125
s_butterfly_350,resnet50_tl_20250829,8,4,36,108,40.0,112.0,139.23306274414062,139.1509552001953,0.0821075439453125
s_butterfly_350,resnet50_tl_20250829,8,4,36,112,40.0,116.0,139.23306274414062,139.0895538330078,0.1435089111328125
s_butterfly_350,resnet50_tl_20250829,8,4,36,116,40.0,120.0,139.23306274414062,139.3240966796875,-0.091033935546875
s_butterfly_350,resnet50_tl_20250829,8,4,36,120,40.0,124.0,139.23306274414062,139.2682647705078,-0.0352020263671875
s_butterfly_350,resnet50_tl_20250829,8,4,36,124,40.0,128.0,139.23306274414062,139.19540405273438,0.03765869140625
s_butterfly_350,resnet50_tl_20250829,8,4,36,128,40.0,132.0,139.23306274414062,139.18240356445312,0.0506591796875
s_butterfly_350,resnet50_tl_20250829,8,4,36,132,40.0,136.0,139.23306274414062,139.1536102294922,0.0794525146484375
s_butterfly_350,resnet50_tl_20250829,8,4,36,136,40.0,140.0,139.23306274414062,139.14175415039062,0.09130859375
s_butterfly_350,resnet50_tl_20250829,8,4,36,140,40.0,144.0,139.23306274414062,139.1416473388672,0.0914154052734375
s_butterfly_350,resnet50_tl_20250829,8,4,36,144,40.0,148.0,139.23306274414062,139.07667541503906,0.1563873291015625
s_butterfly_350,resnet50_tl_20250829,8,4,36,148,40.0,152.0,139.23306274414062,139.1616668701172,0.0713958740234375
s_butterfly_350,resnet50_tl_20250829,8,4,36,152,40.0,156.0,139.23306274414062,139.07052612304688,0.16253662109375
s_butterfly_350,resnet50_tl_20250829,8,4,36,156,40.0,160.0,139.23306274414062,139.05836486816406,0.1746978759765625
s_butterfly_350,resnet50_tl_20250829,8,4,36,160,40.0,164.0,139.23306274414062,139.01971435546875,0.213348388671875
s_butterfly_350,resnet50_tl_20250829,8,4,36,164,40.0,168.0,139.23306274414062,139.05911254882812,0.1739501953125
s_butterfly_350,resnet50_tl_20250829,8,4,36,168,40.0,172.0,139.23306274414062,139.00624084472656,0.2268218994140625
s_butterfly_350,resnet50_tl_20250829,8,4,36,172,40.0,176.0,139.23306274414062,139.00030517578125,0.232757568359375
s_butterfly_350,resnet50_tl_20250829,8,4,36,176,40.0,180.0,139.23306274414062,139.057373046875,0.175689697265625
s_butterfly_350,resnet50_tl_20250829,8,4,36,180,40.0,184.0,139.23306274414062,139.12167358398438,0.11138916015625
s_butterfly_350,resnet50_tl_20250829,8,4,36,184,40.0,188.0,139.23306274414062,139.14976501464844,0.0832977294921875
s_butterfly_350,resnet50_tl_20250829,8,4,36,188,40.0,192.0,139.23306274414062,139.1221160888672,0.1109466552734375
s_butterfly_350,resnet50_tl_20250829,8,4,36,192,40.0,196.0,139.23306274414062,139.1461944580078,0.0868682861328125
s_butterfly_350,resnet50_tl_20250829,8,4,36,196,40.0,200.0,139.23306274414062,139.1332550048828,0.0998077392578125
s_butterfly_350,resnet50_tl_20250829,8,4,36,200,40.0,204.0,139.23306274414062,139.15829467773438,0.07476806640625
s_butterfly_350,resnet50_tl_20250829,8,4,36,204,40.0,208.0,139.23306274414062,139.27197265625,-0.038909912109375
s_butterfly_350,resnet50_tl_20250829,8,4,36,208,40.0,212.0,139.23306274414062,139.3002471923828,-0.0671844482421875
s_butterfly_350,resnet50_tl_20250829,8,4,36,212,40.0,216.0,139.23306274414062,139.24160766601562,-0.008544921875
s_butterfly_350,resnet50_tl_20250829,8,4,36,216,40.0,220.0,139.23306274414062,139.1619110107422,0.0711517333984375
s_butterfly_350,resnet50_tl_20250829,8,4,40,0,44.0,4.0,139.23306274414062,139.13490295410156,0.0981597900390625
s_butterfly_350,resnet50_tl_20250829,8,4,40,4,44.0,8.0,139.23306274414062,139.03900146484375,0.194061279296875
s_butterfly_350,resnet50_tl_20250829,8,4,40,8,44.0,12.0,139.23306274414062,139.0513916015625,0.181671142578125
s_butterfly_350,resnet50_tl_20250829,8,4,40,12,44.0,16.0,139.23306274414062,139.07374572753906,0.1593170166015625
s_butterfly_350,resnet50_tl_20250829,8,4,40,16,44.0,20.0,139.23306274414062,138.9493408203125,0.283721923828125
s_butterfly_350,resnet50_tl_20250829,8,4,40,20,44.0,24.0,139.23306274414062,138.85560607910156,0.3774566650390625
s_butterfly_350,resnet50_tl_20250829,8,4,40,24,44.0,28.0,139.23306274414062,138.9591827392578,0.2738800048828125
s_butterfly_350,resnet50_tl_20250829,8,4,40,28,44.0,32.0,139.23306274414062,138.9115753173828,0.3214874267578125
s_butterfly_350,resnet50_tl_20250829,8,4,40,32,44.0,36.0,139.23306274414062,139.00843811035156,0.2246246337890625
s_butterfly_350,resnet50_tl_20250829,8,4,40,36,44.0,40.0,139.23306274414062,138.93902587890625,0.294036865234375
s_butterfly_350,resnet50_tl_20250829,8,4,40,40,44.0,44.0,139.23306274414062,138.91915893554688,0.31390380859375
s_butterfly_350,resnet50_tl_20250829,8,4,40,44,44.0,48.0,139.23306274414062,138.854248046875,0.378814697265625
s_butterfly_350,resnet50_tl_20250829,8,4,40,48,44.0,52.0,139.23306274414062,138.86134338378906,0.3717193603515625
s_butterfly_350,resnet50_tl_20250829,8,4,40,52,44.0,56.0,139.23306274414062,138.9506378173828,0.2824249267578125
s_butterfly_350,resnet50_tl_20250829,8,4,40,56,44.0,60.0,139.23306274414062,139.00363159179688,0.22943115234375
s_butterfly_350,resnet50_tl_20250829,8,4,40,60,44.0,64.0,139.23306274414062,138.87295532226562,0.360107421875
s_butterfly_350,resnet50_tl_20250829,8,4,40,64,44.0,68.0,139.23306274414062,139.08094787597656,0.1521148681640625
s_butterfly_350,resnet50_tl_20250829,8,4,40,68,44.0,72.0,139.23306274414062,138.96755981445312,0.2655029296875
s_butterfly_350,resnet50_tl_20250829,8,4,40,72,44.0,76.0,139.23306274414062,139.0146942138672,0.2183685302734375
s_butterfly_350,resnet50_tl_20250829,8,4,40,76,44.0,80.0,139.23306274414062,138.89801025390625,0.335052490234375
s_butterfly_350,resnet50_tl_20250829,8,4,40,80,44.0,84.0,139.23306274414062,138.96774291992188,0.26531982421875
s_butterfly_350,resnet50_tl_20250829,8,4,40,84,44.0,88.0,139.23306274414062,139.09014892578125,0.142913818359375
s_butterfly_350,resnet50_tl_20250829,8,4,40,88,44.0,92.0,139.23306274414062,138.9888458251953,0.2442169189453125
s_butterfly_350,resnet50_tl_20250829,8,4,40,92,44.0,96.0,139.23306274414062,138.7678680419922,0.4651947021484375
s_butterfly_350,resnet50_tl_20250829,8,4,40,96,44.0,100.0,139.23306274414062,139.0144805908203,0.2185821533203125
s_butterfly_350,resnet50_tl_20250829,8,4,40,100,44.0,104.0,139.23306274414062,138.9049835205078,0.3280792236328125
s_butterfly_350,resnet50_tl_20250829,8,4,40,104,44.0,108.0,139.23306274414062,139.01712036132812,0.2159423828125
s_butterfly_350,resnet50_tl_20250829,8,4,40,108,44.0,112.0,139.23306274414062,138.9301300048828,0.3029327392578125
s_butterfly_350,resnet50_tl_20250829,8,4,40,112,44.0,116.0,139.23306274414062,138.99636840820312,0.2366943359375
s_butterfly_350,resnet50_tl_20250829,8,4,40,116,44.0,120.0,139.23306274414062,139.11517333984375,0.117889404296875
s_butterfly_350,resnet50_tl_20250829,8,4,40,120,44.0,124.0,139.23306274414062,139.25823974609375,-0.025177001953125
s_butterfly_350,resnet50_tl_20250829,8,4,40,124,44.0,128.0,139.23306274414062,138.86305236816406,0.3700103759765625
s_butterfly_350,resnet50_tl_20250829,8,4,40,128,44.0,132.0,139.23306274414062,138.892333984375,0.340728759765625
s_butterfly_350,resnet50_tl_20250829,8,4,40,132,44.0,136.0,139.23306274414062,138.89573669433594,0.3373260498046875
s_butterfly_350,resnet50_tl_20250829,8,4,40,136,44.0,140.0,139.23306274414062,139.01272583007812,0.2203369140625
s_butterfly_350,resnet50_tl_20250829,8,4,40,140,44.0,144.0,139.23306274414062,138.83494567871094,0.3981170654296875
s_butterfly_350,resnet50_tl_20250829,8,4,40,144,44.0,148.0,139.23306274414062,138.90065002441406,0.3324127197265625
s_butterfly_350,resnet50_tl_20250829,8,4,40,148,44.0,152.0,139.23306274414062,138.90963745117188,0.32342529296875
s_butterfly_350,resnet50_tl_20250829,8,4,40,152,44.0,156.0,139.23306274414062,138.9960174560547,0.2370452880859375
s_butterfly_350,resnet50_tl_20250829,8,4,40,156,44.0,160.0,139.23306274414062,138.8230438232422,0.4100189208984375
s_butterfly_350,resnet50_tl_20250829,8,4,40,160,44.0,164.0,139.23306274414062,138.81021118164062,0.4228515625
s_butterfly_350,resnet50_tl_20250829,8,4,40,164,44.0,168.0,139.23306274414062,138.8404083251953,0.3926544189453125
s_butterfly_350,resnet50_tl_20250829,8,4,40,168,44.0,172.0,139.23306274414062,138.9829864501953,0.2500762939453125
s_butterfly_350,resnet50_tl_20250829,8,4,40,172,44.0,176.0,139.23306274414062,138.87606811523438,0.35699462890625
s_butterfly_350,resnet50_tl_20250829,8,4,40,176,44.0,180.0,139.23306274414062,138.81854248046875,0.414520263671875
s_butterfly_350,resnet50_tl_20250829,8,4,40,180,44.0,184.0,139.23306274414062,138.90296936035156,0.3300933837890625
s_butterfly_350,resnet50_tl_20250829,8,4,40,184,44.0,188.0,139.23306274414062,139.0190887451172,0.2139739990234375
s_butterfly_350,resnet50_tl_20250829,8,4,40,188,44.0,192.0,139.23306274414062,139.03729248046875,0.195770263671875
s_butterfly_350,resnet50_tl_20250829,8,4,40,192,44.0,196.0,139.23306274414062,139.02308654785156,0.2099761962890625
s_butterfly_350,resnet50_tl_20250829,8,4,40,196,44.0,200.0,139.23306274414062,139.04835510253906,0.1847076416015625
s_butterfly_350,resnet50_tl_20250829,8,4,40,200,44.0,204.0,139.23306274414062,139.0799560546875,0.153106689453125
s_butterfly_350,resnet50_tl_20250829,8,4,40,204,44.0,208.0,139.23306274414062,139.12342834472656,0.1096343994140625
s_butterfly_350,resnet50_tl_20250829,8,4,40,208,44.0,212.0,139.23306274414062,139.18252563476562,0.050537109375
s_butterfly_350,resnet50_tl_20250829,8,4,40,212,44.0,216.0,139.23306274414062,139.1732177734375,0.059844970703125
s_butterfly_350,resnet50_tl_20250829,8,4,40,216,44.0,220.0,139.23306274414062,139.18421936035156,0.0488433837890625
s_butterfly_350,resnet50_tl_20250829,8,4,44,0,48.0,4.0,139.23306274414062,138.78065490722656,0.4524078369140625
s_butterfly_350,resnet50_tl_20250829,8,4,44,4,48.0,8.0,139.23306274414062,139.1060333251953,0.1270294189453125
s_butterfly_350,resnet50_tl_20250829,8,4,44,8,48.0,12.0,139.23306274414062,139.241943359375,-0.008880615234375
s_butterfly_350,resnet50_tl_20250829,8,4,44,12,48.0,16.0,139.23306274414062,138.9288787841797,0.3041839599609375
s_butterfly_350,resnet50_tl_20250829,8,4,44,16,48.0,20.0,139.23306274414062,138.83273315429688,0.40032958984375
s_butterfly_350,resnet50_tl_20250829,8,4,44,20,48.0,24.0,139.23306274414062,138.96258544921875,0.270477294921875
s_butterfly_350,resnet50_tl_20250829,8,4,44,24,48.0,28.0,139.23306274414062,138.8399658203125,0.393096923828125
s_butterfly_350,resnet50_tl_20250829,8,4,44,28,48.0,32.0,139.23306274414062,138.37554931640625,0.857513427734375
s_butterfly_350,resnet50_tl_20250829,8,4,44,32,48.0,36.0,139.23306274414062,138.58767700195312,0.6453857421875
s_butterfly_350,resnet50_tl_20250829,8,4,44,36,48.0,40.0,139.23306274414062,138.89700317382812,0.3360595703125
s_butterfly_350,resnet50_tl_20250829,8,4,44,40,48.0,44.0,139.23306274414062,138.9079132080078,0.3251495361328125
s_butterfly_350,resnet50_tl_20250829,8,4,44,44,48.0,48.0,139.23306274414062,138.68902587890625,0.544036865234375
s_butterfly_350,resnet50_tl_20250829,8,4,44,48,48.0,52.0,139.23306274414062,138.72372436523438,0.50933837890625
s_butterfly_350,resnet50_tl_20250829,8,4,44,52,48.0,56.0,139.23306274414062,139.052978515625,0.180084228515625
s_butterfly_350,resnet50_tl_20250829,8,4,44,56,48.0,60.0,139.23306274414062,139.0537872314453,0.1792755126953125
s_butterfly_350,resnet50_tl_20250829,8,4,44,60,48.0,64.0,139.23306274414062,138.66297912597656,0.5700836181640625
s_butterfly_350,resnet50_tl_20250829,8,4,44,64,48.0,68.0,139.23306274414062,138.74603271484375,0.487030029296875
s_butterfly_350,resnet50_tl_20250829,8,4,44,68,48.0,72.0,139.23306274414062,138.96507263183594,0.2679901123046875
s_butterfly_350,resnet50_tl_20250829,8,4,44,72,48.0,76.0,139.23306274414062,138.98214721679688,0.25091552734375
s_butterfly_350,resnet50_tl_20250829,8,4,44,76,48.0,80.0,139.23306274414062,138.61083984375,0.622222900390625
s_butterfly_350,resnet50_tl_20250829,8,4,44,80,48.0,84.0,139.23306274414062,138.58212280273438,0.65093994140625
s_butterfly_350,resnet50_tl_20250829,8,4,44,84,48.0,88.0,139.23306274414062,138.96737670898438,0.26568603515625
s_butterfly_350,resnet50_tl_20250829,8,4,44,88,48.0,92.0,139.23306274414062,139.08189392089844,0.1511688232421875
s_butterfly_350,resnet50_tl_20250829,8,4,44,92,48.0,96.0,139.23306274414062,138.61917114257812,0.6138916015625
s_butterfly_350,resnet50_tl_20250829,8,4,44,96,48.0,100.0,139.23306274414062,138.70947265625,0.523590087890625
s_butterfly_350,resnet50_tl_20250829,8,4,44,100,48.0,104.0,139.23306274414062,138.98094177246094,0.2521209716796875
s_butterfly_350,resnet50_tl_20250829,8,4,44,104,48.0,108.0,139.23306274414062,138.94618225097656,0.2868804931640625
s_butterfly_350,resnet50_tl_20250829,8,4,44,108,48.0,112.0,139.23306274414062,138.75901794433594,0.4740447998046875
s_butterfly_350,resnet50_tl_20250829,8,4,44,112,48.0,116.0,139.23306274414062,138.7801971435547,0.4528656005859375
s_butterfly_350,resnet50_tl_20250829,8,4,44,116,48.0,120.0,139.23306274414062,139.4856414794922,-0.2525787353515625
s_butterfly_350,resnet50_tl_20250829,8,4,44,120,48.0,124.0,139.23306274414062,139.09088134765625,0.142181396484375
s_butterfly_350,resnet50_tl_20250829,8,4,44,124,48.0,128.0,139.23306274414062,138.5636749267578,0.6693878173828125
s_butterfly_350,resnet50_tl_20250829,8,4,44,128,48.0,132.0,139.23306274414062,138.57662963867188,0.65643310546875
s_butterfly_350,resnet50_tl_20250829,8,4,44,132,48.0,136.0,139.23306274414062,138.96920776367188,0.26385498046875
s_butterfly_350,resnet50_tl_20250829,8,4,44,136,48.0,140.0,139.23306274414062,139.0182647705078,0.2147979736328125
s_butterfly_350,resnet50_tl_20250829,8,4,44,140,48.0,144.0,139.23306274414062,138.59608459472656,0.6369781494140625
s_butterfly_350,resnet50_tl_20250829,8,4,44,144,48.0,148.0,139.23306274414062,138.57443237304688,0.65863037109375
s_butterfly_350,resnet50_tl_20250829,8,4,44,148,48.0,152.0,139.23306274414062,138.87210083007812,0.3609619140625
s_butterfly_350,resnet50_tl_20250829,8,4,44,152,48.0,156.0,139.23306274414062,138.9665985107422,0.2664642333984375
s_butterfly_350,resnet50_tl_20250829,8,4,44,156,48.0,160.0,139.23306274414062,138.70281982421875,0.530242919921875
s_butterfly_350,resnet50_tl_20250829,8,4,44,160,48.0,164.0,139.23306274414062,138.64698791503906,0.5860748291015625
s_butterfly_350,resnet50_tl_20250829,8,4,44,164,48.0,168.0,139.23306274414062,138.73178100585938,0.50128173828125
s_butterfly_350,resnet50_tl_20250829,8,4,44,168,48.0,172.0,139.23306274414062,139.0589141845703,0.1741485595703125
s_butterfly_350,resnet50_tl_20250829,8,4,44,172,48.0,176.0,139.23306274414062,138.79885864257812,0.4342041015625
s_butterfly_350,resnet50_tl_20250829,8,4,44,176,48.0,180.0,139.23306274414062,138.81582641601562,0.417236328125
s_butterfly_350,resnet50_tl_20250829,8,4,44,180,48.0,184.0,139.23306274414062,138.91087341308594,0.3221893310546875
s_butterfly_350,resnet50_tl_20250829,8,4,44,184,48.0,188.0,139.23306274414062,139.06085205078125,0.172210693359375
s_butterfly_350,resnet50_tl_20250829,8,4,44,188,48.0,192.0,139.23306274414062,138.9968719482422,0.2361907958984375
s_butterfly_350,resnet50_tl_20250829,8,4,44,192,48.0,196.0,139.23306274414062,139.0299835205078,0.2030792236328125
s_butterfly_350,resnet50_tl_20250829,8,4,44,196,48.0,200.0,139.23306274414062,139.159423828125,0.073638916015625
s_butterfly_350,resnet50_tl_20250829,8,4,44,200,48.0,204.0,139.23306274414062,139.1355743408203,0.0974884033203125
s_butterfly_350,resnet50_tl_20250829,8,4,44,204,48.0,208.0,139.23306274414062,139.0822296142578,0.1508331298828125
s_butterfly_350,resnet50_tl_20250829,8,4,44,208,48.0,212.0,139.23306274414062,139.08895874023438,0.14410400390625
s_butterfly_350,resnet50_tl_20250829,8,4,44,212,48.0,216.0,139.23306274414062,139.1466064453125,0.086456298828125
s_butterfly_350,resnet50_tl_20250829,8,4,44,216,48.0,220.0,139.23306274414062,139.16087341308594,0.0721893310546875
s_butterfly_350,resnet50_tl_20250829,8,4,48,0,52.0,4.0,139.23306274414062,138.95053100585938,0.28253173828125
s_butterfly_350,resnet50_tl_20250829,8,4,48,4,52.0,8.0,139.23306274414062,139.21539306640625,0.017669677734375
s_butterfly_350,resnet50_tl_20250829,8,4,48,8,52.0,12.0,139.23306274414062,139.3347625732422,-0.1016998291015625
s_butterfly_350,resnet50_tl_20250829,8,4,48,12,52.0,16.0,139.23306274414062,139.19140625,0.041656494140625
s_butterfly_350,resnet50_tl_20250829,8,4,48,16,52.0,20.0,139.23306274414062,139.1011199951172,0.1319427490234375
s_butterfly_350,resnet50_tl_20250829,8,4,48,20,52.0,24.0,139.23306274414062,139.14987182617188,0.08319091796875
s_butterfly_350,resnet50_tl_20250829,8,4,48,24,52.0,28.0,139.23306274414062,138.8966827392578,0.3363800048828125
s_butterfly_350,resnet50_tl_20250829,8,4,48,28,52.0,32.0,139.23306274414062,138.63014221191406,0.6029205322265625
s_butterfly_350,resnet50_tl_20250829,8,4,48,32,52.0,36.0,139.23306274414062,138.64849853515625,0.584564208984375
s_butterfly_350,resnet50_tl_20250829,8,4,48,36,52.0,40.0,139.23306274414062,138.90225219726562,0.330810546875
s_butterfly_350,resnet50_tl_20250829,8,4,48,40,52.0,44.0,139.23306274414062,138.75592041015625,0.477142333984375
s_butterfly_350,resnet50_tl_20250829,8,4,48,44,52.0,48.0,139.23306274414062,138.7552032470703,0.4778594970703125
s_butterfly_350,resnet50_tl_20250829,8,4,48,48,52.0,52.0,139.23306274414062,138.66116333007812,0.5718994140625
s_butterfly_350,resnet50_tl_20250829,8,4,48,52,52.0,56.0,139.23306274414062,138.92269897460938,0.31036376953125
s_butterfly_350,resnet50_tl_20250829,8,4,48,56,52.0,60.0,139.23306274414062,138.98312377929688,0.24993896484375
s_butterfly_350,resnet50_tl_20250829,8,4,48,60,52.0,64.0,139.23306274414062,138.7193603515625,0.513702392578125
s_butterfly_350,resnet50_tl_20250829,8,4,48,64,52.0,68.0,139.23306274414062,138.80116271972656,0.4319000244140625
s_butterfly_350,resnet50_tl_20250829,8,4,48,68,52.0,72.0,139.23306274414062,138.9646453857422,0.2684173583984375
s_butterfly_350,resnet50_tl_20250829,8,4,48,72,52.0,76.0,139.23306274414062,139.07266235351562,0.160400390625
s_butterfly_350,resnet50_tl_20250829,8,4,48,76,52.0,80.0,139.23306274414062,138.68858337402344,0.5444793701171875
s_butterfly_350,resnet50_tl_20250829,8,4,48,80,52.0,84.0,139.23306274414062,138.70484924316406,0.5282135009765625
s_butterfly_350,resnet50_tl_20250829,8,4,48,84,52.0,88.0,139.23306274414062,138.94158935546875,0.291473388671875
s_butterfly_350,resnet50_tl_20250829,8,4,48,88,52.0,92.0,139.23306274414062,139.0779266357422,0.1551361083984375
s_butterfly_350,resnet50_tl_20250829,8,4,48,92,52.0,96.0,139.23306274414062,138.90155029296875,0.331512451171875
s_butterfly_350,resnet50_tl_20250829,8,4,48,96,52.0,100.0,139.23306274414062,138.57974243164062,0.6533203125
s_butterfly_350,resnet50_tl_20250829,8,4,48,100,52.0,104.0,139.23306274414062,138.8440704345703,0.3889923095703125
s_butterfly_350,resnet50_tl_20250829,8,4,48,104,52.0,108.0,139.23306274414062,138.96974182128906,0.2633209228515625
s_butterfly_350,resnet50_tl_20250829,8,4,48,108,52.0,112.0,139.23306274414062,138.8638916015625,0.369171142578125
s_butterfly_350,resnet50_tl_20250829,8,4,48,112,52.0,116.0,139.23306274414062,139.0283203125,0.204742431640625
s_butterfly_350,resnet50_tl_20250829,8,4,48,116,52.0,120.0,139.23306274414062,139.26983642578125,-0.036773681640625
s_butterfly_350,resnet50_tl_20250829,8,4,48,120,52.0,124.0,139.23306274414062,139.10275268554688,0.13031005859375
s_butterfly_350,resnet50_tl_20250829,8,4,48,124,52.0,128.0,139.23306274414062,138.59121704101562,0.641845703125
s_butterfly_350,resnet50_tl_20250829,8,4,48,128,52.0,132.0,139.23306274414062,138.71353149414062,0.51953125
s_butterfly_350,resnet50_tl_20250829,8,4,48,132,52.0,136.0,139.23306274414062,138.8391571044922,0.3939056396484375
s_butterfly_350,resnet50_tl_20250829,8,4,48,136,52.0,140.0,139.23306274414062,138.98641967773438,0.24664306640625
s_butterfly_350,resnet50_tl_20250829,8,4,48,140,52.0,144.0,139.23306274414062,138.60494995117188,0.62811279296875
s_butterfly_350,resnet50_tl_20250829,8,4,48,144,52.0,148.0,139.23306274414062,138.6053924560547,0.6276702880859375
s_butterfly_350,resnet50_tl_20250829,8,4,48,148,52.0,152.0,139.23306274414062,138.77438354492188,0.45867919921875
s_butterfly_350,resnet50_tl_20250829,8,4,48,152,52.0,156.0,139.23306274414062,138.79298400878906,0.4400787353515625
s_butterfly_350,resnet50_tl_20250829,8,4,48,156,52.0,160.0,139.23306274414062,138.76771545410156,0.4653472900390625
s_butterfly_350,resnet50_tl_20250829,8,4,48,160,52.0,164.0,139.23306274414062,138.76522827148438,0.46783447265625
s_butterfly_350,resnet50_tl_20250829,8,4,48,164,52.0,168.0,139.23306274414062,138.87603759765625,0.357025146484375
s_butterfly_350,resnet50_tl_20250829,8,4,48,168,52.0,172.0,139.23306274414062,139.10757446289062,0.12548828125
s_butterfly_350,resnet50_tl_20250829,8,4,48,172,52.0,176.0,139.23306274414062,139.17713928222656,0.0559234619140625
s_butterfly_350,resnet50_tl_20250829,8,4,48,176,52.0,180.0,139.23306274414062,139.05810546875,0.174957275390625
s_butterfly_350,resnet50_tl_20250829,8,4,48,180,52.0,184.0,139.23306274414062,139.1420135498047,0.0910491943359375
s_butterfly_350,resnet50_tl_20250829,8,4,48,184,52.0,188.0,139.23306274414062,139.1643524169922,0.0687103271484375
s_butterfly_350,resnet50_tl_20250829,8,4,48,188,52.0,192.0,139.23306274414062,139.20054626464844,0.0325164794921875
s_butterfly_350,resnet50_tl_20250829,8,4,48,192,52.0,196.0,139.23306274414062,139.18765258789062,0.04541015625
s_butterfly_350,resnet50_tl_20250829,8,4,48,196,52.0,200.0,139.23306274414062,139.29029846191406,-0.0572357177734375
s_butterfly_350,resnet50_tl_20250829,8,4,48,200,52.0,204.0,139.23306274414062,139.22015380859375,0.012908935546875
s_butterfly_350,resnet50_tl_20250829,8,4,48,204,52.0,208.0,139.23306274414062,139.07345581054688,0.15960693359375
s_butterfly_350,resnet50_tl_20250829,8,4,48,208,52.0,212.0,139.23306274414062,139.08526611328125,0.147796630859375
s_butterfly_350,resnet50_tl_20250829,8,4,48,212,52.0,216.0,139.23306274414062,139.11903381347656,0.1140289306640625
s_butterfly_350,resnet50_tl_20250829,8,4,48,216,52.0,220.0,139.23306274414062,139.18096923828125,0.052093505859375
s_butterfly_350,resnet50_tl_20250829,8,4,52,0,56.0,4.0,139.23306274414062,139.15525817871094,0.0778045654296875
s_butterfly_350,resnet50_tl_20250829,8,4,52,4,56.0,8.0,139.23306274414062,139.17654418945312,0.0565185546875
s_butterfly_350,resnet50_tl_20250829,8,4,52,8,56.0,12.0,139.23306274414062,139.2045135498047,0.0285491943359375
s_butterfly_350,resnet50_tl_20250829,8,4,52,12,56.0,16.0,139.23306274414062,139.08883666992188,0.14422607421875
s_butterfly_350,resnet50_tl_20250829,8,4,52,16,56.0,20.0,139.23306274414062,139.17803955078125,0.055023193359375
s_butterfly_350,resnet50_tl_20250829,8,4,52,20,56.0,24.0,139.23306274414062,139.1838836669922,0.0491790771484375
s_butterfly_350,resnet50_tl_20250829,8,4,52,24,56.0,28.0,139.23306274414062,139.1497802734375,0.083282470703125
s_butterfly_350,resnet50_tl_20250829,8,4,52,28,56.0,32.0,139.23306274414062,139.021728515625,0.211334228515625
s_butterfly_350,resnet50_tl_20250829,8,4,52,32,56.0,36.0,139.23306274414062,138.9159393310547,0.3171234130859375
s_butterfly_350,resnet50_tl_20250829,8,4,52,36,56.0,40.0,139.23306274414062,139.10374450683594,0.1293182373046875
s_butterfly_350,resnet50_tl_20250829,8,4,52,40,56.0,44.0,139.23306274414062,138.9709930419922,0.2620697021484375
s_butterfly_350,resnet50_tl_20250829,8,4,52,44,56.0,48.0,139.23306274414062,138.99124145507812,0.2418212890625
s_butterfly_350,resnet50_tl_20250829,8,4,52,48,56.0,52.0,139.23306274414062,138.99212646484375,0.240936279296875
s_butterfly_350,resnet50_tl_20250829,8,4,52,52,56.0,56.0,139.23306274414062,138.83079528808594,0.4022674560546875
s_butterfly_350,resnet50_tl_20250829,8,4,52,56,56.0,60.0,139.23306274414062,138.86947631835938,0.36358642578125
s_butterfly_350,resnet50_tl_20250829,8,4,52,60,56.0,64.0,139.23306274414062,138.9131317138672,0.3199310302734375
s_butterfly_350,resnet50_tl_20250829,8,4,52,64,56.0,68.0,139.23306274414062,138.95445251464844,0.2786102294921875
s_butterfly_350,resnet50_tl_20250829,8,4,52,68,56.0,72.0,139.23306274414062,138.9853515625,0.247711181640625
s_butterfly_350,resnet50_tl_20250829,8,4,52,72,56.0,76.0,139.23306274414062,139.04861450195312,0.1844482421875
s_butterfly_350,resnet50_tl_20250829,8,4,52,76,56.0,80.0,139.23306274414062,139.00177001953125,0.231292724609375
s_butterfly_350,resnet50_tl_20250829,8,4,52,80,56.0,84.0,139.23306274414062,139.0033721923828,0.2296905517578125
s_butterfly_350,resnet50_tl_20250829,8,4,52,84,56.0,88.0,139.23306274414062,139.21620178222656,0.0168609619140625
s_butterfly_350,resnet50_tl_20250829,8,4,52,88,56.0,92.0,139.23306274414062,139.29046630859375,-0.057403564453125
s_butterfly_350,resnet50_tl_20250829,8,4,52,92,56.0,96.0,139.23306274414062,139.17898559570312,0.0540771484375
s_butterfly_350,resnet50_tl_20250829,8,4,52,96,56.0,100.0,139.23306274414062,138.90615844726562,0.326904296875
s_butterfly_350,resnet50_tl_20250829,8,4,52,100,56.0,104.0,139.23306274414062,139.08506774902344,0.1479949951171875
s_butterfly_350,resnet50_tl_20250829,8,4,52,104,56.0,108.0,139.23306274414062,139.01617431640625,0.216888427734375
s_butterfly_350,resnet50_tl_20250829,8,4,52,108,56.0,112.0,139.23306274414062,139.29457092285156,-0.0615081787109375
s_butterfly_350,resnet50_tl_20250829,8,4,52,112,56.0,116.0,139.23306274414062,139.19898986816406,0.0340728759765625
s_butterfly_350,resnet50_tl_20250829,8,4,52,116,56.0,120.0,139.23306274414062,139.27320861816406,-0.0401458740234375
s_butterfly_350,resnet50_tl_20250829,8,4,52,120,56.0,124.0,139.23306274414062,139.02333068847656,0.2097320556640625
s_butterfly_350,resnet50_tl_20250829,8,4,52,124,56.0,128.0,139.23306274414062,139.0192108154297,0.2138519287109375
s_butterfly_350,resnet50_tl_20250829,8,4,52,128,56.0,132.0,139.23306274414062,139.01480102539062,0.21826171875
s_butterfly_350,resnet50_tl_20250829,8,4,52,132,56.0,136.0,139.23306274414062,138.9405059814453,0.2925567626953125
s_butterfly_350,resnet50_tl_20250829,8,4,52,136,56.0,140.0,139.23306274414062,138.91543579101562,0.317626953125
s_butterfly_350,resnet50_tl_20250829,8,4,52,140,56.0,144.0,139.23306274414062,138.98538208007812,0.2476806640625
s_butterfly_350,resnet50_tl_20250829,8,4,52,144,56.0,148.0,139.23306274414062,138.88829040527344,0.3447723388671875
s_butterfly_350,resnet50_tl_20250829,8,4,52,148,56.0,152.0,139.23306274414062,138.9834442138672,0.2496185302734375
s_butterfly_350,resnet50_tl_20250829,8,4,52,152,56.0,156.0,139.23306274414062,139.0193634033203,0.2136993408203125
s_butterfly_350,resnet50_tl_20250829,8,4,52,156,56.0,160.0,139.23306274414062,139.2135772705078,0.0194854736328125
s_butterfly_350,resnet50_tl_20250829,8,4,52,160,56.0,164.0,139.23306274414062,139.13302612304688,0.10003662109375
s_butterfly_350,resnet50_tl_20250829,8,4,52,164,56.0,168.0,139.23306274414062,139.06451416015625,0.168548583984375
s_butterfly_350,resnet50_tl_20250829,8,4,52,168,56.0,172.0,139.23306274414062,139.24603271484375,-0.012969970703125
s_butterfly_350,resnet50_tl_20250829,8,4,52,172,56.0,176.0,139.23306274414062,139.2510223388672,-0.0179595947265625
s_butterfly_350,resnet50_tl_20250829,8,4,52,176,56.0,180.0,139.23306274414062,139.2223358154297,0.0107269287109375
s_butterfly_350,resnet50_tl_20250829,8,4,52,180,56.0,184.0,139.23306274414062,139.22039794921875,0.012664794921875
s_butterfly_350,resnet50_tl_20250829,8,4,52,184,56.0,188.0,139.23306274414062,139.23776245117188,-0.00469970703125
s_butterfly_350,resnet50_tl_20250829,8,4,52,188,56.0,192.0,139.23306274414062,139.2161102294922,0.0169525146484375
s_butterfly_350,resnet50_tl_20250829,8,4,52,192,56.0,196.0,139.23306274414062,139.19960021972656,0.0334625244140625
s_butterfly_350,resnet50_tl_20250829,8,4,52,196,56.0,200.0,139.23306274414062,139.21414184570312,0.0189208984375
s_butterfly_350,resnet50_tl_20250829,8,4,52,200,56.0,204.0,139.23306274414062,139.2384490966797,-0.0053863525390625
s_butterfly_350,resnet50_tl_20250829,8,4,52,204,56.0,208.0,139.23306274414062,139.30735778808594,-0.0742950439453125
s_butterfly_350,resnet50_tl_20250829,8,4,52,208,56.0,212.0,139.23306274414062,139.24783325195312,-0.0147705078125
s_butterfly_350,resnet50_tl_20250829,8,4,52,212,56.0,216.0,139.23306274414062,139.18634033203125,0.046722412109375
s_butterfly_350,resnet50_tl_20250829,8,4,52,216,56.0,220.0,139.23306274414062,139.17422485351562,0.058837890625
s_butterfly_350,resnet50_tl_20250829,8,4,56,0,60.0,4.0,139.23306274414062,139.15811157226562,0.074951171875
s_butterfly_350,resnet50_tl_20250829,8,4,56,4,60.0,8.0,139.23306274414062,139.16900634765625,0.064056396484375
s_butterfly_350,resnet50_tl_20250829,8,4,56,8,60.0,12.0,139.23306274414062,139.19290161132812,0.0401611328125
s_butterfly_350,resnet50_tl_20250829,8,4,56,12,60.0,16.0,139.23306274414062,139.09861755371094,0.1344451904296875
s_butterfly_350,resnet50_tl_20250829,8,4,56,16,60.0,20.0,139.23306274414062,139.1187286376953,0.1143341064453125
s_butterfly_350,resnet50_tl_20250829,8,4,56,20,60.0,24.0,139.23306274414062,139.05908203125,0.173980712890625
s_butterfly_350,resnet50_tl_20250829,8,4,56,24,60.0,28.0,139.23306274414062,139.1072998046875,0.125762939453125
s_butterfly_350,resnet50_tl_20250829,8,4,56,28,60.0,32.0,139.23306274414062,139.04852294921875,0.184539794921875
s_butterfly_350,resnet50_tl_20250829,8,4,56,32,60.0,36.0,139.23306274414062,139.0825958251953,0.1504669189453125
s_butterfly_350,resnet50_tl_20250829,8,4,56,36,60.0,40.0,139.23306274414062,139.01495361328125,0.218109130859375
s_butterfly_350,resnet50_tl_20250829,8,4,56,40,60.0,44.0,139.23306274414062,139.0717315673828,0.1613311767578125
s_butterfly_350,resnet50_tl_20250829,8,4,56,44,60.0,48.0,139.23306274414062,139.0052032470703,0.2278594970703125
s_butterfly_350,resnet50_tl_20250829,8,4,56,48,60.0,52.0,139.23306274414062,138.91268920898438,0.32037353515625
s_butterfly_350,resnet50_tl_20250829,8,4,56,52,60.0,56.0,139.23306274414062,138.8045654296875,0.428497314453125
s_butterfly_350,resnet50_tl_20250829,8,4,56,56,60.0,60.0,139.23306274414062,138.7386474609375,0.494415283203125
s_butterfly_350,resnet50_tl_20250829,8,4,56,60,60.0,64.0,139.23306274414062,138.74267578125,0.490386962890625
s_butterfly_350,resnet50_tl_20250829,8,4,56,64,60.0,68.0,139.23306274414062,138.76956176757812,0.4635009765625
s_butterfly_350,resnet50_tl_20250829,8,4,56,68,60.0,72.0,139.23306274414062,138.8271484375,0.405914306640625
s_butterfly_350,resnet50_tl_20250829,8,4,56,72,60.0,76.0,139.23306274414062,138.91741943359375,0.315643310546875
s_butterfly_350,resnet50_tl_20250829,8,4,56,76,60.0,80.0,139.23306274414062,139.0137481689453,0.2193145751953125
s_butterfly_350,resnet50_tl_20250829,8,4,56,80,60.0,84.0,139.23306274414062,138.99435424804688,0.23870849609375
s_butterfly_350,resnet50_tl_20250829,8,4,56,84,60.0,88.0,139.23306274414062,139.1426239013672,0.0904388427734375
s_butterfly_350,resnet50_tl_20250829,8,4,56,88,60.0,92.0,139.23306274414062,139.26864624023438,-0.03558349609375
s_butterfly_350,resnet50_tl_20250829,8,4,56,92,60.0,96.0,139.23306274414062,139.2269287109375,0.006134033203125
s_butterfly_350,resnet50_tl_20250829,8,4,56,96,60.0,100.0,139.23306274414062,138.9898223876953,0.2432403564453125
s_butterfly_350,resnet50_tl_20250829,8,4,56,100,60.0,104.0,139.23306274414062,139.0701904296875,0.162872314453125
s_butterfly_350,resnet50_tl_20250829,8,4,56,104,60.0,108.0,139.23306274414062,139.10040283203125,0.132659912109375
s_butterfly_350,resnet50_tl_20250829,8,4,56,108,60.0,112.0,139.23306274414062,139.14346313476562,0.089599609375
s_butterfly_350,resnet50_tl_20250829,8,4,56,112,60.0,116.0,139.23306274414062,139.13180541992188,0.10125732421875
s_butterfly_350,resnet50_tl_20250829,8,4,56,116,60.0,120.0,139.23306274414062,139.08287048339844,0.1501922607421875
s_butterfly_350,resnet50_tl_20250829,8,4,56,120,60.0,124.0,139.23306274414062,138.97552490234375,0.257537841796875
s_butterfly_350,resnet50_tl_20250829,8,4,56,124,60.0,128.0,139.23306274414062,138.90492248535156,0.3281402587890625
s_butterfly_350,resnet50_tl_20250829,8,4,56,128,60.0,132.0,139.23306274414062,138.90078735351562,0.332275390625
s_butterfly_350,resnet50_tl_20250829,8,4,56,132,60.0,136.0,139.23306274414062,138.81813049316406,0.4149322509765625
s_butterfly_350,resnet50_tl_20250829,8,4,56,136,60.0,140.0,139.23306274414062,138.86093139648438,0.37213134765625
s_butterfly_350,resnet50_tl_20250829,8,4,56,140,60.0,144.0,139.23306274414062,138.842529296875,0.390533447265625
s_butterfly_350,resnet50_tl_20250829,8,4,56,144,60.0,148.0,139.23306274414062,138.9166717529297,0.3163909912109375
s_butterfly_350,resnet50_tl_20250829,8,4,56,148,60.0,152.0,139.23306274414062,139.07301330566406,0.1600494384765625
s_butterfly_350,resnet50_tl_20250829,8,4,56,152,60.0,156.0,139.23306274414062,139.0032958984375,0.229766845703125
s_butterfly_350,resnet50_tl_20250829,8,4,56,156,60.0,160.0,139.23306274414062,139.16595458984375,0.067108154296875
s_butterfly_350,resnet50_tl_20250829,8,4,56,160,60.0,164.0,139.23306274414062,139.094970703125,0.138092041015625
s_butterfly_350,resnet50_tl_20250829,8,4,56,164,60.0,168.0,139.23306274414062,139.12550354003906,0.1075592041015625
s_butterfly_350,resnet50_tl_20250829,8,4,56,168,60.0,172.0,139.23306274414062,139.20323181152344,0.0298309326171875
s_butterfly_350,resnet50_tl_20250829,8,4,56,172,60.0,176.0,139.23306274414062,139.18447875976562,0.048583984375
s_butterfly_350,resnet50_tl_20250829,8,4,56,176,60.0,180.0,139.23306274414062,139.13771057128906,0.0953521728515625
s_butterfly_350,resnet50_tl_20250829,8,4,56,180,60.0,184.0,139.23306274414062,139.091796875,0.141265869140625
s_butterfly_350,resnet50_tl_20250829,8,4,56,184,60.0,188.0,139.23306274414062,139.1025390625,0.130523681640625
s_butterfly_350,resnet50_tl_20250829,8,4,56,188,60.0,192.0,139.23306274414062,139.11309814453125,0.119964599609375
s_butterfly_350,resnet50_tl_20250829,8,4,56,192,60.0,196.0,139.23306274414062,139.1010284423828,0.1320343017578125
s_butterfly_350,resnet50_tl_20250829,8,4,56,196,60.0,200.0,139.23306274414062,139.1514892578125,0.081573486328125
s_butterfly_350,resnet50_tl_20250829,8,4,56,200,60.0,204.0,139.23306274414062,139.1732940673828,0.0597686767578125
s_butterfly_350,resnet50_tl_20250829,8,4,56,204,60.0,208.0,139.23306274414062,139.10443115234375,0.128631591796875
s_butterfly_350,resnet50_tl_20250829,8,4,56,208,60.0,212.0,139.23306274414062,139.1157684326172,0.1172943115234375
s_butterfly_350,resnet50_tl_20250829,8,4,56,212,60.0,216.0,139.23306274414062,139.0972900390625,0.135772705078125
s_butterfly_350,resnet50_tl_20250829,8,4,56,216,60.0,220.0,139.23306274414062,139.16200256347656,0.0710601806640625
s_butterfly_350,resnet50_tl_20250829,8,4,60,0,64.0,4.0,139.23306274414062,139.06332397460938,0.16973876953125
s_butterfly_350,resnet50_tl_20250829,8,4,60,4,64.0,8.0,139.23306274414062,139.06781005859375,0.165252685546875
s_butterfly_350,resnet50_tl_20250829,8,4,60,8,64.0,12.0,139.23306274414062,139.0756378173828,0.1574249267578125
s_butterfly_350,resnet50_tl_20250829,8,4,60,12,64.0,16.0,139.23306274414062,139.08619689941406,0.1468658447265625
s_butterfly_350,resnet50_tl_20250829,8,4,60,16,64.0,20.0,139.23306274414062,139.02439880371094,0.2086639404296875
s_butterfly_350,resnet50_tl_20250829,8,4,60,20,64.0,24.0,139.23306274414062,138.95343017578125,0.279632568359375
s_butterfly_350,resnet50_tl_20250829,8,4,60,24,64.0,28.0,139.23306274414062,138.91224670410156,0.3208160400390625
s_butterfly_350,resnet50_tl_20250829,8,4,60,28,64.0,32.0,139.23306274414062,138.8336181640625,0.399444580078125
s_butterfly_350,resnet50_tl_20250829,8,4,60,32,64.0,36.0,139.23306274414062,138.90475463867188,0.32830810546875
s_butterfly_350,resnet50_tl_20250829,8,4,60,36,64.0,40.0,139.23306274414062,138.9202880859375,0.312774658203125
s_butterfly_350,resnet50_tl_20250829,8,4,60,40,64.0,44.0,139.23306274414062,138.9567413330078,0.2763214111328125
s_butterfly_350,resnet50_tl_20250829,8,4,60,44,64.0,48.0,139.23306274414062,138.94683837890625,0.286224365234375
s_butterfly_350,resnet50_tl_20250829,8,4,60,48,64.0,52.0,139.23306274414062,138.9191131591797,0.3139495849609375
s_butterfly_350,resnet50_tl_20250829,8,4,60,52,64.0,56.0,139.23306274414062,138.80516052246094,0.4279022216796875
s_butterfly_350,resnet50_tl_20250829,8,4,60,56,64.0,60.0,139.23306274414062,138.8917694091797,0.3412933349609375
s_butterfly_350,resnet50_tl_20250829,8,4,60,60,64.0,64.0,139.23306274414062,138.74685668945312,0.4862060546875
s_butterfly_350,resnet50_tl_20250829,8,4,60,64,64.0,68.0,139.23306274414062,138.85769653320312,0.3753662109375
s_butterfly_350,resnet50_tl_20250829,8,4,60,68,64.0,72.0,139.23306274414062,138.83131408691406,0.4017486572265625
s_butterfly_350,resnet50_tl_20250829,8,4,60,72,64.0,76.0,139.23306274414062,138.86183166503906,0.3712310791015625
s_butterfly_350,resnet50_tl_20250829,8,4,60,76,64.0,80.0,139.23306274414062,138.93008422851562,0.302978515625
s_butterfly_350,resnet50_tl_20250829,8,4,60,80,64.0,84.0,139.23306274414062,138.77052307128906,0.4625396728515625
s_butterfly_350,resnet50_tl_20250829,8,4,60,84,64.0,88.0,139.23306274414062,139.08184814453125,0.151214599609375
s_butterfly_350,resnet50_tl_20250829,8,4,60,88,64.0,92.0,139.23306274414062,139.19920349121094,0.0338592529296875
s_butterfly_350,resnet50_tl_20250829,8,4,60,92,64.0,96.0,139.23306274414062,139.28916931152344,-0.0561065673828125
s_butterfly_350,resnet50_tl_20250829,8,4,60,96,64.0,100.0,139.23306274414062,139.094970703125,0.138092041015625
s_butterfly_350,resnet50_tl_20250829,8,4,60,100,64.0,104.0,139.23306274414062,139.28335571289062,-0.05029296875
s_butterfly_350,resnet50_tl_20250829,8,4,60,104,64.0,108.0,139.23306274414062,139.19656372070312,0.0364990234375
s_butterfly_350,resnet50_tl_20250829,8,4,60,108,64.0,112.0,139.23306274414062,139.1970977783203,0.0359649658203125
s_butterfly_350,resnet50_tl_20250829,8,4,60,112,64.0,116.0,139.23306274414062,139.07762145996094,0.1554412841796875
s_butterfly_350,resnet50_tl_20250829,8,4,60,116,64.0,120.0,139.23306274414062,139.0738525390625,0.159210205078125
s_butterfly_350,resnet50_tl_20250829,8,4,60,120,64.0,124.0,139.23306274414062,138.85012817382812,0.3829345703125
s_butterfly_350,resnet50_tl_20250829,8,4,60,124,64.0,128.0,139.23306274414062,138.79464721679688,0.43841552734375
s_butterfly_350,resnet50_tl_20250829,8,4,60,128,64.0,132.0,139.23306274414062,138.70127868652344,0.5317840576171875
s_butterfly_350,resnet50_tl_20250829,8,4,60,132,64.0,136.0,139.23306274414062,138.85870361328125,0.374359130859375
s_butterfly_350,resnet50_tl_20250829,8,4,60,136,64.0,140.0,139.23306274414062,139.0072479248047,0.2258148193359375
s_butterfly_350,resnet50_tl_20250829,8,4,60,140,64.0,144.0,139.23306274414062,138.98902893066406,0.2440338134765625
s_butterfly_350,resnet50_tl_20250829,8,4,60,144,64.0,148.0,139.23306274414062,138.94021606445312,0.2928466796875
s_butterfly_350,resnet50_tl_20250829,8,4,60,148,64.0,152.0,139.23306274414062,139.11959838867188,0.11346435546875
s_butterfly_350,resnet50_tl_20250829,8,4,60,152,64.0,156.0,139.23306274414062,139.20709228515625,0.025970458984375
s_butterfly_350,resnet50_tl_20250829,8,4,60,156,64.0,160.0,139.23306274414062,139.1117706298828,0.1212921142578125
s_butterfly_350,resnet50_tl_20250829,8,4,60,160,64.0,164.0,139.23306274414062,139.0774383544922,0.1556243896484375
s_butterfly_350,resnet50_tl_20250829,8,4,60,164,64.0,168.0,139.23306274414062,139.01962280273438,0.21343994140625
s_butterfly_350,resnet50_tl_20250829,8,4,60,168,64.0,172.0,139.23306274414062,139.02639770507812,0.2066650390625
s_butterfly_350,resnet50_tl_20250829,8,4,60,172,64.0,176.0,139.23306274414062,139.01022338867188,0.22283935546875
s_butterfly_350,resnet50_tl_20250829,8,4,60,176,64.0,180.0,139.23306274414062,138.97247314453125,0.260589599609375
s_butterfly_350,resnet50_tl_20250829,8,4,60,180,64.0,184.0,139.23306274414062,139.04248046875,0.190582275390625
s_butterfly_350,resnet50_tl_20250829,8,4,60,184,64.0,188.0,139.23306274414062,139.0452880859375,0.187774658203125
s_butterfly_350,resnet50_tl_20250829,8,4,60,188,64.0,192.0,139.23306274414062,138.96353149414062,0.26953125
s_butterfly_350,resnet50_tl_20250829,8,4,60,192,64.0,196.0,139.23306274414062,138.94342041015625,0.289642333984375
s_butterfly_350,resnet50_tl_20250829,8,4,60,196,64.0,200.0,139.23306274414062,139.0618896484375,0.171173095703125
s_butterfly_350,resnet50_tl_20250829,8,4,60,200,64.0,204.0,139.23306274414062,139.06895446777344,0.1641082763671875
s_butterfly_350,resnet50_tl_20250829,8,4,60,204,64.0,208.0,139.23306274414062,138.91860961914062,0.314453125
s_butterfly_350,resnet50_tl_20250829,8,4,60,208,64.0,212.0,139.23306274414062,138.98727416992188,0.24578857421875
s_butterfly_350,resnet50_tl_20250829,8,4,60,212,64.0,216.0,139.23306274414062,139.0732421875,0.159820556640625
s_butterfly_350,resnet50_tl_20250829,8,4,60,216,64.0,220.0,139.23306274414062,139.1215057373047,0.1115570068359375
s_butterfly_350,resnet50_tl_20250829,8,4,64,0,68.0,4.0,139.23306274414062,139.10687255859375,0.126190185546875
s_butterfly_350,resnet50_tl_20250829,8,4,64,4,68.0,8.0,139.23306274414062,139.09510803222656,0.1379547119140625
s_butterfly_350,resnet50_tl_20250829,8,4,64,8,68.0,12.0,139.23306274414062,139.0503387451172,0.1827239990234375
s_butterfly_350,resnet50_tl_20250829,8,4,64,12,68.0,16.0,139.23306274414062,139.072265625,0.160797119140625
s_butterfly_350,resnet50_tl_20250829,8,4,64,16,68.0,20.0,139.23306274414062,139.1053009033203,0.1277618408203125
s_butterfly_350,resnet50_tl_20250829,8,4,64,20,68.0,24.0,139.23306274414062,139.01406860351562,0.218994140625
s_butterfly_350,resnet50_tl_20250829,8,4,64,24,68.0,28.0,139.23306274414062,139.0603485107422,0.1727142333984375
s_butterfly_350,resnet50_tl_20250829,8,4,64,28,68.0,32.0,139.23306274414062,138.9146270751953,0.3184356689453125
s_butterfly_350,resnet50_tl_20250829,8,4,64,32,68.0,36.0,139.23306274414062,139.01344299316406,0.2196197509765625
s_butterfly_350,resnet50_tl_20250829,8,4,64,36,68.0,40.0,139.23306274414062,138.93417358398438,0.29888916015625
s_butterfly_350,resnet50_tl_20250829,8,4,64,40,68.0,44.0,139.23306274414062,138.97927856445312,0.2537841796875
s_butterfly_350,resnet50_tl_20250829,8,4,64,44,68.0,48.0,139.23306274414062,138.91783142089844,0.3152313232421875
s_butterfly_350,resnet50_tl_20250829,8,4,64,48,68.0,52.0,139.23306274414062,138.94264221191406,0.2904205322265625
s_butterfly_350,resnet50_tl_20250829,8,4,64,52,68.0,56.0,139.23306274414062,138.96542358398438,0.26763916015625
s_butterfly_350,resnet50_tl_20250829,8,4,64,56,68.0,60.0,139.23306274414062,139.1422882080078,0.0907745361328125
s_butterfly_350,resnet50_tl_20250829,8,4,64,60,68.0,64.0,139.23306274414062,138.95098876953125,0.282073974609375
s_butterfly_350,resnet50_tl_20250829,8,4,64,64,68.0,68.0,139.23306274414062,138.9031982421875,0.329864501953125
s_butterfly_350,resnet50_tl_20250829,8,4,64,68,68.0,72.0,139.23306274414062,138.96319580078125,0.269866943359375
s_butterfly_350,resnet50_tl_20250829,8,4,64,72,68.0,76.0,139.23306274414062,138.9946746826172,0.2383880615234375
s_butterfly_350,resnet50_tl_20250829,8,4,64,76,68.0,80.0,139.23306274414062,138.8792724609375,0.353790283203125
s_butterfly_350,resnet50_tl_20250829,8,4,64,80,68.0,84.0,139.23306274414062,138.85260009765625,0.380462646484375
s_butterfly_350,resnet50_tl_20250829,8,4,64,84,68.0,88.0,139.23306274414062,138.9898223876953,0.2432403564453125
s_butterfly_350,resnet50_tl_20250829,8,4,64,88,68.0,92.0,139.23306274414062,139.17120361328125,0.061859130859375
s_butterfly_350,resnet50_tl_20250829,8,4,64,92,68.0,96.0,139.23306274414062,139.2457275390625,-0.012664794921875
s_butterfly_350,resnet50_tl_20250829,8,4,64,96,68.0,100.0,139.23306274414062,139.17340087890625,0.059661865234375
s_butterfly_350,resnet50_tl_20250829,8,4,64,100,68.0,104.0,139.23306274414062,139.24932861328125,-0.016265869140625
s_butterfly_350,resnet50_tl_20250829,8,4,64,104,68.0,108.0,139.23306274414062,139.21449279785156,0.0185699462890625
s_butterfly_350,resnet50_tl_20250829,8,4,64,108,68.0,112.0,139.23306274414062,139.10379028320312,0.1292724609375
s_butterfly_350,resnet50_tl_20250829,8,4,64,112,68.0,116.0,139.23306274414062,139.1433868408203,0.0896759033203125
s_butterfly_350,resnet50_tl_20250829,8,4,64,116,68.0,120.0,139.23306274414062,139.0326690673828,0.2003936767578125
s_butterfly_350,resnet50_tl_20250829,8,4,64,120,68.0,124.0,139.23306274414062,138.8135528564453,0.4195098876953125
s_butterfly_350,resnet50_tl_20250829,8,4,64,124,68.0,128.0,139.23306274414062,138.73098754882812,0.5020751953125
s_butterfly_350,resnet50_tl_20250829,8,4,64,128,68.0,132.0,139.23306274414062,138.71466064453125,0.518402099609375
s_butterfly_350,resnet50_tl_20250829,8,4,64,132,68.0,136.0,139.23306274414062,138.9690399169922,0.2640228271484375
s_butterfly_350,resnet50_tl_20250829,8,4,64,136,68.0,140.0,139.23306274414062,139.044189453125,0.188873291015625
s_butterfly_350,resnet50_tl_20250829,8,4,64,140,68.0,144.0,139.23306274414062,139.14389038085938,0.08917236328125
s_butterfly_350,resnet50_tl_20250829,8,4,64,144,68.0,148.0,139.23306274414062,139.1181182861328,0.1149444580078125
s_butterfly_350,resnet50_tl_20250829,8,4,64,148,68.0,152.0,139.23306274414062,139.2519073486328,-0.0188446044921875
s_butterfly_350,resnet50_tl_20250829,8,4,64,152,68.0,156.0,139.23306274414062,139.14198303222656,0.0910797119140625
s_butterfly_350,resnet50_tl_20250829,8,4,64,156,68.0,160.0,139.23306274414062,139.0221710205078,0.2108917236328125
s_butterfly_350,resnet50_tl_20250829,8,4,64,160,68.0,164.0,139.23306274414062,139.0404510498047,0.1926116943359375
s_butterfly_350,resnet50_tl_20250829,8,4,64,164,68.0,168.0,139.23306274414062,139.00540161132812,0.2276611328125
s_butterfly_350,resnet50_tl_20250829,8,4,64,168,68.0,172.0,139.23306274414062,139.0859832763672,0.1470794677734375
s_butterfly_350,resnet50_tl_20250829,8,4,64,172,68.0,176.0,139.23306274414062,139.03268432617188,0.20037841796875
s_butterfly_350,resnet50_tl_20250829,8,4,64,176,68.0,180.0,139.23306274414062,139.064697265625,0.168365478515625
s_butterfly_350,resnet50_tl_20250829,8,4,64,180,68.0,184.0,139.23306274414062,139.11300659179688,0.12005615234375
s_butterfly_350,resnet50_tl_20250829,8,4,64,184,68.0,188.0,139.23306274414062,139.06552124023438,0.16754150390625
s_butterfly_350,resnet50_tl_20250829,8,4,64,188,68.0,192.0,139.23306274414062,138.97128295898438,0.26177978515625
s_butterfly_350,resnet50_tl_20250829,8,4,64,192,68.0,196.0,139.23306274414062,138.95408630371094,0.2789764404296875
s_butterfly_350,resnet50_tl_20250829,8,4,64,196,68.0,200.0,139.23306274414062,139.0225067138672,0.2105560302734375
s_butterfly_350,resnet50_tl_20250829,8,4,64,200,68.0,204.0,139.23306274414062,139.03335571289062,0.19970703125
s_butterfly_350,resnet50_tl_20250829,8,4,64,204,68.0,208.0,139.23306274414062,138.9884796142578,0.2445831298828125
s_butterfly_350,resnet50_tl_20250829,8,4,64,208,68.0,212.0,139.23306274414062,139.0371856689453,0.1958770751953125
s_butterfly_350,resnet50_tl_20250829,8,4,64,212,68.0,216.0,139.23306274414062,139.10108947753906,0.1319732666015625
s_butterfly_350,resnet50_tl_20250829,8,4,64,216,68.0,220.0,139.23306274414062,139.12721252441406,0.1058502197265625
s_butterfly_350,resnet50_tl_20250829,8,4,68,0,72.0,4.0,139.23306274414062,139.24452209472656,-0.0114593505859375
s_butterfly_350,resnet50_tl_20250829,8,4,68,4,72.0,8.0,139.23306274414062,139.16920471191406,0.0638580322265625
s_butterfly_350,resnet50_tl_20250829,8,4,68,8,72.0,12.0,139.23306274414062,139.12469482421875,0.108367919921875
s_butterfly_350,resnet50_tl_20250829,8,4,68,12,72.0,16.0,139.23306274414062,139.07894897460938,0.15411376953125
s_butterfly_350,resnet50_tl_20250829,8,4,68,16,72.0,20.0,139.23306274414062,139.2095947265625,0.023468017578125
s_butterfly_350,resnet50_tl_20250829,8,4,68,20,72.0,24.0,139.23306274414062,139.1069793701172,0.1260833740234375
s_butterfly_350,resnet50_tl_20250829,8,4,68,24,72.0,28.0,139.23306274414062,139.05506896972656,0.1779937744140625
s_butterfly_350,resnet50_tl_20250829,8,4,68,28,72.0,32.0,139.23306274414062,139.05104064941406,0.1820220947265625
s_butterfly_350,resnet50_tl_20250829,8,4,68,32,72.0,36.0,139.23306274414062,139.04171752929688,0.19134521484375
s_butterfly_350,resnet50_tl_20250829,8,4,68,36,72.0,40.0,139.23306274414062,138.94766235351562,0.285400390625
s_butterfly_350,resnet50_tl_20250829,8,4,68,40,72.0,44.0,139.23306274414062,138.93153381347656,0.3015289306640625
s_butterfly_350,resnet50_tl_20250829,8,4,68,44,72.0,48.0,139.23306274414062,138.91270446777344,0.3203582763671875
s_butterfly_350,resnet50_tl_20250829,8,4,68,48,72.0,52.0,139.23306274414062,138.88511657714844,0.3479461669921875
s_butterfly_350,resnet50_tl_20250829,8,4,68,52,72.0,56.0,139.23306274414062,138.80450439453125,0.428558349609375
s_butterfly_350,resnet50_tl_20250829,8,4,68,56,72.0,60.0,139.23306274414062,138.97328186035156,0.2597808837890625
s_butterfly_350,resnet50_tl_20250829,8,4,68,60,72.0,64.0,139.23306274414062,138.9989013671875,0.234161376953125
s_butterfly_350,resnet50_tl_20250829,8,4,68,64,72.0,68.0,139.23306274414062,138.9354705810547,0.2975921630859375
s_butterfly_350,resnet50_tl_20250829,8,4,68,68,72.0,72.0,139.23306274414062,138.90322875976562,0.329833984375
s_butterfly_350,resnet50_tl_20250829,8,4,68,72,72.0,76.0,139.23306274414062,138.9398193359375,0.293243408203125
s_butterfly_350,resnet50_tl_20250829,8,4,68,76,72.0,80.0,139.23306274414062,139.03614807128906,0.1969146728515625
s_butterfly_350,resnet50_tl_20250829,8,4,68,80,72.0,84.0,139.23306274414062,139.13128662109375,0.101776123046875
s_butterfly_350,resnet50_tl_20250829,8,4,68,84,72.0,88.0,139.23306274414062,139.003662109375,0.229400634765625
s_butterfly_350,resnet50_tl_20250829,8,4,68,88,72.0,92.0,139.23306274414062,139.17611694335938,0.05694580078125
s_butterfly_350,resnet50_tl_20250829,8,4,68,92,72.0,96.0,139.23306274414062,139.25148010253906,-0.0184173583984375
s_butterfly_350,resnet50_tl_20250829,8,4,68,96,72.0,100.0,139.23306274414062,139.3370819091797,-0.1040191650390625
s_butterfly_350,resnet50_tl_20250829,8,4,68,100,72.0,104.0,139.23306274414062,139.35205078125,-0.118988037109375
s_butterfly_350,resnet50_tl_20250829,8,4,68,104,72.0,108.0,139.23306274414062,139.48486328125,-0.251800537109375
s_butterfly_350,resnet50_tl_20250829,8,4,68,108,72.0,112.0,139.23306274414062,139.19676208496094,0.0363006591796875
s_butterfly_350,resnet50_tl_20250829,8,4,68,112,72.0,116.0,139.23306274414062,139.18826293945312,0.0447998046875
s_butterfly_350,resnet50_tl_20250829,8,4,68,116,72.0,120.0,139.23306274414062,139.1975555419922,0.0355072021484375
s_butterfly_350,resnet50_tl_20250829,8,4,68,120,72.0,124.0,139.23306274414062,139.19735717773438,0.03570556640625
s_butterfly_350,resnet50_tl_20250829,8,4,68,124,72.0,128.0,139.23306274414062,139.40194702148438,-0.16888427734375
s_butterfly_350,resnet50_tl_20250829,8,4,68,128,72.0,132.0,139.23306274414062,139.11073303222656,0.1223297119140625
s_butterfly_350,resnet50_tl_20250829,8,4,68,132,72.0,136.0,139.23306274414062,139.09237670898438,0.14068603515625
s_butterfly_350,resnet50_tl_20250829,8,4,68,136,72.0,140.0,139.23306274414062,139.22532653808594,0.0077362060546875
s_butterfly_350,resnet50_tl_20250829,8,4,68,140,72.0,144.0,139.23306274414062,139.20816040039062,0.02490234375
s_butterfly_350,resnet50_tl_20250829,8,4,68,144,72.0,148.0,139.23306274414062,139.1501922607422,0.0828704833984375
s_butterfly_350,resnet50_tl_20250829,8,4,68,148,72.0,152.0,139.23306274414062,139.1102752685547,0.1227874755859375
s_butterfly_350,resnet50_tl_20250829,8,4,68,152,72.0,156.0,139.23306274414062,138.99954223632812,0.2335205078125
s_butterfly_350,resnet50_tl_20250829,8,4,68,156,72.0,160.0,139.23306274414062,139.0283966064453,0.2046661376953125
s_butterfly_350,resnet50_tl_20250829,8,4,68,160,72.0,164.0,139.23306274414062,138.9883575439453,0.2447052001953125
s_butterfly_350,resnet50_tl_20250829,8,4,68,164,72.0,168.0,139.23306274414062,138.96240234375,0.270660400390625
s_butterfly_350,resnet50_tl_20250829,8,4,68,168,72.0,172.0,139.23306274414062,139.00868225097656,0.2243804931640625
s_butterfly_350,resnet50_tl_20250829,8,4,68,172,72.0,176.0,139.23306274414062,139.10614013671875,0.126922607421875
s_butterfly_350,resnet50_tl_20250829,8,4,68,176,72.0,180.0,139.23306274414062,139.1085662841797,0.1244964599609375
s_butterfly_350,resnet50_tl_20250829,8,4,68,180,72.0,184.0,139.23306274414062,139.0472869873047,0.1857757568359375
s_butterfly_350,resnet50_tl_20250829,8,4,68,184,72.0,188.0,139.23306274414062,138.98309326171875,0.249969482421875
s_butterfly_350,resnet50_tl_20250829,8,4,68,188,72.0,192.0,139.23306274414062,139.0050506591797,0.2280120849609375
s_butterfly_350,resnet50_tl_20250829,8,4,68,192,72.0,196.0,139.23306274414062,139.03836059570312,0.1947021484375
s_butterfly_350,resnet50_tl_20250829,8,4,68,196,72.0,200.0,139.23306274414062,139.09046936035156,0.1425933837890625
s_butterfly_350,resnet50_tl_20250829,8,4,68,200,72.0,204.0,139.23306274414062,139.12684631347656,0.1062164306640625
s_butterfly_350,resnet50_tl_20250829,8,4,68,204,72.0,208.0,139.23306274414062,139.20071411132812,0.0323486328125
s_butterfly_350,resnet50_tl_20250829,8,4,68,208,72.0,212.0,139.23306274414062,139.27052307128906,-0.0374603271484375
s_butterfly_350,resnet50_tl_20250829,8,4,68,212,72.0,216.0,139.23306274414062,139.1857452392578,0.0473175048828125
s_butterfly_350,resnet50_tl_20250829,8,4,68,216,72.0,220.0,139.23306274414062,139.11647033691406,0.1165924072265625
s_butterfly_350,resnet50_tl_20250829,8,4,72,0,76.0,4.0,139.23306274414062,139.21029663085938,0.02276611328125
s_butterfly_350,resnet50_tl_20250829,8,4,72,4,76.0,8.0,139.23306274414062,139.24844360351562,-0.015380859375
s_butterfly_350,resnet50_tl_20250829,8,4,72,8,76.0,12.0,139.23306274414062,139.31080627441406,-0.0777435302734375
s_butterfly_350,resnet50_tl_20250829,8,4,72,12,76.0,16.0,139.23306274414062,139.2285919189453,0.0044708251953125
s_butterfly_350,resnet50_tl_20250829,8,4,72,16,76.0,20.0,139.23306274414062,139.2561798095703,-0.0231170654296875
s_butterfly_350,resnet50_tl_20250829,8,4,72,20,76.0,24.0,139.23306274414062,139.15625,0.076812744140625
s_butterfly_350,resnet50_tl_20250829,8,4,72,24,76.0,28.0,139.23306274414062,139.11322021484375,0.119842529296875
s_butterfly_350,resnet50_tl_20250829,8,4,72,28,76.0,32.0,139.23306274414062,139.09555053710938,0.13751220703125
s_butterfly_350,resnet50_tl_20250829,8,4,72,32,76.0,36.0,139.23306274414062,139.1585693359375,0.074493408203125
s_butterfly_350,resnet50_tl_20250829,8,4,72,36,76.0,40.0,139.23306274414062,138.95956420898438,0.27349853515625
s_butterfly_350,resnet50_tl_20250829,8,4,72,40,76.0,44.0,139.23306274414062,138.98089599609375,0.252166748046875
s_butterfly_350,resnet50_tl_20250829,8,4,72,44,76.0,48.0,139.23306274414062,139.00625610351562,0.226806640625
s_butterfly_350,resnet50_tl_20250829,8,4,72,48,76.0,52.0,139.23306274414062,139.02317810058594,0.2098846435546875
s_butterfly_350,resnet50_tl_20250829,8,4,72,52,76.0,56.0,139.23306274414062,138.8896484375,0.343414306640625
s_butterfly_350,resnet50_tl_20250829,8,4,72,56,76.0,60.0,139.23306274414062,138.9736328125,0.259429931640625
s_butterfly_350,resnet50_tl_20250829,8,4,72,60,76.0,64.0,139.23306274414062,139.01260375976562,0.220458984375
s_butterfly_350,resnet50_tl_20250829,8,4,72,64,76.0,68.0,139.23306274414062,138.9454345703125,0.287628173828125
s_butterfly_350,resnet50_tl_20250829,8,4,72,68,76.0,72.0,139.23306274414062,138.8446502685547,0.3884124755859375
s_butterfly_350,resnet50_tl_20250829,8,4,72,72,76.0,76.0,139.23306274414062,138.96014404296875,0.272918701171875
s_butterfly_350,resnet50_tl_20250829,8,4,72,76,76.0,80.0,139.23306274414062,139.00921630859375,0.223846435546875
s_butterfly_350,resnet50_tl_20250829,8,4,72,80,76.0,84.0,139.23306274414062,138.98443603515625,0.248626708984375
s_butterfly_350,resnet50_tl_20250829,8,4,72,84,76.0,88.0,139.23306274414062,139.21124267578125,0.021820068359375
s_butterfly_350,resnet50_tl_20250829,8,4,72,88,76.0,92.0,139.23306274414062,139.08680725097656,0.1462554931640625
s_butterfly_350,resnet50_tl_20250829,8,4,72,92,76.0,96.0,139.23306274414062,139.15106201171875,0.082000732421875
s_butterfly_350,resnet50_tl_20250829,8,4,72,96,76.0,100.0,139.23306274414062,139.11672973632812,0.1163330078125
s_butterfly_350,resnet50_tl_20250829,8,4,72,100,76.0,104.0,139.23306274414062,139.01248168945312,0.2205810546875
s_butterfly_350,resnet50_tl_20250829,8,4,72,104,76.0,108.0,139.23306274414062,139.2627410888672,-0.0296783447265625
s_butterfly_350,resnet50_tl_20250829,8,4,72,108,76.0,112.0,139.23306274414062,139.10911560058594,0.1239471435546875
s_butterfly_350,resnet50_tl_20250829,8,4,72,112,76.0,116.0,139.23306274414062,138.98805236816406,0.2450103759765625
s_butterfly_350,resnet50_tl_20250829,8,4,72,116,76.0,120.0,139.23306274414062,139.10940551757812,0.1236572265625
s_butterfly_350,resnet50_tl_20250829,8,4,72,120,76.0,124.0,139.23306274414062,139.2351837158203,-0.0021209716796875
s_butterfly_350,resnet50_tl_20250829,8,4,72,124,76.0,128.0,139.23306274414062,139.0876922607422,0.1453704833984375
s_butterfly_350,resnet50_tl_20250829,8,4,72,128,76.0,132.0,139.23306274414062,139.0867462158203,0.1463165283203125
s_butterfly_350,resnet50_tl_20250829,8,4,72,132,76.0,136.0,139.23306274414062,139.11903381347656,0.1140289306640625
s_butterfly_350,resnet50_tl_20250829,8,4,72,136,76.0,140.0,139.23306274414062,139.11544799804688,0.11761474609375
s_butterfly_350,resnet50_tl_20250829,8,4,72,140,76.0,144.0,139.23306274414062,139.0632781982422,0.1697845458984375
s_butterfly_350,resnet50_tl_20250829,8,4,72,144,76.0,148.0,139.23306274414062,139.08920288085938,0.14385986328125
s_butterfly_350,resnet50_tl_20250829,8,4,72,148,76.0,152.0,139.23306274414062,138.97979736328125,0.253265380859375
s_butterfly_350,resnet50_tl_20250829,8,4,72,152,76.0,156.0,139.23306274414062,138.98472595214844,0.2483367919921875
s_butterfly_350,resnet50_tl_20250829,8,4,72,156,76.0,160.0,139.23306274414062,139.0846710205078,0.1483917236328125
s_butterfly_350,resnet50_tl_20250829,8,4,72,160,76.0,164.0,139.23306274414062,139.1307830810547,0.1022796630859375
s_butterfly_350,resnet50_tl_20250829,8,4,72,164,76.0,168.0,139.23306274414062,139.01097106933594,0.2220916748046875
s_butterfly_350,resnet50_tl_20250829,8,4,72,168,76.0,172.0,139.23306274414062,139.0631561279297,0.1699066162109375
s_butterfly_350,resnet50_tl_20250829,8,4,72,172,76.0,176.0,139.23306274414062,139.16648864746094,0.0665740966796875
s_butterfly_350,resnet50_tl_20250829,8,4,72,176,76.0,180.0,139.23306274414062,139.13275146484375,0.100311279296875
s_butterfly_350,resnet50_tl_20250829,8,4,72,180,76.0,184.0,139.23306274414062,139.0210723876953,0.2119903564453125
s_butterfly_350,resnet50_tl_20250829,8,4,72,184,76.0,188.0,139.23306274414062,139.02447509765625,0.208587646484375
s_butterfly_350,resnet50_tl_20250829,8,4,72,188,76.0,192.0,139.23306274414062,139.1239471435547,0.1091156005859375
s_butterfly_350,resnet50_tl_20250829,8,4,72,192,76.0,196.0,139.23306274414062,139.1323699951172,0.1006927490234375
s_butterfly_350,resnet50_tl_20250829,8,4,72,196,76.0,200.0,139.23306274414062,139.2704315185547,-0.0373687744140625
s_butterfly_350,resnet50_tl_20250829,8,4,72,200,76.0,204.0,139.23306274414062,139.22207641601562,0.010986328125
s_butterfly_350,resnet50_tl_20250829,8,4,72,204,76.0,208.0,139.23306274414062,139.2750244140625,-0.041961669921875
s_butterfly_350,resnet50_tl_20250829,8,4,72,208,76.0,212.0,139.23306274414062,139.2991180419922,-0.0660552978515625
s_butterfly_350,resnet50_tl_20250829,8,4,72,212,76.0,216.0,139.23306274414062,139.1691131591797,0.0639495849609375
s_butterfly_350,resnet50_tl_20250829,8,4,72,216,76.0,220.0,139.23306274414062,139.1365203857422,0.0965423583984375
s_butterfly_350,resnet50_tl_20250829,8,4,76,0,80.0,4.0,139.23306274414062,139.23956298828125,-0.006500244140625
s_butterfly_350,resnet50_tl_20250829,8,4,76,4,80.0,8.0,139.23306274414062,139.257568359375,-0.024505615234375
s_butterfly_350,resnet50_tl_20250829,8,4,76,8,80.0,12.0,139.23306274414062,139.4371337890625,-0.204071044921875
s_butterfly_350,resnet50_tl_20250829,8,4,76,12,80.0,16.0,139.23306274414062,139.4571533203125,-0.224090576171875
s_butterfly_350,resnet50_tl_20250829,8,4,76,16,80.0,20.0,139.23306274414062,139.4463348388672,-0.2132720947265625
s_butterfly_350,resnet50_tl_20250829,8,4,76,20,80.0,24.0,139.23306274414062,139.22769165039062,0.00537109375
s_butterfly_350,resnet50_tl_20250829,8,4,76,24,80.0,28.0,139.23306274414062,139.16458129882812,0.0684814453125
s_butterfly_350,resnet50_tl_20250829,8,4,76,28,80.0,32.0,139.23306274414062,139.13589477539062,0.09716796875
s_butterfly_350,resnet50_tl_20250829,8,4,76,32,80.0,36.0,139.23306274414062,139.13905334472656,0.0940093994140625
s_butterfly_350,resnet50_tl_20250829,8,4,76,36,80.0,40.0,139.23306274414062,139.11265563964844,0.1204071044921875
s_butterfly_350,resnet50_tl_20250829,8,4,76,40,80.0,44.0,139.23306274414062,139.0751190185547,0.1579437255859375
s_butterfly_350,resnet50_tl_20250829,8,4,76,44,80.0,48.0,139.23306274414062,139.06024169921875,0.172821044921875
s_butterfly_350,resnet50_tl_20250829,8,4,76,48,80.0,52.0,139.23306274414062,138.9603729248047,0.2726898193359375
s_butterfly_350,resnet50_tl_20250829,8,4,76,52,80.0,56.0,139.23306274414062,139.00210571289062,0.23095703125
s_butterfly_350,resnet50_tl_20250829,8,4,76,56,80.0,60.0,139.23306274414062,138.96156311035156,0.2714996337890625
s_butterfly_350,resnet50_tl_20250829,8,4,76,60,80.0,64.0,139.23306274414062,138.89474487304688,0.33831787109375
s_butterfly_350,resnet50_tl_20250829,8,4,76,64,80.0,68.0,139.23306274414062,138.89273071289062,0.34033203125
s_butterfly_350,resnet50_tl_20250829,8,4,76,68,80.0,72.0,139.23306274414062,138.91323852539062,0.31982421875
s_butterfly_350,resnet50_tl_20250829,8,4,76,72,80.0,76.0,139.23306274414062,138.91839599609375,0.314666748046875
s_butterfly_350,resnet50_tl_20250829,8,4,76,76,80.0,80.0,139.23306274414062,138.93470764160156,0.2983551025390625
s_butterfly_350,resnet50_tl_20250829,8,4,76,80,80.0,84.0,139.23306274414062,138.9304656982422,0.3025970458984375
s_butterfly_350,resnet50_tl_20250829,8,4,76,84,80.0,88.0,139.23306274414062,139.02175903320312,0.2113037109375
s_butterfly_350,resnet50_tl_20250829,8,4,76,88,80.0,92.0,139.23306274414062,139.31442260742188,-0.08135986328125
s_butterfly_350,resnet50_tl_20250829,8,4,76,92,80.0,96.0,139.23306274414062,139.06045532226562,0.172607421875
s_butterfly_350,resnet50_tl_20250829,8,4,76,96,80.0,100.0,139.23306274414062,138.99337768554688,0.23968505859375
s_butterfly_350,resnet50_tl_20250829,8,4,76,100,80.0,104.0,139.23306274414062,139.13299560546875,0.100067138671875
s_butterfly_350,resnet50_tl_20250829,8,4,76,104,80.0,108.0,139.23306274414062,139.18655395507812,0.0465087890625
s_butterfly_350,resnet50_tl_20250829,8,4,76,108,80.0,112.0,139.23306274414062,138.9095916748047,0.3234710693359375
s_butterfly_350,resnet50_tl_20250829,8,4,76,112,80.0,116.0,139.23306274414062,138.8419647216797,0.3910980224609375
s_butterfly_350,resnet50_tl_20250829,8,4,76,116,80.0,120.0,139.23306274414062,139.2492218017578,-0.0161590576171875
s_butterfly_350,resnet50_tl_20250829,8,4,76,120,80.0,124.0,139.23306274414062,139.03164672851562,0.201416015625
s_butterfly_350,resnet50_tl_20250829,8,4,76,124,80.0,128.0,139.23306274414062,139.0854949951172,0.1475677490234375
s_butterfly_350,resnet50_tl_20250829,8,4,76,128,80.0,132.0,139.23306274414062,139.1181182861328,0.1149444580078125
s_butterfly_350,resnet50_tl_20250829,8,4,76,132,80.0,136.0,139.23306274414062,139.060546875,0.172515869140625
s_butterfly_350,resnet50_tl_20250829,8,4,76,136,80.0,140.0,139.23306274414062,139.00390625,0.229156494140625
s_butterfly_350,resnet50_tl_20250829,8,4,76,140,80.0,144.0,139.23306274414062,139.0119171142578,0.2211456298828125
s_butterfly_350,resnet50_tl_20250829,8,4,76,144,80.0,148.0,139.23306274414062,139.03684997558594,0.1962127685546875
s_butterfly_350,resnet50_tl_20250829,8,4,76,148,80.0,152.0,139.23306274414062,139.09791564941406,0.1351470947265625
s_butterfly_350,resnet50_tl_20250829,8,4,76,152,80.0,156.0,139.23306274414062,139.0236358642578,0.2094268798828125
s_butterfly_350,resnet50_tl_20250829,8,4,76,156,80.0,160.0,139.23306274414062,139.04745483398438,0.18560791015625
s_butterfly_350,resnet50_tl_20250829,8,4,76,160,80.0,164.0,139.23306274414062,139.03128051757812,0.2017822265625
s_butterfly_350,resnet50_tl_20250829,8,4,76,164,80.0,168.0,139.23306274414062,139.1277313232422,0.1053314208984375
s_butterfly_350,resnet50_tl_20250829,8,4,76,168,80.0,172.0,139.23306274414062,139.12327575683594,0.1097869873046875
s_butterfly_350,resnet50_tl_20250829,8,4,76,172,80.0,176.0,139.23306274414062,139.1300048828125,0.103057861328125
s_butterfly_350,resnet50_tl_20250829,8,4,76,176,80.0,180.0,139.23306274414062,139.0848846435547,0.1481781005859375
s_butterfly_350,resnet50_tl_20250829,8,4,76,180,80.0,184.0,139.23306274414062,139.05313110351562,0.179931640625
s_butterfly_350,resnet50_tl_20250829,8,4,76,184,80.0,188.0,139.23306274414062,139.10739135742188,0.12567138671875
s_butterfly_350,resnet50_tl_20250829,8,4,76,188,80.0,192.0,139.23306274414062,139.26925659179688,-0.03619384765625
s_butterfly_350,resnet50_tl_20250829,8,4,76,192,80.0,196.0,139.23306274414062,139.25425720214844,-0.0211944580078125
s_butterfly_350,resnet50_tl_20250829,8,4,76,196,80.0,200.0,139.23306274414062,139.2953338623047,-0.0622711181640625
s_butterfly_350,resnet50_tl_20250829,8,4,76,200,80.0,204.0,139.23306274414062,139.2848663330078,-0.0518035888671875
s_butterfly_350,resnet50_tl_20250829,8,4,76,204,80.0,208.0,139.23306274414062,139.3553924560547,-0.1223297119140625
s_butterfly_350,resnet50_tl_20250829,8,4,76,208,80.0,212.0,139.23306274414062,139.28662109375,-0.053558349609375
s_butterfly_350,resnet50_tl_20250829,8,4,76,212,80.0,216.0,139.23306274414062,139.20623779296875,0.026824951171875
s_butterfly_350,resnet50_tl_20250829,8,4,76,216,80.0,220.0,139.23306274414062,139.16531372070312,0.0677490234375
s_butterfly_350,resnet50_tl_20250829,8,4,80,0,84.0,4.0,139.23306274414062,139.24147033691406,-0.0084075927734375
s_butterfly_350,resnet50_tl_20250829,8,4,80,4,84.0,8.0,139.23306274414062,139.22911071777344,0.0039520263671875
s_butterfly_350,resnet50_tl_20250829,8,4,80,8,84.0,12.0,139.23306274414062,139.4371795654297,-0.2041168212890625
s_butterfly_350,resnet50_tl_20250829,8,4,80,12,84.0,16.0,139.23306274414062,139.4371795654297,-0.2041168212890625
s_butterfly_350,resnet50_tl_20250829,8,4,80,16,84.0,20.0,139.23306274414062,139.35504150390625,-0.121978759765625
s_butterfly_350,resnet50_tl_20250829,8,4,80,20,84.0,24.0,139.23306274414062,139.22259521484375,0.010467529296875
s_butterfly_350,resnet50_tl_20250829,8,4,80,24,84.0,28.0,139.23306274414062,139.18324279785156,0.0498199462890625
s_butterfly_350,resnet50_tl_20250829,8,4,80,28,84.0,32.0,139.23306274414062,139.12460327148438,0.10845947265625
s_butterfly_350,resnet50_tl_20250829,8,4,80,32,84.0,36.0,139.23306274414062,139.1773223876953,0.0557403564453125
s_butterfly_350,resnet50_tl_20250829,8,4,80,36,84.0,40.0,139.23306274414062,139.1143798828125,0.118682861328125
s_butterfly_350,resnet50_tl_20250829,8,4,80,40,84.0,44.0,139.23306274414062,139.14195251464844,0.0911102294921875
s_butterfly_350,resnet50_tl_20250829,8,4,80,44,84.0,48.0,139.23306274414062,139.05712890625,0.175933837890625
s_butterfly_350,resnet50_tl_20250829,8,4,80,48,84.0,52.0,139.23306274414062,139.08164978027344,0.1514129638671875
s_butterfly_350,resnet50_tl_20250829,8,4,80,52,84.0,56.0,139.23306274414062,139.05145263671875,0.181610107421875
s_butterfly_350,resnet50_tl_20250829,8,4,80,56,84.0,60.0,139.23306274414062,139.05828857421875,0.174774169921875
s_butterfly_350,resnet50_tl_20250829,8,4,80,60,84.0,64.0,139.23306274414062,138.91909790039062,0.31396484375
s_butterfly_350,resnet50_tl_20250829,8,4,80,64,84.0,68.0,139.23306274414062,138.9805908203125,0.252471923828125
s_butterfly_350,resnet50_tl_20250829,8,4,80,68,84.0,72.0,139.23306274414062,138.9691162109375,0.263946533203125
s_butterfly_350,resnet50_tl_20250829,8,4,80,72,84.0,76.0,139.23306274414062,139.05001831054688,0.18304443359375
s_butterfly_350,resnet50_tl_20250829,8,4,80,76,84.0,80.0,139.23306274414062,138.98509216308594,0.2479705810546875
s_butterfly_350,resnet50_tl_20250829,8,4,80,80,84.0,84.0,139.23306274414062,138.95074462890625,0.282318115234375
s_butterfly_350,resnet50_tl_20250829,8,4,80,84,84.0,88.0,139.23306274414062,139.01995849609375,0.213104248046875
s_butterfly_350,resnet50_tl_20250829,8,4,80,88,84.0,92.0,139.23306274414062,139.20228576660156,0.0307769775390625
s_butterfly_350,resnet50_tl_20250829,8,4,80,92,84.0,96.0,139.23306274414062,138.95167541503906,0.2813873291015625
s_butterfly_350,resnet50_tl_20250829,8,4,80,96,84.0,100.0,139.23306274414062,138.8611602783203,0.3719024658203125
s_butterfly_350,resnet50_tl_20250829,8,4,80,100,84.0,104.0,139.23306274414062,139.24803161621094,-0.0149688720703125
s_butterfly_350,resnet50_tl_20250829,8,4,80,104,84.0,108.0,139.23306274414062,139.2783660888672,-0.0453033447265625
s_butterfly_350,resnet50_tl_20250829,8,4,80,108,84.0,112.0,139.23306274414062,138.9207305908203,0.3123321533203125
s_butterfly_350,resnet50_tl_20250829,8,4,80,112,84.0,116.0,139.23306274414062,138.9901580810547,0.2429046630859375
s_butterfly_350,resnet50_tl_20250829,8,4,80,116,84.0,120.0,139.23306274414062,138.9378204345703,0.2952423095703125
s_butterfly_350,resnet50_tl_20250829,8,4,80,120,84.0,124.0,139.23306274414062,138.94264221191406,0.2904205322265625
s_butterfly_350,resnet50_tl_20250829,8,4,80,124,84.0,128.0,139.23306274414062,139.06475830078125,0.168304443359375
s_butterfly_350,resnet50_tl_20250829,8,4,80,128,84.0,132.0,139.23306274414062,139.07736206054688,0.15570068359375
s_butterfly_350,resnet50_tl_20250829,8,4,80,132,84.0,136.0,139.23306274414062,139.03431701660156,0.1987457275390625
s_butterfly_350,resnet50_tl_20250829,8,4,80,136,84.0,140.0,139.23306274414062,139.09385681152344,0.1392059326171875
s_butterfly_350,resnet50_tl_20250829,8,4,80,140,84.0,144.0,139.23306274414062,139.05519104003906,0.1778717041015625
s_butterfly_350,resnet50_tl_20250829,8,4,80,144,84.0,148.0,139.23306274414062,139.1460418701172,0.0870208740234375
s_butterfly_350,resnet50_tl_20250829,8,4,80,148,84.0,152.0,139.23306274414062,139.12908935546875,0.103973388671875
s_butterfly_350,resnet50_tl_20250829,8,4,80,152,84.0,156.0,139.23306274414062,139.1460418701172,0.0870208740234375
s_butterfly_350,resnet50_tl_20250829,8,4,80,156,84.0,160.0,139.23306274414062,139.05946350097656,0.1735992431640625
s_butterfly_350,resnet50_tl_20250829,8,4,80,160,84.0,164.0,139.23306274414062,139.1158905029297,0.1171722412109375
s_butterfly_350,resnet50_tl_20250829,8,4,80,164,84.0,168.0,139.23306274414062,139.15737915039062,0.07568359375
s_butterfly_350,resnet50_tl_20250829,8,4,80,168,84.0,172.0,139.23306274414062,139.21087646484375,0.022186279296875
s_butterfly_350,resnet50_tl_20250829,8,4,80,172,84.0,176.0,139.23306274414062,139.1754608154297,0.0576019287109375
s_butterfly_350,resnet50_tl_20250829,8,4,80,176,84.0,180.0,139.23306274414062,139.14004516601562,0.093017578125
s_butterfly_350,resnet50_tl_20250829,8,4,80,180,84.0,184.0,139.23306274414062,139.0810546875,0.152008056640625
s_butterfly_350,resnet50_tl_20250829,8,4,80,184,84.0,188.0,139.23306274414062,139.15719604492188,0.07586669921875
s_butterfly_350,resnet50_tl_20250829,8,4,80,188,84.0,192.0,139.23306274414062,139.23231506347656,0.0007476806640625
s_butterfly_350,resnet50_tl_20250829,8,4,80,192,84.0,196.0,139.23306274414062,139.27642822265625,-0.043365478515625
s_butterfly_350,resnet50_tl_20250829,8,4,80,196,84.0,200.0,139.23306274414062,139.29566955566406,-0.0626068115234375
s_butterfly_350,resnet50_tl_20250829,8,4,80,200,84.0,204.0,139.23306274414062,139.31442260742188,-0.08135986328125
s_butterfly_350,resnet50_tl_20250829,8,4,80,204,84.0,208.0,139.23306274414062,139.27552795410156,-0.0424652099609375
s_butterfly_350,resnet50_tl_20250829,8,4,80,208,84.0,212.0,139.23306274414062,139.25440979003906,-0.0213470458984375
s_butterfly_350,resnet50_tl_20250829,8,4,80,212,84.0,216.0,139.23306274414062,139.2084503173828,0.0246124267578125
s_butterfly_350,resnet50_tl_20250829,8,4,80,216,84.0,220.0,139.23306274414062,139.19961547851562,0.033447265625
s_butterfly_350,resnet50_tl_20250829,8,4,84,0,88.0,4.0,139.23306274414062,139.26828002929688,-0.03521728515625
s_butterfly_350,resnet50_tl_20250829,8,4,84,4,88.0,8.0,139.23306274414062,139.30628967285156,-0.0732269287109375
s_butterfly_350,resnet50_tl_20250829,8,4,84,8,88.0,12.0,139.23306274414062,139.3027801513672,-0.0697174072265625
s_butterfly_350,resnet50_tl_20250829,8,4,84,12,88.0,16.0,139.23306274414062,139.18942260742188,0.04364013671875
s_butterfly_350,resnet50_tl_20250829,8,4,84,16,88.0,20.0,139.23306274414062,139.13388061523438,0.09918212890625
s_butterfly_350,resnet50_tl_20250829,8,4,84,20,88.0,24.0,139.23306274414062,139.17929077148438,0.05377197265625
s_butterfly_350,resnet50_tl_20250829,8,4,84,24,88.0,28.0,139.23306274414062,139.10260009765625,0.130462646484375
s_butterfly_350,resnet50_tl_20250829,8,4,84,28,88.0,32.0,139.23306274414062,139.10980224609375,0.123260498046875
s_butterfly_350,resnet50_tl_20250829,8,4,84,32,88.0,36.0,139.23306274414062,139.11996459960938,0.11309814453125
s_butterfly_350,resnet50_tl_20250829,8,4,84,36,88.0,40.0,139.23306274414062,139.0823516845703,0.1507110595703125
s_butterfly_350,resnet50_tl_20250829,8,4,84,40,88.0,44.0,139.23306274414062,139.08120727539062,0.15185546875
s_butterfly_350,resnet50_tl_20250829,8,4,84,44,88.0,48.0,139.23306274414062,139.1279754638672,0.1050872802734375
s_butterfly_350,resnet50_tl_20250829,8,4,84,48,88.0,52.0,139.23306274414062,139.08221435546875,0.150848388671875
s_butterfly_350,resnet50_tl_20250829,8,4,84,52,88.0,56.0,139.23306274414062,139.03916931152344,0.1938934326171875
s_butterfly_350,resnet50_tl_20250829,8,4,84,56,88.0,60.0,139.23306274414062,139.04977416992188,0.18328857421875
s_butterfly_350,resnet50_tl_20250829,8,4,84,60,88.0,64.0,139.23306274414062,139.09214782714844,0.1409149169921875
s_butterfly_350,resnet50_tl_20250829,8,4,84,64,88.0,68.0,139.23306274414062,139.04583740234375,0.187225341796875
s_butterfly_350,resnet50_tl_20250829,8,4,84,68,88.0,72.0,139.23306274414062,138.96847534179688,0.26458740234375
s_butterfly_350,resnet50_tl_20250829,8,4,84,72,88.0,76.0,139.23306274414062,138.96475219726562,0.268310546875
s_butterfly_350,resnet50_tl_20250829,8,4,84,76,88.0,80.0,139.23306274414062,138.99600219726562,0.237060546875
s_butterfly_350,resnet50_tl_20250829,8,4,84,80,88.0,84.0,139.23306274414062,138.94268798828125,0.290374755859375
s_butterfly_350,resnet50_tl_20250829,8,4,84,84,88.0,88.0,139.23306274414062,139.0601348876953,0.1729278564453125
s_butterfly_350,resnet50_tl_20250829,8,4,84,88,88.0,92.0,139.23306274414062,139.1271209716797,0.1059417724609375
s_butterfly_350,resnet50_tl_20250829,8,4,84,92,88.0,96.0,139.23306274414062,139.06118774414062,0.171875
s_butterfly_350,resnet50_tl_20250829,8,4,84,96,88.0,100.0,139.23306274414062,139.22996520996094,0.0030975341796875
s_butterfly_350,resnet50_tl_20250829,8,4,84,100,88.0,104.0,139.23306274414062,139.06126403808594,0.1717987060546875
s_butterfly_350,resnet50_tl_20250829,8,4,84,104,88.0,108.0,139.23306274414062,139.1982879638672,0.0347747802734375
s_butterfly_350,resnet50_tl_20250829,8,4,84,108,88.0,112.0,139.23306274414062,139.05494689941406,0.1781158447265625
s_butterfly_350,resnet50_tl_20250829,8,4,84,112,88.0,116.0,139.23306274414062,139.00686645507812,0.2261962890625
s_butterfly_350,resnet50_tl_20250829,8,4,84,116,88.0,120.0,139.23306274414062,139.01492309570312,0.2181396484375
s_butterfly_350,resnet50_tl_20250829,8,4,84,120,88.0,124.0,139.23306274414062,139.0241241455078,0.2089385986328125
s_butterfly_350,resnet50_tl_20250829,8,4,84,124,88.0,128.0,139.23306274414062,139.0603790283203,0.1726837158203125
s_butterfly_350,resnet50_tl_20250829,8,4,84,128,88.0,132.0,139.23306274414062,139.0423583984375,0.190704345703125
s_butterfly_350,resnet50_tl_20250829,8,4,84,132,88.0,136.0,139.23306274414062,139.02552795410156,0.2075347900390625
s_butterfly_350,resnet50_tl_20250829,8,4,84,136,88.0,140.0,139.23306274414062,139.0952911376953,0.1377716064453125
s_butterfly_350,resnet50_tl_20250829,8,4,84,140,88.0,144.0,139.23306274414062,139.13531494140625,0.097747802734375
s_butterfly_350,resnet50_tl_20250829,8,4,84,144,88.0,148.0,139.23306274414062,139.08457946777344,0.1484832763671875
s_butterfly_350,resnet50_tl_20250829,8,4,84,148,88.0,152.0,139.23306274414062,139.0590057373047,0.1740570068359375
s_butterfly_350,resnet50_tl_20250829,8,4,84,152,88.0,156.0,139.23306274414062,139.07899475097656,0.1540679931640625
s_butterfly_350,resnet50_tl_20250829,8,4,84,156,88.0,160.0,139.23306274414062,139.133056640625,0.100006103515625
s_butterfly_350,resnet50_tl_20250829,8,4,84,160,88.0,164.0,139.23306274414062,139.09884643554688,0.13421630859375
s_butterfly_350,resnet50_tl_20250829,8,4,84,164,88.0,168.0,139.23306274414062,139.06906127929688,0.16400146484375
s_butterfly_350,resnet50_tl_20250829,8,4,84,168,88.0,172.0,139.23306274414062,139.13308715820312,0.0999755859375
s_butterfly_350,resnet50_tl_20250829,8,4,84,172,88.0,176.0,139.23306274414062,139.15237426757812,0.0806884765625
s_butterfly_350,resnet50_tl_20250829,8,4,84,176,88.0,180.0,139.23306274414062,139.05674743652344,0.1763153076171875
s_butterfly_350,resnet50_tl_20250829,8,4,84,180,88.0,184.0,139.23306274414062,139.0380859375,0.194976806640625
s_butterfly_350,resnet50_tl_20250829,8,4,84,184,88.0,188.0,139.23306274414062,139.1189422607422,0.1141204833984375
s_butterfly_350,resnet50_tl_20250829,8,4,84,188,88.0,192.0,139.23306274414062,139.1873016357422,0.0457611083984375
s_butterfly_350,resnet50_tl_20250829,8,4,84,192,88.0,196.0,139.23306274414062,139.27561950683594,-0.0425567626953125
s_butterfly_350,resnet50_tl_20250829,8,4,84,196,88.0,200.0,139.23306274414062,139.33726501464844,-0.1042022705078125
s_butterfly_350,resnet50_tl_20250829,8,4,84,200,88.0,204.0,139.23306274414062,139.3292236328125,-0.096160888671875
s_butterfly_350,resnet50_tl_20250829,8,4,84,204,88.0,208.0,139.23306274414062,139.32406616210938,-0.09100341796875
s_butterfly_350,resnet50_tl_20250829,8,4,84,208,88.0,212.0,139.23306274414062,139.2957763671875,-0.062713623046875
s_butterfly_350,resnet50_tl_20250829,8,4,84,212,88.0,216.0,139.23306274414062,139.2310028076172,0.0020599365234375
s_butterfly_350,resnet50_tl_20250829,8,4,84,216,88.0,220.0,139.23306274414062,139.18411254882812,0.0489501953125
s_butterfly_350,resnet50_tl_20250829,8,4,88,0,92.0,4.0,139.23306274414062,139.11294555664062,0.1201171875
s_butterfly_350,resnet50_tl_20250829,8,4,88,4,92.0,8.0,139.23306274414062,139.19351196289062,0.03955078125
s_butterfly_350,resnet50_tl_20250829,8,4,88,8,92.0,12.0,139.23306274414062,139.26527404785156,-0.0322113037109375
s_butterfly_350,resnet50_tl_20250829,8,4,88,12,92.0,16.0,139.23306274414062,139.2772674560547,-0.0442047119140625
s_butterfly_350,resnet50_tl_20250829,8,4,88,16,92.0,20.0,139.23306274414062,139.2454071044922,-0.0123443603515625
s_butterfly_350,resnet50_tl_20250829,8,4,88,20,92.0,24.0,139.23306274414062,139.2382049560547,-0.0051422119140625
s_butterfly_350,resnet50_tl_20250829,8,4,88,24,92.0,28.0,139.23306274414062,139.13604736328125,0.097015380859375
s_butterfly_350,resnet50_tl_20250829,8,4,88,28,92.0,32.0,139.23306274414062,139.1257781982422,0.1072845458984375
s_butterfly_350,resnet50_tl_20250829,8,4,88,32,92.0,36.0,139.23306274414062,139.1533660888672,0.0796966552734375
s_butterfly_350,resnet50_tl_20250829,8,4,88,36,92.0,40.0,139.23306274414062,139.1069793701172,0.1260833740234375
s_butterfly_350,resnet50_tl_20250829,8,4,88,40,92.0,44.0,139.23306274414062,139.14456176757812,0.0885009765625
s_butterfly_350,resnet50_tl_20250829,8,4,88,44,92.0,48.0,139.23306274414062,139.16470336914062,0.068359375
s_butterfly_350,resnet50_tl_20250829,8,4,88,48,92.0,52.0,139.23306274414062,139.16099548339844,0.0720672607421875
s_butterfly_350,resnet50_tl_20250829,8,4,88,52,92.0,56.0,139.23306274414062,139.0771026611328,0.1559600830078125
s_butterfly_350,resnet50_tl_20250829,8,4,88,56,92.0,60.0,139.23306274414062,139.07965087890625,0.153411865234375
s_butterfly_350,resnet50_tl_20250829,8,4,88,60,92.0,64.0,139.23306274414062,139.07553100585938,0.15753173828125
s_butterfly_350,resnet50_tl_20250829,8,4,88,64,92.0,68.0,139.23306274414062,139.06317138671875,0.169891357421875
s_butterfly_350,resnet50_tl_20250829,8,4,88,68,92.0,72.0,139.23306274414062,138.9656219482422,0.2674407958984375
s_butterfly_350,resnet50_tl_20250829,8,4,88,72,92.0,76.0,139.23306274414062,138.97714233398438,0.25592041015625
s_butterfly_350,resnet50_tl_20250829,8,4,88,76,92.0,80.0,139.23306274414062,139.01510620117188,0.21795654296875
s_butterfly_350,resnet50_tl_20250829,8,4,88,80,92.0,84.0,139.23306274414062,138.974365234375,0.258697509765625
s_butterfly_350,resnet50_tl_20250829,8,4,88,84,92.0,88.0,139.23306274414062,138.98829650878906,0.2447662353515625
s_butterfly_350,resnet50_tl_20250829,8,4,88,88,92.0,92.0,139.23306274414062,138.9896697998047,0.2433929443359375
s_butterfly_350,resnet50_tl_20250829,8,4,88,92,92.0,96.0,139.23306274414062,139.09535217285156,0.1377105712890625
s_butterfly_350,resnet50_tl_20250829,8,4,88,96,92.0,100.0,139.23306274414062,139.06666564941406,0.1663970947265625
s_butterfly_350,resnet50_tl_20250829,8,4,88,100,92.0,104.0,139.23306274414062,139.03927612304688,0.19378662109375
s_butterfly_350,resnet50_tl_20250829,8,4,88,104,92.0,108.0,139.23306274414062,139.04840087890625,0.184661865234375
s_butterfly_350,resnet50_tl_20250829,8,4,88,108,92.0,112.0,139.23306274414062,139.06369018554688,0.16937255859375
s_butterfly_350,resnet50_tl_20250829,8,4,88,112,92.0,116.0,139.23306274414062,139.03623962402344,0.1968231201171875
s_butterfly_350,resnet50_tl_20250829,8,4,88,116,92.0,120.0,139.23306274414062,139.04603576660156,0.1870269775390625
s_butterfly_350,resnet50_tl_20250829,8,4,88,120,92.0,124.0,139.23306274414062,138.9999542236328,0.2331085205078125
s_butterfly_350,resnet50_tl_20250829,8,4,88,124,92.0,128.0,139.23306274414062,139.05296325683594,0.1800994873046875
s_butterfly_350,resnet50_tl_20250829,8,4,88,128,92.0,132.0,139.23306274414062,139.108642578125,0.124420166015625
s_butterfly_350,resnet50_tl_20250829,8,4,88,132,92.0,136.0,139.23306274414062,139.04940795898438,0.18365478515625
s_butterfly_350,resnet50_tl_20250829,8,4,88,136,92.0,140.0,139.23306274414062,139.08013916015625,0.152923583984375
s_butterfly_350,resnet50_tl_20250829,8,4,88,140,92.0,144.0,139.23306274414062,139.1297607421875,0.103302001953125
s_butterfly_350,resnet50_tl_20250829,8,4,88,144,92.0,148.0,139.23306274414062,139.1336212158203,0.0994415283203125
s_butterfly_350,resnet50_tl_20250829,8,4,88,148,92.0,152.0,139.23306274414062,139.04393005371094,0.1891326904296875
s_butterfly_350,resnet50_tl_20250829,8,4,88,152,92.0,156.0,139.23306274414062,139.06385803222656,0.1692047119140625
s_butterfly_350,resnet50_tl_20250829,8,4,88,156,92.0,160.0,139.23306274414062,139.1416473388672,0.0914154052734375
s_butterfly_350,resnet50_tl_20250829,8,4,88,160,92.0,164.0,139.23306274414062,139.138916015625,0.094146728515625
s_butterfly_350,resnet50_tl_20250829,8,4,88,164,92.0,168.0,139.23306274414062,139.06021118164062,0.1728515625
s_butterfly_350,resnet50_tl_20250829,8,4,88,168,92.0,172.0,139.23306274414062,139.1371307373047,0.0959320068359375
s_butterfly_350,resnet50_tl_20250829,8,4,88,172,92.0,176.0,139.23306274414062,139.1915283203125,0.041534423828125
s_butterfly_350,resnet50_tl_20250829,8,4,88,176,92.0,180.0,139.23306274414062,139.08941650390625,0.143646240234375
s_butterfly_350,resnet50_tl_20250829,8,4,88,180,92.0,184.0,139.23306274414062,139.0400848388672,0.1929779052734375
s_butterfly_350,resnet50_tl_20250829,8,4,88,184,92.0,188.0,139.23306274414062,139.0971221923828,0.1359405517578125
s_butterfly_350,resnet50_tl_20250829,8,4,88,188,92.0,192.0,139.23306274414062,139.18211364746094,0.0509490966796875
s_butterfly_350,resnet50_tl_20250829,8,4,88,192,92.0,196.0,139.23306274414062,139.2841796875,-0.051116943359375
s_butterfly_350,resnet50_tl_20250829,8,4,88,196,92.0,200.0,139.23306274414062,139.2824249267578,-0.0493621826171875
s_butterfly_350,resnet50_tl_20250829,8,4,88,200,92.0,204.0,139.23306274414062,139.36068725585938,-0.12762451171875
s_butterfly_350,resnet50_tl_20250829,8,4,88,204,92.0,208.0,139.23306274414062,139.3673858642578,-0.1343231201171875
s_butterfly_350,resnet50_tl_20250829,8,4,88,208,92.0,212.0,139.23306274414062,139.3214569091797,-0.0883941650390625
s_butterfly_350,resnet50_tl_20250829,8,4,88,212,92.0,216.0,139.23306274414062,139.2153778076172,0.0176849365234375
s_butterfly_350,resnet50_tl_20250829,8,4,88,216,92.0,220.0,139.23306274414062,139.18927001953125,0.043792724609375
s_butterfly_350,resnet50_tl_20250829,8,4,92,0,96.0,4.0,139.23306274414062,138.94061279296875,0.292449951171875
s_butterfly_350,resnet50_tl_20250829,8,4,92,4,96.0,8.0,139.23306274414062,139.10609436035156,0.1269683837890625
s_butterfly_350,resnet50_tl_20250829,8,4,92,8,96.0,12.0,139.23306274414062,139.2109832763672,0.0220794677734375
s_butterfly_350,resnet50_tl_20250829,8,4,92,12,96.0,16.0,139.23306274414062,139.37393188476562,-0.140869140625
s_butterfly_350,resnet50_tl_20250829,8,4,92,16,96.0,20.0,139.23306274414062,139.3711700439453,-0.1381072998046875
s_butterfly_350,resnet50_tl_20250829,8,4,92,20,96.0,24.0,139.23306274414062,139.31234741210938,-0.07928466796875
s_butterfly_350,resnet50_tl_20250829,8,4,92,24,96.0,28.0,139.23306274414062,139.19764709472656,0.0354156494140625
s_butterfly_350,resnet50_tl_20250829,8,4,92,28,96.0,32.0,139.23306274414062,139.29214477539062,-0.05908203125
s_butterfly_350,resnet50_tl_20250829,8,4,92,32,96.0,36.0,139.23306274414062,139.2646484375,-0.031585693359375
s_butterfly_350,resnet50_tl_20250829,8,4,92,36,96.0,40.0,139.23306274414062,139.19715881347656,0.0359039306640625
s_butterfly_350,resnet50_tl_20250829,8,4,92,40,96.0,44.0,139.23306274414062,139.19305419921875,0.040008544921875
s_butterfly_350,resnet50_tl_20250829,8,4,92,44,96.0,48.0,139.23306274414062,139.2504425048828,-0.0173797607421875
s_butterfly_350,resnet50_tl_20250829,8,4,92,48,96.0,52.0,139.23306274414062,139.21746826171875,0.015594482421875
s_butterfly_350,resnet50_tl_20250829,8,4,92,52,96.0,56.0,139.23306274414062,139.2107696533203,0.0222930908203125
s_butterfly_350,resnet50_tl_20250829,8,4,92,56,96.0,60.0,139.23306274414062,139.1595916748047,0.0734710693359375
s_butterfly_350,resnet50_tl_20250829,8,4,92,60,96.0,64.0,139.23306274414062,139.11581420898438,0.11724853515625
s_butterfly_350,resnet50_tl_20250829,8,4,92,64,96.0,68.0,139.23306274414062,139.046630859375,0.186431884765625
s_butterfly_350,resnet50_tl_20250829,8,4,92,68,96.0,72.0,139.23306274414062,139.11785888671875,0.115203857421875
s_butterfly_350,resnet50_tl_20250829,8,4,92,72,96.0,76.0,139.23306274414062,139.02713012695312,0.2059326171875
s_butterfly_350,resnet50_tl_20250829,8,4,92,76,96.0,80.0,139.23306274414062,138.9896697998047,0.2433929443359375
s_butterfly_350,resnet50_tl_20250829,8,4,92,80,96.0,84.0,139.23306274414062,138.9397735595703,0.2932891845703125
s_butterfly_350,resnet50_tl_20250829,8,4,92,84,96.0,88.0,139.23306274414062,139.01715087890625,0.215911865234375
s_butterfly_350,resnet50_tl_20250829,8,4,92,88,96.0,92.0,139.23306274414062,138.9801483154297,0.2529144287109375
s_butterfly_350,resnet50_tl_20250829,8,4,92,92,96.0,96.0,139.23306274414062,138.92115783691406,0.3119049072265625
s_butterfly_350,resnet50_tl_20250829,8,4,92,96,96.0,100.0,139.23306274414062,138.93728637695312,0.2957763671875
s_butterfly_350,resnet50_tl_20250829,8,4,92,100,96.0,104.0,139.23306274414062,138.9176483154297,0.3154144287109375
s_butterfly_350,resnet50_tl_20250829,8,4,92,104,96.0,108.0,139.23306274414062,138.93911743164062,0.2939453125
s_butterfly_350,resnet50_tl_20250829,8,4,92,108,96.0,112.0,139.23306274414062,138.81796264648438,0.41510009765625
s_butterfly_350,resnet50_tl_20250829,8,4,92,112,96.0,116.0,139.23306274414062,138.91050720214844,0.3225555419921875
s_butterfly_350,resnet50_tl_20250829,8,4,92,116,96.0,120.0,139.23306274414062,138.9512481689453,0.2818145751953125
s_butterfly_350,resnet50_tl_20250829,8,4,92,120,96.0,124.0,139.23306274414062,138.91259765625,0.320465087890625
s_butterfly_350,resnet50_tl_20250829,8,4,92,124,96.0,128.0,139.23306274414062,138.9759063720703,0.2571563720703125
s_butterfly_350,resnet50_tl_20250829,8,4,92,128,96.0,132.0,139.23306274414062,139.02542114257812,0.2076416015625
s_butterfly_350,resnet50_tl_20250829,8,4,92,132,96.0,136.0,139.23306274414062,139.12815856933594,0.1049041748046875
s_butterfly_350,resnet50_tl_20250829,8,4,92,136,96.0,140.0,139.23306274414062,139.1074981689453,0.1255645751953125
s_butterfly_350,resnet50_tl_20250829,8,4,92,140,96.0,144.0,139.23306274414062,139.15390014648438,0.07916259765625
s_butterfly_350,resnet50_tl_20250829,8,4,92,144,96.0,148.0,139.23306274414062,139.1010284423828,0.1320343017578125
s_butterfly_350,resnet50_tl_20250829,8,4,92,148,96.0,152.0,139.23306274414062,139.14553833007812,0.0875244140625
s_butterfly_350,resnet50_tl_20250829,8,4,92,152,96.0,156.0,139.23306274414062,139.10667419433594,0.1263885498046875
s_butterfly_350,resnet50_tl_20250829,8,4,92,156,96.0,160.0,139.23306274414062,139.18634033203125,0.046722412109375
s_butterfly_350,resnet50_tl_20250829,8,4,92,160,96.0,164.0,139.23306274414062,139.11505126953125,0.118011474609375
s_butterfly_350,resnet50_tl_20250829,8,4,92,164,96.0,168.0,139.23306274414062,139.10617065429688,0.12689208984375
s_butterfly_350,resnet50_tl_20250829,8,4,92,168,96.0,172.0,139.23306274414062,139.1534423828125,0.079620361328125
s_butterfly_350,resnet50_tl_20250829,8,4,92,172,96.0,176.0,139.23306274414062,139.1954803466797,0.0375823974609375
s_butterfly_350,resnet50_tl_20250829,8,4,92,176,96.0,180.0,139.23306274414062,139.1162567138672,0.1168060302734375
s_butterfly_350,resnet50_tl_20250829,8,4,92,180,96.0,184.0,139.23306274414062,139.0738983154297,0.1591644287109375
s_butterfly_350,resnet50_tl_20250829,8,4,92,184,96.0,188.0,139.23306274414062,139.15902709960938,0.07403564453125
s_butterfly_350,resnet50_tl_20250829,8,4,92,188,96.0,192.0,139.23306274414062,139.27438354492188,-0.04132080078125
s_butterfly_350,resnet50_tl_20250829,8,4,92,192,96.0,196.0,139.23306274414062,139.32916259765625,-0.096099853515625
s_butterfly_350,resnet50_tl_20250829,8,4,92,196,96.0,200.0,139.23306274414062,139.2666778564453,-0.0336151123046875
s_butterfly_350,resnet50_tl_20250829,8,4,92,200,96.0,204.0,139.23306274414062,139.34408569335938,-0.11102294921875
s_butterfly_350,resnet50_tl_20250829,8,4,92,204,96.0,208.0,139.23306274414062,139.4210968017578,-0.1880340576171875
s_butterfly_350,resnet50_tl_20250829,8,4,92,208,96.0,212.0,139.23306274414062,139.33694458007812,-0.1038818359375
s_butterfly_350,resnet50_tl_20250829,8,4,92,212,96.0,216.0,139.23306274414062,139.23153686523438,0.00152587890625
s_butterfly_350,resnet50_tl_20250829,8,4,92,216,96.0,220.0,139.23306274414062,139.18173217773438,0.05133056640625
s_butterfly_350,resnet50_tl_20250829,8,4,96,0,100.0,4.0,139.23306274414062,138.99102783203125,0.242034912109375
s_butterfly_350,resnet50_tl_20250829,8,4,96,4,100.0,8.0,139.23306274414062,139.08863830566406,0.1444244384765625
s_butterfly_350,resnet50_tl_20250829,8,4,96,8,100.0,12.0,139.23306274414062,139.2188720703125,0.014190673828125
s_butterfly_350,resnet50_tl_20250829,8,4,96,12,100.0,16.0,139.23306274414062,139.31382751464844,-0.0807647705078125
s_butterfly_350,resnet50_tl_20250829,8,4,96,16,100.0,20.0,139.23306274414062,139.32810974121094,-0.0950469970703125
s_butterfly_350,resnet50_tl_20250829,8,4,96,20,100.0,24.0,139.23306274414062,139.31541442871094,-0.0823516845703125
s_butterfly_350,resnet50_tl_20250829,8,4,96,24,100.0,28.0,139.23306274414062,139.24351501464844,-0.0104522705078125
s_butterfly_350,resnet50_tl_20250829,8,4,96,28,100.0,32.0,139.23306274414062,139.2587127685547,-0.0256500244140625
s_butterfly_350,resnet50_tl_20250829,8,4,96,32,100.0,36.0,139.23306274414062,139.2430877685547,-0.0100250244140625
s_butterfly_350,resnet50_tl_20250829,8,4,96,36,100.0,40.0,139.23306274414062,139.15089416503906,0.0821685791015625
s_butterfly_350,resnet50_tl_20250829,8,4,96,40,100.0,44.0,139.23306274414062,139.2034149169922,0.0296478271484375
s_butterfly_350,resnet50_tl_20250829,8,4,96,44,100.0,48.0,139.23306274414062,139.21253967285156,0.0205230712890625
s_butterfly_350,resnet50_tl_20250829,8,4,96,48,100.0,52.0,139.23306274414062,139.2258758544922,0.0071868896484375
s_butterfly_350,resnet50_tl_20250829,8,4,96,52,100.0,56.0,139.23306274414062,139.1822509765625,0.050811767578125
s_butterfly_350,resnet50_tl_20250829,8,4,96,56,100.0,60.0,139.23306274414062,139.1746826171875,0.058380126953125
s_butterfly_350,resnet50_tl_20250829,8,4,96,60,100.0,64.0,139.23306274414062,139.10260009765625,0.130462646484375
s_butterfly_350,resnet50_tl_20250829,8,4,96,64,100.0,68.0,139.23306274414062,139.10610961914062,0.126953125
s_butterfly_350,resnet50_tl_20250829,8,4,96,68,100.0,72.0,139.23306274414062,139.1299285888672,0.1031341552734375
s_butterfly_350,resnet50_tl_20250829,8,4,96,72,100.0,76.0,139.23306274414062,139.07534790039062,0.15771484375
s_butterfly_350,resnet50_tl_20250829,8,4,96,76,100.0,80.0,139.23306274414062,138.9783172607422,0.2547454833984375
s_butterfly_350,resnet50_tl_20250829,8,4,96,80,100.0,84.0,139.23306274414062,138.99832153320312,0.2347412109375
s_butterfly_350,resnet50_tl_20250829,8,4,96,84,100.0,88.0,139.23306274414062,139.03463745117188,0.19842529296875
s_butterfly_350,resnet50_tl_20250829,8,4,96,88,100.0,92.0,139.23306274414062,138.98544311523438,0.24761962890625
s_butterfly_350,resnet50_tl_20250829,8,4,96,92,100.0,96.0,139.23306274414062,138.91749572753906,0.3155670166015625
s_butterfly_350,resnet50_tl_20250829,8,4,96,96,100.0,100.0,139.23306274414062,138.86915588378906,0.3639068603515625
s_butterfly_350,resnet50_tl_20250829,8,4,96,100,100.0,104.0,139.23306274414062,138.83798217773438,0.39508056640625
s_butterfly_350,resnet50_tl_20250829,8,4,96,104,100.0,108.0,139.23306274414062,138.890380859375,0.342681884765625
s_butterfly_350,resnet50_tl_20250829,8,4,96,108,100.0,112.0,139.23306274414062,138.78823852539062,0.44482421875
s_butterfly_350,resnet50_tl_20250829,8,4,96,112,100.0,116.0,139.23306274414062,138.89739990234375,0.335662841796875
s_butterfly_350,resnet50_tl_20250829,8,4,96,116,100.0,120.0,139.23306274414062,138.92306518554688,0.30999755859375
s_butterfly_350,resnet50_tl_20250829,8,4,96,120,100.0,124.0,139.23306274414062,138.9908447265625,0.242218017578125
s_butterfly_350,resnet50_tl_20250829,8,4,96,124,100.0,128.0,139.23306274414062,138.9822998046875,0.250762939453125
s_butterfly_350,resnet50_tl_20250829,8,4,96,128,100.0,132.0,139.23306274414062,139.07818603515625,0.154876708984375
s_butterfly_350,resnet50_tl_20250829,8,4,96,132,100.0,136.0,139.23306274414062,139.09634399414062,0.13671875
s_butterfly_350,resnet50_tl_20250829,8,4,96,136,100.0,140.0,139.23306274414062,139.14456176757812,0.0885009765625
s_butterfly_350,resnet50_tl_20250829,8,4,96,140,100.0,144.0,139.23306274414062,139.13877868652344,0.0942840576171875
s_butterfly_350,resnet50_tl_20250829,8,4,96,144,100.0,148.0,139.23306274414062,139.17599487304688,0.05706787109375
s_butterfly_350,resnet50_tl_20250829,8,4,96,148,100.0,152.0,139.23306274414062,139.15567016601562,0.077392578125
s_butterfly_350,resnet50_tl_20250829,8,4,96,152,100.0,156.0,139.23306274414062,139.1533660888672,0.0796966552734375
s_butterfly_350,resnet50_tl_20250829,8,4,96,156,100.0,160.0,139.23306274414062,139.18252563476562,0.050537109375
s_butterfly_350,resnet50_tl_20250829,8,4,96,160,100.0,164.0,139.23306274414062,139.17062377929688,0.06243896484375
s_butterfly_350,resnet50_tl_20250829,8,4,96,164,100.0,168.0,139.23306274414062,139.1405487060547,0.0925140380859375
s_butterfly_350,resnet50_tl_20250829,8,4,96,168,100.0,172.0,139.23306274414062,139.1736602783203,0.0594024658203125
s_butterfly_350,resnet50_tl_20250829,8,4,96,172,100.0,176.0,139.23306274414062,139.216552734375,0.016510009765625
s_butterfly_350,resnet50_tl_20250829,8,4,96,176,100.0,180.0,139.23306274414062,139.17547607421875,0.057586669921875
s_butterfly_350,resnet50_tl_20250829,8,4,96,180,100.0,184.0,139.23306274414062,139.1393280029297,0.0937347412109375
s_butterfly_350,resnet50_tl_20250829,8,4,96,184,100.0,188.0,139.23306274414062,139.1960906982422,0.0369720458984375
s_butterfly_350,resnet50_tl_20250829,8,4,96,188,100.0,192.0,139.23306274414062,139.18666076660156,0.0464019775390625
s_butterfly_350,resnet50_tl_20250829,8,4,96,192,100.0,196.0,139.23306274414062,139.26905822753906,-0.0359954833984375
s_butterfly_350,resnet50_tl_20250829,8,4,96,196,100.0,200.0,139.23306274414062,139.25634765625,-0.023284912109375
s_butterfly_350,resnet50_tl_20250829,8,4,96,200,100.0,204.0,139.23306274414062,139.3005828857422,-0.0675201416015625
s_butterfly_350,resnet50_tl_20250829,8,4,96,204,100.0,208.0,139.23306274414062,139.32345581054688,-0.09039306640625
s_butterfly_350,resnet50_tl_20250829,8,4,96,208,100.0,212.0,139.23306274414062,139.30198669433594,-0.0689239501953125
s_butterfly_350,resnet50_tl_20250829,8,4,96,212,100.0,216.0,139.23306274414062,139.2108917236328,0.0221710205078125
s_butterfly_350,resnet50_tl_20250829,8,4,96,216,100.0,220.0,139.23306274414062,139.19615173339844,0.0369110107421875
s_butterfly_350,resnet50_tl_20250829,8,4,100,0,104.0,4.0,139.23306274414062,139.19027709960938,0.04278564453125
s_butterfly_350,resnet50_tl_20250829,8,4,100,4,104.0,8.0,139.23306274414062,139.17611694335938,0.05694580078125
s_butterfly_350,resnet50_tl_20250829,8,4,100,8,104.0,12.0,139.23306274414062,139.28245544433594,-0.0493927001953125
s_butterfly_350,resnet50_tl_20250829,8,4,100,12,104.0,16.0,139.23306274414062,139.28359985351562,-0.050537109375
s_butterfly_350,resnet50_tl_20250829,8,4,100,16,104.0,20.0,139.23306274414062,139.2604217529297,-0.0273590087890625
s_butterfly_350,resnet50_tl_20250829,8,4,100,20,104.0,24.0,139.23306274414062,139.33824157714844,-0.1051788330078125
s_butterfly_350,resnet50_tl_20250829,8,4,100,24,104.0,28.0,139.23306274414062,139.21856689453125,0.014495849609375
s_butterfly_350,resnet50_tl_20250829,8,4,100,28,104.0,32.0,139.23306274414062,139.19776916503906,0.0352935791015625
s_butterfly_350,resnet50_tl_20250829,8,4,100,32,104.0,36.0,139.23306274414062,139.170654296875,0.062408447265625
s_butterfly_350,resnet50_tl_20250829,8,4,100,36,104.0,40.0,139.23306274414062,139.18106079101562,0.052001953125
s_butterfly_350,resnet50_tl_20250829,8,4,100,40,104.0,44.0,139.23306274414062,139.14442443847656,0.0886383056640625
s_butterfly_350,resnet50_tl_20250829,8,4,100,44,104.0,48.0,139.23306274414062,139.1776123046875,0.055450439453125
s_butterfly_350,resnet50_tl_20250829,8,4,100,48,104.0,52.0,139.23306274414062,139.1593475341797,0.0737152099609375
s_butterfly_350,resnet50_tl_20250829,8,4,100,52,104.0,56.0,139.23306274414062,139.10926818847656,0.1237945556640625
s_butterfly_350,resnet50_tl_20250829,8,4,100,56,104.0,60.0,139.23306274414062,139.12692260742188,0.10614013671875
s_butterfly_350,resnet50_tl_20250829,8,4,100,60,104.0,64.0,139.23306274414062,139.15872192382812,0.0743408203125
s_butterfly_350,resnet50_tl_20250829,8,4,100,64,104.0,68.0,139.23306274414062,139.1330108642578,0.1000518798828125
s_butterfly_350,resnet50_tl_20250829,8,4,100,68,104.0,72.0,139.23306274414062,139.07374572753906,0.1593170166015625
s_butterfly_350,resnet50_tl_20250829,8,4,100,72,104.0,76.0,139.23306274414062,139.05873107910156,0.1743316650390625
s_butterfly_350,resnet50_tl_20250829,8,4,100,76,104.0,80.0,139.23306274414062,139.10324096679688,0.12982177734375
s_butterfly_350,resnet50_tl_20250829,8,4,100,80,104.0,84.0,139.23306274414062,139.02903747558594,0.2040252685546875
s_butterfly_350,resnet50_tl_20250829,8,4,100,84,104.0,88.0,139.23306274414062,139.01034545898438,0.22271728515625
s_butterfly_350,resnet50_tl_20250829,8,4,100,88,104.0,92.0,139.23306274414062,138.96359252929688,0.26947021484375
s_butterfly_350,resnet50_tl_20250829,8,4,100,92,104.0,96.0,139.23306274414062,138.97532653808594,0.2577362060546875
s_butterfly_350,resnet50_tl_20250829,8,4,100,96,104.0,100.0,139.23306274414062,138.9070587158203,0.3260040283203125
s_butterfly_350,resnet50_tl_20250829,8,4,100,100,104.0,104.0,139.23306274414062,138.8297882080078,0.4032745361328125
s_butterfly_350,resnet50_tl_20250829,8,4,100,104,104.0,108.0,139.23306274414062,138.84683227539062,0.38623046875
s_butterfly_350,resnet50_tl_20250829,8,4,100,108,104.0,112.0,139.23306274414062,138.85986328125,0.373199462890625
s_butterfly_350,resnet50_tl_20250829,8,4,100,112,104.0,116.0,139.23306274414062,138.8464813232422,0.3865814208984375
s_butterfly_350,resnet50_tl_20250829,8,4,100,116,104.0,120.0,139.23306274414062,138.84896850585938,0.38409423828125
s_butterfly_350,resnet50_tl_20250829,8,4,100,120,104.0,124.0,139.23306274414062,138.89886474609375,0.334197998046875
s_butterfly_350,resnet50_tl_20250829,8,4,100,124,104.0,128.0,139.23306274414062,139.0005340576172,0.2325286865234375
s_butterfly_350,resnet50_tl_20250829,8,4,100,128,104.0,132.0,139.23306274414062,138.98971557617188,0.24334716796875
s_butterfly_350,resnet50_tl_20250829,8,4,100,132,104.0,136.0,139.23306274414062,139.0279541015625,0.205108642578125
s_butterfly_350,resnet50_tl_20250829,8,4,100,136,104.0,140.0,139.23306274414062,139.06893920898438,0.16412353515625
s_butterfly_350,resnet50_tl_20250829,8,4,100,140,104.0,144.0,139.23306274414062,139.14015197753906,0.0929107666015625
s_butterfly_350,resnet50_tl_20250829,8,4,100,144,104.0,148.0,139.23306274414062,139.12130737304688,0.11175537109375
s_butterfly_350,resnet50_tl_20250829,8,4,100,148,104.0,152.0,139.23306274414062,139.0895233154297,0.1435394287109375
s_butterfly_350,resnet50_tl_20250829,8,4,100,152,104.0,156.0,139.23306274414062,139.07215881347656,0.1609039306640625
s_butterfly_350,resnet50_tl_20250829,8,4,100,156,104.0,160.0,139.23306274414062,139.1808624267578,0.0522003173828125
s_butterfly_350,resnet50_tl_20250829,8,4,100,160,104.0,164.0,139.23306274414062,139.09173583984375,0.141326904296875
s_butterfly_350,resnet50_tl_20250829,8,4,100,164,104.0,168.0,139.23306274414062,139.06297302246094,0.1700897216796875
s_butterfly_350,resnet50_tl_20250829,8,4,100,168,104.0,172.0,139.23306274414062,139.10206604003906,0.1309967041015625
s_butterfly_350,resnet50_tl_20250829,8,4,100,172,104.0,176.0,139.23306274414062,139.14813232421875,0.084930419921875
s_butterfly_350,resnet50_tl_20250829,8,4,100,176,104.0,180.0,139.23306274414062,139.0962677001953,0.1367950439453125
s_butterfly_350,resnet50_tl_20250829,8,4,100,180,104.0,184.0,139.23306274414062,139.2199249267578,0.0131378173828125
s_butterfly_350,resnet50_tl_20250829,8,4,100,184,104.0,188.0,139.23306274414062,139.30484008789062,-0.07177734375
s_butterfly_350,resnet50_tl_20250829,8,4,100,188,104.0,192.0,139.23306274414062,139.28431701660156,-0.0512542724609375
s_butterfly_350,resnet50_tl_20250829,8,4,100,192,104.0,196.0,139.23306274414062,139.27743530273438,-0.04437255859375
s_butterfly_350,resnet50_tl_20250829,8,4,100,196,104.0,200.0,139.23306274414062,139.31703186035156,-0.0839691162109375
s_butterfly_350,resnet50_tl_20250829,8,4,100,200,104.0,204.0,139.23306274414062,139.30950927734375,-0.076446533203125
s_butterfly_350,resnet50_tl_20250829,8,4,100,204,104.0,208.0,139.23306274414062,139.2877960205078,-0.0547332763671875
s_butterfly_350,resnet50_tl_20250829,8,4,100,208,104.0,212.0,139.23306274414062,139.2630157470703,-0.0299530029296875
s_butterfly_350,resnet50_tl_20250829,8,4,100,212,104.0,216.0,139.23306274414062,139.2384796142578,-0.0054168701171875
s_butterfly_350,resnet50_tl_20250829,8,4,100,216,104.0,220.0,139.23306274414062,139.17857360839844,0.0544891357421875
s_butterfly_350,resnet50_tl_20250829,8,4,104,0,108.0,4.0,139.23306274414062,139.11627197265625,0.116790771484375
s_butterfly_350,resnet50_tl_20250829,8,4,104,4,108.0,8.0,139.23306274414062,139.1437225341797,0.0893402099609375
s_butterfly_350,resnet50_tl_20250829,8,4,104,8,108.0,12.0,139.23306274414062,139.258544921875,-0.025482177734375
s_butterfly_350,resnet50_tl_20250829,8,4,104,12,108.0,16.0,139.23306274414062,139.17559814453125,0.057464599609375
s_butterfly_350,resnet50_tl_20250829,8,4,104,16,108.0,20.0,139.23306274414062,139.05062866210938,0.18243408203125
s_butterfly_350,resnet50_tl_20250829,8,4,104,20,108.0,24.0,139.23306274414062,139.21685791015625,0.016204833984375
s_butterfly_350,resnet50_tl_20250829,8,4,104,24,108.0,28.0,139.23306274414062,139.16732788085938,0.06573486328125
s_butterfly_350,resnet50_tl_20250829,8,4,104,28,108.0,32.0,139.23306274414062,139.11923217773438,0.11383056640625
s_butterfly_350,resnet50_tl_20250829,8,4,104,32,108.0,36.0,139.23306274414062,139.12144470214844,0.1116180419921875
s_butterfly_350,resnet50_tl_20250829,8,4,104,36,108.0,40.0,139.23306274414062,139.18032836914062,0.052734375
s_butterfly_350,resnet50_tl_20250829,8,4,104,40,108.0,44.0,139.23306274414062,139.109130859375,0.123931884765625
s_butterfly_350,resnet50_tl_20250829,8,4,104,44,108.0,48.0,139.23306274414062,139.1173095703125,0.115753173828125
s_butterfly_350,resnet50_tl_20250829,8,4,104,48,108.0,52.0,139.23306274414062,139.12680053710938,0.10626220703125
s_butterfly_350,resnet50_tl_20250829,8,4,104,52,108.0,56.0,139.23306274414062,139.0950164794922,0.1380462646484375
s_butterfly_350,resnet50_tl_20250829,8,4,104,56,108.0,60.0,139.23306274414062,139.1050567626953,0.1280059814453125
s_butterfly_350,resnet50_tl_20250829,8,4,104,60,108.0,64.0,139.23306274414062,139.17079162597656,0.0622711181640625
s_butterfly_350,resnet50_tl_20250829,8,4,104,64,108.0,68.0,139.23306274414062,139.17898559570312,0.0540771484375
s_butterfly_350,resnet50_tl_20250829,8,4,104,68,108.0,72.0,139.23306274414062,139.11505126953125,0.118011474609375
s_butterfly_350,resnet50_tl_20250829,8,4,104,72,108.0,76.0,139.23306274414062,139.08578491210938,0.14727783203125
s_butterfly_350,resnet50_tl_20250829,8,4,104,76,108.0,80.0,139.23306274414062,139.13812255859375,0.094940185546875
s_butterfly_350,resnet50_tl_20250829,8,4,104,80,108.0,84.0,139.23306274414062,139.11074829101562,0.122314453125
s_butterfly_350,resnet50_tl_20250829,8,4,104,84,108.0,88.0,139.23306274414062,139.03565979003906,0.1974029541015625
s_butterfly_350,resnet50_tl_20250829,8,4,104,88,108.0,92.0,139.23306274414062,138.9855499267578,0.2475128173828125
s_butterfly_350,resnet50_tl_20250829,8,4,104,92,108.0,96.0,139.23306274414062,138.99142456054688,0.24163818359375
s_butterfly_350,resnet50_tl_20250829,8,4,104,96,108.0,100.0,139.23306274414062,138.94622802734375,0.286834716796875
s_butterfly_350,resnet50_tl_20250829,8,4,104,100,108.0,104.0,139.23306274414062,138.8616485595703,0.3714141845703125
s_butterfly_350,resnet50_tl_20250829,8,4,104,104,108.0,108.0,139.23306274414062,138.86866760253906,0.3643951416015625
s_butterfly_350,resnet50_tl_20250829,8,4,104,108,108.0,112.0,139.23306274414062,138.88601684570312,0.3470458984375
s_butterfly_350,resnet50_tl_20250829,8,4,104,112,108.0,116.0,139.23306274414062,138.9239959716797,0.3090667724609375
s_butterfly_350,resnet50_tl_20250829,8,4,104,116,108.0,120.0,139.23306274414062,138.89578247070312,0.3372802734375
s_butterfly_350,resnet50_tl_20250829,8,4,104,120,108.0,124.0,139.23306274414062,138.91534423828125,0.317718505859375
s_butterfly_350,resnet50_tl_20250829,8,4,104,124,108.0,128.0,139.23306274414062,139.0083465576172,0.2247161865234375
s_butterfly_350,resnet50_tl_20250829,8,4,104,128,108.0,132.0,139.23306274414062,139.05296325683594,0.1800994873046875
s_butterfly_350,resnet50_tl_20250829,8,4,104,132,108.0,136.0,139.23306274414062,139.0064697265625,0.226593017578125
s_butterfly_350,resnet50_tl_20250829,8,4,104,136,108.0,140.0,139.23306274414062,139.0515594482422,0.1815032958984375
s_butterfly_350,resnet50_tl_20250829,8,4,104,140,108.0,144.0,139.23306274414062,139.123779296875,0.109283447265625
s_butterfly_350,resnet50_tl_20250829,8,4,104,144,108.0,148.0,139.23306274414062,139.155029296875,0.078033447265625
s_butterfly_350,resnet50_tl_20250829,8,4,104,148,108.0,152.0,139.23306274414062,139.0600128173828,0.1730499267578125
s_butterfly_350,resnet50_tl_20250829,8,4,104,152,108.0,156.0,139.23306274414062,139.0790557861328,0.1540069580078125
s_butterfly_350,resnet50_tl_20250829,8,4,104,156,108.0,160.0,139.23306274414062,139.1971435546875,0.035919189453125
s_butterfly_350,resnet50_tl_20250829,8,4,104,160,108.0,164.0,139.23306274414062,139.1249542236328,0.1081085205078125
s_butterfly_350,resnet50_tl_20250829,8,4,104,164,108.0,168.0,139.23306274414062,139.04345703125,0.189605712890625
s_butterfly_350,resnet50_tl_20250829,8,4,104,168,108.0,172.0,139.23306274414062,139.16163635253906,0.0714263916015625
s_butterfly_350,resnet50_tl_20250829,8,4,104,172,108.0,176.0,139.23306274414062,139.20623779296875,0.026824951171875
s_butterfly_350,resnet50_tl_20250829,8,4,104,176,108.0,180.0,139.23306274414062,139.15884399414062,0.07421875
s_butterfly_350,resnet50_tl_20250829,8,4,104,180,108.0,184.0,139.23306274414062,139.3889923095703,-0.1559295654296875
s_butterfly_350,resnet50_tl_20250829,8,4,104,184,108.0,188.0,139.23306274414062,139.48541259765625,-0.252349853515625
s_butterfly_350,resnet50_tl_20250829,8,4,104,188,108.0,192.0,139.23306274414062,139.23643493652344,-0.0033721923828125
s_butterfly_350,resnet50_tl_20250829,8,4,104,192,108.0,196.0,139.23306274414062,139.1699981689453,0.0630645751953125
s_butterfly_350,resnet50_tl_20250829,8,4,104,196,108.0,200.0,139.23306274414062,139.1895751953125,0.043487548828125
s_butterfly_350,resnet50_tl_20250829,8,4,104,200,108.0,204.0,139.23306274414062,139.2938232421875,-0.060760498046875
s_butterfly_350,resnet50_tl_20250829,8,4,104,204,108.0,208.0,139.23306274414062,139.21266174316406,0.0204010009765625
s_butterfly_350,resnet50_tl_20250829,8,4,104,208,108.0,212.0,139.23306274414062,139.16787719726562,0.065185546875
s_butterfly_350,resnet50_tl_20250829,8,4,104,212,108.0,216.0,139.23306274414062,139.137939453125,0.095123291015625
s_butterfly_350,resnet50_tl_20250829,8,4,104,216,108.0,220.0,139.23306274414062,139.1632537841797,0.0698089599609375
s_butterfly_350,resnet50_tl_20250829,8,4,108,0,112.0,4.0,139.23306274414062,138.980224609375,0.252838134765625
s_butterfly_350,resnet50_tl_20250829,8,4,108,4,112.0,8.0,139.23306274414062,139.15106201171875,0.082000732421875
s_butterfly_350,resnet50_tl_20250829,8,4,108,8,112.0,12.0,139.23306274414062,139.25137329101562,-0.018310546875
s_butterfly_350,resnet50_tl_20250829,8,4,108,12,112.0,16.0,139.23306274414062,139.2921905517578,-0.0591278076171875
s_butterfly_350,resnet50_tl_20250829,8,4,108,16,112.0,20.0,139.23306274414062,139.09774780273438,0.13531494140625
s_butterfly_350,resnet50_tl_20250829,8,4,108,20,112.0,24.0,139.23306274414062,139.1511688232422,0.0818939208984375
s_butterfly_350,resnet50_tl_20250829,8,4,108,24,112.0,28.0,139.23306274414062,139.1610107421875,0.072052001953125
s_butterfly_350,resnet50_tl_20250829,8,4,108,28,112.0,32.0,139.23306274414062,139.23915100097656,-0.0060882568359375
s_butterfly_350,resnet50_tl_20250829,8,4,108,32,112.0,36.0,139.23306274414062,139.1712646484375,0.061798095703125
s_butterfly_350,resnet50_tl_20250829,8,4,108,36,112.0,40.0,139.23306274414062,139.17694091796875,0.056121826171875
s_butterfly_350,resnet50_tl_20250829,8,4,108,40,112.0,44.0,139.23306274414062,139.11553955078125,0.117523193359375
s_butterfly_350,resnet50_tl_20250829,8,4,108,44,112.0,48.0,139.23306274414062,139.22653198242188,0.00653076171875
s_butterfly_350,resnet50_tl_20250829,8,4,108,48,112.0,52.0,139.23306274414062,139.19281005859375,0.040252685546875
s_butterfly_350,resnet50_tl_20250829,8,4,108,52,112.0,56.0,139.23306274414062,139.13865661621094,0.0944061279296875
s_butterfly_350,resnet50_tl_20250829,8,4,108,56,112.0,60.0,139.23306274414062,139.1406707763672,0.0923919677734375
s_butterfly_350,resnet50_tl_20250829,8,4,108,60,112.0,64.0,139.23306274414062,139.28195190429688,-0.04888916015625
s_butterfly_350,resnet50_tl_20250829,8,4,108,64,112.0,68.0,139.23306274414062,139.24752807617188,-0.01446533203125
s_butterfly_350,resnet50_tl_20250829,8,4,108,68,112.0,72.0,139.23306274414062,139.20823669433594,0.0248260498046875
s_butterfly_350,resnet50_tl_20250829,8,4,108,72,112.0,76.0,139.23306274414062,139.18128967285156,0.0517730712890625
s_butterfly_350,resnet50_tl_20250829,8,4,108,76,112.0,80.0,139.23306274414062,139.2631072998047,-0.0300445556640625
s_butterfly_350,resnet50_tl_20250829,8,4,108,80,112.0,84.0,139.23306274414062,139.21644592285156,0.0166168212890625
s_butterfly_350,resnet50_tl_20250829,8,4,108,84,112.0,88.0,139.23306274414062,139.1352996826172,0.0977630615234375
s_butterfly_350,resnet50_tl_20250829,8,4,108,88,112.0,92.0,139.23306274414062,139.07041931152344,0.1626434326171875
s_butterfly_350,resnet50_tl_20250829,8,4,108,92,112.0,96.0,139.23306274414062,139.07521057128906,0.1578521728515625
s_butterfly_350,resnet50_tl_20250829,8,4,108,96,112.0,100.0,139.23306274414062,138.92430114746094,0.3087615966796875
s_butterfly_350,resnet50_tl_20250829,8,4,108,100,112.0,104.0,139.23306274414062,138.99700927734375,0.236053466796875
s_butterfly_350,resnet50_tl_20250829,8,4,108,104,112.0,108.0,139.23306274414062,138.96214294433594,0.2709197998046875
s_butterfly_350,resnet50_tl_20250829,8,4,108,108,112.0,112.0,139.23306274414062,138.940673828125,0.292388916015625
s_butterfly_350,resnet50_tl_20250829,8,4,108,112,112.0,116.0,139.23306274414062,138.93495178222656,0.2981109619140625
s_butterfly_350,resnet50_tl_20250829,8,4,108,116,112.0,120.0,139.23306274414062,139.04226684570312,0.1907958984375
s_butterfly_350,resnet50_tl_20250829,8,4,108,120,112.0,124.0,139.23306274414062,139.00416564941406,0.2288970947265625
s_butterfly_350,resnet50_tl_20250829,8,4,108,124,112.0,128.0,139.23306274414062,139.10421752929688,0.12884521484375
s_butterfly_350,resnet50_tl_20250829,8,4,108,128,112.0,132.0,139.23306274414062,139.0819091796875,0.151153564453125
s_butterfly_350,resnet50_tl_20250829,8,4,108,132,112.0,136.0,139.23306274414062,139.09481811523438,0.13824462890625
s_butterfly_350,resnet50_tl_20250829,8,4,108,136,112.0,140.0,139.23306274414062,139.08663940429688,0.14642333984375
s_butterfly_350,resnet50_tl_20250829,8,4,108,140,112.0,144.0,139.23306274414062,139.2357177734375,-0.002655029296875
s_butterfly_350,resnet50_tl_20250829,8,4,108,144,112.0,148.0,139.23306274414062,139.19290161132812,0.0401611328125
s_butterfly_350,resnet50_tl_20250829,8,4,108,148,112.0,152.0,139.23306274414062,139.16392517089844,0.0691375732421875
s_butterfly_350,resnet50_tl_20250829,8,4,108,152,112.0,156.0,139.23306274414062,139.1395263671875,0.093536376953125
s_butterfly_350,resnet50_tl_20250829,8,4,108,156,112.0,160.0,139.23306274414062,139.2473602294922,-0.0142974853515625
s_butterfly_350,resnet50_tl_20250829,8,4,108,160,112.0,164.0,139.23306274414062,139.12596130371094,0.1071014404296875
s_butterfly_350,resnet50_tl_20250829,8,4,108,164,112.0,168.0,139.23306274414062,139.06414794921875,0.168914794921875
s_butterfly_350,resnet50_tl_20250829,8,4,108,168,112.0,172.0,139.23306274414062,139.08416748046875,0.148895263671875
s_butterfly_350,resnet50_tl_20250829,8,4,108,172,112.0,176.0,139.23306274414062,139.1685028076172,0.0645599365234375
s_butterfly_350,resnet50_tl_20250829,8,4,108,176,112.0,180.0,139.23306274414062,139.37843322753906,-0.1453704833984375
s_butterfly_350,resnet50_tl_20250829,8,4,108,180,112.0,184.0,139.23306274414062,139.509033203125,-0.275970458984375
s_butterfly_350,resnet50_tl_20250829,8,4,108,184,112.0,188.0,139.23306274414062,139.44229125976562,-0.209228515625
s_butterfly_350,resnet50_tl_20250829,8,4,108,188,112.0,192.0,139.23306274414062,139.16326904296875,0.069793701171875
s_butterfly_350,resnet50_tl_20250829,8,4,108,192,112.0,196.0,139.23306274414062,139.10552978515625,0.127532958984375
s_butterfly_350,resnet50_tl_20250829,8,4,108,196,112.0,200.0,139.23306274414062,139.1904296875,0.042633056640625
s_butterfly_350,resnet50_tl_20250829,8,4,108,200,112.0,204.0,139.23306274414062,139.27378845214844,-0.0407257080078125
s_butterfly_350,resnet50_tl_20250829,8,4,108,204,112.0,208.0,139.23306274414062,139.22503662109375,0.008026123046875
s_butterfly_350,resnet50_tl_20250829,8,4,108,208,112.0,212.0,139.23306274414062,139.12908935546875,0.103973388671875
s_butterfly_350,resnet50_tl_20250829,8,4,108,212,112.0,216.0,139.23306274414062,139.11544799804688,0.11761474609375
s_butterfly_350,resnet50_tl_20250829,8,4,108,216,112.0,220.0,139.23306274414062,139.1304931640625,0.102569580078125
s_butterfly_350,resnet50_tl_20250829,8,4,112,0,116.0,4.0,139.23306274414062,139.01132202148438,0.22174072265625
s_butterfly_350,resnet50_tl_20250829,8,4,112,4,116.0,8.0,139.23306274414062,139.1079559326172,0.1251068115234375
s_butterfly_350,resnet50_tl_20250829,8,4,112,8,116.0,12.0,139.23306274414062,139.24038696289062,-0.00732421875
s_butterfly_350,resnet50_tl_20250829,8,4,112,12,116.0,16.0,139.23306274414062,139.19741821289062,0.03564453125
s_butterfly_350,resnet50_tl_20250829,8,4,112,16,116.0,20.0,139.23306274414062,139.18975830078125,0.043304443359375
s_butterfly_350,resnet50_tl_20250829,8,4,112,20,116.0,24.0,139.23306274414062,139.1552734375,0.077789306640625
s_butterfly_350,resnet50_tl_20250829,8,4,112,24,116.0,28.0,139.23306274414062,139.15953063964844,0.0735321044921875
s_butterfly_350,resnet50_tl_20250829,8,4,112,28,116.0,32.0,139.23306274414062,139.1785888671875,0.054473876953125
s_butterfly_350,resnet50_tl_20250829,8,4,112,32,116.0,36.0,139.23306274414062,139.08021545410156,0.1528472900390625
s_butterfly_350,resnet50_tl_20250829,8,4,112,36,116.0,40.0,139.23306274414062,139.13278198242188,0.10028076171875
s_butterfly_350,resnet50_tl_20250829,8,4,112,40,116.0,44.0,139.23306274414062,139.15489196777344,0.0781707763671875
s_butterfly_350,resnet50_tl_20250829,8,4,112,44,116.0,48.0,139.23306274414062,139.22181701660156,0.0112457275390625
s_butterfly_350,resnet50_tl_20250829,8,4,112,48,116.0,52.0,139.23306274414062,139.21058654785156,0.0224761962890625
s_butterfly_350,resnet50_tl_20250829,8,4,112,52,116.0,56.0,139.23306274414062,139.12615966796875,0.106903076171875
s_butterfly_350,resnet50_tl_20250829,8,4,112,56,116.0,60.0,139.23306274414062,139.14926147460938,0.08380126953125
s_butterfly_350,resnet50_tl_20250829,8,4,112,60,116.0,64.0,139.23306274414062,139.23216247558594,0.0009002685546875
s_butterfly_350,resnet50_tl_20250829,8,4,112,64,116.0,68.0,139.23306274414062,139.25718688964844,-0.0241241455078125
s_butterfly_350,resnet50_tl_20250829,8,4,112,68,116.0,72.0,139.23306274414062,139.1968231201172,0.0362396240234375
s_butterfly_350,resnet50_tl_20250829,8,4,112,72,116.0,76.0,139.23306274414062,139.18765258789062,0.04541015625
s_butterfly_350,resnet50_tl_20250829,8,4,112,76,116.0,80.0,139.23306274414062,139.25685119628906,-0.0237884521484375
s_butterfly_350,resnet50_tl_20250829,8,4,112,80,116.0,84.0,139.23306274414062,139.24534606933594,-0.0122833251953125
s_butterfly_350,resnet50_tl_20250829,8,4,112,84,116.0,88.0,139.23306274414062,139.1602020263672,0.0728607177734375
s_butterfly_350,resnet50_tl_20250829,8,4,112,88,116.0,92.0,139.23306274414062,139.1173095703125,0.115753173828125
s_butterfly_350,resnet50_tl_20250829,8,4,112,92,116.0,96.0,139.23306274414062,139.08509826660156,0.1479644775390625
s_butterfly_350,resnet50_tl_20250829,8,4,112,96,116.0,100.0,139.23306274414062,139.0179443359375,0.215118408203125
s_butterfly_350,resnet50_tl_20250829,8,4,112,100,116.0,104.0,139.23306274414062,139.02490234375,0.208160400390625
s_butterfly_350,resnet50_tl_20250829,8,4,112,104,116.0,108.0,139.23306274414062,139.02174377441406,0.2113189697265625
s_butterfly_350,resnet50_tl_20250829,8,4,112,108,116.0,112.0,139.23306274414062,138.96607971191406,0.2669830322265625
s_butterfly_350,resnet50_tl_20250829,8,4,112,112,116.0,116.0,139.23306274414062,138.9873504638672,0.2457122802734375
s_butterfly_350,resnet50_tl_20250829,8,4,112,116,116.0,120.0,139.23306274414062,138.98849487304688,0.24456787109375
s_butterfly_350,resnet50_tl_20250829,8,4,112,120,116.0,124.0,139.23306274414062,139.0050506591797,0.2280120849609375
s_butterfly_350,resnet50_tl_20250829,8,4,112,124,116.0,128.0,139.23306274414062,139.06407165527344,0.1689910888671875
s_butterfly_350,resnet50_tl_20250829,8,4,112,128,116.0,132.0,139.23306274414062,139.11105346679688,0.12200927734375
s_butterfly_350,resnet50_tl_20250829,8,4,112,132,116.0,136.0,139.23306274414062,139.05174255371094,0.1813201904296875
s_butterfly_350,resnet50_tl_20250829,8,4,112,136,116.0,140.0,139.23306274414062,139.1183319091797,0.1147308349609375
s_butterfly_350,resnet50_tl_20250829,8,4,112,140,116.0,144.0,139.23306274414062,139.18634033203125,0.046722412109375
s_butterfly_350,resnet50_tl_20250829,8,4,112,144,116.0,148.0,139.23306274414062,139.2289581298828,0.0041046142578125
s_butterfly_350,resnet50_tl_20250829,8,4,112,148,116.0,152.0,139.23306274414062,139.16043090820312,0.0726318359375
s_butterfly_350,resnet50_tl_20250829,8,4,112,152,116.0,156.0,139.23306274414062,139.1991424560547,0.0339202880859375
s_butterfly_350,resnet50_tl_20250829,8,4,112,156,116.0,160.0,139.23306274414062,139.2595672607422,-0.0265045166015625
s_butterfly_350,resnet50_tl_20250829,8,4,112,160,116.0,164.0,139.23306274414062,139.18865966796875,0.044403076171875
s_butterfly_350,resnet50_tl_20250829,8,4,112,164,116.0,168.0,139.23306274414062,139.09063720703125,0.142425537109375
s_butterfly_350,resnet50_tl_20250829,8,4,112,168,116.0,172.0,139.23306274414062,139.1204376220703,0.1126251220703125
s_butterfly_350,resnet50_tl_20250829,8,4,112,172,116.0,176.0,139.23306274414062,139.00790405273438,0.22515869140625
s_butterfly_350,resnet50_tl_20250829,8,4,112,176,116.0,180.0,139.23306274414062,139.10482788085938,0.12823486328125
s_butterfly_350,resnet50_tl_20250829,8,4,112,180,116.0,184.0,139.23306274414062,139.35055541992188,-0.11749267578125
s_butterfly_350,resnet50_tl_20250829,8,4,112,184,116.0,188.0,139.23306274414062,139.3062286376953,-0.0731658935546875
s_butterfly_350,resnet50_tl_20250829,8,4,112,188,116.0,192.0,139.23306274414062,139.13592529296875,0.097137451171875
s_butterfly_350,resnet50_tl_20250829,8,4,112,192,116.0,196.0,139.23306274414062,139.08912658691406,0.1439361572265625
s_butterfly_350,resnet50_tl_20250829,8,4,112,196,116.0,200.0,139.23306274414062,139.11936950683594,0.1136932373046875
s_butterfly_350,resnet50_tl_20250829,8,4,112,200,116.0,204.0,139.23306274414062,139.21034240722656,0.0227203369140625
s_butterfly_350,resnet50_tl_20250829,8,4,112,204,116.0,208.0,139.23306274414062,139.13905334472656,0.0940093994140625
s_butterfly_350,resnet50_tl_20250829,8,4,112,208,116.0,212.0,139.23306274414062,139.11923217773438,0.11383056640625
s_butterfly_350,resnet50_tl_20250829,8,4,112,212,116.0,216.0,139.23306274414062,139.0688018798828,0.1642608642578125
s_butterfly_350,resnet50_tl_20250829,8,4,112,216,116.0,220.0,139.23306274414062,139.12376403808594,0.1092987060546875
s_butterfly_350,resnet50_tl_20250829,8,4,116,0,120.0,4.0,139.23306274414062,139.1622314453125,0.070831298828125
s_butterfly_350,resnet50_tl_20250829,8,4,116,4,120.0,8.0,139.23306274414062,139.1712646484375,0.061798095703125
s_butterfly_350,resnet50_tl_20250829,8,4,116,8,120.0,12.0,139.23306274414062,139.28994750976562,-0.056884765625
s_butterfly_350,resnet50_tl_20250829,8,4,116,12,120.0,16.0,139.23306274414062,139.29759216308594,-0.0645294189453125
s_butterfly_350,resnet50_tl_20250829,8,4,116,16,120.0,20.0,139.23306274414062,139.3264923095703,-0.0934295654296875
s_butterfly_350,resnet50_tl_20250829,8,4,116,20,120.0,24.0,139.23306274414062,139.26739501953125,-0.034332275390625
s_butterfly_350,resnet50_tl_20250829,8,4,116,24,120.0,28.0,139.23306274414062,139.19454956054688,0.03851318359375
s_butterfly_350,resnet50_tl_20250829,8,4,116,28,120.0,32.0,139.23306274414062,139.11485290527344,0.1182098388671875
s_butterfly_350,resnet50_tl_20250829,8,4,116,32,120.0,36.0,139.23306274414062,139.02516174316406,0.2079010009765625
s_butterfly_350,resnet50_tl_20250829,8,4,116,36,120.0,40.0,139.23306274414062,139.1374053955078,0.0956573486328125
s_butterfly_350,resnet50_tl_20250829,8,4,116,40,120.0,44.0,139.23306274414062,139.08489990234375,0.148162841796875
s_butterfly_350,resnet50_tl_20250829,8,4,116,44,120.0,48.0,139.23306274414062,139.11587524414062,0.1171875
s_butterfly_350,resnet50_tl_20250829,8,4,116,48,120.0,52.0,139.23306274414062,139.09451293945312,0.1385498046875
s_butterfly_350,resnet50_tl_20250829,8,4,116,52,120.0,56.0,139.23306274414062,139.11737060546875,0.115692138671875
s_butterfly_350,resnet50_tl_20250829,8,4,116,56,120.0,60.0,139.23306274414062,139.12806701660156,0.1049957275390625
s_butterfly_350,resnet50_tl_20250829,8,4,116,60,120.0,64.0,139.23306274414062,139.20721435546875,0.025848388671875
s_butterfly_350,resnet50_tl_20250829,8,4,116,64,120.0,68.0,139.23306274414062,139.2107391357422,0.0223236083984375
s_butterfly_350,resnet50_tl_20250829,8,4,116,68,120.0,72.0,139.23306274414062,139.1873779296875,0.045684814453125
s_butterfly_350,resnet50_tl_20250829,8,4,116,72,120.0,76.0,139.23306274414062,139.18751525878906,0.0455474853515625
s_butterfly_350,resnet50_tl_20250829,8,4,116,76,120.0,80.0,139.23306274414062,139.2324981689453,0.0005645751953125
s_butterfly_350,resnet50_tl_20250829,8,4,116,80,120.0,84.0,139.23306274414062,139.21487426757812,0.0181884765625
s_butterfly_350,resnet50_tl_20250829,8,4,116,84,120.0,88.0,139.23306274414062,139.20211791992188,0.03094482421875
s_butterfly_350,resnet50_tl_20250829,8,4,116,88,120.0,92.0,139.23306274414062,139.15476989746094,0.0782928466796875
s_butterfly_350,resnet50_tl_20250829,8,4,116,92,120.0,96.0,139.23306274414062,139.0933380126953,0.1397247314453125
s_butterfly_350,resnet50_tl_20250829,8,4,116,96,120.0,100.0,139.23306274414062,138.9979248046875,0.235137939453125
s_butterfly_350,resnet50_tl_20250829,8,4,116,100,120.0,104.0,139.23306274414062,138.93565368652344,0.2974090576171875
s_butterfly_350,resnet50_tl_20250829,8,4,116,104,120.0,108.0,139.23306274414062,138.9780731201172,0.2549896240234375
s_butterfly_350,resnet50_tl_20250829,8,4,116,108,120.0,112.0,139.23306274414062,139.0583038330078,0.1747589111328125
s_butterfly_350,resnet50_tl_20250829,8,4,116,112,120.0,116.0,139.23306274414062,139.04356384277344,0.1894989013671875
s_butterfly_350,resnet50_tl_20250829,8,4,116,116,120.0,120.0,139.23306274414062,138.97598266601562,0.257080078125
s_butterfly_350,resnet50_tl_20250829,8,4,116,120,120.0,124.0,139.23306274414062,138.9829864501953,0.2500762939453125
s_butterfly_350,resnet50_tl_20250829,8,4,116,124,120.0,128.0,139.23306274414062,139.0531463623047,0.1799163818359375
s_butterfly_350,resnet50_tl_20250829,8,4,116,128,120.0,132.0,139.23306274414062,139.0438690185547,0.1891937255859375
s_butterfly_350,resnet50_tl_20250829,8,4,116,132,120.0,136.0,139.23306274414062,139.03271484375,0.200347900390625
s_butterfly_350,resnet50_tl_20250829,8,4,116,136,120.0,140.0,139.23306274414062,139.07167053222656,0.1613922119140625
s_butterfly_350,resnet50_tl_20250829,8,4,116,140,120.0,144.0,139.23306274414062,139.17019653320312,0.0628662109375
s_butterfly_350,resnet50_tl_20250829,8,4,116,144,120.0,148.0,139.23306274414062,139.1703643798828,0.0626983642578125
s_butterfly_350,resnet50_tl_20250829,8,4,116,148,120.0,152.0,139.23306274414062,139.1529083251953,0.0801544189453125
s_butterfly_350,resnet50_tl_20250829,8,4,116,152,120.0,156.0,139.23306274414062,139.17762756347656,0.0554351806640625
s_butterfly_350,resnet50_tl_20250829,8,4,116,156,120.0,160.0,139.23306274414062,139.1893310546875,0.043731689453125
s_butterfly_350,resnet50_tl_20250829,8,4,116,160,120.0,164.0,139.23306274414062,139.1264190673828,0.1066436767578125
s_butterfly_350,resnet50_tl_20250829,8,4,116,164,120.0,168.0,139.23306274414062,139.09715270996094,0.1359100341796875
s_butterfly_350,resnet50_tl_20250829,8,4,116,168,120.0,172.0,139.23306274414062,139.2012176513672,0.0318450927734375
s_butterfly_350,resnet50_tl_20250829,8,4,116,172,120.0,176.0,139.23306274414062,139.0079803466797,0.2250823974609375
s_butterfly_350,resnet50_tl_20250829,8,4,116,176,120.0,180.0,139.23306274414062,139.02638244628906,0.2066802978515625
s_butterfly_350,resnet50_tl_20250829,8,4,116,180,120.0,184.0,139.23306274414062,139.35899353027344,-0.1259307861328125
s_butterfly_350,resnet50_tl_20250829,8,4,116,184,120.0,188.0,139.23306274414062,139.35606384277344,-0.1230010986328125
s_butterfly_350,resnet50_tl_20250829,8,4,116,188,120.0,192.0,139.23306274414062,139.42396545410156,-0.1909027099609375
s_butterfly_350,resnet50_tl_20250829,8,4,116,192,120.0,196.0,139.23306274414062,139.3053741455078,-0.0723114013671875
s_butterfly_350,resnet50_tl_20250829,8,4,116,196,120.0,200.0,139.23306274414062,139.2834014892578,-0.0503387451171875
s_butterfly_350,resnet50_tl_20250829,8,4,116,200,120.0,204.0,139.23306274414062,139.22999572753906,0.0030670166015625
s_butterfly_350,resnet50_tl_20250829,8,4,116,204,120.0,208.0,139.23306274414062,139.2760009765625,-0.042938232421875
s_butterfly_350,resnet50_tl_20250829,8,4,116,208,120.0,212.0,139.23306274414062,139.2396697998047,-0.0066070556640625
s_butterfly_350,resnet50_tl_20250829,8,4,116,212,120.0,216.0,139.23306274414062,139.1778564453125,0.055206298828125
s_butterfly_350,resnet50_tl_20250829,8,4,116,216,120.0,220.0,139.23306274414062,139.10691833496094,0.1261444091796875
s_butterfly_350,resnet50_tl_20250829,8,4,120,0,124.0,4.0,139.23306274414062,139.0377197265625,0.195343017578125
s_butterfly_350,resnet50_tl_20250829,8,4,120,4,124.0,8.0,139.23306274414062,139.08267211914062,0.150390625
s_butterfly_350,resnet50_tl_20250829,8,4,120,8,124.0,12.0,139.23306274414062,139.22216796875,0.010894775390625
s_butterfly_350,resnet50_tl_20250829,8,4,120,12,124.0,16.0,139.23306274414062,139.20089721679688,0.03216552734375
s_butterfly_350,resnet50_tl_20250829,8,4,120,16,124.0,20.0,139.23306274414062,139.2376708984375,-0.004608154296875
s_butterfly_350,resnet50_tl_20250829,8,4,120,20,124.0,24.0,139.23306274414062,139.1975555419922,0.0355072021484375
s_butterfly_350,resnet50_tl_20250829,8,4,120,24,124.0,28.0,139.23306274414062,139.22926330566406,0.0037994384765625
s_butterfly_350,resnet50_tl_20250829,8,4,120,28,124.0,32.0,139.23306274414062,139.17893981933594,0.0541229248046875
s_butterfly_350,resnet50_tl_20250829,8,4,120,32,124.0,36.0,139.23306274414062,138.95228576660156,0.2807769775390625
s_butterfly_350,resnet50_tl_20250829,8,4,120,36,124.0,40.0,139.23306274414062,139.1194610595703,0.1136016845703125
s_butterfly_350,resnet50_tl_20250829,8,4,120,40,124.0,44.0,139.23306274414062,138.9919891357422,0.2410736083984375
s_butterfly_350,resnet50_tl_20250829,8,4,120,44,124.0,48.0,139.23306274414062,139.0615997314453,0.1714630126953125
s_butterfly_350,resnet50_tl_20250829,8,4,120,48,124.0,52.0,139.23306274414062,139.0527801513672,0.1802825927734375
s_butterfly_350,resnet50_tl_20250829,8,4,120,52,124.0,56.0,139.23306274414062,139.08657836914062,0.146484375
s_butterfly_350,resnet50_tl_20250829,8,4,120,56,124.0,60.0,139.23306274414062,139.10499572753906,0.1280670166015625
s_butterfly_350,resnet50_tl_20250829,8,4,120,60,124.0,64.0,139.23306274414062,139.18878173828125,0.044281005859375
s_butterfly_350,resnet50_tl_20250829,8,4,120,64,124.0,68.0,139.23306274414062,139.20094299316406,0.0321197509765625
s_butterfly_350,resnet50_tl_20250829,8,4,120,68,124.0,72.0,139.23306274414062,139.17295837402344,0.0601043701171875
s_butterfly_350,resnet50_tl_20250829,8,4,120,72,124.0,76.0,139.23306274414062,139.19244384765625,0.040618896484375
s_butterfly_350,resnet50_tl_20250829,8,4,120,76,124.0,80.0,139.23306274414062,139.23141479492188,0.00164794921875
s_butterfly_350,resnet50_tl_20250829,8,4,120,80,124.0,84.0,139.23306274414062,139.24156188964844,-0.0084991455078125
s_butterfly_350,resnet50_tl_20250829,8,4,120,84,124.0,88.0,139.23306274414062,139.2167205810547,0.0163421630859375
s_butterfly_350,resnet50_tl_20250829,8,4,120,88,124.0,92.0,139.23306274414062,139.2003936767578,0.0326690673828125
s_butterfly_350,resnet50_tl_20250829,8,4,120,92,124.0,96.0,139.23306274414062,138.94625854492188,0.28680419921875
s_butterfly_350,resnet50_tl_20250829,8,4,120,96,124.0,100.0,139.23306274414062,138.88768005371094,0.3453826904296875
s_butterfly_350,resnet50_tl_20250829,8,4,120,100,124.0,104.0,139.23306274414062,138.976318359375,0.256744384765625
s_butterfly_350,resnet50_tl_20250829,8,4,120,104,124.0,108.0,139.23306274414062,138.95358276367188,0.27947998046875
s_butterfly_350,resnet50_tl_20250829,8,4,120,108,124.0,112.0,139.23306274414062,138.90232849121094,0.3307342529296875
s_butterfly_350,resnet50_tl_20250829,8,4,120,112,124.0,116.0,139.23306274414062,138.93484497070312,0.2982177734375
s_butterfly_350,resnet50_tl_20250829,8,4,120,116,124.0,120.0,139.23306274414062,139.01931762695312,0.2137451171875
s_butterfly_350,resnet50_tl_20250829,8,4,120,120,124.0,124.0,139.23306274414062,138.9642791748047,0.2687835693359375
s_butterfly_350,resnet50_tl_20250829,8,4,120,124,124.0,128.0,139.23306274414062,139.01007080078125,0.222991943359375
s_butterfly_350,resnet50_tl_20250829,8,4,120,128,124.0,132.0,139.23306274414062,139.05841064453125,0.174652099609375
s_butterfly_350,resnet50_tl_20250829,8,4,120,132,124.0,136.0,139.23306274414062,139.0142059326172,0.2188568115234375
s_butterfly_350,resnet50_tl_20250829,8,4,120,136,124.0,140.0,139.23306274414062,139.07339477539062,0.15966796875
s_butterfly_350,resnet50_tl_20250829,8,4,120,140,124.0,144.0,139.23306274414062,139.15663146972656,0.0764312744140625
s_butterfly_350,resnet50_tl_20250829,8,4,120,144,124.0,148.0,139.23306274414062,139.21043395996094,0.0226287841796875
s_butterfly_350,resnet50_tl_20250829,8,4,120,148,124.0,152.0,139.23306274414062,139.1522216796875,0.080841064453125
s_butterfly_350,resnet50_tl_20250829,8,4,120,152,124.0,156.0,139.23306274414062,139.19158935546875,0.041473388671875
s_butterfly_350,resnet50_tl_20250829,8,4,120,156,124.0,160.0,139.23306274414062,139.1800994873047,0.0529632568359375
s_butterfly_350,resnet50_tl_20250829,8,4,120,160,124.0,164.0,139.23306274414062,139.10910034179688,0.12396240234375
s_butterfly_350,resnet50_tl_20250829,8,4,120,164,124.0,168.0,139.23306274414062,139.0535430908203,0.1795196533203125
s_butterfly_350,resnet50_tl_20250829,8,4,120,168,124.0,172.0,139.23306274414062,139.17098999023438,0.06207275390625
s_butterfly_350,resnet50_tl_20250829,8,4,120,172,124.0,176.0,139.23306274414062,139.16163635253906,0.0714263916015625
s_butterfly_350,resnet50_tl_20250829,8,4,120,176,124.0,180.0,139.23306274414062,139.20550537109375,0.027557373046875
s_butterfly_350,resnet50_tl_20250829,8,4,120,180,124.0,184.0,139.23306274414062,139.28094482421875,-0.047882080078125
s_butterfly_350,resnet50_tl_20250829,8,4,120,184,124.0,188.0,139.23306274414062,139.29542541503906,-0.0623626708984375
s_butterfly_350,resnet50_tl_20250829,8,4,120,188,124.0,192.0,139.23306274414062,139.16302490234375,0.070037841796875
s_butterfly_350,resnet50_tl_20250829,8,4,120,192,124.0,196.0,139.23306274414062,139.089111328125,0.143951416015625
s_butterfly_350,resnet50_tl_20250829,8,4,120,196,124.0,200.0,139.23306274414062,139.1044921875,0.128570556640625
s_butterfly_350,resnet50_tl_20250829,8,4,120,200,124.0,204.0,139.23306274414062,139.1869354248047,0.0461273193359375
s_butterfly_350,resnet50_tl_20250829,8,4,120,204,124.0,208.0,139.23306274414062,139.20086669921875,0.032196044921875
s_butterfly_350,resnet50_tl_20250829,8,4,120,208,124.0,212.0,139.23306274414062,139.18438720703125,0.048675537109375
s_butterfly_350,resnet50_tl_20250829,8,4,120,212,124.0,216.0,139.23306274414062,139.10012817382812,0.1329345703125
s_butterfly_350,resnet50_tl_20250829,8,4,120,216,124.0,220.0,139.23306274414062,139.11184692382812,0.1212158203125
s_butterfly_350,resnet50_tl_20250829,8,4,124,0,128.0,4.0,139.23306274414062,138.97731018066406,0.2557525634765625
s_butterfly_350,resnet50_tl_20250829,8,4,124,4,128.0,8.0,139.23306274414062,139.1095428466797,0.1235198974609375
s_butterfly_350,resnet50_tl_20250829,8,4,124,8,128.0,12.0,139.23306274414062,139.22280883789062,0.01025390625
s_butterfly_350,resnet50_tl_20250829,8,4,124,12,128.0,16.0,139.23306274414062,139.2829132080078,-0.0498504638671875
s_butterfly_350,resnet50_tl_20250829,8,4,124,16,128.0,20.0,139.23306274414062,139.2498321533203,-0.0167694091796875
s_butterfly_350,resnet50_tl_20250829,8,4,124,20,128.0,24.0,139.23306274414062,139.20860290527344,0.0244598388671875
s_butterfly_350,resnet50_tl_20250829,8,4,124,24,128.0,28.0,139.23306274414062,139.19583129882812,0.0372314453125
s_butterfly_350,resnet50_tl_20250829,8,4,124,28,128.0,32.0,139.23306274414062,139.17999267578125,0.053070068359375
s_butterfly_350,resnet50_tl_20250829,8,4,124,32,128.0,36.0,139.23306274414062,139.03646850585938,0.19659423828125
s_butterfly_350,resnet50_tl_20250829,8,4,124,36,128.0,40.0,139.23306274414062,139.26211547851562,-0.029052734375
s_butterfly_350,resnet50_tl_20250829,8,4,124,40,128.0,44.0,139.23306274414062,139.1099395751953,0.1231231689453125
s_butterfly_350,resnet50_tl_20250829,8,4,124,44,128.0,48.0,139.23306274414062,139.22268676757812,0.0103759765625
s_butterfly_350,resnet50_tl_20250829,8,4,124,48,128.0,52.0,139.23306274414062,139.14559936523438,0.08746337890625
s_butterfly_350,resnet50_tl_20250829,8,4,124,52,128.0,56.0,139.23306274414062,139.13389587402344,0.0991668701171875
s_butterfly_350,resnet50_tl_20250829,8,4,124,56,128.0,60.0,139.23306274414062,139.16983032226562,0.063232421875
s_butterfly_350,resnet50_tl_20250829,8,4,124,60,128.0,64.0,139.23306274414062,139.35614013671875,-0.123077392578125
s_butterfly_350,resnet50_tl_20250829,8,4,124,64,128.0,68.0,139.23306274414062,139.31858825683594,-0.0855255126953125
s_butterfly_350,resnet50_tl_20250829,8,4,124,68,128.0,72.0,139.23306274414062,139.23226928710938,0.00079345703125
s_butterfly_350,resnet50_tl_20250829,8,4,124,72,128.0,76.0,139.23306274414062,139.2605743408203,-0.0275115966796875
s_butterfly_350,resnet50_tl_20250829,8,4,124,76,128.0,80.0,139.23306274414062,139.32496643066406,-0.0919036865234375
s_butterfly_350,resnet50_tl_20250829,8,4,124,80,128.0,84.0,139.23306274414062,139.3063201904297,-0.0732574462890625
s_butterfly_350,resnet50_tl_20250829,8,4,124,84,128.0,88.0,139.23306274414062,139.2917938232422,-0.0587310791015625
s_butterfly_350,resnet50_tl_20250829,8,4,124,88,128.0,92.0,139.23306274414062,139.2167510986328,0.0163116455078125
s_butterfly_350,resnet50_tl_20250829,8,4,124,92,128.0,96.0,139.23306274414062,138.43832397460938,0.79473876953125
s_butterfly_350,resnet50_tl_20250829,8,4,124,96,128.0,100.0,139.23306274414062,138.48709106445312,0.7459716796875
s_butterfly_350,resnet50_tl_20250829,8,4,124,100,128.0,104.0,139.23306274414062,139.0341796875,0.198883056640625
s_butterfly_350,resnet50_tl_20250829,8,4,124,104,128.0,108.0,139.23306274414062,138.94522094726562,0.287841796875
s_butterfly_350,resnet50_tl_20250829,8,4,124,108,128.0,112.0,139.23306274414062,138.76345825195312,0.4696044921875
s_butterfly_350,resnet50_tl_20250829,8,4,124,112,128.0,116.0,139.23306274414062,138.69229125976562,0.540771484375
s_butterfly_350,resnet50_tl_20250829,8,4,124,116,128.0,120.0,139.23306274414062,139.08509826660156,0.1479644775390625
s_butterfly_350,resnet50_tl_20250829,8,4,124,120,128.0,124.0,139.23306274414062,139.05172729492188,0.18133544921875
s_butterfly_350,resnet50_tl_20250829,8,4,124,124,128.0,128.0,139.23306274414062,139.12631225585938,0.10675048828125
s_butterfly_350,resnet50_tl_20250829,8,4,124,128,128.0,132.0,139.23306274414062,139.15545654296875,0.077606201171875
s_butterfly_350,resnet50_tl_20250829,8,4,124,132,128.0,136.0,139.23306274414062,139.1331787109375,0.099884033203125
s_butterfly_350,resnet50_tl_20250829,8,4,124,136,128.0,140.0,139.23306274414062,139.1615447998047,0.0715179443359375
s_butterfly_350,resnet50_tl_20250829,8,4,124,140,128.0,144.0,139.23306274414062,139.32186889648438,-0.08880615234375
s_butterfly_350,resnet50_tl_20250829,8,4,124,144,128.0,148.0,139.23306274414062,139.293212890625,-0.060150146484375
s_butterfly_350,resnet50_tl_20250829,8,4,124,148,128.0,152.0,139.23306274414062,139.28118896484375,-0.048126220703125
s_butterfly_350,resnet50_tl_20250829,8,4,124,152,128.0,156.0,139.23306274414062,139.24264526367188,-0.00958251953125
s_butterfly_350,resnet50_tl_20250829,8,4,124,156,128.0,160.0,139.23306274414062,139.16696166992188,0.06610107421875
s_butterfly_350,resnet50_tl_20250829,8,4,124,160,128.0,164.0,139.23306274414062,139.09426879882812,0.1387939453125
s_butterfly_350,resnet50_tl_20250829,8,4,124,164,128.0,168.0,139.23306274414062,139.12811279296875,0.104949951171875
s_butterfly_350,resnet50_tl_20250829,8,4,124,168,128.0,172.0,139.23306274414062,139.25721740722656,-0.0241546630859375
s_butterfly_350,resnet50_tl_20250829,8,4,124,172,128.0,176.0,139.23306274414062,138.87600708007812,0.3570556640625
s_butterfly_350,resnet50_tl_20250829,8,4,124,176,128.0,180.0,139.23306274414062,139.06158447265625,0.171478271484375
s_butterfly_350,resnet50_tl_20250829,8,4,124,180,128.0,184.0,139.23306274414062,139.3118133544922,-0.0787506103515625
s_butterfly_350,resnet50_tl_20250829,8,4,124,184,128.0,188.0,139.23306274414062,139.32260131835938,-0.08953857421875
s_butterfly_350,resnet50_tl_20250829,8,4,124,188,128.0,192.0,139.23306274414062,138.95928955078125,0.273773193359375
s_butterfly_350,resnet50_tl_20250829,8,4,124,192,128.0,196.0,139.23306274414062,138.87295532226562,0.360107421875
s_butterfly_350,resnet50_tl_20250829,8,4,124,196,128.0,200.0,139.23306274414062,139.08193969726562,0.151123046875
s_butterfly_350,resnet50_tl_20250829,8,4,124,200,128.0,204.0,139.23306274414062,139.22450256347656,0.0085601806640625
s_butterfly_350,resnet50_tl_20250829,8,4,124,204,128.0,208.0,139.23306274414062,139.20742797851562,0.025634765625
s_butterfly_350,resnet50_tl_20250829,8,4,124,208,128.0,212.0,139.23306274414062,139.12330627441406,0.1097564697265625
s_butterfly_350,resnet50_tl_20250829,8,4,124,212,128.0,216.0,139.23306274414062,139.11441040039062,0.11865234375
s_butterfly_350,resnet50_tl_20250829,8,4,124,216,128.0,220.0,139.23306274414062,139.12815856933594,0.1049041748046875
s_butterfly_350,resnet50_tl_20250829,8,4,128,0,132.0,4.0,139.23306274414062,139.01683044433594,0.2162322998046875
s_butterfly_350,resnet50_tl_20250829,8,4,128,4,132.0,8.0,139.23306274414062,139.1048583984375,0.128204345703125
s_butterfly_350,resnet50_tl_20250829,8,4,128,8,132.0,12.0,139.23306274414062,139.16421508789062,0.06884765625
s_butterfly_350,resnet50_tl_20250829,8,4,128,12,132.0,16.0,139.23306274414062,139.09005737304688,0.14300537109375
s_butterfly_350,resnet50_tl_20250829,8,4,128,16,132.0,20.0,139.23306274414062,139.1548309326172,0.0782318115234375
s_butterfly_350,resnet50_tl_20250829,8,4,128,20,132.0,24.0,139.23306274414062,139.07177734375,0.161285400390625
s_butterfly_350,resnet50_tl_20250829,8,4,128,24,132.0,28.0,139.23306274414062,139.13497924804688,0.09808349609375
s_butterfly_350,resnet50_tl_20250829,8,4,128,28,132.0,32.0,139.23306274414062,139.15725708007812,0.0758056640625
s_butterfly_350,resnet50_tl_20250829,8,4,128,32,132.0,36.0,139.23306274414062,139.10348510742188,0.12957763671875
s_butterfly_350,resnet50_tl_20250829,8,4,128,36,132.0,40.0,139.23306274414062,139.27056884765625,-0.037506103515625
s_butterfly_350,resnet50_tl_20250829,8,4,128,40,132.0,44.0,139.23306274414062,139.18263244628906,0.0504302978515625
s_butterfly_350,resnet50_tl_20250829,8,4,128,44,132.0,48.0,139.23306274414062,139.22476196289062,0.00830078125
s_butterfly_350,resnet50_tl_20250829,8,4,128,48,132.0,52.0,139.23306274414062,139.18893432617188,0.04412841796875
s_butterfly_350,resnet50_tl_20250829,8,4,128,52,132.0,56.0,139.23306274414062,139.1280059814453,0.1050567626953125
s_butterfly_350,resnet50_tl_20250829,8,4,128,56,132.0,60.0,139.23306274414062,139.17080688476562,0.062255859375
s_butterfly_350,resnet50_tl_20250829,8,4,128,60,132.0,64.0,139.23306274414062,139.32388305664062,-0.0908203125
s_butterfly_350,resnet50_tl_20250829,8,4,128,64,132.0,68.0,139.23306274414062,139.3174591064453,-0.0843963623046875
s_butterfly_350,resnet50_tl_20250829,8,4,128,68,132.0,72.0,139.23306274414062,139.21865844726562,0.014404296875
s_butterfly_350,resnet50_tl_20250829,8,4,128,72,132.0,76.0,139.23306274414062,139.2769317626953,-0.0438690185546875
s_butterfly_350,resnet50_tl_20250829,8,4,128,76,132.0,80.0,139.23306274414062,139.35887145996094,-0.1258087158203125
s_butterfly_350,resnet50_tl_20250829,8,4,128,80,132.0,84.0,139.23306274414062,139.35897827148438,-0.12591552734375
s_butterfly_350,resnet50_tl_20250829,8,4,128,84,132.0,88.0,139.23306274414062,139.28163146972656,-0.0485687255859375
s_butterfly_350,resnet50_tl_20250829,8,4,128,88,132.0,92.0,139.23306274414062,139.17259216308594,0.0604705810546875
s_butterfly_350,resnet50_tl_20250829,8,4,128,92,132.0,96.0,139.23306274414062,138.29286193847656,0.9402008056640625
s_butterfly_350,resnet50_tl_20250829,8,4,128,96,132.0,100.0,139.23306274414062,138.25921630859375,0.973846435546875
s_butterfly_350,resnet50_tl_20250829,8,4,128,100,132.0,104.0,139.23306274414062,139.032470703125,0.200592041015625
s_butterfly_350,resnet50_tl_20250829,8,4,128,104,132.0,108.0,139.23306274414062,138.95973205566406,0.2733306884765625
s_butterfly_350,resnet50_tl_20250829,8,4,128,108,132.0,112.0,139.23306274414062,138.69671630859375,0.536346435546875
s_butterfly_350,resnet50_tl_20250829,8,4,128,112,132.0,116.0,139.23306274414062,138.5677490234375,0.665313720703125
s_butterfly_350,resnet50_tl_20250829,8,4,128,116,132.0,120.0,139.23306274414062,139.05331420898438,0.17974853515625
s_butterfly_350,resnet50_tl_20250829,8,4,128,120,132.0,124.0,139.23306274414062,139.10389709472656,0.1291656494140625
s_butterfly_350,resnet50_tl_20250829,8,4,128,124,132.0,128.0,139.23306274414062,139.12973022460938,0.10333251953125
s_butterfly_350,resnet50_tl_20250829,8,4,128,128,132.0,132.0,139.23306274414062,139.17916870117188,0.05389404296875
s_butterfly_350,resnet50_tl_20250829,8,4,128,132,132.0,136.0,139.23306274414062,139.11856079101562,0.114501953125
s_butterfly_350,resnet50_tl_20250829,8,4,128,136,132.0,140.0,139.23306274414062,139.2147674560547,0.0182952880859375
s_butterfly_350,resnet50_tl_20250829,8,4,128,140,132.0,144.0,139.23306274414062,139.3236846923828,-0.0906219482421875
s_butterfly_350,resnet50_tl_20250829,8,4,128,144,132.0,148.0,139.23306274414062,139.3474884033203,-0.1144256591796875
s_butterfly_350,resnet50_tl_20250829,8,4,128,148,132.0,152.0,139.23306274414062,139.29983520507812,-0.0667724609375
s_butterfly_350,resnet50_tl_20250829,8,4,128,152,132.0,156.0,139.23306274414062,139.24903869628906,-0.0159759521484375
s_butterfly_350,resnet50_tl_20250829,8,4,128,156,132.0,160.0,139.23306274414062,139.20411682128906,0.0289459228515625
s_butterfly_350,resnet50_tl_20250829,8,4,128,160,132.0,164.0,139.23306274414062,139.14540100097656,0.0876617431640625
s_butterfly_350,resnet50_tl_20250829,8,4,128,164,132.0,168.0,139.23306274414062,139.1152801513672,0.1177825927734375
s_butterfly_350,resnet50_tl_20250829,8,4,128,168,132.0,172.0,139.23306274414062,139.2014923095703,0.0315704345703125
s_butterfly_350,resnet50_tl_20250829,8,4,128,172,132.0,176.0,139.23306274414062,138.90164184570312,0.3314208984375
s_butterfly_350,resnet50_tl_20250829,8,4,128,176,132.0,180.0,139.23306274414062,138.92625427246094,0.3068084716796875
s_butterfly_350,resnet50_tl_20250829,8,4,128,180,132.0,184.0,139.23306274414062,139.12158203125,0.111480712890625
s_butterfly_350,resnet50_tl_20250829,8,4,128,184,132.0,188.0,139.23306274414062,139.2253875732422,0.0076751708984375
s_butterfly_350,resnet50_tl_20250829,8,4,128,188,132.0,192.0,139.23306274414062,138.9374542236328,0.2956085205078125
s_butterfly_350,resnet50_tl_20250829,8,4,128,192,132.0,196.0,139.23306274414062,138.86537170410156,0.3676910400390625
s_butterfly_350,resnet50_tl_20250829,8,4,128,196,132.0,200.0,139.23306274414062,139.00592041015625,0.227142333984375
s_butterfly_350,resnet50_tl_20250829,8,4,128,200,132.0,204.0,139.23306274414062,139.16583251953125,0.067230224609375
s_butterfly_350,resnet50_tl_20250829,8,4,128,204,132.0,208.0,139.23306274414062,139.1275634765625,0.105499267578125
s_butterfly_350,resnet50_tl_20250829,8,4,128,208,132.0,212.0,139.23306274414062,139.12271118164062,0.1103515625
s_butterfly_350,resnet50_tl_20250829,8,4,128,212,132.0,216.0,139.23306274414062,139.07676696777344,0.1562957763671875
s_butterfly_350,resnet50_tl_20250829,8,4,128,216,132.0,220.0,139.23306274414062,139.140869140625,0.092193603515625
s_butterfly_350,resnet50_tl_20250829,8,4,132,0,136.0,4.0,139.23306274414062,139.197265625,0.035797119140625
s_butterfly_350,resnet50_tl_20250829,8,4,132,4,136.0,8.0,139.23306274414062,139.20033264160156,0.0327301025390625
s_butterfly_350,resnet50_tl_20250829,8,4,132,8,136.0,12.0,139.23306274414062,139.2312469482422,0.0018157958984375
s_butterfly_350,resnet50_tl_20250829,8,4,132,12,136.0,16.0,139.23306274414062,139.24244689941406,-0.0093841552734375
s_butterfly_350,resnet50_tl_20250829,8,4,132,16,136.0,20.0,139.23306274414062,139.2291717529297,0.0038909912109375
s_butterfly_350,resnet50_tl_20250829,8,4,132,20,136.0,24.0,139.23306274414062,139.34107971191406,-0.1080169677734375
s_butterfly_350,resnet50_tl_20250829,8,4,132,24,136.0,28.0,139.23306274414062,139.2506866455078,-0.0176239013671875
s_butterfly_350,resnet50_tl_20250829,8,4,132,28,136.0,32.0,139.23306274414062,139.27403259277344,-0.0409698486328125
s_butterfly_350,resnet50_tl_20250829,8,4,132,32,136.0,36.0,139.23306274414062,139.25686645507812,-0.0238037109375
s_butterfly_350,resnet50_tl_20250829,8,4,132,36,136.0,40.0,139.23306274414062,139.34588623046875,-0.112823486328125
s_butterfly_350,resnet50_tl_20250829,8,4,132,40,136.0,44.0,139.23306274414062,139.07894897460938,0.15411376953125
s_butterfly_350,resnet50_tl_20250829,8,4,132,44,136.0,48.0,139.23306274414062,139.08460998535156,0.1484527587890625
s_butterfly_350,resnet50_tl_20250829,8,4,132,48,136.0,52.0,139.23306274414062,139.05850219726562,0.174560546875
s_butterfly_350,resnet50_tl_20250829,8,4,132,52,136.0,56.0,139.23306274414062,139.08578491210938,0.14727783203125
s_butterfly_350,resnet50_tl_20250829,8,4,132,56,136.0,60.0,139.23306274414062,139.15277099609375,0.080291748046875
s_butterfly_350,resnet50_tl_20250829,8,4,132,60,136.0,64.0,139.23306274414062,139.2488555908203,-0.0157928466796875
s_butterfly_350,resnet50_tl_20250829,8,4,132,64,136.0,68.0,139.23306274414062,139.25518798828125,-0.022125244140625
s_butterfly_350,resnet50_tl_20250829,8,4,132,68,136.0,72.0,139.23306274414062,139.21206665039062,0.02099609375
s_butterfly_350,resnet50_tl_20250829,8,4,132,72,136.0,76.0,139.23306274414062,139.280029296875,-0.046966552734375
s_butterfly_350,resnet50_tl_20250829,8,4,132,76,136.0,80.0,139.23306274414062,139.26132202148438,-0.02825927734375
s_butterfly_350,resnet50_tl_20250829,8,4,132,80,136.0,84.0,139.23306274414062,139.24212646484375,-0.009063720703125
s_butterfly_350,resnet50_tl_20250829,8,4,132,84,136.0,88.0,139.23306274414062,139.2248077392578,0.0082550048828125
s_butterfly_350,resnet50_tl_20250829,8,4,132,88,136.0,92.0,139.23306274414062,139.18533325195312,0.0477294921875
s_butterfly_350,resnet50_tl_20250829,8,4,132,92,136.0,96.0,139.23306274414062,139.09255981445312,0.1405029296875
s_butterfly_350,resnet50_tl_20250829,8,4,132,96,136.0,100.0,139.23306274414062,138.95852661132812,0.2745361328125
s_butterfly_350,resnet50_tl_20250829,8,4,132,100,136.0,104.0,139.23306274414062,139.10899353027344,0.1240692138671875
s_butterfly_350,resnet50_tl_20250829,8,4,132,104,136.0,108.0,139.23306274414062,139.27447509765625,-0.041412353515625
s_butterfly_350,resnet50_tl_20250829,8,4,132,108,136.0,112.0,139.23306274414062,139.12269592285156,0.1103668212890625
s_butterfly_350,resnet50_tl_20250829,8,4,132,112,136.0,116.0,139.23306274414062,138.92752075195312,0.3055419921875
s_butterfly_350,resnet50_tl_20250829,8,4,132,116,136.0,120.0,139.23306274414062,138.98519897460938,0.24786376953125
s_butterfly_350,resnet50_tl_20250829,8,4,132,120,136.0,124.0,139.23306274414062,139.0323944091797,0.2006683349609375
s_butterfly_350,resnet50_tl_20250829,8,4,132,124,136.0,128.0,139.23306274414062,139.06072998046875,0.172332763671875
s_butterfly_350,resnet50_tl_20250829,8,4,132,128,136.0,132.0,139.23306274414062,139.10092163085938,0.13214111328125
s_butterfly_350,resnet50_tl_20250829,8,4,132,132,136.0,136.0,139.23306274414062,139.1348876953125,0.098175048828125
s_butterfly_350,resnet50_tl_20250829,8,4,132,136,136.0,140.0,139.23306274414062,139.2067413330078,0.0263214111328125
s_butterfly_350,resnet50_tl_20250829,8,4,132,140,136.0,144.0,139.23306274414062,139.31732177734375,-0.084259033203125
s_butterfly_350,resnet50_tl_20250829,8,4,132,144,136.0,148.0,139.23306274414062,139.29771423339844,-0.0646514892578125
s_butterfly_350,resnet50_tl_20250829,8,4,132,148,136.0,152.0,139.23306274414062,139.23495483398438,-0.00189208984375
s_butterfly_350,resnet50_tl_20250829,8,4,132,152,136.0,156.0,139.23306274414062,139.18614196777344,0.0469207763671875
s_butterfly_350,resnet50_tl_20250829,8,4,132,156,136.0,160.0,139.23306274414062,139.07177734375,0.161285400390625
s_butterfly_350,resnet50_tl_20250829,8,4,132,160,136.0,164.0,139.23306274414062,138.95692443847656,0.2761383056640625
s_butterfly_350,resnet50_tl_20250829,8,4,132,164,136.0,168.0,139.23306274414062,138.96926879882812,0.2637939453125
s_butterfly_350,resnet50_tl_20250829,8,4,132,168,136.0,172.0,139.23306274414062,139.0304412841797,0.2026214599609375
s_butterfly_350,resnet50_tl_20250829,8,4,132,172,136.0,176.0,139.23306274414062,138.97898864746094,0.2540740966796875
s_butterfly_350,resnet50_tl_20250829,8,4,132,176,136.0,180.0,139.23306274414062,139.00845336914062,0.224609375
s_butterfly_350,resnet50_tl_20250829,8,4,132,180,136.0,184.0,139.23306274414062,139.24444580078125,-0.011383056640625
s_butterfly_350,resnet50_tl_20250829,8,4,132,184,136.0,188.0,139.23306274414062,139.28494262695312,-0.0518798828125
s_butterfly_350,resnet50_tl_20250829,8,4,132,188,136.0,192.0,139.23306274414062,139.26722717285156,-0.0341644287109375
s_butterfly_350,resnet50_tl_20250829,8,4,132,192,136.0,196.0,139.23306274414062,139.2156982421875,0.017364501953125
s_butterfly_350,resnet50_tl_20250829,8,4,132,196,136.0,200.0,139.23306274414062,139.21011352539062,0.02294921875
s_butterfly_350,resnet50_tl_20250829,8,4,132,200,136.0,204.0,139.23306274414062,139.1822052001953,0.0508575439453125
s_butterfly_350,resnet50_tl_20250829,8,4,132,204,136.0,208.0,139.23306274414062,139.28375244140625,-0.050689697265625
s_butterfly_350,resnet50_tl_20250829,8,4,132,208,136.0,212.0,139.23306274414062,139.26585388183594,-0.0327911376953125
s_butterfly_350,resnet50_tl_20250829,8,4,132,212,136.0,216.0,139.23306274414062,139.19241333007812,0.0406494140625
s_butterfly_350,resnet50_tl_20250829,8,4,132,216,136.0,220.0,139.23306274414062,139.12757873535156,0.1054840087890625
s_butterfly_350,resnet50_tl_20250829,8,4,136,0,140.0,4.0,139.23306274414062,139.0521697998047,0.1808929443359375
s_butterfly_350,resnet50_tl_20250829,8,4,136,4,140.0,8.0,139.23306274414062,139.08412170410156,0.1489410400390625
s_butterfly_350,resnet50_tl_20250829,8,4,136,8,140.0,12.0,139.23306274414062,139.16412353515625,0.068939208984375
s_butterfly_350,resnet50_tl_20250829,8,4,136,12,140.0,16.0,139.23306274414062,139.0444793701172,0.1885833740234375
s_butterfly_350,resnet50_tl_20250829,8,4,136,16,140.0,20.0,139.23306274414062,139.0775146484375,0.155548095703125
s_butterfly_350,resnet50_tl_20250829,8,4,136,20,140.0,24.0,139.23306274414062,139.1379852294922,0.0950775146484375
s_butterfly_350,resnet50_tl_20250829,8,4,136,24,140.0,28.0,139.23306274414062,139.13204956054688,0.10101318359375
s_butterfly_350,resnet50_tl_20250829,8,4,136,28,140.0,32.0,139.23306274414062,139.013427734375,0.219635009765625
s_butterfly_350,resnet50_tl_20250829,8,4,136,32,140.0,36.0,139.23306274414062,138.9174041748047,0.3156585693359375
s_butterfly_350,resnet50_tl_20250829,8,4,136,36,140.0,40.0,139.23306274414062,139.177978515625,0.055084228515625
s_butterfly_350,resnet50_tl_20250829,8,4,136,40,140.0,44.0,139.23306274414062,139.09739685058594,0.1356658935546875
s_butterfly_350,resnet50_tl_20250829,8,4,136,44,140.0,48.0,139.23306274414062,139.03485107421875,0.198211669921875
s_butterfly_350,resnet50_tl_20250829,8,4,136,48,140.0,52.0,139.23306274414062,138.99864196777344,0.2344207763671875
s_butterfly_350,resnet50_tl_20250829,8,4,136,52,140.0,56.0,139.23306274414062,139.0077362060547,0.2253265380859375
s_butterfly_350,resnet50_tl_20250829,8,4,136,56,140.0,60.0,139.23306274414062,139.06430053710938,0.16876220703125
s_butterfly_350,resnet50_tl_20250829,8,4,136,60,140.0,64.0,139.23306274414062,139.17298889160156,0.0600738525390625
s_butterfly_350,resnet50_tl_20250829,8,4,136,64,140.0,68.0,139.23306274414062,139.1797332763672,0.0533294677734375
s_butterfly_350,resnet50_tl_20250829,8,4,136,68,140.0,72.0,139.23306274414062,139.1589813232422,0.0740814208984375
s_butterfly_350,resnet50_tl_20250829,8,4,136,72,140.0,76.0,139.23306274414062,139.20864868164062,0.0244140625
s_butterfly_350,resnet50_tl_20250829,8,4,136,76,140.0,80.0,139.23306274414062,139.20016479492188,0.03289794921875
s_butterfly_350,resnet50_tl_20250829,8,4,136,80,140.0,84.0,139.23306274414062,139.20901489257812,0.0240478515625
s_butterfly_350,resnet50_tl_20250829,8,4,136,84,140.0,88.0,139.23306274414062,139.197509765625,0.035552978515625
s_butterfly_350,resnet50_tl_20250829,8,4,136,88,140.0,92.0,139.23306274414062,139.19895935058594,0.0341033935546875
s_butterfly_350,resnet50_tl_20250829,8,4,136,92,140.0,96.0,139.23306274414062,138.9984588623047,0.2346038818359375
s_butterfly_350,resnet50_tl_20250829,8,4,136,96,140.0,100.0,139.23306274414062,138.9799041748047,0.2531585693359375
s_butterfly_350,resnet50_tl_20250829,8,4,136,100,140.0,104.0,139.23306274414062,139.039306640625,0.193756103515625
s_butterfly_350,resnet50_tl_20250829,8,4,136,104,140.0,108.0,139.23306274414062,139.2053680419922,0.0276947021484375
s_butterfly_350,resnet50_tl_20250829,8,4,136,108,140.0,112.0,139.23306274414062,139.14991760253906,0.0831451416015625
s_butterfly_350,resnet50_tl_20250829,8,4,136,112,140.0,116.0,139.23306274414062,138.81161499023438,0.42144775390625
s_butterfly_350,resnet50_tl_20250829,8,4,136,116,140.0,120.0,139.23306274414062,138.91921997070312,0.3138427734375
s_butterfly_350,resnet50_tl_20250829,8,4,136,120,140.0,124.0,139.23306274414062,139.00128173828125,0.231781005859375
s_butterfly_350,resnet50_tl_20250829,8,4,136,124,140.0,128.0,139.23306274414062,139.05560302734375,0.177459716796875
s_butterfly_350,resnet50_tl_20250829,8,4,136,128,140.0,132.0,139.23306274414062,139.09423828125,0.138824462890625
s_butterfly_350,resnet50_tl_20250829,8,4,136,132,140.0,136.0,139.23306274414062,139.13754272460938,0.09552001953125
s_butterfly_350,resnet50_tl_20250829,8,4,136,136,140.0,140.0,139.23306274414062,139.1482391357422,0.0848236083984375
s_butterfly_350,resnet50_tl_20250829,8,4,136,140,140.0,144.0,139.23306274414062,139.2523956298828,-0.0193328857421875
s_butterfly_350,resnet50_tl_20250829,8,4,136,144,140.0,148.0,139.23306274414062,139.17929077148438,0.05377197265625
s_butterfly_350,resnet50_tl_20250829,8,4,136,148,140.0,152.0,139.23306274414062,139.1822509765625,0.050811767578125
s_butterfly_350,resnet50_tl_20250829,8,4,136,152,140.0,156.0,139.23306274414062,139.1361846923828,0.0968780517578125
s_butterfly_350,resnet50_tl_20250829,8,4,136,156,140.0,160.0,139.23306274414062,138.9881134033203,0.2449493408203125
s_butterfly_350,resnet50_tl_20250829,8,4,136,160,140.0,164.0,139.23306274414062,138.9237060546875,0.309356689453125
s_butterfly_350,resnet50_tl_20250829,8,4,136,164,140.0,168.0,139.23306274414062,138.82785034179688,0.40521240234375
s_butterfly_350,resnet50_tl_20250829,8,4,136,168,140.0,172.0,139.23306274414062,138.79942321777344,0.4336395263671875
s_butterfly_350,resnet50_tl_20250829,8,4,136,172,140.0,176.0,139.23306274414062,138.89617919921875,0.336883544921875
s_butterfly_350,resnet50_tl_20250829,8,4,136,176,140.0,180.0,139.23306274414062,138.83096313476562,0.402099609375
s_butterfly_350,resnet50_tl_20250829,8,4,136,180,140.0,184.0,139.23306274414062,139.01974487304688,0.21331787109375
s_butterfly_350,resnet50_tl_20250829,8,4,136,184,140.0,188.0,139.23306274414062,139.158935546875,0.074127197265625
s_butterfly_350,resnet50_tl_20250829,8,4,136,188,140.0,192.0,139.23306274414062,139.05117797851562,0.181884765625
s_butterfly_350,resnet50_tl_20250829,8,4,136,192,140.0,196.0,139.23306274414062,139.0544891357422,0.1785736083984375
s_butterfly_350,resnet50_tl_20250829,8,4,136,196,140.0,200.0,139.23306274414062,139.0406494140625,0.192413330078125
s_butterfly_350,resnet50_tl_20250829,8,4,136,200,140.0,204.0,139.23306274414062,139.120849609375,0.112213134765625
s_butterfly_350,resnet50_tl_20250829,8,4,136,204,140.0,208.0,139.23306274414062,139.13990783691406,0.0931549072265625
s_butterfly_350,resnet50_tl_20250829,8,4,136,208,140.0,212.0,139.23306274414062,139.146484375,0.086578369140625
s_butterfly_350,resnet50_tl_20250829,8,4,136,212,140.0,216.0,139.23306274414062,139.08888244628906,0.1441802978515625
s_butterfly_350,resnet50_tl_20250829,8,4,136,216,140.0,220.0,139.23306274414062,139.12347412109375,0.109588623046875
s_butterfly_350,resnet50_tl_20250829,8,4,140,0,144.0,4.0,139.23306274414062,138.793212890625,0.439849853515625
s_butterfly_350,resnet50_tl_20250829,8,4,140,4,144.0,8.0,139.23306274414062,139.10597229003906,0.1270904541015625
s_butterfly_350,resnet50_tl_20250829,8,4,140,8,144.0,12.0,139.23306274414062,139.20321655273438,0.02984619140625
s_butterfly_350,resnet50_tl_20250829,8,4,140,12,144.0,16.0,139.23306274414062,139.08612060546875,0.146942138671875
s_butterfly_350,resnet50_tl_20250829,8,4,140,16,144.0,20.0,139.23306274414062,139.03350830078125,0.199554443359375
s_butterfly_350,resnet50_tl_20250829,8,4,140,20,144.0,24.0,139.23306274414062,139.22195434570312,0.0111083984375
s_butterfly_350,resnet50_tl_20250829,8,4,140,24,144.0,28.0,139.23306274414062,139.1430206298828,0.0900421142578125
s_butterfly_350,resnet50_tl_20250829,8,4,140,28,144.0,32.0,139.23306274414062,138.98484802246094,0.2482147216796875
s_butterfly_350,resnet50_tl_20250829,8,4,140,32,144.0,36.0,139.23306274414062,138.77462768554688,0.45843505859375
s_butterfly_350,resnet50_tl_20250829,8,4,140,36,144.0,40.0,139.23306274414062,139.139404296875,0.093658447265625
s_butterfly_350,resnet50_tl_20250829,8,4,140,40,144.0,44.0,139.23306274414062,139.14381408691406,0.0892486572265625
s_butterfly_350,resnet50_tl_20250829,8,4,140,44,144.0,48.0,139.23306274414062,138.98309326171875,0.249969482421875
s_butterfly_350,resnet50_tl_20250829,8,4,140,48,144.0,52.0,139.23306274414062,138.89430236816406,0.3387603759765625
s_butterfly_350,resnet50_tl_20250829,8,4,140,52,144.0,56.0,139.23306274414062,139.00404357910156,0.2290191650390625
s_butterfly_350,resnet50_tl_20250829,8,4,140,56,144.0,60.0,139.23306274414062,139.0615997314453,0.1714630126953125
s_butterfly_350,resnet50_tl_20250829,8,4,140,60,144.0,64.0,139.23306274414062,139.0846710205078,0.1483917236328125
s_butterfly_350,resnet50_tl_20250829,8,4,140,64,144.0,68.0,139.23306274414062,139.10186767578125,0.131195068359375
s_butterfly_350,resnet50_tl_20250829,8,4,140,68,144.0,72.0,139.23306274414062,139.11573791503906,0.1173248291015625
s_butterfly_350,resnet50_tl_20250829,8,4,140,72,144.0,76.0,139.23306274414062,139.1223602294922,0.1107025146484375
s_butterfly_350,resnet50_tl_20250829,8,4,140,76,144.0,80.0,139.23306274414062,139.07640075683594,0.1566619873046875
s_butterfly_350,resnet50_tl_20250829,8,4,140,80,144.0,84.0,139.23306274414062,139.10491943359375,0.128143310546875
s_butterfly_350,resnet50_tl_20250829,8,4,140,84,144.0,88.0,139.23306274414062,139.17881774902344,0.0542449951171875
s_butterfly_350,resnet50_tl_20250829,8,4,140,88,144.0,92.0,139.23306274414062,139.10867309570312,0.1243896484375
s_butterfly_350,resnet50_tl_20250829,8,4,140,92,144.0,96.0,139.23306274414062,138.58676147460938,0.64630126953125
s_butterfly_350,resnet50_tl_20250829,8,4,140,96,144.0,100.0,139.23306274414062,138.34400939941406,0.8890533447265625
s_butterfly_350,resnet50_tl_20250829,8,4,140,100,144.0,104.0,139.23306274414062,139.017333984375,0.215728759765625
s_butterfly_350,resnet50_tl_20250829,8,4,140,104,144.0,108.0,139.23306274414062,139.11697387695312,0.1160888671875
s_butterfly_350,resnet50_tl_20250829,8,4,140,108,144.0,112.0,139.23306274414062,138.74314880371094,0.4899139404296875
s_butterfly_350,resnet50_tl_20250829,8,4,140,112,144.0,116.0,139.23306274414062,138.6741943359375,0.558868408203125
s_butterfly_350,resnet50_tl_20250829,8,4,140,116,144.0,120.0,139.23306274414062,139.0059814453125,0.227081298828125
s_butterfly_350,resnet50_tl_20250829,8,4,140,120,144.0,124.0,139.23306274414062,139.00552368164062,0.2275390625
s_butterfly_350,resnet50_tl_20250829,8,4,140,124,144.0,128.0,139.23306274414062,139.0734100341797,0.1596527099609375
s_butterfly_350,resnet50_tl_20250829,8,4,140,128,144.0,132.0,139.23306274414062,139.0691680908203,0.1638946533203125
s_butterfly_350,resnet50_tl_20250829,8,4,140,132,144.0,136.0,139.23306274414062,139.1621551513672,0.0709075927734375
s_butterfly_350,resnet50_tl_20250829,8,4,140,136,144.0,140.0,139.23306274414062,139.12152099609375,0.111541748046875
s_butterfly_350,resnet50_tl_20250829,8,4,140,140,144.0,144.0,139.23306274414062,139.17739868164062,0.0556640625
s_butterfly_350,resnet50_tl_20250829,8,4,140,144,144.0,148.0,139.23306274414062,139.11398315429688,0.11907958984375
s_butterfly_350,resnet50_tl_20250829,8,4,140,148,144.0,152.0,139.23306274414062,139.09991455078125,0.133148193359375
s_butterfly_350,resnet50_tl_20250829,8,4,140,152,144.0,156.0,139.23306274414062,138.87091064453125,0.362152099609375
s_butterfly_350,resnet50_tl_20250829,8,4,140,156,144.0,160.0,139.23306274414062,138.84259033203125,0.390472412109375
s_butterfly_350,resnet50_tl_20250829,8,4,140,160,144.0,164.0,139.23306274414062,138.81175231933594,0.4213104248046875
s_butterfly_350,resnet50_tl_20250829,8,4,140,164,144.0,168.0,139.23306274414062,139.13282775878906,0.1002349853515625
s_butterfly_350,resnet50_tl_20250829,8,4,140,168,144.0,172.0,139.23306274414062,139.22079467773438,0.01226806640625
s_butterfly_350,resnet50_tl_20250829,8,4,140,172,144.0,176.0,139.23306274414062,138.8470916748047,0.3859710693359375
s_butterfly_350,resnet50_tl_20250829,8,4,140,176,144.0,180.0,139.23306274414062,138.74044799804688,0.49261474609375
s_butterfly_350,resnet50_tl_20250829,8,4,140,180,144.0,184.0,139.23306274414062,139.0889434814453,0.1441192626953125
s_butterfly_350,resnet50_tl_20250829,8,4,140,184,144.0,188.0,139.23306274414062,139.1260223388672,0.1070404052734375
s_butterfly_350,resnet50_tl_20250829,8,4,140,188,144.0,192.0,139.23306274414062,138.87940979003906,0.3536529541015625
s_butterfly_350,resnet50_tl_20250829,8,4,140,192,144.0,196.0,139.23306274414062,138.889892578125,0.343170166015625
s_butterfly_350,resnet50_tl_20250829,8,4,140,196,144.0,200.0,139.23306274414062,138.99929809570312,0.2337646484375
s_butterfly_350,resnet50_tl_20250829,8,4,140,200,144.0,204.0,139.23306274414062,139.1581268310547,0.0749359130859375
s_butterfly_350,resnet50_tl_20250829,8,4,140,204,144.0,208.0,139.23306274414062,139.10044860839844,0.1326141357421875
s_butterfly_350,resnet50_tl_20250829,8,4,140,208,144.0,212.0,139.23306274414062,139.0642852783203,0.1687774658203125
s_butterfly_350,resnet50_tl_20250829,8,4,140,212,144.0,216.0,139.23306274414062,139.07180786132812,0.1612548828125
s_butterfly_350,resnet50_tl_20250829,8,4,140,216,144.0,220.0,139.23306274414062,139.11427307128906,0.1187896728515625
s_butterfly_350,resnet50_tl_20250829,8,4,144,0,148.0,4.0,139.23306274414062,138.84898376464844,0.3840789794921875
s_butterfly_350,resnet50_tl_20250829,8,4,144,4,148.0,8.0,139.23306274414062,139.0086212158203,0.2244415283203125
s_butterfly_350,resnet50_tl_20250829,8,4,144,8,148.0,12.0,139.23306274414062,139.18043518066406,0.0526275634765625
s_butterfly_350,resnet50_tl_20250829,8,4,144,12,148.0,16.0,139.23306274414062,138.9727020263672,0.2603607177734375
s_butterfly_350,resnet50_tl_20250829,8,4,144,16,148.0,20.0,139.23306274414062,138.98995971679688,0.24310302734375
s_butterfly_350,resnet50_tl_20250829,8,4,144,20,148.0,24.0,139.23306274414062,139.02938842773438,0.20367431640625
s_butterfly_350,resnet50_tl_20250829,8,4,144,24,148.0,28.0,139.23306274414062,139.06980895996094,0.1632537841796875
s_butterfly_350,resnet50_tl_20250829,8,4,144,28,148.0,32.0,139.23306274414062,139.0003662109375,0.232696533203125
s_butterfly_350,resnet50_tl_20250829,8,4,144,32,148.0,36.0,139.23306274414062,138.97262573242188,0.26043701171875
s_butterfly_350,resnet50_tl_20250829,8,4,144,36,148.0,40.0,139.23306274414062,139.05471801757812,0.1783447265625
s_butterfly_350,resnet50_tl_20250829,8,4,144,40,148.0,44.0,139.23306274414062,139.19961547851562,0.033447265625
s_butterfly_350,resnet50_tl_20250829,8,4,144,44,148.0,48.0,139.23306274414062,139.08612060546875,0.146942138671875
s_butterfly_350,resnet50_tl_20250829,8,4,144,48,148.0,52.0,139.23306274414062,138.9569549560547,0.2761077880859375
s_butterfly_350,resnet50_tl_20250829,8,4,144,52,148.0,56.0,139.23306274414062,139.0333251953125,0.199737548828125
s_butterfly_350,resnet50_tl_20250829,8,4,144,56,148.0,60.0,139.23306274414062,139.08282470703125,0.150238037109375
s_butterfly_350,resnet50_tl_20250829,8,4,144,60,148.0,64.0,139.23306274414062,139.11134338378906,0.1217193603515625
s_butterfly_350,resnet50_tl_20250829,8,4,144,64,148.0,68.0,139.23306274414062,139.07440185546875,0.158660888671875
s_butterfly_350,resnet50_tl_20250829,8,4,144,68,148.0,72.0,139.23306274414062,139.122314453125,0.110748291015625
s_butterfly_350,resnet50_tl_20250829,8,4,144,72,148.0,76.0,139.23306274414062,139.09048461914062,0.142578125
s_butterfly_350,resnet50_tl_20250829,8,4,144,76,148.0,80.0,139.23306274414062,139.11083984375,0.122222900390625
s_butterfly_350,resnet50_tl_20250829,8,4,144,80,148.0,84.0,139.23306274414062,139.13475036621094,0.0983123779296875
s_butterfly_350,resnet50_tl_20250829,8,4,144,84,148.0,88.0,139.23306274414062,139.11329650878906,0.1197662353515625
s_butterfly_350,resnet50_tl_20250829,8,4,144,88,148.0,92.0,139.23306274414062,139.0142364501953,0.2188262939453125
s_butterfly_350,resnet50_tl_20250829,8,4,144,92,148.0,96.0,139.23306274414062,138.69171142578125,0.541351318359375
s_butterfly_350,resnet50_tl_20250829,8,4,144,96,148.0,100.0,139.23306274414062,138.64849853515625,0.584564208984375
s_butterfly_350,resnet50_tl_20250829,8,4,144,100,148.0,104.0,139.23306274414062,138.89328002929688,0.33978271484375
s_butterfly_350,resnet50_tl_20250829,8,4,144,104,148.0,108.0,139.23306274414062,138.994384765625,0.238677978515625
s_butterfly_350,resnet50_tl_20250829,8,4,144,108,148.0,112.0,139.23306274414062,138.768798828125,0.464263916015625
s_butterfly_350,resnet50_tl_20250829,8,4,144,112,148.0,116.0,139.23306274414062,138.67898559570312,0.5540771484375
s_butterfly_350,resnet50_tl_20250829,8,4,144,116,148.0,120.0,139.23306274414062,138.98143005371094,0.2516326904296875
s_butterfly_350,resnet50_tl_20250829,8,4,144,120,148.0,124.0,139.23306274414062,139.09707641601562,0.135986328125
s_butterfly_350,resnet50_tl_20250829,8,4,144,124,148.0,128.0,139.23306274414062,139.03256225585938,0.20050048828125
s_butterfly_350,resnet50_tl_20250829,8,4,144,128,148.0,132.0,139.23306274414062,139.0533905029297,0.1796722412109375
s_butterfly_350,resnet50_tl_20250829,8,4,144,132,148.0,136.0,139.23306274414062,139.1418914794922,0.0911712646484375
s_butterfly_350,resnet50_tl_20250829,8,4,144,136,148.0,140.0,139.23306274414062,139.12451171875,0.108551025390625
s_butterfly_350,resnet50_tl_20250829,8,4,144,140,148.0,144.0,139.23306274414062,139.12217712402344,0.1108856201171875
s_butterfly_350,resnet50_tl_20250829,8,4,144,144,148.0,148.0,139.23306274414062,139.13955688476562,0.093505859375
s_butterfly_350,resnet50_tl_20250829,8,4,144,148,148.0,152.0,139.23306274414062,139.07579040527344,0.1572723388671875
s_butterfly_350,resnet50_tl_20250829,8,4,144,152,148.0,156.0,139.23306274414062,138.89749145507812,0.3355712890625
s_butterfly_350,resnet50_tl_20250829,8,4,144,156,148.0,160.0,139.23306274414062,138.89024353027344,0.3428192138671875
s_butterfly_350,resnet50_tl_20250829,8,4,144,160,148.0,164.0,139.23306274414062,138.82664489746094,0.4064178466796875
s_butterfly_350,resnet50_tl_20250829,8,4,144,164,148.0,168.0,139.23306274414062,139.19358825683594,0.0394744873046875
s_butterfly_350,resnet50_tl_20250829,8,4,144,168,148.0,172.0,139.23306274414062,139.17971801757812,0.0533447265625
s_butterfly_350,resnet50_tl_20250829,8,4,144,172,148.0,176.0,139.23306274414062,138.86314392089844,0.3699188232421875
s_butterfly_350,resnet50_tl_20250829,8,4,144,176,148.0,180.0,139.23306274414062,138.84063720703125,0.392425537109375
s_butterfly_350,resnet50_tl_20250829,8,4,144,180,148.0,184.0,139.23306274414062,138.9287109375,0.304351806640625
s_butterfly_350,resnet50_tl_20250829,8,4,144,184,148.0,188.0,139.23306274414062,139.06582641601562,0.167236328125
s_butterfly_350,resnet50_tl_20250829,8,4,144,188,148.0,192.0,139.23306274414062,138.83987426757812,0.3931884765625
s_butterfly_350,resnet50_tl_20250829,8,4,144,192,148.0,196.0,139.23306274414062,138.9043426513672,0.3287200927734375
s_butterfly_350,resnet50_tl_20250829,8,4,144,196,148.0,200.0,139.23306274414062,138.96145629882812,0.2716064453125
s_butterfly_350,resnet50_tl_20250829,8,4,144,200,148.0,204.0,139.23306274414062,139.12159729003906,0.1114654541015625
s_butterfly_350,resnet50_tl_20250829,8,4,144,204,148.0,208.0,139.23306274414062,139.0592041015625,0.173858642578125
s_butterfly_350,resnet50_tl_20250829,8,4,144,208,148.0,212.0,139.23306274414062,139.07467651367188,0.15838623046875
s_butterfly_350,resnet50_tl_20250829,8,4,144,212,148.0,216.0,139.23306274414062,139.0476531982422,0.1854095458984375
s_butterfly_350,resnet50_tl_20250829,8,4,144,216,148.0,220.0,139.23306274414062,139.12216186523438,0.11090087890625
s_butterfly_350,resnet50_tl_20250829,8,4,148,0,152.0,4.0,139.23306274414062,139.13328552246094,0.0997772216796875
s_butterfly_350,resnet50_tl_20250829,8,4,148,4,152.0,8.0,139.23306274414062,139.13735961914062,0.095703125
s_butterfly_350,resnet50_tl_20250829,8,4,148,8,152.0,12.0,139.23306274414062,139.23243713378906,0.0006256103515625
s_butterfly_350,resnet50_tl_20250829,8,4,148,12,152.0,16.0,139.23306274414062,139.21446228027344,0.0186004638671875
s_butterfly_350,resnet50_tl_20250829,8,4,148,16,152.0,20.0,139.23306274414062,139.1999053955078,0.0331573486328125
s_butterfly_350,resnet50_tl_20250829,8,4,148,20,152.0,24.0,139.23306274414062,139.2738494873047,-0.0407867431640625
s_butterfly_350,resnet50_tl_20250829,8,4,148,24,152.0,28.0,139.23306274414062,139.23619079589844,-0.0031280517578125
s_butterfly_350,resnet50_tl_20250829,8,4,148,28,152.0,32.0,139.23306274414062,139.32992553710938,-0.09686279296875
s_butterfly_350,resnet50_tl_20250829,8,4,148,32,152.0,36.0,139.23306274414062,139.2962646484375,-0.063201904296875
s_butterfly_350,resnet50_tl_20250829,8,4,148,36,152.0,40.0,139.23306274414062,139.1884765625,0.044586181640625
s_butterfly_350,resnet50_tl_20250829,8,4,148,40,152.0,44.0,139.23306274414062,139.16741943359375,0.065643310546875
s_butterfly_350,resnet50_tl_20250829,8,4,148,44,152.0,48.0,139.23306274414062,139.23587036132812,-0.0028076171875
s_butterfly_350,resnet50_tl_20250829,8,4,148,48,152.0,52.0,139.23306274414062,138.98585510253906,0.2472076416015625
s_butterfly_350,resnet50_tl_20250829,8,4,148,52,152.0,56.0,139.23306274414062,138.88644409179688,0.34661865234375
s_butterfly_350,resnet50_tl_20250829,8,4,148,56,152.0,60.0,139.23306274414062,138.94223022460938,0.29083251953125
s_butterfly_350,resnet50_tl_20250829,8,4,148,60,152.0,64.0,139.23306274414062,139.03817749023438,0.19488525390625
s_butterfly_350,resnet50_tl_20250829,8,4,148,64,152.0,68.0,139.23306274414062,138.95445251464844,0.2786102294921875
s_butterfly_350,resnet50_tl_20250829,8,4,148,68,152.0,72.0,139.23306274414062,139.02696228027344,0.2061004638671875
s_butterfly_350,resnet50_tl_20250829,8,4,148,72,152.0,76.0,139.23306274414062,139.0231170654297,0.2099456787109375
s_butterfly_350,resnet50_tl_20250829,8,4,148,76,152.0,80.0,139.23306274414062,139.03643798828125,0.196624755859375
s_butterfly_350,resnet50_tl_20250829,8,4,148,80,152.0,84.0,139.23306274414062,139.0186004638672,0.2144622802734375
s_butterfly_350,resnet50_tl_20250829,8,4,148,84,152.0,88.0,139.23306274414062,139.136474609375,0.096588134765625
s_butterfly_350,resnet50_tl_20250829,8,4,148,88,152.0,92.0,139.23306274414062,139.0692138671875,0.163848876953125
s_butterfly_350,resnet50_tl_20250829,8,4,148,92,152.0,96.0,139.23306274414062,139.07737731933594,0.1556854248046875
s_butterfly_350,resnet50_tl_20250829,8,4,148,96,152.0,100.0,139.23306274414062,138.974609375,0.258453369140625
s_butterfly_350,resnet50_tl_20250829,8,4,148,100,152.0,104.0,139.23306274414062,138.9774932861328,0.2555694580078125
s_butterfly_350,resnet50_tl_20250829,8,4,148,104,152.0,108.0,139.23306274414062,139.0950469970703,0.1380157470703125
s_butterfly_350,resnet50_tl_20250829,8,4,148,108,152.0,112.0,139.23306274414062,139.31410217285156,-0.0810394287109375
s_butterfly_350,resnet50_tl_20250829,8,4,148,112,152.0,116.0,139.23306274414062,139.02926635742188,0.20379638671875
s_butterfly_350,resnet50_tl_20250829,8,4,148,116,152.0,120.0,139.23306274414062,139.18020629882812,0.0528564453125
s_butterfly_350,resnet50_tl_20250829,8,4,148,120,152.0,124.0,139.23306274414062,139.00552368164062,0.2275390625
s_butterfly_350,resnet50_tl_20250829,8,4,148,124,152.0,128.0,139.23306274414062,138.91726684570312,0.3157958984375
s_butterfly_350,resnet50_tl_20250829,8,4,148,128,152.0,132.0,139.23306274414062,138.85848999023438,0.37457275390625
s_butterfly_350,resnet50_tl_20250829,8,4,148,132,152.0,136.0,139.23306274414062,139.01963806152344,0.2134246826171875
s_butterfly_350,resnet50_tl_20250829,8,4,148,136,152.0,140.0,139.23306274414062,139.1122589111328,0.1208038330078125
s_butterfly_350,resnet50_tl_20250829,8,4,148,140,152.0,144.0,139.23306274414062,139.0389404296875,0.194122314453125
s_butterfly_350,resnet50_tl_20250829,8,4,148,144,152.0,148.0,139.23306274414062,139.00257873535156,0.2304840087890625
s_butterfly_350,resnet50_tl_20250829,8,4,148,148,152.0,152.0,139.23306274414062,138.95452880859375,0.278533935546875
s_butterfly_350,resnet50_tl_20250829,8,4,148,152,152.0,156.0,139.23306274414062,138.90870666503906,0.3243560791015625
s_butterfly_350,resnet50_tl_20250829,8,4,148,156,152.0,160.0,139.23306274414062,139.17506408691406,0.0579986572265625
s_butterfly_350,resnet50_tl_20250829,8,4,148,160,152.0,164.0,139.23306274414062,139.28138732910156,-0.0483245849609375
s_butterfly_350,resnet50_tl_20250829,8,4,148,164,152.0,168.0,139.23306274414062,139.3198699951172,-0.0868072509765625
s_butterfly_350,resnet50_tl_20250829,8,4,148,168,152.0,172.0,139.23306274414062,139.1555633544922,0.0774993896484375
s_butterfly_350,resnet50_tl_20250829,8,4,148,172,152.0,176.0,139.23306274414062,139.26724243164062,-0.0341796875
s_butterfly_350,resnet50_tl_20250829,8,4,148,176,152.0,180.0,139.23306274414062,139.24517822265625,-0.012115478515625
s_butterfly_350,resnet50_tl_20250829,8,4,148,180,152.0,184.0,139.23306274414062,139.2430877685547,-0.0100250244140625
s_butterfly_350,resnet50_tl_20250829,8,4,148,184,152.0,188.0,139.23306274414062,139.15130615234375,0.081756591796875
s_butterfly_350,resnet50_tl_20250829,8,4,148,188,152.0,192.0,139.23306274414062,139.13873291015625,0.094329833984375
s_butterfly_350,resnet50_tl_20250829,8,4,148,192,152.0,196.0,139.23306274414062,139.19923400878906,0.0338287353515625
s_butterfly_350,resnet50_tl_20250829,8,4,148,196,152.0,200.0,139.23306274414062,139.14840698242188,0.08465576171875
s_butterfly_350,resnet50_tl_20250829,8,4,148,200,152.0,204.0,139.23306274414062,139.138427734375,0.094635009765625
s_butterfly_350,resnet50_tl_20250829,8,4,148,204,152.0,208.0,139.23306274414062,139.2327880859375,0.000274658203125
s_butterfly_350,resnet50_tl_20250829,8,4,148,208,152.0,212.0,139.23306274414062,139.2756805419922,-0.0426177978515625
s_butterfly_350,resnet50_tl_20250829,8,4,148,212,152.0,216.0,139.23306274414062,139.1796417236328,0.0534210205078125
s_butterfly_350,resnet50_tl_20250829,8,4,148,216,152.0,220.0,139.23306274414062,139.12258911132812,0.1104736328125
s_butterfly_350,resnet50_tl_20250829,8,4,152,0,156.0,4.0,139.23306274414062,138.99974060058594,0.2333221435546875
s_butterfly_350,resnet50_tl_20250829,8,4,152,4,156.0,8.0,139.23306274414062,139.0260467529297,0.2070159912109375
s_butterfly_350,resnet50_tl_20250829,8,4,152,8,156.0,12.0,139.23306274414062,139.1407470703125,0.092315673828125
s_butterfly_350,resnet50_tl_20250829,8,4,152,12,156.0,16.0,139.23306274414062,138.9722442626953,0.2608184814453125
s_butterfly_350,resnet50_tl_20250829,8,4,152,16,156.0,20.0,139.23306274414062,139.00181579589844,0.2312469482421875
s_butterfly_350,resnet50_tl_20250829,8,4,152,20,156.0,24.0,139.23306274414062,139.02178955078125,0.211273193359375
s_butterfly_350,resnet50_tl_20250829,8,4,152,24,156.0,28.0,139.23306274414062,139.11767578125,0.115386962890625
s_butterfly_350,resnet50_tl_20250829,8,4,152,28,156.0,32.0,139.23306274414062,138.9942626953125,0.238800048828125
s_butterfly_350,resnet50_tl_20250829,8,4,152,32,156.0,36.0,139.23306274414062,138.9733428955078,0.2597198486328125
s_butterfly_350,resnet50_tl_20250829,8,4,152,36,156.0,40.0,139.23306274414062,139.1503448486328,0.0827178955078125
s_butterfly_350,resnet50_tl_20250829,8,4,152,40,156.0,44.0,139.23306274414062,139.14515686035156,0.0879058837890625
s_butterfly_350,resnet50_tl_20250829,8,4,152,44,156.0,48.0,139.23306274414062,139.16978454589844,0.0632781982421875
s_butterfly_350,resnet50_tl_20250829,8,4,152,48,156.0,52.0,139.23306274414062,139.101806640625,0.131256103515625
s_butterfly_350,resnet50_tl_20250829,8,4,152,52,156.0,56.0,139.23306274414062,139.04180908203125,0.191253662109375
s_butterfly_350,resnet50_tl_20250829,8,4,152,56,156.0,60.0,139.23306274414062,138.89569091796875,0.337371826171875
s_butterfly_350,resnet50_tl_20250829,8,4,152,60,156.0,64.0,139.23306274414062,139.04693603515625,0.186126708984375
s_butterfly_350,resnet50_tl_20250829,8,4,152,64,156.0,68.0,139.23306274414062,139.0223846435547,0.2106781005859375
s_butterfly_350,resnet50_tl_20250829,8,4,152,68,156.0,72.0,139.23306274414062,139.12771606445312,0.1053466796875
s_butterfly_350,resnet50_tl_20250829,8,4,152,72,156.0,76.0,139.23306274414062,139.0681610107422,0.1649017333984375
s_butterfly_350,resnet50_tl_20250829,8,4,152,76,156.0,80.0,139.23306274414062,139.06248474121094,0.1705780029296875
s_butterfly_350,resnet50_tl_20250829,8,4,152,80,156.0,84.0,139.23306274414062,139.0901336669922,0.1429290771484375
s_butterfly_350,resnet50_tl_20250829,8,4,152,84,156.0,88.0,139.23306274414062,139.33843994140625,-0.105377197265625
s_butterfly_350,resnet50_tl_20250829,8,4,152,88,156.0,92.0,139.23306274414062,139.20350646972656,0.0295562744140625
s_butterfly_350,resnet50_tl_20250829,8,4,152,92,156.0,96.0,139.23306274414062,138.94468688964844,0.2883758544921875
s_butterfly_350,resnet50_tl_20250829,8,4,152,96,156.0,100.0,139.23306274414062,138.6735382080078,0.5595245361328125
s_butterfly_350,resnet50_tl_20250829,8,4,152,100,156.0,104.0,139.23306274414062,138.81927490234375,0.413787841796875
s_butterfly_350,resnet50_tl_20250829,8,4,152,104,156.0,108.0,139.23306274414062,139.06553649902344,0.1675262451171875
s_butterfly_350,resnet50_tl_20250829,8,4,152,108,156.0,112.0,139.23306274414062,139.12356567382812,0.1094970703125
s_butterfly_350,resnet50_tl_20250829,8,4,152,112,156.0,116.0,139.23306274414062,138.70556640625,0.527496337890625
s_butterfly_350,resnet50_tl_20250829,8,4,152,116,156.0,120.0,139.23306274414062,139.00192260742188,0.23114013671875
s_butterfly_350,resnet50_tl_20250829,8,4,152,120,156.0,124.0,139.23306274414062,139.13192749023438,0.10113525390625
s_butterfly_350,resnet50_tl_20250829,8,4,152,124,156.0,128.0,139.23306274414062,138.9816131591797,0.2514495849609375
s_butterfly_350,resnet50_tl_20250829,8,4,152,128,156.0,132.0,139.23306274414062,138.9392547607422,0.2938079833984375
s_butterfly_350,resnet50_tl_20250829,8,4,152,132,156.0,136.0,139.23306274414062,139.123291015625,0.109771728515625
s_butterfly_350,resnet50_tl_20250829,8,4,152,136,156.0,140.0,139.23306274414062,139.1334991455078,0.0995635986328125
s_butterfly_350,resnet50_tl_20250829,8,4,152,140,156.0,144.0,139.23306274414062,139.09503173828125,0.138031005859375
s_butterfly_350,resnet50_tl_20250829,8,4,152,144,156.0,148.0,139.23306274414062,139.0561065673828,0.1769561767578125
s_butterfly_350,resnet50_tl_20250829,8,4,152,148,156.0,152.0,139.23306274414062,139.08889770507812,0.1441650390625
s_butterfly_350,resnet50_tl_20250829,8,4,152,152,156.0,156.0,139.23306274414062,139.03167724609375,0.201385498046875
s_butterfly_350,resnet50_tl_20250829,8,4,152,156,156.0,160.0,139.23306274414062,139.11488342285156,0.1181793212890625
s_butterfly_350,resnet50_tl_20250829,8,4,152,160,156.0,164.0,139.23306274414062,138.9997100830078,0.2333526611328125
s_butterfly_350,resnet50_tl_20250829,8,4,152,164,156.0,168.0,139.23306274414062,139.1969757080078,0.0360870361328125
s_butterfly_350,resnet50_tl_20250829,8,4,152,168,156.0,172.0,139.23306274414062,138.9876251220703,0.2454376220703125
s_butterfly_350,resnet50_tl_20250829,8,4,152,172,156.0,176.0,139.23306274414062,138.8784637451172,0.3545989990234375
s_butterfly_350,resnet50_tl_20250829,8,4,152,176,156.0,180.0,139.23306274414062,138.9204864501953,0.3125762939453125
s_butterfly_350,resnet50_tl_20250829,8,4,152,180,156.0,184.0,139.23306274414062,138.9033203125,0.329742431640625
s_butterfly_350,resnet50_tl_20250829,8,4,152,184,156.0,188.0,139.23306274414062,139.063232421875,0.169830322265625
s_butterfly_350,resnet50_tl_20250829,8,4,152,188,156.0,192.0,139.23306274414062,138.9425811767578,0.2904815673828125
s_butterfly_350,resnet50_tl_20250829,8,4,152,192,156.0,196.0,139.23306274414062,139.0089569091797,0.2241058349609375
s_butterfly_350,resnet50_tl_20250829,8,4,152,196,156.0,200.0,139.23306274414062,139.00473022460938,0.22833251953125
s_butterfly_350,resnet50_tl_20250829,8,4,152,200,156.0,204.0,139.23306274414062,139.10826110839844,0.1248016357421875
s_butterfly_350,resnet50_tl_20250829,8,4,152,204,156.0,208.0,139.23306274414062,139.144775390625,0.088287353515625
s_butterfly_350,resnet50_tl_20250829,8,4,152,208,156.0,212.0,139.23306274414062,139.18991088867188,0.04315185546875
s_butterfly_350,resnet50_tl_20250829,8,4,152,212,156.0,216.0,139.23306274414062,139.10836791992188,0.12469482421875
s_butterfly_350,resnet50_tl_20250829,8,4,152,216,156.0,220.0,139.23306274414062,139.1320037841797,0.1010589599609375
s_butterfly_350,resnet50_tl_20250829,8,4,156,0,160.0,4.0,139.23306274414062,138.751220703125,0.481842041015625
s_butterfly_350,resnet50_tl_20250829,8,4,156,4,160.0,8.0,139.23306274414062,139.05072021484375,0.182342529296875
s_butterfly_350,resnet50_tl_20250829,8,4,156,8,160.0,12.0,139.23306274414062,139.1876678466797,0.0453948974609375
s_butterfly_350,resnet50_tl_20250829,8,4,156,12,160.0,16.0,139.23306274414062,138.97869873046875,0.254364013671875
s_butterfly_350,resnet50_tl_20250829,8,4,156,16,160.0,20.0,139.23306274414062,138.94952392578125,0.283538818359375
s_butterfly_350,resnet50_tl_20250829,8,4,156,20,160.0,24.0,139.23306274414062,139.12538146972656,0.1076812744140625
s_butterfly_350,resnet50_tl_20250829,8,4,156,24,160.0,28.0,139.23306274414062,139.20330810546875,0.029754638671875
s_butterfly_350,resnet50_tl_20250829,8,4,156,28,160.0,32.0,139.23306274414062,138.88885498046875,0.344207763671875
s_butterfly_350,resnet50_tl_20250829,8,4,156,32,160.0,36.0,139.23306274414062,138.76829528808594,0.4647674560546875
s_butterfly_350,resnet50_tl_20250829,8,4,156,36,160.0,40.0,139.23306274414062,139.1324005126953,0.1006622314453125
s_butterfly_350,resnet50_tl_20250829,8,4,156,40,160.0,44.0,139.23306274414062,139.14527893066406,0.0877838134765625
s_butterfly_350,resnet50_tl_20250829,8,4,156,44,160.0,48.0,139.23306274414062,138.98431396484375,0.248748779296875
s_butterfly_350,resnet50_tl_20250829,8,4,156,48,160.0,52.0,139.23306274414062,138.87088012695312,0.3621826171875
s_butterfly_350,resnet50_tl_20250829,8,4,156,52,160.0,56.0,139.23306274414062,139.15933227539062,0.07373046875
s_butterfly_350,resnet50_tl_20250829,8,4,156,56,160.0,60.0,139.23306274414062,139.17843627929688,0.05462646484375
s_butterfly_350,resnet50_tl_20250829,8,4,156,60,160.0,64.0,139.23306274414062,139.13539123535156,0.0976715087890625
s_butterfly_350,resnet50_tl_20250829,8,4,156,64,160.0,68.0,139.23306274414062,139.14556884765625,0.087493896484375
s_butterfly_350,resnet50_tl_20250829,8,4,156,68,160.0,72.0,139.23306274414062,139.25057983398438,-0.01751708984375
s_butterfly_350,resnet50_tl_20250829,8,4,156,72,160.0,76.0,139.23306274414062,139.13929748535156,0.0937652587890625
s_butterfly_350,resnet50_tl_20250829,8,4,156,76,160.0,80.0,139.23306274414062,139.1036376953125,0.129425048828125
s_butterfly_350,resnet50_tl_20250829,8,4,156,80,160.0,84.0,139.23306274414062,139.2957305908203,-0.0626678466796875
s_butterfly_350,resnet50_tl_20250829,8,4,156,84,160.0,88.0,139.23306274414062,139.62380981445312,-0.3907470703125
s_butterfly_350,resnet50_tl_20250829,8,4,156,88,160.0,92.0,139.23306274414062,139.10350036621094,0.1295623779296875
s_butterfly_350,resnet50_tl_20250829,8,4,156,92,160.0,96.0,139.23306274414062,138.6705780029297,0.5624847412109375
s_butterfly_350,resnet50_tl_20250829,8,4,156,96,160.0,100.0,139.23306274414062,138.51800537109375,0.715057373046875
s_butterfly_350,resnet50_tl_20250829,8,4,156,100,160.0,104.0,139.23306274414062,139.0282745361328,0.2047882080078125
s_butterfly_350,resnet50_tl_20250829,8,4,156,104,160.0,108.0,139.23306274414062,139.14450073242188,0.08856201171875
s_butterfly_350,resnet50_tl_20250829,8,4,156,108,160.0,112.0,139.23306274414062,138.82801818847656,0.4050445556640625
s_butterfly_350,resnet50_tl_20250829,8,4,156,112,160.0,116.0,139.23306274414062,138.6443328857422,0.5887298583984375
s_butterfly_350,resnet50_tl_20250829,8,4,156,116,160.0,120.0,139.23306274414062,139.00640869140625,0.226654052734375
s_butterfly_350,resnet50_tl_20250829,8,4,156,120,160.0,124.0,139.23306274414062,139.2984619140625,-0.065399169921875
s_butterfly_350,resnet50_tl_20250829,8,4,156,124,160.0,128.0,139.23306274414062,139.13671875,0.096343994140625
s_butterfly_350,resnet50_tl_20250829,8,4,156,128,160.0,132.0,139.23306274414062,139.11972045898438,0.11334228515625
s_butterfly_350,resnet50_tl_20250829,8,4,156,132,160.0,136.0,139.23306274414062,139.16783142089844,0.0652313232421875
s_butterfly_350,resnet50_tl_20250829,8,4,156,136,160.0,140.0,139.23306274414062,139.10427856445312,0.1287841796875
s_butterfly_350,resnet50_tl_20250829,8,4,156,140,160.0,144.0,139.23306274414062,139.0723876953125,0.160675048828125
s_butterfly_350,resnet50_tl_20250829,8,4,156,144,160.0,148.0,139.23306274414062,139.04788208007812,0.1851806640625
s_butterfly_350,resnet50_tl_20250829,8,4,156,148,160.0,152.0,139.23306274414062,139.4635772705078,-0.2305145263671875
s_butterfly_350,resnet50_tl_20250829,8,4,156,152,160.0,156.0,139.23306274414062,139.273681640625,-0.040618896484375
s_butterfly_350,resnet50_tl_20250829,8,4,156,156,160.0,160.0,139.23306274414062,138.75099182128906,0.4820709228515625
s_butterfly_350,resnet50_tl_20250829,8,4,156,160,160.0,164.0,139.23306274414062,138.6979522705078,0.5351104736328125
s_butterfly_350,resnet50_tl_20250829,8,4,156,164,160.0,168.0,139.23306274414062,139.20668029785156,0.0263824462890625
s_butterfly_350,resnet50_tl_20250829,8,4,156,168,160.0,172.0,139.23306274414062,139.1336669921875,0.099395751953125
s_butterfly_350,resnet50_tl_20250829,8,4,156,172,160.0,176.0,139.23306274414062,138.8912811279297,0.3417816162109375
s_butterfly_350,resnet50_tl_20250829,8,4,156,176,160.0,180.0,139.23306274414062,138.78494262695312,0.4481201171875
s_butterfly_350,resnet50_tl_20250829,8,4,156,180,160.0,184.0,139.23306274414062,138.9914093017578,0.2416534423828125
s_butterfly_350,resnet50_tl_20250829,8,4,156,184,160.0,188.0,139.23306274414062,139.17181396484375,0.061248779296875
s_butterfly_350,resnet50_tl_20250829,8,4,156,188,160.0,192.0,139.23306274414062,138.77609252929688,0.45697021484375
s_butterfly_350,resnet50_tl_20250829,8,4,156,192,160.0,196.0,139.23306274414062,138.83184814453125,0.401214599609375
s_butterfly_350,resnet50_tl_20250829,8,4,156,196,160.0,200.0,139.23306274414062,138.97972106933594,0.2533416748046875
s_butterfly_350,resnet50_tl_20250829,8,4,156,200,160.0,204.0,139.23306274414062,139.18960571289062,0.04345703125
s_butterfly_350,resnet50_tl_20250829,8,4,156,204,160.0,208.0,139.23306274414062,139.11343383789062,0.11962890625
s_butterfly_350,resnet50_tl_20250829,8,4,156,208,160.0,212.0,139.23306274414062,139.11732482910156,0.1157379150390625
s_butterfly_350,resnet50_tl_20250829,8,4,156,212,160.0,216.0,139.23306274414062,139.1094512939453,0.1236114501953125
s_butterfly_350,resnet50_tl_20250829,8,4,156,216,160.0,220.0,139.23306274414062,139.1486358642578,0.0844268798828125
s_butterfly_350,resnet50_tl_20250829,8,4,160,0,164.0,4.0,139.23306274414062,138.82290649414062,0.41015625
s_butterfly_350,resnet50_tl_20250829,8,4,160,4,164.0,8.0,139.23306274414062,138.9814453125,0.251617431640625
s_butterfly_350,resnet50_tl_20250829,8,4,160,8,164.0,12.0,139.23306274414062,139.15049743652344,0.0825653076171875
s_butterfly_350,resnet50_tl_20250829,8,4,160,12,164.0,16.0,139.23306274414062,138.89637756347656,0.3366851806640625
s_butterfly_350,resnet50_tl_20250829,8,4,160,16,164.0,20.0,139.23306274414062,138.93310546875,0.299957275390625
s_butterfly_350,resnet50_tl_20250829,8,4,160,20,164.0,24.0,139.23306274414062,138.97421264648438,0.25885009765625
s_butterfly_350,resnet50_tl_20250829,8,4,160,24,164.0,28.0,139.23306274414062,139.0820770263672,0.1509857177734375
s_butterfly_350,resnet50_tl_20250829,8,4,160,28,164.0,32.0,139.23306274414062,138.75820922851562,0.474853515625
s_butterfly_350,resnet50_tl_20250829,8,4,160,32,164.0,36.0,139.23306274414062,138.82196044921875,0.411102294921875
s_butterfly_350,resnet50_tl_20250829,8,4,160,36,164.0,40.0,139.23306274414062,139.04600524902344,0.1870574951171875
s_butterfly_350,resnet50_tl_20250829,8,4,160,40,164.0,44.0,139.23306274414062,139.1743927001953,0.0586700439453125
s_butterfly_350,resnet50_tl_20250829,8,4,160,44,164.0,48.0,139.23306274414062,139.20895385742188,0.02410888671875
s_butterfly_350,resnet50_tl_20250829,8,4,160,48,164.0,52.0,139.23306274414062,138.98667907714844,0.2463836669921875
s_butterfly_350,resnet50_tl_20250829,8,4,160,52,164.0,56.0,139.23306274414062,138.9130401611328,0.3200225830078125
s_butterfly_350,resnet50_tl_20250829,8,4,160,56,164.0,60.0,139.23306274414062,139.1202392578125,0.112823486328125
s_butterfly_350,resnet50_tl_20250829,8,4,160,60,164.0,64.0,139.23306274414062,139.14105224609375,0.092010498046875
s_butterfly_350,resnet50_tl_20250829,8,4,160,64,164.0,68.0,139.23306274414062,139.03097534179688,0.20208740234375
s_butterfly_350,resnet50_tl_20250829,8,4,160,68,164.0,72.0,139.23306274414062,139.22686767578125,0.006195068359375
s_butterfly_350,resnet50_tl_20250829,8,4,160,72,164.0,76.0,139.23306274414062,139.1605682373047,0.0724945068359375
s_butterfly_350,resnet50_tl_20250829,8,4,160,76,164.0,80.0,139.23306274414062,139.16128540039062,0.07177734375
s_butterfly_350,resnet50_tl_20250829,8,4,160,80,164.0,84.0,139.23306274414062,139.206298828125,0.026763916015625
s_butterfly_350,resnet50_tl_20250829,8,4,160,84,164.0,88.0,139.23306274414062,139.33544921875,-0.102386474609375
s_butterfly_350,resnet50_tl_20250829,8,4,160,88,164.0,92.0,139.23306274414062,139.0106201171875,0.222442626953125
s_butterfly_350,resnet50_tl_20250829,8,4,160,92,164.0,96.0,139.23306274414062,138.76670837402344,0.4663543701171875
s_butterfly_350,resnet50_tl_20250829,8,4,160,96,164.0,100.0,139.23306274414062,138.7098846435547,0.5231781005859375
s_butterfly_350,resnet50_tl_20250829,8,4,160,100,164.0,104.0,139.23306274414062,138.92396545410156,0.3090972900390625
s_butterfly_350,resnet50_tl_20250829,8,4,160,104,164.0,108.0,139.23306274414062,139.03463745117188,0.19842529296875
s_butterfly_350,resnet50_tl_20250829,8,4,160,108,164.0,112.0,139.23306274414062,138.82919311523438,0.40386962890625
s_butterfly_350,resnet50_tl_20250829,8,4,160,112,164.0,116.0,139.23306274414062,138.76666259765625,0.466400146484375
s_butterfly_350,resnet50_tl_20250829,8,4,160,116,164.0,120.0,139.23306274414062,138.8975372314453,0.3355255126953125
s_butterfly_350,resnet50_tl_20250829,8,4,160,120,164.0,124.0,139.23306274414062,138.92510986328125,0.307952880859375
s_butterfly_350,resnet50_tl_20250829,8,4,160,124,164.0,128.0,139.23306274414062,139.13548278808594,0.0975799560546875
s_butterfly_350,resnet50_tl_20250829,8,4,160,128,164.0,132.0,139.23306274414062,139.00149536132812,0.2315673828125
s_butterfly_350,resnet50_tl_20250829,8,4,160,132,164.0,136.0,139.23306274414062,139.07154846191406,0.1615142822265625
s_butterfly_350,resnet50_tl_20250829,8,4,160,136,164.0,140.0,139.23306274414062,139.1300048828125,0.103057861328125
s_butterfly_350,resnet50_tl_20250829,8,4,160,140,164.0,144.0,139.23306274414062,139.02041625976562,0.212646484375
s_butterfly_350,resnet50_tl_20250829,8,4,160,144,164.0,148.0,139.23306274414062,139.0498046875,0.183258056640625
s_butterfly_350,resnet50_tl_20250829,8,4,160,148,164.0,152.0,139.23306274414062,139.3571014404297,-0.1240386962890625
s_butterfly_350,resnet50_tl_20250829,8,4,160,152,164.0,156.0,139.23306274414062,139.0277557373047,0.2053070068359375
s_butterfly_350,resnet50_tl_20250829,8,4,160,156,164.0,160.0,139.23306274414062,138.81625366210938,0.41680908203125
s_butterfly_350,resnet50_tl_20250829,8,4,160,160,164.0,164.0,139.23306274414062,138.84214782714844,0.3909149169921875
s_butterfly_350,resnet50_tl_20250829,8,4,160,164,164.0,168.0,139.23306274414062,138.99282836914062,0.240234375
s_butterfly_350,resnet50_tl_20250829,8,4,160,168,164.0,172.0,139.23306274414062,139.0083465576172,0.2247161865234375
s_butterfly_350,resnet50_tl_20250829,8,4,160,172,164.0,176.0,139.23306274414062,138.7953643798828,0.4376983642578125
s_butterfly_350,resnet50_tl_20250829,8,4,160,176,164.0,180.0,139.23306274414062,138.77134704589844,0.4617156982421875
s_butterfly_350,resnet50_tl_20250829,8,4,160,180,164.0,184.0,139.23306274414062,138.87254333496094,0.3605194091796875
s_butterfly_350,resnet50_tl_20250829,8,4,160,184,164.0,188.0,139.23306274414062,139.1263427734375,0.106719970703125
s_butterfly_350,resnet50_tl_20250829,8,4,160,188,164.0,192.0,139.23306274414062,138.8201141357422,0.4129486083984375
s_butterfly_350,resnet50_tl_20250829,8,4,160,192,164.0,196.0,139.23306274414062,138.89170837402344,0.3413543701171875
s_butterfly_350,resnet50_tl_20250829,8,4,160,196,164.0,200.0,139.23306274414062,138.99595642089844,0.2371063232421875
s_butterfly_350,resnet50_tl_20250829,8,4,160,200,164.0,204.0,139.23306274414062,139.15597534179688,0.07708740234375
s_butterfly_350,resnet50_tl_20250829,8,4,160,204,164.0,208.0,139.23306274414062,139.0872344970703,0.1458282470703125
s_butterfly_350,resnet50_tl_20250829,8,4,160,208,164.0,212.0,139.23306274414062,139.1194610595703,0.1136016845703125
s_butterfly_350,resnet50_tl_20250829,8,4,160,212,164.0,216.0,139.23306274414062,139.09315490722656,0.1399078369140625
s_butterfly_350,resnet50_tl_20250829,8,4,160,216,164.0,220.0,139.23306274414062,139.16705322265625,0.066009521484375
s_butterfly_350,resnet50_tl_20250829,8,4,164,0,168.0,4.0,139.23306274414062,139.1075897216797,0.1254730224609375
s_butterfly_350,resnet50_tl_20250829,8,4,164,4,168.0,8.0,139.23306274414062,139.0814971923828,0.1515655517578125
s_butterfly_350,resnet50_tl_20250829,8,4,164,8,168.0,12.0,139.23306274414062,139.17527770996094,0.0577850341796875
s_butterfly_350,resnet50_tl_20250829,8,4,164,12,168.0,16.0,139.23306274414062,139.17315673828125,0.059906005859375
s_butterfly_350,resnet50_tl_20250829,8,4,164,16,168.0,20.0,139.23306274414062,139.13882446289062,0.09423828125
s_butterfly_350,resnet50_tl_20250829,8,4,164,20,168.0,24.0,139.23306274414062,139.11744689941406,0.1156158447265625
s_butterfly_350,resnet50_tl_20250829,8,4,164,24,168.0,28.0,139.23306274414062,139.0841827392578,0.1488800048828125
s_butterfly_350,resnet50_tl_20250829,8,4,164,28,168.0,32.0,139.23306274414062,139.13168334960938,0.10137939453125
s_butterfly_350,resnet50_tl_20250829,8,4,164,32,168.0,36.0,139.23306274414062,139.138427734375,0.094635009765625
s_butterfly_350,resnet50_tl_20250829,8,4,164,36,168.0,40.0,139.23306274414062,139.25978088378906,-0.0267181396484375
s_butterfly_350,resnet50_tl_20250829,8,4,164,40,168.0,44.0,139.23306274414062,139.27284240722656,-0.0397796630859375
s_butterfly_350,resnet50_tl_20250829,8,4,164,44,168.0,48.0,139.23306274414062,139.33665466308594,-0.1035919189453125
s_butterfly_350,resnet50_tl_20250829,8,4,164,48,168.0,52.0,139.23306274414062,139.20484924316406,0.0282135009765625
s_butterfly_350,resnet50_tl_20250829,8,4,164,52,168.0,56.0,139.23306274414062,139.18560791015625,0.047454833984375
s_butterfly_350,resnet50_tl_20250829,8,4,164,56,168.0,60.0,139.23306274414062,139.11083984375,0.122222900390625
s_butterfly_350,resnet50_tl_20250829,8,4,164,60,168.0,64.0,139.23306274414062,139.24427795410156,-0.0112152099609375
s_butterfly_350,resnet50_tl_20250829,8,4,164,64,168.0,68.0,139.23306274414062,139.22482299804688,0.00823974609375
s_butterfly_350,resnet50_tl_20250829,8,4,164,68,168.0,72.0,139.23306274414062,139.1341552734375,0.098907470703125
s_butterfly_350,resnet50_tl_20250829,8,4,164,72,168.0,76.0,139.23306274414062,139.1376495361328,0.0954132080078125
s_butterfly_350,resnet50_tl_20250829,8,4,164,76,168.0,80.0,139.23306274414062,139.2338104248047,-0.0007476806640625
s_butterfly_350,resnet50_tl_20250829,8,4,164,80,168.0,84.0,139.23306274414062,139.0635223388672,0.1695404052734375
s_butterfly_350,resnet50_tl_20250829,8,4,164,84,168.0,88.0,139.23306274414062,139.23248291015625,0.000579833984375
s_butterfly_350,resnet50_tl_20250829,8,4,164,88,168.0,92.0,139.23306274414062,139.17352294921875,0.059539794921875
s_butterfly_350,resnet50_tl_20250829,8,4,164,92,168.0,96.0,139.23306274414062,139.21939086914062,0.013671875
s_butterfly_350,resnet50_tl_20250829,8,4,164,96,168.0,100.0,139.23306274414062,139.07130432128906,0.1617584228515625
s_butterfly_350,resnet50_tl_20250829,8,4,164,100,168.0,104.0,139.23306274414062,139.1949462890625,0.038116455078125
s_butterfly_350,resnet50_tl_20250829,8,4,164,104,168.0,108.0,139.23306274414062,139.10574340820312,0.1273193359375
s_butterfly_350,resnet50_tl_20250829,8,4,164,108,168.0,112.0,139.23306274414062,139.15528869628906,0.0777740478515625
s_butterfly_350,resnet50_tl_20250829,8,4,164,112,168.0,116.0,139.23306274414062,139.1049041748047,0.1281585693359375
s_butterfly_350,resnet50_tl_20250829,8,4,164,116,168.0,120.0,139.23306274414062,139.1763916015625,0.056671142578125
s_butterfly_350,resnet50_tl_20250829,8,4,164,120,168.0,124.0,139.23306274414062,139.03358459472656,0.1994781494140625
s_butterfly_350,resnet50_tl_20250829,8,4,164,124,168.0,128.0,139.23306274414062,139.0640411376953,0.1690216064453125
s_butterfly_350,resnet50_tl_20250829,8,4,164,128,168.0,132.0,139.23306274414062,139.0460662841797,0.1869964599609375
s_butterfly_350,resnet50_tl_20250829,8,4,164,132,168.0,136.0,139.23306274414062,139.16842651367188,0.06463623046875
s_butterfly_350,resnet50_tl_20250829,8,4,164,136,168.0,140.0,139.23306274414062,139.17556762695312,0.0574951171875
s_butterfly_350,resnet50_tl_20250829,8,4,164,140,168.0,144.0,139.23306274414062,139.164794921875,0.068267822265625
s_butterfly_350,resnet50_tl_20250829,8,4,164,144,168.0,148.0,139.23306274414062,139.048583984375,0.184478759765625
s_butterfly_350,resnet50_tl_20250829,8,4,164,148,168.0,152.0,139.23306274414062,139.2463836669922,-0.0133209228515625
s_butterfly_350,resnet50_tl_20250829,8,4,164,152,168.0,156.0,139.23306274414062,139.17662048339844,0.0564422607421875
s_butterfly_350,resnet50_tl_20250829,8,4,164,156,168.0,160.0,139.23306274414062,139.25888061523438,-0.02581787109375
s_butterfly_350,resnet50_tl_20250829,8,4,164,160,168.0,164.0,139.23306274414062,139.20315551757812,0.0299072265625
s_butterfly_350,resnet50_tl_20250829,8,4,164,164,168.0,168.0,139.23306274414062,139.1804656982422,0.0525970458984375
s_butterfly_350,resnet50_tl_20250829,8,4,164,168,168.0,172.0,139.23306274414062,139.02902221679688,0.20404052734375
s_butterfly_350,resnet50_tl_20250829,8,4,164,172,168.0,176.0,139.23306274414062,139.20132446289062,0.03173828125
s_butterfly_350,resnet50_tl_20250829,8,4,164,176,168.0,180.0,139.23306274414062,139.1388397216797,0.0942230224609375
s_butterfly_350,resnet50_tl_20250829,8,4,164,180,168.0,184.0,139.23306274414062,139.13421630859375,0.098846435546875
s_butterfly_350,resnet50_tl_20250829,8,4,164,184,168.0,188.0,139.23306274414062,139.16226196289062,0.07080078125
s_butterfly_350,resnet50_tl_20250829,8,4,164,188,168.0,192.0,139.23306274414062,139.14942932128906,0.0836334228515625
s_butterfly_350,resnet50_tl_20250829,8,4,164,192,168.0,196.0,139.23306274414062,139.2464141845703,-0.0133514404296875
s_butterfly_350,resnet50_tl_20250829,8,4,164,196,168.0,200.0,139.23306274414062,139.1427001953125,0.090362548828125
s_butterfly_350,resnet50_tl_20250829,8,4,164,200,168.0,204.0,139.23306274414062,139.1621856689453,0.0708770751953125
s_butterfly_350,resnet50_tl_20250829,8,4,164,204,168.0,208.0,139.23306274414062,139.21188354492188,0.02117919921875
s_butterfly_350,resnet50_tl_20250829,8,4,164,208,168.0,212.0,139.23306274414062,139.27850341796875,-0.045440673828125
s_butterfly_350,resnet50_tl_20250829,8,4,164,212,168.0,216.0,139.23306274414062,139.1784210205078,0.0546417236328125
s_butterfly_350,resnet50_tl_20250829,8,4,164,216,168.0,220.0,139.23306274414062,139.1649627685547,0.0680999755859375
s_butterfly_350,resnet50_tl_20250829,8,4,168,0,172.0,4.0,139.23306274414062,139.07061767578125,0.162445068359375
s_butterfly_350,resnet50_tl_20250829,8,4,168,4,172.0,8.0,139.23306274414062,139.02549743652344,0.2075653076171875
s_butterfly_350,resnet50_tl_20250829,8,4,168,8,172.0,12.0,139.23306274414062,139.14295959472656,0.0901031494140625
s_butterfly_350,resnet50_tl_20250829,8,4,168,12,172.0,16.0,139.23306274414062,139.04847717285156,0.1845855712890625
s_butterfly_350,resnet50_tl_20250829,8,4,168,16,172.0,20.0,139.23306274414062,139.08230590820312,0.1507568359375
s_butterfly_350,resnet50_tl_20250829,8,4,168,20,172.0,24.0,139.23306274414062,138.9869384765625,0.246124267578125
s_butterfly_350,resnet50_tl_20250829,8,4,168,24,172.0,28.0,139.23306274414062,139.02305603027344,0.2100067138671875
s_butterfly_350,resnet50_tl_20250829,8,4,168,28,172.0,32.0,139.23306274414062,138.8907928466797,0.3422698974609375
s_butterfly_350,resnet50_tl_20250829,8,4,168,32,172.0,36.0,139.23306274414062,138.9578857421875,0.275177001953125
s_butterfly_350,resnet50_tl_20250829,8,4,168,36,172.0,40.0,139.23306274414062,138.9720458984375,0.261016845703125
s_butterfly_350,resnet50_tl_20250829,8,4,168,40,172.0,44.0,139.23306274414062,139.11314392089844,0.1199188232421875
s_butterfly_350,resnet50_tl_20250829,8,4,168,44,172.0,48.0,139.23306274414062,138.9873504638672,0.2457122802734375
s_butterfly_350,resnet50_tl_20250829,8,4,168,48,172.0,52.0,139.23306274414062,139.0223388671875,0.210723876953125
s_butterfly_350,resnet50_tl_20250829,8,4,168,52,172.0,56.0,139.23306274414062,139.04949951171875,0.183563232421875
s_butterfly_350,resnet50_tl_20250829,8,4,168,56,172.0,60.0,139.23306274414062,139.1146697998047,0.1183929443359375
s_butterfly_350,resnet50_tl_20250829,8,4,168,60,172.0,64.0,139.23306274414062,139.02813720703125,0.204925537109375
s_butterfly_350,resnet50_tl_20250829,8,4,168,64,172.0,68.0,139.23306274414062,138.9481964111328,0.2848663330078125
s_butterfly_350,resnet50_tl_20250829,8,4,168,68,172.0,72.0,139.23306274414062,139.2157745361328,0.0172882080078125
s_butterfly_350,resnet50_tl_20250829,8,4,168,72,172.0,76.0,139.23306274414062,139.08644104003906,0.1466217041015625
s_butterfly_350,resnet50_tl_20250829,8,4,168,76,172.0,80.0,139.23306274414062,139.01856994628906,0.2144927978515625
s_butterfly_350,resnet50_tl_20250829,8,4,168,80,172.0,84.0,139.23306274414062,138.90927124023438,0.32379150390625
s_butterfly_350,resnet50_tl_20250829,8,4,168,84,172.0,88.0,139.23306274414062,139.00584411621094,0.2272186279296875
s_butterfly_350,resnet50_tl_20250829,8,4,168,88,172.0,92.0,139.23306274414062,139.09336853027344,0.1396942138671875
s_butterfly_350,resnet50_tl_20250829,8,4,168,92,172.0,96.0,139.23306274414062,139.04019165039062,0.19287109375
s_butterfly_350,resnet50_tl_20250829,8,4,168,96,172.0,100.0,139.23306274414062,138.99420166015625,0.238861083984375
s_butterfly_350,resnet50_tl_20250829,8,4,168,100,172.0,104.0,139.23306274414062,139.0441436767578,0.1889190673828125
s_butterfly_350,resnet50_tl_20250829,8,4,168,104,172.0,108.0,139.23306274414062,139.11700439453125,0.116058349609375
s_butterfly_350,resnet50_tl_20250829,8,4,168,108,172.0,112.0,139.23306274414062,139.05880737304688,0.17425537109375
s_butterfly_350,resnet50_tl_20250829,8,4,168,112,172.0,116.0,139.23306274414062,139.06178283691406,0.1712799072265625
s_butterfly_350,resnet50_tl_20250829,8,4,168,116,172.0,120.0,139.23306274414062,139.12265014648438,0.11041259765625
s_butterfly_350,resnet50_tl_20250829,8,4,168,120,172.0,124.0,139.23306274414062,139.11569213867188,0.11737060546875
s_butterfly_350,resnet50_tl_20250829,8,4,168,124,172.0,128.0,139.23306274414062,139.0600128173828,0.1730499267578125
s_butterfly_350,resnet50_tl_20250829,8,4,168,128,172.0,132.0,139.23306274414062,138.90208435058594,0.3309783935546875
s_butterfly_350,resnet50_tl_20250829,8,4,168,132,172.0,136.0,139.23306274414062,139.11721801757812,0.1158447265625
s_butterfly_350,resnet50_tl_20250829,8,4,168,136,172.0,140.0,139.23306274414062,139.14010620117188,0.09295654296875
s_butterfly_350,resnet50_tl_20250829,8,4,168,140,172.0,144.0,139.23306274414062,139.01524353027344,0.2178192138671875
s_butterfly_350,resnet50_tl_20250829,8,4,168,144,172.0,148.0,139.23306274414062,138.91685485839844,0.3162078857421875
s_butterfly_350,resnet50_tl_20250829,8,4,168,148,172.0,152.0,139.23306274414062,139.02398681640625,0.209075927734375
s_butterfly_350,resnet50_tl_20250829,8,4,168,152,172.0,156.0,139.23306274414062,139.0738067626953,0.1592559814453125
s_butterfly_350,resnet50_tl_20250829,8,4,168,156,172.0,160.0,139.23306274414062,138.9847412109375,0.248321533203125
s_butterfly_350,resnet50_tl_20250829,8,4,168,160,172.0,164.0,139.23306274414062,138.97840881347656,0.2546539306640625
s_butterfly_350,resnet50_tl_20250829,8,4,168,164,172.0,168.0,139.23306274414062,138.9580535888672,0.2750091552734375
s_butterfly_350,resnet50_tl_20250829,8,4,168,168,172.0,172.0,139.23306274414062,139.02783203125,0.205230712890625
s_butterfly_350,resnet50_tl_20250829,8,4,168,172,172.0,176.0,139.23306274414062,138.99354553222656,0.2395172119140625
s_butterfly_350,resnet50_tl_20250829,8,4,168,176,172.0,180.0,139.23306274414062,139.0679168701172,0.1651458740234375
s_butterfly_350,resnet50_tl_20250829,8,4,168,180,172.0,184.0,139.23306274414062,139.02381896972656,0.2092437744140625
s_butterfly_350,resnet50_tl_20250829,8,4,168,184,172.0,188.0,139.23306274414062,139.13429260253906,0.0987701416015625
s_butterfly_350,resnet50_tl_20250829,8,4,168,188,172.0,192.0,139.23306274414062,139.08128356933594,0.1517791748046875
s_butterfly_350,resnet50_tl_20250829,8,4,168,192,172.0,196.0,139.23306274414062,139.186767578125,0.046295166015625
s_butterfly_350,resnet50_tl_20250829,8,4,168,196,172.0,200.0,139.23306274414062,139.1209716796875,0.112091064453125
s_butterfly_350,resnet50_tl_20250829,8,4,168,200,172.0,204.0,139.23306274414062,139.165283203125,0.067779541015625
s_butterfly_350,resnet50_tl_20250829,8,4,168,204,172.0,208.0,139.23306274414062,139.16970825195312,0.0633544921875
s_butterfly_350,resnet50_tl_20250829,8,4,168,208,172.0,212.0,139.23306274414062,139.21728515625,0.015777587890625
s_butterfly_350,resnet50_tl_20250829,8,4,168,212,172.0,216.0,139.23306274414062,139.14459228515625,0.088470458984375
s_butterfly_350,resnet50_tl_20250829,8,4,168,216,172.0,220.0,139.23306274414062,139.17803955078125,0.055023193359375
s_butterfly_350,resnet50_tl_20250829,8,4,172,0,176.0,4.0,139.23306274414062,138.87802124023438,0.35504150390625
s_butterfly_350,resnet50_tl_20250829,8,4,172,4,176.0,8.0,139.23306274414062,139.06179809570312,0.1712646484375
s_butterfly_350,resnet50_tl_20250829,8,4,172,8,176.0,12.0,139.23306274414062,139.15789794921875,0.075164794921875
s_butterfly_350,resnet50_tl_20250829,8,4,172,12,176.0,16.0,139.23306274414062,139.00869750976562,0.224365234375
s_butterfly_350,resnet50_tl_20250829,8,4,172,16,176.0,20.0,139.23306274414062,138.98858642578125,0.244476318359375
s_butterfly_350,resnet50_tl_20250829,8,4,172,20,176.0,24.0,139.23306274414062,139.07069396972656,0.1623687744140625
s_butterfly_350,resnet50_tl_20250829,8,4,172,24,176.0,28.0,139.23306274414062,139.1035919189453,0.1294708251953125
s_butterfly_350,resnet50_tl_20250829,8,4,172,28,176.0,32.0,139.23306274414062,138.80807495117188,0.42498779296875
s_butterfly_350,resnet50_tl_20250829,8,4,172,32,176.0,36.0,139.23306274414062,138.79287719726562,0.440185546875
s_butterfly_350,resnet50_tl_20250829,8,4,172,36,176.0,40.0,139.23306274414062,139.0089569091797,0.2241058349609375
s_butterfly_350,resnet50_tl_20250829,8,4,172,40,176.0,44.0,139.23306274414062,139.079833984375,0.153228759765625
s_butterfly_350,resnet50_tl_20250829,8,4,172,44,176.0,48.0,139.23306274414062,138.89309692382812,0.3399658203125
s_butterfly_350,resnet50_tl_20250829,8,4,172,48,176.0,52.0,139.23306274414062,138.81103515625,0.422027587890625
s_butterfly_350,resnet50_tl_20250829,8,4,172,52,176.0,56.0,139.23306274414062,139.09130859375,0.141754150390625
s_butterfly_350,resnet50_tl_20250829,8,4,172,56,176.0,60.0,139.23306274414062,139.0176544189453,0.2154083251953125
s_butterfly_350,resnet50_tl_20250829,8,4,172,60,176.0,64.0,139.23306274414062,138.90097045898438,0.33209228515625
s_butterfly_350,resnet50_tl_20250829,8,4,172,64,176.0,68.0,139.23306274414062,138.7986297607422,0.4344329833984375
s_butterfly_350,resnet50_tl_20250829,8,4,172,68,176.0,72.0,139.23306274414062,139.2133026123047,0.0197601318359375
s_butterfly_350,resnet50_tl_20250829,8,4,172,72,176.0,76.0,139.23306274414062,139.0413818359375,0.191680908203125
s_butterfly_350,resnet50_tl_20250829,8,4,172,76,176.0,80.0,139.23306274414062,138.94390869140625,0.289154052734375
s_butterfly_350,resnet50_tl_20250829,8,4,172,80,176.0,84.0,139.23306274414062,138.8047332763672,0.4283294677734375
s_butterfly_350,resnet50_tl_20250829,8,4,172,84,176.0,88.0,139.23306274414062,139.0143280029297,0.2187347412109375
s_butterfly_350,resnet50_tl_20250829,8,4,172,88,176.0,92.0,139.23306274414062,139.06869506835938,0.16436767578125
s_butterfly_350,resnet50_tl_20250829,8,4,172,92,176.0,96.0,139.23306274414062,138.94004821777344,0.2930145263671875
s_butterfly_350,resnet50_tl_20250829,8,4,172,96,176.0,100.0,139.23306274414062,138.87017822265625,0.362884521484375
s_butterfly_350,resnet50_tl_20250829,8,4,172,100,176.0,104.0,139.23306274414062,139.08334350585938,0.14971923828125
s_butterfly_350,resnet50_tl_20250829,8,4,172,104,176.0,108.0,139.23306274414062,139.1516571044922,0.0814056396484375
s_butterfly_350,resnet50_tl_20250829,8,4,172,108,176.0,112.0,139.23306274414062,138.97296142578125,0.260101318359375
s_butterfly_350,resnet50_tl_20250829,8,4,172,112,176.0,116.0,139.23306274414062,138.9315948486328,0.3014678955078125
s_butterfly_350,resnet50_tl_20250829,8,4,172,116,176.0,120.0,139.23306274414062,139.18502807617188,0.04803466796875
s_butterfly_350,resnet50_tl_20250829,8,4,172,120,176.0,124.0,139.23306274414062,139.1550750732422,0.0779876708984375
s_butterfly_350,resnet50_tl_20250829,8,4,172,124,176.0,128.0,139.23306274414062,138.98707580566406,0.2459869384765625
s_butterfly_350,resnet50_tl_20250829,8,4,172,128,176.0,132.0,139.23306274414062,138.92381286621094,0.3092498779296875
s_butterfly_350,resnet50_tl_20250829,8,4,172,132,176.0,136.0,139.23306274414062,139.18898010253906,0.0440826416015625
s_butterfly_350,resnet50_tl_20250829,8,4,172,136,176.0,140.0,139.23306274414062,139.04554748535156,0.1875152587890625
s_butterfly_350,resnet50_tl_20250829,8,4,172,140,176.0,144.0,139.23306274414062,138.95924377441406,0.2738189697265625
s_butterfly_350,resnet50_tl_20250829,8,4,172,144,176.0,148.0,139.23306274414062,138.84190368652344,0.3911590576171875
s_butterfly_350,resnet50_tl_20250829,8,4,172,148,176.0,152.0,139.23306274414062,139.0323028564453,0.2007598876953125
s_butterfly_350,resnet50_tl_20250829,8,4,172,152,176.0,156.0,139.23306274414062,138.992919921875,0.240142822265625
s_butterfly_350,resnet50_tl_20250829,8,4,172,156,176.0,160.0,139.23306274414062,138.76443481445312,0.4686279296875
s_butterfly_350,resnet50_tl_20250829,8,4,172,160,176.0,164.0,139.23306274414062,138.72650146484375,0.506561279296875
s_butterfly_350,resnet50_tl_20250829,8,4,172,164,176.0,168.0,139.23306274414062,138.9251251220703,0.3079376220703125
s_butterfly_350,resnet50_tl_20250829,8,4,172,168,176.0,172.0,139.23306274414062,139.047607421875,0.185455322265625
s_butterfly_350,resnet50_tl_20250829,8,4,172,172,176.0,176.0,139.23306274414062,138.91009521484375,0.322967529296875
s_butterfly_350,resnet50_tl_20250829,8,4,172,176,176.0,180.0,139.23306274414062,138.93746948242188,0.29559326171875
s_butterfly_350,resnet50_tl_20250829,8,4,172,180,176.0,184.0,139.23306274414062,139.04385375976562,0.189208984375
s_butterfly_350,resnet50_tl_20250829,8,4,172,184,176.0,188.0,139.23306274414062,139.1845703125,0.048492431640625
s_butterfly_350,resnet50_tl_20250829,8,4,172,188,176.0,192.0,139.23306274414062,138.99359130859375,0.239471435546875
s_butterfly_350,resnet50_tl_20250829,8,4,172,192,176.0,196.0,139.23306274414062,139.08477783203125,0.148284912109375
s_butterfly_350,resnet50_tl_20250829,8,4,172,196,176.0,200.0,139.23306274414062,139.0855712890625,0.147491455078125
s_butterfly_350,resnet50_tl_20250829,8,4,172,200,176.0,204.0,139.23306274414062,139.20462036132812,0.0284423828125
s_butterfly_350,resnet50_tl_20250829,8,4,172,204,176.0,208.0,139.23306274414062,139.1355438232422,0.0975189208984375
s_butterfly_350,resnet50_tl_20250829,8,4,172,208,176.0,212.0,139.23306274414062,139.1580810546875,0.074981689453125
s_butterfly_350,resnet50_tl_20250829,8,4,172,212,176.0,216.0,139.23306274414062,139.14199829101562,0.091064453125
s_butterfly_350,resnet50_tl_20250829,8,4,172,216,176.0,220.0,139.23306274414062,139.1860809326172,0.0469818115234375
s_butterfly_350,resnet50_tl_20250829,8,4,176,0,180.0,4.0,139.23306274414062,138.91702270507812,0.3160400390625
s_butterfly_350,resnet50_tl_20250829,8,4,176,4,180.0,8.0,139.23306274414062,139.01368713378906,0.2193756103515625
s_butterfly_350,resnet50_tl_20250829,8,4,176,8,180.0,12.0,139.23306274414062,139.16600036621094,0.0670623779296875
s_butterfly_350,resnet50_tl_20250829,8,4,176,12,180.0,16.0,139.23306274414062,138.9584503173828,0.2746124267578125
s_butterfly_350,resnet50_tl_20250829,8,4,176,16,180.0,20.0,139.23306274414062,139.00601196289062,0.22705078125
s_butterfly_350,resnet50_tl_20250829,8,4,176,20,180.0,24.0,139.23306274414062,139.00967407226562,0.223388671875
s_butterfly_350,resnet50_tl_20250829,8,4,176,24,180.0,28.0,139.23306274414062,139.08485412597656,0.1482086181640625
s_butterfly_350,resnet50_tl_20250829,8,4,176,28,180.0,32.0,139.23306274414062,138.78321838378906,0.4498443603515625
s_butterfly_350,resnet50_tl_20250829,8,4,176,32,180.0,36.0,139.23306274414062,138.8385467529297,0.3945159912109375
s_butterfly_350,resnet50_tl_20250829,8,4,176,36,180.0,40.0,139.23306274414062,138.95350646972656,0.2795562744140625
s_butterfly_350,resnet50_tl_20250829,8,4,176,40,180.0,44.0,139.23306274414062,139.042724609375,0.190338134765625
s_butterfly_350,resnet50_tl_20250829,8,4,176,44,180.0,48.0,139.23306274414062,138.75611877441406,0.4769439697265625
s_butterfly_350,resnet50_tl_20250829,8,4,176,48,180.0,52.0,139.23306274414062,138.76536560058594,0.4676971435546875
s_butterfly_350,resnet50_tl_20250829,8,4,176,52,180.0,56.0,139.23306274414062,138.87969970703125,0.353363037109375
s_butterfly_350,resnet50_tl_20250829,8,4,176,56,180.0,60.0,139.23306274414062,138.9761199951172,0.2569427490234375
s_butterfly_350,resnet50_tl_20250829,8,4,176,60,180.0,64.0,139.23306274414062,138.790771484375,0.442291259765625
s_butterfly_350,resnet50_tl_20250829,8,4,176,64,180.0,68.0,139.23306274414062,138.80178833007812,0.4312744140625
s_butterfly_350,resnet50_tl_20250829,8,4,176,68,180.0,72.0,139.23306274414062,138.91006469726562,0.322998046875
s_butterfly_350,resnet50_tl_20250829,8,4,176,72,180.0,76.0,139.23306274414062,138.97003173828125,0.263031005859375
s_butterfly_350,resnet50_tl_20250829,8,4,176,76,180.0,80.0,139.23306274414062,138.82215881347656,0.4109039306640625
s_butterfly_350,resnet50_tl_20250829,8,4,176,80,180.0,84.0,139.23306274414062,138.84158325195312,0.3914794921875
s_butterfly_350,resnet50_tl_20250829,8,4,176,84,180.0,88.0,139.23306274414062,138.92820739746094,0.3048553466796875
s_butterfly_350,resnet50_tl_20250829,8,4,176,88,180.0,92.0,139.23306274414062,139.04949951171875,0.183563232421875
s_butterfly_350,resnet50_tl_20250829,8,4,176,92,180.0,96.0,139.23306274414062,138.8816375732422,0.3514251708984375
s_butterfly_350,resnet50_tl_20250829,8,4,176,96,180.0,100.0,139.23306274414062,138.93307495117188,0.29998779296875
s_butterfly_350,resnet50_tl_20250829,8,4,176,100,180.0,104.0,139.23306274414062,139.01327514648438,0.21978759765625
s_butterfly_350,resnet50_tl_20250829,8,4,176,104,180.0,108.0,139.23306274414062,139.10475158691406,0.1283111572265625
s_butterfly_350,resnet50_tl_20250829,8,4,176,108,180.0,112.0,139.23306274414062,138.903564453125,0.329498291015625
s_butterfly_350,resnet50_tl_20250829,8,4,176,112,180.0,116.0,139.23306274414062,138.91416931152344,0.3188934326171875
s_butterfly_350,resnet50_tl_20250829,8,4,176,116,180.0,120.0,139.23306274414062,139.0127410888672,0.2203216552734375
s_butterfly_350,resnet50_tl_20250829,8,4,176,120,180.0,124.0,139.23306274414062,139.0982208251953,0.1348419189453125
s_butterfly_350,resnet50_tl_20250829,8,4,176,124,180.0,128.0,139.23306274414062,138.91151428222656,0.3215484619140625
s_butterfly_350,resnet50_tl_20250829,8,4,176,128,180.0,132.0,139.23306274414062,138.88565063476562,0.347412109375
s_butterfly_350,resnet50_tl_20250829,8,4,176,132,180.0,136.0,139.23306274414062,138.957275390625,0.275787353515625
s_butterfly_350,resnet50_tl_20250829,8,4,176,136,180.0,140.0,139.23306274414062,138.98843383789062,0.24462890625
s_butterfly_350,resnet50_tl_20250829,8,4,176,140,180.0,144.0,139.23306274414062,138.86648559570312,0.3665771484375
s_butterfly_350,resnet50_tl_20250829,8,4,176,144,180.0,148.0,139.23306274414062,138.8761444091797,0.3569183349609375
s_butterfly_350,resnet50_tl_20250829,8,4,176,148,180.0,152.0,139.23306274414062,138.95849609375,0.274566650390625
s_butterfly_350,resnet50_tl_20250829,8,4,176,152,180.0,156.0,139.23306274414062,138.99815368652344,0.2349090576171875
s_butterfly_350,resnet50_tl_20250829,8,4,176,156,180.0,160.0,139.23306274414062,138.8070068359375,0.426055908203125
s_butterfly_350,resnet50_tl_20250829,8,4,176,160,180.0,164.0,139.23306274414062,138.83035278320312,0.4027099609375
s_butterfly_350,resnet50_tl_20250829,8,4,176,164,180.0,168.0,139.23306274414062,138.94003295898438,0.29302978515625
s_butterfly_350,resnet50_tl_20250829,8,4,176,168,180.0,172.0,139.23306274414062,139.08059692382812,0.1524658203125
s_butterfly_350,resnet50_tl_20250829,8,4,176,172,180.0,176.0,139.23306274414062,138.9547576904297,0.2783050537109375
s_butterfly_350,resnet50_tl_20250829,8,4,176,176,180.0,180.0,139.23306274414062,139.001708984375,0.231353759765625
s_butterfly_350,resnet50_tl_20250829,8,4,176,180,180.0,184.0,139.23306274414062,139.06224060058594,0.1708221435546875
s_butterfly_350,resnet50_tl_20250829,8,4,176,184,180.0,188.0,139.23306274414062,139.18136596679688,0.05169677734375
s_butterfly_350,resnet50_tl_20250829,8,4,176,188,180.0,192.0,139.23306274414062,139.04873657226562,0.184326171875
s_butterfly_350,resnet50_tl_20250829,8,4,176,192,180.0,196.0,139.23306274414062,139.12335205078125,0.109710693359375
s_butterfly_350,resnet50_tl_20250829,8,4,176,196,180.0,200.0,139.23306274414062,139.15518188476562,0.077880859375
s_butterfly_350,resnet50_tl_20250829,8,4,176,200,180.0,204.0,139.23306274414062,139.2171630859375,0.015899658203125
s_butterfly_350,resnet50_tl_20250829,8,4,176,204,180.0,208.0,139.23306274414062,139.15274047851562,0.080322265625
s_butterfly_350,resnet50_tl_20250829,8,4,176,208,180.0,212.0,139.23306274414062,139.1580352783203,0.0750274658203125
s_butterfly_350,resnet50_tl_20250829,8,4,176,212,180.0,216.0,139.23306274414062,139.14471435546875,0.088348388671875
s_butterfly_350,resnet50_tl_20250829,8,4,176,216,180.0,220.0,139.23306274414062,139.2086639404297,0.0243988037109375
s_butterfly_350,resnet50_tl_20250829,8,4,180,0,184.0,4.0,139.23306274414062,139.11798095703125,0.115081787109375
s_butterfly_350,resnet50_tl_20250829,8,4,180,4,184.0,8.0,139.23306274414062,139.10400390625,0.129058837890625
s_butterfly_350,resnet50_tl_20250829,8,4,180,8,184.0,12.0,139.23306274414062,139.18386840820312,0.0491943359375
s_butterfly_350,resnet50_tl_20250829,8,4,180,12,184.0,16.0,139.23306274414062,139.15298461914062,0.080078125
s_butterfly_350,resnet50_tl_20250829,8,4,180,16,184.0,20.0,139.23306274414062,139.16250610351562,0.070556640625
s_butterfly_350,resnet50_tl_20250829,8,4,180,20,184.0,24.0,139.23306274414062,139.0841522216797,0.1489105224609375
s_butterfly_350,resnet50_tl_20250829,8,4,180,24,184.0,28.0,139.23306274414062,139.1071014404297,0.1259613037109375
s_butterfly_350,resnet50_tl_20250829,8,4,180,28,184.0,32.0,139.23306274414062,139.07089233398438,0.16217041015625
s_butterfly_350,resnet50_tl_20250829,8,4,180,32,184.0,36.0,139.23306274414062,139.115234375,0.117828369140625
s_butterfly_350,resnet50_tl_20250829,8,4,180,36,184.0,40.0,139.23306274414062,139.1227264404297,0.1103363037109375
s_butterfly_350,resnet50_tl_20250829,8,4,180,40,184.0,44.0,139.23306274414062,139.06826782226562,0.164794921875
s_butterfly_350,resnet50_tl_20250829,8,4,180,44,184.0,48.0,139.23306274414062,139.0975799560547,0.1354827880859375
s_butterfly_350,resnet50_tl_20250829,8,4,180,48,184.0,52.0,139.23306274414062,139.09115600585938,0.14190673828125
s_butterfly_350,resnet50_tl_20250829,8,4,180,52,184.0,56.0,139.23306274414062,139.1532745361328,0.0797882080078125
s_butterfly_350,resnet50_tl_20250829,8,4,180,56,184.0,60.0,139.23306274414062,139.12071228027344,0.1123504638671875
s_butterfly_350,resnet50_tl_20250829,8,4,180,60,184.0,64.0,139.23306274414062,139.14959716796875,0.083465576171875
s_butterfly_350,resnet50_tl_20250829,8,4,180,64,184.0,68.0,139.23306274414062,139.12582397460938,0.10723876953125
s_butterfly_350,resnet50_tl_20250829,8,4,180,68,184.0,72.0,139.23306274414062,139.0991973876953,0.1338653564453125
s_butterfly_350,resnet50_tl_20250829,8,4,180,72,184.0,76.0,139.23306274414062,139.0242919921875,0.208770751953125
s_butterfly_350,resnet50_tl_20250829,8,4,180,76,184.0,80.0,139.23306274414062,139.10202026367188,0.13104248046875
s_butterfly_350,resnet50_tl_20250829,8,4,180,80,184.0,84.0,139.23306274414062,139.1194610595703,0.1136016845703125
s_butterfly_350,resnet50_tl_20250829,8,4,180,84,184.0,88.0,139.23306274414062,139.1353759765625,0.097686767578125
s_butterfly_350,resnet50_tl_20250829,8,4,180,88,184.0,92.0,139.23306274414062,139.1165313720703,0.1165313720703125
s_butterfly_350,resnet50_tl_20250829,8,4,180,92,184.0,96.0,139.23306274414062,139.16317749023438,0.06988525390625
s_butterfly_350,resnet50_tl_20250829,8,4,180,96,184.0,100.0,139.23306274414062,139.19699096679688,0.03607177734375
s_butterfly_350,resnet50_tl_20250829,8,4,180,100,184.0,104.0,139.23306274414062,139.18505859375,0.048004150390625
s_butterfly_350,resnet50_tl_20250829,8,4,180,104,184.0,108.0,139.23306274414062,139.14187622070312,0.0911865234375
s_butterfly_350,resnet50_tl_20250829,8,4,180,108,184.0,112.0,139.23306274414062,139.18966674804688,0.04339599609375
s_butterfly_350,resnet50_tl_20250829,8,4,180,112,184.0,116.0,139.23306274414062,139.1797637939453,0.0532989501953125
s_butterfly_350,resnet50_tl_20250829,8,4,180,116,184.0,120.0,139.23306274414062,139.18829345703125,0.044769287109375
s_butterfly_350,resnet50_tl_20250829,8,4,180,120,184.0,124.0,139.23306274414062,139.17115783691406,0.0619049072265625
s_butterfly_350,resnet50_tl_20250829,8,4,180,124,184.0,128.0,139.23306274414062,139.2102813720703,0.0227813720703125
s_butterfly_350,resnet50_tl_20250829,8,4,180,128,184.0,132.0,139.23306274414062,139.20550537109375,0.027557373046875
s_butterfly_350,resnet50_tl_20250829,8,4,180,132,184.0,136.0,139.23306274414062,139.15147399902344,0.0815887451171875
s_butterfly_350,resnet50_tl_20250829,8,4,180,136,184.0,140.0,139.23306274414062,139.0585479736328,0.1745147705078125
s_butterfly_350,resnet50_tl_20250829,8,4,180,140,184.0,144.0,139.23306274414062,139.13673400878906,0.0963287353515625
s_butterfly_350,resnet50_tl_20250829,8,4,180,144,184.0,148.0,139.23306274414062,139.16671752929688,0.06634521484375
s_butterfly_350,resnet50_tl_20250829,8,4,180,148,184.0,152.0,139.23306274414062,139.15054321289062,0.08251953125
s_butterfly_350,resnet50_tl_20250829,8,4,180,152,184.0,156.0,139.23306274414062,139.12294006347656,0.1101226806640625
s_butterfly_350,resnet50_tl_20250829,8,4,180,156,184.0,160.0,139.23306274414062,139.13807678222656,0.0949859619140625
s_butterfly_350,resnet50_tl_20250829,8,4,180,160,184.0,164.0,139.23306274414062,139.1661376953125,0.066925048828125
s_butterfly_350,resnet50_tl_20250829,8,4,180,164,184.0,168.0,139.23306274414062,139.12960815429688,0.10345458984375
s_butterfly_350,resnet50_tl_20250829,8,4,180,168,184.0,172.0,139.23306274414062,139.11398315429688,0.11907958984375
s_butterfly_350,resnet50_tl_20250829,8,4,180,172,184.0,176.0,139.23306274414062,139.1765594482422,0.0565032958984375
s_butterfly_350,resnet50_tl_20250829,8,4,180,176,184.0,180.0,139.23306274414062,139.2401885986328,-0.0071258544921875
s_butterfly_350,resnet50_tl_20250829,8,4,180,180,184.0,184.0,139.23306274414062,139.16368103027344,0.0693817138671875
s_butterfly_350,resnet50_tl_20250829,8,4,180,184,184.0,188.0,139.23306274414062,139.21800231933594,0.0150604248046875
s_butterfly_350,resnet50_tl_20250829,8,4,180,188,184.0,192.0,139.23306274414062,139.19265747070312,0.0404052734375
s_butterfly_350,resnet50_tl_20250829,8,4,180,192,184.0,196.0,139.23306274414062,139.30812072753906,-0.0750579833984375
s_butterfly_350,resnet50_tl_20250829,8,4,180,196,184.0,200.0,139.23306274414062,139.214599609375,0.018463134765625
s_butterfly_350,resnet50_tl_20250829,8,4,180,200,184.0,204.0,139.23306274414062,139.23983764648438,-0.00677490234375
s_butterfly_350,resnet50_tl_20250829,8,4,180,204,184.0,208.0,139.23306274414062,139.21636962890625,0.016693115234375
s_butterfly_350,resnet50_tl_20250829,8,4,180,208,184.0,212.0,139.23306274414062,139.27735900878906,-0.0442962646484375
s_butterfly_350,resnet50_tl_20250829,8,4,180,212,184.0,216.0,139.23306274414062,139.2166290283203,0.0164337158203125
s_butterfly_350,resnet50_tl_20250829,8,4,180,216,184.0,220.0,139.23306274414062,139.22068786621094,0.0123748779296875
s_butterfly_350,resnet50_tl_20250829,8,4,184,0,188.0,4.0,139.23306274414062,139.0470733642578,0.1859893798828125
s_butterfly_350,resnet50_tl_20250829,8,4,184,4,188.0,8.0,139.23306274414062,139.0544891357422,0.1785736083984375
s_butterfly_350,resnet50_tl_20250829,8,4,184,8,188.0,12.0,139.23306274414062,139.12998962402344,0.1030731201171875
s_butterfly_350,resnet50_tl_20250829,8,4,184,12,188.0,16.0,139.23306274414062,139.03265380859375,0.200408935546875
s_butterfly_350,resnet50_tl_20250829,8,4,184,16,188.0,20.0,139.23306274414062,139.07716369628906,0.1558990478515625
s_butterfly_350,resnet50_tl_20250829,8,4,184,20,188.0,24.0,139.23306274414062,138.9925079345703,0.2405548095703125
s_butterfly_350,resnet50_tl_20250829,8,4,184,24,188.0,28.0,139.23306274414062,139.0160675048828,0.2169952392578125
s_butterfly_350,resnet50_tl_20250829,8,4,184,28,188.0,32.0,139.23306274414062,138.89796447753906,0.3350982666015625
s_butterfly_350,resnet50_tl_20250829,8,4,184,32,188.0,36.0,139.23306274414062,138.9752960205078,0.2577667236328125
s_butterfly_350,resnet50_tl_20250829,8,4,184,36,188.0,40.0,139.23306274414062,138.9671173095703,0.2659454345703125
s_butterfly_350,resnet50_tl_20250829,8,4,184,40,188.0,44.0,139.23306274414062,139.01080322265625,0.222259521484375
s_butterfly_350,resnet50_tl_20250829,8,4,184,44,188.0,48.0,139.23306274414062,138.90187072753906,0.3311920166015625
s_butterfly_350,resnet50_tl_20250829,8,4,184,48,188.0,52.0,139.23306274414062,138.92384338378906,0.3092193603515625
s_butterfly_350,resnet50_tl_20250829,8,4,184,52,188.0,56.0,139.23306274414062,138.9315185546875,0.301544189453125
s_butterfly_350,resnet50_tl_20250829,8,4,184,56,188.0,60.0,139.23306274414062,138.9776611328125,0.255401611328125
s_butterfly_350,resnet50_tl_20250829,8,4,184,60,188.0,64.0,139.23306274414062,138.8824005126953,0.3506622314453125
s_butterfly_350,resnet50_tl_20250829,8,4,184,64,188.0,68.0,139.23306274414062,138.9231719970703,0.3098907470703125
s_butterfly_350,resnet50_tl_20250829,8,4,184,68,188.0,72.0,139.23306274414062,138.93170166015625,0.301361083984375
s_butterfly_350,resnet50_tl_20250829,8,4,184,72,188.0,76.0,139.23306274414062,139.00135803222656,0.2317047119140625
s_butterfly_350,resnet50_tl_20250829,8,4,184,76,188.0,80.0,139.23306274414062,138.92181396484375,0.311248779296875
s_butterfly_350,resnet50_tl_20250829,8,4,184,80,188.0,84.0,139.23306274414062,138.9910430908203,0.2420196533203125
s_butterfly_350,resnet50_tl_20250829,8,4,184,84,188.0,88.0,139.23306274414062,138.9976348876953,0.2354278564453125
s_butterfly_350,resnet50_tl_20250829,8,4,184,88,188.0,92.0,139.23306274414062,139.0664825439453,0.1665802001953125
s_butterfly_350,resnet50_tl_20250829,8,4,184,92,188.0,96.0,139.23306274414062,138.96279907226562,0.270263671875
s_butterfly_350,resnet50_tl_20250829,8,4,184,96,188.0,100.0,139.23306274414062,139.01715087890625,0.215911865234375
s_butterfly_350,resnet50_tl_20250829,8,4,184,100,188.0,104.0,139.23306274414062,139.02296447753906,0.2100982666015625
s_butterfly_350,resnet50_tl_20250829,8,4,184,104,188.0,108.0,139.23306274414062,139.0712127685547,0.1618499755859375
s_butterfly_350,resnet50_tl_20250829,8,4,184,108,188.0,112.0,139.23306274414062,138.9978485107422,0.2352142333984375
s_butterfly_350,resnet50_tl_20250829,8,4,184,112,188.0,116.0,139.23306274414062,139.01321411132812,0.2198486328125
s_butterfly_350,resnet50_tl_20250829,8,4,184,116,188.0,120.0,139.23306274414062,139.0343017578125,0.198760986328125
s_butterfly_350,resnet50_tl_20250829,8,4,184,120,188.0,124.0,139.23306274414062,139.0734100341797,0.1596527099609375
s_butterfly_350,resnet50_tl_20250829,8,4,184,124,188.0,128.0,139.23306274414062,138.97486877441406,0.2581939697265625
s_butterfly_350,resnet50_tl_20250829,8,4,184,128,188.0,132.0,139.23306274414062,139.00906372070312,0.2239990234375
s_butterfly_350,resnet50_tl_20250829,8,4,184,132,188.0,136.0,139.23306274414062,139.00579833984375,0.227264404296875
s_butterfly_350,resnet50_tl_20250829,8,4,184,136,188.0,140.0,139.23306274414062,139.0626678466797,0.1703948974609375
s_butterfly_350,resnet50_tl_20250829,8,4,184,140,188.0,144.0,139.23306274414062,139.01397705078125,0.219085693359375
s_butterfly_350,resnet50_tl_20250829,8,4,184,144,188.0,148.0,139.23306274414062,139.04574584960938,0.18731689453125
s_butterfly_350,resnet50_tl_20250829,8,4,184,148,188.0,152.0,139.23306274414062,139.01416015625,0.218902587890625
s_butterfly_350,resnet50_tl_20250829,8,4,184,152,188.0,156.0,139.23306274414062,139.08045959472656,0.1526031494140625
s_butterfly_350,resnet50_tl_20250829,8,4,184,156,188.0,160.0,139.23306274414062,139.01060485839844,0.2224578857421875
s_butterfly_350,resnet50_tl_20250829,8,4,184,160,188.0,164.0,139.23306274414062,139.04727172851562,0.185791015625
s_butterfly_350,resnet50_tl_20250829,8,4,184,164,188.0,168.0,139.23306274414062,139.0369873046875,0.196075439453125
s_butterfly_350,resnet50_tl_20250829,8,4,184,168,188.0,172.0,139.23306274414062,139.095947265625,0.137115478515625
s_butterfly_350,resnet50_tl_20250829,8,4,184,172,188.0,176.0,139.23306274414062,139.1201629638672,0.1128997802734375
s_butterfly_350,resnet50_tl_20250829,8,4,184,176,188.0,180.0,139.23306274414062,139.1748046875,0.058258056640625
s_butterfly_350,resnet50_tl_20250829,8,4,184,180,188.0,184.0,139.23306274414062,139.12057495117188,0.11248779296875
s_butterfly_350,resnet50_tl_20250829,8,4,184,184,188.0,188.0,139.23306274414062,139.20907592773438,0.02398681640625
s_butterfly_350,resnet50_tl_20250829,8,4,184,188,188.0,192.0,139.23306274414062,139.18382263183594,0.0492401123046875
s_butterfly_350,resnet50_tl_20250829,8,4,184,192,188.0,196.0,139.23306274414062,139.26119995117188,-0.02813720703125
s_butterfly_350,resnet50_tl_20250829,8,4,184,196,188.0,200.0,139.23306274414062,139.21546936035156,0.0175933837890625
s_butterfly_350,resnet50_tl_20250829,8,4,184,200,188.0,204.0,139.23306274414062,139.2441864013672,-0.0111236572265625
s_butterfly_350,resnet50_tl_20250829,8,4,184,204,188.0,208.0,139.23306274414062,139.2393341064453,-0.0062713623046875
s_butterfly_350,resnet50_tl_20250829,8,4,184,208,188.0,212.0,139.23306274414062,139.2717742919922,-0.0387115478515625
s_butterfly_350,resnet50_tl_20250829,8,4,184,212,188.0,216.0,139.23306274414062,139.21568298339844,0.0173797607421875
s_butterfly_350,resnet50_tl_20250829,8,4,184,216,188.0,220.0,139.23306274414062,139.231689453125,0.001373291015625
s_butterfly_350,resnet50_tl_20250829,8,4,188,0,192.0,4.0,139.23306274414062,138.82371520996094,0.4093475341796875
s_butterfly_350,resnet50_tl_20250829,8,4,188,4,192.0,8.0,139.23306274414062,139.00521850585938,0.22784423828125
s_butterfly_350,resnet50_tl_20250829,8,4,188,8,192.0,12.0,139.23306274414062,139.12733459472656,0.1057281494140625
s_butterfly_350,resnet50_tl_20250829,8,4,188,12,192.0,16.0,139.23306274414062,138.9639129638672,0.2691497802734375
s_butterfly_350,resnet50_tl_20250829,8,4,188,16,192.0,20.0,139.23306274414062,139.00624084472656,0.2268218994140625
s_butterfly_350,resnet50_tl_20250829,8,4,188,20,192.0,24.0,139.23306274414062,139.0206756591797,0.2123870849609375
s_butterfly_350,resnet50_tl_20250829,8,4,188,24,192.0,28.0,139.23306274414062,139.0863494873047,0.1467132568359375
s_butterfly_350,resnet50_tl_20250829,8,4,188,28,192.0,32.0,139.23306274414062,138.69772338867188,0.53533935546875
s_butterfly_350,resnet50_tl_20250829,8,4,188,32,192.0,36.0,139.23306274414062,138.7826385498047,0.4504241943359375
s_butterfly_350,resnet50_tl_20250829,8,4,188,36,192.0,40.0,139.23306274414062,138.9952392578125,0.237823486328125
s_butterfly_350,resnet50_tl_20250829,8,4,188,40,192.0,44.0,139.23306274414062,139.0553741455078,0.1776885986328125
s_butterfly_350,resnet50_tl_20250829,8,4,188,44,192.0,48.0,139.23306274414062,138.67758178710938,0.55548095703125
s_butterfly_350,resnet50_tl_20250829,8,4,188,48,192.0,52.0,139.23306274414062,138.7340850830078,0.4989776611328125
s_butterfly_350,resnet50_tl_20250829,8,4,188,52,192.0,56.0,139.23306274414062,139.0048065185547,0.2282562255859375
s_butterfly_350,resnet50_tl_20250829,8,4,188,56,192.0,60.0,139.23306274414062,139.06149291992188,0.17156982421875
s_butterfly_350,resnet50_tl_20250829,8,4,188,60,192.0,64.0,139.23306274414062,138.64202880859375,0.591033935546875
s_butterfly_350,resnet50_tl_20250829,8,4,188,64,192.0,68.0,139.23306274414062,138.6861114501953,0.5469512939453125
s_butterfly_350,resnet50_tl_20250829,8,4,188,68,192.0,72.0,139.23306274414062,138.98696899414062,0.24609375
s_butterfly_350,resnet50_tl_20250829,8,4,188,72,192.0,76.0,139.23306274414062,139.10916137695312,0.1239013671875
s_butterfly_350,resnet50_tl_20250829,8,4,188,76,192.0,80.0,139.23306274414062,138.777099609375,0.455963134765625
s_butterfly_350,resnet50_tl_20250829,8,4,188,80,192.0,84.0,139.23306274414062,138.8054656982422,0.4275970458984375
s_butterfly_350,resnet50_tl_20250829,8,4,188,84,192.0,88.0,139.23306274414062,139.0213165283203,0.2117462158203125
s_butterfly_350,resnet50_tl_20250829,8,4,188,88,192.0,92.0,139.23306274414062,139.12442016601562,0.108642578125
s_butterfly_350,resnet50_tl_20250829,8,4,188,92,192.0,96.0,139.23306274414062,138.68878173828125,0.544281005859375
s_butterfly_350,resnet50_tl_20250829,8,4,188,96,192.0,100.0,139.23306274414062,138.73268127441406,0.5003814697265625
s_butterfly_350,resnet50_tl_20250829,8,4,188,100,192.0,104.0,139.23306274414062,139.0286407470703,0.2044219970703125
s_butterfly_350,resnet50_tl_20250829,8,4,188,104,192.0,108.0,139.23306274414062,139.10772705078125,0.125335693359375
s_butterfly_350,resnet50_tl_20250829,8,4,188,108,192.0,112.0,139.23306274414062,138.77381896972656,0.4592437744140625
s_butterfly_350,resnet50_tl_20250829,8,4,188,112,192.0,116.0,139.23306274414062,138.81033325195312,0.4227294921875
s_butterfly_350,resnet50_tl_20250829,8,4,188,116,192.0,120.0,139.23306274414062,139.06202697753906,0.1710357666015625
s_butterfly_350,resnet50_tl_20250829,8,4,188,120,192.0,124.0,139.23306274414062,139.12289428710938,0.11016845703125
s_butterfly_350,resnet50_tl_20250829,8,4,188,124,192.0,128.0,139.23306274414062,138.7236328125,0.509429931640625
s_butterfly_350,resnet50_tl_20250829,8,4,188,128,192.0,132.0,139.23306274414062,138.7667694091797,0.4662933349609375
s_butterfly_350,resnet50_tl_20250829,8,4,188,132,192.0,136.0,139.23306274414062,139.0225830078125,0.210479736328125
s_butterfly_350,resnet50_tl_20250829,8,4,188,136,192.0,140.0,139.23306274414062,139.1220703125,0.110992431640625
s_butterfly_350,resnet50_tl_20250829,8,4,188,140,192.0,144.0,139.23306274414062,138.86294555664062,0.3701171875
s_butterfly_350,resnet50_tl_20250829,8,4,188,144,192.0,148.0,139.23306274414062,138.87539672851562,0.357666015625
s_butterfly_350,resnet50_tl_20250829,8,4,188,148,192.0,152.0,139.23306274414062,139.0258331298828,0.2072296142578125
s_butterfly_350,resnet50_tl_20250829,8,4,188,152,192.0,156.0,139.23306274414062,139.13157653808594,0.1014862060546875
s_butterfly_350,resnet50_tl_20250829,8,4,188,156,192.0,160.0,139.23306274414062,138.7828369140625,0.450225830078125
s_butterfly_350,resnet50_tl_20250829,8,4,188,160,192.0,164.0,139.23306274414062,138.80911254882812,0.4239501953125
s_butterfly_350,resnet50_tl_20250829,8,4,188,164,192.0,168.0,139.23306274414062,139.01144409179688,0.22161865234375
s_butterfly_350,resnet50_tl_20250829,8,4,188,168,192.0,172.0,139.23306274414062,139.12698364257812,0.1060791015625
s_butterfly_350,resnet50_tl_20250829,8,4,188,172,192.0,176.0,139.23306274414062,138.96109008789062,0.27197265625
s_butterfly_350,resnet50_tl_20250829,8,4,188,176,192.0,180.0,139.23306274414062,139.0145263671875,0.218536376953125
s_butterfly_350,resnet50_tl_20250829,8,4,188,180,192.0,184.0,139.23306274414062,139.09274291992188,0.14031982421875
s_butterfly_350,resnet50_tl_20250829,8,4,188,184,192.0,188.0,139.23306274414062,139.23046875,0.002593994140625
s_butterfly_350,resnet50_tl_20250829,8,4,188,188,192.0,192.0,139.23306274414062,139.04953002929688,0.18353271484375
s_butterfly_350,resnet50_tl_20250829,8,4,188,192,192.0,196.0,139.23306274414062,139.14613342285156,0.0869293212890625
s_butterfly_350,resnet50_tl_20250829,8,4,188,196,192.0,200.0,139.23306274414062,139.17843627929688,0.05462646484375
s_butterfly_350,resnet50_tl_20250829,8,4,188,200,192.0,204.0,139.23306274414062,139.25135803222656,-0.0182952880859375
s_butterfly_350,resnet50_tl_20250829,8,4,188,204,192.0,208.0,139.23306274414062,139.2177734375,0.015289306640625
s_butterfly_350,resnet50_tl_20250829,8,4,188,208,192.0,212.0,139.23306274414062,139.2548828125,-0.021820068359375
s_butterfly_350,resnet50_tl_20250829,8,4,188,212,192.0,216.0,139.23306274414062,139.2224884033203,0.0105743408203125
s_butterfly_350,resnet50_tl_20250829,8,4,188,216,192.0,220.0,139.23306274414062,139.23777770996094,-0.0047149658203125
s_butterfly_350,resnet50_tl_20250829,8,4,192,0,196.0,4.0,139.23306274414062,138.9244384765625,0.308624267578125
s_butterfly_350,resnet50_tl_20250829,8,4,192,4,196.0,8.0,139.23306274414062,139.02960205078125,0.203460693359375
s_butterfly_350,resnet50_tl_20250829,8,4,192,8,196.0,12.0,139.23306274414062,139.14968872070312,0.0833740234375
s_butterfly_350,resnet50_tl_20250829,8,4,192,12,196.0,16.0,139.23306274414062,138.9513397216797,0.2817230224609375
s_butterfly_350,resnet50_tl_20250829,8,4,192,16,196.0,20.0,139.23306274414062,139.0593719482422,0.1736907958984375
s_butterfly_350,resnet50_tl_20250829,8,4,192,20,196.0,24.0,139.23306274414062,139.04269409179688,0.19036865234375
s_butterfly_350,resnet50_tl_20250829,8,4,192,24,196.0,28.0,139.23306274414062,139.12010192871094,0.1129608154296875
s_butterfly_350,resnet50_tl_20250829,8,4,192,28,196.0,32.0,139.23306274414062,138.77914428710938,0.45391845703125
s_butterfly_350,resnet50_tl_20250829,8,4,192,32,196.0,36.0,139.23306274414062,138.8811492919922,0.3519134521484375
s_butterfly_350,resnet50_tl_20250829,8,4,192,36,196.0,40.0,139.23306274414062,139.0258331298828,0.2072296142578125
s_butterfly_350,resnet50_tl_20250829,8,4,192,40,196.0,44.0,139.23306274414062,139.10414123535156,0.1289215087890625
s_butterfly_350,resnet50_tl_20250829,8,4,192,44,196.0,48.0,139.23306274414062,138.76405334472656,0.4690093994140625
s_butterfly_350,resnet50_tl_20250829,8,4,192,48,196.0,52.0,139.23306274414062,138.83111572265625,0.401947021484375
s_butterfly_350,resnet50_tl_20250829,8,4,192,52,196.0,56.0,139.23306274414062,139.01718139648438,0.21588134765625
s_butterfly_350,resnet50_tl_20250829,8,4,192,56,196.0,60.0,139.23306274414062,139.1038818359375,0.129180908203125
s_butterfly_350,resnet50_tl_20250829,8,4,192,60,196.0,64.0,139.23306274414062,138.76097106933594,0.4720916748046875
s_butterfly_350,resnet50_tl_20250829,8,4,192,64,196.0,68.0,139.23306274414062,138.81341552734375,0.419647216796875
s_butterfly_350,resnet50_tl_20250829,8,4,192,68,196.0,72.0,139.23306274414062,139.01409912109375,0.218963623046875
s_butterfly_350,resnet50_tl_20250829,8,4,192,72,196.0,76.0,139.23306274414062,139.14041137695312,0.0926513671875
s_butterfly_350,resnet50_tl_20250829,8,4,192,76,196.0,80.0,139.23306274414062,138.82400512695312,0.4090576171875
s_butterfly_350,resnet50_tl_20250829,8,4,192,80,196.0,84.0,139.23306274414062,138.8968048095703,0.3362579345703125
s_butterfly_350,resnet50_tl_20250829,8,4,192,84,196.0,88.0,139.23306274414062,139.0384521484375,0.194610595703125
s_butterfly_350,resnet50_tl_20250829,8,4,192,88,196.0,92.0,139.23306274414062,139.1674346923828,0.0656280517578125
s_butterfly_350,resnet50_tl_20250829,8,4,192,92,196.0,96.0,139.23306274414062,138.80519104003906,0.4278717041015625
s_butterfly_350,resnet50_tl_20250829,8,4,192,96,196.0,100.0,139.23306274414062,138.8557891845703,0.3772735595703125
s_butterfly_350,resnet50_tl_20250829,8,4,192,100,196.0,104.0,139.23306274414062,139.05575561523438,0.17730712890625
s_butterfly_350,resnet50_tl_20250829,8,4,192,104,196.0,108.0,139.23306274414062,139.15736389160156,0.0756988525390625
s_butterfly_350,resnet50_tl_20250829,8,4,192,108,196.0,112.0,139.23306274414062,138.85159301757812,0.3814697265625
s_butterfly_350,resnet50_tl_20250829,8,4,192,112,196.0,116.0,139.23306274414062,138.90664672851562,0.326416015625
s_butterfly_350,resnet50_tl_20250829,8,4,192,116,196.0,120.0,139.23306274414062,139.08956909179688,0.14349365234375
s_butterfly_350,resnet50_tl_20250829,8,4,192,120,196.0,124.0,139.23306274414062,139.17149353027344,0.0615692138671875
s_butterfly_350,resnet50_tl_20250829,8,4,192,124,196.0,128.0,139.23306274414062,138.83428955078125,0.398773193359375
s_butterfly_350,resnet50_tl_20250829,8,4,192,128,196.0,132.0,139.23306274414062,138.8778839111328,0.3551788330078125
s_butterfly_350,resnet50_tl_20250829,8,4,192,132,196.0,136.0,139.23306274414062,139.05755615234375,0.175506591796875
s_butterfly_350,resnet50_tl_20250829,8,4,192,136,196.0,140.0,139.23306274414062,139.15330505371094,0.0797576904296875
s_butterfly_350,resnet50_tl_20250829,8,4,192,140,196.0,144.0,139.23306274414062,138.90769958496094,0.3253631591796875
s_butterfly_350,resnet50_tl_20250829,8,4,192,144,196.0,148.0,139.23306274414062,138.95083618164062,0.2822265625
s_butterfly_350,resnet50_tl_20250829,8,4,192,148,196.0,152.0,139.23306274414062,139.06443786621094,0.1686248779296875
s_butterfly_350,resnet50_tl_20250829,8,4,192,152,196.0,156.0,139.23306274414062,139.16200256347656,0.0710601806640625
s_butterfly_350,resnet50_tl_20250829,8,4,192,156,196.0,160.0,139.23306274414062,138.89431762695312,0.3387451171875
s_butterfly_350,resnet50_tl_20250829,8,4,192,160,196.0,164.0,139.23306274414062,138.9168243408203,0.3162384033203125
s_butterfly_350,resnet50_tl_20250829,8,4,192,164,196.0,168.0,139.23306274414062,139.08468627929688,0.14837646484375
s_butterfly_350,resnet50_tl_20250829,8,4,192,168,196.0,172.0,139.23306274414062,139.18008422851562,0.052978515625
s_butterfly_350,resnet50_tl_20250829,8,4,192,172,196.0,176.0,139.23306274414062,139.05206298828125,0.180999755859375
s_butterfly_350,resnet50_tl_20250829,8,4,192,176,196.0,180.0,139.23306274414062,139.10592651367188,0.12713623046875
s_butterfly_350,resnet50_tl_20250829,8,4,192,180,196.0,184.0,139.23306274414062,139.15158081054688,0.08148193359375
s_butterfly_350,resnet50_tl_20250829,8,4,192,184,196.0,188.0,139.23306274414062,139.2636260986328,-0.0305633544921875
s_butterfly_350,resnet50_tl_20250829,8,4,192,188,196.0,192.0,139.23306274414062,139.15127563476562,0.081787109375
s_butterfly_350,resnet50_tl_20250829,8,4,192,192,196.0,196.0,139.23306274414062,139.2171173095703,0.0159454345703125
s_butterfly_350,resnet50_tl_20250829,8,4,192,196,196.0,200.0,139.23306274414062,139.23561096191406,-0.0025482177734375
s_butterfly_350,resnet50_tl_20250829,8,4,192,200,196.0,204.0,139.23306274414062,139.27822875976562,-0.045166015625
s_butterfly_350,resnet50_tl_20250829,8,4,192,204,196.0,208.0,139.23306274414062,139.24301147460938,-0.00994873046875
s_butterfly_350,resnet50_tl_20250829,8,4,192,208,196.0,212.0,139.23306274414062,139.25770568847656,-0.0246429443359375
s_butterfly_350,resnet50_tl_20250829,8,4,192,212,196.0,216.0,139.23306274414062,139.23300170898438,6.103515625e-05
s_butterfly_350,resnet50_tl_20250829,8,4,192,216,196.0,220.0,139.23306274414062,139.26043701171875,-0.027374267578125
s_butterfly_350,resnet50_tl_20250829,8,4,196,0,200.0,4.0,139.23306274414062,139.1462860107422,0.0867767333984375
s_butterfly_350,resnet50_tl_20250829,8,4,196,4,200.0,8.0,139.23306274414062,139.1444549560547,0.0886077880859375
s_butterfly_350,resnet50_tl_20250829,8,4,196,8,200.0,12.0,139.23306274414062,139.21324157714844,0.0198211669921875
s_butterfly_350,resnet50_tl_20250829,8,4,196,12,200.0,16.0,139.23306274414062,139.1431427001953,0.0899200439453125
s_butterfly_350,resnet50_tl_20250829,8,4,196,16,200.0,20.0,139.23306274414062,139.1674346923828,0.0656280517578125
s_butterfly_350,resnet50_tl_20250829,8,4,196,20,200.0,24.0,139.23306274414062,139.1509246826172,0.0821380615234375
s_butterfly_350,resnet50_tl_20250829,8,4,196,24,200.0,28.0,139.23306274414062,139.17626953125,0.056793212890625
s_butterfly_350,resnet50_tl_20250829,8,4,196,28,200.0,32.0,139.23306274414062,139.08494567871094,0.1481170654296875
s_butterfly_350,resnet50_tl_20250829,8,4,196,32,200.0,36.0,139.23306274414062,139.14035034179688,0.09271240234375
s_butterfly_350,resnet50_tl_20250829,8,4,196,36,200.0,40.0,139.23306274414062,139.2044677734375,0.028594970703125
s_butterfly_350,resnet50_tl_20250829,8,4,196,40,200.0,44.0,139.23306274414062,139.18661499023438,0.04644775390625
s_butterfly_350,resnet50_tl_20250829,8,4,196,44,200.0,48.0,139.23306274414062,139.1329345703125,0.100128173828125
s_butterfly_350,resnet50_tl_20250829,8,4,196,48,200.0,52.0,139.23306274414062,139.14662170410156,0.0864410400390625
s_butterfly_350,resnet50_tl_20250829,8,4,196,52,200.0,56.0,139.23306274414062,139.23052978515625,0.002532958984375
s_butterfly_350,resnet50_tl_20250829,8,4,196,56,200.0,60.0,139.23306274414062,139.1707000732422,0.0623626708984375
s_butterfly_350,resnet50_tl_20250829,8,4,196,60,200.0,64.0,139.23306274414062,139.15679931640625,0.076263427734375
s_butterfly_350,resnet50_tl_20250829,8,4,196,64,200.0,68.0,139.23306274414062,139.16714477539062,0.06591796875
s_butterfly_350,resnet50_tl_20250829,8,4,196,68,200.0,72.0,139.23306274414062,139.2325439453125,0.000518798828125
s_butterfly_350,resnet50_tl_20250829,8,4,196,72,200.0,76.0,139.23306274414062,139.18161010742188,0.05145263671875
s_butterfly_350,resnet50_tl_20250829,8,4,196,76,200.0,80.0,139.23306274414062,139.15512084960938,0.07794189453125
s_butterfly_350,resnet50_tl_20250829,8,4,196,80,200.0,84.0,139.23306274414062,139.18154907226562,0.051513671875
s_butterfly_350,resnet50_tl_20250829,8,4,196,84,200.0,88.0,139.23306274414062,139.222412109375,0.010650634765625
s_butterfly_350,resnet50_tl_20250829,8,4,196,88,200.0,92.0,139.23306274414062,139.2060089111328,0.0270538330078125
s_butterfly_350,resnet50_tl_20250829,8,4,196,92,200.0,96.0,139.23306274414062,139.147705078125,0.085357666015625
s_butterfly_350,resnet50_tl_20250829,8,4,196,96,200.0,100.0,139.23306274414062,139.19276428222656,0.0402984619140625
s_butterfly_350,resnet50_tl_20250829,8,4,196,100,200.0,104.0,139.23306274414062,139.23760986328125,-0.004547119140625
s_butterfly_350,resnet50_tl_20250829,8,4,196,104,200.0,108.0,139.23306274414062,139.2213134765625,0.011749267578125
s_butterfly_350,resnet50_tl_20250829,8,4,196,108,200.0,112.0,139.23306274414062,139.1890869140625,0.043975830078125
s_butterfly_350,resnet50_tl_20250829,8,4,196,112,200.0,116.0,139.23306274414062,139.20944213867188,0.02362060546875
s_butterfly_350,resnet50_tl_20250829,8,4,196,116,200.0,120.0,139.23306274414062,139.27243041992188,-0.03936767578125
s_butterfly_350,resnet50_tl_20250829,8,4,196,120,200.0,124.0,139.23306274414062,139.2280731201172,0.0049896240234375
s_butterfly_350,resnet50_tl_20250829,8,4,196,124,200.0,128.0,139.23306274414062,139.1972198486328,0.0358428955078125
s_butterfly_350,resnet50_tl_20250829,8,4,196,128,200.0,132.0,139.23306274414062,139.2073211669922,0.0257415771484375
s_butterfly_350,resnet50_tl_20250829,8,4,196,132,200.0,136.0,139.23306274414062,139.2429962158203,-0.0099334716796875
s_butterfly_350,resnet50_tl_20250829,8,4,196,136,200.0,140.0,139.23306274414062,139.1961212158203,0.0369415283203125
s_butterfly_350,resnet50_tl_20250829,8,4,196,140,200.0,144.0,139.23306274414062,139.1836395263672,0.0494232177734375
s_butterfly_350,resnet50_tl_20250829,8,4,196,144,200.0,148.0,139.23306274414062,139.19424438476562,0.038818359375
s_butterfly_350,resnet50_tl_20250829,8,4,196,148,200.0,152.0,139.23306274414062,139.2410888671875,-0.008026123046875
s_butterfly_350,resnet50_tl_20250829,8,4,196,152,200.0,156.0,139.23306274414062,139.23291015625,0.000152587890625
s_butterfly_350,resnet50_tl_20250829,8,4,196,156,200.0,160.0,139.23306274414062,139.19491577148438,0.03814697265625
s_butterfly_350,resnet50_tl_20250829,8,4,196,160,200.0,164.0,139.23306274414062,139.23916625976562,-0.006103515625
s_butterfly_350,resnet50_tl_20250829,8,4,196,164,200.0,168.0,139.23306274414062,139.24044799804688,-0.00738525390625
s_butterfly_350,resnet50_tl_20250829,8,4,196,168,200.0,172.0,139.23306274414062,139.24386596679688,-0.01080322265625
s_butterfly_350,resnet50_tl_20250829,8,4,196,172,200.0,176.0,139.23306274414062,139.2261505126953,0.0069122314453125
s_butterfly_350,resnet50_tl_20250829,8,4,196,176,200.0,180.0,139.23306274414062,139.27230834960938,-0.03924560546875
s_butterfly_350,resnet50_tl_20250829,8,4,196,180,200.0,184.0,139.23306274414062,139.26605224609375,-0.032989501953125
s_butterfly_350,resnet50_tl_20250829,8,4,196,184,200.0,188.0,139.23306274414062,139.3105926513672,-0.0775299072265625
s_butterfly_350,resnet50_tl_20250829,8,4,196,188,200.0,192.0,139.23306274414062,139.25425720214844,-0.0211944580078125
s_butterfly_350,resnet50_tl_20250829,8,4,196,192,200.0,196.0,139.23306274414062,139.33795166015625,-0.104888916015625
s_butterfly_350,resnet50_tl_20250829,8,4,196,196,200.0,200.0,139.23306274414062,139.28054809570312,-0.0474853515625
s_butterfly_350,resnet50_tl_20250829,8,4,196,200,200.0,204.0,139.23306274414062,139.3076934814453,-0.0746307373046875
s_butterfly_350,resnet50_tl_20250829,8,4,196,204,200.0,208.0,139.23306274414062,139.23814392089844,-0.0050811767578125
s_butterfly_350,resnet50_tl_20250829,8,4,196,208,200.0,212.0,139.23306274414062,139.26907348632812,-0.0360107421875
s_butterfly_350,resnet50_tl_20250829,8,4,196,212,200.0,216.0,139.23306274414062,139.25099182128906,-0.0179290771484375
s_butterfly_350,resnet50_tl_20250829,8,4,196,216,200.0,220.0,139.23306274414062,139.25665283203125,-0.023590087890625
s_butterfly_350,resnet50_tl_20250829,8,4,200,0,204.0,4.0,139.23306274414062,139.12484741210938,0.10821533203125
s_butterfly_350,resnet50_tl_20250829,8,4,200,4,204.0,8.0,139.23306274414062,139.16993713378906,0.0631256103515625
s_butterfly_350,resnet50_tl_20250829,8,4,200,8,204.0,12.0,139.23306274414062,139.2210235595703,0.0120391845703125
s_butterfly_350,resnet50_tl_20250829,8,4,200,12,204.0,16.0,139.23306274414062,139.10215759277344,0.1309051513671875
s_butterfly_350,resnet50_tl_20250829,8,4,200,16,204.0,20.0,139.23306274414062,139.13427734375,0.098785400390625
s_butterfly_350,resnet50_tl_20250829,8,4,200,20,204.0,24.0,139.23306274414062,139.11700439453125,0.116058349609375
s_butterfly_350,resnet50_tl_20250829,8,4,200,24,204.0,28.0,139.23306274414062,139.16348266601562,0.069580078125
s_butterfly_350,resnet50_tl_20250829,8,4,200,28,204.0,32.0,139.23306274414062,139.00540161132812,0.2276611328125
s_butterfly_350,resnet50_tl_20250829,8,4,200,32,204.0,36.0,139.23306274414062,139.07278442382812,0.1602783203125
s_butterfly_350,resnet50_tl_20250829,8,4,200,36,204.0,40.0,139.23306274414062,139.11305236816406,0.1200103759765625
s_butterfly_350,resnet50_tl_20250829,8,4,200,40,204.0,44.0,139.23306274414062,139.17706298828125,0.055999755859375
s_butterfly_350,resnet50_tl_20250829,8,4,200,44,204.0,48.0,139.23306274414062,139.01731872558594,0.2157440185546875
s_butterfly_350,resnet50_tl_20250829,8,4,200,48,204.0,52.0,139.23306274414062,139.06137084960938,0.17169189453125
s_butterfly_350,resnet50_tl_20250829,8,4,200,52,204.0,56.0,139.23306274414062,139.1085205078125,0.124542236328125
s_butterfly_350,resnet50_tl_20250829,8,4,200,56,204.0,60.0,139.23306274414062,139.17935180664062,0.0537109375
s_butterfly_350,resnet50_tl_20250829,8,4,200,60,204.0,64.0,139.23306274414062,139.03094482421875,0.202117919921875
s_butterfly_350,resnet50_tl_20250829,8,4,200,64,204.0,68.0,139.23306274414062,139.06842041015625,0.164642333984375
s_butterfly_350,resnet50_tl_20250829,8,4,200,68,204.0,72.0,139.23306274414062,139.10076904296875,0.132293701171875
s_butterfly_350,resnet50_tl_20250829,8,4,200,72,204.0,76.0,139.23306274414062,139.185791015625,0.047271728515625
s_butterfly_350,resnet50_tl_20250829,8,4,200,76,204.0,80.0,139.23306274414062,139.046630859375,0.186431884765625
s_butterfly_350,resnet50_tl_20250829,8,4,200,80,204.0,84.0,139.23306274414062,139.11085510253906,0.1222076416015625
s_butterfly_350,resnet50_tl_20250829,8,4,200,84,204.0,88.0,139.23306274414062,139.12648010253906,0.1065826416015625
s_butterfly_350,resnet50_tl_20250829,8,4,200,88,204.0,92.0,139.23306274414062,139.20309448242188,0.02996826171875
s_butterfly_350,resnet50_tl_20250829,8,4,200,92,204.0,96.0,139.23306274414062,139.0478057861328,0.1852569580078125
s_butterfly_350,resnet50_tl_20250829,8,4,200,96,204.0,100.0,139.23306274414062,139.10269165039062,0.13037109375
s_butterfly_350,resnet50_tl_20250829,8,4,200,100,204.0,104.0,139.23306274414062,139.13369750976562,0.099365234375
s_butterfly_350,resnet50_tl_20250829,8,4,200,104,204.0,108.0,139.23306274414062,139.21485900878906,0.0182037353515625
s_butterfly_350,resnet50_tl_20250829,8,4,200,108,204.0,112.0,139.23306274414062,139.08689880371094,0.1461639404296875
s_butterfly_350,resnet50_tl_20250829,8,4,200,112,204.0,116.0,139.23306274414062,139.1353302001953,0.0977325439453125
s_butterfly_350,resnet50_tl_20250829,8,4,200,116,204.0,120.0,139.23306274414062,139.16494750976562,0.068115234375
s_butterfly_350,resnet50_tl_20250829,8,4,200,120,204.0,124.0,139.23306274414062,139.22593688964844,0.0071258544921875
s_butterfly_350,resnet50_tl_20250829,8,4,200,124,204.0,128.0,139.23306274414062,139.09934997558594,0.1337127685546875
s_butterfly_350,resnet50_tl_20250829,8,4,200,128,204.0,132.0,139.23306274414062,139.12588500976562,0.107177734375
s_butterfly_350,resnet50_tl_20250829,8,4,200,132,204.0,136.0,139.23306274414062,139.14169311523438,0.09136962890625
s_butterfly_350,resnet50_tl_20250829,8,4,200,136,204.0,140.0,139.23306274414062,139.2025146484375,0.030548095703125
s_butterfly_350,resnet50_tl_20250829,8,4,200,140,204.0,144.0,139.23306274414062,139.10342407226562,0.129638671875
s_butterfly_350,resnet50_tl_20250829,8,4,200,144,204.0,148.0,139.23306274414062,139.14480590820312,0.0882568359375
s_butterfly_350,resnet50_tl_20250829,8,4,200,148,204.0,152.0,139.23306274414062,139.16050720214844,0.0725555419921875
s_butterfly_350,resnet50_tl_20250829,8,4,200,152,204.0,156.0,139.23306274414062,139.22926330566406,0.0037994384765625
s_butterfly_350,resnet50_tl_20250829,8,4,200,156,204.0,160.0,139.23306274414062,139.1236572265625,0.109405517578125
s_butterfly_350,resnet50_tl_20250829,8,4,200,160,204.0,164.0,139.23306274414062,139.16839599609375,0.064666748046875
s_butterfly_350,resnet50_tl_20250829,8,4,200,164,204.0,168.0,139.23306274414062,139.18455505371094,0.0485076904296875
s_butterfly_350,resnet50_tl_20250829,8,4,200,168,204.0,172.0,139.23306274414062,139.247314453125,-0.014251708984375
s_butterfly_350,resnet50_tl_20250829,8,4,200,172,204.0,176.0,139.23306274414062,139.16201782226562,0.071044921875
s_butterfly_350,resnet50_tl_20250829,8,4,200,176,204.0,180.0,139.23306274414062,139.21051025390625,0.022552490234375
s_butterfly_350,resnet50_tl_20250829,8,4,200,180,204.0,184.0,139.23306274414062,139.22691345214844,0.0061492919921875
s_butterfly_350,resnet50_tl_20250829,8,4,200,184,204.0,188.0,139.23306274414062,139.30975341796875,-0.076690673828125
s_butterfly_350,resnet50_tl_20250829,8,4,200,188,204.0,192.0,139.23306274414062,139.20074462890625,0.032318115234375
s_butterfly_350,resnet50_tl_20250829,8,4,200,192,204.0,196.0,139.23306274414062,139.2714385986328,-0.0383758544921875
s_butterfly_350,resnet50_tl_20250829,8,4,200,196,204.0,200.0,139.23306274414062,139.25738525390625,-0.024322509765625
s_butterfly_350,resnet50_tl_20250829,8,4,200,200,204.0,204.0,139.23306274414062,139.3086395263672,-0.0755767822265625
s_butterfly_350,resnet50_tl_20250829,8,4,200,204,204.0,208.0,139.23306274414062,139.2313995361328,0.0016632080078125
s_butterfly_350,resnet50_tl_20250829,8,4,200,208,204.0,212.0,139.23306274414062,139.25355529785156,-0.0204925537109375
s_butterfly_350,resnet50_tl_20250829,8,4,200,212,204.0,216.0,139.23306274414062,139.24081420898438,-0.00775146484375
s_butterfly_350,resnet50_tl_20250829,8,4,200,216,204.0,220.0,139.23306274414062,139.25643920898438,-0.02337646484375
s_butterfly_350,resnet50_tl_20250829,8,4,204,0,208.0,4.0,139.23306274414062,138.92381286621094,0.3092498779296875
s_butterfly_350,resnet50_tl_20250829,8,4,204,4,208.0,8.0,139.23306274414062,139.2038116455078,0.0292510986328125
s_butterfly_350,resnet50_tl_20250829,8,4,204,8,208.0,12.0,139.23306274414062,139.29296875,-0.059906005859375
s_butterfly_350,resnet50_tl_20250829,8,4,204,12,208.0,16.0,139.23306274414062,139.03890991210938,0.19415283203125
s_butterfly_350,resnet50_tl_20250829,8,4,204,16,208.0,20.0,139.23306274414062,139.07896423339844,0.1540985107421875
s_butterfly_350,resnet50_tl_20250829,8,4,204,20,208.0,24.0,139.23306274414062,139.2133026123047,0.0197601318359375
s_butterfly_350,resnet50_tl_20250829,8,4,204,24,208.0,28.0,139.23306274414062,139.27279663085938,-0.03973388671875
s_butterfly_350,resnet50_tl_20250829,8,4,204,28,208.0,32.0,139.23306274414062,138.87515258789062,0.35791015625
s_butterfly_350,resnet50_tl_20250829,8,4,204,32,208.0,36.0,139.23306274414062,138.9365997314453,0.2964630126953125
s_butterfly_350,resnet50_tl_20250829,8,4,204,36,208.0,40.0,139.23306274414062,139.1769256591797,0.0561370849609375
s_butterfly_350,resnet50_tl_20250829,8,4,204,40,208.0,44.0,139.23306274414062,139.24755859375,-0.014495849609375
s_butterfly_350,resnet50_tl_20250829,8,4,204,44,208.0,48.0,139.23306274414062,138.89027404785156,0.3427886962890625
s_butterfly_350,resnet50_tl_20250829,8,4,204,48,208.0,52.0,139.23306274414062,138.92616271972656,0.3069000244140625
s_butterfly_350,resnet50_tl_20250829,8,4,204,52,208.0,56.0,139.23306274414062,139.17637634277344,0.0566864013671875
s_butterfly_350,resnet50_tl_20250829,8,4,204,56,208.0,60.0,139.23306274414062,139.26004028320312,-0.0269775390625
s_butterfly_350,resnet50_tl_20250829,8,4,204,60,208.0,64.0,139.23306274414062,138.8472900390625,0.385772705078125
s_butterfly_350,resnet50_tl_20250829,8,4,204,64,208.0,68.0,139.23306274414062,138.88134765625,0.351715087890625
s_butterfly_350,resnet50_tl_20250829,8,4,204,68,208.0,72.0,139.23306274414062,139.1407470703125,0.092315673828125
s_butterfly_350,resnet50_tl_20250829,8,4,204,72,208.0,76.0,139.23306274414062,139.24948120117188,-0.01641845703125
s_butterfly_350,resnet50_tl_20250829,8,4,204,76,208.0,80.0,139.23306274414062,138.93600463867188,0.29705810546875
s_butterfly_350,resnet50_tl_20250829,8,4,204,80,208.0,84.0,139.23306274414062,138.97222900390625,0.260833740234375
s_butterfly_350,resnet50_tl_20250829,8,4,204,84,208.0,88.0,139.23306274414062,139.17996215820312,0.0531005859375
s_butterfly_350,resnet50_tl_20250829,8,4,204,88,208.0,92.0,139.23306274414062,139.26625061035156,-0.0331878662109375
s_butterfly_350,resnet50_tl_20250829,8,4,204,92,208.0,96.0,139.23306274414062,138.8631591796875,0.369903564453125
s_butterfly_350,resnet50_tl_20250829,8,4,204,96,208.0,100.0,139.23306274414062,138.92547607421875,0.307586669921875
s_butterfly_350,resnet50_tl_20250829,8,4,204,100,208.0,104.0,139.23306274414062,139.1647491455078,0.0683135986328125
s_butterfly_350,resnet50_tl_20250829,8,4,204,104,208.0,108.0,139.23306274414062,139.26156616210938,-0.02850341796875
s_butterfly_350,resnet50_tl_20250829,8,4,204,108,208.0,112.0,139.23306274414062,138.95472717285156,0.2783355712890625
s_butterfly_350,resnet50_tl_20250829,8,4,204,112,208.0,116.0,139.23306274414062,138.9934539794922,0.2396087646484375
s_butterfly_350,resnet50_tl_20250829,8,4,204,116,208.0,120.0,139.23306274414062,139.2123565673828,0.0207061767578125
s_butterfly_350,resnet50_tl_20250829,8,4,204,120,208.0,124.0,139.23306274414062,139.2777862548828,-0.0447235107421875
s_butterfly_350,resnet50_tl_20250829,8,4,204,124,208.0,128.0,139.23306274414062,138.92823791503906,0.3048248291015625
s_butterfly_350,resnet50_tl_20250829,8,4,204,128,208.0,132.0,139.23306274414062,138.9617462158203,0.2713165283203125
s_butterfly_350,resnet50_tl_20250829,8,4,204,132,208.0,136.0,139.23306274414062,139.16702270507812,0.0660400390625
s_butterfly_350,resnet50_tl_20250829,8,4,204,136,208.0,140.0,139.23306274414062,139.25442504882812,-0.0213623046875
s_butterfly_350,resnet50_tl_20250829,8,4,204,140,208.0,144.0,139.23306274414062,139.02279663085938,0.21026611328125
s_butterfly_350,resnet50_tl_20250829,8,4,204,144,208.0,148.0,139.23306274414062,139.05120849609375,0.181854248046875
s_butterfly_350,resnet50_tl_20250829,8,4,204,148,208.0,152.0,139.23306274414062,139.20443725585938,0.02862548828125
s_butterfly_350,resnet50_tl_20250829,8,4,204,152,208.0,156.0,139.23306274414062,139.28347778320312,-0.0504150390625
s_butterfly_350,resnet50_tl_20250829,8,4,204,156,208.0,160.0,139.23306274414062,138.98483276367188,0.24822998046875
s_butterfly_350,resnet50_tl_20250829,8,4,204,160,208.0,164.0,139.23306274414062,139.0421905517578,0.1908721923828125
s_butterfly_350,resnet50_tl_20250829,8,4,204,164,208.0,168.0,139.23306274414062,139.19647216796875,0.036590576171875
s_butterfly_350,resnet50_tl_20250829,8,4,204,168,208.0,172.0,139.23306274414062,139.27230834960938,-0.03924560546875
s_butterfly_350,resnet50_tl_20250829,8,4,204,172,208.0,176.0,139.23306274414062,139.0387420654297,0.1943206787109375
s_butterfly_350,resnet50_tl_20250829,8,4,204,176,208.0,180.0,139.23306274414062,139.08340454101562,0.149658203125
s_butterfly_350,resnet50_tl_20250829,8,4,204,180,208.0,184.0,139.23306274414062,139.21597290039062,0.01708984375
s_butterfly_350,resnet50_tl_20250829,8,4,204,184,208.0,188.0,139.23306274414062,139.32058715820312,-0.0875244140625
s_butterfly_350,resnet50_tl_20250829,8,4,204,188,208.0,192.0,139.23306274414062,139.0574188232422,0.1756439208984375
s_butterfly_350,resnet50_tl_20250829,8,4,204,192,208.0,196.0,139.23306274414062,139.13226318359375,0.100799560546875
s_butterfly_350,resnet50_tl_20250829,8,4,204,196,208.0,200.0,139.23306274414062,139.2020721435547,0.0309906005859375
s_butterfly_350,resnet50_tl_20250829,8,4,204,200,208.0,204.0,139.23306274414062,139.27389526367188,-0.04083251953125
s_butterfly_350,resnet50_tl_20250829,8,4,204,204,208.0,208.0,139.23306274414062,139.17140197753906,0.0616607666015625
s_butterfly_350,resnet50_tl_20250829,8,4,204,208,208.0,212.0,139.23306274414062,139.19595336914062,0.037109375
s_butterfly_350,resnet50_tl_20250829,8,4,204,212,208.0,216.0,139.23306274414062,139.22312927246094,0.0099334716796875
s_butterfly_350,resnet50_tl_20250829,8,4,204,216,208.0,220.0,139.23306274414062,139.23724365234375,-0.004180908203125
s_butterfly_350,resnet50_tl_20250829,8,4,208,0,212.0,4.0,139.23306274414062,138.9906005859375,0.242462158203125
s_butterfly_350,resnet50_tl_20250829,8,4,208,4,212.0,8.0,139.23306274414062,139.18858337402344,0.0444793701171875
s_butterfly_350,resnet50_tl_20250829,8,4,208,8,212.0,12.0,139.23306274414062,139.32276916503906,-0.0897064208984375
s_butterfly_350,resnet50_tl_20250829,8,4,208,12,212.0,16.0,139.23306274414062,139.0757598876953,0.1573028564453125
s_butterfly_350,resnet50_tl_20250829,8,4,208,16,212.0,20.0,139.23306274414062,139.1342010498047,0.0988616943359375
s_butterfly_350,resnet50_tl_20250829,8,4,208,20,212.0,24.0,139.23306274414062,139.21250915527344,0.0205535888671875
s_butterfly_350,resnet50_tl_20250829,8,4,208,24,212.0,28.0,139.23306274414062,139.3104248046875,-0.077362060546875
s_butterfly_350,resnet50_tl_20250829,8,4,208,28,212.0,32.0,139.23306274414062,138.97491455078125,0.258148193359375
s_butterfly_350,resnet50_tl_20250829,8,4,208,32,212.0,36.0,139.23306274414062,139.0272979736328,0.2057647705078125
s_butterfly_350,resnet50_tl_20250829,8,4,208,36,212.0,40.0,139.23306274414062,139.201171875,0.031890869140625
s_butterfly_350,resnet50_tl_20250829,8,4,208,40,212.0,44.0,139.23306274414062,139.28965759277344,-0.0565948486328125
s_butterfly_350,resnet50_tl_20250829,8,4,208,44,212.0,48.0,139.23306274414062,138.9501495361328,0.2829132080078125
s_butterfly_350,resnet50_tl_20250829,8,4,208,48,212.0,52.0,139.23306274414062,139.00465393066406,0.2284088134765625
s_butterfly_350,resnet50_tl_20250829,8,4,208,52,212.0,56.0,139.23306274414062,139.18824768066406,0.0448150634765625
s_butterfly_350,resnet50_tl_20250829,8,4,208,56,212.0,60.0,139.23306274414062,139.3020477294922,-0.0689849853515625
s_butterfly_350,resnet50_tl_20250829,8,4,208,60,212.0,64.0,139.23306274414062,138.93820190429688,0.29486083984375
s_butterfly_350,resnet50_tl_20250829,8,4,208,64,212.0,68.0,139.23306274414062,138.9798583984375,0.253204345703125
s_butterfly_350,resnet50_tl_20250829,8,4,208,68,212.0,72.0,139.23306274414062,139.17098999023438,0.06207275390625
s_butterfly_350,resnet50_tl_20250829,8,4,208,72,212.0,76.0,139.23306274414062,139.2922821044922,-0.0592193603515625
s_butterfly_350,resnet50_tl_20250829,8,4,208,76,212.0,80.0,139.23306274414062,138.98573303222656,0.2473297119140625
s_butterfly_350,resnet50_tl_20250829,8,4,208,80,212.0,84.0,139.23306274414062,139.04849243164062,0.1845703125
s_butterfly_350,resnet50_tl_20250829,8,4,208,84,212.0,88.0,139.23306274414062,139.19357299804688,0.03948974609375
s_butterfly_350,resnet50_tl_20250829,8,4,208,88,212.0,92.0,139.23306274414062,139.30624389648438,-0.07318115234375
s_butterfly_350,resnet50_tl_20250829,8,4,208,92,212.0,96.0,139.23306274414062,138.964111328125,0.268951416015625
s_butterfly_350,resnet50_tl_20250829,8,4,208,96,212.0,100.0,139.23306274414062,139.01144409179688,0.22161865234375
s_butterfly_350,resnet50_tl_20250829,8,4,208,100,212.0,104.0,139.23306274414062,139.1873321533203,0.0457305908203125
s_butterfly_350,resnet50_tl_20250829,8,4,208,104,212.0,108.0,139.23306274414062,139.29798889160156,-0.0649261474609375
s_butterfly_350,resnet50_tl_20250829,8,4,208,108,212.0,112.0,139.23306274414062,139.0115966796875,0.221466064453125
s_butterfly_350,resnet50_tl_20250829,8,4,208,112,212.0,116.0,139.23306274414062,139.0653533935547,0.1677093505859375
s_butterfly_350,resnet50_tl_20250829,8,4,208,116,212.0,120.0,139.23306274414062,139.21189880371094,0.0211639404296875
s_butterfly_350,resnet50_tl_20250829,8,4,208,120,212.0,124.0,139.23306274414062,139.31173706054688,-0.07867431640625
s_butterfly_350,resnet50_tl_20250829,8,4,208,124,212.0,128.0,139.23306274414062,139.00994873046875,0.223114013671875
s_butterfly_350,resnet50_tl_20250829,8,4,208,128,212.0,132.0,139.23306274414062,139.043212890625,0.189849853515625
s_butterfly_350,resnet50_tl_20250829,8,4,208,132,212.0,136.0,139.23306274414062,139.18638610839844,0.0466766357421875
s_butterfly_350,resnet50_tl_20250829,8,4,208,136,212.0,140.0,139.23306274414062,139.29623413085938,-0.06317138671875
s_butterfly_350,resnet50_tl_20250829,8,4,208,140,212.0,144.0,139.23306274414062,139.0679168701172,0.1651458740234375
s_butterfly_350,resnet50_tl_20250829,8,4,208,144,212.0,148.0,139.23306274414062,139.1178436279297,0.1152191162109375
s_butterfly_350,resnet50_tl_20250829,8,4,208,148,212.0,152.0,139.23306274414062,139.21347045898438,0.01959228515625
s_butterfly_350,resnet50_tl_20250829,8,4,208,152,212.0,156.0,139.23306274414062,139.31808471679688,-0.08502197265625
s_butterfly_350,resnet50_tl_20250829,8,4,208,156,212.0,160.0,139.23306274414062,139.06948852539062,0.16357421875
s_butterfly_350,resnet50_tl_20250829,8,4,208,160,212.0,164.0,139.23306274414062,139.1217803955078,0.1112823486328125
s_butterfly_350,resnet50_tl_20250829,8,4,208,164,212.0,168.0,139.23306274414062,139.23155212402344,0.0015106201171875
s_butterfly_350,resnet50_tl_20250829,8,4,208,168,212.0,172.0,139.23306274414062,139.32510375976562,-0.092041015625
s_butterfly_350,resnet50_tl_20250829,8,4,208,172,212.0,176.0,139.23306274414062,139.1200714111328,0.1129913330078125
s_butterfly_350,resnet50_tl_20250829,8,4,208,176,212.0,180.0,139.23306274414062,139.16519165039062,0.06787109375
s_butterfly_350,resnet50_tl_20250829,8,4,208,180,212.0,184.0,139.23306274414062,139.23358154296875,-0.000518798828125
s_butterfly_350,resnet50_tl_20250829,8,4,208,184,212.0,188.0,139.23306274414062,139.34619140625,-0.113128662109375
s_butterfly_350,resnet50_tl_20250829,8,4,208,188,212.0,192.0,139.23306274414062,139.15232849121094,0.0807342529296875
s_butterfly_350,resnet50_tl_20250829,8,4,208,192,212.0,196.0,139.23306274414062,139.20269775390625,0.030364990234375
s_butterfly_350,resnet50_tl_20250829,8,4,208,196,212.0,200.0,139.23306274414062,139.23883056640625,-0.005767822265625
s_butterfly_350,resnet50_tl_20250829,8,4,208,200,212.0,204.0,139.23306274414062,139.30406188964844,-0.0709991455078125
s_butterfly_350,resnet50_tl_20250829,8,4,208,204,212.0,208.0,139.23306274414062,139.22108459472656,0.0119781494140625
s_butterfly_350,resnet50_tl_20250829,8,4,208,208,212.0,212.0,139.23306274414062,139.23240661621094,0.0006561279296875
s_butterfly_350,resnet50_tl_20250829,8,4,208,212,212.0,216.0,139.23306274414062,139.22573852539062,0.00732421875
s_butterfly_350,resnet50_tl_20250829,8,4,208,216,212.0,220.0,139.23306274414062,139.23951721191406,-0.0064544677734375
s_butterfly_350,resnet50_tl_20250829,8,4,212,0,216.0,4.0,139.23306274414062,139.08926391601562,0.143798828125
s_butterfly_350,resnet50_tl_20250829,8,4,212,4,216.0,8.0,139.23306274414062,139.18223571777344,0.0508270263671875
s_butterfly_350,resnet50_tl_20250829,8,4,212,8,216.0,12.0,139.23306274414062,139.28770446777344,-0.0546417236328125
s_butterfly_350,resnet50_tl_20250829,8,4,212,12,216.0,16.0,139.23306274414062,139.19805908203125,0.035003662109375
s_butterfly_350,resnet50_tl_20250829,8,4,212,16,216.0,20.0,139.23306274414062,139.24569702148438,-0.01263427734375
s_butterfly_350,resnet50_tl_20250829,8,4,212,20,216.0,24.0,139.23306274414062,139.20111083984375,0.031951904296875
s_butterfly_350,resnet50_tl_20250829,8,4,212,24,216.0,28.0,139.23306274414062,139.2628936767578,-0.0298309326171875
s_butterfly_350,resnet50_tl_20250829,8,4,212,28,216.0,32.0,139.23306274414062,139.16786193847656,0.0652008056640625
s_butterfly_350,resnet50_tl_20250829,8,4,212,32,216.0,36.0,139.23306274414062,139.20449829101562,0.028564453125
s_butterfly_350,resnet50_tl_20250829,8,4,212,36,216.0,40.0,139.23306274414062,139.18292236328125,0.050140380859375
s_butterfly_350,resnet50_tl_20250829,8,4,212,40,216.0,44.0,139.23306274414062,139.22398376464844,0.0090789794921875
s_butterfly_350,resnet50_tl_20250829,8,4,212,44,216.0,48.0,139.23306274414062,139.158935546875,0.074127197265625
s_butterfly_350,resnet50_tl_20250829,8,4,212,48,216.0,52.0,139.23306274414062,139.19589233398438,0.03717041015625
s_butterfly_350,resnet50_tl_20250829,8,4,212,52,216.0,56.0,139.23306274414062,139.17686462402344,0.0561981201171875
s_butterfly_350,resnet50_tl_20250829,8,4,212,56,216.0,60.0,139.23306274414062,139.23052978515625,0.002532958984375
s_butterfly_350,resnet50_tl_20250829,8,4,212,60,216.0,64.0,139.23306274414062,139.16708374023438,0.06597900390625
s_butterfly_350,resnet50_tl_20250829,8,4,212,64,216.0,68.0,139.23306274414062,139.193359375,0.039703369140625
s_butterfly_350,resnet50_tl_20250829,8,4,212,68,216.0,72.0,139.23306274414062,139.16961669921875,0.063446044921875
s_butterfly_350,resnet50_tl_20250829,8,4,212,72,216.0,76.0,139.23306274414062,139.2159881591797,0.0170745849609375
s_butterfly_350,resnet50_tl_20250829,8,4,212,76,216.0,80.0,139.23306274414062,139.16802978515625,0.065032958984375
s_butterfly_350,resnet50_tl_20250829,8,4,212,80,216.0,84.0,139.23306274414062,139.20448303222656,0.0285797119140625
s_butterfly_350,resnet50_tl_20250829,8,4,212,84,216.0,88.0,139.23306274414062,139.18336486816406,0.0496978759765625
s_butterfly_350,resnet50_tl_20250829,8,4,212,88,216.0,92.0,139.23306274414062,139.23985290527344,-0.0067901611328125
s_butterfly_350,resnet50_tl_20250829,8,4,212,92,216.0,96.0,139.23306274414062,139.17459106445312,0.0584716796875
s_butterfly_350,resnet50_tl_20250829,8,4,212,96,216.0,100.0,139.23306274414062,139.2095489501953,0.0235137939453125
s_butterfly_350,resnet50_tl_20250829,8,4,212,100,216.0,104.0,139.23306274414062,139.18417358398438,0.04888916015625
s_butterfly_350,resnet50_tl_20250829,8,4,212,104,216.0,108.0,139.23306274414062,139.22509765625,0.007965087890625
s_butterfly_350,resnet50_tl_20250829,8,4,212,108,216.0,112.0,139.23306274414062,139.18511962890625,0.047943115234375
s_butterfly_350,resnet50_tl_20250829,8,4,212,112,216.0,116.0,139.23306274414062,139.2186737060547,0.0143890380859375
s_butterfly_350,resnet50_tl_20250829,8,4,212,116,216.0,120.0,139.23306274414062,139.1953582763672,0.0377044677734375
s_butterfly_350,resnet50_tl_20250829,8,4,212,120,216.0,124.0,139.23306274414062,139.2461395263672,-0.0130767822265625
s_butterfly_350,resnet50_tl_20250829,8,4,212,124,216.0,128.0,139.23306274414062,139.19308471679688,0.03997802734375
s_butterfly_350,resnet50_tl_20250829,8,4,212,128,216.0,132.0,139.23306274414062,139.22293090820312,0.0101318359375
s_butterfly_350,resnet50_tl_20250829,8,4,212,132,216.0,136.0,139.23306274414062,139.1861572265625,0.046905517578125
s_butterfly_350,resnet50_tl_20250829,8,4,212,136,216.0,140.0,139.23306274414062,139.22572326660156,0.0073394775390625
s_butterfly_350,resnet50_tl_20250829,8,4,212,140,216.0,144.0,139.23306274414062,139.19351196289062,0.03955078125
s_butterfly_350,resnet50_tl_20250829,8,4,212,144,216.0,148.0,139.23306274414062,139.23587036132812,-0.0028076171875
s_butterfly_350,resnet50_tl_20250829,8,4,212,148,216.0,152.0,139.23306274414062,139.2064208984375,0.026641845703125
s_butterfly_350,resnet50_tl_20250829,8,4,212,152,216.0,156.0,139.23306274414062,139.2649688720703,-0.0319061279296875
s_butterfly_350,resnet50_tl_20250829,8,4,212,156,216.0,160.0,139.23306274414062,139.22206115722656,0.0110015869140625
s_butterfly_350,resnet50_tl_20250829,8,4,212,160,216.0,164.0,139.23306274414062,139.2711181640625,-0.038055419921875
s_butterfly_350,resnet50_tl_20250829,8,4,212,164,216.0,168.0,139.23306274414062,139.2287139892578,0.0043487548828125
s_butterfly_350,resnet50_tl_20250829,8,4,212,168,216.0,172.0,139.23306274414062,139.27719116210938,-0.04412841796875
s_butterfly_350,resnet50_tl_20250829,8,4,212,172,216.0,176.0,139.23306274414062,139.24757385253906,-0.0145111083984375
s_butterfly_350,resnet50_tl_20250829,8,4,212,176,216.0,180.0,139.23306274414062,139.30294799804688,-0.06988525390625
s_butterfly_350,resnet50_tl_20250829,8,4,212,180,216.0,184.0,139.23306274414062,139.24392700195312,-0.0108642578125
s_butterfly_350,resnet50_tl_20250829,8,4,212,184,216.0,188.0,139.23306274414062,139.31484985351562,-0.081787109375
s_butterfly_350,resnet50_tl_20250829,8,4,212,188,216.0,192.0,139.23306274414062,139.2546844482422,-0.0216217041015625
s_butterfly_350,resnet50_tl_20250829,8,4,212,192,216.0,196.0,139.23306274414062,139.31509399414062,-0.08203125
s_butterfly_350,resnet50_tl_20250829,8,4,212,196,216.0,200.0,139.23306274414062,139.25714111328125,-0.024078369140625
s_butterfly_350,resnet50_tl_20250829,8,4,212,200,216.0,204.0,139.23306274414062,139.2967071533203,-0.0636444091796875
s_butterfly_350,resnet50_tl_20250829,8,4,212,204,216.0,208.0,139.23306274414062,139.2486114501953,-0.0155487060546875
s_butterfly_350,resnet50_tl_20250829,8,4,212,208,216.0,212.0,139.23306274414062,139.27171325683594,-0.0386505126953125
s_butterfly_350,resnet50_tl_20250829,8,4,212,212,216.0,216.0,139.23306274414062,139.248046875,-0.014984130859375
s_butterfly_350,resnet50_tl_20250829,8,4,212,216,216.0,220.0,139.23306274414062,139.23687744140625,-0.003814697265625
s_butterfly_350,resnet50_tl_20250829,8,4,216,0,220.0,4.0,139.23306274414062,139.15774536132812,0.0753173828125
s_butterfly_350,resnet50_tl_20250829,8,4,216,4,220.0,8.0,139.23306274414062,139.1908416748047,0.0422210693359375
s_butterfly_350,resnet50_tl_20250829,8,4,216,8,220.0,12.0,139.23306274414062,139.22569274902344,0.0073699951171875
s_butterfly_350,resnet50_tl_20250829,8,4,216,12,220.0,16.0,139.23306274414062,139.21456909179688,0.01849365234375
s_butterfly_350,resnet50_tl_20250829,8,4,216,16,220.0,20.0,139.23306274414062,139.21495056152344,0.0181121826171875
s_butterfly_350,resnet50_tl_20250829,8,4,216,20,220.0,24.0,139.23306274414062,139.18222045898438,0.05084228515625
s_butterfly_350,resnet50_tl_20250829,8,4,216,24,220.0,28.0,139.23306274414062,139.19297790527344,0.0400848388671875
s_butterfly_350,resnet50_tl_20250829,8,4,216,28,220.0,32.0,139.23306274414062,139.19595336914062,0.037109375
s_butterfly_350,resnet50_tl_20250829,8,4,216,32,220.0,36.0,139.23306274414062,139.19761657714844,0.0354461669921875
s_butterfly_350,resnet50_tl_20250829,8,4,216,36,220.0,40.0,139.23306274414062,139.1653289794922,0.0677337646484375
s_butterfly_350,resnet50_tl_20250829,8,4,216,40,220.0,44.0,139.23306274414062,139.16900634765625,0.064056396484375
s_butterfly_350,resnet50_tl_20250829,8,4,216,44,220.0,48.0,139.23306274414062,139.19198608398438,0.04107666015625
s_butterfly_350,resnet50_tl_20250829,8,4,216,48,220.0,52.0,139.23306274414062,139.19200134277344,0.0410614013671875
s_butterfly_350,resnet50_tl_20250829,8,4,216,52,220.0,56.0,139.23306274414062,139.16290283203125,0.070159912109375
s_butterfly_350,resnet50_tl_20250829,8,4,216,56,220.0,60.0,139.23306274414062,139.1702117919922,0.0628509521484375
s_butterfly_350,resnet50_tl_20250829,8,4,216,60,220.0,64.0,139.23306274414062,139.19650268554688,0.03656005859375
s_butterfly_350,resnet50_tl_20250829,8,4,216,64,220.0,68.0,139.23306274414062,139.19677734375,0.036285400390625
s_butterfly_350,resnet50_tl_20250829,8,4,216,68,220.0,72.0,139.23306274414062,139.15977478027344,0.0732879638671875
s_butterfly_350,resnet50_tl_20250829,8,4,216,72,220.0,76.0,139.23306274414062,139.16485595703125,0.068206787109375
s_butterfly_350,resnet50_tl_20250829,8,4,216,76,220.0,80.0,139.23306274414062,139.19752502441406,0.0355377197265625
s_butterfly_350,resnet50_tl_20250829,8,4,216,80,220.0,84.0,139.23306274414062,139.19725036621094,0.0358123779296875
s_butterfly_350,resnet50_tl_20250829,8,4,216,84,220.0,88.0,139.23306274414062,139.1681365966797,0.0649261474609375
s_butterfly_350,resnet50_tl_20250829,8,4,216,88,220.0,92.0,139.23306274414062,139.1779327392578,0.0551300048828125
s_butterfly_350,resnet50_tl_20250829,8,4,216,92,220.0,96.0,139.23306274414062,139.2006072998047,0.0324554443359375
s_butterfly_350,resnet50_tl_20250829,8,4,216,96,220.0,100.0,139.23306274414062,139.20721435546875,0.025848388671875
s_butterfly_350,resnet50_tl_20250829,8,4,216,100,220.0,104.0,139.23306274414062,139.17286682128906,0.0601959228515625
s_butterfly_350,resnet50_tl_20250829,8,4,216,104,220.0,108.0,139.23306274414062,139.1753387451172,0.0577239990234375
s_butterfly_350,resnet50_tl_20250829,8,4,216,108,220.0,112.0,139.23306274414062,139.20462036132812,0.0284423828125
s_butterfly_350,resnet50_tl_20250829,8,4,216,112,220.0,116.0,139.23306274414062,139.207275390625,0.025787353515625
s_butterfly_350,resnet50_tl_20250829,8,4,216,116,220.0,120.0,139.23306274414062,139.17852783203125,0.054534912109375
s_butterfly_350,resnet50_tl_20250829,8,4,216,120,220.0,124.0,139.23306274414062,139.18959045410156,0.0434722900390625
s_butterfly_350,resnet50_tl_20250829,8,4,216,124,220.0,128.0,139.23306274414062,139.2126007080078,0.0204620361328125
s_butterfly_350,resnet50_tl_20250829,8,4,216,128,220.0,132.0,139.23306274414062,139.2185516357422,0.0145111083984375
s_butterfly_350,resnet50_tl_20250829,8,4,216,132,220.0,136.0,139.23306274414062,139.17843627929688,0.05462646484375
s_butterfly_350,resnet50_tl_20250829,8,4,216,136,220.0,140.0,139.23306274414062,139.18551635742188,0.04754638671875
s_butterfly_350,resnet50_tl_20250829,8,4,216,140,220.0,144.0,139.23306274414062,139.21109008789062,0.02197265625
s_butterfly_350,resnet50_tl_20250829,8,4,216,144,220.0,148.0,139.23306274414062,139.221435546875,0.011627197265625
s_butterfly_350,resnet50_tl_20250829,8,4,216,148,220.0,152.0,139.23306274414062,139.19268798828125,0.040374755859375
s_butterfly_350,resnet50_tl_20250829,8,4,216,152,220.0,156.0,139.23306274414062,139.2118377685547,0.0212249755859375
s_butterfly_350,resnet50_tl_20250829,8,4,216,156,220.0,160.0,139.23306274414062,139.22915649414062,0.00390625
s_butterfly_350,resnet50_tl_20250829,8,4,216,160,220.0,164.0,139.23306274414062,139.25485229492188,-0.02178955078125
s_butterfly_350,resnet50_tl_20250829,8,4,216,164,220.0,168.0,139.23306274414062,139.21328735351562,0.019775390625
s_butterfly_350,resnet50_tl_20250829,8,4,216,168,220.0,172.0,139.23306274414062,139.23550415039062,-0.00244140625
s_butterfly_350,resnet50_tl_20250829,8,4,216,172,220.0,176.0,139.23306274414062,139.25064086914062,-0.017578125
s_butterfly_350,resnet50_tl_20250829,8,4,216,176,220.0,180.0,139.23306274414062,139.27835083007812,-0.0452880859375
s_butterfly_350,resnet50_tl_20250829,8,4,216,180,220.0,184.0,139.23306274414062,139.2257080078125,0.007354736328125
s_butterfly_350,resnet50_tl_20250829,8,4,216,184,220.0,188.0,139.23306274414062,139.2533416748047,-0.0202789306640625
s_butterfly_350,resnet50_tl_20250829,8,4,216,188,220.0,192.0,139.23306274414062,139.23916625976562,-0.006103515625
s_butterfly_350,resnet50_tl_20250829,8,4,216,192,220.0,196.0,139.23306274414062,139.2770538330078,-0.0439910888671875
s_butterfly_350,resnet50_tl_20250829,8,4,216,196,220.0,200.0,139.23306274414062,139.228759765625,0.004302978515625
s_butterfly_350,resnet50_tl_20250829,8,4,216,200,220.0,204.0,139.23306274414062,139.2496337890625,-0.016571044921875
s_butterfly_350,resnet50_tl_20250829,8,4,216,204,220.0,208.0,139.23306274414062,139.23545837402344,-0.0023956298828125
s_butterfly_350,resnet50_tl_20250829,8,4,216,208,220.0,212.0,139.23306274414062,139.25006103515625,-0.016998291015625
s_butterfly_350,resnet50_tl_20250829,8,4,216,212,220.0,216.0,139.23306274414062,139.24105834960938,-0.00799560546875
s_butterfly_350,resnet50_tl_20250829,8,4,216,216,220.0,220.0,139.23306274414062,139.2259979248047,0.0070648193359375
