case_id,model_type,occluder_size,stride,y0,x0,y_center,x_center,baseline_target_logit,post_occlusion_target_logit,target_logit_drop
ns_lion_650,resnet50_tl_20250829,8,4,0,0,4.0,4.0,134.4756622314453,134.3294677734375,0.1461944580078125
ns_lion_650,resnet50_tl_20250829,8,4,0,4,4.0,8.0,134.4756622314453,134.57711791992188,-0.1014556884765625
ns_lion_650,resnet50_tl_20250829,8,4,0,8,4.0,12.0,134.4756622314453,134.6289825439453,-0.1533203125
ns_lion_650,resnet50_tl_20250829,8,4,0,12,4.0,16.0,134.4756622314453,134.66200256347656,-0.18634033203125
ns_lion_650,resnet50_tl_20250829,8,4,0,16,4.0,20.0,134.4756622314453,134.69268798828125,-0.2170257568359375
ns_lion_650,resnet50_tl_20250829,8,4,0,20,4.0,24.0,134.4756622314453,134.72483825683594,-0.249176025390625
ns_lion_650,resnet50_tl_20250829,8,4,0,24,4.0,28.0,134.4756622314453,134.61868286132812,-0.1430206298828125
ns_lion_650,resnet50_tl_20250829,8,4,0,28,4.0,32.0,134.4756622314453,134.4902801513672,-0.014617919921875
ns_lion_650,resnet50_tl_20250829,8,4,0,32,4.0,36.0,134.4756622314453,134.4033203125,0.0723419189453125
ns_lion_650,resnet50_tl_20250829,8,4,0,36,4.0,40.0,134.4756622314453,134.45924377441406,0.01641845703125
ns_lion_650,resnet50_tl_20250829,8,4,0,40,4.0,44.0,134.4756622314453,134.44552612304688,0.0301361083984375
ns_lion_650,resnet50_tl_20250829,8,4,0,44,4.0,48.0,134.4756622314453,134.3875274658203,0.088134765625
ns_lion_650,resnet50_tl_20250829,8,4,0,48,4.0,52.0,134.4756622314453,134.3617706298828,0.1138916015625
ns_lion_650,resnet50_tl_20250829,8,4,0,52,4.0,56.0,134.4756622314453,134.5047607421875,-0.0290985107421875
ns_lion_650,resnet50_tl_20250829,8,4,0,56,4.0,60.0,134.4756622314453,134.54995727539062,-0.0742950439453125
ns_lion_650,resnet50_tl_20250829,8,4,0,60,4.0,64.0,134.4756622314453,134.3573455810547,0.118316650390625
ns_lion_650,resnet50_tl_20250829,8,4,0,64,4.0,68.0,134.4756622314453,134.3029327392578,0.1727294921875
ns_lion_650,resnet50_tl_20250829,8,4,0,68,4.0,72.0,134.4756622314453,134.48672485351562,-0.0110626220703125
ns_lion_650,resnet50_tl_20250829,8,4,0,72,4.0,76.0,134.4756622314453,134.41668701171875,0.0589752197265625
ns_lion_650,resnet50_tl_20250829,8,4,0,76,4.0,80.0,134.4756622314453,134.32672119140625,0.1489410400390625
ns_lion_650,resnet50_tl_20250829,8,4,0,80,4.0,84.0,134.4756622314453,134.25413513183594,0.221527099609375
ns_lion_650,resnet50_tl_20250829,8,4,0,84,4.0,88.0,134.4756622314453,134.43002319335938,0.0456390380859375
ns_lion_650,resnet50_tl_20250829,8,4,0,88,4.0,92.0,134.4756622314453,134.49961853027344,-0.023956298828125
ns_lion_650,resnet50_tl_20250829,8,4,0,92,4.0,96.0,134.4756622314453,134.24501037597656,0.23065185546875
ns_lion_650,resnet50_tl_20250829,8,4,0,96,4.0,100.0,134.4756622314453,134.22509765625,0.2505645751953125
ns_lion_650,resnet50_tl_20250829,8,4,0,100,4.0,104.0,134.4756622314453,134.43275451660156,0.04290771484375
ns_lion_650,resnet50_tl_20250829,8,4,0,104,4.0,108.0,134.4756622314453,134.4211883544922,0.054473876953125
ns_lion_650,resnet50_tl_20250829,8,4,0,108,4.0,112.0,134.4756622314453,134.31610107421875,0.1595611572265625
ns_lion_650,resnet50_tl_20250829,8,4,0,112,4.0,116.0,134.4756622314453,134.23236083984375,0.2433013916015625
ns_lion_650,resnet50_tl_20250829,8,4,0,116,4.0,120.0,134.4756622314453,134.33770751953125,0.1379547119140625
ns_lion_650,resnet50_tl_20250829,8,4,0,120,4.0,124.0,134.4756622314453,134.43321228027344,0.042449951171875
ns_lion_650,resnet50_tl_20250829,8,4,0,124,4.0,128.0,134.4756622314453,134.20176696777344,0.273895263671875
ns_lion_650,resnet50_tl_20250829,8,4,0,128,4.0,132.0,134.4756622314453,134.20521545410156,0.27044677734375
ns_lion_650,resnet50_tl_20250829,8,4,0,132,4.0,136.0,134.4756622314453,134.335693359375,0.1399688720703125
ns_lion_650,resnet50_tl_20250829,8,4,0,136,4.0,140.0,134.4756622314453,134.3629150390625,0.1127471923828125
ns_lion_650,resnet50_tl_20250829,8,4,0,140,4.0,144.0,134.4756622314453,134.324462890625,0.1511993408203125
ns_lion_650,resnet50_tl_20250829,8,4,0,144,4.0,148.0,134.4756622314453,134.2734832763672,0.202178955078125
ns_lion_650,resnet50_tl_20250829,8,4,0,148,4.0,152.0,134.4756622314453,134.31472778320312,0.1609344482421875
ns_lion_650,resnet50_tl_20250829,8,4,0,152,4.0,156.0,134.4756622314453,134.42190551757812,0.0537567138671875
ns_lion_650,resnet50_tl_20250829,8,4,0,156,4.0,160.0,134.4756622314453,134.34820556640625,0.1274566650390625
ns_lion_650,resnet50_tl_20250829,8,4,0,160,4.0,164.0,134.4756622314453,134.34832763671875,0.1273345947265625
ns_lion_650,resnet50_tl_20250829,8,4,0,164,4.0,168.0,134.4756622314453,134.38552856445312,0.0901336669921875
ns_lion_650,resnet50_tl_20250829,8,4,0,168,4.0,172.0,134.4756622314453,134.3986053466797,0.077056884765625
ns_lion_650,resnet50_tl_20250829,8,4,0,172,4.0,176.0,134.4756622314453,134.36183166503906,0.11383056640625
ns_lion_650,resnet50_tl_20250829,8,4,0,176,4.0,180.0,134.4756622314453,134.3263397216797,0.149322509765625
ns_lion_650,resnet50_tl_20250829,8,4,0,180,4.0,184.0,134.4756622314453,134.3467254638672,0.128936767578125
ns_lion_650,resnet50_tl_20250829,8,4,0,184,4.0,188.0,134.4756622314453,134.4152374267578,0.0604248046875
ns_lion_650,resnet50_tl_20250829,8,4,0,188,4.0,192.0,134.4756622314453,134.31655883789062,0.1591033935546875
ns_lion_650,resnet50_tl_20250829,8,4,0,192,4.0,196.0,134.4756622314453,134.32022094726562,0.1554412841796875
ns_lion_650,resnet50_tl_20250829,8,4,0,196,4.0,200.0,134.4756622314453,134.3595733642578,0.1160888671875
ns_lion_650,resnet50_tl_20250829,8,4,0,200,4.0,204.0,134.4756622314453,134.4156036376953,0.06005859375
ns_lion_650,resnet50_tl_20250829,8,4,0,204,4.0,208.0,134.4756622314453,134.4153289794922,0.060333251953125
ns_lion_650,resnet50_tl_20250829,8,4,0,208,4.0,212.0,134.4756622314453,134.3644561767578,0.1112060546875
ns_lion_650,resnet50_tl_20250829,8,4,0,212,4.0,216.0,134.4756622314453,134.36500549316406,0.11065673828125
ns_lion_650,resnet50_tl_20250829,8,4,0,216,4.0,220.0,134.4756622314453,134.42762756347656,0.04803466796875
ns_lion_650,resnet50_tl_20250829,8,4,4,0,8.0,4.0,134.4756622314453,134.8079071044922,-0.332244873046875
ns_lion_650,resnet50_tl_20250829,8,4,4,4,8.0,8.0,134.4756622314453,134.66168212890625,-0.1860198974609375
ns_lion_650,resnet50_tl_20250829,8,4,4,8,8.0,12.0,134.4756622314453,134.69808959960938,-0.2224273681640625
ns_lion_650,resnet50_tl_20250829,8,4,4,12,8.0,16.0,134.4756622314453,134.81724548339844,-0.341583251953125
ns_lion_650,resnet50_tl_20250829,8,4,4,16,8.0,20.0,134.4756622314453,134.74185180664062,-0.2661895751953125
ns_lion_650,resnet50_tl_20250829,8,4,4,20,8.0,24.0,134.4756622314453,134.8022003173828,-0.3265380859375
ns_lion_650,resnet50_tl_20250829,8,4,4,24,8.0,28.0,134.4756622314453,134.71710205078125,-0.2414398193359375
ns_lion_650,resnet50_tl_20250829,8,4,4,28,8.0,32.0,134.4756622314453,134.6488494873047,-0.173187255859375
ns_lion_650,resnet50_tl_20250829,8,4,4,32,8.0,36.0,134.4756622314453,134.5377960205078,-0.0621337890625
ns_lion_650,resnet50_tl_20250829,8,4,4,36,8.0,40.0,134.4756622314453,134.5050811767578,-0.0294189453125
ns_lion_650,resnet50_tl_20250829,8,4,4,40,8.0,44.0,134.4756622314453,134.48255920410156,-0.00689697265625
ns_lion_650,resnet50_tl_20250829,8,4,4,44,8.0,48.0,134.4756622314453,134.5359649658203,-0.060302734375
ns_lion_650,resnet50_tl_20250829,8,4,4,48,8.0,52.0,134.4756622314453,134.4515838623047,0.024078369140625
ns_lion_650,resnet50_tl_20250829,8,4,4,52,8.0,56.0,134.4756622314453,134.5354461669922,-0.059783935546875
ns_lion_650,resnet50_tl_20250829,8,4,4,56,8.0,60.0,134.4756622314453,134.53709411621094,-0.061431884765625
ns_lion_650,resnet50_tl_20250829,8,4,4,60,8.0,64.0,134.4756622314453,134.57496643066406,-0.09930419921875
ns_lion_650,resnet50_tl_20250829,8,4,4,64,8.0,68.0,134.4756622314453,134.46591186523438,0.0097503662109375
ns_lion_650,resnet50_tl_20250829,8,4,4,68,8.0,72.0,134.4756622314453,134.4697723388672,0.005889892578125
ns_lion_650,resnet50_tl_20250829,8,4,4,72,8.0,76.0,134.4756622314453,134.42860412597656,0.04705810546875
ns_lion_650,resnet50_tl_20250829,8,4,4,76,8.0,80.0,134.4756622314453,134.48208618164062,-0.0064239501953125
ns_lion_650,resnet50_tl_20250829,8,4,4,80,8.0,84.0,134.4756622314453,134.39285278320312,0.0828094482421875
ns_lion_650,resnet50_tl_20250829,8,4,4,84,8.0,88.0,134.4756622314453,134.47434997558594,0.001312255859375
ns_lion_650,resnet50_tl_20250829,8,4,4,88,8.0,92.0,134.4756622314453,134.498779296875,-0.0231170654296875
ns_lion_650,resnet50_tl_20250829,8,4,4,92,8.0,96.0,134.4756622314453,134.55052185058594,-0.074859619140625
ns_lion_650,resnet50_tl_20250829,8,4,4,96,8.0,100.0,134.4756622314453,134.45823669433594,0.017425537109375
ns_lion_650,resnet50_tl_20250829,8,4,4,100,8.0,104.0,134.4756622314453,134.49765014648438,-0.0219879150390625
ns_lion_650,resnet50_tl_20250829,8,4,4,104,8.0,108.0,134.4756622314453,134.44015502929688,0.0355072021484375
ns_lion_650,resnet50_tl_20250829,8,4,4,108,8.0,112.0,134.4756622314453,134.450439453125,0.0252227783203125
ns_lion_650,resnet50_tl_20250829,8,4,4,112,8.0,116.0,134.4756622314453,134.3517608642578,0.1239013671875
ns_lion_650,resnet50_tl_20250829,8,4,4,116,8.0,120.0,134.4756622314453,134.43807983398438,0.0375823974609375
ns_lion_650,resnet50_tl_20250829,8,4,4,120,8.0,124.0,134.4756622314453,134.45919799804688,0.0164642333984375
ns_lion_650,resnet50_tl_20250829,8,4,4,124,8.0,128.0,134.4756622314453,134.49383544921875,-0.0181732177734375
ns_lion_650,resnet50_tl_20250829,8,4,4,128,8.0,132.0,134.4756622314453,134.40782165527344,0.067840576171875
ns_lion_650,resnet50_tl_20250829,8,4,4,132,8.0,136.0,134.4756622314453,134.4181671142578,0.0574951171875
ns_lion_650,resnet50_tl_20250829,8,4,4,136,8.0,140.0,134.4756622314453,134.4086151123047,0.067047119140625
ns_lion_650,resnet50_tl_20250829,8,4,4,140,8.0,144.0,134.4756622314453,134.45751953125,0.0181427001953125
ns_lion_650,resnet50_tl_20250829,8,4,4,144,8.0,148.0,134.4756622314453,134.3851318359375,0.0905303955078125
ns_lion_650,resnet50_tl_20250829,8,4,4,148,8.0,152.0,134.4756622314453,134.4331817626953,0.04248046875
ns_lion_650,resnet50_tl_20250829,8,4,4,152,8.0,156.0,134.4756622314453,134.49322509765625,-0.0175628662109375
ns_lion_650,resnet50_tl_20250829,8,4,4,156,8.0,160.0,134.4756622314453,134.55831909179688,-0.0826568603515625
ns_lion_650,resnet50_tl_20250829,8,4,4,160,8.0,164.0,134.4756622314453,134.4923095703125,-0.0166473388671875
ns_lion_650,resnet50_tl_20250829,8,4,4,164,8.0,168.0,134.4756622314453,134.49134826660156,-0.01568603515625
ns_lion_650,resnet50_tl_20250829,8,4,4,168,8.0,172.0,134.4756622314453,134.4827117919922,-0.007049560546875
ns_lion_650,resnet50_tl_20250829,8,4,4,172,8.0,176.0,134.4756622314453,134.53628540039062,-0.0606231689453125
ns_lion_650,resnet50_tl_20250829,8,4,4,176,8.0,180.0,134.4756622314453,134.4497528076172,0.025909423828125
ns_lion_650,resnet50_tl_20250829,8,4,4,180,8.0,184.0,134.4756622314453,134.50747680664062,-0.0318145751953125
ns_lion_650,resnet50_tl_20250829,8,4,4,184,8.0,188.0,134.4756622314453,134.52188110351562,-0.0462188720703125
ns_lion_650,resnet50_tl_20250829,8,4,4,188,8.0,192.0,134.4756622314453,134.56797790527344,-0.092315673828125
ns_lion_650,resnet50_tl_20250829,8,4,4,192,8.0,196.0,134.4756622314453,134.50721740722656,-0.03155517578125
ns_lion_650,resnet50_tl_20250829,8,4,4,196,8.0,200.0,134.4756622314453,134.531005859375,-0.0553436279296875
ns_lion_650,resnet50_tl_20250829,8,4,4,200,8.0,204.0,134.4756622314453,134.49563598632812,-0.0199737548828125
ns_lion_650,resnet50_tl_20250829,8,4,4,204,8.0,208.0,134.4756622314453,134.51443481445312,-0.0387725830078125
ns_lion_650,resnet50_tl_20250829,8,4,4,208,8.0,212.0,134.4756622314453,134.45437622070312,0.0212860107421875
ns_lion_650,resnet50_tl_20250829,8,4,4,212,8.0,216.0,134.4756622314453,134.420654296875,0.0550079345703125
ns_lion_650,resnet50_tl_20250829,8,4,4,216,8.0,220.0,134.4756622314453,134.41964721679688,0.0560150146484375
ns_lion_650,resnet50_tl_20250829,8,4,8,0,12.0,4.0,134.4756622314453,134.4080352783203,0.067626953125
ns_lion_650,resnet50_tl_20250829,8,4,8,4,12.0,8.0,134.4756622314453,134.51890563964844,-0.043243408203125
ns_lion_650,resnet50_tl_20250829,8,4,8,8,12.0,12.0,134.4756622314453,134.53326416015625,-0.0576019287109375
ns_lion_650,resnet50_tl_20250829,8,4,8,12,12.0,16.0,134.4756622314453,134.45111083984375,0.0245513916015625
ns_lion_650,resnet50_tl_20250829,8,4,8,16,12.0,20.0,134.4756622314453,134.34068298339844,0.134979248046875
ns_lion_650,resnet50_tl_20250829,8,4,8,20,12.0,24.0,134.4756622314453,134.49752807617188,-0.0218658447265625
ns_lion_650,resnet50_tl_20250829,8,4,8,24,12.0,28.0,134.4756622314453,134.47532653808594,0.000335693359375
ns_lion_650,resnet50_tl_20250829,8,4,8,28,12.0,32.0,134.4756622314453,134.35598754882812,0.1196746826171875
ns_lion_650,resnet50_tl_20250829,8,4,8,32,12.0,36.0,134.4756622314453,134.29501342773438,0.1806488037109375
ns_lion_650,resnet50_tl_20250829,8,4,8,36,12.0,40.0,134.4756622314453,134.40841674804688,0.0672454833984375
ns_lion_650,resnet50_tl_20250829,8,4,8,40,12.0,44.0,134.4756622314453,134.39857482910156,0.07708740234375
ns_lion_650,resnet50_tl_20250829,8,4,8,44,12.0,48.0,134.4756622314453,134.27630615234375,0.1993560791015625
ns_lion_650,resnet50_tl_20250829,8,4,8,48,12.0,52.0,134.4756622314453,134.2372589111328,0.2384033203125
ns_lion_650,resnet50_tl_20250829,8,4,8,52,12.0,56.0,134.4756622314453,134.37388610839844,0.101776123046875
ns_lion_650,resnet50_tl_20250829,8,4,8,56,12.0,60.0,134.4756622314453,134.3845977783203,0.091064453125
ns_lion_650,resnet50_tl_20250829,8,4,8,60,12.0,64.0,134.4756622314453,134.25975036621094,0.215911865234375
ns_lion_650,resnet50_tl_20250829,8,4,8,64,12.0,68.0,134.4756622314453,134.18746948242188,0.2881927490234375
ns_lion_650,resnet50_tl_20250829,8,4,8,68,12.0,72.0,134.4756622314453,134.33628845214844,0.139373779296875
ns_lion_650,resnet50_tl_20250829,8,4,8,72,12.0,76.0,134.4756622314453,134.30442810058594,0.171234130859375
ns_lion_650,resnet50_tl_20250829,8,4,8,76,12.0,80.0,134.4756622314453,134.1695098876953,0.30615234375
ns_lion_650,resnet50_tl_20250829,8,4,8,80,12.0,84.0,134.4756622314453,134.0913848876953,0.38427734375
ns_lion_650,resnet50_tl_20250829,8,4,8,84,12.0,88.0,134.4756622314453,134.29823303222656,0.17742919921875
ns_lion_650,resnet50_tl_20250829,8,4,8,88,12.0,92.0,134.4756622314453,134.30686950683594,0.168792724609375
ns_lion_650,resnet50_tl_20250829,8,4,8,92,12.0,96.0,134.4756622314453,134.18621826171875,0.2894439697265625
ns_lion_650,resnet50_tl_20250829,8,4,8,96,12.0,100.0,134.4756622314453,134.12539672851562,0.3502655029296875
ns_lion_650,resnet50_tl_20250829,8,4,8,100,12.0,104.0,134.4756622314453,134.31869506835938,0.1569671630859375
ns_lion_650,resnet50_tl_20250829,8,4,8,104,12.0,108.0,134.4756622314453,134.29306030273438,0.1826019287109375
ns_lion_650,resnet50_tl_20250829,8,4,8,108,12.0,112.0,134.4756622314453,134.13499450683594,0.340667724609375
ns_lion_650,resnet50_tl_20250829,8,4,8,112,12.0,116.0,134.4756622314453,134.0720672607422,0.403594970703125
ns_lion_650,resnet50_tl_20250829,8,4,8,116,12.0,120.0,134.4756622314453,134.2657012939453,0.2099609375
ns_lion_650,resnet50_tl_20250829,8,4,8,120,12.0,124.0,134.4756622314453,134.31004333496094,0.165618896484375
ns_lion_650,resnet50_tl_20250829,8,4,8,124,12.0,128.0,134.4756622314453,134.19554138183594,0.280120849609375
ns_lion_650,resnet50_tl_20250829,8,4,8,128,12.0,132.0,134.4756622314453,134.16262817382812,0.3130340576171875
ns_lion_650,resnet50_tl_20250829,8,4,8,132,12.0,136.0,134.4756622314453,134.30047607421875,0.1751861572265625
ns_lion_650,resnet50_tl_20250829,8,4,8,136,12.0,140.0,134.4756622314453,134.31724548339844,0.158416748046875
ns_lion_650,resnet50_tl_20250829,8,4,8,140,12.0,144.0,134.4756622314453,134.19027709960938,0.2853851318359375
ns_lion_650,resnet50_tl_20250829,8,4,8,144,12.0,148.0,134.4756622314453,134.1670684814453,0.30859375
ns_lion_650,resnet50_tl_20250829,8,4,8,148,12.0,152.0,134.4756622314453,134.32286071777344,0.152801513671875
ns_lion_650,resnet50_tl_20250829,8,4,8,152,12.0,156.0,134.4756622314453,134.38197326660156,0.09368896484375
ns_lion_650,resnet50_tl_20250829,8,4,8,156,12.0,160.0,134.4756622314453,134.29078674316406,0.18487548828125
ns_lion_650,resnet50_tl_20250829,8,4,8,160,12.0,164.0,134.4756622314453,134.27464294433594,0.201019287109375
ns_lion_650,resnet50_tl_20250829,8,4,8,164,12.0,168.0,134.4756622314453,134.3978271484375,0.0778350830078125
ns_lion_650,resnet50_tl_20250829,8,4,8,168,12.0,172.0,134.4756622314453,134.4069366455078,0.0687255859375
ns_lion_650,resnet50_tl_20250829,8,4,8,172,12.0,176.0,134.4756622314453,134.2823486328125,0.1933135986328125
ns_lion_650,resnet50_tl_20250829,8,4,8,176,12.0,180.0,134.4756622314453,134.25299072265625,0.2226715087890625
ns_lion_650,resnet50_tl_20250829,8,4,8,180,12.0,184.0,134.4756622314453,134.3994140625,0.0762481689453125
ns_lion_650,resnet50_tl_20250829,8,4,8,184,12.0,188.0,134.4756622314453,134.45864868164062,0.0170135498046875
ns_lion_650,resnet50_tl_20250829,8,4,8,188,12.0,192.0,134.4756622314453,134.3754119873047,0.100250244140625
ns_lion_650,resnet50_tl_20250829,8,4,8,192,12.0,196.0,134.4756622314453,134.32681274414062,0.1488494873046875
ns_lion_650,resnet50_tl_20250829,8,4,8,196,12.0,200.0,134.4756622314453,134.42190551757812,0.0537567138671875
ns_lion_650,resnet50_tl_20250829,8,4,8,200,12.0,204.0,134.4756622314453,134.47938537597656,-0.00372314453125
ns_lion_650,resnet50_tl_20250829,8,4,8,204,12.0,208.0,134.4756622314453,134.42544555664062,0.0502166748046875
ns_lion_650,resnet50_tl_20250829,8,4,8,208,12.0,212.0,134.4756622314453,134.37564086914062,0.1000213623046875
ns_lion_650,resnet50_tl_20250829,8,4,8,212,12.0,216.0,134.4756622314453,134.37745666503906,0.09820556640625
ns_lion_650,resnet50_tl_20250829,8,4,8,216,12.0,220.0,134.4756622314453,134.42630004882812,0.0493621826171875
ns_lion_650,resnet50_tl_20250829,8,4,12,0,16.0,4.0,134.4756622314453,133.7537078857422,0.721954345703125
ns_lion_650,resnet50_tl_20250829,8,4,12,4,16.0,8.0,134.4756622314453,134.32489013671875,0.1507720947265625
ns_lion_650,resnet50_tl_20250829,8,4,12,8,16.0,12.0,134.4756622314453,134.4733428955078,0.0023193359375
ns_lion_650,resnet50_tl_20250829,8,4,12,12,16.0,16.0,134.4756622314453,134.17733764648438,0.2983245849609375
ns_lion_650,resnet50_tl_20250829,8,4,12,16,16.0,20.0,134.4756622314453,134.07606506347656,0.39959716796875
ns_lion_650,resnet50_tl_20250829,8,4,12,20,16.0,24.0,134.4756622314453,134.32643127441406,0.14923095703125
ns_lion_650,resnet50_tl_20250829,8,4,12,24,16.0,28.0,134.4756622314453,134.40089416503906,0.07476806640625
ns_lion_650,resnet50_tl_20250829,8,4,12,28,16.0,32.0,134.4756622314453,134.09323120117188,0.3824310302734375
ns_lion_650,resnet50_tl_20250829,8,4,12,32,16.0,36.0,134.4756622314453,134.11770629882812,0.3579559326171875
ns_lion_650,resnet50_tl_20250829,8,4,12,36,16.0,40.0,134.4756622314453,134.38241577148438,0.0932464599609375
ns_lion_650,resnet50_tl_20250829,8,4,12,40,16.0,44.0,134.4756622314453,134.4142608642578,0.0614013671875
ns_lion_650,resnet50_tl_20250829,8,4,12,44,16.0,48.0,134.4756622314453,134.1014404296875,0.3742218017578125
ns_lion_650,resnet50_tl_20250829,8,4,12,48,16.0,52.0,134.4756622314453,134.0582275390625,0.4174346923828125
ns_lion_650,resnet50_tl_20250829,8,4,12,52,16.0,56.0,134.4756622314453,134.31497192382812,0.1606903076171875
ns_lion_650,resnet50_tl_20250829,8,4,12,56,16.0,60.0,134.4756622314453,134.36444091796875,0.1112213134765625
ns_lion_650,resnet50_tl_20250829,8,4,12,60,16.0,64.0,134.4756622314453,133.98167419433594,0.493988037109375
ns_lion_650,resnet50_tl_20250829,8,4,12,64,16.0,68.0,134.4756622314453,133.9618682861328,0.5137939453125
ns_lion_650,resnet50_tl_20250829,8,4,12,68,16.0,72.0,134.4756622314453,134.29092407226562,0.1847381591796875
ns_lion_650,resnet50_tl_20250829,8,4,12,72,16.0,76.0,134.4756622314453,134.30894470214844,0.166717529296875
ns_lion_650,resnet50_tl_20250829,8,4,12,76,16.0,80.0,134.4756622314453,133.94830322265625,0.5273590087890625
ns_lion_650,resnet50_tl_20250829,8,4,12,80,16.0,84.0,134.4756622314453,133.84466552734375,0.6309967041015625
ns_lion_650,resnet50_tl_20250829,8,4,12,84,16.0,88.0,134.4756622314453,134.2268524169922,0.248809814453125
ns_lion_650,resnet50_tl_20250829,8,4,12,88,16.0,92.0,134.4756622314453,134.29859924316406,0.17706298828125
ns_lion_650,resnet50_tl_20250829,8,4,12,92,16.0,96.0,134.4756622314453,133.88885498046875,0.5868072509765625
ns_lion_650,resnet50_tl_20250829,8,4,12,96,16.0,100.0,134.4756622314453,133.8729705810547,0.602691650390625
ns_lion_650,resnet50_tl_20250829,8,4,12,100,16.0,104.0,134.4756622314453,134.25721740722656,0.21844482421875
ns_lion_650,resnet50_tl_20250829,8,4,12,104,16.0,108.0,134.4756622314453,134.29791259765625,0.1777496337890625
ns_lion_650,resnet50_tl_20250829,8,4,12,108,16.0,112.0,134.4756622314453,133.91497802734375,0.5606842041015625
ns_lion_650,resnet50_tl_20250829,8,4,12,112,16.0,116.0,134.4756622314453,133.85821533203125,0.6174468994140625
ns_lion_650,resnet50_tl_20250829,8,4,12,116,16.0,120.0,134.4756622314453,134.20826721191406,0.26739501953125
ns_lion_650,resnet50_tl_20250829,8,4,12,120,16.0,124.0,134.4756622314453,134.31362915039062,0.1620330810546875
ns_lion_650,resnet50_tl_20250829,8,4,12,124,16.0,128.0,134.4756622314453,133.937255859375,0.5384063720703125
ns_lion_650,resnet50_tl_20250829,8,4,12,128,16.0,132.0,134.4756622314453,133.95831298828125,0.5173492431640625
ns_lion_650,resnet50_tl_20250829,8,4,12,132,16.0,136.0,134.4756622314453,134.28762817382812,0.1880340576171875
ns_lion_650,resnet50_tl_20250829,8,4,12,136,16.0,140.0,134.4756622314453,134.3524932861328,0.1231689453125
ns_lion_650,resnet50_tl_20250829,8,4,12,140,16.0,144.0,134.4756622314453,133.96539306640625,0.5102691650390625
ns_lion_650,resnet50_tl_20250829,8,4,12,144,16.0,148.0,134.4756622314453,133.97154235839844,0.504119873046875
ns_lion_650,resnet50_tl_20250829,8,4,12,148,16.0,152.0,134.4756622314453,134.2782440185547,0.197418212890625
ns_lion_650,resnet50_tl_20250829,8,4,12,152,16.0,156.0,134.4756622314453,134.39892578125,0.0767364501953125
ns_lion_650,resnet50_tl_20250829,8,4,12,156,16.0,160.0,134.4756622314453,134.0115509033203,0.464111328125
ns_lion_650,resnet50_tl_20250829,8,4,12,160,16.0,164.0,134.4756622314453,134.05300903320312,0.4226531982421875
ns_lion_650,resnet50_tl_20250829,8,4,12,164,16.0,168.0,134.4756622314453,134.373291015625,0.1023712158203125
ns_lion_650,resnet50_tl_20250829,8,4,12,168,16.0,172.0,134.4756622314453,134.43801879882812,0.0376434326171875
ns_lion_650,resnet50_tl_20250829,8,4,12,172,16.0,176.0,134.4756622314453,134.0741729736328,0.4014892578125
ns_lion_650,resnet50_tl_20250829,8,4,12,176,16.0,180.0,134.4756622314453,134.06260681152344,0.413055419921875
ns_lion_650,resnet50_tl_20250829,8,4,12,180,16.0,184.0,134.4756622314453,134.36245727539062,0.1132049560546875
ns_lion_650,resnet50_tl_20250829,8,4,12,184,16.0,188.0,134.4756622314453,134.46240234375,0.0132598876953125
ns_lion_650,resnet50_tl_20250829,8,4,12,188,16.0,192.0,134.4756622314453,134.09991455078125,0.3757476806640625
ns_lion_650,resnet50_tl_20250829,8,4,12,192,16.0,196.0,134.4756622314453,134.14109802246094,0.334564208984375
ns_lion_650,resnet50_tl_20250829,8,4,12,196,16.0,200.0,134.4756622314453,134.3534393310547,0.122222900390625
ns_lion_650,resnet50_tl_20250829,8,4,12,200,16.0,204.0,134.4756622314453,134.47659301757812,-0.0009307861328125
ns_lion_650,resnet50_tl_20250829,8,4,12,204,16.0,208.0,134.4756622314453,134.31787109375,0.1577911376953125
ns_lion_650,resnet50_tl_20250829,8,4,12,208,16.0,212.0,134.4756622314453,134.2891387939453,0.1865234375
ns_lion_650,resnet50_tl_20250829,8,4,12,212,16.0,216.0,134.4756622314453,134.3511505126953,0.12451171875
ns_lion_650,resnet50_tl_20250829,8,4,12,216,16.0,220.0,134.4756622314453,134.4008331298828,0.0748291015625
ns_lion_650,resnet50_tl_20250829,8,4,16,0,20.0,4.0,134.4756622314453,133.7920684814453,0.68359375
ns_lion_650,resnet50_tl_20250829,8,4,16,4,20.0,8.0,134.4756622314453,134.11404418945312,0.3616180419921875
ns_lion_650,resnet50_tl_20250829,8,4,16,8,20.0,12.0,134.4756622314453,134.4449005126953,0.03076171875
ns_lion_650,resnet50_tl_20250829,8,4,16,12,20.0,16.0,134.4756622314453,134.09738159179688,0.3782806396484375
ns_lion_650,resnet50_tl_20250829,8,4,16,16,20.0,20.0,134.4756622314453,134.09214782714844,0.383514404296875
ns_lion_650,resnet50_tl_20250829,8,4,16,20,20.0,24.0,134.4756622314453,134.17662048339844,0.299041748046875
ns_lion_650,resnet50_tl_20250829,8,4,16,24,20.0,28.0,134.4756622314453,134.34866333007812,0.1269989013671875
ns_lion_650,resnet50_tl_20250829,8,4,16,28,20.0,32.0,134.4756622314453,134.04632568359375,0.4293365478515625
ns_lion_650,resnet50_tl_20250829,8,4,16,32,20.0,36.0,134.4756622314453,134.1312255859375,0.3444366455078125
ns_lion_650,resnet50_tl_20250829,8,4,16,36,20.0,40.0,134.4756622314453,134.3018035888672,0.173858642578125
ns_lion_650,resnet50_tl_20250829,8,4,16,40,20.0,44.0,134.4756622314453,134.4139862060547,0.061676025390625
ns_lion_650,resnet50_tl_20250829,8,4,16,44,20.0,48.0,134.4756622314453,134.0735321044922,0.402130126953125
ns_lion_650,resnet50_tl_20250829,8,4,16,48,20.0,52.0,134.4756622314453,134.10076904296875,0.3748931884765625
ns_lion_650,resnet50_tl_20250829,8,4,16,52,20.0,56.0,134.4756622314453,134.22230529785156,0.25335693359375
ns_lion_650,resnet50_tl_20250829,8,4,16,56,20.0,60.0,134.4756622314453,134.3647003173828,0.1109619140625
ns_lion_650,resnet50_tl_20250829,8,4,16,60,20.0,64.0,134.4756622314453,133.99098205566406,0.48468017578125
ns_lion_650,resnet50_tl_20250829,8,4,16,64,20.0,68.0,134.4756622314453,134.04319763183594,0.432464599609375
ns_lion_650,resnet50_tl_20250829,8,4,16,68,20.0,72.0,134.4756622314453,134.19281005859375,0.2828521728515625
ns_lion_650,resnet50_tl_20250829,8,4,16,72,20.0,76.0,134.4756622314453,134.30503845214844,0.170623779296875
ns_lion_650,resnet50_tl_20250829,8,4,16,76,20.0,80.0,134.4756622314453,133.9007568359375,0.5749053955078125
ns_lion_650,resnet50_tl_20250829,8,4,16,80,20.0,84.0,134.4756622314453,133.92666625976562,0.5489959716796875
ns_lion_650,resnet50_tl_20250829,8,4,16,84,20.0,88.0,134.4756622314453,134.09738159179688,0.3782806396484375
ns_lion_650,resnet50_tl_20250829,8,4,16,88,20.0,92.0,134.4756622314453,134.27389526367188,0.2017669677734375
ns_lion_650,resnet50_tl_20250829,8,4,16,92,20.0,96.0,134.4756622314453,133.8828582763672,0.592803955078125
ns_lion_650,resnet50_tl_20250829,8,4,16,96,20.0,100.0,134.4756622314453,133.9202423095703,0.555419921875
ns_lion_650,resnet50_tl_20250829,8,4,16,100,20.0,104.0,134.4756622314453,134.12669372558594,0.348968505859375
ns_lion_650,resnet50_tl_20250829,8,4,16,104,20.0,108.0,134.4756622314453,134.265625,0.2100372314453125
ns_lion_650,resnet50_tl_20250829,8,4,16,108,20.0,112.0,134.4756622314453,133.87811279296875,0.5975494384765625
ns_lion_650,resnet50_tl_20250829,8,4,16,112,20.0,116.0,134.4756622314453,133.9170379638672,0.558624267578125
ns_lion_650,resnet50_tl_20250829,8,4,16,116,20.0,120.0,134.4756622314453,134.08892822265625,0.3867340087890625
ns_lion_650,resnet50_tl_20250829,8,4,16,120,20.0,124.0,134.4756622314453,134.28390502929688,0.1917572021484375
ns_lion_650,resnet50_tl_20250829,8,4,16,124,20.0,128.0,134.4756622314453,133.95492553710938,0.5207366943359375
ns_lion_650,resnet50_tl_20250829,8,4,16,128,20.0,132.0,134.4756622314453,134.01272583007812,0.4629364013671875
ns_lion_650,resnet50_tl_20250829,8,4,16,132,20.0,136.0,134.4756622314453,134.1790313720703,0.296630859375
ns_lion_650,resnet50_tl_20250829,8,4,16,136,20.0,140.0,134.4756622314453,134.32247924804688,0.1531829833984375
ns_lion_650,resnet50_tl_20250829,8,4,16,140,20.0,144.0,134.4756622314453,133.98345947265625,0.4922027587890625
ns_lion_650,resnet50_tl_20250829,8,4,16,144,20.0,148.0,134.4756622314453,134.03341674804688,0.4422454833984375
ns_lion_650,resnet50_tl_20250829,8,4,16,148,20.0,152.0,134.4756622314453,134.16903686523438,0.3066253662109375
ns_lion_650,resnet50_tl_20250829,8,4,16,152,20.0,156.0,134.4756622314453,134.36080932617188,0.1148529052734375
ns_lion_650,resnet50_tl_20250829,8,4,16,156,20.0,160.0,134.4756622314453,134.03968811035156,0.43597412109375
ns_lion_650,resnet50_tl_20250829,8,4,16,160,20.0,164.0,134.4756622314453,134.09580993652344,0.379852294921875
ns_lion_650,resnet50_tl_20250829,8,4,16,164,20.0,168.0,134.4756622314453,134.25706481933594,0.218597412109375
ns_lion_650,resnet50_tl_20250829,8,4,16,168,20.0,172.0,134.4756622314453,134.39111328125,0.0845489501953125
ns_lion_650,resnet50_tl_20250829,8,4,16,172,20.0,176.0,134.4756622314453,134.07435607910156,0.40130615234375
ns_lion_650,resnet50_tl_20250829,8,4,16,176,20.0,180.0,134.4756622314453,134.1028289794922,0.372833251953125
ns_lion_650,resnet50_tl_20250829,8,4,16,180,20.0,184.0,134.4756622314453,134.24676513671875,0.2288970947265625
ns_lion_650,resnet50_tl_20250829,8,4,16,184,20.0,188.0,134.4756622314453,134.4153594970703,0.060302734375
ns_lion_650,resnet50_tl_20250829,8,4,16,188,20.0,192.0,134.4756622314453,134.14248657226562,0.3331756591796875
ns_lion_650,resnet50_tl_20250829,8,4,16,192,20.0,196.0,134.4756622314453,134.17604064941406,0.29962158203125
ns_lion_650,resnet50_tl_20250829,8,4,16,196,20.0,200.0,134.4756622314453,134.28619384765625,0.1894683837890625
ns_lion_650,resnet50_tl_20250829,8,4,16,200,20.0,204.0,134.4756622314453,134.42457580566406,0.05108642578125
ns_lion_650,resnet50_tl_20250829,8,4,16,204,20.0,208.0,134.4756622314453,134.30307006835938,0.1725921630859375
ns_lion_650,resnet50_tl_20250829,8,4,16,208,20.0,212.0,134.4756622314453,134.3107452392578,0.1649169921875
ns_lion_650,resnet50_tl_20250829,8,4,16,212,20.0,216.0,134.4756622314453,134.32334899902344,0.152313232421875
ns_lion_650,resnet50_tl_20250829,8,4,16,216,20.0,220.0,134.4756622314453,134.37852478027344,0.097137451171875
ns_lion_650,resnet50_tl_20250829,8,4,20,0,24.0,4.0,134.4756622314453,134.27337646484375,0.2022857666015625
ns_lion_650,resnet50_tl_20250829,8,4,20,4,24.0,8.0,134.4756622314453,134.33236694335938,0.1432952880859375
ns_lion_650,resnet50_tl_20250829,8,4,20,8,24.0,12.0,134.4756622314453,134.5252685546875,-0.0496063232421875
ns_lion_650,resnet50_tl_20250829,8,4,20,12,24.0,16.0,134.4756622314453,134.40921020507812,0.0664520263671875
ns_lion_650,resnet50_tl_20250829,8,4,20,16,24.0,20.0,134.4756622314453,134.41346740722656,0.06219482421875
ns_lion_650,resnet50_tl_20250829,8,4,20,20,24.0,24.0,134.4756622314453,134.40655517578125,0.0691070556640625
ns_lion_650,resnet50_tl_20250829,8,4,20,24,24.0,28.0,134.4756622314453,134.4187469482422,0.056915283203125
ns_lion_650,resnet50_tl_20250829,8,4,20,28,24.0,32.0,134.4756622314453,134.406005859375,0.0696563720703125
ns_lion_650,resnet50_tl_20250829,8,4,20,32,24.0,36.0,134.4756622314453,134.509521484375,-0.0338592529296875
ns_lion_650,resnet50_tl_20250829,8,4,20,36,24.0,40.0,134.4756622314453,134.57411193847656,-0.09844970703125
ns_lion_650,resnet50_tl_20250829,8,4,20,40,24.0,44.0,134.4756622314453,134.4461669921875,0.0294952392578125
ns_lion_650,resnet50_tl_20250829,8,4,20,44,24.0,48.0,134.4756622314453,134.4702911376953,0.00537109375
ns_lion_650,resnet50_tl_20250829,8,4,20,48,24.0,52.0,134.4756622314453,134.5355682373047,-0.059906005859375
ns_lion_650,resnet50_tl_20250829,8,4,20,52,24.0,56.0,134.4756622314453,134.4927520751953,-0.01708984375
ns_lion_650,resnet50_tl_20250829,8,4,20,56,24.0,60.0,134.4756622314453,134.4460906982422,0.029571533203125
ns_lion_650,resnet50_tl_20250829,8,4,20,60,24.0,64.0,134.4756622314453,134.45199584960938,0.0236663818359375
ns_lion_650,resnet50_tl_20250829,8,4,20,64,24.0,68.0,134.4756622314453,134.44288635253906,0.03277587890625
ns_lion_650,resnet50_tl_20250829,8,4,20,68,24.0,72.0,134.4756622314453,134.4411163330078,0.0345458984375
ns_lion_650,resnet50_tl_20250829,8,4,20,72,24.0,76.0,134.4756622314453,134.34161376953125,0.1340484619140625
ns_lion_650,resnet50_tl_20250829,8,4,20,76,24.0,80.0,134.4756622314453,134.31350708007812,0.1621551513671875
ns_lion_650,resnet50_tl_20250829,8,4,20,80,24.0,84.0,134.4756622314453,134.2773895263672,0.198272705078125
ns_lion_650,resnet50_tl_20250829,8,4,20,84,24.0,88.0,134.4756622314453,134.30845642089844,0.167205810546875
ns_lion_650,resnet50_tl_20250829,8,4,20,88,24.0,92.0,134.4756622314453,134.2980194091797,0.177642822265625
ns_lion_650,resnet50_tl_20250829,8,4,20,92,24.0,96.0,134.4756622314453,134.2852020263672,0.190460205078125
ns_lion_650,resnet50_tl_20250829,8,4,20,96,24.0,100.0,134.4756622314453,134.2855987548828,0.1900634765625
ns_lion_650,resnet50_tl_20250829,8,4,20,100,24.0,104.0,134.4756622314453,134.29881286621094,0.176849365234375
ns_lion_650,resnet50_tl_20250829,8,4,20,104,24.0,108.0,134.4756622314453,134.24493408203125,0.2307281494140625
ns_lion_650,resnet50_tl_20250829,8,4,20,108,24.0,112.0,134.4756622314453,134.2423095703125,0.2333526611328125
ns_lion_650,resnet50_tl_20250829,8,4,20,112,24.0,116.0,134.4756622314453,134.2626953125,0.2129669189453125
ns_lion_650,resnet50_tl_20250829,8,4,20,116,24.0,120.0,134.4756622314453,134.2714080810547,0.204254150390625
ns_lion_650,resnet50_tl_20250829,8,4,20,120,24.0,124.0,134.4756622314453,134.2869110107422,0.188751220703125
ns_lion_650,resnet50_tl_20250829,8,4,20,124,24.0,128.0,134.4756622314453,134.29139709472656,0.18426513671875
ns_lion_650,resnet50_tl_20250829,8,4,20,128,24.0,132.0,134.4756622314453,134.3411865234375,0.1344757080078125
ns_lion_650,resnet50_tl_20250829,8,4,20,132,24.0,136.0,134.4756622314453,134.32337951660156,0.15228271484375
ns_lion_650,resnet50_tl_20250829,8,4,20,136,24.0,140.0,134.4756622314453,134.30130004882812,0.1743621826171875
ns_lion_650,resnet50_tl_20250829,8,4,20,140,24.0,144.0,134.4756622314453,134.29966735839844,0.175994873046875
ns_lion_650,resnet50_tl_20250829,8,4,20,144,24.0,148.0,134.4756622314453,134.35487365722656,0.12078857421875
ns_lion_650,resnet50_tl_20250829,8,4,20,148,24.0,152.0,134.4756622314453,134.32862854003906,0.14703369140625
ns_lion_650,resnet50_tl_20250829,8,4,20,152,24.0,156.0,134.4756622314453,134.3750457763672,0.100616455078125
ns_lion_650,resnet50_tl_20250829,8,4,20,156,24.0,160.0,134.4756622314453,134.36837768554688,0.1072845458984375
ns_lion_650,resnet50_tl_20250829,8,4,20,160,24.0,164.0,134.4756622314453,134.4351806640625,0.0404815673828125
ns_lion_650,resnet50_tl_20250829,8,4,20,164,24.0,168.0,134.4756622314453,134.40957641601562,0.0660858154296875
ns_lion_650,resnet50_tl_20250829,8,4,20,168,24.0,172.0,134.4756622314453,134.41213989257812,0.0635223388671875
ns_lion_650,resnet50_tl_20250829,8,4,20,172,24.0,176.0,134.4756622314453,134.4070281982422,0.068634033203125
ns_lion_650,resnet50_tl_20250829,8,4,20,176,24.0,180.0,134.4756622314453,134.44863891601562,0.0270233154296875
ns_lion_650,resnet50_tl_20250829,8,4,20,180,24.0,184.0,134.4756622314453,134.41754150390625,0.0581207275390625
ns_lion_650,resnet50_tl_20250829,8,4,20,184,24.0,188.0,134.4756622314453,134.43931579589844,0.036346435546875
ns_lion_650,resnet50_tl_20250829,8,4,20,188,24.0,192.0,134.4756622314453,134.42112731933594,0.054534912109375
ns_lion_650,resnet50_tl_20250829,8,4,20,192,24.0,196.0,134.4756622314453,134.4940948486328,-0.0184326171875
ns_lion_650,resnet50_tl_20250829,8,4,20,196,24.0,200.0,134.4756622314453,134.43450927734375,0.0411529541015625
ns_lion_650,resnet50_tl_20250829,8,4,20,200,24.0,204.0,134.4756622314453,134.43531799316406,0.04034423828125
ns_lion_650,resnet50_tl_20250829,8,4,20,204,24.0,208.0,134.4756622314453,134.47068786621094,0.004974365234375
ns_lion_650,resnet50_tl_20250829,8,4,20,208,24.0,212.0,134.4756622314453,134.51499938964844,-0.039337158203125
ns_lion_650,resnet50_tl_20250829,8,4,20,212,24.0,216.0,134.4756622314453,134.4258270263672,0.049835205078125
ns_lion_650,resnet50_tl_20250829,8,4,20,216,24.0,220.0,134.4756622314453,134.37086486816406,0.10479736328125
ns_lion_650,resnet50_tl_20250829,8,4,24,0,28.0,4.0,134.4756622314453,134.09010314941406,0.38555908203125
ns_lion_650,resnet50_tl_20250829,8,4,24,4,28.0,8.0,134.4756622314453,134.22105407714844,0.254608154296875
ns_lion_650,resnet50_tl_20250829,8,4,24,8,28.0,12.0,134.4756622314453,134.49307250976562,-0.0174102783203125
ns_lion_650,resnet50_tl_20250829,8,4,24,12,28.0,16.0,134.4756622314453,134.1865234375,0.2891387939453125
ns_lion_650,resnet50_tl_20250829,8,4,24,16,28.0,20.0,134.4756622314453,134.22569274902344,0.249969482421875
ns_lion_650,resnet50_tl_20250829,8,4,24,20,28.0,24.0,134.4756622314453,134.22097778320312,0.2546844482421875
ns_lion_650,resnet50_tl_20250829,8,4,24,24,28.0,28.0,134.4756622314453,134.307861328125,0.1678009033203125
ns_lion_650,resnet50_tl_20250829,8,4,24,28,28.0,32.0,134.4756622314453,134.2161865234375,0.2594757080078125
ns_lion_650,resnet50_tl_20250829,8,4,24,32,28.0,36.0,134.4756622314453,134.35067749023438,0.1249847412109375
ns_lion_650,resnet50_tl_20250829,8,4,24,36,28.0,40.0,134.4756622314453,134.45016479492188,0.0254974365234375
ns_lion_650,resnet50_tl_20250829,8,4,24,40,28.0,44.0,134.4756622314453,134.32476806640625,0.1508941650390625
ns_lion_650,resnet50_tl_20250829,8,4,24,44,28.0,48.0,134.4756622314453,134.20849609375,0.2671661376953125
ns_lion_650,resnet50_tl_20250829,8,4,24,48,28.0,52.0,134.4756622314453,134.3556365966797,0.120025634765625
ns_lion_650,resnet50_tl_20250829,8,4,24,52,28.0,56.0,134.4756622314453,134.40591430664062,0.0697479248046875
ns_lion_650,resnet50_tl_20250829,8,4,24,56,28.0,60.0,134.4756622314453,134.4318084716797,0.043853759765625
ns_lion_650,resnet50_tl_20250829,8,4,24,60,28.0,64.0,134.4756622314453,134.21575927734375,0.2599029541015625
ns_lion_650,resnet50_tl_20250829,8,4,24,64,28.0,68.0,134.4756622314453,134.2526092529297,0.223052978515625
ns_lion_650,resnet50_tl_20250829,8,4,24,68,28.0,72.0,134.4756622314453,134.2556915283203,0.219970703125
ns_lion_650,resnet50_tl_20250829,8,4,24,72,28.0,76.0,134.4756622314453,134.27053833007812,0.2051239013671875
ns_lion_650,resnet50_tl_20250829,8,4,24,76,28.0,80.0,134.4756622314453,134.03585815429688,0.4398040771484375
ns_lion_650,resnet50_tl_20250829,8,4,24,80,28.0,84.0,134.4756622314453,134.0467529296875,0.4289093017578125
ns_lion_650,resnet50_tl_20250829,8,4,24,84,28.0,88.0,134.4756622314453,134.09434509277344,0.381317138671875
ns_lion_650,resnet50_tl_20250829,8,4,24,88,28.0,92.0,134.4756622314453,134.21011352539062,0.2655487060546875
ns_lion_650,resnet50_tl_20250829,8,4,24,92,28.0,96.0,134.4756622314453,133.97622680664062,0.4994354248046875
ns_lion_650,resnet50_tl_20250829,8,4,24,96,28.0,100.0,134.4756622314453,134.01913452148438,0.4565277099609375
ns_lion_650,resnet50_tl_20250829,8,4,24,100,28.0,104.0,134.4756622314453,134.09523010253906,0.38043212890625
ns_lion_650,resnet50_tl_20250829,8,4,24,104,28.0,108.0,134.4756622314453,134.18673706054688,0.2889251708984375
ns_lion_650,resnet50_tl_20250829,8,4,24,108,28.0,112.0,134.4756622314453,134.00155639648438,0.4741058349609375
ns_lion_650,resnet50_tl_20250829,8,4,24,112,28.0,116.0,134.4756622314453,134.0584716796875,0.4171905517578125
ns_lion_650,resnet50_tl_20250829,8,4,24,116,28.0,120.0,134.4756622314453,134.1103515625,0.3653106689453125
ns_lion_650,resnet50_tl_20250829,8,4,24,120,28.0,124.0,134.4756622314453,134.22732543945312,0.2483367919921875
ns_lion_650,resnet50_tl_20250829,8,4,24,124,28.0,128.0,134.4756622314453,134.06283569335938,0.4128265380859375
ns_lion_650,resnet50_tl_20250829,8,4,24,128,28.0,132.0,134.4756622314453,134.14324951171875,0.3324127197265625
ns_lion_650,resnet50_tl_20250829,8,4,24,132,28.0,136.0,134.4756622314453,134.16358947753906,0.31207275390625
ns_lion_650,resnet50_tl_20250829,8,4,24,136,28.0,140.0,134.4756622314453,134.26454162597656,0.21112060546875
ns_lion_650,resnet50_tl_20250829,8,4,24,140,28.0,144.0,134.4756622314453,134.1317596435547,0.343902587890625
ns_lion_650,resnet50_tl_20250829,8,4,24,144,28.0,148.0,134.4756622314453,134.2112274169922,0.264434814453125
ns_lion_650,resnet50_tl_20250829,8,4,24,148,28.0,152.0,134.4756622314453,134.21359252929688,0.2620697021484375
ns_lion_650,resnet50_tl_20250829,8,4,24,152,28.0,156.0,134.4756622314453,134.316650390625,0.1590118408203125
ns_lion_650,resnet50_tl_20250829,8,4,24,156,28.0,160.0,134.4756622314453,134.15980529785156,0.31585693359375
ns_lion_650,resnet50_tl_20250829,8,4,24,160,28.0,164.0,134.4756622314453,134.23289489746094,0.242767333984375
ns_lion_650,resnet50_tl_20250829,8,4,24,164,28.0,168.0,134.4756622314453,134.2642059326172,0.211456298828125
ns_lion_650,resnet50_tl_20250829,8,4,24,168,28.0,172.0,134.4756622314453,134.35794067382812,0.1177215576171875
ns_lion_650,resnet50_tl_20250829,8,4,24,172,28.0,176.0,134.4756622314453,134.2332000732422,0.242462158203125
ns_lion_650,resnet50_tl_20250829,8,4,24,176,28.0,180.0,134.4756622314453,134.28993225097656,0.18572998046875
ns_lion_650,resnet50_tl_20250829,8,4,24,180,28.0,184.0,134.4756622314453,134.30471801757812,0.1709442138671875
ns_lion_650,resnet50_tl_20250829,8,4,24,184,28.0,188.0,134.4756622314453,134.39935302734375,0.0763092041015625
ns_lion_650,resnet50_tl_20250829,8,4,24,188,28.0,192.0,134.4756622314453,134.27685546875,0.1988067626953125
ns_lion_650,resnet50_tl_20250829,8,4,24,192,28.0,196.0,134.4756622314453,134.34542846679688,0.1302337646484375
ns_lion_650,resnet50_tl_20250829,8,4,24,196,28.0,200.0,134.4756622314453,134.33792114257812,0.1377410888671875
ns_lion_650,resnet50_tl_20250829,8,4,24,200,28.0,204.0,134.4756622314453,134.4199981689453,0.0556640625
ns_lion_650,resnet50_tl_20250829,8,4,24,204,28.0,208.0,134.4756622314453,134.41693115234375,0.0587310791015625
ns_lion_650,resnet50_tl_20250829,8,4,24,208,28.0,212.0,134.4756622314453,134.44956970214844,0.026092529296875
ns_lion_650,resnet50_tl_20250829,8,4,24,212,28.0,216.0,134.4756622314453,134.37692260742188,0.0987396240234375
ns_lion_650,resnet50_tl_20250829,8,4,24,216,28.0,220.0,134.4756622314453,134.3844451904297,0.091217041015625
ns_lion_650,resnet50_tl_20250829,8,4,28,0,32.0,4.0,134.4756622314453,133.5326385498047,0.943023681640625
ns_lion_650,resnet50_tl_20250829,8,4,28,4,32.0,8.0,134.4756622314453,134.2190399169922,0.256622314453125
ns_lion_650,resnet50_tl_20250829,8,4,28,8,32.0,12.0,134.4756622314453,134.50411987304688,-0.0284576416015625
ns_lion_650,resnet50_tl_20250829,8,4,28,12,32.0,16.0,134.4756622314453,133.89816284179688,0.5774993896484375
ns_lion_650,resnet50_tl_20250829,8,4,28,16,32.0,20.0,134.4756622314453,133.89117431640625,0.5844879150390625
ns_lion_650,resnet50_tl_20250829,8,4,28,20,32.0,24.0,134.4756622314453,134.22962951660156,0.24603271484375
ns_lion_650,resnet50_tl_20250829,8,4,28,24,32.0,28.0,134.4756622314453,134.4163360595703,0.059326171875
ns_lion_650,resnet50_tl_20250829,8,4,28,28,32.0,32.0,134.4756622314453,134.03514099121094,0.440521240234375
ns_lion_650,resnet50_tl_20250829,8,4,28,32,32.0,36.0,134.4756622314453,134.02163696289062,0.4540252685546875
ns_lion_650,resnet50_tl_20250829,8,4,28,36,32.0,40.0,134.4756622314453,134.46060180664062,0.0150604248046875
ns_lion_650,resnet50_tl_20250829,8,4,28,40,32.0,44.0,134.4756622314453,134.44744873046875,0.0282135009765625
ns_lion_650,resnet50_tl_20250829,8,4,28,44,32.0,48.0,134.4756622314453,134.22105407714844,0.254608154296875
ns_lion_650,resnet50_tl_20250829,8,4,28,48,32.0,52.0,134.4756622314453,134.22048950195312,0.2551727294921875
ns_lion_650,resnet50_tl_20250829,8,4,28,52,32.0,56.0,134.4756622314453,134.5565185546875,-0.0808563232421875
ns_lion_650,resnet50_tl_20250829,8,4,28,56,32.0,60.0,134.4756622314453,134.53358459472656,-0.05792236328125
ns_lion_650,resnet50_tl_20250829,8,4,28,60,32.0,64.0,134.4756622314453,133.9463653564453,0.529296875
ns_lion_650,resnet50_tl_20250829,8,4,28,64,32.0,68.0,134.4756622314453,133.9198455810547,0.555816650390625
ns_lion_650,resnet50_tl_20250829,8,4,28,68,32.0,72.0,134.4756622314453,134.4012908935547,0.074371337890625
ns_lion_650,resnet50_tl_20250829,8,4,28,72,32.0,76.0,134.4756622314453,134.38275146484375,0.0929107666015625
ns_lion_650,resnet50_tl_20250829,8,4,28,76,32.0,80.0,134.4756622314453,133.92446899414062,0.5511932373046875
ns_lion_650,resnet50_tl_20250829,8,4,28,80,32.0,84.0,134.4756622314453,133.8235321044922,0.652130126953125
ns_lion_650,resnet50_tl_20250829,8,4,28,84,32.0,88.0,134.4756622314453,134.2104949951172,0.265167236328125
ns_lion_650,resnet50_tl_20250829,8,4,28,88,32.0,92.0,134.4756622314453,134.30088806152344,0.174774169921875
ns_lion_650,resnet50_tl_20250829,8,4,28,92,32.0,96.0,134.4756622314453,133.70529174804688,0.7703704833984375
ns_lion_650,resnet50_tl_20250829,8,4,28,96,32.0,100.0,134.4756622314453,133.68997192382812,0.7856903076171875
ns_lion_650,resnet50_tl_20250829,8,4,28,100,32.0,104.0,134.4756622314453,134.15914916992188,0.3165130615234375
ns_lion_650,resnet50_tl_20250829,8,4,28,104,32.0,108.0,134.4756622314453,134.26519775390625,0.2104644775390625
ns_lion_650,resnet50_tl_20250829,8,4,28,108,32.0,112.0,134.4756622314453,133.91552734375,0.5601348876953125
ns_lion_650,resnet50_tl_20250829,8,4,28,112,32.0,116.0,134.4756622314453,133.88880920410156,0.58685302734375
ns_lion_650,resnet50_tl_20250829,8,4,28,116,32.0,120.0,134.4756622314453,134.24163818359375,0.2340240478515625
ns_lion_650,resnet50_tl_20250829,8,4,28,120,32.0,124.0,134.4756622314453,134.3214569091797,0.154205322265625
ns_lion_650,resnet50_tl_20250829,8,4,28,124,32.0,128.0,134.4756622314453,133.8860321044922,0.589630126953125
ns_lion_650,resnet50_tl_20250829,8,4,28,128,32.0,132.0,134.4756622314453,133.9178466796875,0.5578155517578125
ns_lion_650,resnet50_tl_20250829,8,4,28,132,32.0,136.0,134.4756622314453,134.2337188720703,0.241943359375
ns_lion_650,resnet50_tl_20250829,8,4,28,136,32.0,140.0,134.4756622314453,134.33506774902344,0.140594482421875
ns_lion_650,resnet50_tl_20250829,8,4,28,140,32.0,144.0,134.4756622314453,134.07247924804688,0.4031829833984375
ns_lion_650,resnet50_tl_20250829,8,4,28,144,32.0,148.0,134.4756622314453,134.08428955078125,0.3913726806640625
ns_lion_650,resnet50_tl_20250829,8,4,28,148,32.0,152.0,134.4756622314453,134.32357788085938,0.1520843505859375
ns_lion_650,resnet50_tl_20250829,8,4,28,152,32.0,156.0,134.4756622314453,134.39523315429688,0.0804290771484375
ns_lion_650,resnet50_tl_20250829,8,4,28,156,32.0,160.0,134.4756622314453,133.9813232421875,0.4943389892578125
ns_lion_650,resnet50_tl_20250829,8,4,28,160,32.0,164.0,134.4756622314453,134.00537109375,0.4702911376953125
ns_lion_650,resnet50_tl_20250829,8,4,28,164,32.0,168.0,134.4756622314453,134.32847595214844,0.147186279296875
ns_lion_650,resnet50_tl_20250829,8,4,28,168,32.0,172.0,134.4756622314453,134.4105682373047,0.065093994140625
ns_lion_650,resnet50_tl_20250829,8,4,28,172,32.0,176.0,134.4756622314453,134.13290405273438,0.3427581787109375
ns_lion_650,resnet50_tl_20250829,8,4,28,176,32.0,180.0,134.4756622314453,134.12246704101562,0.3531951904296875
ns_lion_650,resnet50_tl_20250829,8,4,28,180,32.0,184.0,134.4756622314453,134.3869171142578,0.0887451171875
ns_lion_650,resnet50_tl_20250829,8,4,28,184,32.0,188.0,134.4756622314453,134.4744110107422,0.001251220703125
ns_lion_650,resnet50_tl_20250829,8,4,28,188,32.0,192.0,134.4756622314453,134.14100646972656,0.33465576171875
ns_lion_650,resnet50_tl_20250829,8,4,28,192,32.0,196.0,134.4756622314453,134.18182373046875,0.2938385009765625
ns_lion_650,resnet50_tl_20250829,8,4,28,196,32.0,200.0,134.4756622314453,134.34701538085938,0.1286468505859375
ns_lion_650,resnet50_tl_20250829,8,4,28,200,32.0,204.0,134.4756622314453,134.48094177246094,-0.005279541015625
ns_lion_650,resnet50_tl_20250829,8,4,28,204,32.0,208.0,134.4756622314453,134.35545349121094,0.120208740234375
ns_lion_650,resnet50_tl_20250829,8,4,28,208,32.0,212.0,134.4756622314453,134.34701538085938,0.1286468505859375
ns_lion_650,resnet50_tl_20250829,8,4,28,212,32.0,216.0,134.4756622314453,134.38241577148438,0.0932464599609375
ns_lion_650,resnet50_tl_20250829,8,4,28,216,32.0,220.0,134.4756622314453,134.40560913085938,0.0700531005859375
ns_lion_650,resnet50_tl_20250829,8,4,32,0,36.0,4.0,134.4756622314453,133.8017120361328,0.6739501953125
ns_lion_650,resnet50_tl_20250829,8,4,32,4,36.0,8.0,134.4756622314453,134.2115936279297,0.264068603515625
ns_lion_650,resnet50_tl_20250829,8,4,32,8,36.0,12.0,134.4756622314453,134.5525360107422,-0.076873779296875
ns_lion_650,resnet50_tl_20250829,8,4,32,12,36.0,16.0,134.4756622314453,133.97848510742188,0.4971771240234375
ns_lion_650,resnet50_tl_20250829,8,4,32,16,36.0,20.0,134.4756622314453,133.84683227539062,0.6288299560546875
ns_lion_650,resnet50_tl_20250829,8,4,32,20,36.0,24.0,134.4756622314453,134.11721801757812,0.3584442138671875
ns_lion_650,resnet50_tl_20250829,8,4,32,24,36.0,28.0,134.4756622314453,134.22726440429688,0.2483978271484375
ns_lion_650,resnet50_tl_20250829,8,4,32,28,36.0,32.0,134.4756622314453,134.0424346923828,0.4332275390625
ns_lion_650,resnet50_tl_20250829,8,4,32,32,36.0,36.0,134.4756622314453,133.82269287109375,0.6529693603515625
ns_lion_650,resnet50_tl_20250829,8,4,32,36,36.0,40.0,134.4756622314453,134.1136016845703,0.362060546875
ns_lion_650,resnet50_tl_20250829,8,4,32,40,36.0,44.0,134.4756622314453,134.3099365234375,0.1657257080078125
ns_lion_650,resnet50_tl_20250829,8,4,32,44,36.0,48.0,134.4756622314453,134.16839599609375,0.3072662353515625
ns_lion_650,resnet50_tl_20250829,8,4,32,48,36.0,52.0,134.4756622314453,134.09579467773438,0.3798675537109375
ns_lion_650,resnet50_tl_20250829,8,4,32,52,36.0,56.0,134.4756622314453,134.38011169433594,0.095550537109375
ns_lion_650,resnet50_tl_20250829,8,4,32,56,36.0,60.0,134.4756622314453,134.47789001464844,-0.002227783203125
ns_lion_650,resnet50_tl_20250829,8,4,32,60,36.0,64.0,134.4756622314453,133.9941864013672,0.481475830078125
ns_lion_650,resnet50_tl_20250829,8,4,32,64,36.0,68.0,134.4756622314453,133.9933319091797,0.482330322265625
ns_lion_650,resnet50_tl_20250829,8,4,32,68,36.0,72.0,134.4756622314453,134.31849670410156,0.15716552734375
ns_lion_650,resnet50_tl_20250829,8,4,32,72,36.0,76.0,134.4756622314453,134.37533569335938,0.1003265380859375
ns_lion_650,resnet50_tl_20250829,8,4,32,76,36.0,80.0,134.4756622314453,133.91696166992188,0.5587005615234375
ns_lion_650,resnet50_tl_20250829,8,4,32,80,36.0,84.0,134.4756622314453,133.86021423339844,0.615447998046875
ns_lion_650,resnet50_tl_20250829,8,4,32,84,36.0,88.0,134.4756622314453,134.04452514648438,0.4311370849609375
ns_lion_650,resnet50_tl_20250829,8,4,32,88,36.0,92.0,134.4756622314453,134.2270050048828,0.2486572265625
ns_lion_650,resnet50_tl_20250829,8,4,32,92,36.0,96.0,134.4756622314453,133.70718383789062,0.7684783935546875
ns_lion_650,resnet50_tl_20250829,8,4,32,96,36.0,100.0,134.4756622314453,133.75326538085938,0.7223968505859375
ns_lion_650,resnet50_tl_20250829,8,4,32,100,36.0,104.0,134.4756622314453,134.0388946533203,0.436767578125
ns_lion_650,resnet50_tl_20250829,8,4,32,104,36.0,108.0,134.4756622314453,134.19180297851562,0.2838592529296875
ns_lion_650,resnet50_tl_20250829,8,4,32,108,36.0,112.0,134.4756622314453,133.83375549316406,0.64190673828125
ns_lion_650,resnet50_tl_20250829,8,4,32,112,36.0,116.0,134.4756622314453,133.8953094482422,0.580352783203125
ns_lion_650,resnet50_tl_20250829,8,4,32,116,36.0,120.0,134.4756622314453,134.09559631347656,0.38006591796875
ns_lion_650,resnet50_tl_20250829,8,4,32,120,36.0,124.0,134.4756622314453,134.25277709960938,0.2228851318359375
ns_lion_650,resnet50_tl_20250829,8,4,32,124,36.0,128.0,134.4756622314453,133.8826141357422,0.593048095703125
ns_lion_650,resnet50_tl_20250829,8,4,32,128,36.0,132.0,134.4756622314453,133.96200561523438,0.5136566162109375
ns_lion_650,resnet50_tl_20250829,8,4,32,132,36.0,136.0,134.4756622314453,134.1573028564453,0.318359375
ns_lion_650,resnet50_tl_20250829,8,4,32,136,36.0,140.0,134.4756622314453,134.2822265625,0.1934356689453125
ns_lion_650,resnet50_tl_20250829,8,4,32,140,36.0,144.0,134.4756622314453,134.02587890625,0.4497833251953125
ns_lion_650,resnet50_tl_20250829,8,4,32,144,36.0,148.0,134.4756622314453,134.08741760253906,0.38824462890625
ns_lion_650,resnet50_tl_20250829,8,4,32,148,36.0,152.0,134.4756622314453,134.21868896484375,0.2569732666015625
ns_lion_650,resnet50_tl_20250829,8,4,32,152,36.0,156.0,134.4756622314453,134.3363800048828,0.1392822265625
ns_lion_650,resnet50_tl_20250829,8,4,32,156,36.0,160.0,134.4756622314453,134.00009155273438,0.4755706787109375
ns_lion_650,resnet50_tl_20250829,8,4,32,160,36.0,164.0,134.4756622314453,134.03919982910156,0.43646240234375
ns_lion_650,resnet50_tl_20250829,8,4,32,164,36.0,168.0,134.4756622314453,134.24447631835938,0.2311859130859375
ns_lion_650,resnet50_tl_20250829,8,4,32,168,36.0,172.0,134.4756622314453,134.34796142578125,0.1277008056640625
ns_lion_650,resnet50_tl_20250829,8,4,32,172,36.0,176.0,134.4756622314453,134.10345458984375,0.3722076416015625
ns_lion_650,resnet50_tl_20250829,8,4,32,176,36.0,180.0,134.4756622314453,134.12637329101562,0.3492889404296875
ns_lion_650,resnet50_tl_20250829,8,4,32,180,36.0,184.0,134.4756622314453,134.29029846191406,0.18536376953125
ns_lion_650,resnet50_tl_20250829,8,4,32,184,36.0,188.0,134.4756622314453,134.4169921875,0.0586700439453125
ns_lion_650,resnet50_tl_20250829,8,4,32,188,36.0,192.0,134.4756622314453,134.1569061279297,0.318756103515625
ns_lion_650,resnet50_tl_20250829,8,4,32,192,36.0,196.0,134.4756622314453,134.1996612548828,0.2760009765625
ns_lion_650,resnet50_tl_20250829,8,4,32,196,36.0,200.0,134.4756622314453,134.31964111328125,0.1560211181640625
ns_lion_650,resnet50_tl_20250829,8,4,32,200,36.0,204.0,134.4756622314453,134.43934631347656,0.03631591796875
ns_lion_650,resnet50_tl_20250829,8,4,32,204,36.0,208.0,134.4756622314453,134.34104919433594,0.134613037109375
ns_lion_650,resnet50_tl_20250829,8,4,32,208,36.0,212.0,134.4756622314453,134.34304809570312,0.1326141357421875
ns_lion_650,resnet50_tl_20250829,8,4,32,212,36.0,216.0,134.4756622314453,134.35899353027344,0.116668701171875
ns_lion_650,resnet50_tl_20250829,8,4,32,216,36.0,220.0,134.4756622314453,134.41867065429688,0.0569915771484375
ns_lion_650,resnet50_tl_20250829,8,4,36,0,40.0,4.0,134.4756622314453,134.2722625732422,0.203399658203125
ns_lion_650,resnet50_tl_20250829,8,4,36,4,40.0,8.0,134.4756622314453,134.29954528808594,0.176116943359375
ns_lion_650,resnet50_tl_20250829,8,4,36,8,40.0,12.0,134.4756622314453,134.49554443359375,-0.0198822021484375
ns_lion_650,resnet50_tl_20250829,8,4,36,12,40.0,16.0,134.4756622314453,134.2815399169922,0.194122314453125
ns_lion_650,resnet50_tl_20250829,8,4,36,16,40.0,20.0,134.4756622314453,134.1438446044922,0.331817626953125
ns_lion_650,resnet50_tl_20250829,8,4,36,20,40.0,24.0,134.4756622314453,134.153076171875,0.3225860595703125
ns_lion_650,resnet50_tl_20250829,8,4,36,24,40.0,28.0,134.4756622314453,134.2397918701172,0.235870361328125
ns_lion_650,resnet50_tl_20250829,8,4,36,28,40.0,32.0,134.4756622314453,134.319580078125,0.1560821533203125
ns_lion_650,resnet50_tl_20250829,8,4,36,32,40.0,36.0,134.4756622314453,134.19467163085938,0.2809906005859375
ns_lion_650,resnet50_tl_20250829,8,4,36,36,40.0,40.0,134.4756622314453,134.10641479492188,0.3692474365234375
ns_lion_650,resnet50_tl_20250829,8,4,36,40,40.0,44.0,134.4756622314453,134.20718383789062,0.2684783935546875
ns_lion_650,resnet50_tl_20250829,8,4,36,44,40.0,48.0,134.4756622314453,134.27828979492188,0.1973724365234375
ns_lion_650,resnet50_tl_20250829,8,4,36,48,40.0,52.0,134.4756622314453,134.13877868652344,0.336883544921875
ns_lion_650,resnet50_tl_20250829,8,4,36,52,40.0,56.0,134.4756622314453,134.3414306640625,0.1342315673828125
ns_lion_650,resnet50_tl_20250829,8,4,36,56,40.0,60.0,134.4756622314453,134.4055633544922,0.070098876953125
ns_lion_650,resnet50_tl_20250829,8,4,36,60,40.0,64.0,134.4756622314453,134.3997802734375,0.0758819580078125
ns_lion_650,resnet50_tl_20250829,8,4,36,64,40.0,68.0,134.4756622314453,134.3321533203125,0.1435089111328125
ns_lion_650,resnet50_tl_20250829,8,4,36,68,40.0,72.0,134.4756622314453,134.42681884765625,0.0488433837890625
ns_lion_650,resnet50_tl_20250829,8,4,36,72,40.0,76.0,134.4756622314453,134.34291076660156,0.13275146484375
ns_lion_650,resnet50_tl_20250829,8,4,36,76,40.0,80.0,134.4756622314453,134.39576721191406,0.07989501953125
ns_lion_650,resnet50_tl_20250829,8,4,36,80,40.0,84.0,134.4756622314453,134.2520751953125,0.2235870361328125
ns_lion_650,resnet50_tl_20250829,8,4,36,84,40.0,88.0,134.4756622314453,134.24075317382812,0.2349090576171875
ns_lion_650,resnet50_tl_20250829,8,4,36,88,40.0,92.0,134.4756622314453,134.20855712890625,0.2671051025390625
ns_lion_650,resnet50_tl_20250829,8,4,36,92,40.0,96.0,134.4756622314453,134.22364807128906,0.25201416015625
ns_lion_650,resnet50_tl_20250829,8,4,36,96,40.0,100.0,134.4756622314453,134.20472717285156,0.27093505859375
ns_lion_650,resnet50_tl_20250829,8,4,36,100,40.0,104.0,134.4756622314453,134.216064453125,0.2595977783203125
ns_lion_650,resnet50_tl_20250829,8,4,36,104,40.0,108.0,134.4756622314453,134.16807556152344,0.307586669921875
ns_lion_650,resnet50_tl_20250829,8,4,36,108,40.0,112.0,134.4756622314453,134.21957397460938,0.2560882568359375
ns_lion_650,resnet50_tl_20250829,8,4,36,112,40.0,116.0,134.4756622314453,134.23855590820312,0.2371063232421875
ns_lion_650,resnet50_tl_20250829,8,4,36,116,40.0,120.0,134.4756622314453,134.27015686035156,0.20550537109375
ns_lion_650,resnet50_tl_20250829,8,4,36,120,40.0,124.0,134.4756622314453,134.25650024414062,0.2191619873046875
ns_lion_650,resnet50_tl_20250829,8,4,36,124,40.0,128.0,134.4756622314453,134.27890014648438,0.1967620849609375
ns_lion_650,resnet50_tl_20250829,8,4,36,128,40.0,132.0,134.4756622314453,134.32080078125,0.1548614501953125
ns_lion_650,resnet50_tl_20250829,8,4,36,132,40.0,136.0,134.4756622314453,134.32357788085938,0.1520843505859375
ns_lion_650,resnet50_tl_20250829,8,4,36,136,40.0,140.0,134.4756622314453,134.2841033935547,0.191558837890625
ns_lion_650,resnet50_tl_20250829,8,4,36,140,40.0,144.0,134.4756622314453,134.31094360351562,0.1647186279296875
ns_lion_650,resnet50_tl_20250829,8,4,36,144,40.0,148.0,134.4756622314453,134.34848022460938,0.1271820068359375
ns_lion_650,resnet50_tl_20250829,8,4,36,148,40.0,152.0,134.4756622314453,134.3817596435547,0.093902587890625
ns_lion_650,resnet50_tl_20250829,8,4,36,152,40.0,156.0,134.4756622314453,134.3700714111328,0.1055908203125
ns_lion_650,resnet50_tl_20250829,8,4,36,156,40.0,160.0,134.4756622314453,134.38011169433594,0.095550537109375
ns_lion_650,resnet50_tl_20250829,8,4,36,160,40.0,164.0,134.4756622314453,134.40887451171875,0.0667877197265625
ns_lion_650,resnet50_tl_20250829,8,4,36,164,40.0,168.0,134.4756622314453,134.4163055419922,0.059356689453125
ns_lion_650,resnet50_tl_20250829,8,4,36,168,40.0,172.0,134.4756622314453,134.3805389404297,0.095123291015625
ns_lion_650,resnet50_tl_20250829,8,4,36,172,40.0,176.0,134.4756622314453,134.42669677734375,0.0489654541015625
ns_lion_650,resnet50_tl_20250829,8,4,36,176,40.0,180.0,134.4756622314453,134.42532348632812,0.0503387451171875
ns_lion_650,resnet50_tl_20250829,8,4,36,180,40.0,184.0,134.4756622314453,134.45436096191406,0.02130126953125
ns_lion_650,resnet50_tl_20250829,8,4,36,184,40.0,188.0,134.4756622314453,134.44515991210938,0.0305023193359375
ns_lion_650,resnet50_tl_20250829,8,4,36,188,40.0,192.0,134.4756622314453,134.45016479492188,0.0254974365234375
ns_lion_650,resnet50_tl_20250829,8,4,36,192,40.0,196.0,134.4756622314453,134.50025939941406,-0.02459716796875
ns_lion_650,resnet50_tl_20250829,8,4,36,196,40.0,200.0,134.4756622314453,134.44482421875,0.0308380126953125
ns_lion_650,resnet50_tl_20250829,8,4,36,200,40.0,204.0,134.4756622314453,134.44204711914062,0.0336151123046875
ns_lion_650,resnet50_tl_20250829,8,4,36,204,40.0,208.0,134.4756622314453,134.4827880859375,-0.0071258544921875
ns_lion_650,resnet50_tl_20250829,8,4,36,208,40.0,212.0,134.4756622314453,134.5130615234375,-0.0373992919921875
ns_lion_650,resnet50_tl_20250829,8,4,36,212,40.0,216.0,134.4756622314453,134.44192504882812,0.0337371826171875
ns_lion_650,resnet50_tl_20250829,8,4,36,216,40.0,220.0,134.4756622314453,134.40493774414062,0.0707244873046875
ns_lion_650,resnet50_tl_20250829,8,4,40,0,44.0,4.0,134.4756622314453,134.32261657714844,0.153045654296875
ns_lion_650,resnet50_tl_20250829,8,4,40,4,44.0,8.0,134.4756622314453,134.2671356201172,0.208526611328125
ns_lion_650,resnet50_tl_20250829,8,4,40,8,44.0,12.0,134.4756622314453,134.44300842285156,0.03265380859375
ns_lion_650,resnet50_tl_20250829,8,4,40,12,44.0,16.0,134.4756622314453,134.30548095703125,0.1701812744140625
ns_lion_650,resnet50_tl_20250829,8,4,40,16,44.0,20.0,134.4756622314453,134.21092224121094,0.264739990234375
ns_lion_650,resnet50_tl_20250829,8,4,40,20,44.0,24.0,134.4756622314453,134.22007751464844,0.255584716796875
ns_lion_650,resnet50_tl_20250829,8,4,40,24,44.0,28.0,134.4756622314453,134.03274536132812,0.4429168701171875
ns_lion_650,resnet50_tl_20250829,8,4,40,28,44.0,32.0,134.4756622314453,134.11561584472656,0.36004638671875
ns_lion_650,resnet50_tl_20250829,8,4,40,32,44.0,36.0,134.4756622314453,133.90672302246094,0.568939208984375
ns_lion_650,resnet50_tl_20250829,8,4,40,36,44.0,40.0,134.4756622314453,134.0460968017578,0.4295654296875
ns_lion_650,resnet50_tl_20250829,8,4,40,40,44.0,44.0,134.4756622314453,134.14134216308594,0.334320068359375
ns_lion_650,resnet50_tl_20250829,8,4,40,44,44.0,48.0,134.4756622314453,134.15625,0.3194122314453125
ns_lion_650,resnet50_tl_20250829,8,4,40,48,44.0,52.0,134.4756622314453,134.1132354736328,0.3624267578125
ns_lion_650,resnet50_tl_20250829,8,4,40,52,44.0,56.0,134.4756622314453,134.17185974121094,0.303802490234375
ns_lion_650,resnet50_tl_20250829,8,4,40,56,44.0,60.0,134.4756622314453,134.4930419921875,-0.0173797607421875
ns_lion_650,resnet50_tl_20250829,8,4,40,60,44.0,64.0,134.4756622314453,134.36256408691406,0.11309814453125
ns_lion_650,resnet50_tl_20250829,8,4,40,64,44.0,68.0,134.4756622314453,134.21163940429688,0.2640228271484375
ns_lion_650,resnet50_tl_20250829,8,4,40,68,44.0,72.0,134.4756622314453,134.2382049560547,0.237457275390625
ns_lion_650,resnet50_tl_20250829,8,4,40,72,44.0,76.0,134.4756622314453,134.2567901611328,0.2188720703125
ns_lion_650,resnet50_tl_20250829,8,4,40,76,44.0,80.0,134.4756622314453,134.17320251464844,0.302459716796875
ns_lion_650,resnet50_tl_20250829,8,4,40,80,44.0,84.0,134.4756622314453,134.14434814453125,0.3313140869140625
ns_lion_650,resnet50_tl_20250829,8,4,40,84,44.0,88.0,134.4756622314453,134.0536651611328,0.4219970703125
ns_lion_650,resnet50_tl_20250829,8,4,40,88,44.0,92.0,134.4756622314453,134.08477783203125,0.3908843994140625
ns_lion_650,resnet50_tl_20250829,8,4,40,92,44.0,96.0,134.4756622314453,133.99478149414062,0.4808807373046875
ns_lion_650,resnet50_tl_20250829,8,4,40,96,44.0,100.0,134.4756622314453,134.00326538085938,0.4723968505859375
ns_lion_650,resnet50_tl_20250829,8,4,40,100,44.0,104.0,134.4756622314453,134.00608825683594,0.469573974609375
ns_lion_650,resnet50_tl_20250829,8,4,40,104,44.0,108.0,134.4756622314453,134.08885192871094,0.386810302734375
ns_lion_650,resnet50_tl_20250829,8,4,40,108,44.0,112.0,134.4756622314453,133.9791717529297,0.496490478515625
ns_lion_650,resnet50_tl_20250829,8,4,40,112,44.0,116.0,134.4756622314453,134.05624389648438,0.4194183349609375
ns_lion_650,resnet50_tl_20250829,8,4,40,116,44.0,120.0,134.4756622314453,134.07537841796875,0.4002838134765625
ns_lion_650,resnet50_tl_20250829,8,4,40,120,44.0,124.0,134.4756622314453,134.17532348632812,0.3003387451171875
ns_lion_650,resnet50_tl_20250829,8,4,40,124,44.0,128.0,134.4756622314453,134.05487060546875,0.4207916259765625
ns_lion_650,resnet50_tl_20250829,8,4,40,128,44.0,132.0,134.4756622314453,134.13475036621094,0.340911865234375
ns_lion_650,resnet50_tl_20250829,8,4,40,132,44.0,136.0,134.4756622314453,134.14291381835938,0.3327484130859375
ns_lion_650,resnet50_tl_20250829,8,4,40,136,44.0,140.0,134.4756622314453,134.24012756347656,0.23553466796875
ns_lion_650,resnet50_tl_20250829,8,4,40,140,44.0,144.0,134.4756622314453,134.11065673828125,0.3650054931640625
ns_lion_650,resnet50_tl_20250829,8,4,40,144,44.0,148.0,134.4756622314453,134.18881225585938,0.2868499755859375
ns_lion_650,resnet50_tl_20250829,8,4,40,148,44.0,152.0,134.4756622314453,134.2242889404297,0.251373291015625
ns_lion_650,resnet50_tl_20250829,8,4,40,152,44.0,156.0,134.4756622314453,134.30368041992188,0.1719818115234375
ns_lion_650,resnet50_tl_20250829,8,4,40,156,44.0,160.0,134.4756622314453,134.18771362304688,0.2879486083984375
ns_lion_650,resnet50_tl_20250829,8,4,40,160,44.0,164.0,134.4756622314453,134.23507690429688,0.2405853271484375
ns_lion_650,resnet50_tl_20250829,8,4,40,164,44.0,168.0,134.4756622314453,134.24693298339844,0.228729248046875
ns_lion_650,resnet50_tl_20250829,8,4,40,168,44.0,172.0,134.4756622314453,134.3392791748047,0.136383056640625
ns_lion_650,resnet50_tl_20250829,8,4,40,172,44.0,176.0,134.4756622314453,134.26756286621094,0.208099365234375
ns_lion_650,resnet50_tl_20250829,8,4,40,176,44.0,180.0,134.4756622314453,134.30947875976562,0.1661834716796875
ns_lion_650,resnet50_tl_20250829,8,4,40,180,44.0,184.0,134.4756622314453,134.31845092773438,0.1572113037109375
ns_lion_650,resnet50_tl_20250829,8,4,40,184,44.0,188.0,134.4756622314453,134.42044067382812,0.0552215576171875
ns_lion_650,resnet50_tl_20250829,8,4,40,188,44.0,192.0,134.4756622314453,134.38873291015625,0.0869293212890625
ns_lion_650,resnet50_tl_20250829,8,4,40,192,44.0,196.0,134.4756622314453,134.4226837158203,0.052978515625
ns_lion_650,resnet50_tl_20250829,8,4,40,196,44.0,200.0,134.4756622314453,134.38217163085938,0.0934906005859375
ns_lion_650,resnet50_tl_20250829,8,4,40,200,44.0,204.0,134.4756622314453,134.41722106933594,0.058441162109375
ns_lion_650,resnet50_tl_20250829,8,4,40,204,44.0,208.0,134.4756622314453,134.42404174804688,0.0516204833984375
ns_lion_650,resnet50_tl_20250829,8,4,40,208,44.0,212.0,134.4756622314453,134.43222045898438,0.0434417724609375
ns_lion_650,resnet50_tl_20250829,8,4,40,212,44.0,216.0,134.4756622314453,134.3887481689453,0.0869140625
ns_lion_650,resnet50_tl_20250829,8,4,40,216,44.0,220.0,134.4756622314453,134.40882873535156,0.06683349609375
ns_lion_650,resnet50_tl_20250829,8,4,44,0,48.0,4.0,134.4756622314453,134.0493927001953,0.42626953125
ns_lion_650,resnet50_tl_20250829,8,4,44,4,48.0,8.0,134.4756622314453,134.25404357910156,0.22161865234375
ns_lion_650,resnet50_tl_20250829,8,4,44,8,48.0,12.0,134.4756622314453,134.53512573242188,-0.0594635009765625
ns_lion_650,resnet50_tl_20250829,8,4,44,12,48.0,16.0,134.4756622314453,134.26051330566406,0.21514892578125
ns_lion_650,resnet50_tl_20250829,8,4,44,16,48.0,20.0,134.4756622314453,134.45066833496094,0.024993896484375
ns_lion_650,resnet50_tl_20250829,8,4,44,20,48.0,24.0,134.4756622314453,134.28958129882812,0.1860809326171875
ns_lion_650,resnet50_tl_20250829,8,4,44,24,48.0,28.0,134.4756622314453,134.1451416015625,0.3305206298828125
ns_lion_650,resnet50_tl_20250829,8,4,44,28,48.0,32.0,134.4756622314453,134.1124725341797,0.363189697265625
ns_lion_650,resnet50_tl_20250829,8,4,44,32,48.0,36.0,134.4756622314453,133.98379516601562,0.4918670654296875
ns_lion_650,resnet50_tl_20250829,8,4,44,36,48.0,40.0,134.4756622314453,134.16160583496094,0.314056396484375
ns_lion_650,resnet50_tl_20250829,8,4,44,40,48.0,44.0,134.4756622314453,134.2661895751953,0.20947265625
ns_lion_650,resnet50_tl_20250829,8,4,44,44,48.0,48.0,134.4756622314453,134.1742706298828,0.3013916015625
ns_lion_650,resnet50_tl_20250829,8,4,44,48,48.0,52.0,134.4756622314453,134.1686248779297,0.307037353515625
ns_lion_650,resnet50_tl_20250829,8,4,44,52,48.0,56.0,134.4756622314453,134.23182678222656,0.24383544921875
ns_lion_650,resnet50_tl_20250829,8,4,44,56,48.0,60.0,134.4756622314453,134.3879852294922,0.087677001953125
ns_lion_650,resnet50_tl_20250829,8,4,44,60,48.0,64.0,134.4756622314453,133.99684143066406,0.47882080078125
ns_lion_650,resnet50_tl_20250829,8,4,44,64,48.0,68.0,134.4756622314453,133.76266479492188,0.7129974365234375
ns_lion_650,resnet50_tl_20250829,8,4,44,68,48.0,72.0,134.4756622314453,134.2762451171875,0.1994171142578125
ns_lion_650,resnet50_tl_20250829,8,4,44,72,48.0,76.0,134.4756622314453,134.20033264160156,0.27532958984375
ns_lion_650,resnet50_tl_20250829,8,4,44,76,48.0,80.0,134.4756622314453,134.0784912109375,0.3971710205078125
ns_lion_650,resnet50_tl_20250829,8,4,44,80,48.0,84.0,134.4756622314453,133.9808807373047,0.494781494140625
ns_lion_650,resnet50_tl_20250829,8,4,44,84,48.0,88.0,134.4756622314453,134.2152862548828,0.2603759765625
ns_lion_650,resnet50_tl_20250829,8,4,44,88,48.0,92.0,134.4756622314453,134.19515991210938,0.2805023193359375
ns_lion_650,resnet50_tl_20250829,8,4,44,92,48.0,96.0,134.4756622314453,133.90614318847656,0.56951904296875
ns_lion_650,resnet50_tl_20250829,8,4,44,96,48.0,100.0,134.4756622314453,133.81764221191406,0.65802001953125
ns_lion_650,resnet50_tl_20250829,8,4,44,100,48.0,104.0,134.4756622314453,134.071044921875,0.4046173095703125
ns_lion_650,resnet50_tl_20250829,8,4,44,104,48.0,108.0,134.4756622314453,134.14659118652344,0.329071044921875
ns_lion_650,resnet50_tl_20250829,8,4,44,108,48.0,112.0,134.4756622314453,133.94818115234375,0.5274810791015625
ns_lion_650,resnet50_tl_20250829,8,4,44,112,48.0,116.0,134.4756622314453,133.94480895996094,0.530853271484375
ns_lion_650,resnet50_tl_20250829,8,4,44,116,48.0,120.0,134.4756622314453,134.1539764404297,0.321685791015625
ns_lion_650,resnet50_tl_20250829,8,4,44,120,48.0,124.0,134.4756622314453,134.21600341796875,0.2596588134765625
ns_lion_650,resnet50_tl_20250829,8,4,44,124,48.0,128.0,134.4756622314453,133.94813537597656,0.52752685546875
ns_lion_650,resnet50_tl_20250829,8,4,44,128,48.0,132.0,134.4756622314453,133.9829559326172,0.492706298828125
ns_lion_650,resnet50_tl_20250829,8,4,44,132,48.0,136.0,134.4756622314453,134.1715850830078,0.3040771484375
ns_lion_650,resnet50_tl_20250829,8,4,44,136,48.0,140.0,134.4756622314453,134.26678466796875,0.2088775634765625
ns_lion_650,resnet50_tl_20250829,8,4,44,140,48.0,144.0,134.4756622314453,134.06686401367188,0.4087982177734375
ns_lion_650,resnet50_tl_20250829,8,4,44,144,48.0,148.0,134.4756622314453,134.09193420410156,0.38372802734375
ns_lion_650,resnet50_tl_20250829,8,4,44,148,48.0,152.0,134.4756622314453,134.267578125,0.2080841064453125
ns_lion_650,resnet50_tl_20250829,8,4,44,152,48.0,156.0,134.4756622314453,134.33938598632812,0.1362762451171875
ns_lion_650,resnet50_tl_20250829,8,4,44,156,48.0,160.0,134.4756622314453,134.06468200683594,0.410980224609375
ns_lion_650,resnet50_tl_20250829,8,4,44,160,48.0,164.0,134.4756622314453,134.1073455810547,0.368316650390625
ns_lion_650,resnet50_tl_20250829,8,4,44,164,48.0,168.0,134.4756622314453,134.2632598876953,0.21240234375
ns_lion_650,resnet50_tl_20250829,8,4,44,168,48.0,172.0,134.4756622314453,134.36781311035156,0.10784912109375
ns_lion_650,resnet50_tl_20250829,8,4,44,172,48.0,176.0,134.4756622314453,134.17166137695312,0.3040008544921875
ns_lion_650,resnet50_tl_20250829,8,4,44,176,48.0,180.0,134.4756622314453,134.1757049560547,0.299957275390625
ns_lion_650,resnet50_tl_20250829,8,4,44,180,48.0,184.0,134.4756622314453,134.34823608398438,0.1274261474609375
ns_lion_650,resnet50_tl_20250829,8,4,44,184,48.0,188.0,134.4756622314453,134.44869995117188,0.0269622802734375
ns_lion_650,resnet50_tl_20250829,8,4,44,188,48.0,192.0,134.4756622314453,134.2760467529297,0.199615478515625
ns_lion_650,resnet50_tl_20250829,8,4,44,192,48.0,196.0,134.4756622314453,134.3159942626953,0.15966796875
ns_lion_650,resnet50_tl_20250829,8,4,44,196,48.0,200.0,134.4756622314453,134.33346557617188,0.1421966552734375
ns_lion_650,resnet50_tl_20250829,8,4,44,200,48.0,204.0,134.4756622314453,134.43505859375,0.0406036376953125
ns_lion_650,resnet50_tl_20250829,8,4,44,204,48.0,208.0,134.4756622314453,134.31405639648438,0.1616058349609375
ns_lion_650,resnet50_tl_20250829,8,4,44,208,48.0,212.0,134.4756622314453,134.3151397705078,0.1605224609375
ns_lion_650,resnet50_tl_20250829,8,4,44,212,48.0,216.0,134.4756622314453,134.3468017578125,0.1288604736328125
ns_lion_650,resnet50_tl_20250829,8,4,44,216,48.0,220.0,134.4756622314453,134.39715576171875,0.0785064697265625
ns_lion_650,resnet50_tl_20250829,8,4,48,0,52.0,4.0,134.4756622314453,134.05567932128906,0.41998291015625
ns_lion_650,resnet50_tl_20250829,8,4,48,4,52.0,8.0,134.4756622314453,134.2360382080078,0.2396240234375
ns_lion_650,resnet50_tl_20250829,8,4,48,8,52.0,12.0,134.4756622314453,134.4818115234375,-0.0061492919921875
ns_lion_650,resnet50_tl_20250829,8,4,48,12,52.0,16.0,134.4756622314453,134.5171661376953,-0.04150390625
ns_lion_650,resnet50_tl_20250829,8,4,48,16,52.0,20.0,134.4756622314453,134.3847198486328,0.0909423828125
ns_lion_650,resnet50_tl_20250829,8,4,48,20,52.0,24.0,134.4756622314453,134.23025512695312,0.2454071044921875
ns_lion_650,resnet50_tl_20250829,8,4,48,24,52.0,28.0,134.4756622314453,134.18617248535156,0.28948974609375
ns_lion_650,resnet50_tl_20250829,8,4,48,28,52.0,32.0,134.4756622314453,134.08709716796875,0.3885650634765625
ns_lion_650,resnet50_tl_20250829,8,4,48,32,52.0,36.0,134.4756622314453,134.03494262695312,0.4407196044921875
ns_lion_650,resnet50_tl_20250829,8,4,48,36,52.0,40.0,134.4756622314453,134.08937072753906,0.38629150390625
ns_lion_650,resnet50_tl_20250829,8,4,48,40,52.0,44.0,134.4756622314453,134.21580505371094,0.259857177734375
ns_lion_650,resnet50_tl_20250829,8,4,48,44,52.0,48.0,134.4756622314453,134.19703674316406,0.27862548828125
ns_lion_650,resnet50_tl_20250829,8,4,48,48,52.0,52.0,134.4756622314453,134.132568359375,0.3430938720703125
ns_lion_650,resnet50_tl_20250829,8,4,48,52,52.0,56.0,134.4756622314453,134.22434997558594,0.251312255859375
ns_lion_650,resnet50_tl_20250829,8,4,48,56,52.0,60.0,134.4756622314453,134.24014282226562,0.2355194091796875
ns_lion_650,resnet50_tl_20250829,8,4,48,60,52.0,64.0,134.4756622314453,134.11009216308594,0.365570068359375
ns_lion_650,resnet50_tl_20250829,8,4,48,64,52.0,68.0,134.4756622314453,134.02597045898438,0.4496917724609375
ns_lion_650,resnet50_tl_20250829,8,4,48,68,52.0,72.0,134.4756622314453,134.2768096923828,0.1988525390625
ns_lion_650,resnet50_tl_20250829,8,4,48,72,52.0,76.0,134.4756622314453,134.16490173339844,0.310760498046875
ns_lion_650,resnet50_tl_20250829,8,4,48,76,52.0,80.0,134.4756622314453,134.0303192138672,0.445343017578125
ns_lion_650,resnet50_tl_20250829,8,4,48,80,52.0,84.0,134.4756622314453,133.98837280273438,0.4872894287109375
ns_lion_650,resnet50_tl_20250829,8,4,48,84,52.0,88.0,134.4756622314453,134.1500244140625,0.3256378173828125
ns_lion_650,resnet50_tl_20250829,8,4,48,88,52.0,92.0,134.4756622314453,134.23463439941406,0.24102783203125
ns_lion_650,resnet50_tl_20250829,8,4,48,92,52.0,96.0,134.4756622314453,133.83082580566406,0.64483642578125
ns_lion_650,resnet50_tl_20250829,8,4,48,96,52.0,100.0,134.4756622314453,133.83363342285156,0.64202880859375
ns_lion_650,resnet50_tl_20250829,8,4,48,100,52.0,104.0,134.4756622314453,133.98179626464844,0.493865966796875
ns_lion_650,resnet50_tl_20250829,8,4,48,104,52.0,108.0,134.4756622314453,134.10736083984375,0.3683013916015625
ns_lion_650,resnet50_tl_20250829,8,4,48,108,52.0,112.0,134.4756622314453,133.87030029296875,0.6053619384765625
ns_lion_650,resnet50_tl_20250829,8,4,48,112,52.0,116.0,134.4756622314453,134.0131378173828,0.4625244140625
ns_lion_650,resnet50_tl_20250829,8,4,48,116,52.0,120.0,134.4756622314453,134.1179962158203,0.357666015625
ns_lion_650,resnet50_tl_20250829,8,4,48,120,52.0,124.0,134.4756622314453,134.19239807128906,0.28326416015625
ns_lion_650,resnet50_tl_20250829,8,4,48,124,52.0,128.0,134.4756622314453,133.93356323242188,0.5420989990234375
ns_lion_650,resnet50_tl_20250829,8,4,48,128,52.0,132.0,134.4756622314453,134.03811645507812,0.4375457763671875
ns_lion_650,resnet50_tl_20250829,8,4,48,132,52.0,136.0,134.4756622314453,134.14938354492188,0.3262786865234375
ns_lion_650,resnet50_tl_20250829,8,4,48,136,52.0,140.0,134.4756622314453,134.24966430664062,0.2259979248046875
ns_lion_650,resnet50_tl_20250829,8,4,48,140,52.0,144.0,134.4756622314453,134.01483154296875,0.4608306884765625
ns_lion_650,resnet50_tl_20250829,8,4,48,144,52.0,148.0,134.4756622314453,134.1182861328125,0.3573760986328125
ns_lion_650,resnet50_tl_20250829,8,4,48,148,52.0,152.0,134.4756622314453,134.2023162841797,0.273345947265625
ns_lion_650,resnet50_tl_20250829,8,4,48,152,52.0,156.0,134.4756622314453,134.2995147705078,0.1761474609375
ns_lion_650,resnet50_tl_20250829,8,4,48,156,52.0,160.0,134.4756622314453,134.0610809326172,0.414581298828125
ns_lion_650,resnet50_tl_20250829,8,4,48,160,52.0,164.0,134.4756622314453,134.12757873535156,0.34808349609375
ns_lion_650,resnet50_tl_20250829,8,4,48,164,52.0,168.0,134.4756622314453,134.21951293945312,0.2561492919921875
ns_lion_650,resnet50_tl_20250829,8,4,48,168,52.0,172.0,134.4756622314453,134.33255004882812,0.1431121826171875
ns_lion_650,resnet50_tl_20250829,8,4,48,172,52.0,176.0,134.4756622314453,134.15113830566406,0.32452392578125
ns_lion_650,resnet50_tl_20250829,8,4,48,176,52.0,180.0,134.4756622314453,134.1990509033203,0.276611328125
ns_lion_650,resnet50_tl_20250829,8,4,48,180,52.0,184.0,134.4756622314453,134.29840087890625,0.1772613525390625
ns_lion_650,resnet50_tl_20250829,8,4,48,184,52.0,188.0,134.4756622314453,134.4086456298828,0.0670166015625
ns_lion_650,resnet50_tl_20250829,8,4,48,188,52.0,192.0,134.4756622314453,134.28285217285156,0.19281005859375
ns_lion_650,resnet50_tl_20250829,8,4,48,192,52.0,196.0,134.4756622314453,134.32839965820312,0.1472625732421875
ns_lion_650,resnet50_tl_20250829,8,4,48,196,52.0,200.0,134.4756622314453,134.36532592773438,0.1103363037109375
ns_lion_650,resnet50_tl_20250829,8,4,48,200,52.0,204.0,134.4756622314453,134.43093872070312,0.0447235107421875
ns_lion_650,resnet50_tl_20250829,8,4,48,204,52.0,208.0,134.4756622314453,134.34376525878906,0.13189697265625
ns_lion_650,resnet50_tl_20250829,8,4,48,208,52.0,212.0,134.4756622314453,134.34083557128906,0.13482666015625
ns_lion_650,resnet50_tl_20250829,8,4,48,212,52.0,216.0,134.4756622314453,134.34860229492188,0.1270599365234375
ns_lion_650,resnet50_tl_20250829,8,4,48,216,52.0,220.0,134.4756622314453,134.4092559814453,0.06640625
ns_lion_650,resnet50_tl_20250829,8,4,52,0,56.0,4.0,134.4756622314453,134.39007568359375,0.0855865478515625
ns_lion_650,resnet50_tl_20250829,8,4,52,4,56.0,8.0,134.4756622314453,134.51910400390625,-0.0434417724609375
ns_lion_650,resnet50_tl_20250829,8,4,52,8,56.0,12.0,134.4756622314453,134.4216766357422,0.053985595703125
ns_lion_650,resnet50_tl_20250829,8,4,52,12,56.0,16.0,134.4756622314453,134.21791076660156,0.25775146484375
ns_lion_650,resnet50_tl_20250829,8,4,52,16,56.0,20.0,134.4756622314453,134.31634521484375,0.1593170166015625
ns_lion_650,resnet50_tl_20250829,8,4,52,20,56.0,24.0,134.4756622314453,134.17568969726562,0.2999725341796875
ns_lion_650,resnet50_tl_20250829,8,4,52,24,56.0,28.0,134.4756622314453,134.0727996826172,0.402862548828125
ns_lion_650,resnet50_tl_20250829,8,4,52,28,56.0,32.0,134.4756622314453,134.03575134277344,0.439910888671875
ns_lion_650,resnet50_tl_20250829,8,4,52,32,56.0,36.0,134.4756622314453,134.01242065429688,0.4632415771484375
ns_lion_650,resnet50_tl_20250829,8,4,52,36,56.0,40.0,134.4756622314453,133.9629364013672,0.512725830078125
ns_lion_650,resnet50_tl_20250829,8,4,52,40,56.0,44.0,134.4756622314453,134.1011505126953,0.37451171875
ns_lion_650,resnet50_tl_20250829,8,4,52,44,56.0,48.0,134.4756622314453,134.1702423095703,0.305419921875
ns_lion_650,resnet50_tl_20250829,8,4,52,48,56.0,52.0,134.4756622314453,134.1356201171875,0.3400421142578125
ns_lion_650,resnet50_tl_20250829,8,4,52,52,56.0,56.0,134.4756622314453,134.16241455078125,0.3132476806640625
ns_lion_650,resnet50_tl_20250829,8,4,52,56,56.0,60.0,134.4756622314453,134.2635498046875,0.2121124267578125
ns_lion_650,resnet50_tl_20250829,8,4,52,60,56.0,64.0,134.4756622314453,134.26243591308594,0.213226318359375
ns_lion_650,resnet50_tl_20250829,8,4,52,64,56.0,68.0,134.4756622314453,134.2939453125,0.1817169189453125
ns_lion_650,resnet50_tl_20250829,8,4,52,68,56.0,72.0,134.4756622314453,134.4161376953125,0.0595245361328125
ns_lion_650,resnet50_tl_20250829,8,4,52,72,56.0,76.0,134.4756622314453,134.13275146484375,0.3429107666015625
ns_lion_650,resnet50_tl_20250829,8,4,52,76,56.0,80.0,134.4756622314453,134.23715209960938,0.2385101318359375
ns_lion_650,resnet50_tl_20250829,8,4,52,80,56.0,84.0,134.4756622314453,134.13612365722656,0.33953857421875
ns_lion_650,resnet50_tl_20250829,8,4,52,84,56.0,88.0,134.4756622314453,134.36288452148438,0.1127777099609375
ns_lion_650,resnet50_tl_20250829,8,4,52,88,56.0,92.0,134.4756622314453,134.26446533203125,0.2111968994140625
ns_lion_650,resnet50_tl_20250829,8,4,52,92,56.0,96.0,134.4756622314453,134.28604125976562,0.1896209716796875
ns_lion_650,resnet50_tl_20250829,8,4,52,96,56.0,100.0,134.4756622314453,134.21376037597656,0.26190185546875
ns_lion_650,resnet50_tl_20250829,8,4,52,100,56.0,104.0,134.4756622314453,134.25100708007812,0.2246551513671875
ns_lion_650,resnet50_tl_20250829,8,4,52,104,56.0,108.0,134.4756622314453,134.13790893554688,0.3377532958984375
ns_lion_650,resnet50_tl_20250829,8,4,52,108,56.0,112.0,134.4756622314453,134.1989288330078,0.2767333984375
ns_lion_650,resnet50_tl_20250829,8,4,52,112,56.0,116.0,134.4756622314453,134.24267578125,0.2329864501953125
ns_lion_650,resnet50_tl_20250829,8,4,52,116,56.0,120.0,134.4756622314453,134.2959442138672,0.179718017578125
ns_lion_650,resnet50_tl_20250829,8,4,52,120,56.0,124.0,134.4756622314453,134.2419891357422,0.233673095703125
ns_lion_650,resnet50_tl_20250829,8,4,52,124,56.0,128.0,134.4756622314453,134.26394653320312,0.2117156982421875
ns_lion_650,resnet50_tl_20250829,8,4,52,128,56.0,132.0,134.4756622314453,134.3208465576172,0.154815673828125
ns_lion_650,resnet50_tl_20250829,8,4,52,132,56.0,136.0,134.4756622314453,134.3146514892578,0.1610107421875
ns_lion_650,resnet50_tl_20250829,8,4,52,136,56.0,140.0,134.4756622314453,134.26182556152344,0.213836669921875
ns_lion_650,resnet50_tl_20250829,8,4,52,140,56.0,144.0,134.4756622314453,134.2747039794922,0.200958251953125
ns_lion_650,resnet50_tl_20250829,8,4,52,144,56.0,148.0,134.4756622314453,134.36062622070312,0.1150360107421875
ns_lion_650,resnet50_tl_20250829,8,4,52,148,56.0,152.0,134.4756622314453,134.32662963867188,0.1490325927734375
ns_lion_650,resnet50_tl_20250829,8,4,52,152,56.0,156.0,134.4756622314453,134.32510375976562,0.1505584716796875
ns_lion_650,resnet50_tl_20250829,8,4,52,156,56.0,160.0,134.4756622314453,134.306884765625,0.1687774658203125
ns_lion_650,resnet50_tl_20250829,8,4,52,160,56.0,164.0,134.4756622314453,134.38107299804688,0.0945892333984375
ns_lion_650,resnet50_tl_20250829,8,4,52,164,56.0,168.0,134.4756622314453,134.34738159179688,0.1282806396484375
ns_lion_650,resnet50_tl_20250829,8,4,52,168,56.0,172.0,134.4756622314453,134.358642578125,0.1170196533203125
ns_lion_650,resnet50_tl_20250829,8,4,52,172,56.0,176.0,134.4756622314453,134.39492797851562,0.0807342529296875
ns_lion_650,resnet50_tl_20250829,8,4,52,176,56.0,180.0,134.4756622314453,134.45574951171875,0.0199127197265625
ns_lion_650,resnet50_tl_20250829,8,4,52,180,56.0,184.0,134.4756622314453,134.44497680664062,0.0306854248046875
ns_lion_650,resnet50_tl_20250829,8,4,52,184,56.0,188.0,134.4756622314453,134.44967651367188,0.0259857177734375
ns_lion_650,resnet50_tl_20250829,8,4,52,188,56.0,192.0,134.4756622314453,134.4561767578125,0.0194854736328125
ns_lion_650,resnet50_tl_20250829,8,4,52,192,56.0,196.0,134.4756622314453,134.52761840820312,-0.0519561767578125
ns_lion_650,resnet50_tl_20250829,8,4,52,196,56.0,200.0,134.4756622314453,134.45248413085938,0.0231781005859375
ns_lion_650,resnet50_tl_20250829,8,4,52,200,56.0,204.0,134.4756622314453,134.4452667236328,0.0303955078125
ns_lion_650,resnet50_tl_20250829,8,4,52,204,56.0,208.0,134.4756622314453,134.45535278320312,0.0203094482421875
ns_lion_650,resnet50_tl_20250829,8,4,52,208,56.0,212.0,134.4756622314453,134.50450134277344,-0.028839111328125
ns_lion_650,resnet50_tl_20250829,8,4,52,212,56.0,216.0,134.4756622314453,134.443603515625,0.0320587158203125
ns_lion_650,resnet50_tl_20250829,8,4,52,216,56.0,220.0,134.4756622314453,134.4151153564453,0.060546875
ns_lion_650,resnet50_tl_20250829,8,4,56,0,60.0,4.0,134.4756622314453,134.3774871826172,0.098175048828125
ns_lion_650,resnet50_tl_20250829,8,4,56,4,60.0,8.0,134.4756622314453,134.29898071289062,0.1766815185546875
ns_lion_650,resnet50_tl_20250829,8,4,56,8,60.0,12.0,134.4756622314453,134.21551513671875,0.2601470947265625
ns_lion_650,resnet50_tl_20250829,8,4,56,12,60.0,16.0,134.4756622314453,134.12811279296875,0.3475494384765625
ns_lion_650,resnet50_tl_20250829,8,4,56,16,60.0,20.0,134.4756622314453,134.1593475341797,0.316314697265625
ns_lion_650,resnet50_tl_20250829,8,4,56,20,60.0,24.0,134.4756622314453,134.0673828125,0.4082794189453125
ns_lion_650,resnet50_tl_20250829,8,4,56,24,60.0,28.0,134.4756622314453,134.1551971435547,0.320465087890625
ns_lion_650,resnet50_tl_20250829,8,4,56,28,60.0,32.0,134.4756622314453,134.24957275390625,0.2260894775390625
ns_lion_650,resnet50_tl_20250829,8,4,56,32,60.0,36.0,134.4756622314453,134.2397918701172,0.235870361328125
ns_lion_650,resnet50_tl_20250829,8,4,56,36,60.0,40.0,134.4756622314453,134.15736389160156,0.31829833984375
ns_lion_650,resnet50_tl_20250829,8,4,56,40,60.0,44.0,134.4756622314453,134.27532958984375,0.2003326416015625
ns_lion_650,resnet50_tl_20250829,8,4,56,44,60.0,48.0,134.4756622314453,134.34669494628906,0.12896728515625
ns_lion_650,resnet50_tl_20250829,8,4,56,48,60.0,52.0,134.4756622314453,134.3238525390625,0.1518096923828125
ns_lion_650,resnet50_tl_20250829,8,4,56,52,60.0,56.0,134.4756622314453,134.3260498046875,0.1496124267578125
ns_lion_650,resnet50_tl_20250829,8,4,56,56,60.0,60.0,134.4756622314453,134.3017120361328,0.1739501953125
ns_lion_650,resnet50_tl_20250829,8,4,56,60,60.0,64.0,134.4756622314453,134.2997283935547,0.175933837890625
ns_lion_650,resnet50_tl_20250829,8,4,56,64,60.0,68.0,134.4756622314453,134.2028350830078,0.2728271484375
ns_lion_650,resnet50_tl_20250829,8,4,56,68,60.0,72.0,134.4756622314453,134.2568817138672,0.218780517578125
ns_lion_650,resnet50_tl_20250829,8,4,56,72,60.0,76.0,134.4756622314453,134.25856018066406,0.21710205078125
ns_lion_650,resnet50_tl_20250829,8,4,56,76,60.0,80.0,134.4756622314453,133.9808349609375,0.4948272705078125
ns_lion_650,resnet50_tl_20250829,8,4,56,80,60.0,84.0,134.4756622314453,133.96937561035156,0.50628662109375
ns_lion_650,resnet50_tl_20250829,8,4,56,84,60.0,88.0,134.4756622314453,134.13702392578125,0.3386383056640625
ns_lion_650,resnet50_tl_20250829,8,4,56,88,60.0,92.0,134.4756622314453,134.1886749267578,0.2869873046875
ns_lion_650,resnet50_tl_20250829,8,4,56,92,60.0,96.0,134.4756622314453,134.0970001220703,0.378662109375
ns_lion_650,resnet50_tl_20250829,8,4,56,96,60.0,100.0,134.4756622314453,134.1189422607422,0.356719970703125
ns_lion_650,resnet50_tl_20250829,8,4,56,100,60.0,104.0,134.4756622314453,134.05911254882812,0.4165496826171875
ns_lion_650,resnet50_tl_20250829,8,4,56,104,60.0,108.0,134.4756622314453,134.11988830566406,0.35577392578125
ns_lion_650,resnet50_tl_20250829,8,4,56,108,60.0,112.0,134.4756622314453,134.0806884765625,0.3949737548828125
ns_lion_650,resnet50_tl_20250829,8,4,56,112,60.0,116.0,134.4756622314453,134.19168090820312,0.2839813232421875
ns_lion_650,resnet50_tl_20250829,8,4,56,116,60.0,120.0,134.4756622314453,134.1367950439453,0.3388671875
ns_lion_650,resnet50_tl_20250829,8,4,56,120,60.0,124.0,134.4756622314453,134.2117156982422,0.263946533203125
ns_lion_650,resnet50_tl_20250829,8,4,56,124,60.0,128.0,134.4756622314453,134.1509552001953,0.32470703125
ns_lion_650,resnet50_tl_20250829,8,4,56,128,60.0,132.0,134.4756622314453,134.19020080566406,0.28546142578125
ns_lion_650,resnet50_tl_20250829,8,4,56,132,60.0,136.0,134.4756622314453,134.09730529785156,0.37835693359375
ns_lion_650,resnet50_tl_20250829,8,4,56,136,60.0,140.0,134.4756622314453,134.17738342285156,0.29827880859375
ns_lion_650,resnet50_tl_20250829,8,4,56,140,60.0,144.0,134.4756622314453,134.16322326660156,0.31243896484375
ns_lion_650,resnet50_tl_20250829,8,4,56,144,60.0,148.0,134.4756622314453,134.2849578857422,0.190704345703125
ns_lion_650,resnet50_tl_20250829,8,4,56,148,60.0,152.0,134.4756622314453,134.2267303466797,0.248931884765625
ns_lion_650,resnet50_tl_20250829,8,4,56,152,60.0,156.0,134.4756622314453,134.27076721191406,0.20489501953125
ns_lion_650,resnet50_tl_20250829,8,4,56,156,60.0,160.0,134.4756622314453,134.1805419921875,0.2951202392578125
ns_lion_650,resnet50_tl_20250829,8,4,56,160,60.0,164.0,134.4756622314453,134.2632293701172,0.212432861328125
ns_lion_650,resnet50_tl_20250829,8,4,56,164,60.0,168.0,134.4756622314453,134.2393035888672,0.236358642578125
ns_lion_650,resnet50_tl_20250829,8,4,56,168,60.0,172.0,134.4756622314453,134.3132781982422,0.162384033203125
ns_lion_650,resnet50_tl_20250829,8,4,56,172,60.0,176.0,134.4756622314453,134.2870330810547,0.188629150390625
ns_lion_650,resnet50_tl_20250829,8,4,56,176,60.0,180.0,134.4756622314453,134.36614990234375,0.1095123291015625
ns_lion_650,resnet50_tl_20250829,8,4,56,180,60.0,184.0,134.4756622314453,134.3433380126953,0.13232421875
ns_lion_650,resnet50_tl_20250829,8,4,56,184,60.0,188.0,134.4756622314453,134.42523193359375,0.0504302978515625
ns_lion_650,resnet50_tl_20250829,8,4,56,188,60.0,192.0,134.4756622314453,134.39398193359375,0.0816802978515625
ns_lion_650,resnet50_tl_20250829,8,4,56,192,60.0,196.0,134.4756622314453,134.436279296875,0.0393829345703125
ns_lion_650,resnet50_tl_20250829,8,4,56,196,60.0,200.0,134.4756622314453,134.40673828125,0.0689239501953125
ns_lion_650,resnet50_tl_20250829,8,4,56,200,60.0,204.0,134.4756622314453,134.44287109375,0.0327911376953125
ns_lion_650,resnet50_tl_20250829,8,4,56,204,60.0,208.0,134.4756622314453,134.46905517578125,0.0066070556640625
ns_lion_650,resnet50_tl_20250829,8,4,56,208,60.0,212.0,134.4756622314453,134.49110412597656,-0.01544189453125
ns_lion_650,resnet50_tl_20250829,8,4,56,212,60.0,216.0,134.4756622314453,134.43399047851562,0.0416717529296875
ns_lion_650,resnet50_tl_20250829,8,4,56,216,60.0,220.0,134.4756622314453,134.43026733398438,0.0453948974609375
ns_lion_650,resnet50_tl_20250829,8,4,60,0,64.0,4.0,134.4756622314453,134.04905700683594,0.426605224609375
ns_lion_650,resnet50_tl_20250829,8,4,60,4,64.0,8.0,134.4756622314453,134.23753356933594,0.238128662109375
ns_lion_650,resnet50_tl_20250829,8,4,60,8,64.0,12.0,134.4756622314453,134.15357971191406,0.32208251953125
ns_lion_650,resnet50_tl_20250829,8,4,60,12,64.0,16.0,134.4756622314453,134.02227783203125,0.4533843994140625
ns_lion_650,resnet50_tl_20250829,8,4,60,16,64.0,20.0,134.4756622314453,134.0581817626953,0.41748046875
ns_lion_650,resnet50_tl_20250829,8,4,60,20,64.0,24.0,134.4756622314453,134.17250061035156,0.30316162109375
ns_lion_650,resnet50_tl_20250829,8,4,60,24,64.0,28.0,134.4756622314453,134.26455688476562,0.2111053466796875
ns_lion_650,resnet50_tl_20250829,8,4,60,28,64.0,32.0,134.4756622314453,134.13705444335938,0.3386077880859375
ns_lion_650,resnet50_tl_20250829,8,4,60,32,64.0,36.0,134.4756622314453,134.1358642578125,0.3397979736328125
ns_lion_650,resnet50_tl_20250829,8,4,60,36,64.0,40.0,134.4756622314453,134.26443481445312,0.2112274169921875
ns_lion_650,resnet50_tl_20250829,8,4,60,40,64.0,44.0,134.4756622314453,134.2657012939453,0.2099609375
ns_lion_650,resnet50_tl_20250829,8,4,60,44,64.0,48.0,134.4756622314453,134.2205352783203,0.255126953125
ns_lion_650,resnet50_tl_20250829,8,4,60,48,64.0,52.0,134.4756622314453,134.2039794921875,0.2716827392578125
ns_lion_650,resnet50_tl_20250829,8,4,60,52,64.0,56.0,134.4756622314453,134.2957763671875,0.1798858642578125
ns_lion_650,resnet50_tl_20250829,8,4,60,56,64.0,60.0,134.4756622314453,134.1912841796875,0.2843780517578125
ns_lion_650,resnet50_tl_20250829,8,4,60,60,64.0,64.0,134.4756622314453,133.9966278076172,0.479034423828125
ns_lion_650,resnet50_tl_20250829,8,4,60,64,64.0,68.0,134.4756622314453,134.1425018310547,0.333160400390625
ns_lion_650,resnet50_tl_20250829,8,4,60,68,64.0,72.0,134.4756622314453,134.38755798339844,0.088104248046875
ns_lion_650,resnet50_tl_20250829,8,4,60,72,64.0,76.0,134.4756622314453,134.38414001464844,0.091522216796875
ns_lion_650,resnet50_tl_20250829,8,4,60,76,64.0,80.0,134.4756622314453,133.83309936523438,0.6425628662109375
ns_lion_650,resnet50_tl_20250829,8,4,60,80,64.0,84.0,134.4756622314453,133.74571228027344,0.729949951171875
ns_lion_650,resnet50_tl_20250829,8,4,60,84,64.0,88.0,134.4756622314453,134.23699951171875,0.2386627197265625
ns_lion_650,resnet50_tl_20250829,8,4,60,88,64.0,92.0,134.4756622314453,134.29071044921875,0.1849517822265625
ns_lion_650,resnet50_tl_20250829,8,4,60,92,64.0,96.0,134.4756622314453,134.01199340820312,0.4636688232421875
ns_lion_650,resnet50_tl_20250829,8,4,60,96,64.0,100.0,134.4756622314453,133.91004943847656,0.56561279296875
ns_lion_650,resnet50_tl_20250829,8,4,60,100,64.0,104.0,134.4756622314453,134.11512756347656,0.36053466796875
ns_lion_650,resnet50_tl_20250829,8,4,60,104,64.0,108.0,134.4756622314453,134.2194366455078,0.2562255859375
ns_lion_650,resnet50_tl_20250829,8,4,60,108,64.0,112.0,134.4756622314453,134.1375732421875,0.3380889892578125
ns_lion_650,resnet50_tl_20250829,8,4,60,112,64.0,116.0,134.4756622314453,134.14723205566406,0.32843017578125
ns_lion_650,resnet50_tl_20250829,8,4,60,116,64.0,120.0,134.4756622314453,134.38626098632812,0.0894012451171875
ns_lion_650,resnet50_tl_20250829,8,4,60,120,64.0,124.0,134.4756622314453,134.39256286621094,0.083099365234375
ns_lion_650,resnet50_tl_20250829,8,4,60,124,64.0,128.0,134.4756622314453,134.14651489257812,0.3291473388671875
ns_lion_650,resnet50_tl_20250829,8,4,60,128,64.0,132.0,134.4756622314453,134.13609313964844,0.339569091796875
ns_lion_650,resnet50_tl_20250829,8,4,60,132,64.0,136.0,134.4756622314453,134.212158203125,0.2635040283203125
ns_lion_650,resnet50_tl_20250829,8,4,60,136,64.0,140.0,134.4756622314453,134.22227478027344,0.253387451171875
ns_lion_650,resnet50_tl_20250829,8,4,60,140,64.0,144.0,134.4756622314453,134.2751007080078,0.2005615234375
ns_lion_650,resnet50_tl_20250829,8,4,60,144,64.0,148.0,134.4756622314453,134.3362274169922,0.139434814453125
ns_lion_650,resnet50_tl_20250829,8,4,60,148,64.0,152.0,134.4756622314453,134.31431579589844,0.161346435546875
ns_lion_650,resnet50_tl_20250829,8,4,60,152,64.0,156.0,134.4756622314453,134.3271026611328,0.1485595703125
ns_lion_650,resnet50_tl_20250829,8,4,60,156,64.0,160.0,134.4756622314453,134.1671905517578,0.3084716796875
ns_lion_650,resnet50_tl_20250829,8,4,60,160,64.0,164.0,134.4756622314453,134.21063232421875,0.2650299072265625
ns_lion_650,resnet50_tl_20250829,8,4,60,164,64.0,168.0,134.4756622314453,134.26893615722656,0.20672607421875
ns_lion_650,resnet50_tl_20250829,8,4,60,168,64.0,172.0,134.4756622314453,134.35040283203125,0.1252593994140625
ns_lion_650,resnet50_tl_20250829,8,4,60,172,64.0,176.0,134.4756622314453,134.31919860839844,0.156463623046875
ns_lion_650,resnet50_tl_20250829,8,4,60,176,64.0,180.0,134.4756622314453,134.33619689941406,0.13946533203125
ns_lion_650,resnet50_tl_20250829,8,4,60,180,64.0,184.0,134.4756622314453,134.3911590576172,0.084503173828125
ns_lion_650,resnet50_tl_20250829,8,4,60,184,64.0,188.0,134.4756622314453,134.46267700195312,0.0129852294921875
ns_lion_650,resnet50_tl_20250829,8,4,60,188,64.0,192.0,134.4756622314453,134.31813049316406,0.15753173828125
ns_lion_650,resnet50_tl_20250829,8,4,60,192,64.0,196.0,134.4756622314453,134.36190795898438,0.1137542724609375
ns_lion_650,resnet50_tl_20250829,8,4,60,196,64.0,200.0,134.4756622314453,134.36585998535156,0.10980224609375
ns_lion_650,resnet50_tl_20250829,8,4,60,200,64.0,204.0,134.4756622314453,134.46173095703125,0.0139312744140625
ns_lion_650,resnet50_tl_20250829,8,4,60,204,64.0,208.0,134.4756622314453,134.45010375976562,0.0255584716796875
ns_lion_650,resnet50_tl_20250829,8,4,60,208,64.0,212.0,134.4756622314453,134.45883178710938,0.0168304443359375
ns_lion_650,resnet50_tl_20250829,8,4,60,212,64.0,216.0,134.4756622314453,134.43875122070312,0.0369110107421875
ns_lion_650,resnet50_tl_20250829,8,4,60,216,64.0,220.0,134.4756622314453,134.447998046875,0.0276641845703125
ns_lion_650,resnet50_tl_20250829,8,4,64,0,68.0,4.0,134.4756622314453,134.1751251220703,0.300537109375
ns_lion_650,resnet50_tl_20250829,8,4,64,4,68.0,8.0,134.4756622314453,134.25428771972656,0.22137451171875
ns_lion_650,resnet50_tl_20250829,8,4,64,8,68.0,12.0,134.4756622314453,134.21917724609375,0.2564849853515625
ns_lion_650,resnet50_tl_20250829,8,4,64,12,68.0,16.0,134.4756622314453,134.12005615234375,0.3556060791015625
ns_lion_650,resnet50_tl_20250829,8,4,64,16,68.0,20.0,134.4756622314453,134.06381225585938,0.4118499755859375
ns_lion_650,resnet50_tl_20250829,8,4,64,20,68.0,24.0,134.4756622314453,134.1705780029297,0.305084228515625
ns_lion_650,resnet50_tl_20250829,8,4,64,24,68.0,28.0,134.4756622314453,134.33822631835938,0.1374359130859375
ns_lion_650,resnet50_tl_20250829,8,4,64,28,68.0,32.0,134.4756622314453,134.17117309570312,0.3044891357421875
ns_lion_650,resnet50_tl_20250829,8,4,64,32,68.0,36.0,134.4756622314453,134.26983642578125,0.2058258056640625
ns_lion_650,resnet50_tl_20250829,8,4,64,36,68.0,40.0,134.4756622314453,134.31719970703125,0.1584625244140625
ns_lion_650,resnet50_tl_20250829,8,4,64,40,68.0,44.0,134.4756622314453,134.37460327148438,0.1010589599609375
ns_lion_650,resnet50_tl_20250829,8,4,64,44,68.0,48.0,134.4756622314453,134.25799560546875,0.2176666259765625
ns_lion_650,resnet50_tl_20250829,8,4,64,48,68.0,52.0,134.4756622314453,134.30661010742188,0.1690521240234375
ns_lion_650,resnet50_tl_20250829,8,4,64,52,68.0,56.0,134.4756622314453,134.38307189941406,0.09259033203125
ns_lion_650,resnet50_tl_20250829,8,4,64,56,68.0,60.0,134.4756622314453,134.31787109375,0.1577911376953125
ns_lion_650,resnet50_tl_20250829,8,4,64,60,68.0,64.0,134.4756622314453,134.1500244140625,0.3256378173828125
ns_lion_650,resnet50_tl_20250829,8,4,64,64,68.0,68.0,134.4756622314453,134.190673828125,0.2849884033203125
ns_lion_650,resnet50_tl_20250829,8,4,64,68,68.0,72.0,134.4756622314453,134.3939971923828,0.0816650390625
ns_lion_650,resnet50_tl_20250829,8,4,64,72,68.0,76.0,134.4756622314453,134.37535095214844,0.100311279296875
ns_lion_650,resnet50_tl_20250829,8,4,64,76,68.0,80.0,134.4756622314453,134.07347106933594,0.402191162109375
ns_lion_650,resnet50_tl_20250829,8,4,64,80,68.0,84.0,134.4756622314453,134.00582885742188,0.4698333740234375
ns_lion_650,resnet50_tl_20250829,8,4,64,84,68.0,88.0,134.4756622314453,134.26666259765625,0.2089996337890625
ns_lion_650,resnet50_tl_20250829,8,4,64,88,68.0,92.0,134.4756622314453,134.34962463378906,0.12603759765625
ns_lion_650,resnet50_tl_20250829,8,4,64,92,68.0,96.0,134.4756622314453,134.08200073242188,0.3936614990234375
ns_lion_650,resnet50_tl_20250829,8,4,64,96,68.0,100.0,134.4756622314453,133.96160888671875,0.5140533447265625
ns_lion_650,resnet50_tl_20250829,8,4,64,100,68.0,104.0,134.4756622314453,134.21420288085938,0.2614593505859375
ns_lion_650,resnet50_tl_20250829,8,4,64,104,68.0,108.0,134.4756622314453,134.23233032226562,0.2433319091796875
ns_lion_650,resnet50_tl_20250829,8,4,64,108,68.0,112.0,134.4756622314453,134.07492065429688,0.4007415771484375
ns_lion_650,resnet50_tl_20250829,8,4,64,112,68.0,116.0,134.4756622314453,134.07467651367188,0.4009857177734375
ns_lion_650,resnet50_tl_20250829,8,4,64,116,68.0,120.0,134.4756622314453,134.20816040039062,0.2675018310546875
ns_lion_650,resnet50_tl_20250829,8,4,64,120,68.0,124.0,134.4756622314453,134.28094482421875,0.1947174072265625
ns_lion_650,resnet50_tl_20250829,8,4,64,124,68.0,128.0,134.4756622314453,134.13626098632812,0.3394012451171875
ns_lion_650,resnet50_tl_20250829,8,4,64,128,68.0,132.0,134.4756622314453,134.11949157714844,0.356170654296875
ns_lion_650,resnet50_tl_20250829,8,4,64,132,68.0,136.0,134.4756622314453,134.2487335205078,0.2269287109375
ns_lion_650,resnet50_tl_20250829,8,4,64,136,68.0,140.0,134.4756622314453,134.29046630859375,0.1851959228515625
ns_lion_650,resnet50_tl_20250829,8,4,64,140,68.0,144.0,134.4756622314453,134.1890869140625,0.2865753173828125
ns_lion_650,resnet50_tl_20250829,8,4,64,144,68.0,148.0,134.4756622314453,134.3264923095703,0.149169921875
ns_lion_650,resnet50_tl_20250829,8,4,64,148,68.0,152.0,134.4756622314453,134.2918243408203,0.183837890625
ns_lion_650,resnet50_tl_20250829,8,4,64,152,68.0,156.0,134.4756622314453,134.3358917236328,0.1397705078125
ns_lion_650,resnet50_tl_20250829,8,4,64,156,68.0,160.0,134.4756622314453,134.14840698242188,0.3272552490234375
ns_lion_650,resnet50_tl_20250829,8,4,64,160,68.0,164.0,134.4756622314453,134.20912170410156,0.26654052734375
ns_lion_650,resnet50_tl_20250829,8,4,64,164,68.0,168.0,134.4756622314453,134.24447631835938,0.2311859130859375
ns_lion_650,resnet50_tl_20250829,8,4,64,168,68.0,172.0,134.4756622314453,134.30322265625,0.1724395751953125
ns_lion_650,resnet50_tl_20250829,8,4,64,172,68.0,176.0,134.4756622314453,134.23110961914062,0.2445526123046875
ns_lion_650,resnet50_tl_20250829,8,4,64,176,68.0,180.0,134.4756622314453,134.2942352294922,0.181427001953125
ns_lion_650,resnet50_tl_20250829,8,4,64,180,68.0,184.0,134.4756622314453,134.32859802246094,0.147064208984375
ns_lion_650,resnet50_tl_20250829,8,4,64,184,68.0,188.0,134.4756622314453,134.41481018066406,0.06085205078125
ns_lion_650,resnet50_tl_20250829,8,4,64,188,68.0,192.0,134.4756622314453,134.30162048339844,0.174041748046875
ns_lion_650,resnet50_tl_20250829,8,4,64,192,68.0,196.0,134.4756622314453,134.36148071289062,0.1141815185546875
ns_lion_650,resnet50_tl_20250829,8,4,64,196,68.0,200.0,134.4756622314453,134.3993682861328,0.0762939453125
ns_lion_650,resnet50_tl_20250829,8,4,64,200,68.0,204.0,134.4756622314453,134.4557647705078,0.0198974609375
ns_lion_650,resnet50_tl_20250829,8,4,64,204,68.0,208.0,134.4756622314453,134.43113708496094,0.044525146484375
ns_lion_650,resnet50_tl_20250829,8,4,64,208,68.0,212.0,134.4756622314453,134.45567321777344,0.019989013671875
ns_lion_650,resnet50_tl_20250829,8,4,64,212,68.0,216.0,134.4756622314453,134.4418487548828,0.0338134765625
ns_lion_650,resnet50_tl_20250829,8,4,64,216,68.0,220.0,134.4756622314453,134.46347045898438,0.0121917724609375
ns_lion_650,resnet50_tl_20250829,8,4,68,0,72.0,4.0,134.4756622314453,134.554443359375,-0.0787811279296875
ns_lion_650,resnet50_tl_20250829,8,4,68,4,72.0,8.0,134.4756622314453,134.39743041992188,0.0782318115234375
ns_lion_650,resnet50_tl_20250829,8,4,68,8,72.0,12.0,134.4756622314453,134.20835876464844,0.267303466796875
ns_lion_650,resnet50_tl_20250829,8,4,68,12,72.0,16.0,134.4756622314453,134.2081298828125,0.2675323486328125
ns_lion_650,resnet50_tl_20250829,8,4,68,16,72.0,20.0,134.4756622314453,134.1022186279297,0.373443603515625
ns_lion_650,resnet50_tl_20250829,8,4,68,20,72.0,24.0,134.4756622314453,134.18251037597656,0.29315185546875
ns_lion_650,resnet50_tl_20250829,8,4,68,24,72.0,28.0,134.4756622314453,134.3061065673828,0.1695556640625
ns_lion_650,resnet50_tl_20250829,8,4,68,28,72.0,32.0,134.4756622314453,134.2858123779297,0.189849853515625
ns_lion_650,resnet50_tl_20250829,8,4,68,32,72.0,36.0,134.4756622314453,134.26351928710938,0.2121429443359375
ns_lion_650,resnet50_tl_20250829,8,4,68,36,72.0,40.0,134.4756622314453,134.20057678222656,0.27508544921875
ns_lion_650,resnet50_tl_20250829,8,4,68,40,72.0,44.0,134.4756622314453,134.26197814941406,0.21368408203125
ns_lion_650,resnet50_tl_20250829,8,4,68,44,72.0,48.0,134.4756622314453,134.34962463378906,0.12603759765625
ns_lion_650,resnet50_tl_20250829,8,4,68,48,72.0,52.0,134.4756622314453,134.31985473632812,0.1558074951171875
ns_lion_650,resnet50_tl_20250829,8,4,68,52,72.0,56.0,134.4756622314453,134.2332305908203,0.242431640625
ns_lion_650,resnet50_tl_20250829,8,4,68,56,72.0,60.0,134.4756622314453,134.27761840820312,0.1980438232421875
ns_lion_650,resnet50_tl_20250829,8,4,68,60,72.0,64.0,134.4756622314453,134.25119018554688,0.2244720458984375
ns_lion_650,resnet50_tl_20250829,8,4,68,64,72.0,68.0,134.4756622314453,134.29112243652344,0.184539794921875
ns_lion_650,resnet50_tl_20250829,8,4,68,68,72.0,72.0,134.4756622314453,134.2484893798828,0.2271728515625
ns_lion_650,resnet50_tl_20250829,8,4,68,72,72.0,76.0,134.4756622314453,134.30123901367188,0.1744232177734375
ns_lion_650,resnet50_tl_20250829,8,4,68,76,72.0,80.0,134.4756622314453,134.28587341308594,0.189788818359375
ns_lion_650,resnet50_tl_20250829,8,4,68,80,72.0,84.0,134.4756622314453,134.2603302001953,0.21533203125
ns_lion_650,resnet50_tl_20250829,8,4,68,84,72.0,88.0,134.4756622314453,134.1009063720703,0.374755859375
ns_lion_650,resnet50_tl_20250829,8,4,68,88,72.0,92.0,134.4756622314453,134.06651306152344,0.409149169921875
ns_lion_650,resnet50_tl_20250829,8,4,68,92,72.0,96.0,134.4756622314453,134.05686950683594,0.418792724609375
ns_lion_650,resnet50_tl_20250829,8,4,68,96,72.0,100.0,134.4756622314453,133.96240234375,0.5132598876953125
ns_lion_650,resnet50_tl_20250829,8,4,68,100,72.0,104.0,134.4756622314453,134.21383666992188,0.2618255615234375
ns_lion_650,resnet50_tl_20250829,8,4,68,104,72.0,108.0,134.4756622314453,134.12933349609375,0.3463287353515625
ns_lion_650,resnet50_tl_20250829,8,4,68,108,72.0,112.0,134.4756622314453,134.1559600830078,0.3197021484375
ns_lion_650,resnet50_tl_20250829,8,4,68,112,72.0,116.0,134.4756622314453,134.134765625,0.3408966064453125
ns_lion_650,resnet50_tl_20250829,8,4,68,116,72.0,120.0,134.4756622314453,134.1573028564453,0.318359375
ns_lion_650,resnet50_tl_20250829,8,4,68,120,72.0,124.0,134.4756622314453,134.16995239257812,0.3057098388671875
ns_lion_650,resnet50_tl_20250829,8,4,68,124,72.0,128.0,134.4756622314453,134.25311279296875,0.2225494384765625
ns_lion_650,resnet50_tl_20250829,8,4,68,128,72.0,132.0,134.4756622314453,134.26626586914062,0.2093963623046875
ns_lion_650,resnet50_tl_20250829,8,4,68,132,72.0,136.0,134.4756622314453,134.31387329101562,0.1617889404296875
ns_lion_650,resnet50_tl_20250829,8,4,68,136,72.0,140.0,134.4756622314453,134.2853546142578,0.1903076171875
ns_lion_650,resnet50_tl_20250829,8,4,68,140,72.0,144.0,134.4756622314453,134.3188934326172,0.156768798828125
ns_lion_650,resnet50_tl_20250829,8,4,68,144,72.0,148.0,134.4756622314453,134.3963623046875,0.0792999267578125
ns_lion_650,resnet50_tl_20250829,8,4,68,148,72.0,152.0,134.4756622314453,134.4993896484375,-0.0237274169921875
ns_lion_650,resnet50_tl_20250829,8,4,68,152,72.0,156.0,134.4756622314453,134.41607666015625,0.0595855712890625
ns_lion_650,resnet50_tl_20250829,8,4,68,156,72.0,160.0,134.4756622314453,134.37278747558594,0.102874755859375
ns_lion_650,resnet50_tl_20250829,8,4,68,160,72.0,164.0,134.4756622314453,134.3741912841797,0.101470947265625
ns_lion_650,resnet50_tl_20250829,8,4,68,164,72.0,168.0,134.4756622314453,134.390869140625,0.0847930908203125
ns_lion_650,resnet50_tl_20250829,8,4,68,168,72.0,172.0,134.4756622314453,134.377685546875,0.0979766845703125
ns_lion_650,resnet50_tl_20250829,8,4,68,172,72.0,176.0,134.4756622314453,134.39413452148438,0.0815277099609375
ns_lion_650,resnet50_tl_20250829,8,4,68,176,72.0,180.0,134.4756622314453,134.4410400390625,0.0346221923828125
ns_lion_650,resnet50_tl_20250829,8,4,68,180,72.0,184.0,134.4756622314453,134.45948791503906,0.01617431640625
ns_lion_650,resnet50_tl_20250829,8,4,68,184,72.0,188.0,134.4756622314453,134.46121215820312,0.0144500732421875
ns_lion_650,resnet50_tl_20250829,8,4,68,188,72.0,192.0,134.4756622314453,134.4608154296875,0.0148468017578125
ns_lion_650,resnet50_tl_20250829,8,4,68,192,72.0,196.0,134.4756622314453,134.5315399169922,-0.055877685546875
ns_lion_650,resnet50_tl_20250829,8,4,68,196,72.0,200.0,134.4756622314453,134.46278381347656,0.01287841796875
ns_lion_650,resnet50_tl_20250829,8,4,68,200,72.0,204.0,134.4756622314453,134.45787048339844,0.017791748046875
ns_lion_650,resnet50_tl_20250829,8,4,68,204,72.0,208.0,134.4756622314453,134.46121215820312,0.0144500732421875
ns_lion_650,resnet50_tl_20250829,8,4,68,208,72.0,212.0,134.4756622314453,134.52027893066406,-0.04461669921875
ns_lion_650,resnet50_tl_20250829,8,4,68,212,72.0,216.0,134.4756622314453,134.47850036621094,-0.002838134765625
ns_lion_650,resnet50_tl_20250829,8,4,68,216,72.0,220.0,134.4756622314453,134.45574951171875,0.0199127197265625
ns_lion_650,resnet50_tl_20250829,8,4,72,0,76.0,4.0,134.4756622314453,134.47645568847656,-0.00079345703125
ns_lion_650,resnet50_tl_20250829,8,4,72,4,76.0,8.0,134.4756622314453,134.47169494628906,0.00396728515625
ns_lion_650,resnet50_tl_20250829,8,4,72,8,76.0,12.0,134.4756622314453,134.31759643554688,0.1580657958984375
ns_lion_650,resnet50_tl_20250829,8,4,72,12,76.0,16.0,134.4756622314453,134.2681427001953,0.20751953125
ns_lion_650,resnet50_tl_20250829,8,4,72,16,76.0,20.0,134.4756622314453,134.1552734375,0.3203887939453125
ns_lion_650,resnet50_tl_20250829,8,4,72,20,76.0,24.0,134.4756622314453,134.26161193847656,0.21405029296875
ns_lion_650,resnet50_tl_20250829,8,4,72,24,76.0,28.0,134.4756622314453,134.31869506835938,0.1569671630859375
ns_lion_650,resnet50_tl_20250829,8,4,72,28,76.0,32.0,134.4756622314453,134.28819274902344,0.187469482421875
ns_lion_650,resnet50_tl_20250829,8,4,72,32,76.0,36.0,134.4756622314453,134.29339599609375,0.1822662353515625
ns_lion_650,resnet50_tl_20250829,8,4,72,36,76.0,40.0,134.4756622314453,134.18667602539062,0.2889862060546875
ns_lion_650,resnet50_tl_20250829,8,4,72,40,76.0,44.0,134.4756622314453,134.26466369628906,0.21099853515625
ns_lion_650,resnet50_tl_20250829,8,4,72,44,76.0,48.0,134.4756622314453,134.33255004882812,0.1431121826171875
ns_lion_650,resnet50_tl_20250829,8,4,72,48,76.0,52.0,134.4756622314453,134.32411193847656,0.15155029296875
ns_lion_650,resnet50_tl_20250829,8,4,72,52,76.0,56.0,134.4756622314453,134.20643615722656,0.26922607421875
ns_lion_650,resnet50_tl_20250829,8,4,72,56,76.0,60.0,134.4756622314453,134.28311157226562,0.1925506591796875
ns_lion_650,resnet50_tl_20250829,8,4,72,60,76.0,64.0,134.4756622314453,134.27438354492188,0.2012786865234375
ns_lion_650,resnet50_tl_20250829,8,4,72,64,76.0,68.0,134.4756622314453,134.25006103515625,0.2256011962890625
ns_lion_650,resnet50_tl_20250829,8,4,72,68,76.0,72.0,134.4756622314453,134.192626953125,0.2830352783203125
ns_lion_650,resnet50_tl_20250829,8,4,72,72,76.0,76.0,134.4756622314453,134.28836059570312,0.1873016357421875
ns_lion_650,resnet50_tl_20250829,8,4,72,76,76.0,80.0,134.4756622314453,134.24098205566406,0.23468017578125
ns_lion_650,resnet50_tl_20250829,8,4,72,80,76.0,84.0,134.4756622314453,134.2571258544922,0.218536376953125
ns_lion_650,resnet50_tl_20250829,8,4,72,84,76.0,88.0,134.4756622314453,134.1468505859375,0.3288116455078125
ns_lion_650,resnet50_tl_20250829,8,4,72,88,76.0,92.0,134.4756622314453,134.0787353515625,0.3969268798828125
ns_lion_650,resnet50_tl_20250829,8,4,72,92,76.0,96.0,134.4756622314453,134.00779724121094,0.467864990234375
ns_lion_650,resnet50_tl_20250829,8,4,72,96,76.0,100.0,134.4756622314453,133.81304931640625,0.6626129150390625
ns_lion_650,resnet50_tl_20250829,8,4,72,100,76.0,104.0,134.4756622314453,133.81185913085938,0.6638031005859375
ns_lion_650,resnet50_tl_20250829,8,4,72,104,76.0,108.0,134.4756622314453,133.71292114257812,0.7627410888671875
ns_lion_650,resnet50_tl_20250829,8,4,72,108,76.0,112.0,134.4756622314453,133.8010711669922,0.674591064453125
ns_lion_650,resnet50_tl_20250829,8,4,72,112,76.0,116.0,134.4756622314453,133.786376953125,0.6892852783203125
ns_lion_650,resnet50_tl_20250829,8,4,72,116,76.0,120.0,134.4756622314453,133.83653259277344,0.639129638671875
ns_lion_650,resnet50_tl_20250829,8,4,72,120,76.0,124.0,134.4756622314453,133.95639038085938,0.5192718505859375
ns_lion_650,resnet50_tl_20250829,8,4,72,124,76.0,128.0,134.4756622314453,134.04388427734375,0.4317779541015625
ns_lion_650,resnet50_tl_20250829,8,4,72,128,76.0,132.0,134.4756622314453,134.0068817138672,0.468780517578125
ns_lion_650,resnet50_tl_20250829,8,4,72,132,76.0,136.0,134.4756622314453,134.19155883789062,0.2841033935546875
ns_lion_650,resnet50_tl_20250829,8,4,72,136,76.0,140.0,134.4756622314453,134.1014404296875,0.3742218017578125
ns_lion_650,resnet50_tl_20250829,8,4,72,140,76.0,144.0,134.4756622314453,134.1621551513672,0.313507080078125
ns_lion_650,resnet50_tl_20250829,8,4,72,144,76.0,148.0,134.4756622314453,134.29129028320312,0.1843719482421875
ns_lion_650,resnet50_tl_20250829,8,4,72,148,76.0,152.0,134.4756622314453,134.37303161621094,0.102630615234375
ns_lion_650,resnet50_tl_20250829,8,4,72,152,76.0,156.0,134.4756622314453,134.3775634765625,0.0980987548828125
ns_lion_650,resnet50_tl_20250829,8,4,72,156,76.0,160.0,134.4756622314453,134.25369262695312,0.2219696044921875
ns_lion_650,resnet50_tl_20250829,8,4,72,160,76.0,164.0,134.4756622314453,134.25946044921875,0.2162017822265625
ns_lion_650,resnet50_tl_20250829,8,4,72,164,76.0,168.0,134.4756622314453,134.2303924560547,0.245269775390625
ns_lion_650,resnet50_tl_20250829,8,4,72,168,76.0,172.0,134.4756622314453,134.32388305664062,0.1517791748046875
ns_lion_650,resnet50_tl_20250829,8,4,72,172,76.0,176.0,134.4756622314453,134.2572021484375,0.2184600830078125
ns_lion_650,resnet50_tl_20250829,8,4,72,176,76.0,180.0,134.4756622314453,134.32411193847656,0.15155029296875
ns_lion_650,resnet50_tl_20250829,8,4,72,180,76.0,184.0,134.4756622314453,134.32672119140625,0.1489410400390625
ns_lion_650,resnet50_tl_20250829,8,4,72,184,76.0,188.0,134.4756622314453,134.4407958984375,0.0348663330078125
ns_lion_650,resnet50_tl_20250829,8,4,72,188,76.0,192.0,134.4756622314453,134.4117431640625,0.0639190673828125
ns_lion_650,resnet50_tl_20250829,8,4,72,192,76.0,196.0,134.4756622314453,134.47036743164062,0.0052947998046875
ns_lion_650,resnet50_tl_20250829,8,4,72,196,76.0,200.0,134.4756622314453,134.41969299316406,0.05596923828125
ns_lion_650,resnet50_tl_20250829,8,4,72,200,76.0,204.0,134.4756622314453,134.4563446044922,0.019317626953125
ns_lion_650,resnet50_tl_20250829,8,4,72,204,76.0,208.0,134.4756622314453,134.4439697265625,0.0316925048828125
ns_lion_650,resnet50_tl_20250829,8,4,72,208,76.0,212.0,134.4756622314453,134.46282958984375,0.0128326416015625
ns_lion_650,resnet50_tl_20250829,8,4,72,212,76.0,216.0,134.4756622314453,134.43772888183594,0.037933349609375
ns_lion_650,resnet50_tl_20250829,8,4,72,216,76.0,220.0,134.4756622314453,134.45654296875,0.0191192626953125
ns_lion_650,resnet50_tl_20250829,8,4,76,0,80.0,4.0,134.4756622314453,134.40829467773438,0.0673675537109375
ns_lion_650,resnet50_tl_20250829,8,4,76,4,80.0,8.0,134.4756622314453,134.3851776123047,0.090484619140625
ns_lion_650,resnet50_tl_20250829,8,4,76,8,80.0,12.0,134.4756622314453,134.40811157226562,0.0675506591796875
ns_lion_650,resnet50_tl_20250829,8,4,76,12,80.0,16.0,134.4756622314453,134.19754028320312,0.2781219482421875
ns_lion_650,resnet50_tl_20250829,8,4,76,16,80.0,20.0,134.4756622314453,134.1441192626953,0.33154296875
ns_lion_650,resnet50_tl_20250829,8,4,76,20,80.0,24.0,134.4756622314453,134.3545379638672,0.121124267578125
ns_lion_650,resnet50_tl_20250829,8,4,76,24,80.0,28.0,134.4756622314453,134.31292724609375,0.1627349853515625
ns_lion_650,resnet50_tl_20250829,8,4,76,28,80.0,32.0,134.4756622314453,134.2117462158203,0.263916015625
ns_lion_650,resnet50_tl_20250829,8,4,76,32,80.0,36.0,134.4756622314453,134.19325256347656,0.28240966796875
ns_lion_650,resnet50_tl_20250829,8,4,76,36,80.0,40.0,134.4756622314453,134.29986572265625,0.1757965087890625
ns_lion_650,resnet50_tl_20250829,8,4,76,40,80.0,44.0,134.4756622314453,134.25863647460938,0.2170257568359375
ns_lion_650,resnet50_tl_20250829,8,4,76,44,80.0,48.0,134.4756622314453,134.19595336914062,0.2797088623046875
ns_lion_650,resnet50_tl_20250829,8,4,76,48,80.0,52.0,134.4756622314453,134.13890075683594,0.336761474609375
ns_lion_650,resnet50_tl_20250829,8,4,76,52,80.0,56.0,134.4756622314453,134.31101989746094,0.164642333984375
ns_lion_650,resnet50_tl_20250829,8,4,76,56,80.0,60.0,134.4756622314453,134.2262420654297,0.249420166015625
ns_lion_650,resnet50_tl_20250829,8,4,76,60,80.0,64.0,134.4756622314453,134.07736206054688,0.3983001708984375
ns_lion_650,resnet50_tl_20250829,8,4,76,64,80.0,68.0,134.4756622314453,134.0343780517578,0.4412841796875
ns_lion_650,resnet50_tl_20250829,8,4,76,68,80.0,72.0,134.4756622314453,134.1565399169922,0.319122314453125
ns_lion_650,resnet50_tl_20250829,8,4,76,72,80.0,76.0,134.4756622314453,134.1600799560547,0.315582275390625
ns_lion_650,resnet50_tl_20250829,8,4,76,76,80.0,80.0,134.4756622314453,134.08905029296875,0.3866119384765625
ns_lion_650,resnet50_tl_20250829,8,4,76,80,80.0,84.0,134.4756622314453,134.09664916992188,0.3790130615234375
ns_lion_650,resnet50_tl_20250829,8,4,76,84,80.0,88.0,134.4756622314453,134.20513916015625,0.2705230712890625
ns_lion_650,resnet50_tl_20250829,8,4,76,88,80.0,92.0,134.4756622314453,134.16551208496094,0.310150146484375
ns_lion_650,resnet50_tl_20250829,8,4,76,92,80.0,96.0,134.4756622314453,134.0976104736328,0.3780517578125
ns_lion_650,resnet50_tl_20250829,8,4,76,96,80.0,100.0,134.4756622314453,134.05807495117188,0.4175872802734375
ns_lion_650,resnet50_tl_20250829,8,4,76,100,80.0,104.0,134.4756622314453,134.06961059570312,0.4060516357421875
ns_lion_650,resnet50_tl_20250829,8,4,76,104,80.0,108.0,134.4756622314453,134.06582641601562,0.4098358154296875
ns_lion_650,resnet50_tl_20250829,8,4,76,108,80.0,112.0,134.4756622314453,134.03695678710938,0.4387054443359375
ns_lion_650,resnet50_tl_20250829,8,4,76,112,80.0,116.0,134.4756622314453,134.07394409179688,0.4017181396484375
ns_lion_650,resnet50_tl_20250829,8,4,76,116,80.0,120.0,134.4756622314453,133.97189331054688,0.5037689208984375
ns_lion_650,resnet50_tl_20250829,8,4,76,120,80.0,124.0,134.4756622314453,134.07179260253906,0.40386962890625
ns_lion_650,resnet50_tl_20250829,8,4,76,124,80.0,128.0,134.4756622314453,133.89944458007812,0.5762176513671875
ns_lion_650,resnet50_tl_20250829,8,4,76,128,80.0,132.0,134.4756622314453,133.97702026367188,0.4986419677734375
ns_lion_650,resnet50_tl_20250829,8,4,76,132,80.0,136.0,134.4756622314453,134.1134490966797,0.362213134765625
ns_lion_650,resnet50_tl_20250829,8,4,76,136,80.0,140.0,134.4756622314453,134.14561462402344,0.330047607421875
ns_lion_650,resnet50_tl_20250829,8,4,76,140,80.0,144.0,134.4756622314453,134.216796875,0.2588653564453125
ns_lion_650,resnet50_tl_20250829,8,4,76,144,80.0,148.0,134.4756622314453,134.24871826171875,0.2269439697265625
ns_lion_650,resnet50_tl_20250829,8,4,76,148,80.0,152.0,134.4756622314453,134.4136199951172,0.062042236328125
ns_lion_650,resnet50_tl_20250829,8,4,76,152,80.0,156.0,134.4756622314453,134.37127685546875,0.1043853759765625
ns_lion_650,resnet50_tl_20250829,8,4,76,156,80.0,160.0,134.4756622314453,134.3005828857422,0.175079345703125
ns_lion_650,resnet50_tl_20250829,8,4,76,160,80.0,164.0,134.4756622314453,134.2681427001953,0.20751953125
ns_lion_650,resnet50_tl_20250829,8,4,76,164,80.0,168.0,134.4756622314453,134.29718017578125,0.1784820556640625
ns_lion_650,resnet50_tl_20250829,8,4,76,168,80.0,172.0,134.4756622314453,134.36940002441406,0.10626220703125
ns_lion_650,resnet50_tl_20250829,8,4,76,172,80.0,176.0,134.4756622314453,134.2562713623047,0.219390869140625
ns_lion_650,resnet50_tl_20250829,8,4,76,176,80.0,180.0,134.4756622314453,134.27288818359375,0.2027740478515625
ns_lion_650,resnet50_tl_20250829,8,4,76,180,80.0,184.0,134.4756622314453,134.3448486328125,0.1308135986328125
ns_lion_650,resnet50_tl_20250829,8,4,76,184,80.0,188.0,134.4756622314453,134.45745849609375,0.0182037353515625
ns_lion_650,resnet50_tl_20250829,8,4,76,188,80.0,192.0,134.4756622314453,134.3833465576172,0.092315673828125
ns_lion_650,resnet50_tl_20250829,8,4,76,192,80.0,196.0,134.4756622314453,134.43150329589844,0.044158935546875
ns_lion_650,resnet50_tl_20250829,8,4,76,196,80.0,200.0,134.4756622314453,134.35520935058594,0.120452880859375
ns_lion_650,resnet50_tl_20250829,8,4,76,200,80.0,204.0,134.4756622314453,134.4521026611328,0.0235595703125
ns_lion_650,resnet50_tl_20250829,8,4,76,204,80.0,208.0,134.4756622314453,134.41357421875,0.0620880126953125
ns_lion_650,resnet50_tl_20250829,8,4,76,208,80.0,212.0,134.4756622314453,134.41773986816406,0.05792236328125
ns_lion_650,resnet50_tl_20250829,8,4,76,212,80.0,216.0,134.4756622314453,134.4024658203125,0.0731964111328125
ns_lion_650,resnet50_tl_20250829,8,4,76,216,80.0,220.0,134.4756622314453,134.43975830078125,0.0359039306640625
ns_lion_650,resnet50_tl_20250829,8,4,80,0,84.0,4.0,134.4756622314453,134.29684448242188,0.1788177490234375
ns_lion_650,resnet50_tl_20250829,8,4,80,4,84.0,8.0,134.4756622314453,134.33580017089844,0.139862060546875
ns_lion_650,resnet50_tl_20250829,8,4,80,8,84.0,12.0,134.4756622314453,134.4373321533203,0.038330078125
ns_lion_650,resnet50_tl_20250829,8,4,80,12,84.0,16.0,134.4756622314453,134.27069091796875,0.2049713134765625
ns_lion_650,resnet50_tl_20250829,8,4,80,16,84.0,20.0,134.4756622314453,134.26376342773438,0.2118988037109375
ns_lion_650,resnet50_tl_20250829,8,4,80,20,84.0,24.0,134.4756622314453,134.35748291015625,0.1181793212890625
ns_lion_650,resnet50_tl_20250829,8,4,80,24,84.0,28.0,134.4756622314453,134.36512756347656,0.11053466796875
ns_lion_650,resnet50_tl_20250829,8,4,80,28,84.0,32.0,134.4756622314453,134.1853485107422,0.290313720703125
ns_lion_650,resnet50_tl_20250829,8,4,80,32,84.0,36.0,134.4756622314453,134.2397003173828,0.2359619140625
ns_lion_650,resnet50_tl_20250829,8,4,80,36,84.0,40.0,134.4756622314453,134.25906372070312,0.2165985107421875
ns_lion_650,resnet50_tl_20250829,8,4,80,40,84.0,44.0,134.4756622314453,134.34637451171875,0.1292877197265625
ns_lion_650,resnet50_tl_20250829,8,4,80,44,84.0,48.0,134.4756622314453,134.18458557128906,0.29107666015625
ns_lion_650,resnet50_tl_20250829,8,4,80,48,84.0,52.0,134.4756622314453,134.19461059570312,0.2810516357421875
ns_lion_650,resnet50_tl_20250829,8,4,80,52,84.0,56.0,134.4756622314453,134.287353515625,0.1883087158203125
ns_lion_650,resnet50_tl_20250829,8,4,80,56,84.0,60.0,134.4756622314453,134.3356170654297,0.140045166015625
ns_lion_650,resnet50_tl_20250829,8,4,80,60,84.0,64.0,134.4756622314453,134.1239776611328,0.3516845703125
ns_lion_650,resnet50_tl_20250829,8,4,80,64,84.0,68.0,134.4756622314453,134.13995361328125,0.3357086181640625
ns_lion_650,resnet50_tl_20250829,8,4,80,68,84.0,72.0,134.4756622314453,134.16322326660156,0.31243896484375
ns_lion_650,resnet50_tl_20250829,8,4,80,72,84.0,76.0,134.4756622314453,134.27120971679688,0.2044525146484375
ns_lion_650,resnet50_tl_20250829,8,4,80,76,84.0,80.0,134.4756622314453,134.13558959960938,0.3400726318359375
ns_lion_650,resnet50_tl_20250829,8,4,80,80,84.0,84.0,134.4756622314453,134.04608154296875,0.4295806884765625
ns_lion_650,resnet50_tl_20250829,8,4,80,84,84.0,88.0,134.4756622314453,134.18768310546875,0.2879791259765625
ns_lion_650,resnet50_tl_20250829,8,4,80,88,84.0,92.0,134.4756622314453,134.21514892578125,0.2605133056640625
ns_lion_650,resnet50_tl_20250829,8,4,80,92,84.0,96.0,134.4756622314453,134.09246826171875,0.3831939697265625
ns_lion_650,resnet50_tl_20250829,8,4,80,96,84.0,100.0,134.4756622314453,134.08749389648438,0.3881683349609375
ns_lion_650,resnet50_tl_20250829,8,4,80,100,84.0,104.0,134.4756622314453,134.11070251464844,0.364959716796875
ns_lion_650,resnet50_tl_20250829,8,4,80,104,84.0,108.0,134.4756622314453,134.30462646484375,0.1710357666015625
ns_lion_650,resnet50_tl_20250829,8,4,80,108,84.0,112.0,134.4756622314453,134.25868225097656,0.21697998046875
ns_lion_650,resnet50_tl_20250829,8,4,80,112,84.0,116.0,134.4756622314453,134.29293823242188,0.1827239990234375
ns_lion_650,resnet50_tl_20250829,8,4,80,116,84.0,120.0,134.4756622314453,134.28709411621094,0.188568115234375
ns_lion_650,resnet50_tl_20250829,8,4,80,120,84.0,124.0,134.4756622314453,134.3799285888672,0.095733642578125
ns_lion_650,resnet50_tl_20250829,8,4,80,124,84.0,128.0,134.4756622314453,134.19973754882812,0.2759246826171875
ns_lion_650,resnet50_tl_20250829,8,4,80,128,84.0,132.0,134.4756622314453,134.29428100585938,0.1813812255859375
ns_lion_650,resnet50_tl_20250829,8,4,80,132,84.0,136.0,134.4756622314453,134.31788635253906,0.15777587890625
ns_lion_650,resnet50_tl_20250829,8,4,80,136,84.0,140.0,134.4756622314453,134.2857666015625,0.1898956298828125
ns_lion_650,resnet50_tl_20250829,8,4,80,140,84.0,144.0,134.4756622314453,134.17202758789062,0.3036346435546875
ns_lion_650,resnet50_tl_20250829,8,4,80,144,84.0,148.0,134.4756622314453,134.22943115234375,0.2462310791015625
ns_lion_650,resnet50_tl_20250829,8,4,80,148,84.0,152.0,134.4756622314453,134.2956085205078,0.1800537109375
ns_lion_650,resnet50_tl_20250829,8,4,80,152,84.0,156.0,134.4756622314453,134.33108520507812,0.1445770263671875
ns_lion_650,resnet50_tl_20250829,8,4,80,156,84.0,160.0,134.4756622314453,134.25013732910156,0.22552490234375
ns_lion_650,resnet50_tl_20250829,8,4,80,160,84.0,164.0,134.4756622314453,134.24850463867188,0.2271575927734375
ns_lion_650,resnet50_tl_20250829,8,4,80,164,84.0,168.0,134.4756622314453,134.2605743408203,0.215087890625
ns_lion_650,resnet50_tl_20250829,8,4,80,168,84.0,172.0,134.4756622314453,134.3587646484375,0.1168975830078125
ns_lion_650,resnet50_tl_20250829,8,4,80,172,84.0,176.0,134.4756622314453,134.2064666748047,0.269195556640625
ns_lion_650,resnet50_tl_20250829,8,4,80,176,84.0,180.0,134.4756622314453,134.2871856689453,0.1884765625
ns_lion_650,resnet50_tl_20250829,8,4,80,180,84.0,184.0,134.4756622314453,134.3255615234375,0.1501007080078125
ns_lion_650,resnet50_tl_20250829,8,4,80,184,84.0,188.0,134.4756622314453,134.4500732421875,0.0255889892578125
ns_lion_650,resnet50_tl_20250829,8,4,80,188,84.0,192.0,134.4756622314453,134.36868286132812,0.1069793701171875
ns_lion_650,resnet50_tl_20250829,8,4,80,192,84.0,196.0,134.4756622314453,134.4564971923828,0.0191650390625
ns_lion_650,resnet50_tl_20250829,8,4,80,196,84.0,200.0,134.4756622314453,134.4256591796875,0.0500030517578125
ns_lion_650,resnet50_tl_20250829,8,4,80,200,84.0,204.0,134.4756622314453,134.4877166748047,-0.012054443359375
ns_lion_650,resnet50_tl_20250829,8,4,80,204,84.0,208.0,134.4756622314453,134.43997192382812,0.0356903076171875
ns_lion_650,resnet50_tl_20250829,8,4,80,208,84.0,212.0,134.4756622314453,134.4569091796875,0.0187530517578125
ns_lion_650,resnet50_tl_20250829,8,4,80,212,84.0,216.0,134.4756622314453,134.44822692871094,0.027435302734375
ns_lion_650,resnet50_tl_20250829,8,4,80,216,84.0,220.0,134.4756622314453,134.45401000976562,0.0216522216796875
ns_lion_650,resnet50_tl_20250829,8,4,84,0,88.0,4.0,134.4756622314453,134.43850708007812,0.0371551513671875
ns_lion_650,resnet50_tl_20250829,8,4,84,4,88.0,8.0,134.4756622314453,134.30824279785156,0.16741943359375
ns_lion_650,resnet50_tl_20250829,8,4,84,8,88.0,12.0,134.4756622314453,134.37295532226562,0.1027069091796875
ns_lion_650,resnet50_tl_20250829,8,4,84,12,88.0,16.0,134.4756622314453,134.32786560058594,0.147796630859375
ns_lion_650,resnet50_tl_20250829,8,4,84,16,88.0,20.0,134.4756622314453,134.20968627929688,0.2659759521484375
ns_lion_650,resnet50_tl_20250829,8,4,84,20,88.0,24.0,134.4756622314453,134.31175231933594,0.163909912109375
ns_lion_650,resnet50_tl_20250829,8,4,84,24,88.0,28.0,134.4756622314453,134.31988525390625,0.1557769775390625
ns_lion_650,resnet50_tl_20250829,8,4,84,28,88.0,32.0,134.4756622314453,134.2970733642578,0.1785888671875
ns_lion_650,resnet50_tl_20250829,8,4,84,32,88.0,36.0,134.4756622314453,134.24993896484375,0.2257232666015625
ns_lion_650,resnet50_tl_20250829,8,4,84,36,88.0,40.0,134.4756622314453,134.14833068847656,0.32733154296875
ns_lion_650,resnet50_tl_20250829,8,4,84,40,88.0,44.0,134.4756622314453,134.26097106933594,0.214691162109375
ns_lion_650,resnet50_tl_20250829,8,4,84,44,88.0,48.0,134.4756622314453,134.3084716796875,0.1671905517578125
ns_lion_650,resnet50_tl_20250829,8,4,84,48,88.0,52.0,134.4756622314453,134.232177734375,0.2434844970703125
ns_lion_650,resnet50_tl_20250829,8,4,84,52,88.0,56.0,134.4756622314453,134.1578826904297,0.317779541015625
ns_lion_650,resnet50_tl_20250829,8,4,84,56,88.0,60.0,134.4756622314453,134.24668884277344,0.228973388671875
ns_lion_650,resnet50_tl_20250829,8,4,84,60,88.0,64.0,134.4756622314453,134.310546875,0.1651153564453125
ns_lion_650,resnet50_tl_20250829,8,4,84,64,88.0,68.0,134.4756622314453,134.2312774658203,0.244384765625
ns_lion_650,resnet50_tl_20250829,8,4,84,68,88.0,72.0,134.4756622314453,134.1410675048828,0.3345947265625
ns_lion_650,resnet50_tl_20250829,8,4,84,72,88.0,76.0,134.4756622314453,134.13575744628906,0.33990478515625
ns_lion_650,resnet50_tl_20250829,8,4,84,76,88.0,80.0,134.4756622314453,134.13636779785156,0.33929443359375
ns_lion_650,resnet50_tl_20250829,8,4,84,80,88.0,84.0,134.4756622314453,134.0033721923828,0.4722900390625
ns_lion_650,resnet50_tl_20250829,8,4,84,84,88.0,88.0,134.4756622314453,133.92234802246094,0.553314208984375
ns_lion_650,resnet50_tl_20250829,8,4,84,88,88.0,92.0,134.4756622314453,133.9672393798828,0.5084228515625
ns_lion_650,resnet50_tl_20250829,8,4,84,92,88.0,96.0,134.4756622314453,133.98780822753906,0.48785400390625
ns_lion_650,resnet50_tl_20250829,8,4,84,96,88.0,100.0,134.4756622314453,133.90966796875,0.5659942626953125
ns_lion_650,resnet50_tl_20250829,8,4,84,100,88.0,104.0,134.4756622314453,133.74269104003906,0.73297119140625
ns_lion_650,resnet50_tl_20250829,8,4,84,104,88.0,108.0,134.4756622314453,133.9508819580078,0.5247802734375
ns_lion_650,resnet50_tl_20250829,8,4,84,108,88.0,112.0,134.4756622314453,134.1433868408203,0.332275390625
ns_lion_650,resnet50_tl_20250829,8,4,84,112,88.0,116.0,134.4756622314453,134.1456756591797,0.329986572265625
ns_lion_650,resnet50_tl_20250829,8,4,84,116,88.0,120.0,134.4756622314453,134.1295928955078,0.3460693359375
ns_lion_650,resnet50_tl_20250829,8,4,84,120,88.0,124.0,134.4756622314453,134.2378692626953,0.23779296875
ns_lion_650,resnet50_tl_20250829,8,4,84,124,88.0,128.0,134.4756622314453,134.23892211914062,0.2367401123046875
ns_lion_650,resnet50_tl_20250829,8,4,84,128,88.0,132.0,134.4756622314453,134.30397033691406,0.17169189453125
ns_lion_650,resnet50_tl_20250829,8,4,84,132,88.0,136.0,134.4756622314453,134.26473999023438,0.2109222412109375
ns_lion_650,resnet50_tl_20250829,8,4,84,136,88.0,140.0,134.4756622314453,134.3080291748047,0.167633056640625
ns_lion_650,resnet50_tl_20250829,8,4,84,140,88.0,144.0,134.4756622314453,134.20513916015625,0.2705230712890625
ns_lion_650,resnet50_tl_20250829,8,4,84,144,88.0,148.0,134.4756622314453,134.3765411376953,0.09912109375
ns_lion_650,resnet50_tl_20250829,8,4,84,148,88.0,152.0,134.4756622314453,134.26007080078125,0.2155914306640625
ns_lion_650,resnet50_tl_20250829,8,4,84,152,88.0,156.0,134.4756622314453,134.31312561035156,0.16253662109375
ns_lion_650,resnet50_tl_20250829,8,4,84,156,88.0,160.0,134.4756622314453,134.36851501464844,0.107147216796875
ns_lion_650,resnet50_tl_20250829,8,4,84,160,88.0,164.0,134.4756622314453,134.38754272460938,0.0881195068359375
ns_lion_650,resnet50_tl_20250829,8,4,84,164,88.0,168.0,134.4756622314453,134.50518798828125,-0.0295257568359375
ns_lion_650,resnet50_tl_20250829,8,4,84,168,88.0,172.0,134.4756622314453,134.44198608398438,0.0336761474609375
ns_lion_650,resnet50_tl_20250829,8,4,84,172,88.0,176.0,134.4756622314453,134.430908203125,0.0447540283203125
ns_lion_650,resnet50_tl_20250829,8,4,84,176,88.0,180.0,134.4756622314453,134.50230407714844,-0.026641845703125
ns_lion_650,resnet50_tl_20250829,8,4,84,180,88.0,184.0,134.4756622314453,134.47764587402344,-0.001983642578125
ns_lion_650,resnet50_tl_20250829,8,4,84,184,88.0,188.0,134.4756622314453,134.4959716796875,-0.0203094482421875
ns_lion_650,resnet50_tl_20250829,8,4,84,188,88.0,192.0,134.4756622314453,134.45033264160156,0.02532958984375
ns_lion_650,resnet50_tl_20250829,8,4,84,192,88.0,196.0,134.4756622314453,134.57952880859375,-0.1038665771484375
ns_lion_650,resnet50_tl_20250829,8,4,84,196,88.0,200.0,134.4756622314453,134.47900390625,-0.0033416748046875
ns_lion_650,resnet50_tl_20250829,8,4,84,200,88.0,204.0,134.4756622314453,134.46267700195312,0.0129852294921875
ns_lion_650,resnet50_tl_20250829,8,4,84,204,88.0,208.0,134.4756622314453,134.44981384277344,0.025848388671875
ns_lion_650,resnet50_tl_20250829,8,4,84,208,88.0,212.0,134.4756622314453,134.51414489746094,-0.038482666015625
ns_lion_650,resnet50_tl_20250829,8,4,84,212,88.0,216.0,134.4756622314453,134.492919921875,-0.0172576904296875
ns_lion_650,resnet50_tl_20250829,8,4,84,216,88.0,220.0,134.4756622314453,134.45701599121094,0.018646240234375
ns_lion_650,resnet50_tl_20250829,8,4,88,0,92.0,4.0,134.4756622314453,134.3037872314453,0.171875
ns_lion_650,resnet50_tl_20250829,8,4,88,4,92.0,8.0,134.4756622314453,134.3133544921875,0.1623077392578125
ns_lion_650,resnet50_tl_20250829,8,4,88,8,92.0,12.0,134.4756622314453,134.32875061035156,0.14691162109375
ns_lion_650,resnet50_tl_20250829,8,4,88,12,92.0,16.0,134.4756622314453,134.28829956054688,0.1873626708984375
ns_lion_650,resnet50_tl_20250829,8,4,88,16,92.0,20.0,134.4756622314453,134.2803497314453,0.1953125
ns_lion_650,resnet50_tl_20250829,8,4,88,20,92.0,24.0,134.4756622314453,134.2926483154297,0.183013916015625
ns_lion_650,resnet50_tl_20250829,8,4,88,24,92.0,28.0,134.4756622314453,134.27346801757812,0.2021942138671875
ns_lion_650,resnet50_tl_20250829,8,4,88,28,92.0,32.0,134.4756622314453,134.25210571289062,0.2235565185546875
ns_lion_650,resnet50_tl_20250829,8,4,88,32,92.0,36.0,134.4756622314453,134.2617950439453,0.2138671875
ns_lion_650,resnet50_tl_20250829,8,4,88,36,92.0,40.0,134.4756622314453,134.1555938720703,0.320068359375
ns_lion_650,resnet50_tl_20250829,8,4,88,40,92.0,44.0,134.4756622314453,134.22604370117188,0.2496185302734375
ns_lion_650,resnet50_tl_20250829,8,4,88,44,92.0,48.0,134.4756622314453,134.25979614257812,0.2158660888671875
ns_lion_650,resnet50_tl_20250829,8,4,88,48,92.0,52.0,134.4756622314453,134.252685546875,0.2229766845703125
ns_lion_650,resnet50_tl_20250829,8,4,88,52,92.0,56.0,134.4756622314453,134.18531799316406,0.29034423828125
ns_lion_650,resnet50_tl_20250829,8,4,88,56,92.0,60.0,134.4756622314453,134.18661499023438,0.2890472412109375
ns_lion_650,resnet50_tl_20250829,8,4,88,60,92.0,64.0,134.4756622314453,134.25946044921875,0.2162017822265625
ns_lion_650,resnet50_tl_20250829,8,4,88,64,92.0,68.0,134.4756622314453,134.2913055419922,0.184356689453125
ns_lion_650,resnet50_tl_20250829,8,4,88,68,92.0,72.0,134.4756622314453,134.1700897216797,0.305572509765625
ns_lion_650,resnet50_tl_20250829,8,4,88,72,92.0,76.0,134.4756622314453,134.0745849609375,0.4010772705078125
ns_lion_650,resnet50_tl_20250829,8,4,88,76,92.0,80.0,134.4756622314453,134.10699462890625,0.3686676025390625
ns_lion_650,resnet50_tl_20250829,8,4,88,80,92.0,84.0,134.4756622314453,134.08993530273438,0.3857269287109375
ns_lion_650,resnet50_tl_20250829,8,4,88,84,92.0,88.0,134.4756622314453,133.99871826171875,0.4769439697265625
ns_lion_650,resnet50_tl_20250829,8,4,88,88,92.0,92.0,134.4756622314453,134.00341796875,0.4722442626953125
ns_lion_650,resnet50_tl_20250829,8,4,88,92,92.0,96.0,134.4756622314453,134.1278533935547,0.347808837890625
ns_lion_650,resnet50_tl_20250829,8,4,88,96,92.0,100.0,134.4756622314453,134.12384033203125,0.3518218994140625
ns_lion_650,resnet50_tl_20250829,8,4,88,100,92.0,104.0,134.4756622314453,133.90530395507812,0.5703582763671875
ns_lion_650,resnet50_tl_20250829,8,4,88,104,92.0,108.0,134.4756622314453,133.96255493164062,0.5131072998046875
ns_lion_650,resnet50_tl_20250829,8,4,88,108,92.0,112.0,134.4756622314453,134.05526733398438,0.4203948974609375
ns_lion_650,resnet50_tl_20250829,8,4,88,112,92.0,116.0,134.4756622314453,134.1030731201172,0.372589111328125
ns_lion_650,resnet50_tl_20250829,8,4,88,116,92.0,120.0,134.4756622314453,133.96644592285156,0.50921630859375
ns_lion_650,resnet50_tl_20250829,8,4,88,120,92.0,124.0,134.4756622314453,134.1009979248047,0.374664306640625
ns_lion_650,resnet50_tl_20250829,8,4,88,124,92.0,128.0,134.4756622314453,134.15000915527344,0.325653076171875
ns_lion_650,resnet50_tl_20250829,8,4,88,128,92.0,132.0,134.4756622314453,134.21473693847656,0.26092529296875
ns_lion_650,resnet50_tl_20250829,8,4,88,132,92.0,136.0,134.4756622314453,134.18826293945312,0.2873992919921875
ns_lion_650,resnet50_tl_20250829,8,4,88,136,92.0,140.0,134.4756622314453,134.30160522460938,0.1740570068359375
ns_lion_650,resnet50_tl_20250829,8,4,88,140,92.0,144.0,134.4756622314453,134.27865600585938,0.1970062255859375
ns_lion_650,resnet50_tl_20250829,8,4,88,144,92.0,148.0,134.4756622314453,134.39881896972656,0.07684326171875
ns_lion_650,resnet50_tl_20250829,8,4,88,148,92.0,152.0,134.4756622314453,134.358154296875,0.1175079345703125
ns_lion_650,resnet50_tl_20250829,8,4,88,152,92.0,156.0,134.4756622314453,134.28427124023438,0.1913909912109375
ns_lion_650,resnet50_tl_20250829,8,4,88,156,92.0,160.0,134.4756622314453,134.12640380859375,0.3492584228515625
ns_lion_650,resnet50_tl_20250829,8,4,88,160,92.0,164.0,134.4756622314453,134.20065307617188,0.2750091552734375
ns_lion_650,resnet50_tl_20250829,8,4,88,164,92.0,168.0,134.4756622314453,134.32923889160156,0.14642333984375
ns_lion_650,resnet50_tl_20250829,8,4,88,168,92.0,172.0,134.4756622314453,134.39016723632812,0.0854949951171875
ns_lion_650,resnet50_tl_20250829,8,4,88,172,92.0,176.0,134.4756622314453,134.32769775390625,0.1479644775390625
ns_lion_650,resnet50_tl_20250829,8,4,88,176,92.0,180.0,134.4756622314453,134.38552856445312,0.0901336669921875
ns_lion_650,resnet50_tl_20250829,8,4,88,180,92.0,184.0,134.4756622314453,134.36756896972656,0.10809326171875
ns_lion_650,resnet50_tl_20250829,8,4,88,184,92.0,188.0,134.4756622314453,134.5061492919922,-0.030487060546875
ns_lion_650,resnet50_tl_20250829,8,4,88,188,92.0,192.0,134.4756622314453,134.465087890625,0.0105743408203125
ns_lion_650,resnet50_tl_20250829,8,4,88,192,92.0,196.0,134.4756622314453,134.5714111328125,-0.0957489013671875
ns_lion_650,resnet50_tl_20250829,8,4,88,196,92.0,200.0,134.4756622314453,134.48025512695312,-0.0045928955078125
ns_lion_650,resnet50_tl_20250829,8,4,88,200,92.0,204.0,134.4756622314453,134.50201416015625,-0.0263519287109375
ns_lion_650,resnet50_tl_20250829,8,4,88,204,92.0,208.0,134.4756622314453,134.52572631835938,-0.0500640869140625
ns_lion_650,resnet50_tl_20250829,8,4,88,208,92.0,212.0,134.4756622314453,134.54115295410156,-0.06549072265625
ns_lion_650,resnet50_tl_20250829,8,4,88,212,92.0,216.0,134.4756622314453,134.4789581298828,-0.0032958984375
ns_lion_650,resnet50_tl_20250829,8,4,88,216,92.0,220.0,134.4756622314453,134.45973205566406,0.01593017578125
ns_lion_650,resnet50_tl_20250829,8,4,92,0,96.0,4.0,134.4756622314453,134.00241088867188,0.4732513427734375
ns_lion_650,resnet50_tl_20250829,8,4,92,4,96.0,8.0,134.4756622314453,134.20059204101562,0.2750701904296875
ns_lion_650,resnet50_tl_20250829,8,4,92,8,96.0,12.0,134.4756622314453,134.29539489746094,0.180267333984375
ns_lion_650,resnet50_tl_20250829,8,4,92,12,96.0,16.0,134.4756622314453,134.2041015625,0.2715606689453125
ns_lion_650,resnet50_tl_20250829,8,4,92,16,96.0,20.0,134.4756622314453,134.15194702148438,0.3237152099609375
ns_lion_650,resnet50_tl_20250829,8,4,92,20,96.0,24.0,134.4756622314453,134.33294677734375,0.1427154541015625
ns_lion_650,resnet50_tl_20250829,8,4,92,24,96.0,28.0,134.4756622314453,134.28482055664062,0.1908416748046875
ns_lion_650,resnet50_tl_20250829,8,4,92,28,96.0,32.0,134.4756622314453,134.26617431640625,0.2094879150390625
ns_lion_650,resnet50_tl_20250829,8,4,92,32,96.0,36.0,134.4756622314453,134.2372589111328,0.2384033203125
ns_lion_650,resnet50_tl_20250829,8,4,92,36,96.0,40.0,134.4756622314453,134.33773803710938,0.1379241943359375
ns_lion_650,resnet50_tl_20250829,8,4,92,40,96.0,44.0,134.4756622314453,134.2357635498047,0.239898681640625
ns_lion_650,resnet50_tl_20250829,8,4,92,44,96.0,48.0,134.4756622314453,134.13099670410156,0.34466552734375
ns_lion_650,resnet50_tl_20250829,8,4,92,48,96.0,52.0,134.4756622314453,134.10711669921875,0.3685455322265625
ns_lion_650,resnet50_tl_20250829,8,4,92,52,96.0,56.0,134.4756622314453,134.3337860107422,0.141876220703125
ns_lion_650,resnet50_tl_20250829,8,4,92,56,96.0,60.0,134.4756622314453,134.20208740234375,0.2735748291015625
ns_lion_650,resnet50_tl_20250829,8,4,92,60,96.0,64.0,134.4756622314453,134.04498291015625,0.4306793212890625
ns_lion_650,resnet50_tl_20250829,8,4,92,64,96.0,68.0,134.4756622314453,134.02703857421875,0.4486236572265625
ns_lion_650,resnet50_tl_20250829,8,4,92,68,96.0,72.0,134.4756622314453,134.31076049804688,0.1649017333984375
ns_lion_650,resnet50_tl_20250829,8,4,92,72,96.0,76.0,134.4756622314453,134.10137939453125,0.3742828369140625
ns_lion_650,resnet50_tl_20250829,8,4,92,76,96.0,80.0,134.4756622314453,133.91123962402344,0.564422607421875
ns_lion_650,resnet50_tl_20250829,8,4,92,80,96.0,84.0,134.4756622314453,133.8216094970703,0.654052734375
ns_lion_650,resnet50_tl_20250829,8,4,92,84,96.0,88.0,134.4756622314453,134.17356872558594,0.302093505859375
ns_lion_650,resnet50_tl_20250829,8,4,92,88,96.0,92.0,134.4756622314453,134.02308654785156,0.45257568359375
ns_lion_650,resnet50_tl_20250829,8,4,92,92,96.0,96.0,134.4756622314453,133.962158203125,0.5135040283203125
ns_lion_650,resnet50_tl_20250829,8,4,92,96,96.0,100.0,134.4756622314453,133.84596252441406,0.62969970703125
ns_lion_650,resnet50_tl_20250829,8,4,92,100,96.0,104.0,134.4756622314453,134.05628967285156,0.41937255859375
ns_lion_650,resnet50_tl_20250829,8,4,92,104,96.0,108.0,134.4756622314453,133.91590881347656,0.55975341796875
ns_lion_650,resnet50_tl_20250829,8,4,92,108,96.0,112.0,134.4756622314453,133.88406372070312,0.5915985107421875
ns_lion_650,resnet50_tl_20250829,8,4,92,112,96.0,116.0,134.4756622314453,133.84841918945312,0.6272430419921875
ns_lion_650,resnet50_tl_20250829,8,4,92,116,96.0,120.0,134.4756622314453,134.0088653564453,0.466796875
ns_lion_650,resnet50_tl_20250829,8,4,92,120,96.0,124.0,134.4756622314453,134.00624084472656,0.46942138671875
ns_lion_650,resnet50_tl_20250829,8,4,92,124,96.0,128.0,134.4756622314453,134.0550994873047,0.420562744140625
ns_lion_650,resnet50_tl_20250829,8,4,92,128,96.0,132.0,134.4756622314453,134.1143341064453,0.361328125
ns_lion_650,resnet50_tl_20250829,8,4,92,132,96.0,136.0,134.4756622314453,134.18838500976562,0.2872772216796875
ns_lion_650,resnet50_tl_20250829,8,4,92,136,96.0,140.0,134.4756622314453,134.2005615234375,0.2751007080078125
ns_lion_650,resnet50_tl_20250829,8,4,92,140,96.0,144.0,134.4756622314453,134.31785583496094,0.157806396484375
ns_lion_650,resnet50_tl_20250829,8,4,92,144,96.0,148.0,134.4756622314453,134.3732452392578,0.1024169921875
ns_lion_650,resnet50_tl_20250829,8,4,92,148,96.0,152.0,134.4756622314453,134.44044494628906,0.03521728515625
ns_lion_650,resnet50_tl_20250829,8,4,92,152,96.0,156.0,134.4756622314453,134.53443908691406,-0.05877685546875
ns_lion_650,resnet50_tl_20250829,8,4,92,156,96.0,160.0,134.4756622314453,134.07508850097656,0.40057373046875
ns_lion_650,resnet50_tl_20250829,8,4,92,160,96.0,164.0,134.4756622314453,134.08154296875,0.3941192626953125
ns_lion_650,resnet50_tl_20250829,8,4,92,164,96.0,168.0,134.4756622314453,134.43316650390625,0.0424957275390625
ns_lion_650,resnet50_tl_20250829,8,4,92,168,96.0,172.0,134.4756622314453,134.4608612060547,0.014801025390625
ns_lion_650,resnet50_tl_20250829,8,4,92,172,96.0,176.0,134.4756622314453,134.43429565429688,0.0413665771484375
ns_lion_650,resnet50_tl_20250829,8,4,92,176,96.0,180.0,134.4756622314453,134.4060821533203,0.069580078125
ns_lion_650,resnet50_tl_20250829,8,4,92,180,96.0,184.0,134.4756622314453,134.37254333496094,0.103118896484375
ns_lion_650,resnet50_tl_20250829,8,4,92,184,96.0,188.0,134.4756622314453,134.51498413085938,-0.0393218994140625
ns_lion_650,resnet50_tl_20250829,8,4,92,188,96.0,192.0,134.4756622314453,134.46499633789062,0.0106658935546875
ns_lion_650,resnet50_tl_20250829,8,4,92,192,96.0,196.0,134.4756622314453,134.5440673828125,-0.0684051513671875
ns_lion_650,resnet50_tl_20250829,8,4,92,196,96.0,200.0,134.4756622314453,134.45814514160156,0.01751708984375
ns_lion_650,resnet50_tl_20250829,8,4,92,200,96.0,204.0,134.4756622314453,134.53594970703125,-0.0602874755859375
ns_lion_650,resnet50_tl_20250829,8,4,92,204,96.0,208.0,134.4756622314453,134.7138214111328,-0.2381591796875
ns_lion_650,resnet50_tl_20250829,8,4,92,208,96.0,212.0,134.4756622314453,134.63633728027344,-0.160675048828125
ns_lion_650,resnet50_tl_20250829,8,4,92,212,96.0,216.0,134.4756622314453,134.51498413085938,-0.0393218994140625
ns_lion_650,resnet50_tl_20250829,8,4,92,216,96.0,220.0,134.4756622314453,134.51695251464844,-0.041290283203125
ns_lion_650,resnet50_tl_20250829,8,4,96,0,100.0,4.0,134.4756622314453,134.00244140625,0.4732208251953125
ns_lion_650,resnet50_tl_20250829,8,4,96,4,100.0,8.0,134.4756622314453,134.16734313964844,0.308319091796875
ns_lion_650,resnet50_tl_20250829,8,4,96,8,100.0,12.0,134.4756622314453,134.3164520263672,0.159210205078125
ns_lion_650,resnet50_tl_20250829,8,4,96,12,100.0,16.0,134.4756622314453,134.1831512451172,0.292510986328125
ns_lion_650,resnet50_tl_20250829,8,4,96,16,100.0,20.0,134.4756622314453,134.2200927734375,0.2555694580078125
ns_lion_650,resnet50_tl_20250829,8,4,96,20,100.0,24.0,134.4756622314453,134.32167053222656,0.15399169921875
ns_lion_650,resnet50_tl_20250829,8,4,96,24,100.0,28.0,134.4756622314453,134.3453369140625,0.1303253173828125
ns_lion_650,resnet50_tl_20250829,8,4,96,28,100.0,32.0,134.4756622314453,134.27137756347656,0.20428466796875
ns_lion_650,resnet50_tl_20250829,8,4,96,32,100.0,36.0,134.4756622314453,134.2877655029297,0.187896728515625
ns_lion_650,resnet50_tl_20250829,8,4,96,36,100.0,40.0,134.4756622314453,134.2645721435547,0.211090087890625
ns_lion_650,resnet50_tl_20250829,8,4,96,40,100.0,44.0,134.4756622314453,134.30258178710938,0.1730804443359375
ns_lion_650,resnet50_tl_20250829,8,4,96,44,100.0,48.0,134.4756622314453,134.1419219970703,0.333740234375
ns_lion_650,resnet50_tl_20250829,8,4,96,48,100.0,52.0,134.4756622314453,134.1650390625,0.3106231689453125
ns_lion_650,resnet50_tl_20250829,8,4,96,52,100.0,56.0,134.4756622314453,134.2720489501953,0.20361328125
ns_lion_650,resnet50_tl_20250829,8,4,96,56,100.0,60.0,134.4756622314453,134.25357055664062,0.2220916748046875
ns_lion_650,resnet50_tl_20250829,8,4,96,60,100.0,64.0,134.4756622314453,134.03990173339844,0.435760498046875
ns_lion_650,resnet50_tl_20250829,8,4,96,64,100.0,68.0,134.4756622314453,134.11099243164062,0.3646697998046875
ns_lion_650,resnet50_tl_20250829,8,4,96,68,100.0,72.0,134.4756622314453,134.2248077392578,0.2508544921875
ns_lion_650,resnet50_tl_20250829,8,4,96,72,100.0,76.0,134.4756622314453,134.16384887695312,0.3118133544921875
ns_lion_650,resnet50_tl_20250829,8,4,96,76,100.0,80.0,134.4756622314453,133.87855529785156,0.59710693359375
ns_lion_650,resnet50_tl_20250829,8,4,96,80,100.0,84.0,134.4756622314453,133.96176147460938,0.5139007568359375
ns_lion_650,resnet50_tl_20250829,8,4,96,84,100.0,88.0,134.4756622314453,134.12367248535156,0.35198974609375
ns_lion_650,resnet50_tl_20250829,8,4,96,88,100.0,92.0,134.4756622314453,134.1221466064453,0.353515625
ns_lion_650,resnet50_tl_20250829,8,4,96,92,100.0,96.0,134.4756622314453,133.94996643066406,0.52569580078125
ns_lion_650,resnet50_tl_20250829,8,4,96,96,100.0,100.0,134.4756622314453,133.99270629882812,0.4829559326171875
ns_lion_650,resnet50_tl_20250829,8,4,96,100,100.0,104.0,134.4756622314453,134.09217834472656,0.38348388671875
ns_lion_650,resnet50_tl_20250829,8,4,96,104,100.0,108.0,134.4756622314453,134.11294555664062,0.3627166748046875
ns_lion_650,resnet50_tl_20250829,8,4,96,108,100.0,112.0,134.4756622314453,133.93421936035156,0.54144287109375
ns_lion_650,resnet50_tl_20250829,8,4,96,112,100.0,116.0,134.4756622314453,134.00967407226562,0.4659881591796875
ns_lion_650,resnet50_tl_20250829,8,4,96,116,100.0,120.0,134.4756622314453,134.08572387695312,0.3899383544921875
ns_lion_650,resnet50_tl_20250829,8,4,96,120,100.0,124.0,134.4756622314453,134.1819305419922,0.293731689453125
ns_lion_650,resnet50_tl_20250829,8,4,96,124,100.0,128.0,134.4756622314453,134.14117431640625,0.3344879150390625
ns_lion_650,resnet50_tl_20250829,8,4,96,128,100.0,132.0,134.4756622314453,134.2060546875,0.2696075439453125
ns_lion_650,resnet50_tl_20250829,8,4,96,132,100.0,136.0,134.4756622314453,134.25680541992188,0.2188568115234375
ns_lion_650,resnet50_tl_20250829,8,4,96,136,100.0,140.0,134.4756622314453,134.28118896484375,0.1944732666015625
ns_lion_650,resnet50_tl_20250829,8,4,96,140,100.0,144.0,134.4756622314453,134.3357696533203,0.139892578125
ns_lion_650,resnet50_tl_20250829,8,4,96,144,100.0,148.0,134.4756622314453,134.38648986816406,0.08917236328125
ns_lion_650,resnet50_tl_20250829,8,4,96,148,100.0,152.0,134.4756622314453,134.42526245117188,0.0503997802734375
ns_lion_650,resnet50_tl_20250829,8,4,96,152,100.0,156.0,134.4756622314453,134.41522216796875,0.0604400634765625
ns_lion_650,resnet50_tl_20250829,8,4,96,156,100.0,160.0,134.4756622314453,134.04798889160156,0.42767333984375
ns_lion_650,resnet50_tl_20250829,8,4,96,160,100.0,164.0,134.4756622314453,133.98556518554688,0.4900970458984375
ns_lion_650,resnet50_tl_20250829,8,4,96,164,100.0,168.0,134.4756622314453,134.20916748046875,0.2664947509765625
ns_lion_650,resnet50_tl_20250829,8,4,96,168,100.0,172.0,134.4756622314453,134.43545532226562,0.0402069091796875
ns_lion_650,resnet50_tl_20250829,8,4,96,172,100.0,176.0,134.4756622314453,134.37457275390625,0.1010894775390625
ns_lion_650,resnet50_tl_20250829,8,4,96,176,100.0,180.0,134.4756622314453,134.47967529296875,-0.0040130615234375
ns_lion_650,resnet50_tl_20250829,8,4,96,180,100.0,184.0,134.4756622314453,134.4502716064453,0.025390625
ns_lion_650,resnet50_tl_20250829,8,4,96,184,100.0,188.0,134.4756622314453,134.5854949951172,-0.109832763671875
ns_lion_650,resnet50_tl_20250829,8,4,96,188,100.0,192.0,134.4756622314453,134.49295043945312,-0.0172882080078125
ns_lion_650,resnet50_tl_20250829,8,4,96,192,100.0,196.0,134.4756622314453,134.5311737060547,-0.055511474609375
ns_lion_650,resnet50_tl_20250829,8,4,96,196,100.0,200.0,134.4756622314453,134.48675537109375,-0.0110931396484375
ns_lion_650,resnet50_tl_20250829,8,4,96,200,100.0,204.0,134.4756622314453,134.55471801757812,-0.0790557861328125
ns_lion_650,resnet50_tl_20250829,8,4,96,204,100.0,208.0,134.4756622314453,134.65728759765625,-0.1816253662109375
ns_lion_650,resnet50_tl_20250829,8,4,96,208,100.0,212.0,134.4756622314453,134.60592651367188,-0.1302642822265625
ns_lion_650,resnet50_tl_20250829,8,4,96,212,100.0,216.0,134.4756622314453,134.540283203125,-0.0646209716796875
ns_lion_650,resnet50_tl_20250829,8,4,96,216,100.0,220.0,134.4756622314453,134.5150604248047,-0.039398193359375
ns_lion_650,resnet50_tl_20250829,8,4,100,0,104.0,4.0,134.4756622314453,134.41744995117188,0.0582122802734375
ns_lion_650,resnet50_tl_20250829,8,4,100,4,104.0,8.0,134.4756622314453,134.26441955566406,0.21124267578125
ns_lion_650,resnet50_tl_20250829,8,4,100,8,104.0,12.0,134.4756622314453,134.30406188964844,0.171600341796875
ns_lion_650,resnet50_tl_20250829,8,4,100,12,104.0,16.0,134.4756622314453,134.2271728515625,0.2484893798828125
ns_lion_650,resnet50_tl_20250829,8,4,100,16,104.0,20.0,134.4756622314453,134.147705078125,0.3279571533203125
ns_lion_650,resnet50_tl_20250829,8,4,100,20,104.0,24.0,134.4756622314453,134.2515106201172,0.224151611328125
ns_lion_650,resnet50_tl_20250829,8,4,100,24,104.0,28.0,134.4756622314453,134.2970428466797,0.178619384765625
ns_lion_650,resnet50_tl_20250829,8,4,100,28,104.0,32.0,134.4756622314453,134.30685424804688,0.1688079833984375
ns_lion_650,resnet50_tl_20250829,8,4,100,32,104.0,36.0,134.4756622314453,134.22947692871094,0.246185302734375
ns_lion_650,resnet50_tl_20250829,8,4,100,36,104.0,40.0,134.4756622314453,134.14886474609375,0.3267974853515625
ns_lion_650,resnet50_tl_20250829,8,4,100,40,104.0,44.0,134.4756622314453,134.21096801757812,0.2646942138671875
ns_lion_650,resnet50_tl_20250829,8,4,100,44,104.0,48.0,134.4756622314453,134.27655029296875,0.1991119384765625
ns_lion_650,resnet50_tl_20250829,8,4,100,48,104.0,52.0,134.4756622314453,134.17645263671875,0.2992095947265625
ns_lion_650,resnet50_tl_20250829,8,4,100,52,104.0,56.0,134.4756622314453,134.09608459472656,0.37957763671875
ns_lion_650,resnet50_tl_20250829,8,4,100,56,104.0,60.0,134.4756622314453,134.15110778808594,0.324554443359375
ns_lion_650,resnet50_tl_20250829,8,4,100,60,104.0,64.0,134.4756622314453,134.23895263671875,0.2367095947265625
ns_lion_650,resnet50_tl_20250829,8,4,100,64,104.0,68.0,134.4756622314453,134.1522979736328,0.3233642578125
ns_lion_650,resnet50_tl_20250829,8,4,100,68,104.0,72.0,134.4756622314453,134.04251098632812,0.4331512451171875
ns_lion_650,resnet50_tl_20250829,8,4,100,72,104.0,76.0,134.4756622314453,134.03652954101562,0.4391326904296875
ns_lion_650,resnet50_tl_20250829,8,4,100,76,104.0,80.0,134.4756622314453,134.114990234375,0.3606719970703125
ns_lion_650,resnet50_tl_20250829,8,4,100,80,104.0,84.0,134.4756622314453,133.99777221679688,0.4778900146484375
ns_lion_650,resnet50_tl_20250829,8,4,100,84,104.0,88.0,134.4756622314453,133.91648864746094,0.559173583984375
ns_lion_650,resnet50_tl_20250829,8,4,100,88,104.0,92.0,134.4756622314453,133.98634338378906,0.48931884765625
ns_lion_650,resnet50_tl_20250829,8,4,100,92,104.0,96.0,134.4756622314453,134.10977172851562,0.3658905029296875
ns_lion_650,resnet50_tl_20250829,8,4,100,96,104.0,100.0,134.4756622314453,133.99957275390625,0.4760894775390625
ns_lion_650,resnet50_tl_20250829,8,4,100,100,104.0,104.0,134.4756622314453,133.9486083984375,0.5270538330078125
ns_lion_650,resnet50_tl_20250829,8,4,100,104,104.0,108.0,134.4756622314453,133.99029541015625,0.4853668212890625
ns_lion_650,resnet50_tl_20250829,8,4,100,108,104.0,112.0,134.4756622314453,134.1324005126953,0.34326171875
ns_lion_650,resnet50_tl_20250829,8,4,100,112,104.0,116.0,134.4756622314453,134.03005981445312,0.4456024169921875
ns_lion_650,resnet50_tl_20250829,8,4,100,116,104.0,120.0,134.4756622314453,134.03652954101562,0.4391326904296875
ns_lion_650,resnet50_tl_20250829,8,4,100,120,104.0,124.0,134.4756622314453,134.06515502929688,0.4105072021484375
ns_lion_650,resnet50_tl_20250829,8,4,100,124,104.0,128.0,134.4756622314453,134.22103881835938,0.2546234130859375
ns_lion_650,resnet50_tl_20250829,8,4,100,128,104.0,132.0,134.4756622314453,134.12168884277344,0.353973388671875
ns_lion_650,resnet50_tl_20250829,8,4,100,132,104.0,136.0,134.4756622314453,134.103515625,0.3721466064453125
ns_lion_650,resnet50_tl_20250829,8,4,100,136,104.0,140.0,134.4756622314453,134.10142517089844,0.374237060546875
ns_lion_650,resnet50_tl_20250829,8,4,100,140,104.0,144.0,134.4756622314453,134.1705780029297,0.305084228515625
ns_lion_650,resnet50_tl_20250829,8,4,100,144,104.0,148.0,134.4756622314453,134.12664794921875,0.3490142822265625
ns_lion_650,resnet50_tl_20250829,8,4,100,148,104.0,152.0,134.4756622314453,134.3348846435547,0.140777587890625
ns_lion_650,resnet50_tl_20250829,8,4,100,152,104.0,156.0,134.4756622314453,134.47662353515625,-0.0009613037109375
ns_lion_650,resnet50_tl_20250829,8,4,100,156,104.0,160.0,134.4756622314453,134.51858520507812,-0.0429229736328125
ns_lion_650,resnet50_tl_20250829,8,4,100,160,104.0,164.0,134.4756622314453,134.257080078125,0.2185821533203125
ns_lion_650,resnet50_tl_20250829,8,4,100,164,104.0,168.0,134.4756622314453,134.27337646484375,0.2022857666015625
ns_lion_650,resnet50_tl_20250829,8,4,100,168,104.0,172.0,134.4756622314453,134.4436798095703,0.031982421875
ns_lion_650,resnet50_tl_20250829,8,4,100,172,104.0,176.0,134.4756622314453,134.47015380859375,0.0055084228515625
ns_lion_650,resnet50_tl_20250829,8,4,100,176,104.0,180.0,134.4756622314453,134.55955505371094,-0.083892822265625
ns_lion_650,resnet50_tl_20250829,8,4,100,180,104.0,184.0,134.4756622314453,134.60476684570312,-0.1291046142578125
ns_lion_650,resnet50_tl_20250829,8,4,100,184,104.0,188.0,134.4756622314453,134.6155548095703,-0.139892578125
ns_lion_650,resnet50_tl_20250829,8,4,100,188,104.0,192.0,134.4756622314453,134.5946044921875,-0.1189422607421875
ns_lion_650,resnet50_tl_20250829,8,4,100,192,104.0,196.0,134.4756622314453,134.59164428710938,-0.1159820556640625
ns_lion_650,resnet50_tl_20250829,8,4,100,196,104.0,200.0,134.4756622314453,134.56036376953125,-0.0847015380859375
ns_lion_650,resnet50_tl_20250829,8,4,100,200,104.0,204.0,134.4756622314453,134.55108642578125,-0.0754241943359375
ns_lion_650,resnet50_tl_20250829,8,4,100,204,104.0,208.0,134.4756622314453,134.5865936279297,-0.110931396484375
ns_lion_650,resnet50_tl_20250829,8,4,100,208,104.0,212.0,134.4756622314453,134.5850830078125,-0.1094207763671875
ns_lion_650,resnet50_tl_20250829,8,4,100,212,104.0,216.0,134.4756622314453,134.54518127441406,-0.06951904296875
ns_lion_650,resnet50_tl_20250829,8,4,100,216,104.0,220.0,134.4756622314453,134.48902893066406,-0.01336669921875
ns_lion_650,resnet50_tl_20250829,8,4,104,0,108.0,4.0,134.4756622314453,134.53622436523438,-0.0605621337890625
ns_lion_650,resnet50_tl_20250829,8,4,104,4,108.0,8.0,134.4756622314453,134.36595153808594,0.109710693359375
ns_lion_650,resnet50_tl_20250829,8,4,104,8,108.0,12.0,134.4756622314453,134.2707977294922,0.204864501953125
ns_lion_650,resnet50_tl_20250829,8,4,104,12,108.0,16.0,134.4756622314453,134.19871520996094,0.276947021484375
ns_lion_650,resnet50_tl_20250829,8,4,104,16,108.0,20.0,134.4756622314453,134.19638061523438,0.2792816162109375
ns_lion_650,resnet50_tl_20250829,8,4,104,20,108.0,24.0,134.4756622314453,134.22996520996094,0.245697021484375
ns_lion_650,resnet50_tl_20250829,8,4,104,24,108.0,28.0,134.4756622314453,134.25637817382812,0.2192840576171875
ns_lion_650,resnet50_tl_20250829,8,4,104,28,108.0,32.0,134.4756622314453,134.23284912109375,0.2428131103515625
ns_lion_650,resnet50_tl_20250829,8,4,104,32,108.0,36.0,134.4756622314453,134.24342346191406,0.23223876953125
ns_lion_650,resnet50_tl_20250829,8,4,104,36,108.0,40.0,134.4756622314453,134.1474609375,0.3282012939453125
ns_lion_650,resnet50_tl_20250829,8,4,104,40,108.0,44.0,134.4756622314453,134.15806579589844,0.317596435546875
ns_lion_650,resnet50_tl_20250829,8,4,104,44,108.0,48.0,134.4756622314453,134.2048797607422,0.270782470703125
ns_lion_650,resnet50_tl_20250829,8,4,104,48,108.0,52.0,134.4756622314453,134.1822509765625,0.2934112548828125
ns_lion_650,resnet50_tl_20250829,8,4,104,52,108.0,56.0,134.4756622314453,134.1003875732422,0.375274658203125
ns_lion_650,resnet50_tl_20250829,8,4,104,56,108.0,60.0,134.4756622314453,134.1431121826172,0.332550048828125
ns_lion_650,resnet50_tl_20250829,8,4,104,60,108.0,64.0,134.4756622314453,134.2230987548828,0.2525634765625
ns_lion_650,resnet50_tl_20250829,8,4,104,64,108.0,68.0,134.4756622314453,134.20999145507812,0.2656707763671875
ns_lion_650,resnet50_tl_20250829,8,4,104,68,108.0,72.0,134.4756622314453,134.0781707763672,0.397491455078125
ns_lion_650,resnet50_tl_20250829,8,4,104,72,108.0,76.0,134.4756622314453,134.10484313964844,0.370819091796875
ns_lion_650,resnet50_tl_20250829,8,4,104,76,108.0,80.0,134.4756622314453,134.15072631835938,0.3249359130859375
ns_lion_650,resnet50_tl_20250829,8,4,104,80,108.0,84.0,134.4756622314453,134.14151000976562,0.3341522216796875
ns_lion_650,resnet50_tl_20250829,8,4,104,84,108.0,88.0,134.4756622314453,133.97105407714844,0.504608154296875
ns_lion_650,resnet50_tl_20250829,8,4,104,88,108.0,92.0,134.4756622314453,134.05892944335938,0.4167327880859375
ns_lion_650,resnet50_tl_20250829,8,4,104,92,108.0,96.0,134.4756622314453,134.17434692382812,0.3013153076171875
ns_lion_650,resnet50_tl_20250829,8,4,104,96,108.0,100.0,134.4756622314453,134.171142578125,0.3045196533203125
ns_lion_650,resnet50_tl_20250829,8,4,104,100,108.0,104.0,134.4756622314453,134.0057373046875,0.4699249267578125
ns_lion_650,resnet50_tl_20250829,8,4,104,104,108.0,108.0,134.4756622314453,134.1016845703125,0.3739776611328125
ns_lion_650,resnet50_tl_20250829,8,4,104,108,108.0,112.0,134.4756622314453,134.2065887451172,0.269073486328125
ns_lion_650,resnet50_tl_20250829,8,4,104,112,108.0,116.0,134.4756622314453,134.2124481201172,0.263214111328125
ns_lion_650,resnet50_tl_20250829,8,4,104,116,108.0,120.0,134.4756622314453,134.07028198242188,0.4053802490234375
ns_lion_650,resnet50_tl_20250829,8,4,104,120,108.0,124.0,134.4756622314453,134.14529418945312,0.3303680419921875
ns_lion_650,resnet50_tl_20250829,8,4,104,124,108.0,128.0,134.4756622314453,134.2693328857422,0.206329345703125
ns_lion_650,resnet50_tl_20250829,8,4,104,128,108.0,132.0,134.4756622314453,134.23692321777344,0.238739013671875
ns_lion_650,resnet50_tl_20250829,8,4,104,132,108.0,136.0,134.4756622314453,134.0942840576172,0.381378173828125
ns_lion_650,resnet50_tl_20250829,8,4,104,136,108.0,140.0,134.4756622314453,134.19532775878906,0.28033447265625
ns_lion_650,resnet50_tl_20250829,8,4,104,140,108.0,144.0,134.4756622314453,134.17080688476562,0.3048553466796875
ns_lion_650,resnet50_tl_20250829,8,4,104,144,108.0,148.0,134.4756622314453,134.15908813476562,0.3165740966796875
ns_lion_650,resnet50_tl_20250829,8,4,104,148,108.0,152.0,134.4756622314453,134.1781768798828,0.2974853515625
ns_lion_650,resnet50_tl_20250829,8,4,104,152,108.0,156.0,134.4756622314453,134.37570190429688,0.0999603271484375
ns_lion_650,resnet50_tl_20250829,8,4,104,156,108.0,160.0,134.4756622314453,134.44430541992188,0.0313568115234375
ns_lion_650,resnet50_tl_20250829,8,4,104,160,108.0,164.0,134.4756622314453,134.15780639648438,0.3178558349609375
ns_lion_650,resnet50_tl_20250829,8,4,104,164,108.0,168.0,134.4756622314453,134.11312866210938,0.3625335693359375
ns_lion_650,resnet50_tl_20250829,8,4,104,168,108.0,172.0,134.4756622314453,134.19818115234375,0.2774810791015625
ns_lion_650,resnet50_tl_20250829,8,4,104,172,108.0,176.0,134.4756622314453,134.17457580566406,0.30108642578125
ns_lion_650,resnet50_tl_20250829,8,4,104,176,108.0,180.0,134.4756622314453,134.1971893310547,0.278472900390625
ns_lion_650,resnet50_tl_20250829,8,4,104,180,108.0,184.0,134.4756622314453,134.35906982421875,0.1165924072265625
ns_lion_650,resnet50_tl_20250829,8,4,104,184,108.0,188.0,134.4756622314453,134.47274780273438,0.0029144287109375
ns_lion_650,resnet50_tl_20250829,8,4,104,188,108.0,192.0,134.4756622314453,134.4774627685547,-0.001800537109375
ns_lion_650,resnet50_tl_20250829,8,4,104,192,108.0,196.0,134.4756622314453,134.49282836914062,-0.0171661376953125
ns_lion_650,resnet50_tl_20250829,8,4,104,196,108.0,200.0,134.4756622314453,134.5248260498047,-0.049163818359375
ns_lion_650,resnet50_tl_20250829,8,4,104,200,108.0,204.0,134.4756622314453,134.55433654785156,-0.07867431640625
ns_lion_650,resnet50_tl_20250829,8,4,104,204,108.0,208.0,134.4756622314453,134.54884338378906,-0.07318115234375
ns_lion_650,resnet50_tl_20250829,8,4,104,208,108.0,212.0,134.4756622314453,134.52517700195312,-0.0495147705078125
ns_lion_650,resnet50_tl_20250829,8,4,104,212,108.0,216.0,134.4756622314453,134.48072814941406,-0.00506591796875
ns_lion_650,resnet50_tl_20250829,8,4,104,216,108.0,220.0,134.4756622314453,134.4810028076172,-0.005340576171875
ns_lion_650,resnet50_tl_20250829,8,4,108,0,112.0,4.0,134.4756622314453,134.29722595214844,0.178436279296875
ns_lion_650,resnet50_tl_20250829,8,4,108,4,112.0,8.0,134.4756622314453,134.38954162597656,0.08612060546875
ns_lion_650,resnet50_tl_20250829,8,4,108,8,112.0,12.0,134.4756622314453,134.3177490234375,0.1579132080078125
ns_lion_650,resnet50_tl_20250829,8,4,108,12,112.0,16.0,134.4756622314453,134.21212768554688,0.2635345458984375
ns_lion_650,resnet50_tl_20250829,8,4,108,16,112.0,20.0,134.4756622314453,134.1668243408203,0.308837890625
ns_lion_650,resnet50_tl_20250829,8,4,108,20,112.0,24.0,134.4756622314453,134.3031768798828,0.1724853515625
ns_lion_650,resnet50_tl_20250829,8,4,108,24,112.0,28.0,134.4756622314453,134.23817443847656,0.23748779296875
ns_lion_650,resnet50_tl_20250829,8,4,108,28,112.0,32.0,134.4756622314453,134.28271484375,0.1929473876953125
ns_lion_650,resnet50_tl_20250829,8,4,108,32,112.0,36.0,134.4756622314453,134.2261505126953,0.24951171875
ns_lion_650,resnet50_tl_20250829,8,4,108,36,112.0,40.0,134.4756622314453,134.30477905273438,0.1708831787109375
ns_lion_650,resnet50_tl_20250829,8,4,108,40,112.0,44.0,134.4756622314453,134.185791015625,0.2898712158203125
ns_lion_650,resnet50_tl_20250829,8,4,108,44,112.0,48.0,134.4756622314453,134.21502685546875,0.2606353759765625
ns_lion_650,resnet50_tl_20250829,8,4,108,48,112.0,52.0,134.4756622314453,134.10780334472656,0.36785888671875
ns_lion_650,resnet50_tl_20250829,8,4,108,52,112.0,56.0,134.4756622314453,134.27853393554688,0.1971282958984375
ns_lion_650,resnet50_tl_20250829,8,4,108,56,112.0,60.0,134.4756622314453,134.20587158203125,0.2697906494140625
ns_lion_650,resnet50_tl_20250829,8,4,108,60,112.0,64.0,134.4756622314453,134.3174591064453,0.158203125
ns_lion_650,resnet50_tl_20250829,8,4,108,64,112.0,68.0,134.4756622314453,134.21693420410156,0.25872802734375
ns_lion_650,resnet50_tl_20250829,8,4,108,68,112.0,72.0,134.4756622314453,134.30303955078125,0.1726226806640625
ns_lion_650,resnet50_tl_20250829,8,4,108,72,112.0,76.0,134.4756622314453,134.22508239746094,0.250579833984375
ns_lion_650,resnet50_tl_20250829,8,4,108,76,112.0,80.0,134.4756622314453,134.2546844482422,0.220977783203125
ns_lion_650,resnet50_tl_20250829,8,4,108,80,112.0,84.0,134.4756622314453,134.14242553710938,0.3332366943359375
ns_lion_650,resnet50_tl_20250829,8,4,108,84,112.0,88.0,134.4756622314453,134.27244567871094,0.203216552734375
ns_lion_650,resnet50_tl_20250829,8,4,108,88,112.0,92.0,134.4756622314453,134.1985321044922,0.277130126953125
ns_lion_650,resnet50_tl_20250829,8,4,108,92,112.0,96.0,134.4756622314453,134.24951171875,0.2261505126953125
ns_lion_650,resnet50_tl_20250829,8,4,108,96,112.0,100.0,134.4756622314453,134.14540100097656,0.33026123046875
ns_lion_650,resnet50_tl_20250829,8,4,108,100,112.0,104.0,134.4756622314453,134.27569580078125,0.1999664306640625
ns_lion_650,resnet50_tl_20250829,8,4,108,104,112.0,108.0,134.4756622314453,134.24757385253906,0.22808837890625
ns_lion_650,resnet50_tl_20250829,8,4,108,108,112.0,112.0,134.4756622314453,134.31227111816406,0.16339111328125
ns_lion_650,resnet50_tl_20250829,8,4,108,112,112.0,116.0,134.4756622314453,134.21607971191406,0.25958251953125
ns_lion_650,resnet50_tl_20250829,8,4,108,116,112.0,120.0,134.4756622314453,134.31996154785156,0.15570068359375
ns_lion_650,resnet50_tl_20250829,8,4,108,120,112.0,124.0,134.4756622314453,134.2509002685547,0.224761962890625
ns_lion_650,resnet50_tl_20250829,8,4,108,124,112.0,128.0,134.4756622314453,134.2669677734375,0.2086944580078125
ns_lion_650,resnet50_tl_20250829,8,4,108,128,112.0,132.0,134.4756622314453,134.17774963378906,0.29791259765625
ns_lion_650,resnet50_tl_20250829,8,4,108,132,112.0,136.0,134.4756622314453,134.212646484375,0.2630157470703125
ns_lion_650,resnet50_tl_20250829,8,4,108,136,112.0,140.0,134.4756622314453,134.15325927734375,0.3224029541015625
ns_lion_650,resnet50_tl_20250829,8,4,108,140,112.0,144.0,134.4756622314453,133.93685913085938,0.5388031005859375
ns_lion_650,resnet50_tl_20250829,8,4,108,144,112.0,148.0,134.4756622314453,133.89068603515625,0.5849761962890625
ns_lion_650,resnet50_tl_20250829,8,4,108,148,112.0,152.0,134.4756622314453,134.00926208496094,0.466400146484375
ns_lion_650,resnet50_tl_20250829,8,4,108,152,112.0,156.0,134.4756622314453,134.17320251464844,0.302459716796875
ns_lion_650,resnet50_tl_20250829,8,4,108,156,112.0,160.0,134.4756622314453,134.3146209716797,0.161041259765625
ns_lion_650,resnet50_tl_20250829,8,4,108,160,112.0,164.0,134.4756622314453,134.24688720703125,0.2287750244140625
ns_lion_650,resnet50_tl_20250829,8,4,108,164,112.0,168.0,134.4756622314453,134.260009765625,0.2156524658203125
ns_lion_650,resnet50_tl_20250829,8,4,108,168,112.0,172.0,134.4756622314453,134.1245574951172,0.351104736328125
ns_lion_650,resnet50_tl_20250829,8,4,108,172,112.0,176.0,134.4756622314453,133.82029724121094,0.655364990234375
ns_lion_650,resnet50_tl_20250829,8,4,108,176,112.0,180.0,134.4756622314453,133.85939025878906,0.61627197265625
ns_lion_650,resnet50_tl_20250829,8,4,108,180,112.0,184.0,134.4756622314453,134.15257263183594,0.323089599609375
ns_lion_650,resnet50_tl_20250829,8,4,108,184,112.0,188.0,134.4756622314453,134.36990356445312,0.1057586669921875
ns_lion_650,resnet50_tl_20250829,8,4,108,188,112.0,192.0,134.4756622314453,134.53289794921875,-0.0572357177734375
ns_lion_650,resnet50_tl_20250829,8,4,108,192,112.0,196.0,134.4756622314453,134.55657958984375,-0.0809173583984375
ns_lion_650,resnet50_tl_20250829,8,4,108,196,112.0,200.0,134.4756622314453,134.54598999023438,-0.0703277587890625
ns_lion_650,resnet50_tl_20250829,8,4,108,200,112.0,204.0,134.4756622314453,134.53102111816406,-0.05535888671875
ns_lion_650,resnet50_tl_20250829,8,4,108,204,112.0,208.0,134.4756622314453,134.44012451171875,0.0355377197265625
ns_lion_650,resnet50_tl_20250829,8,4,108,208,112.0,212.0,134.4756622314453,134.44126892089844,0.034393310546875
ns_lion_650,resnet50_tl_20250829,8,4,108,212,112.0,216.0,134.4756622314453,134.4658966064453,0.009765625
ns_lion_650,resnet50_tl_20250829,8,4,108,216,112.0,220.0,134.4756622314453,134.48118591308594,-0.005523681640625
ns_lion_650,resnet50_tl_20250829,8,4,112,0,116.0,4.0,134.4756622314453,134.37181091308594,0.103851318359375
ns_lion_650,resnet50_tl_20250829,8,4,112,4,116.0,8.0,134.4756622314453,134.34361267089844,0.132049560546875
ns_lion_650,resnet50_tl_20250829,8,4,112,8,116.0,12.0,134.4756622314453,134.30963134765625,0.1660308837890625
ns_lion_650,resnet50_tl_20250829,8,4,112,12,116.0,16.0,134.4756622314453,134.1678009033203,0.307861328125
ns_lion_650,resnet50_tl_20250829,8,4,112,16,116.0,20.0,134.4756622314453,134.1207733154297,0.354888916015625
ns_lion_650,resnet50_tl_20250829,8,4,112,20,116.0,24.0,134.4756622314453,134.23048400878906,0.24517822265625
ns_lion_650,resnet50_tl_20250829,8,4,112,24,116.0,28.0,134.4756622314453,134.2733917236328,0.2022705078125
ns_lion_650,resnet50_tl_20250829,8,4,112,28,116.0,32.0,134.4756622314453,134.19654846191406,0.27911376953125
ns_lion_650,resnet50_tl_20250829,8,4,112,32,116.0,36.0,134.4756622314453,134.23660278320312,0.2390594482421875
ns_lion_650,resnet50_tl_20250829,8,4,112,36,116.0,40.0,134.4756622314453,134.2332305908203,0.242431640625
ns_lion_650,resnet50_tl_20250829,8,4,112,40,116.0,44.0,134.4756622314453,134.248779296875,0.2268829345703125
ns_lion_650,resnet50_tl_20250829,8,4,112,44,116.0,48.0,134.4756622314453,134.15843200683594,0.317230224609375
ns_lion_650,resnet50_tl_20250829,8,4,112,48,116.0,52.0,134.4756622314453,134.1786346435547,0.297027587890625
ns_lion_650,resnet50_tl_20250829,8,4,112,52,116.0,56.0,134.4756622314453,134.19732666015625,0.2783355712890625
ns_lion_650,resnet50_tl_20250829,8,4,112,56,116.0,60.0,134.4756622314453,134.23989868164062,0.2357635498046875
ns_lion_650,resnet50_tl_20250829,8,4,112,60,116.0,64.0,134.4756622314453,134.2494659423828,0.2261962890625
ns_lion_650,resnet50_tl_20250829,8,4,112,64,116.0,68.0,134.4756622314453,134.24671936035156,0.22894287109375
ns_lion_650,resnet50_tl_20250829,8,4,112,68,116.0,72.0,134.4756622314453,134.2055206298828,0.2701416015625
ns_lion_650,resnet50_tl_20250829,8,4,112,72,116.0,76.0,134.4756622314453,134.24195861816406,0.23370361328125
ns_lion_650,resnet50_tl_20250829,8,4,112,76,116.0,80.0,134.4756622314453,134.21005249023438,0.2656097412109375
ns_lion_650,resnet50_tl_20250829,8,4,112,80,116.0,84.0,134.4756622314453,134.2373046875,0.2383575439453125
ns_lion_650,resnet50_tl_20250829,8,4,112,84,116.0,88.0,134.4756622314453,134.23313903808594,0.242523193359375
ns_lion_650,resnet50_tl_20250829,8,4,112,88,116.0,92.0,134.4756622314453,134.2544708251953,0.22119140625
ns_lion_650,resnet50_tl_20250829,8,4,112,92,116.0,96.0,134.4756622314453,134.20452880859375,0.2711334228515625
ns_lion_650,resnet50_tl_20250829,8,4,112,96,116.0,100.0,134.4756622314453,134.24520874023438,0.2304534912109375
ns_lion_650,resnet50_tl_20250829,8,4,112,100,116.0,104.0,134.4756622314453,134.25367736816406,0.22198486328125
ns_lion_650,resnet50_tl_20250829,8,4,112,104,116.0,108.0,134.4756622314453,134.31781005859375,0.1578521728515625
ns_lion_650,resnet50_tl_20250829,8,4,112,108,116.0,112.0,134.4756622314453,134.28997802734375,0.1856842041015625
ns_lion_650,resnet50_tl_20250829,8,4,112,112,116.0,116.0,134.4756622314453,134.3333282470703,0.142333984375
ns_lion_650,resnet50_tl_20250829,8,4,112,116,116.0,120.0,134.4756622314453,134.30810546875,0.1675567626953125
ns_lion_650,resnet50_tl_20250829,8,4,112,120,116.0,124.0,134.4756622314453,134.3290557861328,0.1466064453125
ns_lion_650,resnet50_tl_20250829,8,4,112,124,116.0,128.0,134.4756622314453,134.26080322265625,0.2148590087890625
ns_lion_650,resnet50_tl_20250829,8,4,112,128,116.0,132.0,134.4756622314453,134.29200744628906,0.18365478515625
ns_lion_650,resnet50_tl_20250829,8,4,112,132,116.0,136.0,134.4756622314453,134.31344604492188,0.1622161865234375
ns_lion_650,resnet50_tl_20250829,8,4,112,136,116.0,140.0,134.4756622314453,134.2394256591797,0.236236572265625
ns_lion_650,resnet50_tl_20250829,8,4,112,140,116.0,144.0,134.4756622314453,133.9666290283203,0.509033203125
ns_lion_650,resnet50_tl_20250829,8,4,112,144,116.0,148.0,134.4756622314453,133.93844604492188,0.5372161865234375
ns_lion_650,resnet50_tl_20250829,8,4,112,148,116.0,152.0,134.4756622314453,133.93295288085938,0.5427093505859375
ns_lion_650,resnet50_tl_20250829,8,4,112,152,116.0,156.0,134.4756622314453,133.9606475830078,0.5150146484375
ns_lion_650,resnet50_tl_20250829,8,4,112,156,116.0,160.0,134.4756622314453,134.36094665527344,0.114715576171875
ns_lion_650,resnet50_tl_20250829,8,4,112,160,116.0,164.0,134.4756622314453,134.33985900878906,0.13580322265625
ns_lion_650,resnet50_tl_20250829,8,4,112,164,116.0,168.0,134.4756622314453,134.39964294433594,0.076019287109375
ns_lion_650,resnet50_tl_20250829,8,4,112,168,116.0,172.0,134.4756622314453,134.0714874267578,0.4041748046875
ns_lion_650,resnet50_tl_20250829,8,4,112,172,116.0,176.0,134.4756622314453,133.96609497070312,0.5095672607421875
ns_lion_650,resnet50_tl_20250829,8,4,112,176,116.0,180.0,134.4756622314453,133.9188232421875,0.5568389892578125
ns_lion_650,resnet50_tl_20250829,8,4,112,180,116.0,184.0,134.4756622314453,134.03500366210938,0.4406585693359375
ns_lion_650,resnet50_tl_20250829,8,4,112,184,116.0,188.0,134.4756622314453,134.35037231445312,0.1252899169921875
ns_lion_650,resnet50_tl_20250829,8,4,112,188,116.0,192.0,134.4756622314453,134.5625762939453,-0.0869140625
ns_lion_650,resnet50_tl_20250829,8,4,112,192,116.0,196.0,134.4756622314453,134.54359436035156,-0.06793212890625
ns_lion_650,resnet50_tl_20250829,8,4,112,196,116.0,200.0,134.4756622314453,134.4518585205078,0.0238037109375
ns_lion_650,resnet50_tl_20250829,8,4,112,200,116.0,204.0,134.4756622314453,134.49314880371094,-0.017486572265625
ns_lion_650,resnet50_tl_20250829,8,4,112,204,116.0,208.0,134.4756622314453,134.44273376464844,0.032928466796875
ns_lion_650,resnet50_tl_20250829,8,4,112,208,116.0,212.0,134.4756622314453,134.45108032226562,0.0245819091796875
ns_lion_650,resnet50_tl_20250829,8,4,112,212,116.0,216.0,134.4756622314453,134.4521942138672,0.023468017578125
ns_lion_650,resnet50_tl_20250829,8,4,112,216,116.0,220.0,134.4756622314453,134.47430419921875,0.0013580322265625
ns_lion_650,resnet50_tl_20250829,8,4,116,0,120.0,4.0,134.4756622314453,134.65162658691406,-0.17596435546875
ns_lion_650,resnet50_tl_20250829,8,4,116,4,120.0,8.0,134.4756622314453,134.46875,0.0069122314453125
ns_lion_650,resnet50_tl_20250829,8,4,116,8,120.0,12.0,134.4756622314453,134.3701934814453,0.10546875
ns_lion_650,resnet50_tl_20250829,8,4,116,12,120.0,16.0,134.4756622314453,134.18295288085938,0.2927093505859375
ns_lion_650,resnet50_tl_20250829,8,4,116,16,120.0,20.0,134.4756622314453,134.1109619140625,0.3647003173828125
ns_lion_650,resnet50_tl_20250829,8,4,116,20,120.0,24.0,134.4756622314453,134.15928649902344,0.316375732421875
ns_lion_650,resnet50_tl_20250829,8,4,116,24,120.0,28.0,134.4756622314453,134.1748809814453,0.30078125
ns_lion_650,resnet50_tl_20250829,8,4,116,28,120.0,32.0,134.4756622314453,134.19676208496094,0.278900146484375
ns_lion_650,resnet50_tl_20250829,8,4,116,32,120.0,36.0,134.4756622314453,134.1261444091797,0.349517822265625
ns_lion_650,resnet50_tl_20250829,8,4,116,36,120.0,40.0,134.4756622314453,134.09967041015625,0.3759918212890625
ns_lion_650,resnet50_tl_20250829,8,4,116,40,120.0,44.0,134.4756622314453,134.12371826171875,0.3519439697265625
ns_lion_650,resnet50_tl_20250829,8,4,116,44,120.0,48.0,134.4756622314453,134.22708129882812,0.2485809326171875
ns_lion_650,resnet50_tl_20250829,8,4,116,48,120.0,52.0,134.4756622314453,134.11111450195312,0.3645477294921875
ns_lion_650,resnet50_tl_20250829,8,4,116,52,120.0,56.0,134.4756622314453,134.07211303710938,0.4035491943359375
ns_lion_650,resnet50_tl_20250829,8,4,116,56,120.0,60.0,134.4756622314453,134.14541625976562,0.3302459716796875
ns_lion_650,resnet50_tl_20250829,8,4,116,60,120.0,64.0,134.4756622314453,134.30133056640625,0.1743316650390625
ns_lion_650,resnet50_tl_20250829,8,4,116,64,120.0,68.0,134.4756622314453,134.20753479003906,0.26812744140625
ns_lion_650,resnet50_tl_20250829,8,4,116,68,120.0,72.0,134.4756622314453,134.16250610351562,0.3131561279296875
ns_lion_650,resnet50_tl_20250829,8,4,116,72,120.0,76.0,134.4756622314453,134.19869995117188,0.2769622802734375
ns_lion_650,resnet50_tl_20250829,8,4,116,76,120.0,80.0,134.4756622314453,134.3286590576172,0.147003173828125
ns_lion_650,resnet50_tl_20250829,8,4,116,80,120.0,84.0,134.4756622314453,134.2322998046875,0.2433624267578125
ns_lion_650,resnet50_tl_20250829,8,4,116,84,120.0,88.0,134.4756622314453,134.16983032226562,0.3058319091796875
ns_lion_650,resnet50_tl_20250829,8,4,116,88,120.0,92.0,134.4756622314453,134.2167205810547,0.258941650390625
ns_lion_650,resnet50_tl_20250829,8,4,116,92,120.0,96.0,134.4756622314453,134.38404846191406,0.09161376953125
ns_lion_650,resnet50_tl_20250829,8,4,116,96,120.0,100.0,134.4756622314453,134.280029296875,0.1956329345703125
ns_lion_650,resnet50_tl_20250829,8,4,116,100,120.0,104.0,134.4756622314453,134.23590087890625,0.2397613525390625
ns_lion_650,resnet50_tl_20250829,8,4,116,104,120.0,108.0,134.4756622314453,134.27117919921875,0.2044830322265625
ns_lion_650,resnet50_tl_20250829,8,4,116,108,120.0,112.0,134.4756622314453,134.42562866210938,0.0500335693359375
ns_lion_650,resnet50_tl_20250829,8,4,116,112,120.0,116.0,134.4756622314453,134.3343048095703,0.141357421875
ns_lion_650,resnet50_tl_20250829,8,4,116,116,120.0,120.0,134.4756622314453,134.313720703125,0.1619415283203125
ns_lion_650,resnet50_tl_20250829,8,4,116,120,120.0,124.0,134.4756622314453,134.30039978027344,0.175262451171875
ns_lion_650,resnet50_tl_20250829,8,4,116,124,120.0,128.0,134.4756622314453,134.4003143310547,0.075347900390625
ns_lion_650,resnet50_tl_20250829,8,4,116,128,120.0,132.0,134.4756622314453,134.34947204589844,0.126190185546875
ns_lion_650,resnet50_tl_20250829,8,4,116,132,120.0,136.0,134.4756622314453,134.26295471191406,0.21270751953125
ns_lion_650,resnet50_tl_20250829,8,4,116,136,120.0,140.0,134.4756622314453,134.21261596679688,0.2630462646484375
ns_lion_650,resnet50_tl_20250829,8,4,116,140,120.0,144.0,134.4756622314453,134.02256774902344,0.453094482421875
ns_lion_650,resnet50_tl_20250829,8,4,116,144,120.0,148.0,134.4756622314453,133.9803466796875,0.4953155517578125
ns_lion_650,resnet50_tl_20250829,8,4,116,148,120.0,152.0,134.4756622314453,133.99176025390625,0.4839019775390625
ns_lion_650,resnet50_tl_20250829,8,4,116,152,120.0,156.0,134.4756622314453,133.9027862548828,0.5728759765625
ns_lion_650,resnet50_tl_20250829,8,4,116,156,120.0,160.0,134.4756622314453,134.33876037597656,0.13690185546875
ns_lion_650,resnet50_tl_20250829,8,4,116,160,120.0,164.0,134.4756622314453,134.36329650878906,0.11236572265625
ns_lion_650,resnet50_tl_20250829,8,4,116,164,120.0,168.0,134.4756622314453,134.57676696777344,-0.101104736328125
ns_lion_650,resnet50_tl_20250829,8,4,116,168,120.0,172.0,134.4756622314453,134.30592346191406,0.16973876953125
ns_lion_650,resnet50_tl_20250829,8,4,116,172,120.0,176.0,134.4756622314453,134.23052978515625,0.2451324462890625
ns_lion_650,resnet50_tl_20250829,8,4,116,176,120.0,180.0,134.4756622314453,134.09518432617188,0.3804779052734375
ns_lion_650,resnet50_tl_20250829,8,4,116,180,120.0,184.0,134.4756622314453,134.14877319335938,0.3268890380859375
ns_lion_650,resnet50_tl_20250829,8,4,116,184,120.0,188.0,134.4756622314453,134.52919006347656,-0.05352783203125
ns_lion_650,resnet50_tl_20250829,8,4,116,188,120.0,192.0,134.4756622314453,134.6488800048828,-0.1732177734375
ns_lion_650,resnet50_tl_20250829,8,4,116,192,120.0,196.0,134.4756622314453,134.55599975585938,-0.0803375244140625
ns_lion_650,resnet50_tl_20250829,8,4,116,196,120.0,200.0,134.4756622314453,134.4906463623047,-0.014984130859375
ns_lion_650,resnet50_tl_20250829,8,4,116,200,120.0,204.0,134.4756622314453,134.48004150390625,-0.0043792724609375
ns_lion_650,resnet50_tl_20250829,8,4,116,204,120.0,208.0,134.4756622314453,134.51300048828125,-0.0373382568359375
ns_lion_650,resnet50_tl_20250829,8,4,116,208,120.0,212.0,134.4756622314453,134.5193328857422,-0.043670654296875
ns_lion_650,resnet50_tl_20250829,8,4,116,212,120.0,216.0,134.4756622314453,134.4935302734375,-0.0178680419921875
ns_lion_650,resnet50_tl_20250829,8,4,116,216,120.0,220.0,134.4756622314453,134.46119689941406,0.01446533203125
ns_lion_650,resnet50_tl_20250829,8,4,120,0,124.0,4.0,134.4756622314453,134.58541870117188,-0.1097564697265625
ns_lion_650,resnet50_tl_20250829,8,4,120,4,124.0,8.0,134.4756622314453,134.40542602539062,0.0702362060546875
ns_lion_650,resnet50_tl_20250829,8,4,120,8,124.0,12.0,134.4756622314453,134.35614013671875,0.1195220947265625
ns_lion_650,resnet50_tl_20250829,8,4,120,12,124.0,16.0,134.4756622314453,134.2499237060547,0.225738525390625
ns_lion_650,resnet50_tl_20250829,8,4,120,16,124.0,20.0,134.4756622314453,134.23031616210938,0.2453460693359375
ns_lion_650,resnet50_tl_20250829,8,4,120,20,124.0,24.0,134.4756622314453,134.2537841796875,0.2218780517578125
ns_lion_650,resnet50_tl_20250829,8,4,120,24,124.0,28.0,134.4756622314453,134.2447967529297,0.230865478515625
ns_lion_650,resnet50_tl_20250829,8,4,120,28,124.0,32.0,134.4756622314453,134.24114990234375,0.2345123291015625
ns_lion_650,resnet50_tl_20250829,8,4,120,32,124.0,36.0,134.4756622314453,134.25759887695312,0.2180633544921875
ns_lion_650,resnet50_tl_20250829,8,4,120,36,124.0,40.0,134.4756622314453,134.16258239746094,0.313079833984375
ns_lion_650,resnet50_tl_20250829,8,4,120,40,124.0,44.0,134.4756622314453,134.2265167236328,0.2491455078125
ns_lion_650,resnet50_tl_20250829,8,4,120,44,124.0,48.0,134.4756622314453,134.2840118408203,0.191650390625
ns_lion_650,resnet50_tl_20250829,8,4,120,48,124.0,52.0,134.4756622314453,134.2353973388672,0.240264892578125
ns_lion_650,resnet50_tl_20250829,8,4,120,52,124.0,56.0,134.4756622314453,134.14773559570312,0.3279266357421875
ns_lion_650,resnet50_tl_20250829,8,4,120,56,124.0,60.0,134.4756622314453,134.18385314941406,0.29180908203125
ns_lion_650,resnet50_tl_20250829,8,4,120,60,124.0,64.0,134.4756622314453,134.28976440429688,0.1858978271484375
ns_lion_650,resnet50_tl_20250829,8,4,120,64,124.0,68.0,134.4756622314453,134.27325439453125,0.2024078369140625
ns_lion_650,resnet50_tl_20250829,8,4,120,68,124.0,72.0,134.4756622314453,134.2105712890625,0.2650909423828125
ns_lion_650,resnet50_tl_20250829,8,4,120,72,124.0,76.0,134.4756622314453,134.21217346191406,0.26348876953125
ns_lion_650,resnet50_tl_20250829,8,4,120,76,124.0,80.0,134.4756622314453,134.28811645507812,0.1875457763671875
ns_lion_650,resnet50_tl_20250829,8,4,120,80,124.0,84.0,134.4756622314453,134.2794647216797,0.196197509765625
ns_lion_650,resnet50_tl_20250829,8,4,120,84,124.0,88.0,134.4756622314453,134.20721435546875,0.2684478759765625
ns_lion_650,resnet50_tl_20250829,8,4,120,88,124.0,92.0,134.4756622314453,134.2266082763672,0.249053955078125
ns_lion_650,resnet50_tl_20250829,8,4,120,92,124.0,96.0,134.4756622314453,134.34010314941406,0.13555908203125
ns_lion_650,resnet50_tl_20250829,8,4,120,96,124.0,100.0,134.4756622314453,134.3186798095703,0.156982421875
ns_lion_650,resnet50_tl_20250829,8,4,120,100,124.0,104.0,134.4756622314453,134.24209594726562,0.2335662841796875
ns_lion_650,resnet50_tl_20250829,8,4,120,104,124.0,108.0,134.4756622314453,134.27601623535156,0.19964599609375
ns_lion_650,resnet50_tl_20250829,8,4,120,108,124.0,112.0,134.4756622314453,134.3705596923828,0.1051025390625
ns_lion_650,resnet50_tl_20250829,8,4,120,112,124.0,116.0,134.4756622314453,134.36744689941406,0.10821533203125
ns_lion_650,resnet50_tl_20250829,8,4,120,116,124.0,120.0,134.4756622314453,134.32113647460938,0.1545257568359375
ns_lion_650,resnet50_tl_20250829,8,4,120,120,124.0,124.0,134.4756622314453,134.2841033935547,0.191558837890625
ns_lion_650,resnet50_tl_20250829,8,4,120,124,124.0,128.0,134.4756622314453,134.38490295410156,0.09075927734375
ns_lion_650,resnet50_tl_20250829,8,4,120,128,124.0,132.0,134.4756622314453,134.39996337890625,0.0756988525390625
ns_lion_650,resnet50_tl_20250829,8,4,120,132,124.0,136.0,134.4756622314453,134.3151397705078,0.1605224609375
ns_lion_650,resnet50_tl_20250829,8,4,120,136,124.0,140.0,134.4756622314453,134.2642059326172,0.211456298828125
ns_lion_650,resnet50_tl_20250829,8,4,120,140,124.0,144.0,134.4756622314453,134.02426147460938,0.4514007568359375
ns_lion_650,resnet50_tl_20250829,8,4,120,144,124.0,148.0,134.4756622314453,133.91241455078125,0.5632476806640625
ns_lion_650,resnet50_tl_20250829,8,4,120,148,124.0,152.0,134.4756622314453,133.9971160888672,0.478546142578125
ns_lion_650,resnet50_tl_20250829,8,4,120,152,124.0,156.0,134.4756622314453,134.05064392089844,0.425018310546875
ns_lion_650,resnet50_tl_20250829,8,4,120,156,124.0,160.0,134.4756622314453,134.29263305664062,0.1830291748046875
ns_lion_650,resnet50_tl_20250829,8,4,120,160,124.0,164.0,134.4756622314453,134.0631866455078,0.4124755859375
ns_lion_650,resnet50_tl_20250829,8,4,120,164,124.0,168.0,134.4756622314453,134.50228881835938,-0.0266265869140625
ns_lion_650,resnet50_tl_20250829,8,4,120,168,124.0,172.0,134.4756622314453,134.33114624023438,0.1445159912109375
ns_lion_650,resnet50_tl_20250829,8,4,120,172,124.0,176.0,134.4756622314453,134.262451171875,0.2132110595703125
ns_lion_650,resnet50_tl_20250829,8,4,120,176,124.0,180.0,134.4756622314453,134.11595153808594,0.359710693359375
ns_lion_650,resnet50_tl_20250829,8,4,120,180,124.0,184.0,134.4756622314453,134.24517822265625,0.2304840087890625
ns_lion_650,resnet50_tl_20250829,8,4,120,184,124.0,188.0,134.4756622314453,134.4846954345703,-0.009033203125
ns_lion_650,resnet50_tl_20250829,8,4,120,188,124.0,192.0,134.4756622314453,134.47840881347656,-0.00274658203125
ns_lion_650,resnet50_tl_20250829,8,4,120,192,124.0,196.0,134.4756622314453,134.49337768554688,-0.0177154541015625
ns_lion_650,resnet50_tl_20250829,8,4,120,196,124.0,200.0,134.4756622314453,134.42218017578125,0.0534820556640625
ns_lion_650,resnet50_tl_20250829,8,4,120,200,124.0,204.0,134.4756622314453,134.5106201171875,-0.0349578857421875
ns_lion_650,resnet50_tl_20250829,8,4,120,204,124.0,208.0,134.4756622314453,134.4915771484375,-0.0159149169921875
ns_lion_650,resnet50_tl_20250829,8,4,120,208,124.0,212.0,134.4756622314453,134.51136779785156,-0.03570556640625
ns_lion_650,resnet50_tl_20250829,8,4,120,212,124.0,216.0,134.4756622314453,134.4606170654297,0.015045166015625
ns_lion_650,resnet50_tl_20250829,8,4,120,216,124.0,220.0,134.4756622314453,134.45901489257812,0.0166473388671875
ns_lion_650,resnet50_tl_20250829,8,4,124,0,128.0,4.0,134.4756622314453,134.3828125,0.0928497314453125
ns_lion_650,resnet50_tl_20250829,8,4,124,4,128.0,8.0,134.4756622314453,134.3820037841797,0.093658447265625
ns_lion_650,resnet50_tl_20250829,8,4,124,8,128.0,12.0,134.4756622314453,134.3994140625,0.0762481689453125
ns_lion_650,resnet50_tl_20250829,8,4,124,12,128.0,16.0,134.4756622314453,134.3856658935547,0.089996337890625
ns_lion_650,resnet50_tl_20250829,8,4,124,16,128.0,20.0,134.4756622314453,134.3148956298828,0.1607666015625
ns_lion_650,resnet50_tl_20250829,8,4,124,20,128.0,24.0,134.4756622314453,134.37835693359375,0.0973052978515625
ns_lion_650,resnet50_tl_20250829,8,4,124,24,128.0,28.0,134.4756622314453,134.3623046875,0.1133575439453125
ns_lion_650,resnet50_tl_20250829,8,4,124,28,128.0,32.0,134.4756622314453,134.6023406982422,-0.126678466796875
ns_lion_650,resnet50_tl_20250829,8,4,124,32,128.0,36.0,134.4756622314453,134.50445556640625,-0.0287933349609375
ns_lion_650,resnet50_tl_20250829,8,4,124,36,128.0,40.0,134.4756622314453,134.3925018310547,0.083160400390625
ns_lion_650,resnet50_tl_20250829,8,4,124,40,128.0,44.0,134.4756622314453,134.35415649414062,0.1215057373046875
ns_lion_650,resnet50_tl_20250829,8,4,124,44,128.0,48.0,134.4756622314453,134.4977569580078,-0.0220947265625
ns_lion_650,resnet50_tl_20250829,8,4,124,48,128.0,52.0,134.4756622314453,134.35726928710938,0.1183929443359375
ns_lion_650,resnet50_tl_20250829,8,4,124,52,128.0,56.0,134.4756622314453,134.3658447265625,0.1098175048828125
ns_lion_650,resnet50_tl_20250829,8,4,124,56,128.0,60.0,134.4756622314453,134.3241424560547,0.151519775390625
ns_lion_650,resnet50_tl_20250829,8,4,124,60,128.0,64.0,134.4756622314453,134.57997131347656,-0.10430908203125
ns_lion_650,resnet50_tl_20250829,8,4,124,64,128.0,68.0,134.4756622314453,134.4682159423828,0.0074462890625
ns_lion_650,resnet50_tl_20250829,8,4,124,68,128.0,72.0,134.4756622314453,134.4235382080078,0.0521240234375
ns_lion_650,resnet50_tl_20250829,8,4,124,72,128.0,76.0,134.4756622314453,134.34877014160156,0.12689208984375
ns_lion_650,resnet50_tl_20250829,8,4,124,76,128.0,80.0,134.4756622314453,134.444091796875,0.0315704345703125
ns_lion_650,resnet50_tl_20250829,8,4,124,80,128.0,84.0,134.4756622314453,134.34625244140625,0.1294097900390625
ns_lion_650,resnet50_tl_20250829,8,4,124,84,128.0,88.0,134.4756622314453,134.3701171875,0.1055450439453125
ns_lion_650,resnet50_tl_20250829,8,4,124,88,128.0,92.0,134.4756622314453,134.33775329589844,0.137908935546875
ns_lion_650,resnet50_tl_20250829,8,4,124,92,128.0,96.0,134.4756622314453,134.44432067871094,0.031341552734375
ns_lion_650,resnet50_tl_20250829,8,4,124,96,128.0,100.0,134.4756622314453,134.35800170898438,0.1176605224609375
ns_lion_650,resnet50_tl_20250829,8,4,124,100,128.0,104.0,134.4756622314453,134.3706512451172,0.105010986328125
ns_lion_650,resnet50_tl_20250829,8,4,124,104,128.0,108.0,134.4756622314453,134.3714141845703,0.104248046875
ns_lion_650,resnet50_tl_20250829,8,4,124,108,128.0,112.0,134.4756622314453,134.44627380371094,0.029388427734375
ns_lion_650,resnet50_tl_20250829,8,4,124,112,128.0,116.0,134.4756622314453,134.39894104003906,0.07672119140625
ns_lion_650,resnet50_tl_20250829,8,4,124,116,128.0,120.0,134.4756622314453,134.44088745117188,0.0347747802734375
ns_lion_650,resnet50_tl_20250829,8,4,124,120,128.0,124.0,134.4756622314453,134.3369140625,0.1387481689453125
ns_lion_650,resnet50_tl_20250829,8,4,124,124,128.0,128.0,134.4756622314453,134.40890502929688,0.0667572021484375
ns_lion_650,resnet50_tl_20250829,8,4,124,128,128.0,132.0,134.4756622314453,134.37612915039062,0.0995330810546875
ns_lion_650,resnet50_tl_20250829,8,4,124,132,128.0,136.0,134.4756622314453,134.3990478515625,0.0766143798828125
ns_lion_650,resnet50_tl_20250829,8,4,124,136,128.0,140.0,134.4756622314453,134.28359985351562,0.1920623779296875
ns_lion_650,resnet50_tl_20250829,8,4,124,140,128.0,144.0,134.4756622314453,134.0479278564453,0.427734375
ns_lion_650,resnet50_tl_20250829,8,4,124,144,128.0,148.0,134.4756622314453,133.95762634277344,0.518035888671875
ns_lion_650,resnet50_tl_20250829,8,4,124,148,128.0,152.0,134.4756622314453,134.084716796875,0.3909454345703125
ns_lion_650,resnet50_tl_20250829,8,4,124,152,128.0,156.0,134.4756622314453,134.0779266357422,0.397735595703125
ns_lion_650,resnet50_tl_20250829,8,4,124,156,128.0,160.0,134.4756622314453,134.069091796875,0.4065704345703125
ns_lion_650,resnet50_tl_20250829,8,4,124,160,128.0,164.0,134.4756622314453,133.8779296875,0.5977325439453125
ns_lion_650,resnet50_tl_20250829,8,4,124,164,128.0,168.0,134.4756622314453,134.30001831054688,0.1756439208984375
ns_lion_650,resnet50_tl_20250829,8,4,124,168,128.0,172.0,134.4756622314453,134.32296752929688,0.1526947021484375
ns_lion_650,resnet50_tl_20250829,8,4,124,172,128.0,176.0,134.4756622314453,134.14791870117188,0.3277435302734375
ns_lion_650,resnet50_tl_20250829,8,4,124,176,128.0,180.0,134.4756622314453,134.07713317871094,0.398529052734375
ns_lion_650,resnet50_tl_20250829,8,4,124,180,128.0,184.0,134.4756622314453,134.27593994140625,0.1997222900390625
ns_lion_650,resnet50_tl_20250829,8,4,124,184,128.0,188.0,134.4756622314453,134.39102172851562,0.0846405029296875
ns_lion_650,resnet50_tl_20250829,8,4,124,188,128.0,192.0,134.4756622314453,134.35511779785156,0.12054443359375
ns_lion_650,resnet50_tl_20250829,8,4,124,192,128.0,196.0,134.4756622314453,134.35475158691406,0.12091064453125
ns_lion_650,resnet50_tl_20250829,8,4,124,196,128.0,200.0,134.4756622314453,134.37762451171875,0.0980377197265625
ns_lion_650,resnet50_tl_20250829,8,4,124,200,128.0,204.0,134.4756622314453,134.4661102294922,0.009552001953125
ns_lion_650,resnet50_tl_20250829,8,4,124,204,128.0,208.0,134.4756622314453,134.50856018066406,-0.03289794921875
ns_lion_650,resnet50_tl_20250829,8,4,124,208,128.0,212.0,134.4756622314453,134.52886962890625,-0.0532073974609375
ns_lion_650,resnet50_tl_20250829,8,4,124,212,128.0,216.0,134.4756622314453,134.4782257080078,-0.0025634765625
ns_lion_650,resnet50_tl_20250829,8,4,124,216,128.0,220.0,134.4756622314453,134.4627685546875,0.0128936767578125
ns_lion_650,resnet50_tl_20250829,8,4,128,0,132.0,4.0,134.4756622314453,134.47137451171875,0.0042877197265625
ns_lion_650,resnet50_tl_20250829,8,4,128,4,132.0,8.0,134.4756622314453,134.3682861328125,0.1073760986328125
ns_lion_650,resnet50_tl_20250829,8,4,128,8,132.0,12.0,134.4756622314453,134.38180541992188,0.0938568115234375
ns_lion_650,resnet50_tl_20250829,8,4,128,12,132.0,16.0,134.4756622314453,134.35910034179688,0.1165618896484375
ns_lion_650,resnet50_tl_20250829,8,4,128,16,132.0,20.0,134.4756622314453,134.3475341796875,0.1281280517578125
ns_lion_650,resnet50_tl_20250829,8,4,128,20,132.0,24.0,134.4756622314453,134.35289001464844,0.122772216796875
ns_lion_650,resnet50_tl_20250829,8,4,128,24,132.0,28.0,134.4756622314453,134.42234802246094,0.053314208984375
ns_lion_650,resnet50_tl_20250829,8,4,128,28,132.0,32.0,134.4756622314453,134.54046630859375,-0.0648040771484375
ns_lion_650,resnet50_tl_20250829,8,4,128,32,132.0,36.0,134.4756622314453,134.53469848632812,-0.0590362548828125
ns_lion_650,resnet50_tl_20250829,8,4,128,36,132.0,40.0,134.4756622314453,134.34817504882812,0.1274871826171875
ns_lion_650,resnet50_tl_20250829,8,4,128,40,132.0,44.0,134.4756622314453,134.42306518554688,0.0525970458984375
ns_lion_650,resnet50_tl_20250829,8,4,128,44,132.0,48.0,134.4756622314453,134.46185302734375,0.0138092041015625
ns_lion_650,resnet50_tl_20250829,8,4,128,48,132.0,52.0,134.4756622314453,134.43963623046875,0.0360260009765625
ns_lion_650,resnet50_tl_20250829,8,4,128,52,132.0,56.0,134.4756622314453,134.3514862060547,0.124176025390625
ns_lion_650,resnet50_tl_20250829,8,4,128,56,132.0,60.0,134.4756622314453,134.3817596435547,0.093902587890625
ns_lion_650,resnet50_tl_20250829,8,4,128,60,132.0,64.0,134.4756622314453,134.52804565429688,-0.0523834228515625
ns_lion_650,resnet50_tl_20250829,8,4,128,64,132.0,68.0,134.4756622314453,134.5150146484375,-0.0393524169921875
ns_lion_650,resnet50_tl_20250829,8,4,128,68,132.0,72.0,134.4756622314453,134.39027404785156,0.08538818359375
ns_lion_650,resnet50_tl_20250829,8,4,128,72,132.0,76.0,134.4756622314453,134.38763427734375,0.0880279541015625
ns_lion_650,resnet50_tl_20250829,8,4,128,76,132.0,80.0,134.4756622314453,134.4133758544922,0.062286376953125
ns_lion_650,resnet50_tl_20250829,8,4,128,80,132.0,84.0,134.4756622314453,134.40220642089844,0.073455810546875
ns_lion_650,resnet50_tl_20250829,8,4,128,84,132.0,88.0,134.4756622314453,134.3732147216797,0.102447509765625
ns_lion_650,resnet50_tl_20250829,8,4,128,88,132.0,92.0,134.4756622314453,134.41024780273438,0.0654144287109375
ns_lion_650,resnet50_tl_20250829,8,4,128,92,132.0,96.0,134.4756622314453,134.4270477294922,0.048614501953125
ns_lion_650,resnet50_tl_20250829,8,4,128,96,132.0,100.0,134.4756622314453,134.4134979248047,0.062164306640625
ns_lion_650,resnet50_tl_20250829,8,4,128,100,132.0,104.0,134.4756622314453,134.37994384765625,0.0957183837890625
ns_lion_650,resnet50_tl_20250829,8,4,128,104,132.0,108.0,134.4756622314453,134.4334716796875,0.0421905517578125
ns_lion_650,resnet50_tl_20250829,8,4,128,108,132.0,112.0,134.4756622314453,134.44219970703125,0.0334625244140625
ns_lion_650,resnet50_tl_20250829,8,4,128,112,132.0,116.0,134.4756622314453,134.44668579101562,0.0289764404296875
ns_lion_650,resnet50_tl_20250829,8,4,128,116,132.0,120.0,134.4756622314453,134.37879943847656,0.09686279296875
ns_lion_650,resnet50_tl_20250829,8,4,128,120,132.0,124.0,134.4756622314453,134.36387634277344,0.111785888671875
ns_lion_650,resnet50_tl_20250829,8,4,128,124,132.0,128.0,134.4756622314453,134.36932373046875,0.1063385009765625
ns_lion_650,resnet50_tl_20250829,8,4,128,128,132.0,132.0,134.4756622314453,134.40658569335938,0.0690765380859375
ns_lion_650,resnet50_tl_20250829,8,4,128,132,132.0,136.0,134.4756622314453,134.3942413330078,0.0814208984375
ns_lion_650,resnet50_tl_20250829,8,4,128,136,132.0,140.0,134.4756622314453,134.31719970703125,0.1584625244140625
ns_lion_650,resnet50_tl_20250829,8,4,128,140,132.0,144.0,134.4756622314453,134.03358459472656,0.44207763671875
ns_lion_650,resnet50_tl_20250829,8,4,128,144,132.0,148.0,134.4756622314453,133.93685913085938,0.5388031005859375
ns_lion_650,resnet50_tl_20250829,8,4,128,148,132.0,152.0,134.4756622314453,134.04441833496094,0.431243896484375
ns_lion_650,resnet50_tl_20250829,8,4,128,152,132.0,156.0,134.4756622314453,134.02877807617188,0.4468841552734375
ns_lion_650,resnet50_tl_20250829,8,4,128,156,132.0,160.0,134.4756622314453,133.9771728515625,0.4984893798828125
ns_lion_650,resnet50_tl_20250829,8,4,128,160,132.0,164.0,134.4756622314453,134.00543212890625,0.4702301025390625
ns_lion_650,resnet50_tl_20250829,8,4,128,164,132.0,168.0,134.4756622314453,134.279541015625,0.1961212158203125
ns_lion_650,resnet50_tl_20250829,8,4,128,168,132.0,172.0,134.4756622314453,134.4584503173828,0.0172119140625
ns_lion_650,resnet50_tl_20250829,8,4,128,172,132.0,176.0,134.4756622314453,134.19297790527344,0.282684326171875
ns_lion_650,resnet50_tl_20250829,8,4,128,176,132.0,180.0,134.4756622314453,134.26290893554688,0.2127532958984375
ns_lion_650,resnet50_tl_20250829,8,4,128,180,132.0,184.0,134.4756622314453,134.21841430664062,0.2572479248046875
ns_lion_650,resnet50_tl_20250829,8,4,128,184,132.0,188.0,134.4756622314453,134.3987274169922,0.076934814453125
ns_lion_650,resnet50_tl_20250829,8,4,128,188,132.0,192.0,134.4756622314453,134.3392333984375,0.1364288330078125
ns_lion_650,resnet50_tl_20250829,8,4,128,192,132.0,196.0,134.4756622314453,134.35626220703125,0.1194000244140625
ns_lion_650,resnet50_tl_20250829,8,4,128,196,132.0,200.0,134.4756622314453,134.3724822998047,0.103179931640625
ns_lion_650,resnet50_tl_20250829,8,4,128,200,132.0,204.0,134.4756622314453,134.43849182128906,0.03717041015625
ns_lion_650,resnet50_tl_20250829,8,4,128,204,132.0,208.0,134.4756622314453,134.44866943359375,0.0269927978515625
ns_lion_650,resnet50_tl_20250829,8,4,128,208,132.0,212.0,134.4756622314453,134.49362182617188,-0.0179595947265625
ns_lion_650,resnet50_tl_20250829,8,4,128,212,132.0,216.0,134.4756622314453,134.47402954101562,0.0016326904296875
ns_lion_650,resnet50_tl_20250829,8,4,128,216,132.0,220.0,134.4756622314453,134.4771270751953,-0.00146484375
ns_lion_650,resnet50_tl_20250829,8,4,132,0,136.0,4.0,134.4756622314453,134.56507873535156,-0.08941650390625
ns_lion_650,resnet50_tl_20250829,8,4,132,4,136.0,8.0,134.4756622314453,134.49375915527344,-0.018096923828125
ns_lion_650,resnet50_tl_20250829,8,4,132,8,136.0,12.0,134.4756622314453,134.4510498046875,0.0246124267578125
ns_lion_650,resnet50_tl_20250829,8,4,132,12,136.0,16.0,134.4756622314453,134.3621826171875,0.1134796142578125
ns_lion_650,resnet50_tl_20250829,8,4,132,16,136.0,20.0,134.4756622314453,134.31919860839844,0.156463623046875
ns_lion_650,resnet50_tl_20250829,8,4,132,20,136.0,24.0,134.4756622314453,134.3987579345703,0.076904296875
ns_lion_650,resnet50_tl_20250829,8,4,132,24,136.0,28.0,134.4756622314453,134.38174438476562,0.0939178466796875
ns_lion_650,resnet50_tl_20250829,8,4,132,28,136.0,32.0,134.4756622314453,134.4229278564453,0.052734375
ns_lion_650,resnet50_tl_20250829,8,4,132,32,136.0,36.0,134.4756622314453,134.36184692382812,0.1138153076171875
ns_lion_650,resnet50_tl_20250829,8,4,132,36,136.0,40.0,134.4756622314453,134.31234741210938,0.1633148193359375
ns_lion_650,resnet50_tl_20250829,8,4,132,40,136.0,44.0,134.4756622314453,134.34657287597656,0.12908935546875
ns_lion_650,resnet50_tl_20250829,8,4,132,44,136.0,48.0,134.4756622314453,134.4454803466797,0.030181884765625
ns_lion_650,resnet50_tl_20250829,8,4,132,48,136.0,52.0,134.4756622314453,134.36190795898438,0.1137542724609375
ns_lion_650,resnet50_tl_20250829,8,4,132,52,136.0,56.0,134.4756622314453,134.3172607421875,0.1584014892578125
ns_lion_650,resnet50_tl_20250829,8,4,132,56,136.0,60.0,134.4756622314453,134.288818359375,0.1868438720703125
ns_lion_650,resnet50_tl_20250829,8,4,132,60,136.0,64.0,134.4756622314453,134.44888305664062,0.0267791748046875
ns_lion_650,resnet50_tl_20250829,8,4,132,64,136.0,68.0,134.4756622314453,134.38465881347656,0.09100341796875
ns_lion_650,resnet50_tl_20250829,8,4,132,68,136.0,72.0,134.4756622314453,134.34490966796875,0.1307525634765625
ns_lion_650,resnet50_tl_20250829,8,4,132,72,136.0,76.0,134.4756622314453,134.2887420654297,0.186920166015625
ns_lion_650,resnet50_tl_20250829,8,4,132,76,136.0,80.0,134.4756622314453,134.34078979492188,0.1348724365234375
ns_lion_650,resnet50_tl_20250829,8,4,132,80,136.0,84.0,134.4756622314453,134.29736328125,0.1782989501953125
ns_lion_650,resnet50_tl_20250829,8,4,132,84,136.0,88.0,134.4756622314453,134.2989501953125,0.1767120361328125
ns_lion_650,resnet50_tl_20250829,8,4,132,88,136.0,92.0,134.4756622314453,134.345703125,0.1299591064453125
ns_lion_650,resnet50_tl_20250829,8,4,132,92,136.0,96.0,134.4756622314453,134.47100830078125,0.0046539306640625
ns_lion_650,resnet50_tl_20250829,8,4,132,96,136.0,100.0,134.4756622314453,134.38150024414062,0.0941619873046875
ns_lion_650,resnet50_tl_20250829,8,4,132,100,136.0,104.0,134.4756622314453,134.3980255126953,0.07763671875
ns_lion_650,resnet50_tl_20250829,8,4,132,104,136.0,108.0,134.4756622314453,134.3966827392578,0.0789794921875
ns_lion_650,resnet50_tl_20250829,8,4,132,108,136.0,112.0,134.4756622314453,134.50332641601562,-0.0276641845703125
ns_lion_650,resnet50_tl_20250829,8,4,132,112,136.0,116.0,134.4756622314453,134.43154907226562,0.0441131591796875
ns_lion_650,resnet50_tl_20250829,8,4,132,116,136.0,120.0,134.4756622314453,134.42977905273438,0.0458831787109375
ns_lion_650,resnet50_tl_20250829,8,4,132,120,136.0,124.0,134.4756622314453,134.2958526611328,0.1798095703125
ns_lion_650,resnet50_tl_20250829,8,4,132,124,136.0,128.0,134.4756622314453,134.33082580566406,0.14483642578125
ns_lion_650,resnet50_tl_20250829,8,4,132,128,136.0,132.0,134.4756622314453,134.3194580078125,0.1562042236328125
ns_lion_650,resnet50_tl_20250829,8,4,132,132,136.0,136.0,134.4756622314453,134.27261352539062,0.2030487060546875
ns_lion_650,resnet50_tl_20250829,8,4,132,136,136.0,140.0,134.4756622314453,134.17465209960938,0.3010101318359375
ns_lion_650,resnet50_tl_20250829,8,4,132,140,136.0,144.0,134.4756622314453,134.03555297851562,0.4401092529296875
ns_lion_650,resnet50_tl_20250829,8,4,132,144,136.0,148.0,134.4756622314453,133.90953063964844,0.566131591796875
ns_lion_650,resnet50_tl_20250829,8,4,132,148,136.0,152.0,134.4756622314453,134.1613311767578,0.3143310546875
ns_lion_650,resnet50_tl_20250829,8,4,132,152,136.0,156.0,134.4756622314453,134.1356658935547,0.339996337890625
ns_lion_650,resnet50_tl_20250829,8,4,132,156,136.0,160.0,134.4756622314453,134.27464294433594,0.201019287109375
ns_lion_650,resnet50_tl_20250829,8,4,132,160,136.0,164.0,134.4756622314453,134.29884338378906,0.17681884765625
ns_lion_650,resnet50_tl_20250829,8,4,132,164,136.0,168.0,134.4756622314453,134.47789001464844,-0.002227783203125
ns_lion_650,resnet50_tl_20250829,8,4,132,168,136.0,172.0,134.4756622314453,134.47557067871094,9.1552734375e-05
ns_lion_650,resnet50_tl_20250829,8,4,132,172,136.0,176.0,134.4756622314453,134.46693420410156,0.00872802734375
ns_lion_650,resnet50_tl_20250829,8,4,132,176,136.0,180.0,134.4756622314453,134.4022979736328,0.0733642578125
ns_lion_650,resnet50_tl_20250829,8,4,132,180,136.0,184.0,134.4756622314453,134.40150451660156,0.07415771484375
ns_lion_650,resnet50_tl_20250829,8,4,132,184,136.0,188.0,134.4756622314453,134.43182373046875,0.0438385009765625
ns_lion_650,resnet50_tl_20250829,8,4,132,188,136.0,192.0,134.4756622314453,134.45774841308594,0.017913818359375
ns_lion_650,resnet50_tl_20250829,8,4,132,192,136.0,196.0,134.4756622314453,134.47616577148438,-0.0005035400390625
ns_lion_650,resnet50_tl_20250829,8,4,132,196,136.0,200.0,134.4756622314453,134.4613037109375,0.0143585205078125
ns_lion_650,resnet50_tl_20250829,8,4,132,200,136.0,204.0,134.4756622314453,134.43502807617188,0.0406341552734375
ns_lion_650,resnet50_tl_20250829,8,4,132,204,136.0,208.0,134.4756622314453,134.4584503173828,0.0172119140625
ns_lion_650,resnet50_tl_20250829,8,4,132,208,136.0,212.0,134.4756622314453,134.5030059814453,-0.02734375
ns_lion_650,resnet50_tl_20250829,8,4,132,212,136.0,216.0,134.4756622314453,134.4883270263672,-0.012664794921875
ns_lion_650,resnet50_tl_20250829,8,4,132,216,136.0,220.0,134.4756622314453,134.4590301513672,0.016632080078125
ns_lion_650,resnet50_tl_20250829,8,4,136,0,140.0,4.0,134.4756622314453,134.50270080566406,-0.02703857421875
ns_lion_650,resnet50_tl_20250829,8,4,136,4,140.0,8.0,134.4756622314453,134.45945739746094,0.016204833984375
ns_lion_650,resnet50_tl_20250829,8,4,136,8,140.0,12.0,134.4756622314453,134.4473114013672,0.028350830078125
ns_lion_650,resnet50_tl_20250829,8,4,136,12,140.0,16.0,134.4756622314453,134.381103515625,0.0945587158203125
ns_lion_650,resnet50_tl_20250829,8,4,136,16,140.0,20.0,134.4756622314453,134.36680603027344,0.108856201171875
ns_lion_650,resnet50_tl_20250829,8,4,136,20,140.0,24.0,134.4756622314453,134.37863159179688,0.0970306396484375
ns_lion_650,resnet50_tl_20250829,8,4,136,24,140.0,28.0,134.4756622314453,134.39791870117188,0.0777435302734375
ns_lion_650,resnet50_tl_20250829,8,4,136,28,140.0,32.0,134.4756622314453,134.3724365234375,0.1032257080078125
ns_lion_650,resnet50_tl_20250829,8,4,136,32,140.0,36.0,134.4756622314453,134.38148498535156,0.09417724609375
ns_lion_650,resnet50_tl_20250829,8,4,136,36,140.0,40.0,134.4756622314453,134.3230743408203,0.152587890625
ns_lion_650,resnet50_tl_20250829,8,4,136,40,140.0,44.0,134.4756622314453,134.36740112304688,0.1082611083984375
ns_lion_650,resnet50_tl_20250829,8,4,136,44,140.0,48.0,134.4756622314453,134.39773559570312,0.0779266357421875
ns_lion_650,resnet50_tl_20250829,8,4,136,48,140.0,52.0,134.4756622314453,134.40061950683594,0.075042724609375
ns_lion_650,resnet50_tl_20250829,8,4,136,52,140.0,56.0,134.4756622314453,134.31753540039062,0.1581268310546875
ns_lion_650,resnet50_tl_20250829,8,4,136,56,140.0,60.0,134.4756622314453,134.32862854003906,0.14703369140625
ns_lion_650,resnet50_tl_20250829,8,4,136,60,140.0,64.0,134.4756622314453,134.42066955566406,0.05499267578125
ns_lion_650,resnet50_tl_20250829,8,4,136,64,140.0,68.0,134.4756622314453,134.43112182617188,0.0445404052734375
ns_lion_650,resnet50_tl_20250829,8,4,136,68,140.0,72.0,134.4756622314453,134.37118530273438,0.1044769287109375
ns_lion_650,resnet50_tl_20250829,8,4,136,72,140.0,76.0,134.4756622314453,134.3608856201172,0.114776611328125
ns_lion_650,resnet50_tl_20250829,8,4,136,76,140.0,80.0,134.4756622314453,134.3978729248047,0.077789306640625
ns_lion_650,resnet50_tl_20250829,8,4,136,80,140.0,84.0,134.4756622314453,134.39251708984375,0.0831451416015625
ns_lion_650,resnet50_tl_20250829,8,4,136,84,140.0,88.0,134.4756622314453,134.36415100097656,0.11151123046875
ns_lion_650,resnet50_tl_20250829,8,4,136,88,140.0,92.0,134.4756622314453,134.4026336669922,0.073028564453125
ns_lion_650,resnet50_tl_20250829,8,4,136,92,140.0,96.0,134.4756622314453,134.46324157714844,0.012420654296875
ns_lion_650,resnet50_tl_20250829,8,4,136,96,140.0,100.0,134.4756622314453,134.43374633789062,0.0419158935546875
ns_lion_650,resnet50_tl_20250829,8,4,136,100,140.0,104.0,134.4756622314453,134.44998168945312,0.0256805419921875
ns_lion_650,resnet50_tl_20250829,8,4,136,104,140.0,108.0,134.4756622314453,134.49266052246094,-0.016998291015625
ns_lion_650,resnet50_tl_20250829,8,4,136,108,140.0,112.0,134.4756622314453,134.5132293701172,-0.037567138671875
ns_lion_650,resnet50_tl_20250829,8,4,136,112,140.0,116.0,134.4756622314453,134.43023681640625,0.0454254150390625
ns_lion_650,resnet50_tl_20250829,8,4,136,116,140.0,120.0,134.4756622314453,134.47132873535156,0.00433349609375
ns_lion_650,resnet50_tl_20250829,8,4,136,120,140.0,124.0,134.4756622314453,134.3072509765625,0.1684112548828125
ns_lion_650,resnet50_tl_20250829,8,4,136,124,140.0,128.0,134.4756622314453,134.282958984375,0.1927032470703125
ns_lion_650,resnet50_tl_20250829,8,4,136,128,140.0,132.0,134.4756622314453,134.34324645996094,0.132415771484375
ns_lion_650,resnet50_tl_20250829,8,4,136,132,140.0,136.0,134.4756622314453,134.27914428710938,0.1965179443359375
ns_lion_650,resnet50_tl_20250829,8,4,136,136,140.0,140.0,134.4756622314453,134.1497802734375,0.3258819580078125
ns_lion_650,resnet50_tl_20250829,8,4,136,140,140.0,144.0,134.4756622314453,134.06430053710938,0.4113616943359375
ns_lion_650,resnet50_tl_20250829,8,4,136,144,140.0,148.0,134.4756622314453,133.9954376220703,0.480224609375
ns_lion_650,resnet50_tl_20250829,8,4,136,148,140.0,152.0,134.4756622314453,134.15040588378906,0.32525634765625
ns_lion_650,resnet50_tl_20250829,8,4,136,152,140.0,156.0,134.4756622314453,134.23426818847656,0.24139404296875
ns_lion_650,resnet50_tl_20250829,8,4,136,156,140.0,160.0,134.4756622314453,134.23947143554688,0.2361907958984375
ns_lion_650,resnet50_tl_20250829,8,4,136,160,140.0,164.0,134.4756622314453,134.172119140625,0.3035430908203125
ns_lion_650,resnet50_tl_20250829,8,4,136,164,140.0,168.0,134.4756622314453,134.2967987060547,0.178863525390625
ns_lion_650,resnet50_tl_20250829,8,4,136,168,140.0,172.0,134.4756622314453,134.4471435546875,0.0285186767578125
ns_lion_650,resnet50_tl_20250829,8,4,136,172,140.0,176.0,134.4756622314453,134.2845916748047,0.191070556640625
ns_lion_650,resnet50_tl_20250829,8,4,136,176,140.0,180.0,134.4756622314453,134.25897216796875,0.2166900634765625
ns_lion_650,resnet50_tl_20250829,8,4,136,180,140.0,184.0,134.4756622314453,134.24075317382812,0.2349090576171875
ns_lion_650,resnet50_tl_20250829,8,4,136,184,140.0,188.0,134.4756622314453,134.4156951904297,0.059967041015625
ns_lion_650,resnet50_tl_20250829,8,4,136,188,140.0,192.0,134.4756622314453,134.3772735595703,0.098388671875
ns_lion_650,resnet50_tl_20250829,8,4,136,192,140.0,196.0,134.4756622314453,134.41090393066406,0.06475830078125
ns_lion_650,resnet50_tl_20250829,8,4,136,196,140.0,200.0,134.4756622314453,134.36309814453125,0.1125640869140625
ns_lion_650,resnet50_tl_20250829,8,4,136,200,140.0,204.0,134.4756622314453,134.41397094726562,0.0616912841796875
ns_lion_650,resnet50_tl_20250829,8,4,136,204,140.0,208.0,134.4756622314453,134.43740844726562,0.0382537841796875
ns_lion_650,resnet50_tl_20250829,8,4,136,208,140.0,212.0,134.4756622314453,134.4684295654297,0.007232666015625
ns_lion_650,resnet50_tl_20250829,8,4,136,212,140.0,216.0,134.4756622314453,134.44717407226562,0.0284881591796875
ns_lion_650,resnet50_tl_20250829,8,4,136,216,140.0,220.0,134.4756622314453,134.45703125,0.0186309814453125
ns_lion_650,resnet50_tl_20250829,8,4,140,0,144.0,4.0,134.4756622314453,134.3096466064453,0.166015625
ns_lion_650,resnet50_tl_20250829,8,4,140,4,144.0,8.0,134.4756622314453,134.49534606933594,-0.019683837890625
ns_lion_650,resnet50_tl_20250829,8,4,140,8,144.0,12.0,134.4756622314453,134.40968322753906,0.06597900390625
ns_lion_650,resnet50_tl_20250829,8,4,140,12,144.0,16.0,134.4756622314453,134.41107177734375,0.0645904541015625
ns_lion_650,resnet50_tl_20250829,8,4,140,16,144.0,20.0,134.4756622314453,134.36940002441406,0.10626220703125
ns_lion_650,resnet50_tl_20250829,8,4,140,20,144.0,24.0,134.4756622314453,134.38243103027344,0.093231201171875
ns_lion_650,resnet50_tl_20250829,8,4,140,24,144.0,28.0,134.4756622314453,134.4126739501953,0.06298828125
ns_lion_650,resnet50_tl_20250829,8,4,140,28,144.0,32.0,134.4756622314453,134.49876403808594,-0.023101806640625
ns_lion_650,resnet50_tl_20250829,8,4,140,32,144.0,36.0,134.4756622314453,134.4630126953125,0.0126495361328125
ns_lion_650,resnet50_tl_20250829,8,4,140,36,144.0,40.0,134.4756622314453,134.41299438476562,0.0626678466796875
ns_lion_650,resnet50_tl_20250829,8,4,140,40,144.0,44.0,134.4756622314453,134.42237854003906,0.05328369140625
ns_lion_650,resnet50_tl_20250829,8,4,140,44,144.0,48.0,134.4756622314453,134.49588012695312,-0.0202178955078125
ns_lion_650,resnet50_tl_20250829,8,4,140,48,144.0,52.0,134.4756622314453,134.435791015625,0.0398712158203125
ns_lion_650,resnet50_tl_20250829,8,4,140,52,144.0,56.0,134.4756622314453,134.4003143310547,0.075347900390625
ns_lion_650,resnet50_tl_20250829,8,4,140,56,144.0,60.0,134.4756622314453,134.4030303955078,0.0726318359375
ns_lion_650,resnet50_tl_20250829,8,4,140,60,144.0,64.0,134.4756622314453,134.5101776123047,-0.034515380859375
ns_lion_650,resnet50_tl_20250829,8,4,140,64,144.0,68.0,134.4756622314453,134.51864624023438,-0.0429840087890625
ns_lion_650,resnet50_tl_20250829,8,4,140,68,144.0,72.0,134.4756622314453,134.3945770263672,0.081085205078125
ns_lion_650,resnet50_tl_20250829,8,4,140,72,144.0,76.0,134.4756622314453,134.4273681640625,0.0482940673828125
ns_lion_650,resnet50_tl_20250829,8,4,140,76,144.0,80.0,134.4756622314453,134.4547576904297,0.020904541015625
ns_lion_650,resnet50_tl_20250829,8,4,140,80,144.0,84.0,134.4756622314453,134.42550659179688,0.0501556396484375
ns_lion_650,resnet50_tl_20250829,8,4,140,84,144.0,88.0,134.4756622314453,134.34803771972656,0.12762451171875
ns_lion_650,resnet50_tl_20250829,8,4,140,88,144.0,92.0,134.4756622314453,134.36911010742188,0.1065521240234375
ns_lion_650,resnet50_tl_20250829,8,4,140,92,144.0,96.0,134.4756622314453,134.43580627441406,0.03985595703125
ns_lion_650,resnet50_tl_20250829,8,4,140,96,144.0,100.0,134.4756622314453,134.4050750732422,0.070587158203125
ns_lion_650,resnet50_tl_20250829,8,4,140,100,144.0,104.0,134.4756622314453,134.5231170654297,-0.047454833984375
ns_lion_650,resnet50_tl_20250829,8,4,140,104,144.0,108.0,134.4756622314453,134.5017852783203,-0.026123046875
ns_lion_650,resnet50_tl_20250829,8,4,140,108,144.0,112.0,134.4756622314453,134.5598602294922,-0.084197998046875
ns_lion_650,resnet50_tl_20250829,8,4,140,112,144.0,116.0,134.4756622314453,134.48028564453125,-0.0046234130859375
ns_lion_650,resnet50_tl_20250829,8,4,140,116,144.0,120.0,134.4756622314453,134.5428924560547,-0.067230224609375
ns_lion_650,resnet50_tl_20250829,8,4,140,120,144.0,124.0,134.4756622314453,134.3851776123047,0.090484619140625
ns_lion_650,resnet50_tl_20250829,8,4,140,124,144.0,128.0,134.4756622314453,134.41136169433594,0.064300537109375
ns_lion_650,resnet50_tl_20250829,8,4,140,128,144.0,132.0,134.4756622314453,134.3673095703125,0.1083526611328125
ns_lion_650,resnet50_tl_20250829,8,4,140,132,144.0,136.0,134.4756622314453,134.26278686523438,0.2128753662109375
ns_lion_650,resnet50_tl_20250829,8,4,140,136,144.0,140.0,134.4756622314453,134.1510009765625,0.3246612548828125
ns_lion_650,resnet50_tl_20250829,8,4,140,140,144.0,144.0,134.4756622314453,134.17343139648438,0.3022308349609375
ns_lion_650,resnet50_tl_20250829,8,4,140,144,144.0,148.0,134.4756622314453,134.1512908935547,0.324371337890625
ns_lion_650,resnet50_tl_20250829,8,4,140,148,144.0,152.0,134.4756622314453,134.17662048339844,0.299041748046875
ns_lion_650,resnet50_tl_20250829,8,4,140,152,144.0,156.0,134.4756622314453,134.24314880371094,0.232513427734375
ns_lion_650,resnet50_tl_20250829,8,4,140,156,144.0,160.0,134.4756622314453,133.83888244628906,0.63677978515625
ns_lion_650,resnet50_tl_20250829,8,4,140,160,144.0,164.0,134.4756622314453,133.98602294921875,0.4896392822265625
ns_lion_650,resnet50_tl_20250829,8,4,140,164,144.0,168.0,134.4756622314453,134.3466796875,0.1289825439453125
ns_lion_650,resnet50_tl_20250829,8,4,140,168,144.0,172.0,134.4756622314453,134.42027282714844,0.055389404296875
ns_lion_650,resnet50_tl_20250829,8,4,140,172,144.0,176.0,134.4756622314453,134.30084228515625,0.1748199462890625
ns_lion_650,resnet50_tl_20250829,8,4,140,176,144.0,180.0,134.4756622314453,134.19696044921875,0.2787017822265625
ns_lion_650,resnet50_tl_20250829,8,4,140,180,144.0,184.0,134.4756622314453,134.30972290039062,0.1659393310546875
ns_lion_650,resnet50_tl_20250829,8,4,140,184,144.0,188.0,134.4756622314453,134.47035217285156,0.00531005859375
ns_lion_650,resnet50_tl_20250829,8,4,140,188,144.0,192.0,134.4756622314453,134.36541748046875,0.1102447509765625
ns_lion_650,resnet50_tl_20250829,8,4,140,192,144.0,196.0,134.4756622314453,134.3828887939453,0.0927734375
ns_lion_650,resnet50_tl_20250829,8,4,140,196,144.0,200.0,134.4756622314453,134.3397216796875,0.1359405517578125
ns_lion_650,resnet50_tl_20250829,8,4,140,200,144.0,204.0,134.4756622314453,134.40887451171875,0.0667877197265625
ns_lion_650,resnet50_tl_20250829,8,4,140,204,144.0,208.0,134.4756622314453,134.4569854736328,0.0186767578125
ns_lion_650,resnet50_tl_20250829,8,4,140,208,144.0,212.0,134.4756622314453,134.4649200439453,0.0107421875
ns_lion_650,resnet50_tl_20250829,8,4,140,212,144.0,216.0,134.4756622314453,134.44329833984375,0.0323638916015625
ns_lion_650,resnet50_tl_20250829,8,4,140,216,144.0,220.0,134.4756622314453,134.4406280517578,0.0350341796875
ns_lion_650,resnet50_tl_20250829,8,4,144,0,148.0,4.0,134.4756622314453,134.27996826171875,0.1956939697265625
ns_lion_650,resnet50_tl_20250829,8,4,144,4,148.0,8.0,134.4756622314453,134.43011474609375,0.0455474853515625
ns_lion_650,resnet50_tl_20250829,8,4,144,8,148.0,12.0,134.4756622314453,134.4174041748047,0.058258056640625
ns_lion_650,resnet50_tl_20250829,8,4,144,12,148.0,16.0,134.4756622314453,134.40560913085938,0.0700531005859375
ns_lion_650,resnet50_tl_20250829,8,4,144,16,148.0,20.0,134.4756622314453,134.39044189453125,0.0852203369140625
ns_lion_650,resnet50_tl_20250829,8,4,144,20,148.0,24.0,134.4756622314453,134.36026000976562,0.1154022216796875
ns_lion_650,resnet50_tl_20250829,8,4,144,24,148.0,28.0,134.4756622314453,134.43405151367188,0.0416107177734375
ns_lion_650,resnet50_tl_20250829,8,4,144,28,148.0,32.0,134.4756622314453,134.4884033203125,-0.0127410888671875
ns_lion_650,resnet50_tl_20250829,8,4,144,32,148.0,36.0,134.4756622314453,134.4874725341797,-0.011810302734375
ns_lion_650,resnet50_tl_20250829,8,4,144,36,148.0,40.0,134.4756622314453,134.43626403808594,0.039398193359375
ns_lion_650,resnet50_tl_20250829,8,4,144,40,148.0,44.0,134.4756622314453,134.4612274169922,0.014434814453125
ns_lion_650,resnet50_tl_20250829,8,4,144,44,148.0,48.0,134.4756622314453,134.4718017578125,0.0038604736328125
ns_lion_650,resnet50_tl_20250829,8,4,144,48,148.0,52.0,134.4756622314453,134.4970245361328,-0.0213623046875
ns_lion_650,resnet50_tl_20250829,8,4,144,52,148.0,56.0,134.4756622314453,134.41656494140625,0.0590972900390625
ns_lion_650,resnet50_tl_20250829,8,4,144,56,148.0,60.0,134.4756622314453,134.45712280273438,0.0185394287109375
ns_lion_650,resnet50_tl_20250829,8,4,144,60,148.0,64.0,134.4756622314453,134.539794921875,-0.0641326904296875
ns_lion_650,resnet50_tl_20250829,8,4,144,64,148.0,68.0,134.4756622314453,134.54534912109375,-0.0696868896484375
ns_lion_650,resnet50_tl_20250829,8,4,144,68,148.0,72.0,134.4756622314453,134.42962646484375,0.0460357666015625
ns_lion_650,resnet50_tl_20250829,8,4,144,72,148.0,76.0,134.4756622314453,134.48704528808594,-0.011383056640625
ns_lion_650,resnet50_tl_20250829,8,4,144,76,148.0,80.0,134.4756622314453,134.5074005126953,-0.03173828125
ns_lion_650,resnet50_tl_20250829,8,4,144,80,148.0,84.0,134.4756622314453,134.48834228515625,-0.0126800537109375
ns_lion_650,resnet50_tl_20250829,8,4,144,84,148.0,88.0,134.4756622314453,134.37371826171875,0.1019439697265625
ns_lion_650,resnet50_tl_20250829,8,4,144,88,148.0,92.0,134.4756622314453,134.3851318359375,0.0905303955078125
ns_lion_650,resnet50_tl_20250829,8,4,144,92,148.0,96.0,134.4756622314453,134.41111755371094,0.064544677734375
ns_lion_650,resnet50_tl_20250829,8,4,144,96,148.0,100.0,134.4756622314453,134.4222412109375,0.0534210205078125
ns_lion_650,resnet50_tl_20250829,8,4,144,100,148.0,104.0,134.4756622314453,134.5694580078125,-0.0937957763671875
ns_lion_650,resnet50_tl_20250829,8,4,144,104,148.0,108.0,134.4756622314453,134.57516479492188,-0.0995025634765625
ns_lion_650,resnet50_tl_20250829,8,4,144,108,148.0,112.0,134.4756622314453,134.54818725585938,-0.0725250244140625
ns_lion_650,resnet50_tl_20250829,8,4,144,112,148.0,116.0,134.4756622314453,134.5203857421875,-0.0447235107421875
ns_lion_650,resnet50_tl_20250829,8,4,144,116,148.0,120.0,134.4756622314453,134.6142578125,-0.1385955810546875
ns_lion_650,resnet50_tl_20250829,8,4,144,120,148.0,124.0,134.4756622314453,134.46571350097656,0.00994873046875
ns_lion_650,resnet50_tl_20250829,8,4,144,124,148.0,128.0,134.4756622314453,134.43264770507812,0.0430145263671875
ns_lion_650,resnet50_tl_20250829,8,4,144,128,148.0,132.0,134.4756622314453,134.32156372070312,0.1540985107421875
ns_lion_650,resnet50_tl_20250829,8,4,144,132,148.0,136.0,134.4756622314453,134.1870574951172,0.288604736328125
ns_lion_650,resnet50_tl_20250829,8,4,144,136,148.0,140.0,134.4756622314453,134.24325561523438,0.2324066162109375
ns_lion_650,resnet50_tl_20250829,8,4,144,140,148.0,144.0,134.4756622314453,134.2010498046875,0.2746124267578125
ns_lion_650,resnet50_tl_20250829,8,4,144,144,148.0,148.0,134.4756622314453,134.21018981933594,0.265472412109375
ns_lion_650,resnet50_tl_20250829,8,4,144,148,148.0,152.0,134.4756622314453,134.2126922607422,0.262969970703125
ns_lion_650,resnet50_tl_20250829,8,4,144,152,148.0,156.0,134.4756622314453,134.3225555419922,0.153106689453125
ns_lion_650,resnet50_tl_20250829,8,4,144,156,148.0,160.0,134.4756622314453,133.93951416015625,0.5361480712890625
ns_lion_650,resnet50_tl_20250829,8,4,144,160,148.0,164.0,134.4756622314453,133.88876342773438,0.5868988037109375
ns_lion_650,resnet50_tl_20250829,8,4,144,164,148.0,168.0,134.4756622314453,134.15640258789062,0.3192596435546875
ns_lion_650,resnet50_tl_20250829,8,4,144,168,148.0,172.0,134.4756622314453,134.35430908203125,0.1213531494140625
ns_lion_650,resnet50_tl_20250829,8,4,144,172,148.0,176.0,134.4756622314453,134.1795196533203,0.296142578125
ns_lion_650,resnet50_tl_20250829,8,4,144,176,148.0,180.0,134.4756622314453,134.22718811035156,0.24847412109375
ns_lion_650,resnet50_tl_20250829,8,4,144,180,148.0,184.0,134.4756622314453,134.2391815185547,0.236480712890625
ns_lion_650,resnet50_tl_20250829,8,4,144,184,148.0,188.0,134.4756622314453,134.4185791015625,0.0570831298828125
ns_lion_650,resnet50_tl_20250829,8,4,144,188,148.0,192.0,134.4756622314453,134.27630615234375,0.1993560791015625
ns_lion_650,resnet50_tl_20250829,8,4,144,192,148.0,196.0,134.4756622314453,134.34970092773438,0.1259613037109375
ns_lion_650,resnet50_tl_20250829,8,4,144,196,148.0,200.0,134.4756622314453,134.33892822265625,0.1367340087890625
ns_lion_650,resnet50_tl_20250829,8,4,144,200,148.0,204.0,134.4756622314453,134.41650390625,0.0591583251953125
ns_lion_650,resnet50_tl_20250829,8,4,144,204,148.0,208.0,134.4756622314453,134.42367553710938,0.0519866943359375
ns_lion_650,resnet50_tl_20250829,8,4,144,208,148.0,212.0,134.4756622314453,134.4585723876953,0.01708984375
ns_lion_650,resnet50_tl_20250829,8,4,144,212,148.0,216.0,134.4756622314453,134.4260711669922,0.049591064453125
ns_lion_650,resnet50_tl_20250829,8,4,144,216,148.0,220.0,134.4756622314453,134.44337463378906,0.03228759765625
ns_lion_650,resnet50_tl_20250829,8,4,148,0,152.0,4.0,134.4756622314453,134.43995666503906,0.03570556640625
ns_lion_650,resnet50_tl_20250829,8,4,148,4,152.0,8.0,134.4756622314453,134.50115966796875,-0.0254974365234375
ns_lion_650,resnet50_tl_20250829,8,4,148,8,152.0,12.0,134.4756622314453,134.48223876953125,-0.0065765380859375
ns_lion_650,resnet50_tl_20250829,8,4,148,12,152.0,16.0,134.4756622314453,134.4497528076172,0.025909423828125
ns_lion_650,resnet50_tl_20250829,8,4,148,16,152.0,20.0,134.4756622314453,134.36585998535156,0.10980224609375
ns_lion_650,resnet50_tl_20250829,8,4,148,20,152.0,24.0,134.4756622314453,134.4150390625,0.0606231689453125
ns_lion_650,resnet50_tl_20250829,8,4,148,24,152.0,28.0,134.4756622314453,134.39141845703125,0.0842437744140625
ns_lion_650,resnet50_tl_20250829,8,4,148,28,152.0,32.0,134.4756622314453,134.42880249023438,0.0468597412109375
ns_lion_650,resnet50_tl_20250829,8,4,148,32,152.0,36.0,134.4756622314453,134.39068603515625,0.0849761962890625
ns_lion_650,resnet50_tl_20250829,8,4,148,36,152.0,40.0,134.4756622314453,134.37640380859375,0.0992584228515625
ns_lion_650,resnet50_tl_20250829,8,4,148,40,152.0,44.0,134.4756622314453,134.3941650390625,0.0814971923828125
ns_lion_650,resnet50_tl_20250829,8,4,148,44,152.0,48.0,134.4756622314453,134.39857482910156,0.07708740234375
ns_lion_650,resnet50_tl_20250829,8,4,148,48,152.0,52.0,134.4756622314453,134.39671325683594,0.078948974609375
ns_lion_650,resnet50_tl_20250829,8,4,148,52,152.0,56.0,134.4756622314453,134.3516845703125,0.1239776611328125
ns_lion_650,resnet50_tl_20250829,8,4,148,56,152.0,60.0,134.4756622314453,134.39950561523438,0.0761566162109375
ns_lion_650,resnet50_tl_20250829,8,4,148,60,152.0,64.0,134.4756622314453,134.4442596435547,0.031402587890625
ns_lion_650,resnet50_tl_20250829,8,4,148,64,152.0,68.0,134.4756622314453,134.4210968017578,0.0545654296875
ns_lion_650,resnet50_tl_20250829,8,4,148,68,152.0,72.0,134.4756622314453,134.35736083984375,0.1183013916015625
ns_lion_650,resnet50_tl_20250829,8,4,148,72,152.0,76.0,134.4756622314453,134.41937255859375,0.0562896728515625
ns_lion_650,resnet50_tl_20250829,8,4,148,76,152.0,80.0,134.4756622314453,134.49771118164062,-0.0220489501953125
ns_lion_650,resnet50_tl_20250829,8,4,148,80,152.0,84.0,134.4756622314453,134.42941284179688,0.0462493896484375
ns_lion_650,resnet50_tl_20250829,8,4,148,84,152.0,88.0,134.4756622314453,134.4768524169922,-0.001190185546875
ns_lion_650,resnet50_tl_20250829,8,4,148,88,152.0,92.0,134.4756622314453,134.43682861328125,0.0388336181640625
ns_lion_650,resnet50_tl_20250829,8,4,148,92,152.0,96.0,134.4756622314453,134.4757080078125,-4.57763671875e-05
ns_lion_650,resnet50_tl_20250829,8,4,148,96,152.0,100.0,134.4756622314453,134.52798461914062,-0.0523223876953125
ns_lion_650,resnet50_tl_20250829,8,4,148,100,152.0,104.0,134.4756622314453,134.67349243164062,-0.1978302001953125
ns_lion_650,resnet50_tl_20250829,8,4,148,104,152.0,108.0,134.4756622314453,134.7491455078125,-0.2734832763671875
ns_lion_650,resnet50_tl_20250829,8,4,148,108,152.0,112.0,134.4756622314453,134.59234619140625,-0.1166839599609375
ns_lion_650,resnet50_tl_20250829,8,4,148,112,152.0,116.0,134.4756622314453,134.59646606445312,-0.1208038330078125
ns_lion_650,resnet50_tl_20250829,8,4,148,116,152.0,120.0,134.4756622314453,134.5782012939453,-0.1025390625
ns_lion_650,resnet50_tl_20250829,8,4,148,120,152.0,124.0,134.4756622314453,134.4382781982422,0.037384033203125
ns_lion_650,resnet50_tl_20250829,8,4,148,124,152.0,128.0,134.4756622314453,134.44979858398438,0.0258636474609375
ns_lion_650,resnet50_tl_20250829,8,4,148,128,152.0,132.0,134.4756622314453,134.29998779296875,0.1756744384765625
ns_lion_650,resnet50_tl_20250829,8,4,148,132,152.0,136.0,134.4756622314453,134.221435546875,0.2542266845703125
ns_lion_650,resnet50_tl_20250829,8,4,148,136,152.0,140.0,134.4756622314453,134.2947998046875,0.1808624267578125
ns_lion_650,resnet50_tl_20250829,8,4,148,140,152.0,144.0,134.4756622314453,134.22837829589844,0.247283935546875
ns_lion_650,resnet50_tl_20250829,8,4,148,144,152.0,148.0,134.4756622314453,134.11129760742188,0.3643646240234375
ns_lion_650,resnet50_tl_20250829,8,4,148,148,152.0,152.0,134.4756622314453,134.08534240722656,0.39031982421875
ns_lion_650,resnet50_tl_20250829,8,4,148,152,152.0,156.0,134.4756622314453,134.25205993652344,0.223602294921875
ns_lion_650,resnet50_tl_20250829,8,4,148,156,152.0,160.0,134.4756622314453,134.2100372314453,0.265625
ns_lion_650,resnet50_tl_20250829,8,4,148,160,152.0,164.0,134.4756622314453,134.11483764648438,0.3608245849609375
ns_lion_650,resnet50_tl_20250829,8,4,148,164,152.0,168.0,134.4756622314453,134.18563842773438,0.2900238037109375
ns_lion_650,resnet50_tl_20250829,8,4,148,168,152.0,172.0,134.4756622314453,134.3379364013672,0.137725830078125
ns_lion_650,resnet50_tl_20250829,8,4,148,172,152.0,176.0,134.4756622314453,134.5283203125,-0.0526580810546875
ns_lion_650,resnet50_tl_20250829,8,4,148,176,152.0,180.0,134.4756622314453,134.55418395996094,-0.078521728515625
ns_lion_650,resnet50_tl_20250829,8,4,148,180,152.0,184.0,134.4756622314453,134.53903198242188,-0.0633697509765625
ns_lion_650,resnet50_tl_20250829,8,4,148,184,152.0,188.0,134.4756622314453,134.49720764160156,-0.02154541015625
ns_lion_650,resnet50_tl_20250829,8,4,148,188,152.0,192.0,134.4756622314453,134.45120239257812,0.0244598388671875
ns_lion_650,resnet50_tl_20250829,8,4,148,192,152.0,196.0,134.4756622314453,134.48779296875,-0.0121307373046875
ns_lion_650,resnet50_tl_20250829,8,4,148,196,152.0,200.0,134.4756622314453,134.46812438964844,0.007537841796875
ns_lion_650,resnet50_tl_20250829,8,4,148,200,152.0,204.0,134.4756622314453,134.4380340576172,0.037628173828125
ns_lion_650,resnet50_tl_20250829,8,4,148,204,152.0,208.0,134.4756622314453,134.46600341796875,0.0096588134765625
ns_lion_650,resnet50_tl_20250829,8,4,148,208,152.0,212.0,134.4756622314453,134.5194549560547,-0.043792724609375
ns_lion_650,resnet50_tl_20250829,8,4,148,212,152.0,216.0,134.4756622314453,134.4720001220703,0.003662109375
ns_lion_650,resnet50_tl_20250829,8,4,148,216,152.0,220.0,134.4756622314453,134.4267578125,0.0489044189453125
ns_lion_650,resnet50_tl_20250829,8,4,152,0,156.0,4.0,134.4756622314453,134.4065704345703,0.069091796875
ns_lion_650,resnet50_tl_20250829,8,4,152,4,156.0,8.0,134.4756622314453,134.4319305419922,0.043731689453125
ns_lion_650,resnet50_tl_20250829,8,4,152,8,156.0,12.0,134.4756622314453,134.42132568359375,0.0543365478515625
ns_lion_650,resnet50_tl_20250829,8,4,152,12,156.0,16.0,134.4756622314453,134.4120635986328,0.0635986328125
ns_lion_650,resnet50_tl_20250829,8,4,152,16,156.0,20.0,134.4756622314453,134.3571014404297,0.118560791015625
ns_lion_650,resnet50_tl_20250829,8,4,152,20,156.0,24.0,134.4756622314453,134.4117431640625,0.0639190673828125
ns_lion_650,resnet50_tl_20250829,8,4,152,24,156.0,28.0,134.4756622314453,134.32891845703125,0.1467437744140625
ns_lion_650,resnet50_tl_20250829,8,4,152,28,156.0,32.0,134.4756622314453,134.30856323242188,0.1670989990234375
ns_lion_650,resnet50_tl_20250829,8,4,152,32,156.0,36.0,134.4756622314453,134.3218231201172,0.153839111328125
ns_lion_650,resnet50_tl_20250829,8,4,152,36,156.0,40.0,134.4756622314453,134.29803466796875,0.1776275634765625
ns_lion_650,resnet50_tl_20250829,8,4,152,40,156.0,44.0,134.4756622314453,134.35601806640625,0.1196441650390625
ns_lion_650,resnet50_tl_20250829,8,4,152,44,156.0,48.0,134.4756622314453,134.38526916503906,0.09039306640625
ns_lion_650,resnet50_tl_20250829,8,4,152,48,156.0,52.0,134.4756622314453,134.360595703125,0.1150665283203125
ns_lion_650,resnet50_tl_20250829,8,4,152,52,156.0,56.0,134.4756622314453,134.2876434326172,0.188018798828125
ns_lion_650,resnet50_tl_20250829,8,4,152,56,156.0,60.0,134.4756622314453,134.32728576660156,0.14837646484375
ns_lion_650,resnet50_tl_20250829,8,4,152,60,156.0,64.0,134.4756622314453,134.33863830566406,0.13702392578125
ns_lion_650,resnet50_tl_20250829,8,4,152,64,156.0,68.0,134.4756622314453,134.36154174804688,0.1141204833984375
ns_lion_650,resnet50_tl_20250829,8,4,152,68,156.0,72.0,134.4756622314453,134.31785583496094,0.157806396484375
ns_lion_650,resnet50_tl_20250829,8,4,152,72,156.0,76.0,134.4756622314453,134.43551635742188,0.0401458740234375
ns_lion_650,resnet50_tl_20250829,8,4,152,76,156.0,80.0,134.4756622314453,134.5637969970703,-0.088134765625
ns_lion_650,resnet50_tl_20250829,8,4,152,80,156.0,84.0,134.4756622314453,134.418212890625,0.0574493408203125
ns_lion_650,resnet50_tl_20250829,8,4,152,84,156.0,88.0,134.4756622314453,134.46092224121094,0.014739990234375
ns_lion_650,resnet50_tl_20250829,8,4,152,88,156.0,92.0,134.4756622314453,134.25607299804688,0.2195892333984375
ns_lion_650,resnet50_tl_20250829,8,4,152,92,156.0,96.0,134.4756622314453,134.13612365722656,0.33953857421875
ns_lion_650,resnet50_tl_20250829,8,4,152,96,156.0,100.0,134.4756622314453,134.0330810546875,0.4425811767578125
ns_lion_650,resnet50_tl_20250829,8,4,152,100,156.0,104.0,134.4756622314453,134.4146270751953,0.06103515625
ns_lion_650,resnet50_tl_20250829,8,4,152,104,156.0,108.0,134.4756622314453,134.52801513671875,-0.0523529052734375
ns_lion_650,resnet50_tl_20250829,8,4,152,108,156.0,112.0,134.4756622314453,134.5263214111328,-0.0506591796875
ns_lion_650,resnet50_tl_20250829,8,4,152,112,156.0,116.0,134.4756622314453,134.36627197265625,0.1093902587890625
ns_lion_650,resnet50_tl_20250829,8,4,152,116,156.0,120.0,134.4756622314453,134.28628540039062,0.1893768310546875
ns_lion_650,resnet50_tl_20250829,8,4,152,120,156.0,124.0,134.4756622314453,134.453857421875,0.0218048095703125
ns_lion_650,resnet50_tl_20250829,8,4,152,124,156.0,128.0,134.4756622314453,134.4977264404297,-0.022064208984375
ns_lion_650,resnet50_tl_20250829,8,4,152,128,156.0,132.0,134.4756622314453,134.44654846191406,0.02911376953125
ns_lion_650,resnet50_tl_20250829,8,4,152,132,156.0,136.0,134.4756622314453,134.32284545898438,0.1528167724609375
ns_lion_650,resnet50_tl_20250829,8,4,152,136,156.0,140.0,134.4756622314453,134.34104919433594,0.134613037109375
ns_lion_650,resnet50_tl_20250829,8,4,152,140,156.0,144.0,134.4756622314453,134.3267822265625,0.1488800048828125
ns_lion_650,resnet50_tl_20250829,8,4,152,144,156.0,148.0,134.4756622314453,134.20352172851562,0.2721405029296875
ns_lion_650,resnet50_tl_20250829,8,4,152,148,156.0,152.0,134.4756622314453,134.17868041992188,0.2969818115234375
ns_lion_650,resnet50_tl_20250829,8,4,152,152,156.0,156.0,134.4756622314453,134.2041778564453,0.271484375
ns_lion_650,resnet50_tl_20250829,8,4,152,156,156.0,160.0,134.4756622314453,134.16929626464844,0.306365966796875
ns_lion_650,resnet50_tl_20250829,8,4,152,160,156.0,164.0,134.4756622314453,134.0293731689453,0.4462890625
ns_lion_650,resnet50_tl_20250829,8,4,152,164,156.0,168.0,134.4756622314453,133.9547576904297,0.520904541015625
ns_lion_650,resnet50_tl_20250829,8,4,152,168,156.0,172.0,134.4756622314453,134.11163330078125,0.3640289306640625
ns_lion_650,resnet50_tl_20250829,8,4,152,172,156.0,176.0,134.4756622314453,134.11935424804688,0.3563079833984375
ns_lion_650,resnet50_tl_20250829,8,4,152,176,156.0,180.0,134.4756622314453,134.20899963378906,0.26666259765625
ns_lion_650,resnet50_tl_20250829,8,4,152,180,156.0,184.0,134.4756622314453,134.3227996826172,0.152862548828125
ns_lion_650,resnet50_tl_20250829,8,4,152,184,156.0,188.0,134.4756622314453,134.40272521972656,0.07293701171875
ns_lion_650,resnet50_tl_20250829,8,4,152,188,156.0,192.0,134.4756622314453,134.22872924804688,0.2469329833984375
ns_lion_650,resnet50_tl_20250829,8,4,152,192,156.0,196.0,134.4756622314453,134.26438903808594,0.211273193359375
ns_lion_650,resnet50_tl_20250829,8,4,152,196,156.0,200.0,134.4756622314453,134.29957580566406,0.17608642578125
ns_lion_650,resnet50_tl_20250829,8,4,152,200,156.0,204.0,134.4756622314453,134.4012451171875,0.0744171142578125
ns_lion_650,resnet50_tl_20250829,8,4,152,204,156.0,208.0,134.4756622314453,134.41123962402344,0.064422607421875
ns_lion_650,resnet50_tl_20250829,8,4,152,208,156.0,212.0,134.4756622314453,134.4557342529297,0.019927978515625
ns_lion_650,resnet50_tl_20250829,8,4,152,212,156.0,216.0,134.4756622314453,134.40231323242188,0.0733489990234375
ns_lion_650,resnet50_tl_20250829,8,4,152,216,156.0,220.0,134.4756622314453,134.41818237304688,0.0574798583984375
ns_lion_650,resnet50_tl_20250829,8,4,156,0,160.0,4.0,134.4756622314453,134.384765625,0.0908966064453125
ns_lion_650,resnet50_tl_20250829,8,4,156,4,160.0,8.0,134.4756622314453,134.49949645996094,-0.023834228515625
ns_lion_650,resnet50_tl_20250829,8,4,156,8,160.0,12.0,134.4756622314453,134.4939727783203,-0.018310546875
ns_lion_650,resnet50_tl_20250829,8,4,156,12,160.0,16.0,134.4756622314453,134.4864501953125,-0.0107879638671875
ns_lion_650,resnet50_tl_20250829,8,4,156,16,160.0,20.0,134.4756622314453,134.55758666992188,-0.0819244384765625
ns_lion_650,resnet50_tl_20250829,8,4,156,20,160.0,24.0,134.4756622314453,134.40170288085938,0.0739593505859375
ns_lion_650,resnet50_tl_20250829,8,4,156,24,160.0,28.0,134.4756622314453,134.30838012695312,0.1672821044921875
ns_lion_650,resnet50_tl_20250829,8,4,156,28,160.0,32.0,134.4756622314453,134.2858428955078,0.1898193359375
ns_lion_650,resnet50_tl_20250829,8,4,156,32,160.0,36.0,134.4756622314453,134.29086303710938,0.1847991943359375
ns_lion_650,resnet50_tl_20250829,8,4,156,36,160.0,40.0,134.4756622314453,134.32846069335938,0.1472015380859375
ns_lion_650,resnet50_tl_20250829,8,4,156,40,160.0,44.0,134.4756622314453,134.38034057617188,0.0953216552734375
ns_lion_650,resnet50_tl_20250829,8,4,156,44,160.0,48.0,134.4756622314453,134.48233032226562,-0.0066680908203125
ns_lion_650,resnet50_tl_20250829,8,4,156,48,160.0,52.0,134.4756622314453,134.37779235839844,0.097869873046875
ns_lion_650,resnet50_tl_20250829,8,4,156,52,160.0,56.0,134.4756622314453,134.344970703125,0.1306915283203125
ns_lion_650,resnet50_tl_20250829,8,4,156,56,160.0,60.0,134.4756622314453,134.312744140625,0.1629180908203125
ns_lion_650,resnet50_tl_20250829,8,4,156,60,160.0,64.0,134.4756622314453,134.3052520751953,0.17041015625
ns_lion_650,resnet50_tl_20250829,8,4,156,64,160.0,68.0,134.4756622314453,134.25979614257812,0.2158660888671875
ns_lion_650,resnet50_tl_20250829,8,4,156,68,160.0,72.0,134.4756622314453,134.24859619140625,0.2270660400390625
ns_lion_650,resnet50_tl_20250829,8,4,156,72,160.0,76.0,134.4756622314453,134.33328247070312,0.1423797607421875
ns_lion_650,resnet50_tl_20250829,8,4,156,76,160.0,80.0,134.4756622314453,134.45896911621094,0.016693115234375
ns_lion_650,resnet50_tl_20250829,8,4,156,80,160.0,84.0,134.4756622314453,134.54916381835938,-0.0735015869140625
ns_lion_650,resnet50_tl_20250829,8,4,156,84,160.0,88.0,134.4756622314453,134.4285430908203,0.047119140625
ns_lion_650,resnet50_tl_20250829,8,4,156,88,160.0,92.0,134.4756622314453,134.21885681152344,0.256805419921875
ns_lion_650,resnet50_tl_20250829,8,4,156,92,160.0,96.0,134.4756622314453,133.92564392089844,0.550018310546875
ns_lion_650,resnet50_tl_20250829,8,4,156,96,160.0,100.0,134.4756622314453,133.8321533203125,0.6435089111328125
ns_lion_650,resnet50_tl_20250829,8,4,156,100,160.0,104.0,134.4756622314453,134.36944580078125,0.1062164306640625
ns_lion_650,resnet50_tl_20250829,8,4,156,104,160.0,108.0,134.4756622314453,134.37664794921875,0.0990142822265625
ns_lion_650,resnet50_tl_20250829,8,4,156,108,160.0,112.0,134.4756622314453,134.3582305908203,0.117431640625
ns_lion_650,resnet50_tl_20250829,8,4,156,112,160.0,116.0,134.4756622314453,134.20587158203125,0.2697906494140625
ns_lion_650,resnet50_tl_20250829,8,4,156,116,160.0,120.0,134.4756622314453,134.35044860839844,0.125213623046875
ns_lion_650,resnet50_tl_20250829,8,4,156,120,160.0,124.0,134.4756622314453,134.50621032714844,-0.030548095703125
ns_lion_650,resnet50_tl_20250829,8,4,156,124,160.0,128.0,134.4756622314453,134.6450958251953,-0.16943359375
ns_lion_650,resnet50_tl_20250829,8,4,156,128,160.0,132.0,134.4756622314453,134.6182098388672,-0.142547607421875
ns_lion_650,resnet50_tl_20250829,8,4,156,132,160.0,136.0,134.4756622314453,134.3898162841797,0.085845947265625
ns_lion_650,resnet50_tl_20250829,8,4,156,136,160.0,140.0,134.4756622314453,134.4195098876953,0.05615234375
ns_lion_650,resnet50_tl_20250829,8,4,156,140,160.0,144.0,134.4756622314453,134.3816375732422,0.094024658203125
ns_lion_650,resnet50_tl_20250829,8,4,156,144,160.0,148.0,134.4756622314453,134.2602996826172,0.215362548828125
ns_lion_650,resnet50_tl_20250829,8,4,156,148,160.0,152.0,134.4756622314453,134.19491577148438,0.2807464599609375
ns_lion_650,resnet50_tl_20250829,8,4,156,152,160.0,156.0,134.4756622314453,134.18756103515625,0.2881011962890625
ns_lion_650,resnet50_tl_20250829,8,4,156,156,160.0,160.0,134.4756622314453,134.15635681152344,0.319305419921875
ns_lion_650,resnet50_tl_20250829,8,4,156,160,160.0,164.0,134.4756622314453,134.1060791015625,0.3695831298828125
ns_lion_650,resnet50_tl_20250829,8,4,156,164,160.0,168.0,134.4756622314453,134.1735076904297,0.302154541015625
ns_lion_650,resnet50_tl_20250829,8,4,156,168,160.0,172.0,134.4756622314453,134.0740509033203,0.401611328125
ns_lion_650,resnet50_tl_20250829,8,4,156,172,160.0,176.0,134.4756622314453,133.941162109375,0.5345001220703125
ns_lion_650,resnet50_tl_20250829,8,4,156,176,160.0,180.0,134.4756622314453,134.00442504882812,0.4712371826171875
ns_lion_650,resnet50_tl_20250829,8,4,156,180,160.0,184.0,134.4756622314453,134.33831787109375,0.1373443603515625
ns_lion_650,resnet50_tl_20250829,8,4,156,184,160.0,188.0,134.4756622314453,134.49545288085938,-0.0197906494140625
ns_lion_650,resnet50_tl_20250829,8,4,156,188,160.0,192.0,134.4756622314453,134.09059143066406,0.38507080078125
ns_lion_650,resnet50_tl_20250829,8,4,156,192,160.0,196.0,134.4756622314453,134.11106872558594,0.364593505859375
ns_lion_650,resnet50_tl_20250829,8,4,156,196,160.0,200.0,134.4756622314453,134.22865295410156,0.24700927734375
ns_lion_650,resnet50_tl_20250829,8,4,156,200,160.0,204.0,134.4756622314453,134.4247589111328,0.0509033203125
ns_lion_650,resnet50_tl_20250829,8,4,156,204,160.0,208.0,134.4756622314453,134.38888549804688,0.0867767333984375
ns_lion_650,resnet50_tl_20250829,8,4,156,208,160.0,212.0,134.4756622314453,134.41744995117188,0.0582122802734375
ns_lion_650,resnet50_tl_20250829,8,4,156,212,160.0,216.0,134.4756622314453,134.38552856445312,0.0901336669921875
ns_lion_650,resnet50_tl_20250829,8,4,156,216,160.0,220.0,134.4756622314453,134.40872192382812,0.0669403076171875
ns_lion_650,resnet50_tl_20250829,8,4,160,0,164.0,4.0,134.4756622314453,134.38446044921875,0.0912017822265625
ns_lion_650,resnet50_tl_20250829,8,4,160,4,164.0,8.0,134.4756622314453,134.44480895996094,0.030853271484375
ns_lion_650,resnet50_tl_20250829,8,4,160,8,164.0,12.0,134.4756622314453,134.5708770751953,-0.09521484375
ns_lion_650,resnet50_tl_20250829,8,4,160,12,164.0,16.0,134.4756622314453,134.50839233398438,-0.0327301025390625
ns_lion_650,resnet50_tl_20250829,8,4,160,16,164.0,20.0,134.4756622314453,134.4569091796875,0.0187530517578125
ns_lion_650,resnet50_tl_20250829,8,4,160,20,164.0,24.0,134.4756622314453,134.39637756347656,0.07928466796875
ns_lion_650,resnet50_tl_20250829,8,4,160,24,164.0,28.0,134.4756622314453,134.31915283203125,0.1565093994140625
ns_lion_650,resnet50_tl_20250829,8,4,160,28,164.0,32.0,134.4756622314453,134.2810821533203,0.194580078125
ns_lion_650,resnet50_tl_20250829,8,4,160,32,164.0,36.0,134.4756622314453,134.30589294433594,0.169769287109375
ns_lion_650,resnet50_tl_20250829,8,4,160,36,164.0,40.0,134.4756622314453,134.30438232421875,0.1712799072265625
ns_lion_650,resnet50_tl_20250829,8,4,160,40,164.0,44.0,134.4756622314453,134.33444213867188,0.1412200927734375
ns_lion_650,resnet50_tl_20250829,8,4,160,44,164.0,48.0,134.4756622314453,134.374267578125,0.1013946533203125
ns_lion_650,resnet50_tl_20250829,8,4,160,48,164.0,52.0,134.4756622314453,134.37521362304688,0.1004486083984375
ns_lion_650,resnet50_tl_20250829,8,4,160,52,164.0,56.0,134.4756622314453,134.34046936035156,0.13519287109375
ns_lion_650,resnet50_tl_20250829,8,4,160,56,164.0,60.0,134.4756622314453,134.28677368164062,0.1888885498046875
ns_lion_650,resnet50_tl_20250829,8,4,160,60,164.0,64.0,134.4756622314453,134.31118774414062,0.1644744873046875
ns_lion_650,resnet50_tl_20250829,8,4,160,64,164.0,68.0,134.4756622314453,134.2884063720703,0.187255859375
ns_lion_650,resnet50_tl_20250829,8,4,160,68,164.0,72.0,134.4756622314453,134.26902770996094,0.206634521484375
ns_lion_650,resnet50_tl_20250829,8,4,160,72,164.0,76.0,134.4756622314453,134.25296020507812,0.2227020263671875
ns_lion_650,resnet50_tl_20250829,8,4,160,76,164.0,80.0,134.4756622314453,134.28787231445312,0.1877899169921875
ns_lion_650,resnet50_tl_20250829,8,4,160,80,164.0,84.0,134.4756622314453,134.30421447753906,0.17144775390625
ns_lion_650,resnet50_tl_20250829,8,4,160,84,164.0,88.0,134.4756622314453,134.45822143554688,0.0174407958984375
ns_lion_650,resnet50_tl_20250829,8,4,160,88,164.0,92.0,134.4756622314453,134.30557250976562,0.1700897216796875
ns_lion_650,resnet50_tl_20250829,8,4,160,92,164.0,96.0,134.4756622314453,134.07781982421875,0.3978424072265625
ns_lion_650,resnet50_tl_20250829,8,4,160,96,164.0,100.0,134.4756622314453,134.0186004638672,0.457061767578125
ns_lion_650,resnet50_tl_20250829,8,4,160,100,164.0,104.0,134.4756622314453,134.18984985351562,0.2858123779296875
ns_lion_650,resnet50_tl_20250829,8,4,160,104,164.0,108.0,134.4756622314453,134.32882690429688,0.1468353271484375
ns_lion_650,resnet50_tl_20250829,8,4,160,108,164.0,112.0,134.4756622314453,134.34664916992188,0.1290130615234375
ns_lion_650,resnet50_tl_20250829,8,4,160,112,164.0,116.0,134.4756622314453,134.29148864746094,0.184173583984375
ns_lion_650,resnet50_tl_20250829,8,4,160,116,164.0,120.0,134.4756622314453,134.22360229492188,0.2520599365234375
ns_lion_650,resnet50_tl_20250829,8,4,160,120,164.0,124.0,134.4756622314453,134.3820343017578,0.0936279296875
ns_lion_650,resnet50_tl_20250829,8,4,160,124,164.0,128.0,134.4756622314453,134.5505828857422,-0.074920654296875
ns_lion_650,resnet50_tl_20250829,8,4,160,128,164.0,132.0,134.4756622314453,134.59494018554688,-0.1192779541015625
ns_lion_650,resnet50_tl_20250829,8,4,160,132,164.0,136.0,134.4756622314453,134.35829162597656,0.11737060546875
ns_lion_650,resnet50_tl_20250829,8,4,160,136,164.0,140.0,134.4756622314453,134.32054138183594,0.155120849609375
ns_lion_650,resnet50_tl_20250829,8,4,160,140,164.0,144.0,134.4756622314453,134.33047485351562,0.1451873779296875
ns_lion_650,resnet50_tl_20250829,8,4,160,144,164.0,148.0,134.4756622314453,134.3285369873047,0.147125244140625
ns_lion_650,resnet50_tl_20250829,8,4,160,148,164.0,152.0,134.4756622314453,134.20114135742188,0.2745208740234375
ns_lion_650,resnet50_tl_20250829,8,4,160,152,164.0,156.0,134.4756622314453,134.19557189941406,0.28009033203125
ns_lion_650,resnet50_tl_20250829,8,4,160,156,164.0,160.0,134.4756622314453,134.1828155517578,0.2928466796875
ns_lion_650,resnet50_tl_20250829,8,4,160,160,164.0,164.0,134.4756622314453,134.0859832763672,0.389678955078125
ns_lion_650,resnet50_tl_20250829,8,4,160,164,164.0,168.0,134.4756622314453,134.23623657226562,0.2394256591796875
ns_lion_650,resnet50_tl_20250829,8,4,160,168,164.0,172.0,134.4756622314453,134.152587890625,0.3230743408203125
ns_lion_650,resnet50_tl_20250829,8,4,160,172,164.0,176.0,134.4756622314453,133.9413604736328,0.5343017578125
ns_lion_650,resnet50_tl_20250829,8,4,160,176,164.0,180.0,134.4756622314453,134.03819274902344,0.437469482421875
ns_lion_650,resnet50_tl_20250829,8,4,160,180,164.0,184.0,134.4756622314453,134.23023986816406,0.24542236328125
ns_lion_650,resnet50_tl_20250829,8,4,160,184,164.0,188.0,134.4756622314453,134.42990112304688,0.0457611083984375
ns_lion_650,resnet50_tl_20250829,8,4,160,188,164.0,192.0,134.4756622314453,134.1142578125,0.3614044189453125
ns_lion_650,resnet50_tl_20250829,8,4,160,192,164.0,196.0,134.4756622314453,134.16510009765625,0.3105621337890625
ns_lion_650,resnet50_tl_20250829,8,4,160,196,164.0,200.0,134.4756622314453,134.25181579589844,0.223846435546875
ns_lion_650,resnet50_tl_20250829,8,4,160,200,164.0,204.0,134.4756622314453,134.40151977539062,0.0741424560546875
ns_lion_650,resnet50_tl_20250829,8,4,160,204,164.0,208.0,134.4756622314453,134.3544158935547,0.121246337890625
ns_lion_650,resnet50_tl_20250829,8,4,160,208,164.0,212.0,134.4756622314453,134.41177368164062,0.0638885498046875
ns_lion_650,resnet50_tl_20250829,8,4,160,212,164.0,216.0,134.4756622314453,134.37257385253906,0.10308837890625
ns_lion_650,resnet50_tl_20250829,8,4,160,216,164.0,220.0,134.4756622314453,134.41676330566406,0.05889892578125
ns_lion_650,resnet50_tl_20250829,8,4,164,0,168.0,4.0,134.4756622314453,134.4932403564453,-0.017578125
ns_lion_650,resnet50_tl_20250829,8,4,164,4,168.0,8.0,134.4756622314453,134.53074645996094,-0.055084228515625
ns_lion_650,resnet50_tl_20250829,8,4,164,8,168.0,12.0,134.4756622314453,134.59254455566406,-0.11688232421875
ns_lion_650,resnet50_tl_20250829,8,4,164,12,168.0,16.0,134.4756622314453,134.3879852294922,0.087677001953125
ns_lion_650,resnet50_tl_20250829,8,4,164,16,168.0,20.0,134.4756622314453,134.31771850585938,0.1579437255859375
ns_lion_650,resnet50_tl_20250829,8,4,164,20,168.0,24.0,134.4756622314453,134.3880157470703,0.087646484375
ns_lion_650,resnet50_tl_20250829,8,4,164,24,168.0,28.0,134.4756622314453,134.37387084960938,0.1017913818359375
ns_lion_650,resnet50_tl_20250829,8,4,164,28,168.0,32.0,134.4756622314453,134.25363159179688,0.2220306396484375
ns_lion_650,resnet50_tl_20250829,8,4,164,32,168.0,36.0,134.4756622314453,134.25808715820312,0.2175750732421875
ns_lion_650,resnet50_tl_20250829,8,4,164,36,168.0,40.0,134.4756622314453,134.4322967529297,0.043365478515625
ns_lion_650,resnet50_tl_20250829,8,4,164,40,168.0,44.0,134.4756622314453,134.3346710205078,0.1409912109375
ns_lion_650,resnet50_tl_20250829,8,4,164,44,168.0,48.0,134.4756622314453,134.40695190429688,0.0687103271484375
ns_lion_650,resnet50_tl_20250829,8,4,164,48,168.0,52.0,134.4756622314453,134.45408630371094,0.021575927734375
ns_lion_650,resnet50_tl_20250829,8,4,164,52,168.0,56.0,134.4756622314453,134.23985290527344,0.235809326171875
ns_lion_650,resnet50_tl_20250829,8,4,164,56,168.0,60.0,134.4756622314453,134.18185424804688,0.2938079833984375
ns_lion_650,resnet50_tl_20250829,8,4,164,60,168.0,64.0,134.4756622314453,134.1506805419922,0.324981689453125
ns_lion_650,resnet50_tl_20250829,8,4,164,64,168.0,68.0,134.4756622314453,134.14471435546875,0.3309478759765625
ns_lion_650,resnet50_tl_20250829,8,4,164,68,168.0,72.0,134.4756622314453,134.2921600341797,0.183502197265625
ns_lion_650,resnet50_tl_20250829,8,4,164,72,168.0,76.0,134.4756622314453,134.4043731689453,0.0712890625
ns_lion_650,resnet50_tl_20250829,8,4,164,76,168.0,80.0,134.4756622314453,134.5427703857422,-0.067108154296875
ns_lion_650,resnet50_tl_20250829,8,4,164,80,168.0,84.0,134.4756622314453,134.5662078857422,-0.090545654296875
ns_lion_650,resnet50_tl_20250829,8,4,164,84,168.0,88.0,134.4756622314453,134.69869995117188,-0.2230377197265625
ns_lion_650,resnet50_tl_20250829,8,4,164,88,168.0,92.0,134.4756622314453,134.4557647705078,0.0198974609375
ns_lion_650,resnet50_tl_20250829,8,4,164,92,168.0,96.0,134.4756622314453,134.47940063476562,-0.0037384033203125
ns_lion_650,resnet50_tl_20250829,8,4,164,96,168.0,100.0,134.4756622314453,134.40663146972656,0.06903076171875
ns_lion_650,resnet50_tl_20250829,8,4,164,100,168.0,104.0,134.4756622314453,134.4960479736328,-0.0203857421875
ns_lion_650,resnet50_tl_20250829,8,4,164,104,168.0,108.0,134.4756622314453,134.45620727539062,0.0194549560546875
ns_lion_650,resnet50_tl_20250829,8,4,164,108,168.0,112.0,134.4756622314453,134.51707458496094,-0.041412353515625
ns_lion_650,resnet50_tl_20250829,8,4,164,112,168.0,116.0,134.4756622314453,134.473876953125,0.0017852783203125
ns_lion_650,resnet50_tl_20250829,8,4,164,116,168.0,120.0,134.4756622314453,134.54017639160156,-0.06451416015625
ns_lion_650,resnet50_tl_20250829,8,4,164,120,168.0,124.0,134.4756622314453,134.3729248046875,0.1027374267578125
ns_lion_650,resnet50_tl_20250829,8,4,164,124,168.0,128.0,134.4756622314453,134.38441467285156,0.09124755859375
ns_lion_650,resnet50_tl_20250829,8,4,164,128,168.0,132.0,134.4756622314453,134.322021484375,0.1536407470703125
ns_lion_650,resnet50_tl_20250829,8,4,164,132,168.0,136.0,134.4756622314453,134.43968200683594,0.035980224609375
ns_lion_650,resnet50_tl_20250829,8,4,164,136,168.0,140.0,134.4756622314453,134.50106811523438,-0.0254058837890625
ns_lion_650,resnet50_tl_20250829,8,4,164,140,168.0,144.0,134.4756622314453,134.382568359375,0.0930938720703125
ns_lion_650,resnet50_tl_20250829,8,4,164,144,168.0,148.0,134.4756622314453,134.17420959472656,0.30145263671875
ns_lion_650,resnet50_tl_20250829,8,4,164,148,168.0,152.0,134.4756622314453,134.1620635986328,0.3135986328125
ns_lion_650,resnet50_tl_20250829,8,4,164,152,168.0,156.0,134.4756622314453,134.06381225585938,0.4118499755859375
ns_lion_650,resnet50_tl_20250829,8,4,164,156,168.0,160.0,134.4756622314453,134.1440887451172,0.331573486328125
ns_lion_650,resnet50_tl_20250829,8,4,164,160,168.0,164.0,134.4756622314453,134.0543670654297,0.421295166015625
ns_lion_650,resnet50_tl_20250829,8,4,164,164,168.0,168.0,134.4756622314453,134.19232177734375,0.2833404541015625
ns_lion_650,resnet50_tl_20250829,8,4,164,168,168.0,172.0,134.4756622314453,134.32308959960938,0.1525726318359375
ns_lion_650,resnet50_tl_20250829,8,4,164,172,168.0,176.0,134.4756622314453,134.532958984375,-0.0572967529296875
ns_lion_650,resnet50_tl_20250829,8,4,164,176,168.0,180.0,134.4756622314453,134.41732788085938,0.0583343505859375
ns_lion_650,resnet50_tl_20250829,8,4,164,180,168.0,184.0,134.4756622314453,134.43283081054688,0.0428314208984375
ns_lion_650,resnet50_tl_20250829,8,4,164,184,168.0,188.0,134.4756622314453,134.47042846679688,0.0052337646484375
ns_lion_650,resnet50_tl_20250829,8,4,164,188,168.0,192.0,134.4756622314453,134.38992309570312,0.0857391357421875
ns_lion_650,resnet50_tl_20250829,8,4,164,192,168.0,196.0,134.4756622314453,134.46046447753906,0.01519775390625
ns_lion_650,resnet50_tl_20250829,8,4,164,196,168.0,200.0,134.4756622314453,134.3636016845703,0.112060546875
ns_lion_650,resnet50_tl_20250829,8,4,164,200,168.0,204.0,134.4756622314453,134.38853454589844,0.087127685546875
ns_lion_650,resnet50_tl_20250829,8,4,164,204,168.0,208.0,134.4756622314453,134.41851806640625,0.0571441650390625
ns_lion_650,resnet50_tl_20250829,8,4,164,208,168.0,212.0,134.4756622314453,134.5013427734375,-0.0256805419921875
ns_lion_650,resnet50_tl_20250829,8,4,164,212,168.0,216.0,134.4756622314453,134.4272918701172,0.048370361328125
ns_lion_650,resnet50_tl_20250829,8,4,164,216,168.0,220.0,134.4756622314453,134.40440368652344,0.071258544921875
ns_lion_650,resnet50_tl_20250829,8,4,168,0,172.0,4.0,134.4756622314453,134.3983154296875,0.0773468017578125
ns_lion_650,resnet50_tl_20250829,8,4,168,4,172.0,8.0,134.4756622314453,134.41529846191406,0.06036376953125
ns_lion_650,resnet50_tl_20250829,8,4,168,8,172.0,12.0,134.4756622314453,134.64356994628906,-0.16790771484375
ns_lion_650,resnet50_tl_20250829,8,4,168,12,172.0,16.0,134.4756622314453,134.42970275878906,0.04595947265625
ns_lion_650,resnet50_tl_20250829,8,4,168,16,172.0,20.0,134.4756622314453,134.19915771484375,0.2765045166015625
ns_lion_650,resnet50_tl_20250829,8,4,168,20,172.0,24.0,134.4756622314453,134.28660583496094,0.189056396484375
ns_lion_650,resnet50_tl_20250829,8,4,168,24,172.0,28.0,134.4756622314453,134.40650939941406,0.06915283203125
ns_lion_650,resnet50_tl_20250829,8,4,168,28,172.0,32.0,134.4756622314453,134.24598693847656,0.22967529296875
ns_lion_650,resnet50_tl_20250829,8,4,168,32,172.0,36.0,134.4756622314453,134.02041625976562,0.4552459716796875
ns_lion_650,resnet50_tl_20250829,8,4,168,36,172.0,40.0,134.4756622314453,134.2867889404297,0.188873291015625
ns_lion_650,resnet50_tl_20250829,8,4,168,40,172.0,44.0,134.4756622314453,134.50489807128906,-0.02923583984375
ns_lion_650,resnet50_tl_20250829,8,4,168,44,172.0,48.0,134.4756622314453,134.49569702148438,-0.0200347900390625
ns_lion_650,resnet50_tl_20250829,8,4,168,48,172.0,52.0,134.4756622314453,134.15359497070312,0.3220672607421875
ns_lion_650,resnet50_tl_20250829,8,4,168,52,172.0,56.0,134.4756622314453,134.05262756347656,0.42303466796875
ns_lion_650,resnet50_tl_20250829,8,4,168,56,172.0,60.0,134.4756622314453,134.05039978027344,0.425262451171875
ns_lion_650,resnet50_tl_20250829,8,4,168,60,172.0,64.0,134.4756622314453,134.05726623535156,0.41839599609375
ns_lion_650,resnet50_tl_20250829,8,4,168,64,172.0,68.0,134.4756622314453,134.00242614746094,0.473236083984375
ns_lion_650,resnet50_tl_20250829,8,4,168,68,172.0,72.0,134.4756622314453,134.18307495117188,0.2925872802734375
ns_lion_650,resnet50_tl_20250829,8,4,168,72,172.0,76.0,134.4756622314453,134.34397888183594,0.131683349609375
ns_lion_650,resnet50_tl_20250829,8,4,168,76,172.0,80.0,134.4756622314453,134.22305297851562,0.2526092529296875
ns_lion_650,resnet50_tl_20250829,8,4,168,80,172.0,84.0,134.4756622314453,134.1889190673828,0.2867431640625
ns_lion_650,resnet50_tl_20250829,8,4,168,84,172.0,88.0,134.4756622314453,134.39076232910156,0.08489990234375
ns_lion_650,resnet50_tl_20250829,8,4,168,88,172.0,92.0,134.4756622314453,134.37277221679688,0.1028900146484375
ns_lion_650,resnet50_tl_20250829,8,4,168,92,172.0,96.0,134.4756622314453,134.1807098388672,0.294952392578125
ns_lion_650,resnet50_tl_20250829,8,4,168,96,172.0,100.0,134.4756622314453,134.19837951660156,0.27728271484375
ns_lion_650,resnet50_tl_20250829,8,4,168,100,172.0,104.0,134.4756622314453,134.210205078125,0.2654571533203125
ns_lion_650,resnet50_tl_20250829,8,4,168,104,172.0,108.0,134.4756622314453,134.38101196289062,0.0946502685546875
ns_lion_650,resnet50_tl_20250829,8,4,168,108,172.0,112.0,134.4756622314453,134.15098571777344,0.324676513671875
ns_lion_650,resnet50_tl_20250829,8,4,168,112,172.0,116.0,134.4756622314453,134.22230529785156,0.25335693359375
ns_lion_650,resnet50_tl_20250829,8,4,168,116,172.0,120.0,134.4756622314453,134.37229919433594,0.103363037109375
ns_lion_650,resnet50_tl_20250829,8,4,168,120,172.0,124.0,134.4756622314453,134.41709899902344,0.058563232421875
ns_lion_650,resnet50_tl_20250829,8,4,168,124,172.0,128.0,134.4756622314453,134.3022003173828,0.1734619140625
ns_lion_650,resnet50_tl_20250829,8,4,168,128,172.0,132.0,134.4756622314453,134.31195068359375,0.1637115478515625
ns_lion_650,resnet50_tl_20250829,8,4,168,132,172.0,136.0,134.4756622314453,134.35304260253906,0.12261962890625
ns_lion_650,resnet50_tl_20250829,8,4,168,136,172.0,140.0,134.4756622314453,134.46722412109375,0.0084381103515625
ns_lion_650,resnet50_tl_20250829,8,4,168,140,172.0,144.0,134.4756622314453,134.28012084960938,0.1955413818359375
ns_lion_650,resnet50_tl_20250829,8,4,168,144,172.0,148.0,134.4756622314453,134.11770629882812,0.3579559326171875
ns_lion_650,resnet50_tl_20250829,8,4,168,148,172.0,152.0,134.4756622314453,133.72828674316406,0.74737548828125
ns_lion_650,resnet50_tl_20250829,8,4,168,152,172.0,156.0,134.4756622314453,133.8463134765625,0.6293487548828125
ns_lion_650,resnet50_tl_20250829,8,4,168,156,172.0,160.0,134.4756622314453,134.10882568359375,0.3668365478515625
ns_lion_650,resnet50_tl_20250829,8,4,168,160,172.0,164.0,134.4756622314453,133.93533325195312,0.5403289794921875
ns_lion_650,resnet50_tl_20250829,8,4,168,164,172.0,168.0,134.4756622314453,134.04852294921875,0.4271392822265625
ns_lion_650,resnet50_tl_20250829,8,4,168,168,172.0,172.0,134.4756622314453,134.16026306152344,0.315399169921875
ns_lion_650,resnet50_tl_20250829,8,4,168,172,172.0,176.0,134.4756622314453,134.35458374023438,0.1210784912109375
ns_lion_650,resnet50_tl_20250829,8,4,168,176,172.0,180.0,134.4756622314453,134.28948974609375,0.1861724853515625
ns_lion_650,resnet50_tl_20250829,8,4,168,180,172.0,184.0,134.4756622314453,134.2594757080078,0.2161865234375
ns_lion_650,resnet50_tl_20250829,8,4,168,184,172.0,188.0,134.4756622314453,134.43798828125,0.0376739501953125
ns_lion_650,resnet50_tl_20250829,8,4,168,188,172.0,192.0,134.4756622314453,134.3870391845703,0.088623046875
ns_lion_650,resnet50_tl_20250829,8,4,168,192,172.0,196.0,134.4756622314453,134.41700744628906,0.05865478515625
ns_lion_650,resnet50_tl_20250829,8,4,168,196,172.0,200.0,134.4756622314453,134.33645629882812,0.1392059326171875
ns_lion_650,resnet50_tl_20250829,8,4,168,200,172.0,204.0,134.4756622314453,134.397705078125,0.0779571533203125
ns_lion_650,resnet50_tl_20250829,8,4,168,204,172.0,208.0,134.4756622314453,134.41256713867188,0.0630950927734375
ns_lion_650,resnet50_tl_20250829,8,4,168,208,172.0,212.0,134.4756622314453,134.463623046875,0.0120391845703125
ns_lion_650,resnet50_tl_20250829,8,4,168,212,172.0,216.0,134.4756622314453,134.3974609375,0.0782012939453125
ns_lion_650,resnet50_tl_20250829,8,4,168,216,172.0,220.0,134.4756622314453,134.41571044921875,0.0599517822265625
ns_lion_650,resnet50_tl_20250829,8,4,172,0,176.0,4.0,134.4756622314453,134.12071228027344,0.354949951171875
ns_lion_650,resnet50_tl_20250829,8,4,172,4,176.0,8.0,134.4756622314453,134.37498474121094,0.100677490234375
ns_lion_650,resnet50_tl_20250829,8,4,172,8,176.0,12.0,134.4756622314453,134.57571411132812,-0.1000518798828125
ns_lion_650,resnet50_tl_20250829,8,4,172,12,176.0,16.0,134.4756622314453,134.10693359375,0.3687286376953125
ns_lion_650,resnet50_tl_20250829,8,4,172,16,176.0,20.0,134.4756622314453,134.0902557373047,0.385406494140625
ns_lion_650,resnet50_tl_20250829,8,4,172,20,176.0,24.0,134.4756622314453,134.2528533935547,0.222808837890625
ns_lion_650,resnet50_tl_20250829,8,4,172,24,176.0,28.0,134.4756622314453,134.51585388183594,-0.040191650390625
ns_lion_650,resnet50_tl_20250829,8,4,172,28,176.0,32.0,134.4756622314453,134.09146118164062,0.3842010498046875
ns_lion_650,resnet50_tl_20250829,8,4,172,32,176.0,36.0,134.4756622314453,133.72027587890625,0.7553863525390625
ns_lion_650,resnet50_tl_20250829,8,4,172,36,176.0,40.0,134.4756622314453,134.1649627685547,0.310699462890625
ns_lion_650,resnet50_tl_20250829,8,4,172,40,176.0,44.0,134.4756622314453,134.2918243408203,0.183837890625
ns_lion_650,resnet50_tl_20250829,8,4,172,44,176.0,48.0,134.4756622314453,134.14222717285156,0.33343505859375
ns_lion_650,resnet50_tl_20250829,8,4,172,48,176.0,52.0,134.4756622314453,133.63919067382812,0.8364715576171875
ns_lion_650,resnet50_tl_20250829,8,4,172,52,176.0,56.0,134.4756622314453,133.8395538330078,0.6361083984375
ns_lion_650,resnet50_tl_20250829,8,4,172,56,176.0,60.0,134.4756622314453,134.03086853027344,0.444793701171875
ns_lion_650,resnet50_tl_20250829,8,4,172,60,176.0,64.0,134.4756622314453,134.14688110351562,0.3287811279296875
ns_lion_650,resnet50_tl_20250829,8,4,172,64,176.0,68.0,134.4756622314453,134.0580291748047,0.417633056640625
ns_lion_650,resnet50_tl_20250829,8,4,172,68,176.0,72.0,134.4756622314453,134.1772003173828,0.2984619140625
ns_lion_650,resnet50_tl_20250829,8,4,172,72,176.0,76.0,134.4756622314453,134.16542053222656,0.31024169921875
ns_lion_650,resnet50_tl_20250829,8,4,172,76,176.0,80.0,134.4756622314453,133.9843292236328,0.4913330078125
ns_lion_650,resnet50_tl_20250829,8,4,172,80,176.0,84.0,134.4756622314453,133.94175720214844,0.533905029296875
ns_lion_650,resnet50_tl_20250829,8,4,172,84,176.0,88.0,134.4756622314453,134.427001953125,0.0486602783203125
ns_lion_650,resnet50_tl_20250829,8,4,172,88,176.0,92.0,134.4756622314453,134.38648986816406,0.08917236328125
ns_lion_650,resnet50_tl_20250829,8,4,172,92,176.0,96.0,134.4756622314453,133.89210510253906,0.58355712890625
ns_lion_650,resnet50_tl_20250829,8,4,172,96,176.0,100.0,134.4756622314453,133.86227416992188,0.6133880615234375
ns_lion_650,resnet50_tl_20250829,8,4,172,100,176.0,104.0,134.4756622314453,134.1744842529297,0.301177978515625
ns_lion_650,resnet50_tl_20250829,8,4,172,104,176.0,108.0,134.4756622314453,134.37698364257812,0.0986785888671875
ns_lion_650,resnet50_tl_20250829,8,4,172,108,176.0,112.0,134.4756622314453,133.92593383789062,0.5497283935546875
ns_lion_650,resnet50_tl_20250829,8,4,172,112,176.0,116.0,134.4756622314453,133.98707580566406,0.48858642578125
ns_lion_650,resnet50_tl_20250829,8,4,172,116,176.0,120.0,134.4756622314453,134.31040954589844,0.165252685546875
ns_lion_650,resnet50_tl_20250829,8,4,172,120,176.0,124.0,134.4756622314453,134.32188415527344,0.153778076171875
ns_lion_650,resnet50_tl_20250829,8,4,172,124,176.0,128.0,134.4756622314453,134.28001403808594,0.195648193359375
ns_lion_650,resnet50_tl_20250829,8,4,172,128,176.0,132.0,134.4756622314453,134.3734893798828,0.1021728515625
ns_lion_650,resnet50_tl_20250829,8,4,172,132,176.0,136.0,134.4756622314453,134.3985137939453,0.0771484375
ns_lion_650,resnet50_tl_20250829,8,4,172,136,176.0,140.0,134.4756622314453,134.43634033203125,0.0393218994140625
ns_lion_650,resnet50_tl_20250829,8,4,172,140,176.0,144.0,134.4756622314453,134.4062042236328,0.0694580078125
ns_lion_650,resnet50_tl_20250829,8,4,172,144,176.0,148.0,134.4756622314453,134.19178771972656,0.28387451171875
ns_lion_650,resnet50_tl_20250829,8,4,172,148,176.0,152.0,134.4756622314453,133.94691467285156,0.52874755859375
ns_lion_650,resnet50_tl_20250829,8,4,172,152,176.0,156.0,134.4756622314453,133.82333374023438,0.6523284912109375
ns_lion_650,resnet50_tl_20250829,8,4,172,156,176.0,160.0,134.4756622314453,134.2689208984375,0.2067413330078125
ns_lion_650,resnet50_tl_20250829,8,4,172,160,176.0,164.0,134.4756622314453,134.11532592773438,0.3603363037109375
ns_lion_650,resnet50_tl_20250829,8,4,172,164,176.0,168.0,134.4756622314453,134.21051025390625,0.2651519775390625
ns_lion_650,resnet50_tl_20250829,8,4,172,168,176.0,172.0,134.4756622314453,134.22398376464844,0.251678466796875
ns_lion_650,resnet50_tl_20250829,8,4,172,172,176.0,176.0,134.4756622314453,134.23512268066406,0.24053955078125
ns_lion_650,resnet50_tl_20250829,8,4,172,176,176.0,180.0,134.4756622314453,134.2111358642578,0.2645263671875
ns_lion_650,resnet50_tl_20250829,8,4,172,180,176.0,184.0,134.4756622314453,134.37103271484375,0.1046295166015625
ns_lion_650,resnet50_tl_20250829,8,4,172,184,176.0,188.0,134.4756622314453,134.48165893554688,-0.0059967041015625
ns_lion_650,resnet50_tl_20250829,8,4,172,188,176.0,192.0,134.4756622314453,134.32647705078125,0.1491851806640625
ns_lion_650,resnet50_tl_20250829,8,4,172,192,176.0,196.0,134.4756622314453,134.33297729492188,0.1426849365234375
ns_lion_650,resnet50_tl_20250829,8,4,172,196,176.0,200.0,134.4756622314453,134.3126983642578,0.1629638671875
ns_lion_650,resnet50_tl_20250829,8,4,172,200,176.0,204.0,134.4756622314453,134.43161010742188,0.0440521240234375
ns_lion_650,resnet50_tl_20250829,8,4,172,204,176.0,208.0,134.4756622314453,134.40109252929688,0.0745697021484375
ns_lion_650,resnet50_tl_20250829,8,4,172,208,176.0,212.0,134.4756622314453,134.42791748046875,0.0477447509765625
ns_lion_650,resnet50_tl_20250829,8,4,172,212,176.0,216.0,134.4756622314453,134.394287109375,0.0813751220703125
ns_lion_650,resnet50_tl_20250829,8,4,172,216,176.0,220.0,134.4756622314453,134.41685485839844,0.058807373046875
ns_lion_650,resnet50_tl_20250829,8,4,176,0,180.0,4.0,134.4756622314453,134.1435089111328,0.3321533203125
ns_lion_650,resnet50_tl_20250829,8,4,176,4,180.0,8.0,134.4756622314453,134.28184509277344,0.193817138671875
ns_lion_650,resnet50_tl_20250829,8,4,176,8,180.0,12.0,134.4756622314453,134.5126953125,-0.0370330810546875
ns_lion_650,resnet50_tl_20250829,8,4,176,12,180.0,16.0,134.4756622314453,134.20782470703125,0.2678375244140625
ns_lion_650,resnet50_tl_20250829,8,4,176,16,180.0,20.0,134.4756622314453,134.06968688964844,0.405975341796875
ns_lion_650,resnet50_tl_20250829,8,4,176,20,180.0,24.0,134.4756622314453,134.23699951171875,0.2386627197265625
ns_lion_650,resnet50_tl_20250829,8,4,176,24,180.0,28.0,134.4756622314453,134.35791015625,0.1177520751953125
ns_lion_650,resnet50_tl_20250829,8,4,176,28,180.0,32.0,134.4756622314453,133.88522338867188,0.5904388427734375
ns_lion_650,resnet50_tl_20250829,8,4,176,32,180.0,36.0,134.4756622314453,133.6298828125,0.8457794189453125
ns_lion_650,resnet50_tl_20250829,8,4,176,36,180.0,40.0,134.4756622314453,134.12327575683594,0.352386474609375
ns_lion_650,resnet50_tl_20250829,8,4,176,40,180.0,44.0,134.4756622314453,134.34588623046875,0.1297760009765625
ns_lion_650,resnet50_tl_20250829,8,4,176,44,180.0,48.0,134.4756622314453,134.34591674804688,0.1297454833984375
ns_lion_650,resnet50_tl_20250829,8,4,176,48,180.0,52.0,134.4756622314453,133.8447265625,0.6309356689453125
ns_lion_650,resnet50_tl_20250829,8,4,176,52,180.0,56.0,134.4756622314453,133.78570556640625,0.6899566650390625
ns_lion_650,resnet50_tl_20250829,8,4,176,56,180.0,60.0,134.4756622314453,133.91021728515625,0.5654449462890625
ns_lion_650,resnet50_tl_20250829,8,4,176,60,180.0,64.0,134.4756622314453,134.14508056640625,0.3305816650390625
ns_lion_650,resnet50_tl_20250829,8,4,176,64,180.0,68.0,134.4756622314453,134.0077362060547,0.467926025390625
ns_lion_650,resnet50_tl_20250829,8,4,176,68,180.0,72.0,134.4756622314453,133.991943359375,0.4837188720703125
ns_lion_650,resnet50_tl_20250829,8,4,176,72,180.0,76.0,134.4756622314453,134.2156524658203,0.260009765625
ns_lion_650,resnet50_tl_20250829,8,4,176,76,180.0,80.0,134.4756622314453,133.99423217773438,0.4814300537109375
ns_lion_650,resnet50_tl_20250829,8,4,176,80,180.0,84.0,134.4756622314453,134.01263427734375,0.4630279541015625
ns_lion_650,resnet50_tl_20250829,8,4,176,84,180.0,88.0,134.4756622314453,134.2000274658203,0.275634765625
ns_lion_650,resnet50_tl_20250829,8,4,176,88,180.0,92.0,134.4756622314453,134.24993896484375,0.2257232666015625
ns_lion_650,resnet50_tl_20250829,8,4,176,92,180.0,96.0,134.4756622314453,133.8595428466797,0.616119384765625
ns_lion_650,resnet50_tl_20250829,8,4,176,96,180.0,100.0,134.4756622314453,133.84671020507812,0.6289520263671875
ns_lion_650,resnet50_tl_20250829,8,4,176,100,180.0,104.0,134.4756622314453,134.0472412109375,0.4284210205078125
ns_lion_650,resnet50_tl_20250829,8,4,176,104,180.0,108.0,134.4756622314453,134.27499389648438,0.2006683349609375
ns_lion_650,resnet50_tl_20250829,8,4,176,108,180.0,112.0,134.4756622314453,133.9163055419922,0.559356689453125
ns_lion_650,resnet50_tl_20250829,8,4,176,112,180.0,116.0,134.4756622314453,133.91326904296875,0.5623931884765625
ns_lion_650,resnet50_tl_20250829,8,4,176,116,180.0,120.0,134.4756622314453,134.05831909179688,0.4173431396484375
ns_lion_650,resnet50_tl_20250829,8,4,176,120,180.0,124.0,134.4756622314453,133.96044921875,0.5152130126953125
ns_lion_650,resnet50_tl_20250829,8,4,176,124,180.0,128.0,134.4756622314453,134.0734100341797,0.402252197265625
ns_lion_650,resnet50_tl_20250829,8,4,176,128,180.0,132.0,134.4756622314453,134.30795288085938,0.1677093505859375
ns_lion_650,resnet50_tl_20250829,8,4,176,132,180.0,136.0,134.4756622314453,134.39463806152344,0.081024169921875
ns_lion_650,resnet50_tl_20250829,8,4,176,136,180.0,140.0,134.4756622314453,134.38243103027344,0.093231201171875
ns_lion_650,resnet50_tl_20250829,8,4,176,140,180.0,144.0,134.4756622314453,134.43028259277344,0.045379638671875
ns_lion_650,resnet50_tl_20250829,8,4,176,144,180.0,148.0,134.4756622314453,134.23292541503906,0.24273681640625
ns_lion_650,resnet50_tl_20250829,8,4,176,148,180.0,152.0,134.4756622314453,134.02256774902344,0.453094482421875
ns_lion_650,resnet50_tl_20250829,8,4,176,152,180.0,156.0,134.4756622314453,133.9517822265625,0.5238800048828125
ns_lion_650,resnet50_tl_20250829,8,4,176,156,180.0,160.0,134.4756622314453,134.26531982421875,0.2103424072265625
ns_lion_650,resnet50_tl_20250829,8,4,176,160,180.0,164.0,134.4756622314453,134.19107055664062,0.2845916748046875
ns_lion_650,resnet50_tl_20250829,8,4,176,164,180.0,168.0,134.4756622314453,134.26730346679688,0.2083587646484375
ns_lion_650,resnet50_tl_20250829,8,4,176,168,180.0,172.0,134.4756622314453,134.3275146484375,0.1481475830078125
ns_lion_650,resnet50_tl_20250829,8,4,176,172,180.0,176.0,134.4756622314453,134.2986602783203,0.177001953125
ns_lion_650,resnet50_tl_20250829,8,4,176,176,180.0,180.0,134.4756622314453,134.29139709472656,0.18426513671875
ns_lion_650,resnet50_tl_20250829,8,4,176,180,180.0,184.0,134.4756622314453,134.33843994140625,0.1372222900390625
ns_lion_650,resnet50_tl_20250829,8,4,176,184,180.0,188.0,134.4756622314453,134.4469757080078,0.0286865234375
ns_lion_650,resnet50_tl_20250829,8,4,176,188,180.0,192.0,134.4756622314453,134.3430938720703,0.132568359375
ns_lion_650,resnet50_tl_20250829,8,4,176,192,180.0,196.0,134.4756622314453,134.3585205078125,0.1171417236328125
ns_lion_650,resnet50_tl_20250829,8,4,176,196,180.0,200.0,134.4756622314453,134.37225341796875,0.1034088134765625
ns_lion_650,resnet50_tl_20250829,8,4,176,200,180.0,204.0,134.4756622314453,134.4379119873047,0.037750244140625
ns_lion_650,resnet50_tl_20250829,8,4,176,204,180.0,208.0,134.4756622314453,134.40814208984375,0.0675201416015625
ns_lion_650,resnet50_tl_20250829,8,4,176,208,180.0,212.0,134.4756622314453,134.43052673339844,0.045135498046875
ns_lion_650,resnet50_tl_20250829,8,4,176,212,180.0,216.0,134.4756622314453,134.4017333984375,0.0739288330078125
ns_lion_650,resnet50_tl_20250829,8,4,176,216,180.0,220.0,134.4756622314453,134.43899536132812,0.0366668701171875
ns_lion_650,resnet50_tl_20250829,8,4,180,0,184.0,4.0,134.4756622314453,134.3507080078125,0.1249542236328125
ns_lion_650,resnet50_tl_20250829,8,4,180,4,184.0,8.0,134.4756622314453,134.37615966796875,0.0995025634765625
ns_lion_650,resnet50_tl_20250829,8,4,180,8,184.0,12.0,134.4756622314453,134.50372314453125,-0.0280609130859375
ns_lion_650,resnet50_tl_20250829,8,4,180,12,184.0,16.0,134.4756622314453,134.3035430908203,0.172119140625
ns_lion_650,resnet50_tl_20250829,8,4,180,16,184.0,20.0,134.4756622314453,134.2189483642578,0.2567138671875
ns_lion_650,resnet50_tl_20250829,8,4,180,20,184.0,24.0,134.4756622314453,134.29881286621094,0.176849365234375
ns_lion_650,resnet50_tl_20250829,8,4,180,24,184.0,28.0,134.4756622314453,134.40573120117188,0.0699310302734375
ns_lion_650,resnet50_tl_20250829,8,4,180,28,184.0,32.0,134.4756622314453,133.99781799316406,0.47784423828125
ns_lion_650,resnet50_tl_20250829,8,4,180,32,184.0,36.0,134.4756622314453,133.85189819335938,0.6237640380859375
ns_lion_650,resnet50_tl_20250829,8,4,180,36,184.0,40.0,134.4756622314453,134.28948974609375,0.1861724853515625
ns_lion_650,resnet50_tl_20250829,8,4,180,40,184.0,44.0,134.4756622314453,134.48114013671875,-0.0054779052734375
ns_lion_650,resnet50_tl_20250829,8,4,180,44,184.0,48.0,134.4756622314453,134.55926513671875,-0.0836029052734375
ns_lion_650,resnet50_tl_20250829,8,4,180,48,184.0,52.0,134.4756622314453,134.27218627929688,0.2034759521484375
ns_lion_650,resnet50_tl_20250829,8,4,180,52,184.0,56.0,134.4756622314453,134.03225708007812,0.4434051513671875
ns_lion_650,resnet50_tl_20250829,8,4,180,56,184.0,60.0,134.4756622314453,133.83023071289062,0.6454315185546875
ns_lion_650,resnet50_tl_20250829,8,4,180,60,184.0,64.0,134.4756622314453,133.9752197265625,0.5004425048828125
ns_lion_650,resnet50_tl_20250829,8,4,180,64,184.0,68.0,134.4756622314453,133.96954345703125,0.5061187744140625
ns_lion_650,resnet50_tl_20250829,8,4,180,68,184.0,72.0,134.4756622314453,134.032958984375,0.4427032470703125
ns_lion_650,resnet50_tl_20250829,8,4,180,72,184.0,76.0,134.4756622314453,134.29049682617188,0.1851654052734375
ns_lion_650,resnet50_tl_20250829,8,4,180,76,184.0,80.0,134.4756622314453,134.4383544921875,0.0373077392578125
ns_lion_650,resnet50_tl_20250829,8,4,180,80,184.0,84.0,134.4756622314453,134.4270477294922,0.048614501953125
ns_lion_650,resnet50_tl_20250829,8,4,180,84,184.0,88.0,134.4756622314453,134.54681396484375,-0.0711517333984375
ns_lion_650,resnet50_tl_20250829,8,4,180,88,184.0,92.0,134.4756622314453,134.3587646484375,0.1168975830078125
ns_lion_650,resnet50_tl_20250829,8,4,180,92,184.0,96.0,134.4756622314453,134.3033447265625,0.1723175048828125
ns_lion_650,resnet50_tl_20250829,8,4,180,96,184.0,100.0,134.4756622314453,134.29856872558594,0.177093505859375
ns_lion_650,resnet50_tl_20250829,8,4,180,100,184.0,104.0,134.4756622314453,134.26263427734375,0.2130279541015625
ns_lion_650,resnet50_tl_20250829,8,4,180,104,184.0,108.0,134.4756622314453,134.26927185058594,0.206390380859375
ns_lion_650,resnet50_tl_20250829,8,4,180,108,184.0,112.0,134.4756622314453,134.2013397216797,0.274322509765625
ns_lion_650,resnet50_tl_20250829,8,4,180,112,184.0,116.0,134.4756622314453,134.21629333496094,0.259368896484375
ns_lion_650,resnet50_tl_20250829,8,4,180,116,184.0,120.0,134.4756622314453,134.31976318359375,0.1558990478515625
ns_lion_650,resnet50_tl_20250829,8,4,180,120,184.0,124.0,134.4756622314453,134.20156860351562,0.2740936279296875
ns_lion_650,resnet50_tl_20250829,8,4,180,124,184.0,128.0,134.4756622314453,134.41220092773438,0.0634613037109375
ns_lion_650,resnet50_tl_20250829,8,4,180,128,184.0,132.0,134.4756622314453,134.46331787109375,0.0123443603515625
ns_lion_650,resnet50_tl_20250829,8,4,180,132,184.0,136.0,134.4756622314453,134.46871948242188,0.0069427490234375
ns_lion_650,resnet50_tl_20250829,8,4,180,136,184.0,140.0,134.4756622314453,134.4375,0.0381622314453125
ns_lion_650,resnet50_tl_20250829,8,4,180,140,184.0,144.0,134.4756622314453,134.43670654296875,0.0389556884765625
ns_lion_650,resnet50_tl_20250829,8,4,180,144,184.0,148.0,134.4756622314453,134.31155395507812,0.1641082763671875
ns_lion_650,resnet50_tl_20250829,8,4,180,148,184.0,152.0,134.4756622314453,134.0020294189453,0.4736328125
ns_lion_650,resnet50_tl_20250829,8,4,180,152,184.0,156.0,134.4756622314453,133.95103454589844,0.524627685546875
ns_lion_650,resnet50_tl_20250829,8,4,180,156,184.0,160.0,134.4756622314453,134.33741760253906,0.13824462890625
ns_lion_650,resnet50_tl_20250829,8,4,180,160,184.0,164.0,134.4756622314453,134.23509216308594,0.240570068359375
ns_lion_650,resnet50_tl_20250829,8,4,180,164,184.0,168.0,134.4756622314453,134.2620849609375,0.2135772705078125
ns_lion_650,resnet50_tl_20250829,8,4,180,168,184.0,172.0,134.4756622314453,134.36741638183594,0.108245849609375
ns_lion_650,resnet50_tl_20250829,8,4,180,172,184.0,176.0,134.4756622314453,134.5178985595703,-0.042236328125
ns_lion_650,resnet50_tl_20250829,8,4,180,176,184.0,180.0,134.4756622314453,134.52548217773438,-0.0498199462890625
ns_lion_650,resnet50_tl_20250829,8,4,180,180,184.0,184.0,134.4756622314453,134.49124145507812,-0.0155792236328125
ns_lion_650,resnet50_tl_20250829,8,4,180,184,184.0,188.0,134.4756622314453,134.4866180419922,-0.010955810546875
ns_lion_650,resnet50_tl_20250829,8,4,180,188,184.0,192.0,134.4756622314453,134.43417358398438,0.0414886474609375
ns_lion_650,resnet50_tl_20250829,8,4,180,192,184.0,196.0,134.4756622314453,134.51336669921875,-0.0377044677734375
ns_lion_650,resnet50_tl_20250829,8,4,180,196,184.0,200.0,134.4756622314453,134.41229248046875,0.0633697509765625
ns_lion_650,resnet50_tl_20250829,8,4,180,200,184.0,204.0,134.4756622314453,134.4427490234375,0.0329132080078125
ns_lion_650,resnet50_tl_20250829,8,4,180,204,184.0,208.0,134.4756622314453,134.4313201904297,0.044342041015625
ns_lion_650,resnet50_tl_20250829,8,4,180,208,184.0,212.0,134.4756622314453,134.5039825439453,-0.0283203125
ns_lion_650,resnet50_tl_20250829,8,4,180,212,184.0,216.0,134.4756622314453,134.44876098632812,0.0269012451171875
ns_lion_650,resnet50_tl_20250829,8,4,180,216,184.0,220.0,134.4756622314453,134.4405517578125,0.0351104736328125
ns_lion_650,resnet50_tl_20250829,8,4,184,0,188.0,4.0,134.4756622314453,134.34547424316406,0.13018798828125
ns_lion_650,resnet50_tl_20250829,8,4,184,4,188.0,8.0,134.4756622314453,134.28366088867188,0.1920013427734375
ns_lion_650,resnet50_tl_20250829,8,4,184,8,188.0,12.0,134.4756622314453,134.45510864257812,0.0205535888671875
ns_lion_650,resnet50_tl_20250829,8,4,184,12,188.0,16.0,134.4756622314453,134.20965576171875,0.2660064697265625
ns_lion_650,resnet50_tl_20250829,8,4,184,16,188.0,20.0,134.4756622314453,134.08102416992188,0.3946380615234375
ns_lion_650,resnet50_tl_20250829,8,4,184,20,188.0,24.0,134.4756622314453,134.26681518554688,0.2088470458984375
ns_lion_650,resnet50_tl_20250829,8,4,184,24,188.0,28.0,134.4756622314453,134.40042114257812,0.0752410888671875
ns_lion_650,resnet50_tl_20250829,8,4,184,28,188.0,32.0,134.4756622314453,134.16932678222656,0.30633544921875
ns_lion_650,resnet50_tl_20250829,8,4,184,32,188.0,36.0,134.4756622314453,134.0534210205078,0.4222412109375
ns_lion_650,resnet50_tl_20250829,8,4,184,36,188.0,40.0,134.4756622314453,134.38816833496094,0.087493896484375
ns_lion_650,resnet50_tl_20250829,8,4,184,40,188.0,44.0,134.4756622314453,134.5112762451172,-0.035614013671875
ns_lion_650,resnet50_tl_20250829,8,4,184,44,188.0,48.0,134.4756622314453,134.35812377929688,0.1175384521484375
ns_lion_650,resnet50_tl_20250829,8,4,184,48,188.0,52.0,134.4756622314453,134.09088134765625,0.3847808837890625
ns_lion_650,resnet50_tl_20250829,8,4,184,52,188.0,56.0,134.4756622314453,133.96385192871094,0.511810302734375
ns_lion_650,resnet50_tl_20250829,8,4,184,56,188.0,60.0,134.4756622314453,133.82859802246094,0.647064208984375
ns_lion_650,resnet50_tl_20250829,8,4,184,60,188.0,64.0,134.4756622314453,133.97064208984375,0.5050201416015625
ns_lion_650,resnet50_tl_20250829,8,4,184,64,188.0,68.0,134.4756622314453,133.94436645507812,0.5312957763671875
ns_lion_650,resnet50_tl_20250829,8,4,184,68,188.0,72.0,134.4756622314453,134.01893615722656,0.45672607421875
ns_lion_650,resnet50_tl_20250829,8,4,184,72,188.0,76.0,134.4756622314453,134.22793579101562,0.2477264404296875
ns_lion_650,resnet50_tl_20250829,8,4,184,76,188.0,80.0,134.4756622314453,134.1079559326172,0.367706298828125
ns_lion_650,resnet50_tl_20250829,8,4,184,80,188.0,84.0,134.4756622314453,134.1456298828125,0.3300323486328125
ns_lion_650,resnet50_tl_20250829,8,4,184,84,188.0,88.0,134.4756622314453,134.29782104492188,0.1778411865234375
ns_lion_650,resnet50_tl_20250829,8,4,184,88,188.0,92.0,134.4756622314453,134.2977752685547,0.177886962890625
ns_lion_650,resnet50_tl_20250829,8,4,184,92,188.0,96.0,134.4756622314453,134.09628295898438,0.3793792724609375
ns_lion_650,resnet50_tl_20250829,8,4,184,96,188.0,100.0,134.4756622314453,134.11460876464844,0.361053466796875
ns_lion_650,resnet50_tl_20250829,8,4,184,100,188.0,104.0,134.4756622314453,134.07505798339844,0.400604248046875
ns_lion_650,resnet50_tl_20250829,8,4,184,104,188.0,108.0,134.4756622314453,134.26437377929688,0.2112884521484375
ns_lion_650,resnet50_tl_20250829,8,4,184,108,188.0,112.0,134.4756622314453,134.2303009033203,0.245361328125
ns_lion_650,resnet50_tl_20250829,8,4,184,112,188.0,116.0,134.4756622314453,134.20346069335938,0.2722015380859375
ns_lion_650,resnet50_tl_20250829,8,4,184,116,188.0,120.0,134.4756622314453,134.0817413330078,0.3939208984375
ns_lion_650,resnet50_tl_20250829,8,4,184,120,188.0,124.0,134.4756622314453,134.17262268066406,0.30303955078125
ns_lion_650,resnet50_tl_20250829,8,4,184,124,188.0,128.0,134.4756622314453,134.3502960205078,0.1253662109375
ns_lion_650,resnet50_tl_20250829,8,4,184,128,188.0,132.0,134.4756622314453,134.43666076660156,0.03900146484375
ns_lion_650,resnet50_tl_20250829,8,4,184,132,188.0,136.0,134.4756622314453,134.34703063964844,0.128631591796875
ns_lion_650,resnet50_tl_20250829,8,4,184,136,188.0,140.0,134.4756622314453,134.13299560546875,0.3426666259765625
ns_lion_650,resnet50_tl_20250829,8,4,184,140,188.0,144.0,134.4756622314453,134.2244873046875,0.2511749267578125
ns_lion_650,resnet50_tl_20250829,8,4,184,144,188.0,148.0,134.4756622314453,134.25738525390625,0.2182769775390625
ns_lion_650,resnet50_tl_20250829,8,4,184,148,188.0,152.0,134.4756622314453,134.12799072265625,0.3476715087890625
ns_lion_650,resnet50_tl_20250829,8,4,184,152,188.0,156.0,134.4756622314453,134.00596618652344,0.469696044921875
ns_lion_650,resnet50_tl_20250829,8,4,184,156,188.0,160.0,134.4756622314453,134.25743103027344,0.218231201171875
ns_lion_650,resnet50_tl_20250829,8,4,184,160,188.0,164.0,134.4756622314453,134.1717529296875,0.3039093017578125
ns_lion_650,resnet50_tl_20250829,8,4,184,164,188.0,168.0,134.4756622314453,134.13246154785156,0.34320068359375
ns_lion_650,resnet50_tl_20250829,8,4,184,168,188.0,172.0,134.4756622314453,134.22320556640625,0.2524566650390625
ns_lion_650,resnet50_tl_20250829,8,4,184,172,188.0,176.0,134.4756622314453,134.40603637695312,0.0696258544921875
ns_lion_650,resnet50_tl_20250829,8,4,184,176,188.0,180.0,134.4756622314453,134.4441680908203,0.031494140625
ns_lion_650,resnet50_tl_20250829,8,4,184,180,188.0,184.0,134.4756622314453,134.38641357421875,0.0892486572265625
ns_lion_650,resnet50_tl_20250829,8,4,184,184,188.0,188.0,134.4756622314453,134.4918670654297,-0.016204833984375
ns_lion_650,resnet50_tl_20250829,8,4,184,188,188.0,192.0,134.4756622314453,134.45999145507812,0.0156707763671875
ns_lion_650,resnet50_tl_20250829,8,4,184,192,188.0,196.0,134.4756622314453,134.50518798828125,-0.0295257568359375
ns_lion_650,resnet50_tl_20250829,8,4,184,196,188.0,200.0,134.4756622314453,134.41302490234375,0.0626373291015625
ns_lion_650,resnet50_tl_20250829,8,4,184,200,188.0,204.0,134.4756622314453,134.459228515625,0.0164337158203125
ns_lion_650,resnet50_tl_20250829,8,4,184,204,188.0,208.0,134.4756622314453,134.4882354736328,-0.0125732421875
ns_lion_650,resnet50_tl_20250829,8,4,184,208,188.0,212.0,134.4756622314453,134.52557373046875,-0.0499114990234375
ns_lion_650,resnet50_tl_20250829,8,4,184,212,188.0,216.0,134.4756622314453,134.4623565673828,0.0133056640625
ns_lion_650,resnet50_tl_20250829,8,4,184,216,188.0,220.0,134.4756622314453,134.45481872558594,0.020843505859375
ns_lion_650,resnet50_tl_20250829,8,4,188,0,192.0,4.0,134.4756622314453,134.11123657226562,0.3644256591796875
ns_lion_650,resnet50_tl_20250829,8,4,188,4,192.0,8.0,134.4756622314453,134.29019165039062,0.1854705810546875
ns_lion_650,resnet50_tl_20250829,8,4,188,8,192.0,12.0,134.4756622314453,134.4652862548828,0.0103759765625
ns_lion_650,resnet50_tl_20250829,8,4,188,12,192.0,16.0,134.4756622314453,133.7969970703125,0.6786651611328125
ns_lion_650,resnet50_tl_20250829,8,4,188,16,192.0,20.0,134.4756622314453,133.8331756591797,0.642486572265625
ns_lion_650,resnet50_tl_20250829,8,4,188,20,192.0,24.0,134.4756622314453,134.38584899902344,0.089813232421875
ns_lion_650,resnet50_tl_20250829,8,4,188,24,192.0,28.0,134.4756622314453,134.43479919433594,0.040863037109375
ns_lion_650,resnet50_tl_20250829,8,4,188,28,192.0,32.0,134.4756622314453,133.76332092285156,0.71234130859375
ns_lion_650,resnet50_tl_20250829,8,4,188,32,192.0,36.0,134.4756622314453,133.74417114257812,0.7314910888671875
ns_lion_650,resnet50_tl_20250829,8,4,188,36,192.0,40.0,134.4756622314453,134.30624389648438,0.1694183349609375
ns_lion_650,resnet50_tl_20250829,8,4,188,40,192.0,44.0,134.4756622314453,134.47084045410156,0.00482177734375
ns_lion_650,resnet50_tl_20250829,8,4,188,44,192.0,48.0,134.4756622314453,134.1143035888672,0.361358642578125
ns_lion_650,resnet50_tl_20250829,8,4,188,48,192.0,52.0,134.4756622314453,133.74752807617188,0.7281341552734375
ns_lion_650,resnet50_tl_20250829,8,4,188,52,192.0,56.0,134.4756622314453,133.89141845703125,0.5842437744140625
ns_lion_650,resnet50_tl_20250829,8,4,188,56,192.0,60.0,134.4756622314453,134.0161590576172,0.459503173828125
ns_lion_650,resnet50_tl_20250829,8,4,188,60,192.0,64.0,134.4756622314453,133.97955322265625,0.4961090087890625
ns_lion_650,resnet50_tl_20250829,8,4,188,64,192.0,68.0,134.4756622314453,134.0196075439453,0.4560546875
ns_lion_650,resnet50_tl_20250829,8,4,188,68,192.0,72.0,134.4756622314453,134.01605224609375,0.4596099853515625
ns_lion_650,resnet50_tl_20250829,8,4,188,72,192.0,76.0,134.4756622314453,134.10052490234375,0.3751373291015625
ns_lion_650,resnet50_tl_20250829,8,4,188,76,192.0,80.0,134.4756622314453,133.8538818359375,0.6217803955078125
ns_lion_650,resnet50_tl_20250829,8,4,188,80,192.0,84.0,134.4756622314453,133.88272094726562,0.5929412841796875
ns_lion_650,resnet50_tl_20250829,8,4,188,84,192.0,88.0,134.4756622314453,134.3638458251953,0.11181640625
ns_lion_650,resnet50_tl_20250829,8,4,188,88,192.0,92.0,134.4756622314453,134.41744995117188,0.0582122802734375
ns_lion_650,resnet50_tl_20250829,8,4,188,92,192.0,96.0,134.4756622314453,133.8413848876953,0.63427734375
ns_lion_650,resnet50_tl_20250829,8,4,188,96,192.0,100.0,134.4756622314453,133.8489990234375,0.6266632080078125
ns_lion_650,resnet50_tl_20250829,8,4,188,100,192.0,104.0,134.4756622314453,134.15396118164062,0.3217010498046875
ns_lion_650,resnet50_tl_20250829,8,4,188,104,192.0,108.0,134.4756622314453,134.333740234375,0.1419219970703125
ns_lion_650,resnet50_tl_20250829,8,4,188,108,192.0,112.0,134.4756622314453,133.84185791015625,0.6338043212890625
ns_lion_650,resnet50_tl_20250829,8,4,188,112,192.0,116.0,134.4756622314453,134.0016632080078,0.4739990234375
ns_lion_650,resnet50_tl_20250829,8,4,188,116,192.0,120.0,134.4756622314453,134.39459228515625,0.0810699462890625
ns_lion_650,resnet50_tl_20250829,8,4,188,120,192.0,124.0,134.4756622314453,134.3415069580078,0.1341552734375
ns_lion_650,resnet50_tl_20250829,8,4,188,124,192.0,128.0,134.4756622314453,134.16773986816406,0.30792236328125
ns_lion_650,resnet50_tl_20250829,8,4,188,128,192.0,132.0,134.4756622314453,134.1641387939453,0.3115234375
ns_lion_650,resnet50_tl_20250829,8,4,188,132,192.0,136.0,134.4756622314453,134.2509002685547,0.224761962890625
ns_lion_650,resnet50_tl_20250829,8,4,188,136,192.0,140.0,134.4756622314453,134.2782440185547,0.197418212890625
ns_lion_650,resnet50_tl_20250829,8,4,188,140,192.0,144.0,134.4756622314453,134.14610290527344,0.329559326171875
ns_lion_650,resnet50_tl_20250829,8,4,188,144,192.0,148.0,134.4756622314453,134.2154998779297,0.260162353515625
ns_lion_650,resnet50_tl_20250829,8,4,188,148,192.0,152.0,134.4756622314453,134.2677459716797,0.207916259765625
ns_lion_650,resnet50_tl_20250829,8,4,188,152,192.0,156.0,134.4756622314453,134.12841796875,0.3472442626953125
ns_lion_650,resnet50_tl_20250829,8,4,188,156,192.0,160.0,134.4756622314453,134.1333770751953,0.34228515625
ns_lion_650,resnet50_tl_20250829,8,4,188,160,192.0,164.0,134.4756622314453,134.14938354492188,0.3262786865234375
ns_lion_650,resnet50_tl_20250829,8,4,188,164,192.0,168.0,134.4756622314453,134.1271514892578,0.3485107421875
ns_lion_650,resnet50_tl_20250829,8,4,188,168,192.0,172.0,134.4756622314453,134.12608337402344,0.349578857421875
ns_lion_650,resnet50_tl_20250829,8,4,188,172,192.0,176.0,134.4756622314453,134.26925659179688,0.2064056396484375
ns_lion_650,resnet50_tl_20250829,8,4,188,176,192.0,180.0,134.4756622314453,134.2841033935547,0.191558837890625
ns_lion_650,resnet50_tl_20250829,8,4,188,180,192.0,184.0,134.4756622314453,134.35113525390625,0.1245269775390625
ns_lion_650,resnet50_tl_20250829,8,4,188,184,192.0,188.0,134.4756622314453,134.51548767089844,-0.039825439453125
ns_lion_650,resnet50_tl_20250829,8,4,188,188,192.0,192.0,134.4756622314453,134.34616088867188,0.1295013427734375
ns_lion_650,resnet50_tl_20250829,8,4,188,192,192.0,196.0,134.4756622314453,134.41244506835938,0.0632171630859375
ns_lion_650,resnet50_tl_20250829,8,4,188,196,192.0,200.0,134.4756622314453,134.3730926513672,0.102569580078125
ns_lion_650,resnet50_tl_20250829,8,4,188,200,192.0,204.0,134.4756622314453,134.47518920898438,0.0004730224609375
ns_lion_650,resnet50_tl_20250829,8,4,188,204,192.0,208.0,134.4756622314453,134.50599670410156,-0.03033447265625
ns_lion_650,resnet50_tl_20250829,8,4,188,208,192.0,212.0,134.4756622314453,134.5281524658203,-0.052490234375
ns_lion_650,resnet50_tl_20250829,8,4,188,212,192.0,216.0,134.4756622314453,134.47589111328125,-0.0002288818359375
ns_lion_650,resnet50_tl_20250829,8,4,188,216,192.0,220.0,134.4756622314453,134.47207641601562,0.0035858154296875
ns_lion_650,resnet50_tl_20250829,8,4,192,0,196.0,4.0,134.4756622314453,134.19155883789062,0.2841033935546875
ns_lion_650,resnet50_tl_20250829,8,4,192,4,196.0,8.0,134.4756622314453,134.2492218017578,0.2264404296875
ns_lion_650,resnet50_tl_20250829,8,4,192,8,196.0,12.0,134.4756622314453,134.40602111816406,0.06964111328125
ns_lion_650,resnet50_tl_20250829,8,4,192,12,196.0,16.0,134.4756622314453,133.81259155273438,0.6630706787109375
ns_lion_650,resnet50_tl_20250829,8,4,192,16,196.0,20.0,134.4756622314453,133.9890899658203,0.486572265625
ns_lion_650,resnet50_tl_20250829,8,4,192,20,196.0,24.0,134.4756622314453,134.33740234375,0.1382598876953125
ns_lion_650,resnet50_tl_20250829,8,4,192,24,196.0,28.0,134.4756622314453,134.32553100585938,0.1501312255859375
ns_lion_650,resnet50_tl_20250829,8,4,192,28,196.0,32.0,134.4756622314453,133.8048858642578,0.6707763671875
ns_lion_650,resnet50_tl_20250829,8,4,192,32,196.0,36.0,134.4756622314453,133.81231689453125,0.6633453369140625
ns_lion_650,resnet50_tl_20250829,8,4,192,36,196.0,40.0,134.4756622314453,134.23663330078125,0.2390289306640625
ns_lion_650,resnet50_tl_20250829,8,4,192,40,196.0,44.0,134.4756622314453,134.45220947265625,0.0234527587890625
ns_lion_650,resnet50_tl_20250829,8,4,192,44,196.0,48.0,134.4756622314453,134.1567840576172,0.318878173828125
ns_lion_650,resnet50_tl_20250829,8,4,192,48,196.0,52.0,134.4756622314453,133.83584594726562,0.6398162841796875
ns_lion_650,resnet50_tl_20250829,8,4,192,52,196.0,56.0,134.4756622314453,133.8385772705078,0.6370849609375
ns_lion_650,resnet50_tl_20250829,8,4,192,56,196.0,60.0,134.4756622314453,134.00819396972656,0.46746826171875
ns_lion_650,resnet50_tl_20250829,8,4,192,60,196.0,64.0,134.4756622314453,133.98001098632812,0.4956512451171875
ns_lion_650,resnet50_tl_20250829,8,4,192,64,196.0,68.0,134.4756622314453,133.9698486328125,0.5058135986328125
ns_lion_650,resnet50_tl_20250829,8,4,192,68,196.0,72.0,134.4756622314453,133.95138549804688,0.5242767333984375
ns_lion_650,resnet50_tl_20250829,8,4,192,72,196.0,76.0,134.4756622314453,134.0966033935547,0.379058837890625
ns_lion_650,resnet50_tl_20250829,8,4,192,76,196.0,80.0,134.4756622314453,133.91342163085938,0.5622406005859375
ns_lion_650,resnet50_tl_20250829,8,4,192,80,196.0,84.0,134.4756622314453,133.96560668945312,0.5100555419921875
ns_lion_650,resnet50_tl_20250829,8,4,192,84,196.0,88.0,134.4756622314453,134.29788208007812,0.1777801513671875
ns_lion_650,resnet50_tl_20250829,8,4,192,88,196.0,92.0,134.4756622314453,134.44769287109375,0.0279693603515625
ns_lion_650,resnet50_tl_20250829,8,4,192,92,196.0,96.0,134.4756622314453,133.99868774414062,0.4769744873046875
ns_lion_650,resnet50_tl_20250829,8,4,192,96,196.0,100.0,134.4756622314453,134.0119171142578,0.4637451171875
ns_lion_650,resnet50_tl_20250829,8,4,192,100,196.0,104.0,134.4756622314453,134.16041564941406,0.31524658203125
ns_lion_650,resnet50_tl_20250829,8,4,192,104,196.0,108.0,134.4756622314453,134.31588745117188,0.1597747802734375
ns_lion_650,resnet50_tl_20250829,8,4,192,108,196.0,112.0,134.4756622314453,133.9551239013672,0.520538330078125
ns_lion_650,resnet50_tl_20250829,8,4,192,112,196.0,116.0,134.4756622314453,134.03797912597656,0.43768310546875
ns_lion_650,resnet50_tl_20250829,8,4,192,116,196.0,120.0,134.4756622314453,134.36305236816406,0.11260986328125
ns_lion_650,resnet50_tl_20250829,8,4,192,120,196.0,124.0,134.4756622314453,134.23568725585938,0.2399749755859375
ns_lion_650,resnet50_tl_20250829,8,4,192,124,196.0,128.0,134.4756622314453,134.01556396484375,0.4600982666015625
ns_lion_650,resnet50_tl_20250829,8,4,192,128,196.0,132.0,134.4756622314453,133.98312377929688,0.4925384521484375
ns_lion_650,resnet50_tl_20250829,8,4,192,132,196.0,136.0,134.4756622314453,134.34832763671875,0.1273345947265625
ns_lion_650,resnet50_tl_20250829,8,4,192,136,196.0,140.0,134.4756622314453,134.39817810058594,0.077484130859375
ns_lion_650,resnet50_tl_20250829,8,4,192,140,196.0,144.0,134.4756622314453,134.29029846191406,0.18536376953125
ns_lion_650,resnet50_tl_20250829,8,4,192,144,196.0,148.0,134.4756622314453,134.2130126953125,0.2626495361328125
ns_lion_650,resnet50_tl_20250829,8,4,192,148,196.0,152.0,134.4756622314453,134.19322204589844,0.282440185546875
ns_lion_650,resnet50_tl_20250829,8,4,192,152,196.0,156.0,134.4756622314453,134.21070861816406,0.26495361328125
ns_lion_650,resnet50_tl_20250829,8,4,192,156,196.0,160.0,134.4756622314453,134.13026428222656,0.34539794921875
ns_lion_650,resnet50_tl_20250829,8,4,192,160,196.0,164.0,134.4756622314453,134.235595703125,0.2400665283203125
ns_lion_650,resnet50_tl_20250829,8,4,192,164,196.0,168.0,134.4756622314453,134.1454620361328,0.3302001953125
ns_lion_650,resnet50_tl_20250829,8,4,192,168,196.0,172.0,134.4756622314453,134.30172729492188,0.1739349365234375
ns_lion_650,resnet50_tl_20250829,8,4,192,172,196.0,176.0,134.4756622314453,134.31072998046875,0.1649322509765625
ns_lion_650,resnet50_tl_20250829,8,4,192,176,196.0,180.0,134.4756622314453,134.35171508789062,0.1239471435546875
ns_lion_650,resnet50_tl_20250829,8,4,192,180,196.0,184.0,134.4756622314453,134.37294006347656,0.10272216796875
ns_lion_650,resnet50_tl_20250829,8,4,192,184,196.0,188.0,134.4756622314453,134.518798828125,-0.0431365966796875
ns_lion_650,resnet50_tl_20250829,8,4,192,188,196.0,192.0,134.4756622314453,134.4233856201172,0.052276611328125
ns_lion_650,resnet50_tl_20250829,8,4,192,192,196.0,196.0,134.4756622314453,134.46717834472656,0.00848388671875
ns_lion_650,resnet50_tl_20250829,8,4,192,196,196.0,200.0,134.4756622314453,134.45529174804688,0.0203704833984375
ns_lion_650,resnet50_tl_20250829,8,4,192,200,196.0,204.0,134.4756622314453,134.4965057373047,-0.020843505859375
ns_lion_650,resnet50_tl_20250829,8,4,192,204,196.0,208.0,134.4756622314453,134.5059356689453,-0.0302734375
ns_lion_650,resnet50_tl_20250829,8,4,192,208,196.0,212.0,134.4756622314453,134.52650451660156,-0.05084228515625
ns_lion_650,resnet50_tl_20250829,8,4,192,212,196.0,216.0,134.4756622314453,134.4911651611328,-0.0155029296875
ns_lion_650,resnet50_tl_20250829,8,4,192,216,196.0,220.0,134.4756622314453,134.49874877929688,-0.0230865478515625
ns_lion_650,resnet50_tl_20250829,8,4,196,0,200.0,4.0,134.4756622314453,134.33546447753906,0.14019775390625
ns_lion_650,resnet50_tl_20250829,8,4,196,4,200.0,8.0,134.4756622314453,134.48789978027344,-0.012237548828125
ns_lion_650,resnet50_tl_20250829,8,4,196,8,200.0,12.0,134.4756622314453,134.56906127929688,-0.0933990478515625
ns_lion_650,resnet50_tl_20250829,8,4,196,12,200.0,16.0,134.4756622314453,134.41574096679688,0.0599212646484375
ns_lion_650,resnet50_tl_20250829,8,4,196,16,200.0,20.0,134.4756622314453,134.24417114257812,0.2314910888671875
ns_lion_650,resnet50_tl_20250829,8,4,196,20,200.0,24.0,134.4756622314453,134.32861328125,0.1470489501953125
ns_lion_650,resnet50_tl_20250829,8,4,196,24,200.0,28.0,134.4756622314453,134.4254150390625,0.0502471923828125
ns_lion_650,resnet50_tl_20250829,8,4,196,28,200.0,32.0,134.4756622314453,134.1092071533203,0.366455078125
ns_lion_650,resnet50_tl_20250829,8,4,196,32,200.0,36.0,134.4756622314453,134.24075317382812,0.2349090576171875
ns_lion_650,resnet50_tl_20250829,8,4,196,36,200.0,40.0,134.4756622314453,134.4733123779297,0.002349853515625
ns_lion_650,resnet50_tl_20250829,8,4,196,40,200.0,44.0,134.4756622314453,134.51710510253906,-0.04144287109375
ns_lion_650,resnet50_tl_20250829,8,4,196,44,200.0,48.0,134.4756622314453,134.42605590820312,0.0496063232421875
ns_lion_650,resnet50_tl_20250829,8,4,196,48,200.0,52.0,134.4756622314453,134.1915740966797,0.284088134765625
ns_lion_650,resnet50_tl_20250829,8,4,196,52,200.0,56.0,134.4756622314453,134.1385498046875,0.3371124267578125
ns_lion_650,resnet50_tl_20250829,8,4,196,56,200.0,60.0,134.4756622314453,134.12701416015625,0.3486480712890625
ns_lion_650,resnet50_tl_20250829,8,4,196,60,200.0,64.0,134.4756622314453,134.02857971191406,0.44708251953125
ns_lion_650,resnet50_tl_20250829,8,4,196,64,200.0,68.0,134.4756622314453,134.03294372558594,0.442718505859375
ns_lion_650,resnet50_tl_20250829,8,4,196,68,200.0,72.0,134.4756622314453,134.0985107421875,0.3771514892578125
ns_lion_650,resnet50_tl_20250829,8,4,196,72,200.0,76.0,134.4756622314453,134.28814697265625,0.1875152587890625
ns_lion_650,resnet50_tl_20250829,8,4,196,76,200.0,80.0,134.4756622314453,134.3258819580078,0.1497802734375
ns_lion_650,resnet50_tl_20250829,8,4,196,80,200.0,84.0,134.4756622314453,134.32351684570312,0.1521453857421875
ns_lion_650,resnet50_tl_20250829,8,4,196,84,200.0,88.0,134.4756622314453,134.49932861328125,-0.0236663818359375
ns_lion_650,resnet50_tl_20250829,8,4,196,88,200.0,92.0,134.4756622314453,134.4886474609375,-0.0129852294921875
ns_lion_650,resnet50_tl_20250829,8,4,196,92,200.0,96.0,134.4756622314453,134.38998413085938,0.0856781005859375
ns_lion_650,resnet50_tl_20250829,8,4,196,96,200.0,100.0,134.4756622314453,134.39608764648438,0.0795745849609375
ns_lion_650,resnet50_tl_20250829,8,4,196,100,200.0,104.0,134.4756622314453,134.43699645996094,0.038665771484375
ns_lion_650,resnet50_tl_20250829,8,4,196,104,200.0,108.0,134.4756622314453,134.4721221923828,0.0035400390625
ns_lion_650,resnet50_tl_20250829,8,4,196,108,200.0,112.0,134.4756622314453,134.43484497070312,0.0408172607421875
ns_lion_650,resnet50_tl_20250829,8,4,196,112,200.0,116.0,134.4756622314453,134.37295532226562,0.1027069091796875
ns_lion_650,resnet50_tl_20250829,8,4,196,116,200.0,120.0,134.4756622314453,134.40609741210938,0.0695648193359375
ns_lion_650,resnet50_tl_20250829,8,4,196,120,200.0,124.0,134.4756622314453,134.36505126953125,0.1106109619140625
ns_lion_650,resnet50_tl_20250829,8,4,196,124,200.0,128.0,134.4756622314453,134.158203125,0.3174591064453125
ns_lion_650,resnet50_tl_20250829,8,4,196,128,200.0,132.0,134.4756622314453,134.18772888183594,0.287933349609375
ns_lion_650,resnet50_tl_20250829,8,4,196,132,200.0,136.0,134.4756622314453,134.4862060546875,-0.0105438232421875
ns_lion_650,resnet50_tl_20250829,8,4,196,136,200.0,140.0,134.4756622314453,134.40628051757812,0.0693817138671875
ns_lion_650,resnet50_tl_20250829,8,4,196,140,200.0,144.0,134.4756622314453,134.40733337402344,0.068328857421875
ns_lion_650,resnet50_tl_20250829,8,4,196,144,200.0,148.0,134.4756622314453,134.27537536621094,0.200286865234375
ns_lion_650,resnet50_tl_20250829,8,4,196,148,200.0,152.0,134.4756622314453,134.18963623046875,0.2860260009765625
ns_lion_650,resnet50_tl_20250829,8,4,196,152,200.0,156.0,134.4756622314453,134.10986328125,0.3657989501953125
ns_lion_650,resnet50_tl_20250829,8,4,196,156,200.0,160.0,134.4756622314453,134.18560791015625,0.2900543212890625
ns_lion_650,resnet50_tl_20250829,8,4,196,160,200.0,164.0,134.4756622314453,134.19557189941406,0.28009033203125
ns_lion_650,resnet50_tl_20250829,8,4,196,164,200.0,168.0,134.4756622314453,134.28533935546875,0.1903228759765625
ns_lion_650,resnet50_tl_20250829,8,4,196,168,200.0,172.0,134.4756622314453,134.42984008789062,0.0458221435546875
ns_lion_650,resnet50_tl_20250829,8,4,196,172,200.0,176.0,134.4756622314453,134.43173217773438,0.0439300537109375
ns_lion_650,resnet50_tl_20250829,8,4,196,176,200.0,180.0,134.4756622314453,134.51368713378906,-0.03802490234375
ns_lion_650,resnet50_tl_20250829,8,4,196,180,200.0,184.0,134.4756622314453,134.48524475097656,-0.00958251953125
ns_lion_650,resnet50_tl_20250829,8,4,196,184,200.0,188.0,134.4756622314453,134.5528106689453,-0.0771484375
ns_lion_650,resnet50_tl_20250829,8,4,196,188,200.0,192.0,134.4756622314453,134.4818115234375,-0.0061492919921875
ns_lion_650,resnet50_tl_20250829,8,4,196,192,200.0,196.0,134.4756622314453,134.5532684326172,-0.077606201171875
ns_lion_650,resnet50_tl_20250829,8,4,196,196,200.0,200.0,134.4756622314453,134.47994995117188,-0.0042877197265625
ns_lion_650,resnet50_tl_20250829,8,4,196,200,200.0,204.0,134.4756622314453,134.51451110839844,-0.038848876953125
ns_lion_650,resnet50_tl_20250829,8,4,196,204,200.0,208.0,134.4756622314453,134.46783447265625,0.0078277587890625
ns_lion_650,resnet50_tl_20250829,8,4,196,208,200.0,212.0,134.4756622314453,134.50900268554688,-0.0333404541015625
ns_lion_650,resnet50_tl_20250829,8,4,196,212,200.0,216.0,134.4756622314453,134.49794006347656,-0.02227783203125
ns_lion_650,resnet50_tl_20250829,8,4,196,216,200.0,220.0,134.4756622314453,134.4917755126953,-0.01611328125
ns_lion_650,resnet50_tl_20250829,8,4,200,0,204.0,4.0,134.4756622314453,134.39613342285156,0.07952880859375
ns_lion_650,resnet50_tl_20250829,8,4,200,4,204.0,8.0,134.4756622314453,134.45706176757812,0.0186004638671875
ns_lion_650,resnet50_tl_20250829,8,4,200,8,204.0,12.0,134.4756622314453,134.4763641357422,-0.000701904296875
ns_lion_650,resnet50_tl_20250829,8,4,200,12,204.0,16.0,134.4756622314453,134.3437042236328,0.1319580078125
ns_lion_650,resnet50_tl_20250829,8,4,200,16,204.0,20.0,134.4756622314453,134.2781982421875,0.1974639892578125
ns_lion_650,resnet50_tl_20250829,8,4,200,20,204.0,24.0,134.4756622314453,134.3285369873047,0.147125244140625
ns_lion_650,resnet50_tl_20250829,8,4,200,24,204.0,28.0,134.4756622314453,134.51918029785156,-0.04351806640625
ns_lion_650,resnet50_tl_20250829,8,4,200,28,204.0,32.0,134.4756622314453,134.17950439453125,0.2961578369140625
ns_lion_650,resnet50_tl_20250829,8,4,200,32,204.0,36.0,134.4756622314453,134.19818115234375,0.2774810791015625
ns_lion_650,resnet50_tl_20250829,8,4,200,36,204.0,40.0,134.4756622314453,134.3694610595703,0.106201171875
ns_lion_650,resnet50_tl_20250829,8,4,200,40,204.0,44.0,134.4756622314453,134.51858520507812,-0.0429229736328125
ns_lion_650,resnet50_tl_20250829,8,4,200,44,204.0,48.0,134.4756622314453,134.2406768798828,0.2349853515625
ns_lion_650,resnet50_tl_20250829,8,4,200,48,204.0,52.0,134.4756622314453,134.06787109375,0.4077911376953125
ns_lion_650,resnet50_tl_20250829,8,4,200,52,204.0,56.0,134.4756622314453,134.2252197265625,0.2504425048828125
ns_lion_650,resnet50_tl_20250829,8,4,200,56,204.0,60.0,134.4756622314453,134.20916748046875,0.2664947509765625
ns_lion_650,resnet50_tl_20250829,8,4,200,60,204.0,64.0,134.4756622314453,134.17794799804688,0.2977142333984375
ns_lion_650,resnet50_tl_20250829,8,4,200,64,204.0,68.0,134.4756622314453,134.107666015625,0.3679962158203125
ns_lion_650,resnet50_tl_20250829,8,4,200,68,204.0,72.0,134.4756622314453,134.1250762939453,0.3505859375
ns_lion_650,resnet50_tl_20250829,8,4,200,72,204.0,76.0,134.4756622314453,134.2564239501953,0.21923828125
ns_lion_650,resnet50_tl_20250829,8,4,200,76,204.0,80.0,134.4756622314453,134.10386657714844,0.371795654296875
ns_lion_650,resnet50_tl_20250829,8,4,200,80,204.0,84.0,134.4756622314453,134.16171264648438,0.3139495849609375
ns_lion_650,resnet50_tl_20250829,8,4,200,84,204.0,88.0,134.4756622314453,134.35086059570312,0.1248016357421875
ns_lion_650,resnet50_tl_20250829,8,4,200,88,204.0,92.0,134.4756622314453,134.44505310058594,0.030609130859375
ns_lion_650,resnet50_tl_20250829,8,4,200,92,204.0,96.0,134.4756622314453,134.2392120361328,0.2364501953125
ns_lion_650,resnet50_tl_20250829,8,4,200,96,204.0,100.0,134.4756622314453,134.27566528320312,0.1999969482421875
ns_lion_650,resnet50_tl_20250829,8,4,200,100,204.0,104.0,134.4756622314453,134.36131286621094,0.114349365234375
ns_lion_650,resnet50_tl_20250829,8,4,200,104,204.0,108.0,134.4756622314453,134.5005645751953,-0.02490234375
ns_lion_650,resnet50_tl_20250829,8,4,200,108,204.0,112.0,134.4756622314453,134.36932373046875,0.1063385009765625
ns_lion_650,resnet50_tl_20250829,8,4,200,112,204.0,116.0,134.4756622314453,134.44371032714844,0.031951904296875
ns_lion_650,resnet50_tl_20250829,8,4,200,116,204.0,120.0,134.4756622314453,134.516845703125,-0.0411834716796875
ns_lion_650,resnet50_tl_20250829,8,4,200,120,204.0,124.0,134.4756622314453,134.6023406982422,-0.126678466796875
ns_lion_650,resnet50_tl_20250829,8,4,200,124,204.0,128.0,134.4756622314453,134.40188598632812,0.0737762451171875
ns_lion_650,resnet50_tl_20250829,8,4,200,128,204.0,132.0,134.4756622314453,134.34854125976562,0.1271209716796875
ns_lion_650,resnet50_tl_20250829,8,4,200,132,204.0,136.0,134.4756622314453,134.4502410888672,0.025421142578125
ns_lion_650,resnet50_tl_20250829,8,4,200,136,204.0,140.0,134.4756622314453,134.4781951904297,-0.002532958984375
ns_lion_650,resnet50_tl_20250829,8,4,200,140,204.0,144.0,134.4756622314453,134.4057159423828,0.0699462890625
ns_lion_650,resnet50_tl_20250829,8,4,200,144,204.0,148.0,134.4756622314453,134.22296142578125,0.2527008056640625
ns_lion_650,resnet50_tl_20250829,8,4,200,148,204.0,152.0,134.4756622314453,134.27615356445312,0.1995086669921875
ns_lion_650,resnet50_tl_20250829,8,4,200,152,204.0,156.0,134.4756622314453,134.28509521484375,0.1905670166015625
ns_lion_650,resnet50_tl_20250829,8,4,200,156,204.0,160.0,134.4756622314453,134.3350830078125,0.1405792236328125
ns_lion_650,resnet50_tl_20250829,8,4,200,160,204.0,164.0,134.4756622314453,134.29547119140625,0.1801910400390625
ns_lion_650,resnet50_tl_20250829,8,4,200,164,204.0,168.0,134.4756622314453,134.31961059570312,0.1560516357421875
ns_lion_650,resnet50_tl_20250829,8,4,200,168,204.0,172.0,134.4756622314453,134.48037719726562,-0.0047149658203125
ns_lion_650,resnet50_tl_20250829,8,4,200,172,204.0,176.0,134.4756622314453,134.38864135742188,0.0870208740234375
ns_lion_650,resnet50_tl_20250829,8,4,200,176,204.0,180.0,134.4756622314453,134.441162109375,0.0345001220703125
ns_lion_650,resnet50_tl_20250829,8,4,200,180,204.0,184.0,134.4756622314453,134.45555114746094,0.020111083984375
ns_lion_650,resnet50_tl_20250829,8,4,200,184,204.0,188.0,134.4756622314453,134.5504608154297,-0.074798583984375
ns_lion_650,resnet50_tl_20250829,8,4,200,188,204.0,192.0,134.4756622314453,134.4432830810547,0.032379150390625
ns_lion_650,resnet50_tl_20250829,8,4,200,192,204.0,196.0,134.4756622314453,134.50498962402344,-0.029327392578125
ns_lion_650,resnet50_tl_20250829,8,4,200,196,204.0,200.0,134.4756622314453,134.48683166503906,-0.01116943359375
ns_lion_650,resnet50_tl_20250829,8,4,200,200,204.0,204.0,134.4756622314453,134.5235137939453,-0.0478515625
ns_lion_650,resnet50_tl_20250829,8,4,200,204,204.0,208.0,134.4756622314453,134.4777069091797,-0.002044677734375
ns_lion_650,resnet50_tl_20250829,8,4,200,208,204.0,212.0,134.4756622314453,134.49331665039062,-0.0176544189453125
ns_lion_650,resnet50_tl_20250829,8,4,200,212,204.0,216.0,134.4756622314453,134.4883575439453,-0.0126953125
ns_lion_650,resnet50_tl_20250829,8,4,200,216,204.0,220.0,134.4756622314453,134.49281311035156,-0.01715087890625
ns_lion_650,resnet50_tl_20250829,8,4,204,0,208.0,4.0,134.4756622314453,134.29159545898438,0.1840667724609375
ns_lion_650,resnet50_tl_20250829,8,4,204,4,208.0,8.0,134.4756622314453,134.49842834472656,-0.02276611328125
ns_lion_650,resnet50_tl_20250829,8,4,204,8,208.0,12.0,134.4756622314453,134.3826904296875,0.0929718017578125
ns_lion_650,resnet50_tl_20250829,8,4,204,12,208.0,16.0,134.4756622314453,134.31785583496094,0.157806396484375
ns_lion_650,resnet50_tl_20250829,8,4,204,16,208.0,20.0,134.4756622314453,134.25794982910156,0.21771240234375
ns_lion_650,resnet50_tl_20250829,8,4,204,20,208.0,24.0,134.4756622314453,134.45687866210938,0.0187835693359375
ns_lion_650,resnet50_tl_20250829,8,4,204,24,208.0,28.0,134.4756622314453,134.420166015625,0.0554962158203125
ns_lion_650,resnet50_tl_20250829,8,4,204,28,208.0,32.0,134.4756622314453,134.02418518066406,0.45147705078125
ns_lion_650,resnet50_tl_20250829,8,4,204,32,208.0,36.0,134.4756622314453,134.0801239013672,0.395538330078125
ns_lion_650,resnet50_tl_20250829,8,4,204,36,208.0,40.0,134.4756622314453,134.3353271484375,0.1403350830078125
ns_lion_650,resnet50_tl_20250829,8,4,204,40,208.0,44.0,134.4756622314453,134.50436401367188,-0.0287017822265625
ns_lion_650,resnet50_tl_20250829,8,4,204,44,208.0,48.0,134.4756622314453,134.07962036132812,0.3960418701171875
ns_lion_650,resnet50_tl_20250829,8,4,204,48,208.0,52.0,134.4756622314453,134.2013397216797,0.274322509765625
ns_lion_650,resnet50_tl_20250829,8,4,204,52,208.0,56.0,134.4756622314453,134.37059020996094,0.105072021484375
ns_lion_650,resnet50_tl_20250829,8,4,204,56,208.0,60.0,134.4756622314453,134.35113525390625,0.1245269775390625
ns_lion_650,resnet50_tl_20250829,8,4,204,60,208.0,64.0,134.4756622314453,134.1748504638672,0.300811767578125
ns_lion_650,resnet50_tl_20250829,8,4,204,64,208.0,68.0,134.4756622314453,134.1663055419922,0.309356689453125
ns_lion_650,resnet50_tl_20250829,8,4,204,68,208.0,72.0,134.4756622314453,134.337646484375,0.1380157470703125
ns_lion_650,resnet50_tl_20250829,8,4,204,72,208.0,76.0,134.4756622314453,134.3509521484375,0.1247100830078125
ns_lion_650,resnet50_tl_20250829,8,4,204,76,208.0,80.0,134.4756622314453,134.0194549560547,0.456207275390625
ns_lion_650,resnet50_tl_20250829,8,4,204,80,208.0,84.0,134.4756622314453,134.02874755859375,0.4469146728515625
ns_lion_650,resnet50_tl_20250829,8,4,204,84,208.0,88.0,134.4756622314453,134.3748321533203,0.100830078125
ns_lion_650,resnet50_tl_20250829,8,4,204,88,208.0,92.0,134.4756622314453,134.52023315429688,-0.0445709228515625
ns_lion_650,resnet50_tl_20250829,8,4,204,92,208.0,96.0,134.4756622314453,134.03640747070312,0.4392547607421875
ns_lion_650,resnet50_tl_20250829,8,4,204,96,208.0,100.0,134.4756622314453,134.09169006347656,0.38397216796875
ns_lion_650,resnet50_tl_20250829,8,4,204,100,208.0,104.0,134.4756622314453,134.40020751953125,0.0754547119140625
ns_lion_650,resnet50_tl_20250829,8,4,204,104,208.0,108.0,134.4756622314453,134.5877685546875,-0.1121063232421875
ns_lion_650,resnet50_tl_20250829,8,4,204,108,208.0,112.0,134.4756622314453,134.240478515625,0.2351837158203125
ns_lion_650,resnet50_tl_20250829,8,4,204,112,208.0,116.0,134.4756622314453,134.28160095214844,0.194061279296875
ns_lion_650,resnet50_tl_20250829,8,4,204,116,208.0,120.0,134.4756622314453,134.55470275878906,-0.07904052734375
ns_lion_650,resnet50_tl_20250829,8,4,204,120,208.0,124.0,134.4756622314453,134.60169982910156,-0.12603759765625
ns_lion_650,resnet50_tl_20250829,8,4,204,124,208.0,128.0,134.4756622314453,134.17616271972656,0.29949951171875
ns_lion_650,resnet50_tl_20250829,8,4,204,128,208.0,132.0,134.4756622314453,134.15382385253906,0.32183837890625
ns_lion_650,resnet50_tl_20250829,8,4,204,132,208.0,136.0,134.4756622314453,134.44631958007812,0.0293426513671875
ns_lion_650,resnet50_tl_20250829,8,4,204,136,208.0,140.0,134.4756622314453,134.5347900390625,-0.0591278076171875
ns_lion_650,resnet50_tl_20250829,8,4,204,140,208.0,144.0,134.4756622314453,134.25161743164062,0.2240447998046875
ns_lion_650,resnet50_tl_20250829,8,4,204,144,208.0,148.0,134.4756622314453,134.24102783203125,0.2346343994140625
ns_lion_650,resnet50_tl_20250829,8,4,204,148,208.0,152.0,134.4756622314453,134.5394744873047,-0.063812255859375
ns_lion_650,resnet50_tl_20250829,8,4,204,152,208.0,156.0,134.4756622314453,134.58030700683594,-0.104644775390625
ns_lion_650,resnet50_tl_20250829,8,4,204,156,208.0,160.0,134.4756622314453,134.2471923828125,0.2284698486328125
ns_lion_650,resnet50_tl_20250829,8,4,204,160,208.0,164.0,134.4756622314453,134.2526397705078,0.2230224609375
ns_lion_650,resnet50_tl_20250829,8,4,204,164,208.0,168.0,134.4756622314453,134.44134521484375,0.0343170166015625
ns_lion_650,resnet50_tl_20250829,8,4,204,168,208.0,172.0,134.4756622314453,134.56700134277344,-0.091339111328125
ns_lion_650,resnet50_tl_20250829,8,4,204,172,208.0,176.0,134.4756622314453,134.30221557617188,0.1734466552734375
ns_lion_650,resnet50_tl_20250829,8,4,204,176,208.0,180.0,134.4756622314453,134.3574676513672,0.118194580078125
ns_lion_650,resnet50_tl_20250829,8,4,204,180,208.0,184.0,134.4756622314453,134.45724487304688,0.0184173583984375
ns_lion_650,resnet50_tl_20250829,8,4,204,184,208.0,188.0,134.4756622314453,134.56689453125,-0.0912322998046875
ns_lion_650,resnet50_tl_20250829,8,4,204,188,208.0,192.0,134.4756622314453,134.30201721191406,0.17364501953125
ns_lion_650,resnet50_tl_20250829,8,4,204,192,208.0,196.0,134.4756622314453,134.36045837402344,0.115203857421875
ns_lion_650,resnet50_tl_20250829,8,4,204,196,208.0,200.0,134.4756622314453,134.42193603515625,0.0537261962890625
ns_lion_650,resnet50_tl_20250829,8,4,204,200,208.0,204.0,134.4756622314453,134.49484252929688,-0.0191802978515625
ns_lion_650,resnet50_tl_20250829,8,4,204,204,208.0,208.0,134.4756622314453,134.43621826171875,0.0394439697265625
ns_lion_650,resnet50_tl_20250829,8,4,204,208,208.0,212.0,134.4756622314453,134.46090698242188,0.0147552490234375
ns_lion_650,resnet50_tl_20250829,8,4,204,212,208.0,216.0,134.4756622314453,134.46836853027344,0.007293701171875
ns_lion_650,resnet50_tl_20250829,8,4,204,216,208.0,220.0,134.4756622314453,134.47654724121094,-0.000885009765625
ns_lion_650,resnet50_tl_20250829,8,4,208,0,212.0,4.0,134.4756622314453,134.2883758544922,0.187286376953125
ns_lion_650,resnet50_tl_20250829,8,4,208,4,212.0,8.0,134.4756622314453,134.4383087158203,0.037353515625
ns_lion_650,resnet50_tl_20250829,8,4,208,8,212.0,12.0,134.4756622314453,134.4556884765625,0.0199737548828125
ns_lion_650,resnet50_tl_20250829,8,4,208,12,212.0,16.0,134.4756622314453,134.26046752929688,0.2151947021484375
ns_lion_650,resnet50_tl_20250829,8,4,208,16,212.0,20.0,134.4756622314453,134.18954467773438,0.2861175537109375
ns_lion_650,resnet50_tl_20250829,8,4,208,20,212.0,24.0,134.4756622314453,134.49749755859375,-0.0218353271484375
ns_lion_650,resnet50_tl_20250829,8,4,208,24,212.0,28.0,134.4756622314453,134.51353454589844,-0.037872314453125
ns_lion_650,resnet50_tl_20250829,8,4,208,28,212.0,32.0,134.4756622314453,134.19558715820312,0.2800750732421875
ns_lion_650,resnet50_tl_20250829,8,4,208,32,212.0,36.0,134.4756622314453,134.2215118408203,0.254150390625
ns_lion_650,resnet50_tl_20250829,8,4,208,36,212.0,40.0,134.4756622314453,134.39459228515625,0.0810699462890625
ns_lion_650,resnet50_tl_20250829,8,4,208,40,212.0,44.0,134.4756622314453,134.56253051757812,-0.0868682861328125
ns_lion_650,resnet50_tl_20250829,8,4,208,44,212.0,48.0,134.4756622314453,134.35366821289062,0.1219940185546875
ns_lion_650,resnet50_tl_20250829,8,4,208,48,212.0,52.0,134.4756622314453,134.20294189453125,0.2727203369140625
ns_lion_650,resnet50_tl_20250829,8,4,208,52,212.0,56.0,134.4756622314453,134.31298828125,0.1626739501953125
ns_lion_650,resnet50_tl_20250829,8,4,208,56,212.0,60.0,134.4756622314453,134.3163299560547,0.159332275390625
ns_lion_650,resnet50_tl_20250829,8,4,208,60,212.0,64.0,134.4756622314453,134.16665649414062,0.3090057373046875
ns_lion_650,resnet50_tl_20250829,8,4,208,64,212.0,68.0,134.4756622314453,134.18641662597656,0.28924560546875
ns_lion_650,resnet50_tl_20250829,8,4,208,68,212.0,72.0,134.4756622314453,134.33250427246094,0.143157958984375
ns_lion_650,resnet50_tl_20250829,8,4,208,72,212.0,76.0,134.4756622314453,134.41311645507812,0.0625457763671875
ns_lion_650,resnet50_tl_20250829,8,4,208,76,212.0,80.0,134.4756622314453,134.16592407226562,0.3097381591796875
ns_lion_650,resnet50_tl_20250829,8,4,208,80,212.0,84.0,134.4756622314453,134.1651611328125,0.3105010986328125
ns_lion_650,resnet50_tl_20250829,8,4,208,84,212.0,88.0,134.4756622314453,134.36570739746094,0.109954833984375
ns_lion_650,resnet50_tl_20250829,8,4,208,88,212.0,92.0,134.4756622314453,134.53680419921875,-0.0611419677734375
ns_lion_650,resnet50_tl_20250829,8,4,208,92,212.0,96.0,134.4756622314453,134.14663696289062,0.3290252685546875
ns_lion_650,resnet50_tl_20250829,8,4,208,96,212.0,100.0,134.4756622314453,134.20040893554688,0.2752532958984375
ns_lion_650,resnet50_tl_20250829,8,4,208,100,212.0,104.0,134.4756622314453,134.4062042236328,0.0694580078125
ns_lion_650,resnet50_tl_20250829,8,4,208,104,212.0,108.0,134.4756622314453,134.58438110351562,-0.1087188720703125
ns_lion_650,resnet50_tl_20250829,8,4,208,108,212.0,112.0,134.4756622314453,134.29640197753906,0.17926025390625
ns_lion_650,resnet50_tl_20250829,8,4,208,112,212.0,116.0,134.4756622314453,134.37728881835938,0.0983734130859375
ns_lion_650,resnet50_tl_20250829,8,4,208,116,212.0,120.0,134.4756622314453,134.50572204589844,-0.030059814453125
ns_lion_650,resnet50_tl_20250829,8,4,208,120,212.0,124.0,134.4756622314453,134.60720825195312,-0.1315460205078125
ns_lion_650,resnet50_tl_20250829,8,4,208,124,212.0,128.0,134.4756622314453,134.2459259033203,0.229736328125
ns_lion_650,resnet50_tl_20250829,8,4,208,128,212.0,132.0,134.4756622314453,134.255859375,0.2198028564453125
ns_lion_650,resnet50_tl_20250829,8,4,208,132,212.0,136.0,134.4756622314453,134.46688842773438,0.0087738037109375
ns_lion_650,resnet50_tl_20250829,8,4,208,136,212.0,140.0,134.4756622314453,134.548583984375,-0.0729217529296875
ns_lion_650,resnet50_tl_20250829,8,4,208,140,212.0,144.0,134.4756622314453,134.29620361328125,0.1794586181640625
ns_lion_650,resnet50_tl_20250829,8,4,208,144,212.0,148.0,134.4756622314453,134.35995483398438,0.1157073974609375
ns_lion_650,resnet50_tl_20250829,8,4,208,148,212.0,152.0,134.4756622314453,134.5274658203125,-0.0518035888671875
ns_lion_650,resnet50_tl_20250829,8,4,208,152,212.0,156.0,134.4756622314453,134.6344757080078,-0.1588134765625
ns_lion_650,resnet50_tl_20250829,8,4,208,156,212.0,160.0,134.4756622314453,134.3660430908203,0.109619140625
ns_lion_650,resnet50_tl_20250829,8,4,208,160,212.0,164.0,134.4756622314453,134.36572265625,0.1099395751953125
ns_lion_650,resnet50_tl_20250829,8,4,208,164,212.0,168.0,134.4756622314453,134.45021057128906,0.02545166015625
ns_lion_650,resnet50_tl_20250829,8,4,208,168,212.0,172.0,134.4756622314453,134.57977294921875,-0.1041107177734375
ns_lion_650,resnet50_tl_20250829,8,4,208,172,212.0,176.0,134.4756622314453,134.38807678222656,0.08758544921875
ns_lion_650,resnet50_tl_20250829,8,4,208,176,212.0,180.0,134.4756622314453,134.4387969970703,0.036865234375
ns_lion_650,resnet50_tl_20250829,8,4,208,180,212.0,184.0,134.4756622314453,134.5049591064453,-0.029296875
ns_lion_650,resnet50_tl_20250829,8,4,208,184,212.0,188.0,134.4756622314453,134.60504150390625,-0.1293792724609375
ns_lion_650,resnet50_tl_20250829,8,4,208,188,212.0,192.0,134.4756622314453,134.40985107421875,0.0658111572265625
ns_lion_650,resnet50_tl_20250829,8,4,208,192,212.0,196.0,134.4756622314453,134.44091796875,0.0347442626953125
ns_lion_650,resnet50_tl_20250829,8,4,208,196,212.0,200.0,134.4756622314453,134.4762725830078,-0.0006103515625
ns_lion_650,resnet50_tl_20250829,8,4,208,200,212.0,204.0,134.4756622314453,134.54071044921875,-0.0650482177734375
ns_lion_650,resnet50_tl_20250829,8,4,208,204,212.0,208.0,134.4756622314453,134.4837188720703,-0.008056640625
ns_lion_650,resnet50_tl_20250829,8,4,208,208,212.0,212.0,134.4756622314453,134.49754333496094,-0.021881103515625
ns_lion_650,resnet50_tl_20250829,8,4,208,212,212.0,216.0,134.4756622314453,134.47994995117188,-0.0042877197265625
ns_lion_650,resnet50_tl_20250829,8,4,208,216,212.0,220.0,134.4756622314453,134.48207092285156,-0.00640869140625
ns_lion_650,resnet50_tl_20250829,8,4,212,0,216.0,4.0,134.4756622314453,134.32704162597656,0.14862060546875
ns_lion_650,resnet50_tl_20250829,8,4,212,4,216.0,8.0,134.4756622314453,134.4341278076172,0.041534423828125
ns_lion_650,resnet50_tl_20250829,8,4,212,8,216.0,12.0,134.4756622314453,134.49752807617188,-0.0218658447265625
ns_lion_650,resnet50_tl_20250829,8,4,212,12,216.0,16.0,134.4756622314453,134.4387969970703,0.036865234375
ns_lion_650,resnet50_tl_20250829,8,4,212,16,216.0,20.0,134.4756622314453,134.37490844726562,0.1007537841796875
ns_lion_650,resnet50_tl_20250829,8,4,212,20,216.0,24.0,134.4756622314453,134.3726806640625,0.1029815673828125
ns_lion_650,resnet50_tl_20250829,8,4,212,24,216.0,28.0,134.4756622314453,134.437744140625,0.0379180908203125
ns_lion_650,resnet50_tl_20250829,8,4,212,28,216.0,32.0,134.4756622314453,134.32061767578125,0.1550445556640625
ns_lion_650,resnet50_tl_20250829,8,4,212,32,216.0,36.0,134.4756622314453,134.41424560546875,0.0614166259765625
ns_lion_650,resnet50_tl_20250829,8,4,212,36,216.0,40.0,134.4756622314453,134.43133544921875,0.0443267822265625
ns_lion_650,resnet50_tl_20250829,8,4,212,40,216.0,44.0,134.4756622314453,134.45436096191406,0.02130126953125
ns_lion_650,resnet50_tl_20250829,8,4,212,44,216.0,48.0,134.4756622314453,134.35617065429688,0.1194915771484375
ns_lion_650,resnet50_tl_20250829,8,4,212,48,216.0,52.0,134.4756622314453,134.29664611816406,0.17901611328125
ns_lion_650,resnet50_tl_20250829,8,4,212,52,216.0,56.0,134.4756622314453,134.25926208496094,0.216400146484375
ns_lion_650,resnet50_tl_20250829,8,4,212,56,216.0,60.0,134.4756622314453,134.2343292236328,0.2413330078125
ns_lion_650,resnet50_tl_20250829,8,4,212,60,216.0,64.0,134.4756622314453,134.2483367919922,0.227325439453125
ns_lion_650,resnet50_tl_20250829,8,4,212,64,216.0,68.0,134.4756622314453,134.1951904296875,0.2804718017578125
ns_lion_650,resnet50_tl_20250829,8,4,212,68,216.0,72.0,134.4756622314453,134.19580078125,0.2798614501953125
ns_lion_650,resnet50_tl_20250829,8,4,212,72,216.0,76.0,134.4756622314453,134.29299926757812,0.1826629638671875
ns_lion_650,resnet50_tl_20250829,8,4,212,76,216.0,80.0,134.4756622314453,134.35614013671875,0.1195220947265625
ns_lion_650,resnet50_tl_20250829,8,4,212,80,216.0,84.0,134.4756622314453,134.3661651611328,0.1094970703125
ns_lion_650,resnet50_tl_20250829,8,4,212,84,216.0,88.0,134.4756622314453,134.35546875,0.1201934814453125
ns_lion_650,resnet50_tl_20250829,8,4,212,88,216.0,92.0,134.4756622314453,134.4839630126953,-0.00830078125
ns_lion_650,resnet50_tl_20250829,8,4,212,92,216.0,96.0,134.4756622314453,134.38658142089844,0.089080810546875
ns_lion_650,resnet50_tl_20250829,8,4,212,96,216.0,100.0,134.4756622314453,134.44772338867188,0.0279388427734375
ns_lion_650,resnet50_tl_20250829,8,4,212,100,216.0,104.0,134.4756622314453,134.4096221923828,0.0660400390625
ns_lion_650,resnet50_tl_20250829,8,4,212,104,216.0,108.0,134.4756622314453,134.48684692382812,-0.0111846923828125
ns_lion_650,resnet50_tl_20250829,8,4,212,108,216.0,112.0,134.4756622314453,134.44175720214844,0.033905029296875
ns_lion_650,resnet50_tl_20250829,8,4,212,112,216.0,116.0,134.4756622314453,134.50999450683594,-0.034332275390625
ns_lion_650,resnet50_tl_20250829,8,4,212,116,216.0,120.0,134.4756622314453,134.47232055664062,0.0033416748046875
ns_lion_650,resnet50_tl_20250829,8,4,212,120,216.0,124.0,134.4756622314453,134.54481506347656,-0.06915283203125
ns_lion_650,resnet50_tl_20250829,8,4,212,124,216.0,128.0,134.4756622314453,134.44851684570312,0.0271453857421875
ns_lion_650,resnet50_tl_20250829,8,4,212,128,216.0,132.0,134.4756622314453,134.48660278320312,-0.0109405517578125
ns_lion_650,resnet50_tl_20250829,8,4,212,132,216.0,136.0,134.4756622314453,134.4356689453125,0.0399932861328125
ns_lion_650,resnet50_tl_20250829,8,4,212,136,216.0,140.0,134.4756622314453,134.4678497314453,0.0078125
ns_lion_650,resnet50_tl_20250829,8,4,212,140,216.0,144.0,134.4756622314453,134.44569396972656,0.02996826171875
ns_lion_650,resnet50_tl_20250829,8,4,212,144,216.0,148.0,134.4756622314453,134.4820098876953,-0.00634765625
ns_lion_650,resnet50_tl_20250829,8,4,212,148,216.0,152.0,134.4756622314453,134.42564392089844,0.050018310546875
ns_lion_650,resnet50_tl_20250829,8,4,212,152,216.0,156.0,134.4756622314453,134.52029418945312,-0.0446319580078125
ns_lion_650,resnet50_tl_20250829,8,4,212,156,216.0,160.0,134.4756622314453,134.43612670898438,0.0395355224609375
ns_lion_650,resnet50_tl_20250829,8,4,212,160,216.0,164.0,134.4756622314453,134.48956298828125,-0.0139007568359375
ns_lion_650,resnet50_tl_20250829,8,4,212,164,216.0,168.0,134.4756622314453,134.43910217285156,0.03656005859375
ns_lion_650,resnet50_tl_20250829,8,4,212,168,216.0,172.0,134.4756622314453,134.52542114257812,-0.0497589111328125
ns_lion_650,resnet50_tl_20250829,8,4,212,172,216.0,176.0,134.4756622314453,134.4739990234375,0.0016632080078125
ns_lion_650,resnet50_tl_20250829,8,4,212,176,216.0,180.0,134.4756622314453,134.5340576171875,-0.0583953857421875
ns_lion_650,resnet50_tl_20250829,8,4,212,180,216.0,184.0,134.4756622314453,134.48504638671875,-0.0093841552734375
ns_lion_650,resnet50_tl_20250829,8,4,212,184,216.0,188.0,134.4756622314453,134.56138610839844,-0.085723876953125
ns_lion_650,resnet50_tl_20250829,8,4,212,188,216.0,192.0,134.4756622314453,134.49612426757812,-0.0204620361328125
ns_lion_650,resnet50_tl_20250829,8,4,212,192,216.0,196.0,134.4756622314453,134.54690551757812,-0.0712432861328125
ns_lion_650,resnet50_tl_20250829,8,4,212,196,216.0,200.0,134.4756622314453,134.49346923828125,-0.0178070068359375
ns_lion_650,resnet50_tl_20250829,8,4,212,200,216.0,204.0,134.4756622314453,134.52903747558594,-0.053375244140625
ns_lion_650,resnet50_tl_20250829,8,4,212,204,216.0,208.0,134.4756622314453,134.49288940429688,-0.0172271728515625
ns_lion_650,resnet50_tl_20250829,8,4,212,208,216.0,212.0,134.4756622314453,134.50881958007812,-0.0331573486328125
ns_lion_650,resnet50_tl_20250829,8,4,212,212,216.0,216.0,134.4756622314453,134.4927978515625,-0.0171356201171875
ns_lion_650,resnet50_tl_20250829,8,4,212,216,216.0,220.0,134.4756622314453,134.4807586669922,-0.005096435546875
ns_lion_650,resnet50_tl_20250829,8,4,216,0,220.0,4.0,134.4756622314453,134.42037963867188,0.0552825927734375
ns_lion_650,resnet50_tl_20250829,8,4,216,4,220.0,8.0,134.4756622314453,134.46612548828125,0.0095367431640625
ns_lion_650,resnet50_tl_20250829,8,4,216,8,220.0,12.0,134.4756622314453,134.51736450195312,-0.0417022705078125
ns_lion_650,resnet50_tl_20250829,8,4,216,12,220.0,16.0,134.4756622314453,134.49720764160156,-0.02154541015625
ns_lion_650,resnet50_tl_20250829,8,4,216,16,220.0,20.0,134.4756622314453,134.44337463378906,0.03228759765625
ns_lion_650,resnet50_tl_20250829,8,4,216,20,220.0,24.0,134.4756622314453,134.40223693847656,0.07342529296875
ns_lion_650,resnet50_tl_20250829,8,4,216,24,220.0,28.0,134.4756622314453,134.40853881835938,0.0671234130859375
ns_lion_650,resnet50_tl_20250829,8,4,216,28,220.0,32.0,134.4756622314453,134.404052734375,0.0716094970703125
ns_lion_650,resnet50_tl_20250829,8,4,216,32,220.0,36.0,134.4756622314453,134.4245147705078,0.0511474609375
ns_lion_650,resnet50_tl_20250829,8,4,216,36,220.0,40.0,134.4756622314453,134.45687866210938,0.0187835693359375
ns_lion_650,resnet50_tl_20250829,8,4,216,40,220.0,44.0,134.4756622314453,134.47418212890625,0.0014801025390625
ns_lion_650,resnet50_tl_20250829,8,4,216,44,220.0,48.0,134.4756622314453,134.46835327148438,0.0073089599609375
ns_lion_650,resnet50_tl_20250829,8,4,216,48,220.0,52.0,134.4756622314453,134.4346923828125,0.0409698486328125
ns_lion_650,resnet50_tl_20250829,8,4,216,52,220.0,56.0,134.4756622314453,134.3989715576172,0.076690673828125
ns_lion_650,resnet50_tl_20250829,8,4,216,56,220.0,60.0,134.4756622314453,134.42764282226562,0.0480194091796875
ns_lion_650,resnet50_tl_20250829,8,4,216,60,220.0,64.0,134.4756622314453,134.46475219726562,0.0109100341796875
ns_lion_650,resnet50_tl_20250829,8,4,216,64,220.0,68.0,134.4756622314453,134.38975524902344,0.085906982421875
ns_lion_650,resnet50_tl_20250829,8,4,216,68,220.0,72.0,134.4756622314453,134.34585571289062,0.1298065185546875
ns_lion_650,resnet50_tl_20250829,8,4,216,72,220.0,76.0,134.4756622314453,134.3101043701172,0.165557861328125
ns_lion_650,resnet50_tl_20250829,8,4,216,76,220.0,80.0,134.4756622314453,134.38084411621094,0.094818115234375
ns_lion_650,resnet50_tl_20250829,8,4,216,80,220.0,84.0,134.4756622314453,134.37301635742188,0.1026458740234375
ns_lion_650,resnet50_tl_20250829,8,4,216,84,220.0,88.0,134.4756622314453,134.37953186035156,0.09613037109375
ns_lion_650,resnet50_tl_20250829,8,4,216,88,220.0,92.0,134.4756622314453,134.4113006591797,0.064361572265625
ns_lion_650,resnet50_tl_20250829,8,4,216,92,220.0,96.0,134.4756622314453,134.42210388183594,0.053558349609375
ns_lion_650,resnet50_tl_20250829,8,4,216,96,220.0,100.0,134.4756622314453,134.44891357421875,0.0267486572265625
ns_lion_650,resnet50_tl_20250829,8,4,216,100,220.0,104.0,134.4756622314453,134.3946990966797,0.080963134765625
ns_lion_650,resnet50_tl_20250829,8,4,216,104,220.0,108.0,134.4756622314453,134.41384887695312,0.0618133544921875
ns_lion_650,resnet50_tl_20250829,8,4,216,108,220.0,112.0,134.4756622314453,134.43724060058594,0.038421630859375
ns_lion_650,resnet50_tl_20250829,8,4,216,112,220.0,116.0,134.4756622314453,134.44664001464844,0.029022216796875
ns_lion_650,resnet50_tl_20250829,8,4,216,116,220.0,120.0,134.4756622314453,134.41436767578125,0.0612945556640625
ns_lion_650,resnet50_tl_20250829,8,4,216,120,220.0,124.0,134.4756622314453,134.43875122070312,0.0369110107421875
ns_lion_650,resnet50_tl_20250829,8,4,216,124,220.0,128.0,134.4756622314453,134.4460906982422,0.029571533203125
ns_lion_650,resnet50_tl_20250829,8,4,216,128,220.0,132.0,134.4756622314453,134.44863891601562,0.0270233154296875
ns_lion_650,resnet50_tl_20250829,8,4,216,132,220.0,136.0,134.4756622314453,134.4077606201172,0.067901611328125
ns_lion_650,resnet50_tl_20250829,8,4,216,136,220.0,140.0,134.4756622314453,134.41635131835938,0.0593109130859375
ns_lion_650,resnet50_tl_20250829,8,4,216,140,220.0,144.0,134.4756622314453,134.45333862304688,0.0223236083984375
ns_lion_650,resnet50_tl_20250829,8,4,216,144,220.0,148.0,134.4756622314453,134.4522247314453,0.0234375
ns_lion_650,resnet50_tl_20250829,8,4,216,148,220.0,152.0,134.4756622314453,134.41665649414062,0.0590057373046875
ns_lion_650,resnet50_tl_20250829,8,4,216,152,220.0,156.0,134.4756622314453,134.45152282714844,0.024139404296875
ns_lion_650,resnet50_tl_20250829,8,4,216,156,220.0,160.0,134.4756622314453,134.4617919921875,0.0138702392578125
ns_lion_650,resnet50_tl_20250829,8,4,216,160,220.0,164.0,134.4756622314453,134.4822235107422,-0.006561279296875
ns_lion_650,resnet50_tl_20250829,8,4,216,164,220.0,168.0,134.4756622314453,134.4402618408203,0.035400390625
ns_lion_650,resnet50_tl_20250829,8,4,216,168,220.0,172.0,134.4756622314453,134.47201538085938,0.0036468505859375
ns_lion_650,resnet50_tl_20250829,8,4,216,172,220.0,176.0,134.4756622314453,134.48623657226562,-0.0105743408203125
ns_lion_650,resnet50_tl_20250829,8,4,216,176,220.0,180.0,134.4756622314453,134.5119171142578,-0.0362548828125
ns_lion_650,resnet50_tl_20250829,8,4,216,180,220.0,184.0,134.4756622314453,134.47010803222656,0.00555419921875
ns_lion_650,resnet50_tl_20250829,8,4,216,184,220.0,188.0,134.4756622314453,134.4998779296875,-0.0242156982421875
ns_lion_650,resnet50_tl_20250829,8,4,216,188,220.0,192.0,134.4756622314453,134.4847869873047,-0.009124755859375
ns_lion_650,resnet50_tl_20250829,8,4,216,192,220.0,196.0,134.4756622314453,134.5149383544922,-0.039276123046875
ns_lion_650,resnet50_tl_20250829,8,4,216,196,220.0,200.0,134.4756622314453,134.4683837890625,0.0072784423828125
ns_lion_650,resnet50_tl_20250829,8,4,216,200,220.0,204.0,134.4756622314453,134.4891357421875,-0.0134735107421875
ns_lion_650,resnet50_tl_20250829,8,4,216,204,220.0,208.0,134.4756622314453,134.48011779785156,-0.00445556640625
ns_lion_650,resnet50_tl_20250829,8,4,216,208,220.0,212.0,134.4756622314453,134.4933319091797,-0.017669677734375
ns_lion_650,resnet50_tl_20250829,8,4,216,212,220.0,216.0,134.4756622314453,134.48489379882812,-0.0092315673828125
ns_lion_650,resnet50_tl_20250829,8,4,216,216,220.0,220.0,134.4756622314453,134.47019958496094,0.005462646484375
